system,T,snap,group,fold,FANC_eVatom,F0_eVatom,dFraw_T0_mean,dFres_eVatom,g_oof,dFcorr_oof_target,dFcorr_pred_backbone_oof,dFres_pred_backbone_oof,Fhat_backbone_oof,error_Fhat_eVatom,abs_error_Fhat_eVatom
Ti64,300,0,Ti64__300,2,-4.79827426,-4.5807798526238015,-0.2175700860176496,7.567864145074932e-05,-0.00020542189047007795,0.00028110053192082727,0.0004455504212643308,0.00024012853079425283,-4.798109810110656,0.00016444988934427585,0.00016444988934427585
Ti64,300,1,Ti64__300,2,-4.79827426,-4.580735675352546,-0.2175700860176496,3.15013701953637e-05,-0.00020542189047007795,0.00023692326066544165,0.0002375879331233897,3.216604265331174e-05,-4.798273595327542,6.646724584058461e-07,6.646724584058461e-07
Ti64,300,2,Ti64__300,2,-4.79827426,-4.580926882165384,-0.2175700860176496,0.0002227081830333,-0.00020542189047007795,0.00042813007350337795,0.0003759270871069135,0.00017050519663683555,-4.798326462986396,-5.220298639585508e-05,5.220298639585508e-05
Ti64,300,3,Ti64__300,2,-4.79827426,-4.580604597961115,-0.2175700860176496,-9.957602123533692e-05,-0.00020542189047007795,0.00010584586923474103,6.201402471615533e-05,-0.00014340786575392262,-4.798318091844519,-4.3831844518393837e-05,4.3831844518393837e-05
Ti64,300,4,Ti64__300,2,-4.79827426,-4.580709170304021,-0.2175700860176496,4.996321670502901e-06,-0.00020542189047007795,0.00021041821214058085,0.00013493423510647118,-7.048765536360677e-05,-4.798349743977034,-7.548397703338594e-05,7.548397703338594e-05
Ti64,300,5,Ti64__300,2,-4.79827426,-4.580634272735374,-0.2175700860176496,-6.990124697703326e-05,-0.00020542189047007795,0.0001355206434930447,6.385147569641124e-05,-0.0001415704147736667,-4.798345929167796,-7.166916779599575e-05,7.166916779599575e-05
Ti64,300,6,Ti64__300,2,-4.79827426,-4.580669041924355,-0.2175700860176496,-3.513205799576813e-05,-0.00020542189047007795,0.00017028983247430982,0.0001376263120161162,-6.779557845396176e-05,-4.7983069235204585,-3.2663520458164896e-05,3.2663520458164896e-05
Ti64,300,7,Ti64__300,2,-4.79827426,-4.580746641522654,-0.2175700860176496,4.2467540303348095e-05,-0.00020542189047007795,0.00024788943077342604,0.0004217990851085828,0.00021637719463850488,-4.798100350345665,0.00017390965433516925,0.00017390965433516925
Ti64,300,8,Ti64__300,2,-4.79827426,-4.580747104326384,-0.2175700860176496,4.293034403290985e-05,-0.00020542189047007795,0.0002483522345029878,0.00010163382853344794,-0.00010378806193663001,-4.79842097840597,-0.00014671840596935937,0.00014671840596935937
Ti64,300,9,Ti64__300,2,-4.79827426,-4.580883214600636,-0.2175700860176496,0.0001790406182852,-0.00020542189047007795,0.00038446250875527794,0.00010083751753810547,-0.00010458437293197248,-4.798557884991217,-0.0002836249912165911,0.0002836249912165911
Ti64,300,10,Ti64__300,2,-4.79827426,-4.580717285400466,-0.2175700860176496,1.3111418115108188e-05,-0.00020542189047007795,0.00021853330858518613,0.0003336222857839094,0.00012820039531383145,-4.798159171022801,0.00011508897719902933,0.00011508897719902933
Ti64,300,11,Ti64__300,2,-4.79827426,-4.580757492249568,-0.2175700860176496,5.331826721766131e-05,-0.00020542189047007795,0.00025874015768773926,0.0004920870616297721,0.0002866651711596942,-4.798040913096058,0.0002333469039426106,0.0002333469039426106
Ti64,300,12,Ti64__300,2,-4.79827426,-4.580880773283026,-0.2175700860176496,0.0001765993006749,-0.00020542189047007795,0.00038202119114497796,0.00011121759374283622,-9.420429672724173e-05,-4.798545063597402,-0.0002708035974015033,0.0002708035974015033
Ti64,300,13,Ti64__300,2,-4.79827426,-4.580688652434084,-0.2175700860176496,-1.5521548266783647e-05,-0.00020542189047007795,0.0001899003422032943,0.0001770185569212273,-2.8403333548850655e-05,-4.798287141785282,-1.2881785282026215e-05,1.2881785282026215e-05
Ti64,300,14,Ti64__300,2,-4.79827426,-4.580754345501699,-0.2175700860176496,5.017151934827435e-05,-0.00020542189047007795,0.0002555934098183523,0.00020532306379510354,-9.882667497440362e-08,-4.798324530346023,-5.0270346022784906e-05,5.0270346022784906e-05
Ti64,300,15,Ti64__300,2,-4.79827426,-4.580855130805365,-0.2175700860176496,0.0001509568230145,-0.00020542189047007795,0.0003563787134845779,0.00020661544512407941,1.1935546540014661e-06,-4.79842402326836,-0.00014976326836002585,0.00014976326836002585
Ti64,300,16,Ti64__300,2,-4.79827426,-4.5808217081007205,-0.2175700860176496,0.0001175341183697,-0.00020542189047007795,0.000322956008839778,0.00037916409376350903,0.00017374220329343108,-4.798218051915076,5.6208084924236346e-05,5.6208084924236346e-05
Ti64,300,17,Ti64__300,2,-4.79827426,-4.580760628304146,-0.2175700860176496,5.6454321795462725e-05,-0.00020542189047007795,0.0002618762122655407,0.0003651061965517537,0.00015968430608167574,-4.798171030015713,0.00010322998428691221,0.00010322998428691221
Ti64,300,18,Ti64__300,2,-4.79827426,-4.580700253999836,-0.2175700860176496,-3.919982515143694e-06,-0.00020542189047007795,0.00020150190795493425,0.00016480241753892073,-4.061947293115722e-05,-4.798310959490416,-3.66994904155149e-05,3.66994904155149e-05
Ti64,300,19,Ti64__300,2,-4.79827426,-4.580756404918523,-0.2175700860176496,5.223093617201524e-05,-0.00020542189047007795,0.0002576528266420932,1.0587547433438884e-05,-0.00019483434303663906,-4.798521325279209,-0.00024706527920859145,0.00024706527920859145
Ti64,300,20,Ti64__300,2,-4.79827426,-4.580637735549552,-0.2175700860176496,-6.643843279852124e-05,-0.00020542189047007795,0.0001389834576715567,0.00019465823673425381,-1.0763653735824133e-05,-4.798218585220937,5.5674779063430435e-05,5.5674779063430435e-05
Ti64,300,21,Ti64__300,2,-4.79827426,-4.580704216677638,-0.2175700860176496,4.269528763867214e-08,-0.00020542189047007795,0.00020546458575771662,0.00022604534798390625,2.0623457513828305e-05,-4.7982536792377735,2.0580762226884985e-05,2.0580762226884985e-05
Ti64,300,22,Ti64__300,2,-4.79827426,-4.580832296804344,-0.2175700860176496,0.000128122821993,-0.00020542189047007795,0.00033354471246307797,1.927392693361619e-05,-0.00018614796353646175,-4.79858853078553,-0.0003142707855294802,0.0003142707855294802
Ti64,300,23,Ti64__300,2,-4.79827426,-4.580627220394482,-0.2175700860176496,-7.69535878687444e-05,-0.00020542189047007795,0.00012846830260133355,7.431476886965727e-05,-0.0001311071216004207,-4.798328413533731,-5.415353373106058e-05,5.415353373106058e-05
Ti64,300,24,Ti64__300,2,-4.79827426,-4.5807696546583925,-0.2175700860176496,6.548067604172925e-05,-0.00020542189047007795,0.0002709025665118072,-6.045623621009609e-05,-0.00026587812668017405,-4.798605618802722,-0.00033135880272183726,0.00033135880272183726
Ti64,300,25,Ti64__300,2,-4.79827426,-4.580675080542513,-0.2175700860176496,-2.9093439837368784e-05,-0.00020542189047007795,0.00017632845063270916,6.399251058862107e-05,-0.00014142937988145688,-4.798386595940044,-0.00011233594004345093,0.00011233594004345093
Ti64,300,26,Ti64__300,2,-4.79827426,-4.580576915938579,-0.2175700860176496,-0.0001272580437717,-0.00020542189047007795,7.816384669837796e-05,0.00021971628437919365,1.4294393909115703e-05,-4.798132707562319,0.0001415524376815469,0.0001415524376815469
Ti64,300,27,Ti64__300,2,-4.79827426,-4.580747300676452,-0.2175700860176496,4.312669410155845e-05,-0.00020542189047007795,0.0002485485845716364,-4.489649165262764e-05,-0.0002503183821227056,-4.798567705076224,-0.00029344507622397487,0.00029344507622397487
Ti64,300,28,Ti64__300,2,-4.79827426,-4.580725830451603,-0.2175700860176496,2.165646925200715e-05,-0.00020542189047007795,0.0002270783597220851,-8.721625570308012e-06,-0.00021414351604038596,-4.798510059985293,-0.00023579998529221768,0.00023579998529221768
Ti64,300,29,Ti64__300,2,-4.79827426,-4.580593100473803,-0.2175700860176496,-0.0001110735085477,-0.00020542189047007795,9.434838192237795e-05,2.9341173606731884e-05,-0.00017608071686334606,-4.798339267208315,-6.50072083150377e-05,6.50072083150377e-05
Ti64,300,30,Ti64__300,2,-4.79827426,-4.580636587667068,-0.2175700860176496,-6.758631528269721e-05,-0.00020542189047007795,0.00013783557518738074,0.00011941638839792937,-8.600550207214857e-05,-4.7982926791867895,-1.841918678913146e-05,1.841918678913146e-05
Ti64,300,31,Ti64__300,2,-4.79827426,-4.580821865005838,-0.2175700860176496,0.0001176910234871,-0.00020542189047007795,0.0003231129139571779,0.0002403590123456225,3.493712187554456e-05,-4.798357013901612,-8.27539016112766e-05,8.27539016112766e-05
Ti64,300,32,Ti64__300,2,-4.79827426,-4.580683755136554,-0.2175700860176496,-2.041884579695452e-05,-0.00020542189047007795,0.00018500304467312343,0.0003545504389488266,0.00014912854847874864,-4.798104712605724,0.0001695473942762149,0.0001695473942762149
Ti64,300,33,Ti64__300,2,-4.79827426,-4.580631992255259,-0.2175700860176496,-7.218172709200221e-05,-0.00020542189047007795,0.00013324016337807574,0.00019412485572487282,-1.1297034745205123e-05,-4.798213375307653,6.0884692347329405e-05,6.0884692347329405e-05
Ti64,300,34,Ti64__300,2,-4.79827426,-4.580702432411183,-0.2175700860176496,-1.741571167834799e-06,-0.00020542189047007795,0.00020368031930224315,0.0005730939306228573,0.00036767204015277936,-4.797904846388679,0.0003694136113212565,0.0003694136113212565
Ti64,300,35,Ti64__300,2,-4.79827426,-4.58078213044338,-0.2175700860176496,7.795646102903842e-05,-0.00020542189047007795,0.00028337835149911636,0.00038555161323323474,0.0001801297227631568,-4.798172086738266,0.0001021732617347837,0.0001021732617347837
Ti64,300,36,Ti64__300,2,-4.79827426,-4.58070780702136,-0.2175700860176496,3.633039009520722e-06,-0.00020542189047007795,0.00020905492947959867,0.00021498266692588272,9.560776455804773e-06,-4.798268332262554,5.9277374466759625e-06,5.9277374466759625e-06
Ti64,300,37,Ti64__300,2,-4.79827426,-4.580739513550768,-0.2175700860176496,3.533956841683672e-05,-0.00020542189047007795,0.00024076145888691467,0.0005300521846970852,0.0003246302942270073,-4.79798496927419,0.0002892907258100763,0.0002892907258100763
Ti64,300,38,Ti64__300,2,-4.79827426,-4.580765392242391,-0.2175700860176496,6.121826004024111e-05,-0.00020542189047007795,0.00026664015051031906,0.00024388683724896774,3.846494677888979e-05,-4.798297013313261,-2.2753313261070218e-05,2.2753313261070218e-05
Ti64,300,39,Ti64__300,2,-4.79827426,-4.58074039552841,-0.2175700860176496,3.622154605886774e-05,-0.00020542189047007795,0.00024164343652894569,0.00037858615512176925,0.0001731642646516913,-4.798137317281407,0.00013694271859332474,0.00013694271859332474
Ti64,300,40,Ti64__300,2,-4.79827426,-4.580772953882247,-0.2175700860176496,6.877989989584332e-05,-0.00020542189047007795,0.00027420179036592127,0.0004924471772937559,0.0002870252868236779,-4.798056014613072,0.00021824538692793993,0.00021824538692793993
Ti64,300,41,Ti64__300,2,-4.79827426,-4.580595819023825,-0.2175700860176496,-0.0001083549585253,-0.00020542189047007795,9.706693194477795e-05,0.00039796256678457036,0.00019254067631449242,-4.79797336436516,0.00030089563484025916,0.00030089563484025916
Ti64,300,42,Ti64__300,2,-4.79827426,-4.58056892395996,-0.2175700860176496,-0.0001352500223911,-0.00020542189047007795,7.017186807897795e-05,0.00015397296952597285,-5.14489209441051e-05,-4.798190458898553,8.3801101447456e-05,8.3801101447456e-05
Ti64,300,43,Ti64__300,2,-4.79827426,-4.580648958238676,-0.2175700860176496,-5.5215743674730255e-05,-0.00020542189047007795,0.0001502061467953477,0.00032700149651062926,0.00012157960604055132,-4.798097464650285,0.00017679534971559718,0.00017679534971559718
Ti64,300,44,Ti64__300,2,-4.79827426,-4.5805573373192265,-0.2175700860176496,-0.0001468366631242,-0.00020542189047007795,5.858522734587796e-05,0.0002765624429609204,7.114055249084244e-05,-4.798056282784385,0.0002179772156152282,0.0002179772156152282
Ti64,300,45,Ti64__300,2,-4.79827426,-4.580682964544718,-0.2175700860176496,-2.120943763250782e-05,-0.00020542189047007795,0.00018421245283757013,0.00031886062168528904,0.0001134387312152111,-4.798139611831152,0.0001346481688484502,0.0001346481688484502
Ti64,300,46,Ti64__300,2,-4.79827426,-4.580489744197921,-0.2175700860176496,-0.0002144297844296,-0.00020542189047007795,-9.007893959522053e-06,0.00029588035649666996,9.045846602659201e-05,-4.797969371749544,0.00030488825045615897,0.00030488825045615897
Ti64,300,47,Ti64__300,2,-4.79827426,-4.5807484025243825,-0.2175700860176496,4.422854203178783e-05,-0.00020542189047007795,0.0002496504325018658,0.0001860435322579413,-1.9378358212136646e-05,-4.798337866900244,-6.360690024376225e-05,6.360690024376225e-05
Ti64,300,48,Ti64__300,2,-4.79827426,-4.580678812960495,-0.2175700860176496,-2.5361021855574428e-05,-0.00020542189047007795,0.00018006086861450352,0.00023104567273758003,2.5623782267502086e-05,-4.798223275195877,5.0984804123466176e-05,5.0984804123466176e-05
Ti64,300,49,Ti64__300,2,-4.79827426,-4.580752601491293,-0.2175700860176496,4.842750894196168e-05,-0.00020542189047007795,0.00025384939941203963,0.00026440241173952025,5.8980521269442305e-05,-4.798263706987672,1.0553012327996214e-05,1.0553012327996214e-05
Ti64,300,50,Ti64__300,2,-4.79827426,-4.580728891983628,-0.2175700860176496,2.4718001277235224e-05,-0.00020542189047007795,0.00023013989174731317,0.0003120770467257741,0.00010665515625569614,-4.798192322845021,8.193715497917253e-05,8.193715497917253e-05
Ti64,300,51,Ti64__300,2,-4.79827426,-4.580681242598478,-0.2175700860176496,-2.2931383872326627e-05,-0.00020542189047007795,0.00018249050659775132,0.0003480241048490698,0.00014260221437899185,-4.798108726401749,0.00016553359825177694,0.00016553359825177694
Ti64,300,52,Ti64__300,2,-4.79827426,-4.580877402640547,-0.2175700860176496,0.000173228658196,-0.00020542189047007795,0.00037865054866607797,0.00021498184962432095,9.559959154243003e-06,-4.798437928699042,-0.00016366869904160808,0.00016366869904160808
Ti64,300,53,Ti64__300,2,-4.79827426,-4.580661350329687,-0.2175700860176496,-4.2823652663614986e-05,-0.00020542189047007795,0.00016259823780646296,9.851749357437555e-05,-0.0001069043968957024,-4.798338340744232,-6.40807442318092e-05,6.40807442318092e-05
Ti64,300,54,Ti64__300,2,-4.79827426,-4.5807706700870465,-0.2175700860176496,6.649610469577905e-05,-0.00020542189047007795,0.000271917995165857,0.0005435201540267519,0.00033809826355667394,-4.798002657841139,0.0002716021588611284,0.0002716021588611284
Ti64,300,55,Ti64__300,2,-4.79827426,-4.580642789942595,-0.2175700860176496,-6.138403975575191e-05,-0.00020542189047007795,0.00014403785071432604,-4.487402836295061e-05,-0.00025029591883302853,-4.798463171879077,-0.00018891187907676965,0.00018891187907676965
Ti64,300,56,Ti64__300,2,-4.79827426,-4.580909423588326,-0.2175700860176496,0.0002052496059755,-0.00020542189047007795,0.00041067149644557794,1.9769565229385767e-05,-0.00018565232524069217,-4.798665161931217,-0.0003909019312162698,0.0003909019312162698
Ti64,300,57,Ti64__300,2,-4.79827426,-4.580727176432096,-0.2175700860176496,2.300244974529075e-05,-0.00020542189047007795,0.0002284243402153687,0.00037076435871869325,0.0001653424682486153,-4.798131919981497,0.00014234001850343958,0.00014234001850343958
Ti64,300,58,Ti64__300,2,-4.79827426,-4.580841574085029,-0.2175700860176496,0.000137400102678,-0.00020542189047007795,0.000342821993148078,0.0005001630013622073,0.00029474111089212936,-4.798116918991786,0.00015734100821429564,0.00015734100821429564
Ti64,300,59,Ti64__300,2,-4.79827426,-4.5806716074936435,-0.2175700860176496,-3.256648870719747e-05,-0.00020542189047007795,0.00017285540176288048,0.00011746554866194628,-8.795634180813167e-05,-4.798329649853101,-5.5389853100606956e-05,5.5389853100606956e-05
Ti64,300,60,Ti64__300,2,-4.79827426,-4.580475680500232,-0.2175700860176496,-0.0002284934821187,-0.00020542189047007795,-2.3071591648622045e-05,0.0002864270626723721,8.100517220229413e-05,-4.797964761345679,0.00030949865432106094,0.00030949865432106094
Ti64,300,61,Ti64__300,2,-4.79827426,-4.580563835102292,-0.2175700860176496,-0.0001403388800588,-0.00020542189047007795,6.508301041127795e-05,0.0002993777549878252,9.395586451774727e-05,-4.798039965255423,0.00023429474457703492,0.00023429474457703492
Ti64,300,62,Ti64__300,2,-4.79827426,-4.580602544663888,-0.2175700860176496,-0.0001016293184626,-0.00020542189047007795,0.00010379257200747795,0.0003054180230306838,9.999613256060587e-05,-4.798072634548976,0.000201625451023979,0.000201625451023979
Ti64,300,63,Ti64__300,2,-4.79827426,-4.580679657414636,-0.2175700860176496,-2.4516567715182624e-05,-0.00020542189047007795,0.00018090532275489532,0.000293832786139567,8.841089566948907e-05,-4.7981613325366155,0.00011292746338487092,0.00011292746338487092
Ti64,300,64,Ti64__300,2,-4.79827426,-4.580846982100691,-0.2175700860176496,0.0001428081183399,-0.00020542189047007795,0.00034823000880997797,-0.0002025498748202304,-0.00040797176529030837,-4.7988250398836305,-0.0005507798836301703,0.0005507798836301703
Ti64,300,65,Ti64__300,2,-4.79827426,-4.580612459418928,-0.2175700860176496,-9.171456342260688e-05,-0.00020542189047007795,0.00011370732704747107,0.0002222606287744816,1.6838738304403647e-05,-4.798165706698273,0.00010855330172709898,0.00010855330172709898
Ti64,300,66,Ti64__300,2,-4.79827426,-4.580622781257659,-0.2175700860176496,-8.139272469132042e-05,-0.00020542189047007795,0.00012402916577875753,0.00020073680302449973,-4.685087445578217e-06,-4.798197552362755,7.670763724565433e-05,7.670763724565433e-05
Ti64,300,67,Ti64__300,2,-4.79827426,-4.580732422557208,-0.2175700860176496,2.824857485739241e-05,-0.00020542189047007795,0.00023367046532747035,0.0002788890184491225,7.346712797904454e-05,-4.798229041446878,4.5218553122339245e-05,4.5218553122339245e-05
Ti64,300,68,Ti64__300,2,-4.79827426,-4.580855632550843,-0.2175700860176496,0.0001514585684926,-0.00020542189047007795,0.00035688045896267793,0.0004901350403334717,0.0002847131498633938,-4.798141005418629,0.00013325458137103396,0.00013325458137103396
Ti64,300,69,Ti64__300,2,-4.79827426,-4.580806526361437,-0.2175700860176496,0.0001023523790862,-0.00020542189047007795,0.00030777426955627793,5.45619421186191e-05,-0.00015085994835145885,-4.798527472327438,-0.00025321232743724664,0.00025321232743724664
Ti64,300,70,Ti64__300,2,-4.79827426,-4.580650480211539,-0.2175700860176496,-5.3693770811436e-05,-0.00020542189047007795,0.00015172811965864194,0.0001677249227614272,-3.769696770865075e-05,-4.798258263196897,1.599680310349072e-05,1.599680310349072e-05
Ti64,300,71,Ti64__300,2,-4.79827426,-4.580559720926236,-0.2175700860176496,-0.0001444530561146,-0.00020542189047007795,6.096883435547794e-05,0.00028646070604787744,8.103881557779949e-05,-4.798048768128307,0.00022549187169307316,0.00022549187169307316
Ti64,300,72,Ti64__300,2,-4.79827426,-4.580575492795599,-0.2175700860176496,-0.0001286811867521,-0.00020542189047007795,7.674070371797796e-05,0.0004970915183334163,0.00029166962786333835,-4.797853909185385,0.0004203508146156665,0.0004203508146156665
Ti64,300,73,Ti64__300,2,-4.79827426,-4.580736461800233,-0.2175700860176496,3.2287817881893055e-05,-0.00020542189047007795,0.000237709708351971,0.00015679920436317807,-4.8622686106899874e-05,-4.798355170503989,-8.091050398828514e-05,8.091050398828514e-05
Ti64,300,74,Ti64__300,2,-4.79827426,-4.580717433635733,-0.2175700860176496,1.3259653381836324e-05,-0.00020542189047007795,0.00021868154385191427,0.00010533953466905469,-0.00010008235580102326,-4.798387602009183,-0.00011334200918255988,0.00011334200918255988
Ti64,300,75,Ti64__300,2,-4.79827426,-4.580666173777982,-0.2175700860176496,-3.800020436861562e-05,-0.00020542189047007795,0.00016742168610146233,0.0003069758183459877,0.00010155392787590973,-4.7981347058677555,0.0001395541322448679,0.0001395541322448679
Ti64,300,76,Ti64__300,2,-4.79827426,-4.580640383962542,-0.2175700860176496,-6.379001980916232e-05,-0.00020542189047007795,0.00014163187066091562,0.00012719762671417205,-7.82242637559059e-05,-4.798288694243947,-1.4434243946759295e-05,1.4434243946759295e-05
Ti64,300,77,Ti64__300,2,-4.79827426,-4.580576113467358,-0.2175700860176496,-0.0001280605149928,-0.00020542189047007795,7.736137547727795e-05,0.0005100506701065273,0.00030462877963644935,-4.797841570705371,0.00043268929462936256,0.00043268929462936256
Ti64,300,78,Ti64__300,2,-4.79827426,-4.580759490124691,-0.2175700860176496,5.5316142339889574e-05,-0.00020542189047007795,0.0002607380328099675,0.00014168015224035478,-6.374173822972317e-05,-4.79839331788057,-0.00011905788056942868,0.00011905788056942868
Ti64,300,79,Ti64__300,2,-4.79827426,-4.580719843328785,-0.2175700860176496,1.566934643404405e-05,-0.00020542189047007795,0.000221091236904122,-4.461055144035852e-05,-0.0002500324419104365,-4.798539961788345,-0.00026570178834450786,0.00026570178834450786
Ti64,300,80,Ti64__300,2,-4.79827426,-4.58074008345534,-0.2175700860176496,3.5909472989259505e-05,-0.00020542189047007795,0.00024133136345933745,0.00010305975936742422,-0.00010236213110265372,-4.798412531604092,-0.00013827160409185524,0.00013827160409185524
Ti64,300,81,Ti64__300,2,-4.79827426,-4.580679086499757,-0.2175700860176496,-2.5087482594110533e-05,-0.00020542189047007795,0.00018033440787596741,0.00038387041632279847,0.00017844852585272052,-4.798070723991553,0.00020353600844735809,0.00020353600844735809
Ti64,300,82,Ti64__300,2,-4.79827426,-4.580685994529652,-0.2175700860176496,-1.8179452698441345e-05,-0.00020542189047007795,0.0001872424377716366,7.834671638742971e-05,-0.00012707517408264824,-4.7983831557213845,-0.00010889572138417236,0.00010889572138417236
Ti64,300,83,Ti64__300,2,-4.79827426,-4.580457292855577,-0.2175700860176496,-0.0002468811267736,-0.00020542189047007795,-4.1459236303522035e-05,0.00032581187782866996,0.00012038998735859201,-4.797906988885868,0.00036727111413270563,0.00036727111413270563
Ti64,300,84,Ti64__300,2,-4.79827426,-4.580675186715079,-0.2175700860176496,-2.898726727151857e-05,-0.00020542189047007795,0.00017643462319855938,7.22117652791032e-05,-0.00013321012519097475,-4.7983784828579195,-0.00010422285791911179,0.00010422285791911179
Ti64,300,85,Ti64__300,2,-4.79827426,-4.58076543095591,-0.2175700860176496,6.125697355885418e-05,-0.00020542189047007795,0.0002666788640289321,0.0005174456604557907,0.00031202376998571275,-4.798023493203573,0.0002507667964275484,0.0002507667964275484
Ti64,300,86,Ti64__300,2,-4.79827426,-4.580701270451583,-0.2175700860176496,-2.903530767484064e-06,-0.00020542189047007795,0.00020251835970259388,0.0003417526495401649,0.00013633075907008694,-4.798135025710162,0.00013923428983808606,0.00013923428983808606
Ti64,300,87,Ti64__300,2,-4.79827426,-4.580805319215426,-0.2175700860176496,0.0001011452330755,-0.00020542189047007795,0.00030656712354557795,0.00043178966647725047,0.00022636777600717252,-4.798149037457068,0.00012522254293223511,0.00012522254293223511
Ti64,300,88,Ti64__300,2,-4.79827426,-4.580651340367342,-0.2175700860176496,-5.283361500885153e-05,-0.00020542189047007795,0.00015258827546122642,0.000305803545749221,0.00010038165527914304,-4.7981210447297125,0.0001532152702878875,0.0001532152702878875
Ti64,300,89,Ti64__300,2,-4.79827426,-4.580775572040833,-0.2175700860176496,7.139805848266345e-05,-0.00020542189047007795,0.0002768199489527414,0.0003605977011230638,0.00015517581065298584,-4.79819048224783,8.377775217027761e-05,8.377775217027761e-05
Ti64,300,90,Ti64__300,2,-4.79827426,-4.580781714544993,-0.2175700860176496,7.754056264219766e-05,-0.00020542189047007795,0.0002829624531122756,0.0002522661691526867,4.684427868260877e-05,-4.7983049562839595,-3.069628395913071e-05,3.069628395913071e-05
Ti64,300,91,Ti64__300,2,-4.79827426,-4.580607681854985,-0.2175700860176496,-9.649212736617674e-05,-0.00020542189047007795,0.00010892976310390121,0.000562359875697313,0.000356937985227235,-4.7978208298874065,0.00045343011259380006,0.00045343011259380006
Ti64,300,92,Ti64__300,2,-4.79827426,-4.580671390216507,-0.2175700860176496,-3.2783765843924506e-05,-0.00020542189047007795,0.00017263812462615344,0.00042882864710019344,0.0002234067566301155,-4.798018069477526,0.0002561905224744976,0.0002561905224744976
Ti64,300,93,Ti64__300,2,-4.79827426,-4.580597957022349,-0.2175700860176496,-0.0001062169600013,-0.00020542189047007795,9.920493046877795e-05,0.0003287118191673344,0.00012328992869725647,-4.798044753111301,0.00022950688869904923,0.00022950688869904923
Ti64,300,94,Ti64__300,2,-4.79827426,-4.580753979969859,-0.2175700860176496,4.980598750792264e-05,-0.00020542189047007795,0.0002552278779780006,0.0001235685535521952,-8.185333691788276e-05,-4.798405919324426,-0.00013165932442582573,0.00013165932442582573
Ti64,300,95,Ti64__300,2,-4.79827426,-4.580665932916008,-0.2175700860176496,-3.824106634253699e-05,-0.00020542189047007795,0.00016718082412754096,5.845414287619663e-05,-0.00014696774759388132,-4.7983829866812515,-0.00010872668125117002,0.00010872668125117002
Ti64,300,96,Ti64__300,2,-4.79827426,-4.580729654618395,-0.2175700860176496,2.5480636044128424e-05,-0.00020542189047007795,0.00023090252651420637,-2.2078306654833584e-05,-0.00022750019712491153,-4.798527240833169,-0.0002529808331690475,0.0002529808331690475
Ti64,300,97,Ti64__300,2,-4.79827426,-4.580509711049679,-0.2175700860176496,-0.0001944629326718,-0.00020542189047007795,1.0958957798277958e-05,6.403587407968247e-05,-0.00014138601639039546,-4.798221183083719,5.30769162816469e-05,5.30769162816469e-05
Ti64,300,98,Ti64__300,2,-4.79827426,-4.580744564302232,-0.2175700860176496,4.039031988101183e-05,-0.00020542189047007795,0.0002458122103510898,-6.489511765620288e-05,-0.00027031700812628085,-4.798584967328007,-0.000310707328006643,0.000310707328006643
Ti64,300,99,Ti64__300,2,-4.79827426,-4.580779119427969,-0.2175700860176496,7.494544561781336e-05,-0.00020542189047007795,0.0002803673360878913,-0.00014701073487957006,-0.000352432625349648,-4.798701638070967,-0.00042737807096671077,0.00042737807096671077
Ti64,400,0,Ti64__400,1,-4.83216935,-4.517025674993572,-0.2175700860176496,-0.0975735889887779,-0.09682015828765968,-0.0007534307011182184,-0.001237380255588569,-0.09805753854324825,-4.83265329955447,-0.0004839495544697314,0.0004839495544697314
Ti64,400,1,Ti64__400,1,-4.83216935,-4.517272849666091,-0.2175700860176496,-0.0973264143162589,-0.09682015828765968,-0.0005062560285992168,-0.0008816847354812826,-0.09770184302314096,-4.832544778706882,-0.00037542870688156427,0.00037542870688156427
Ti64,400,2,Ti64__400,1,-4.83216935,-4.517355787816868,-0.2175700860176496,-0.0972434761654824,-0.09682015828765968,-0.0004233178778227237,-0.0008925085340379324,-0.09771266682169762,-4.832638540656215,-0.0004691906562150905,0.0004691906562150905
Ti64,400,3,Ti64__400,1,-4.83216935,-4.517016146687023,-0.2175700860176496,-0.0975831172953271,-0.09682015828765968,-0.0007629590076674159,-0.0012741609811209556,-0.09809431926878064,-4.8326805519734535,-0.0005112019734534456,0.0005112019734534456
Ti64,400,4,Ti64__400,1,-4.83216935,-4.517033482947223,-0.2175700860176496,-0.0975657810351272,-0.09682015828765968,-0.0007456227474675198,-0.001539946956497563,-0.09836010524415724,-4.832963674209029,-0.0007943242090293623,0.0007943242090293623
Ti64,400,5,Ti64__400,1,-4.83216935,-4.5171314472814705,-0.2175700860176496,-0.0974678167008799,-0.09682015828765968,-0.0006476584132202173,-0.0012231546616038758,-0.09804331294926355,-4.832744846248383,-0.0005754962483832671,0.0005754962483832671
Ti64,400,6,Ti64__400,1,-4.83216935,-4.517187098464225,-0.2175700860176496,-0.0974121655181253,-0.09682015828765968,-0.0005920072304656243,-0.001169318355328317,-0.09798947664298799,-4.832746661124863,-0.0005773111248625895,0.0005773111248625895
Ti64,400,7,Ti64__400,1,-4.83216935,-4.517111606322654,-0.2175700860176496,-0.0974876576596962,-0.09682015828765968,-0.0006674993720365285,-0.0014671048299102225,-0.0982872631175699,-4.832968955457873,-0.0007996054578729428,0.0007996054578729428
Ti64,400,8,Ti64__400,1,-4.83216935,-4.517196487979875,-0.2175700860176496,-0.097402776002475,-0.09682015828765968,-0.0005826177148153255,-0.0014974608118746575,-0.09831761909953433,-4.833084193097059,-0.0009148430970586929,0.0009148430970586929
Ti64,400,9,Ti64__400,1,-4.83216935,-4.5172397590039415,-0.2175700860176496,-0.0973595049784089,-0.09682015828765968,-0.0005393466907492178,-0.0008536152889234724,-0.09767377357658315,-4.832483618598174,-0.0003142685981742943,0.0003142685981742943
Ti64,400,10,Ti64__400,1,-4.83216935,-4.5171378365022195,-0.2175700860176496,-0.0974614274801309,-0.09682015828765968,-0.0006412691924712194,-0.0009239796244543346,-0.09774413791211402,-4.832452060431983,-0.00028271043198291324,0.00028271043198291324
Ti64,400,11,Ti64__400,1,-4.83216935,-4.517101545154919,-0.2175700860176496,-0.0974977188274316,-0.09682015828765968,-0.0006775605397719292,-0.00143330192146828,-0.09825346020912795,-4.832925091381696,-0.0007557413816963177,0.0007557413816963177
Ti64,400,12,Ti64__400,1,-4.83216935,-4.517198958205464,-0.2175700860176496,-0.0974003057768865,-0.09682015828765968,-0.0005801474892268288,-0.0015232030308602875,-0.09834336131851996,-4.833112405541633,-0.0009430555416329867,0.0009430555416329867
Ti64,400,13,Ti64__400,1,-4.83216935,-4.516831631650412,-0.2175700860176496,-0.0977676323319386,-0.09682015828765968,-0.0009474740442789176,-0.001911799834965152,-0.09873195812262484,-4.833133675790686,-0.0009643257906857272,0.0009643257906857272
Ti64,400,14,Ti64__400,1,-4.83216935,-4.517274359120908,-0.2175700860176496,-0.0973249048614427,-0.09682015828765968,-0.0005047465737830215,-0.0013321711324960762,-0.09815232942015575,-4.832996774558713,-0.0008274245587127638,0.0008274245587127638
Ti64,400,15,Ti64__400,1,-4.83216935,-4.516917423806927,-0.2175700860176496,-0.0976818401754237,-0.09682015828765968,-0.0008616818877640181,-0.0015186709028607499,-0.09833882919052042,-4.832826339015097,-0.0006569890150966984,0.0006569890150966984
Ti64,400,16,Ti64__400,1,-4.83216935,-4.517238664071174,-0.2175700860176496,-0.0973605999111765,-0.09682015828765968,-0.0005404416235168241,-0.0010790195691458091,-0.09789917785680549,-4.832707927945629,-0.0005385779456288375,0.0005385779456288375
Ti64,400,17,Ti64__400,1,-4.83216935,-4.517348862552608,-0.2175700860176496,-0.0972504014297422,-0.09682015828765968,-0.0004302431420825231,-0.0013380336256580423,-0.09815819191331772,-4.833077140483575,-0.0009077904835752548,0.0009077904835752548
Ti64,400,18,Ti64__400,1,-4.83216935,-4.51728791028813,-0.2175700860176496,-0.0973113536942206,-0.09682015828765968,-0.0004911954065609236,-0.0011321918744848032,-0.09795235016214449,-4.832810346467924,-0.0006409964679239266,0.0006409964679239266
Ti64,400,19,Ti64__400,1,-4.83216935,-4.517143591751575,-0.2175700860176496,-0.0974556722307756,-0.09682015828765968,-0.0006355139431159229,-0.0013029690451848612,-0.09812312733284453,-4.832836805102069,-0.0006674551020688924,0.0006674551020688924
Ti64,400,20,Ti64__400,1,-4.83216935,-4.517192231480506,-0.2175700860176496,-0.097407032501844,-0.09682015828765968,-0.0005868742141843242,-0.0013851916044822503,-0.09820534989214193,-4.832967667390298,-0.0007983173902976759,0.0007983173902976759
Ti64,400,21,Ti64__400,1,-4.83216935,-4.517352844227188,-0.2175700860176496,-0.097246419755162,-0.09682015828765968,-0.00042626146750232574,-0.001284706663024812,-0.09810486495068449,-4.833027795195522,-0.0008584451955222505,0.0008584451955222505
Ti64,400,22,Ti64__400,1,-4.83216935,-4.517101355599365,-0.2175700860176496,-0.0974979083829851,-0.09682015828765968,-0.000677750095325419,-0.001371618271729661,-0.09819177655938933,-4.832863218176404,-0.0006938681764037113,0.0006938681764037113
Ti64,400,23,Ti64__400,1,-4.83216935,-4.5170817927128235,-0.2175700860176496,-0.0975174712695269,-0.09682015828765968,-0.000697312981867218,-0.0013256032527945367,-0.09814576154045421,-4.832797640270927,-0.0006282902709271454,0.0006282902709271454
Ti64,400,24,Ti64__400,1,-4.83216935,-4.517222829308743,-0.2175700860176496,-0.0973764346736075,-0.09682015828765968,-0.0005562763859478237,-0.0010513254105964614,-0.09787148369825614,-4.832664399024648,-0.0004950490246482531,0.0004950490246482531
Ti64,400,25,Ti64__400,1,-4.83216935,-4.517182288903265,-0.2175700860176496,-0.0974169750790855,-0.09682015828765968,-0.0005968167914258277,-0.0014002257280145926,-0.09822038401567428,-4.832972758936588,-0.0008034089365880348,0.0008034089365880348
Ti64,400,26,Ti64__400,1,-4.83216935,-4.517169655922797,-0.2175700860176496,-0.0974296080595534,-0.09682015828765968,-0.0006094497718937275,-0.001078940598216481,-0.09789909888587615,-4.832638840826323,-0.00046949082632252725,0.00046949082632252725
Ti64,400,27,Ti64__400,1,-4.83216935,-4.517334724621161,-0.2175700860176496,-0.0972645393611891,-0.09682015828765968,-0.00044438107352942624,-0.001190637378599244,-0.09801079566625892,-4.832915606305069,-0.0007462563050690818,0.0007462563050690818
Ti64,400,28,Ti64__400,1,-4.83216935,-4.517061798483667,-0.2175700860176496,-0.0975374654986837,-0.09682015828765968,-0.0007173072110240181,-0.0014743359326882222,-0.0982944942203479,-4.832926378721664,-0.0007570287216642768,0.0007570287216642768
Ti64,400,29,Ti64__400,1,-4.83216935,-4.517258910588954,-0.2175700860176496,-0.0973403533933968,-0.09682015828765968,-0.0005201951057371285,-0.001547471310563554,-0.09836762959822323,-4.833196626204826,-0.0010272762048257889,0.0010272762048257889
Ti64,400,30,Ti64__400,1,-4.83216935,-4.517198175910514,-0.2175700860176496,-0.0974010880718362,-0.09682015828765968,-0.0005809297841765232,-0.0014088222731644324,-0.0982289805608241,-4.832997242488988,-0.0008278924889877359,0.0008278924889877359
Ti64,400,31,Ti64__400,1,-4.83216935,-4.517101372876311,-0.2175700860176496,-0.097497891106039,-0.09682015828765968,-0.000677732818379323,-0.001061283194231713,-0.09788144148189139,-4.832552900375852,-0.0003835503758518044,0.0003835503758518044
Ti64,400,32,Ti64__400,1,-4.83216935,-4.517205861163246,-0.2175700860176496,-0.0973934028191042,-0.09682015828765968,-0.0005732445314445278,-0.0012663989625700876,-0.09808655725022976,-4.832862504431125,-0.0006931544311248317,0.0006931544311248317
Ti64,400,33,Ti64__400,1,-4.83216935,-4.517167039723954,-0.2175700860176496,-0.0974322242583968,-0.09682015828765968,-0.0006120659707371245,-0.0015374316291362198,-0.0983575899167959,-4.833094715658399,-0.0009253656583991798,0.0009253656583991798
Ti64,400,34,Ti64__400,1,-4.83216935,-4.517115218906072,-0.2175700860176496,-0.097484045076278,-0.09682015828765968,-0.0006638867886183258,-0.0012480789144496995,-0.09806823720210937,-4.832753542125831,-0.0005841921258307181,0.0005841921258307181
Ti64,400,35,Ti64__400,1,-4.83216935,-4.516926451172027,-0.2175700860176496,-0.0976728128103238,-0.09682015828765968,-0.0008526545226641286,-0.0009935896706661513,-0.09781374795832583,-4.832310285148002,-0.00014093514800173068,0.00014093514800173068
Ti64,400,36,Ti64__400,1,-4.83216935,-4.517253011555943,-0.2175700860176496,-0.0973462524264073,-0.09682015828765968,-0.0005260941387476292,-0.0008584964876464767,-0.09767865477530616,-4.8325017523488984,-0.0003324023488984196,0.0003324023488984196
Ti64,400,37,Ti64__400,1,-4.83216935,-4.5173425367850575,-0.2175700860176496,-0.0972567271972929,-0.09682015828765968,-0.00043656890963322814,-0.0012751766191498241,-0.0980953349068095,-4.833007957709516,-0.0008386077095163813,0.0008386077095163813
Ti64,400,38,Ti64__400,1,-4.83216935,-4.51708404606407,-0.2175700860176496,-0.09751521791828,-0.09682015828765968,-0.0006950596306203177,-0.0007759614554307241,-0.0975961197430904,-4.83225025182481,-8.090182481002017e-05,8.090182481002017e-05
Ti64,400,39,Ti64__400,1,-4.83216935,-4.517116772408336,-0.2175700860176496,-0.0974824915740143,-0.09682015828765968,-0.0006623332863546216,-0.001486131429834866,-0.09830628971749454,-4.83299314814348,-0.0008237981434797703,0.0008237981434797703
Ti64,400,40,Ti64__400,1,-4.83216935,-4.517070781802328,-0.2175700860176496,-0.0975284821800223,-0.09682015828765968,-0.000708323892362625,-0.0013514162554033357,-0.09817157454306301,-4.83281244236304,-0.0006430923630400542,0.0006430923630400542
Ti64,400,41,Ti64__400,1,-4.83216935,-4.517074312831503,-0.2175700860176496,-0.0975249511508474,-0.09682015828765968,-0.0007047928631877254,-0.0008681306683398227,-0.0976882889559995,-4.832332687805152,-0.00016333780515154217,0.00016333780515154217
Ti64,400,42,Ti64__400,1,-4.83216935,-4.517249570098611,-0.2175700860176496,-0.0973496938837398,-0.09682015828765968,-0.0005295355960801273,-0.0008930261870519293,-0.09771318447471161,-4.8325328405909715,-0.0003634905909715158,0.0003634905909715158
Ti64,400,43,Ti64__400,1,-4.83216935,-4.516954873304522,-0.2175700860176496,-0.0976443906778282,-0.09682015828765968,-0.0008242323901685167,-0.0013711191861407797,-0.09819127747380045,-4.832716236795972,-0.0005468867959717016,0.0005468867959717016
Ti64,400,44,Ti64__400,1,-4.83216935,-4.517148718325079,-0.2175700860176496,-0.0974505456572712,-0.09682015828765968,-0.0006303873696115181,-0.001214936307039202,-0.09803509459469888,-4.832753898937427,-0.0005845489374269874,0.0005845489374269874
Ti64,400,45,Ti64__400,1,-4.83216935,-4.517072591784405,-0.2175700860176496,-0.0975266721979452,-0.09682015828765968,-0.0007065139102855195,-0.0016337459687706952,-0.09845390425643037,-4.833096582058485,-0.0009272320584852167,0.0009272320584852167
Ti64,400,46,Ti64__400,1,-4.83216935,-4.517334539980743,-0.2175700860176496,-0.0972647240016076,-0.09682015828765968,-0.00044456571394792255,-0.0006946478246156907,-0.09751480611227537,-4.832419432110667,-0.0002500821106670159,0.0002500821106670159
Ti64,400,47,Ti64__400,1,-4.83216935,-4.516982610029527,-0.2175700860176496,-0.0976166539528234,-0.09682015828765968,-0.0007964956651637239,-0.0012386347759647794,-0.09805879306362446,-4.832611489110801,-0.00044213911080071,0.00044213911080071
Ti64,400,48,Ti64__400,1,-4.83216935,-4.517315310619122,-0.2175700860176496,-0.097283953363228,-0.09682015828765968,-0.00046379507556831845,-0.0008581995943001822,-0.09767835788195986,-4.832563754518731,-0.00039440451873140603,0.00039440451873140603
Ti64,400,49,Ti64__400,1,-4.83216935,-4.517338464930552,-0.2175700860176496,-0.097260799051798,-0.09682015828765968,-0.0004406407641383281,-0.0009728999934221389,-0.09779305828108181,-4.832701609229283,-0.0005322592292831274,0.0005322592292831274
Ti64,400,50,Ti64__400,1,-4.83216935,-4.517098907608489,-0.2175700860176496,-0.0975003563738617,-0.09682015828765968,-0.0006801980862020246,-0.001235634167375976,-0.09805579245503565,-4.832724786081173,-0.000555436081173255,0.000555436081173255
Ti64,400,51,Ti64__400,1,-4.83216935,-4.516859553266303,-0.2175700860176496,-0.0977397107160472,-0.09682015828765968,-0.0009195524283875239,-0.0007425563609286906,-0.09756271464858837,-4.831992353932541,0.00017699606745935625,0.00017699606745935625
Ti64,400,52,Ti64__400,1,-4.83216935,-4.517105196098485,-0.2175700860176496,-0.0974940678838655,-0.09682015828765968,-0.0006739095962058211,-0.0013452506734130112,-0.09816540896107269,-4.832840691077207,-0.0006713410772070105,0.0006713410772070105
Ti64,400,53,Ti64__400,1,-4.83216935,-4.517152257332313,-0.2175700860176496,-0.0974470066500373,-0.09682015828765968,-0.0006268483623776272,-0.0014868948601987246,-0.0983070531478584,-4.833029396497821,-0.0008600464978210098,0.0008600464978210098
Ti64,400,54,Ti64__400,1,-4.83216935,-4.517203514612882,-0.2175700860176496,-0.097395749369468,-0.09682015828765968,-0.0005755910818083243,-0.0011168296838914933,-0.09793698797155118,-4.832710588602083,-0.000541238602083105,0.000541238602083105
Ti64,400,55,Ti64__400,1,-4.83216935,-4.516961709161897,-0.2175700860176496,-0.097637554820453,-0.09682015828765968,-0.0008173965327933214,-0.001595995051686505,-0.09841615333934618,-4.832947948518893,-0.0007785985188926148,0.0007785985188926148
Ti64,400,56,Ti64__400,1,-4.83216935,-4.517027498624945,-0.2175700860176496,-0.0975717653574058,-0.09682015828765968,-0.0007516070697461269,-0.0011443093095096,-0.09796446759716927,-4.832562052239763,-0.00039270223976295426,0.00039270223976295426
Ti64,400,57,Ti64__400,1,-4.83216935,-4.5172484275977265,-0.2175700860176496,-0.0973508363846239,-0.09682015828765968,-0.0005306780969642211,-0.0009890328386107253,-0.0978091911262704,-4.832627704741646,-0.0004583547416459055,0.0004583547416459055
Ti64,400,58,Ti64__400,1,-4.83216935,-4.517088457632413,-0.2175700860176496,-0.0975108063499373,-0.09682015828765968,-0.0006906480622776295,-0.00144375169930757,-0.09826390998696724,-4.832922453637029,-0.0007531036370291844,0.0007531036370291844
Ti64,400,59,Ti64__400,1,-4.83216935,-4.51711134024459,-0.2175700860176496,-0.0974879237377607,-0.09682015828765968,-0.0006677654501010266,-0.0008702715256105945,-0.09769042981327027,-4.832371856075509,-0.0002025060755093122,0.0002025060755093122
Ti64,400,60,Ti64__400,1,-4.83216935,-4.517261093712478,-0.2175700860176496,-0.0973381702698722,-0.09682015828765968,-0.0005180119822125184,-0.0009602139844149338,-0.09778037227207462,-4.832611552002202,-0.00044220200220213,0.00044220200220213
Ti64,400,61,Ti64__400,1,-4.83216935,-4.516976838906223,-0.2175700860176496,-0.0976224250761271,-0.09682015828765968,-0.0008022667884674262,-0.001174576442877362,-0.09799473473053703,-4.832541659654409,-0.0003723096544092641,0.0003723096544092641
Ti64,400,62,Ti64__400,1,-4.83216935,-4.517154922610284,-0.2175700860176496,-0.0974443413720665,-0.09682015828765968,-0.0006241830844068291,-0.0011807962318897394,-0.09800095451954942,-4.832725963147483,-0.0005566131474825653,0.0005566131474825653
Ti64,400,63,Ti64__400,1,-4.83216935,-4.516943644123508,-0.2175700860176496,-0.0976556198588426,-0.09682015828765968,-0.0008354615711829161,-0.0012283288317995438,-0.09804848711945922,-4.832562217260616,-0.0003928672606159367,0.0003928672606159367
Ti64,400,64,Ti64__400,1,-4.83216935,-4.517042509989023,-0.2175700860176496,-0.0975567539933278,-0.09682015828765968,-0.0007365957056681277,-0.0012633202519593324,-0.098083478539619,-4.832696074546291,-0.0005267245462912129,0.0005267245462912129
Ti64,400,65,Ti64__400,1,-4.83216935,-4.516973295361964,-0.2175700860176496,-0.097625968620386,-0.09682015828765968,-0.0008058103327263227,-0.0014003854733133897,-0.09822054376097307,-4.832763925140586,-0.0005945751405862509,0.0005945751405862509
Ti64,400,66,Ti64__400,1,-4.83216935,-4.51700831305105,-0.2175700860176496,-0.0975909509313007,-0.09682015828765968,-0.0007707926436410217,-0.00155720605300502,-0.0983773643406647,-4.832955763409363,-0.0007864134093633623,0.0007864134093633623
Ti64,400,67,Ti64__400,1,-4.83216935,-4.517253912467822,-0.2175700860176496,-0.097345351514528,-0.09682015828765968,-0.0005251932268683229,-0.0012450701294118012,-0.09806522841707148,-4.832889226902543,-0.0007198769025427154,0.0007198769025427154
Ti64,400,68,Ti64__400,1,-4.83216935,-4.517236429233418,-0.2175700860176496,-0.0973628347489322,-0.09682015828765968,-0.000542676461272526,-0.0012710876430679276,-0.0980912459307276,-4.832897761181795,-0.0007284111817948968,0.0007284111817948968
Ti64,400,69,Ti64__400,1,-4.83216935,-4.516907850911688,-0.2175700860176496,-0.0976914130706628,-0.09682015828765968,-0.0008712547830031225,-0.0016194027642818449,-0.09843956105194152,-4.832917497981279,-0.0007481479812785352,0.0007481479812785352
Ti64,400,70,Ti64__400,1,-4.83216935,-4.517035622325685,-0.2175700860176496,-0.0975636416566653,-0.09682015828765968,-0.0007434833690056208,-0.0014644789732930694,-0.09828463726095274,-4.832890345604287,-0.0007209956042872889,0.0007209956042872889
Ti64,400,71,Ti64__400,1,-4.83216935,-4.517243376267374,-0.2175700860176496,-0.0973558877149761,-0.09682015828765968,-0.000535729427316417,-0.0009829758499420066,-0.09780313413760168,-4.832616596422625,-0.00044724642262483627,0.00044724642262483627
Ti64,400,72,Ti64__400,1,-4.83216935,-4.5169657672768935,-0.2175700860176496,-0.0976334967054569,-0.09682015828765968,-0.0008133384177972242,-0.0017381031770368868,-0.09855826146469657,-4.8330941147592394,-0.0009247647592394159,0.0009247647592394159
Ti64,400,73,Ti64__400,1,-4.83216935,-4.517055583327447,-0.2175700860176496,-0.0975436806549036,-0.09682015828765968,-0.00072352236724392,-0.001429731848175433,-0.09824989013583511,-4.832875559480931,-0.0007062094809313635,0.0007062094809313635
Ti64,400,74,Ti64__400,1,-4.83216935,-4.517112916743554,-0.2175700860176496,-0.0974863472387964,-0.09682015828765968,-0.000666188951136723,-0.0012869877381602188,-0.0981071460258199,-4.832790148787023,-0.0006207987870228138,0.0006207987870228138
Ti64,400,75,Ti64__400,1,-4.83216935,-4.517130124765546,-0.2175700860176496,-0.0974691392168042,-0.09682015828765968,-0.0006489809291445187,-0.0015303268910896776,-0.09835048517874935,-4.833050695961945,-0.0008813459619450015,0.0008813459619450015
Ti64,400,76,Ti64__400,1,-4.83216935,-4.517148270303737,-0.2175700860176496,-0.0974509936786131,-0.09682015828765968,-0.0006308353909534187,-0.0013517600803842464,-0.09817191836804393,-4.83289027468943,-0.0007209246894301913,0.0007209246894301913
Ti64,400,77,Ti64__400,1,-4.83216935,-4.5172425046505715,-0.2175700860176496,-0.0973567593317789,-0.09682015828765968,-0.0005366010441192198,-0.0008634742531686907,-0.09768363254082837,-4.832496223209049,-0.0003268732090493387,0.0003268732090493387
Ti64,400,78,Ti64__400,1,-4.83216935,-4.51722386890169,-0.2175700860176496,-0.0973753950806607,-0.09682015828765968,-0.0005552367930010266,-0.0011587913127085166,-0.0979789496003682,-4.832772904519707,-0.0006035545197073944,0.0006035545197073944
Ti64,400,79,Ti64__400,1,-4.83216935,-4.5169704577827545,-0.2175700860176496,-0.0976288061995959,-0.09682015828765968,-0.0008086479119362167,-0.0010357340383909588,-0.09785589232605063,-4.832396436126454,-0.00022708612645416792,0.00022708612645416792
Ti64,400,80,Ti64__400,1,-4.83216935,-4.517000063687618,-0.2175700860176496,-0.0975992002947322,-0.09682015828765968,-0.0007790420070725168,-0.0011131201915823407,-0.09793327847924202,-4.832503428184509,-0.0003340781845091456,0.0003340781845091456
Ti64,400,81,Ti64__400,1,-4.83216935,-4.517198052172158,-0.2175700860176496,-0.0974012118101926,-0.09682015828765968,-0.0005810535225329178,-0.001390271768416666,-0.09821043005607634,-4.832978568245883,-0.0008092182458829811,0.0008092182458829811
Ti64,400,82,Ti64__400,1,-4.83216935,-4.517288675199828,-0.2175700860176496,-0.0973105887825221,-0.09682015828765968,-0.0004904304948624288,-0.0010822065837368968,-0.09790236487139657,-4.832761126088874,-0.0005917760888740631,0.0005917760888740631
Ti64,400,83,Ti64__400,1,-4.83216935,-4.517172409633688,-0.2175700860176496,-0.0974268543486621,-0.09682015828765968,-0.0006066960610024291,-0.0011678597992440312,-0.0979880180869037,-4.832730513738241,-0.0005611637382409995,0.0005611637382409995
Ti64,400,84,Ti64__400,1,-4.83216935,-4.517237501566196,-0.2175700860176496,-0.0973617624161541,-0.09682015828765968,-0.0005416041284944245,-0.0013343731288804211,-0.0981545314165401,-4.832962119000386,-0.000792769000385718,0.000792769000385718
Ti64,400,85,Ti64__400,1,-4.83216935,-4.516799106647463,-0.2175700860176496,-0.0978001573348873,-0.09682015828765968,-0.0009799990472276199,-0.001631933838790899,-0.09845209212645058,-4.832821284791563,-0.0006519347915627804,0.0006519347915627804
Ti64,400,86,Ti64__400,1,-4.83216935,-4.517073721483074,-0.2175700860176496,-0.0975255424992763,-0.09682015828765968,-0.0007053842116166165,-0.0008450621274384894,-0.09766522041509816,-4.832309027915821,-0.00013967791582114586,0.00013967791582114586
Ti64,400,87,Ti64__400,1,-4.83216935,-4.517009817717486,-0.2175700860176496,-0.0975894462648639,-0.09682015828765968,-0.0007692879772042277,-0.001496109084690907,-0.09831626737235058,-4.832896171107486,-0.0007268211074862307,0.0007268211074862307
Ti64,400,88,Ti64__400,1,-4.83216935,-4.516910582910134,-0.2175700860176496,-0.0976886810722167,-0.09682015828765968,-0.000868522784557027,-0.001591474580881305,-0.09841163286854099,-4.832892301796324,-0.0007229517963240895,0.0007229517963240895
Ti64,400,89,Ti64__400,1,-4.83216935,-4.517262520648084,-0.2175700860176496,-0.0973367433342661,-0.09682015828765968,-0.000516585046606427,-0.0011394524976105882,-0.09795961078527027,-4.832792217451004,-0.0006228674510042609,0.0006228674510042609
Ti64,400,90,Ti64__400,1,-4.83216935,-4.517142453482664,-0.2175700860176496,-0.0974568104996868,-0.09682015828765968,-0.0006366522120271195,-0.0013854666251249387,-0.09820562491278462,-4.832918164413098,-0.0007488144130975982,0.0007488144130975982
Ti64,400,91,Ti64__400,1,-4.83216935,-4.5172418388544475,-0.2175700860176496,-0.0973574251279029,-0.09682015828765968,-0.0005372668402432168,-0.0010805979178811174,-0.0979007562055408,-4.832712681077638,-0.0005433310776377098,0.0005433310776377098
Ti64,400,92,Ti64__400,1,-4.83216935,-4.517219378241164,-0.2175700860176496,-0.0973798857411868,-0.09682015828765968,-0.0005597274535271285,-0.001210656014206492,-0.09803081430186616,-4.832820278560679,-0.0006509285606792758,0.0006509285606792758
Ti64,400,93,Ti64__400,1,-4.83216935,-4.5172458681261665,-0.2175700860176496,-0.0973533958561839,-0.09682015828765968,-0.0005332375685242197,-0.0009781028782002163,-0.09779826116585989,-4.832614215309675,-0.0004448653096753574,0.0004448653096753574
Ti64,400,94,Ti64__400,1,-4.83216935,-4.517427195153643,-0.2175700860176496,-0.0971720688287073,-0.09682015828765968,-0.0003519105410476203,-0.0013301212413889224,-0.0981502795290486,-4.833147560700341,-0.0009782107003406537,0.0009782107003406537
Ti64,400,95,Ti64__400,1,-4.83216935,-4.517239529104813,-0.2175700860176496,-0.0973597348775371,-0.09682015828765968,-0.0005395765898774246,-0.0013754992615175256,-0.09819565754917721,-4.83300527267164,-0.0008359226716398993,0.0008359226716398993
Ti64,400,96,Ti64__400,1,-4.83216935,-4.517250309812386,-0.2175700860176496,-0.0973489541699642,-0.09682015828765968,-0.0005287958823045197,-0.0013651310870336963,-0.09818528937469337,-4.8330056852047285,-0.0008363352047284778,0.0008363352047284778
Ti64,400,97,Ti64__400,1,-4.83216935,-4.51744722115006,-0.2175700860176496,-0.0971520428322906,-0.09682015828765968,-0.0003318845446309282,-0.0011746064207746394,-0.09799476470843432,-4.833012071876143,-0.0008427218761433153,0.0008427218761433153
Ti64,400,98,Ti64__400,1,-4.83216935,-4.517075824669363,-0.2175700860176496,-0.0975234393129872,-0.09682015828765968,-0.0007032810253275179,-0.0016971365970956842,-0.09851729488475536,-4.8331632055717675,-0.0009938555717674546,0.0009938555717674546
Ti64,400,99,Ti64__400,1,-4.83216935,-4.517184042748385,-0.2175700860176496,-0.0974152212339657,-0.09682015828765968,-0.000595062946306027,-0.0015053827660724429,-0.09832554105373212,-4.833079669819766,-0.0009103198197664142,0.0009103198197664142
Ti64,500,0,Ti64__500,0,-4.87341393,-4.455851308941744,-0.2175700860176496,-0.1999925350406061,-0.19568642353355456,-0.004306111507051541,-0.0029446932081396066,-0.19863111674169417,-4.872052511701088,0.0013614182989121204,0.0013614182989121204
Ti64,500,1,Ti64__500,0,-4.87341393,-4.455933482149978,-0.2175700860176496,-0.1999103618323726,-0.19568642353355456,-0.004223938298818036,-0.0036229326183990053,-0.19930935615195355,-4.872812924319581,0.0006010056804193198,0.0006010056804193198
Ti64,500,2,Ti64__500,0,-4.87341393,-4.455557132449817,-0.2175700860176496,-0.2002867115325332,-0.19568642353355456,-0.0046002879989786305,-0.0031624938071229173,-0.19884891734067747,-4.8719761358081435,0.0014377941918564119,0.0014377941918564119
Ti64,500,3,Ti64__500,0,-4.87341393,-4.455577847759414,-0.2175700860176496,-0.2002659962229366,-0.19568642353355456,-0.004579572689382028,-0.0036643776643947015,-0.19935080119794926,-4.872498734975013,0.0009151950249872698,0.0009151950249872698
Ti64,500,4,Ti64__500,0,-4.87341393,-4.455728645821455,-0.2175700860176496,-0.2001151981608956,-0.19568642353355456,-0.004428774627341037,-0.003405902927993571,-0.19909232646154812,-4.872391058300652,0.0010228716993481157,0.0010228716993481157
Ti64,500,5,Ti64__500,0,-4.87341393,-4.455595530078304,-0.2175700860176496,-0.2002483139040466,-0.19568642353355456,-0.004561890370492039,-0.004199900319972851,-0.19988632385352742,-4.87305193994948,0.00036199005051962274,0.00036199005051962274
Ti64,500,6,Ti64__500,0,-4.87341393,-4.455424497721268,-0.2175700860176496,-0.2004193462610827,-0.19568642353355456,-0.004732922727528149,-0.003938654070694562,-0.19962507760424913,-4.872619661343166,0.0007942686568336299,0.0007942686568336299
Ti64,500,7,Ti64__500,0,-4.87341393,-4.455919408022259,-0.2175700860176496,-0.199924435960091,-0.19568642353355456,-0.0042380124265364305,-0.0037349110178727463,-0.1994213345514273,-4.872910828591336,0.0005031014086638308,0.0005031014086638308
Ti64,500,8,Ti64__500,0,-4.87341393,-4.455912289278178,-0.2175700860176496,-0.1999315547041723,-0.19568642353355456,-0.0042451311706177275,-0.003432585114104014,-0.19911900864765858,-4.872601383943485,0.0008125460565144849,0.0008125460565144849
Ti64,500,9,Ti64__500,0,-4.87341393,-4.455838765224476,-0.2175700860176496,-0.2000050787578745,-0.19568642353355456,-0.004318655224319928,-0.003944070638572795,-0.19963049417212736,-4.873039345414252,0.0003745845857476837,0.0003745845857476837
Ti64,500,10,Ti64__500,0,-4.87341393,-4.456039493189652,-0.2175700860176496,-0.1998043507926979,-0.19568642353355456,-0.004117927259143339,-0.002651340923056657,-0.19833776445661122,-4.871947343663913,0.0014665863360869835,0.0014665863360869835
Ti64,500,11,Ti64__500,0,-4.87341393,-4.455784239693556,-0.2175700860176496,-0.2000596042887942,-0.19568642353355456,-0.004373180755239653,-0.0033814533293221624,-0.19906787686287672,-4.872422202574082,0.0009917274259176878,0.0009917274259176878
Ti64,500,12,Ti64__500,0,-4.87341393,-4.455580091731042,-0.2175700860176496,-0.2002637522513085,-0.19568642353355456,-0.004577328717753931,-0.002962839269465357,-0.19864926280301992,-4.871799440551711,0.0016144894482890138,0.0016144894482890138
Ti64,500,13,Ti64__500,0,-4.87341393,-4.455620758796351,-0.2175700860176496,-0.2002230851859995,-0.19568642353355456,-0.004536661652444929,-0.003798229496264786,-0.19948465302981935,-4.87267549784382,0.000738432156180302,0.000738432156180302
Ti64,500,14,Ti64__500,0,-4.87341393,-4.455790641739687,-0.2175700860176496,-0.2000532022426636,-0.19568642353355456,-0.004366778709109037,-0.0029089134539503664,-0.19859533698750492,-4.8719560647448406,0.0014578652551593407,0.0014578652551593407
Ti64,500,15,Ti64__500,0,-4.87341393,-4.455956286532106,-0.2175700860176496,-0.1998875574502442,-0.19568642353355456,-0.004201133916689637,-0.004116505913539048,-0.1998029294470936,-4.873329301996849,8.462800315101049e-05,8.462800315101049e-05
Ti64,500,16,Ti64__500,0,-4.87341393,-4.456141829064061,-0.2175700860176496,-0.1997020149182896,-0.19568642353355456,-0.004015591384735034,-0.004345238463554672,-0.20003166199710923,-4.8737435770788196,-0.0003296470788196615,0.0003296470788196615
Ti64,500,17,Ti64__500,0,-4.87341393,-4.456081650368294,-0.2175700860176496,-0.1997621936140566,-0.19568642353355456,-0.004075770080502028,-0.003566537663564465,-0.19925296119711902,-4.872904697583062,0.0005092324169382323,0.0005092324169382323
Ti64,500,18,Ti64__500,0,-4.87341393,-4.4560045880287635,-0.2175700860176496,-0.1998392559535867,-0.19568642353355456,-0.004152832420032143,-0.0035972584018423358,-0.1992836819353969,-4.872858355981809,0.0005555740181906188,0.0005555740181906188
Ti64,500,19,Ti64__500,0,-4.87341393,-4.455697379375127,-0.2175700860176496,-0.2001464646072236,-0.19568642353355456,-0.004460041073669041,-0.003152364143567298,-0.19883878767712185,-4.872106253069898,0.0013076769301019198,0.0013076769301019198
Ti64,500,20,Ti64__500,0,-4.87341393,-4.455538726263313,-0.2175700860176496,-0.200305117719037,-0.19568642353355456,-0.0046186941854824415,-0.0037931116456633076,-0.19947953517921788,-4.87258834746018,0.0008255825398197914,0.0008255825398197914
Ti64,500,21,Ti64__500,0,-4.87341393,-4.455645466180262,-0.2175700860176496,-0.2001983778020882,-0.19568642353355456,-0.004511954268533652,-0.0027126566803874447,-0.198399080213942,-4.871614632411854,0.0017992975881462314,0.0017992975881462314
Ti64,500,22,Ti64__500,0,-4.87341393,-4.455852620911471,-0.2175700860176496,-0.1999912230708794,-0.19568642353355456,-0.004304799537324849,-0.004396475337792692,-0.20008289887134725,-4.873505605800467,-9.167580046742785e-05,9.167580046742785e-05
Ti64,500,23,Ti64__500,0,-4.87341393,-4.455788518720345,-0.2175700860176496,-0.2000553252620053,-0.19568642353355456,-0.0043689017284507525,-0.0036064944833578694,-0.19929291801691243,-4.872651522754906,0.000762407245093577,0.000762407245093577
Ti64,500,24,Ti64__500,0,-4.87341393,-4.455781331338746,-0.2175700860176496,-0.2000625126436045,-0.19568642353355456,-0.004376089110049941,-0.004261216412402024,-0.19994763994595657,-4.873299057302352,0.00011487269764831609,0.00011487269764831609
Ti64,500,25,Ti64__500,0,-4.87341393,-4.4557262592158775,-0.2175700860176496,-0.2001175847664728,-0.19568642353355456,-0.004431161232918229,-0.004178198959155696,-0.19986462249271025,-4.873160967726237,0.0002529622737625914,0.0002529622737625914
Ti64,500,26,Ti64__500,0,-4.87341393,-4.455724412310402,-0.2175700860176496,-0.2001194316719484,-0.19568642353355456,-0.00443300813839384,-0.004177766915375045,-0.1998641904489296,-4.87315868877698,0.0002552412230194534,0.0002552412230194534
Ti64,500,27,Ti64__500,0,-4.87341393,-4.456004170871184,-0.2175700860176496,-0.1998396731111663,-0.19568642353355456,-0.004153249577611734,-0.003960326428836424,-0.19964674996239098,-4.8732210068512245,0.0001929231487753924,0.0001929231487753924
Ti64,500,28,Ti64__500,0,-4.87341393,-4.455718613400749,-0.2175700860176496,-0.2001252305816013,-0.19568642353355456,-0.00443880704804675,-0.0035093227854590715,-0.19919574631901363,-4.8724844457374115,0.0009294842625884314,0.0009294842625884314
Ti64,500,29,Ti64__500,0,-4.87341393,-4.456003470499389,-0.2175700860176496,-0.1998403734829615,-0.19568642353355456,-0.004153949949406932,-0.00450597468429783,-0.2001923982178524,-4.873765954734891,-0.0003520247348909322,0.0003520247348909322
Ti64,500,30,Ti64__500,0,-4.87341393,-4.455778217287905,-0.2175700860176496,-0.2000656266944457,-0.19568642353355456,-0.004379203160891132,-0.0028044284564980137,-0.19849085199005256,-4.871839155295606,0.001574774704393711,0.001574774704393711
Ti64,500,31,Ti64__500,0,-4.87341393,-4.455859175735309,-0.2175700860176496,-0.1999846682470411,-0.19568642353355456,-0.0042982447134865265,-0.004292182339529912,-0.19997860587308447,-4.873407867626043,6.0623739566167956e-06,6.0623739566167956e-06
Ti64,500,32,Ti64__500,0,-4.87341393,-4.455898992869629,-0.2175700860176496,-0.1999448511127216,-0.19568642353355456,-0.004258427579167029,-0.0028198526346269372,-0.1985062761681815,-4.87197535505546,0.0014385749445402496,0.0014385749445402496
Ti64,500,33,Ti64__500,0,-4.87341393,-4.455672131778098,-0.2175700860176496,-0.2001717122042526,-0.19568642353355456,-0.004485288670698029,-0.0034607074440174816,-0.19914713097757203,-4.872389348773319,0.0010245812266811427,0.0010245812266811427
Ti64,500,34,Ti64__500,0,-4.87341393,-4.455863414275192,-0.2175700860176496,-0.1999804297071584,-0.19568642353355456,-0.004294006173603843,-0.0043970742771794495,-0.200083497810734,-4.873516998103575,-0.00010306810357540996,0.00010306810357540996
Ti64,500,35,Ti64__500,0,-4.87341393,-4.456138095748362,-0.2175700860176496,-0.199705748233988,-0.19568642353355456,-0.004019324700433452,-0.0029234525120346005,-0.19860987604558916,-4.872318057811601,0.0010958721883991274,0.0010958721883991274
Ti64,500,36,Ti64__500,0,-4.87341393,-4.455859362921668,-0.2175700860176496,-0.1999844810606822,-0.19568642353355456,-0.004298057527127641,-0.00374543157912367,-0.19943185511267822,-4.8728613040519955,0.000552625948004426,0.000552625948004426
Ti64,500,37,Ti64__500,0,-4.87341393,-4.455664817742629,-0.2175700860176496,-0.2001790262397215,-0.19568642353355456,-0.004492602706166943,-0.0034713758391621006,-0.19915779937271666,-4.872392703132995,0.0010212268670048985,0.0010212268670048985
Ti64,500,38,Ti64__500,0,-4.87341393,-4.45589604982642,-0.2175700860176496,-0.1999477941559299,-0.19568642353355456,-0.004261370622375332,-0.0032595193599816736,-0.19894594289353623,-4.8724120787376055,0.001001851262394382,0.001001851262394382
Ti64,500,39,Ti64__500,0,-4.87341393,-4.45593164660695,-0.2175700860176496,-0.1999121973754004,-0.19568642353355456,-0.004225773841845831,-0.0038572979085115,-0.19954372144206606,-4.8730454540666654,0.0003684759333344445,0.0003684759333344445
Ti64,500,40,Ti64__500,0,-4.87341393,-4.455882847650408,-0.2175700860176496,-0.1999609963319418,-0.19568642353355456,-0.0042745727983872495,-0.003750728078332274,-0.19943715161188683,-4.872890085279945,0.0005238447200550667,0.0005238447200550667
Ti64,500,41,Ti64__500,0,-4.87341393,-4.456033733248135,-0.2175700860176496,-0.1998101107342155,-0.19568642353355456,-0.004123687200660947,-0.002651627301570206,-0.19833805083512476,-4.871941870100909,0.0014720598990907163,0.0014720598990907163
Ti64,500,42,Ti64__500,0,-4.87341393,-4.455715732095016,-0.2175700860176496,-0.200128111887334,-0.19568642353355456,-0.004441688353779449,-0.00396331896973172,-0.1996497425032863,-4.872935560615952,0.0004783693840479941,0.0004783693840479941
Ti64,500,43,Ti64__500,0,-4.87341393,-4.455993696737068,-0.2175700860176496,-0.1998501472452819,-0.19568642353355456,-0.004163723711727352,-0.0023339591461559784,-0.19802038267971053,-4.871584165434428,0.001829764565571601,0.001829764565571601
Ti64,500,44,Ti64__500,0,-4.87341393,-4.455984511166166,-0.2175700860176496,-0.199859332816184,-0.19568642353355456,-0.00417290928262945,-0.0026971653451923943,-0.19838358887874696,-4.871938186062563,0.0014757439374371017,0.0014757439374371017
Ti64,500,45,Ti64__500,0,-4.87341393,-4.4557509199694945,-0.2175700860176496,-0.2000929240128558,-0.19568642353355456,-0.004406500479301245,-0.0034417951888651216,-0.19912821872241968,-4.872449224709563,0.0009647052904364628,0.0009647052904364628
Ti64,500,46,Ti64__500,0,-4.87341393,-4.455858074534393,-0.2175700860176496,-0.1999857694479573,-0.19568642353355456,-0.00429934591440273,-0.0039099519422008825,-0.19959637547575546,-4.873024536027797,0.00038939397220261185,0.00038939397220261185
Ti64,500,47,Ti64__500,0,-4.87341393,-4.456190874147348,-0.2175700860176496,-0.1996529698350025,-0.19568642353355456,-0.003966546301447937,-0.003257741216837752,-0.1989441647503923,-4.872705124915389,0.0007088050846109084,0.0007088050846109084
Ti64,500,48,Ti64__500,0,-4.87341393,-4.455930366551279,-0.2175700860176496,-0.1999134774310716,-0.19568642353355456,-0.004227053897517041,-0.0029113629927376003,-0.19859778652629215,-4.87209823909522,0.001315690904779565,0.001315690904779565
Ti64,500,49,Ti64__500,0,-4.87341393,-4.455701389916521,-0.2175700860176496,-0.2001424540658295,-0.19568642353355456,-0.004456030532274946,-0.004061234995209037,-0.19974765852876358,-4.873019134462933,0.0003947955370664502,0.0003947955370664502
Ti64,500,50,Ti64__500,0,-4.87341393,-4.455668764950654,-0.2175700860176496,-0.2001750790316961,-0.19568642353355456,-0.004488655498141536,-0.00285403092156621,-0.19854045445512078,-4.871779305423424,0.001634624576575483,0.001634624576575483
Ti64,500,51,Ti64__500,0,-4.87341393,-4.455962805821879,-0.2175700860176496,-0.1998810381604713,-0.19568642353355456,-0.004194614626916754,-0.003127884496142863,-0.19881430802969743,-4.872347199869226,0.001066730130774296,0.001066730130774296
Ti64,500,52,Ti64__500,0,-4.87341393,-4.455874873529752,-0.2175700860176496,-0.1999689704525981,-0.19568642353355456,-0.004282546919043534,-0.0036395871514591713,-0.19932601068501374,-4.872770970232415,0.00064295976758455,0.00064295976758455
Ti64,500,53,Ti64__500,0,-4.87341393,-4.455814472250848,-0.2175700860176496,-0.2000293717315019,-0.19568642353355456,-0.004342948197947338,-0.002786878289039847,-0.1984733018225944,-4.871857860091092,0.0015560699089078867,0.0015560699089078867
Ti64,500,54,Ti64__500,0,-4.87341393,-4.455769596632002,-0.2175700860176496,-0.2000742473503486,-0.19568642353355456,-0.004387823816794034,-0.003201721578773806,-0.19888814511232836,-4.8722278277619795,0.0011861022380204034,0.0011861022380204034
Ti64,500,55,Ti64__500,0,-4.87341393,-4.455849918551228,-0.2175700860176496,-0.1999939254311226,-0.19568642353355456,-0.004307501897568039,-0.003892127331444923,-0.19957855086499948,-4.872998555433877,0.0004153745661232833,0.0004153745661232833
Ti64,500,56,Ti64__500,0,-4.87341393,-4.456000787204304,-0.2175700860176496,-0.1998430567780463,-0.19568642353355456,-0.004156633244491753,-0.004226996204751073,-0.19991341973830562,-4.873484292960259,-7.036296025919597e-05,7.036296025919597e-05
Ti64,500,57,Ti64__500,0,-4.87341393,-4.455808520165743,-0.2175700860176496,-0.2000353238166076,-0.19568642353355456,-0.004348900283053042,-0.0038734160828966095,-0.19955983961645116,-4.872938445799843,0.0004754842001570836,0.0004754842001570836
Ti64,500,58,Ti64__500,0,-4.87341393,-4.455764669594047,-0.2175700860176496,-0.2000791743883031,-0.19568642353355456,-0.0043927508547485505,-0.003138394490467251,-0.1988248180240218,-4.872159573635718,0.0012543563642815059,0.0012543563642815059
Ti64,500,59,Ti64__500,0,-4.87341393,-4.4556260020820995,-0.2175700860176496,-0.2002178419002508,-0.19568642353355456,-0.004531418366696238,-0.0032678727224748644,-0.19895429625602942,-4.872150384355778,0.0012635456442220416,0.0012635456442220416
Ti64,500,60,Ti64__500,0,-4.87341393,-4.45559550831395,-0.2175700860176496,-0.2002483356684005,-0.19568642353355456,-0.004561912134845941,-0.0030069155625124687,-0.19869333909606704,-4.871858933427666,0.0015549965723336001,0.0015549965723336001
Ti64,500,61,Ti64__500,0,-4.87341393,-4.456152666107339,-0.2175700860176496,-0.1996911778750109,-0.19568642353355456,-0.004004754341456335,-0.003697909581375999,-0.19938433311493056,-4.873107085239919,0.0003068447600806934,0.0003068447600806934
Ti64,500,62,Ti64__500,0,-4.87341393,-4.455683755764871,-0.2175700860176496,-0.2001600882174795,-0.19568642353355456,-0.004473664683924933,-0.003437034692249978,-0.19912345822580454,-4.872377300008324,0.0010366299916757526,0.0010366299916757526
Ti64,500,63,Ti64__500,0,-4.87341393,-4.455843367480989,-0.2175700860176496,-0.2000004765013608,-0.19568642353355456,-0.004314052967806237,-0.0037926847795761542,-0.1994791083131307,-4.87289256181177,0.0005213681882301202,0.0005213681882301202
Ti64,500,64,Ti64__500,0,-4.87341393,-4.455854610117993,-0.2175700860176496,-0.1999892338643573,-0.19568642353355456,-0.0043028103308027366,-0.0034581509776695574,-0.1991445745112241,-4.872569270646866,0.0008446593531337143,0.0008446593531337143
Ti64,500,65,Ti64__500,0,-4.87341393,-4.455878537701411,-0.2175700860176496,-0.1999653062809395,-0.19568642353355456,-0.004278882747384943,-0.002903165765990579,-0.19858958929954515,-4.872038213018605,0.0013757169813946035,0.0013757169813946035
Ti64,500,66,Ti64__500,0,-4.87341393,-4.455691571218396,-0.2175700860176496,-0.2001522727639543,-0.19568642353355456,-0.004465849230399749,-0.004012960919757131,-0.1996993844533117,-4.872961041689357,0.00045288831064294044,0.00045288831064294044
Ti64,500,67,Ti64__500,0,-4.87341393,-4.455774208649558,-0.2175700860176496,-0.2000696353327923,-0.19568642353355456,-0.0043832117992377295,-0.0021604190976965737,-0.19784684263125113,-4.871191137298458,0.002222792701541465,0.002222792701541465
Ti64,500,68,Ti64__500,0,-4.87341393,-4.45613401961806,-0.2175700860176496,-0.1997098243642906,-0.19568642353355456,-0.004023400830736046,-0.0035667879807651805,-0.19925321151431974,-4.8729573171500284,0.00045661284997144946,0.00045661284997144946
Ti64,500,69,Ti64__500,0,-4.87341393,-4.4559708895632735,-0.2175700860176496,-0.1998729544190768,-0.19568642353355456,-0.004186530885522233,-0.0029716626838090917,-0.19865808621736364,-4.872199061798287,0.0012148682017132373,0.0012148682017132373
Ti64,500,70,Ti64__500,0,-4.87341393,-4.455900152705693,-0.2175700860176496,-0.1999436912766571,-0.19568642353355456,-0.004257267743102533,-0.0034431128629735194,-0.19912953639652808,-4.872599775119871,0.0008141548801292586,0.0008141548801292586
Ti64,500,71,Ti64__500,0,-4.87341393,-4.455674150687557,-0.2175700860176496,-0.2001696932947935,-0.19568642353355456,-0.004483269761238945,-0.0033719142779212803,-0.19905833781147583,-4.872302574516682,0.0011113554833181993,0.0011113554833181993
Ti64,500,72,Ti64__500,0,-4.87341393,-4.455681758436161,-0.2175700860176496,-0.200162085546189,-0.19568642353355456,-0.00447566201263444,-0.002527931448170158,-0.1982143549817247,-4.8714661994355355,0.0019477305644644005,0.0019477305644644005
Ti64,500,73,Ti64__500,0,-4.87341393,-4.455814316498836,-0.2175700860176496,-0.2000295274835141,-0.19568642353355456,-0.0043431039499595425,-0.004184343291138232,-0.1998707668246928,-4.873255169341178,0.0001587606588220325,0.0001587606588220325
Ti64,500,74,Ti64__500,0,-4.87341393,-4.455961983325671,-0.2175700860176496,-0.1998818606566793,-0.19568642353355456,-0.004195437123124729,-0.0034574806664629627,-0.1991439042000175,-4.872675973543338,0.0007379564566623031,0.0007379564566623031
Ti64,500,75,Ti64__500,0,-4.87341393,-4.455546389761432,-0.2175700860176496,-0.2002974542209182,-0.19568642353355456,-0.004611030687363626,-0.0036760327046262285,-0.1993624562381808,-4.872478932017262,0.0009349979827382171,0.0009349979827382171
Ti64,500,76,Ti64__500,0,-4.87341393,-4.455678910227329,-0.2175700860176496,-0.2001649337550214,-0.19568642353355456,-0.004478510221466836,-0.003361775259004952,-0.1990481987925595,-4.872297195037538,0.0011167349624621181,0.0011167349624621181
Ti64,500,77,Ti64__500,0,-4.87341393,-4.455767564467112,-0.2175700860176496,-0.2000762795152383,-0.19568642353355456,-0.004389855981683732,-0.003304950117438598,-0.19899137365099315,-4.872329024135754,0.0010849058642454779,0.0010849058642454779
Ti64,500,78,Ti64__500,0,-4.87341393,-4.455835401810653,-0.2175700860176496,-0.2000084421716975,-0.19568642353355456,-0.004322018638142938,-0.0022416627570193905,-0.19792808629057396,-4.871333574118876,0.0020803558811239853,0.0020803558811239853
Ti64,500,79,Ti64__500,0,-4.87341393,-4.456050979871477,-0.2175700860176496,-0.1997928641108736,-0.19568642353355456,-0.004106440577319043,-0.004165409414862424,-0.199851832948417,-4.873472898837543,-5.896883754274995e-05,5.896883754274995e-05
Ti64,500,80,Ti64__500,0,-4.87341393,-4.4559231924655345,-0.2175700860176496,-0.1999206515168158,-0.19568642353355456,-0.0042342279832612295,-0.0036353525319889946,-0.19932177606554355,-4.872815054548727,0.0005988754512724626,0.0005988754512724626
Ti64,500,81,Ti64__500,0,-4.87341393,-4.455743708912882,-0.2175700860176496,-0.2001001350694681,-0.19568642353355456,-0.00441371153591355,-0.0033934223244707113,-0.19907984585802527,-4.872393640788557,0.0010202892114428153,0.0010202892114428153
Ti64,500,82,Ti64__500,0,-4.87341393,-4.455350543014908,-0.2175700860176496,-0.2004933009674424,-0.19568642353355456,-0.0048068774338878295,-0.003642060491819222,-0.1993284840253738,-4.872249113057931,0.0011648169420688248,0.0011648169420688248
Ti64,500,83,Ti64__500,0,-4.87341393,-4.45630215215391,-0.2175700860176496,-0.1995416918284404,-0.19568642353355456,-0.003855268294885833,-0.002961516655534356,-0.1986479401890889,-4.872520178360648,0.000893751639352125,0.000893751639352125
Ti64,500,84,Ti64__500,0,-4.87341393,-4.456057552898884,-0.2175700860176496,-0.1997862910834659,-0.19568642353355456,-0.004099867549911346,-0.003872735054649369,-0.19955915858820392,-4.873186797504737,0.00022713249526251644,0.00022713249526251644
Ti64,500,85,Ti64__500,0,-4.87341393,-4.455898527101985,-0.2175700860176496,-0.1999453168803656,-0.19568642353355456,-0.004258893346811038,-0.004216754664725566,-0.19990317819828013,-4.873371791317914,4.213868208591265e-05,4.213868208591265e-05
Ti64,500,86,Ti64__500,0,-4.87341393,-4.455899820206831,-0.2175700860176496,-0.1999440237755193,-0.19568642353355456,-0.004257600241964726,-0.0034292961129581694,-0.19911571964651273,-4.872585625870993,0.0008283041290066961,0.0008283041290066961
Ti64,500,87,Ti64__500,0,-4.87341393,-4.456010253317997,-0.2175700860176496,-0.1998335906643534,-0.19568642353355456,-0.004147167130798851,-0.003767302952067195,-0.19945372648562176,-4.873034065821268,0.00037986417873181466,0.00037986417873181466
Ti64,500,88,Ti64__500,0,-4.87341393,-4.455911176046622,-0.2175700860176496,-0.1999326679357281,-0.19568642353355456,-0.004246244402173527,-0.003864006964708628,-0.19955043049826318,-4.8730316925625345,0.0003822374374653492,0.0003822374374653492
Ti64,500,89,Ti64__500,0,-4.87341393,-4.455762421133315,-0.2175700860176496,-0.2000814228490354,-0.19568642353355456,-0.0043949993154808464,-0.0025511691821032173,-0.19823759271565777,-4.871570099866622,0.001843830133378077,0.001843830133378077
Ti64,500,90,Ti64__500,0,-4.87341393,-4.455998436097383,-0.2175700860176496,-0.199845407884967,-0.19568642353355456,-0.004158984351412431,-0.0031285948100128035,-0.19881501834356735,-4.8723835404586,0.0010303895414001119,0.0010303895414001119
Ti64,500,91,Ti64__500,0,-4.87341393,-4.456041464224376,-0.2175700860176496,-0.1998023797579741,-0.19568642353355456,-0.0041159562244195425,-0.003292644587092324,-0.1989790681206469,-4.872590618362672,0.0008233116373279614,0.0008233116373279614
Ti64,500,92,Ti64__500,0,-4.87341393,-4.455688952988542,-0.2175700860176496,-0.2001548909938085,-0.19568642353355456,-0.00446846746025395,-0.0034246388047778514,-0.19911106233833242,-4.872370101344523,0.0010438286554768084,0.0010438286554768084
Ti64,500,93,Ti64__500,0,-4.87341393,-4.455562865849616,-0.2175700860176496,-0.2002809781327347,-0.19568642353355456,-0.004594554599180151,-0.004188496683487856,-0.19987492021704242,-4.873007872084307,0.00040605791569259253,0.00040605791569259253
Ti64,500,94,Ti64__500,0,-4.87341393,-4.455610066789462,-0.2175700860176496,-0.2002337771928882,-0.19568642353355456,-0.004547353659333647,-0.0026710884742628858,-0.19835751200781745,-4.8715376648149284,0.0018762651850714462,0.0018762651850714462
Ti64,500,95,Ti64__500,0,-4.87341393,-4.4558443565830625,-0.2175700860176496,-0.1999994873992877,-0.19568642353355456,-0.00431306386573313,-0.00322162200562579,-0.19890804553918034,-4.8723224881398925,0.001091441860107345,0.001091441860107345
Ti64,500,96,Ti64__500,0,-4.87341393,-4.4555629015848215,-0.2175700860176496,-0.2002809423975288,-0.19568642353355456,-0.004594518863974245,-0.004446016249132838,-0.2001324397826874,-4.873265427385158,0.00014850261484156135,0.00014850261484156135
Ti64,500,97,Ti64__500,0,-4.87341393,-4.455875773338079,-0.2175700860176496,-0.1999680706442715,-0.19568642353355456,-0.004281647110716935,-0.003621027223426522,-0.19930745075698109,-4.872753310112709,0.0006606198872907143,0.0006606198872907143
Ti64,500,98,Ti64__500,0,-4.87341393,-4.456115028897171,-0.2175700860176496,-0.1997288150851789,-0.19568642353355456,-0.004042391551624336,-0.003883189450779269,-0.19956961298433382,-4.8732547278991545,0.00015920210084541253,0.00015920210084541253
Ti64,500,99,Ti64__500,0,-4.87341393,-4.455629066895181,-0.2175700860176496,-0.2002147770871692,-0.19568642353355456,-0.004528353553614639,-0.004495977169790858,-0.20018240070334542,-4.873381553616175,3.2376383824583854e-05,3.2376383824583854e-05
Ti64,600,0,Ti64__600,2,-4.92132028,-4.397159047044234,-0.2175700860176496,-0.3065911469381165,-0.3018489114640859,-0.004742235474030632,-0.0066919152136148295,-0.3085408266777007,-4.923269959739583,-0.0019496797395834875,0.0019496797395834875
Ti64,600,1,Ti64__600,2,-4.92132028,-4.396534575372807,-0.2175700860176496,-0.307215618609543,-0.3018489114640859,-0.005366707145457117,-0.006743823851656587,-0.30859273531574244,-4.922697396706199,-0.0013771167061991108,0.0013771167061991108
Ti64,600,2,Ti64__600,2,-4.92132028,-4.396735557011429,-0.2175700860176496,-0.3070146369709216,-0.3018489114640859,-0.005165725506835694,-0.006741681291272647,-0.30859059275535855,-4.922896235784436,-0.001575955784436367,0.001575955784436367
Ti64,600,3,Ti64__600,2,-4.92132028,-4.39630309752735,-0.2175700860176496,-0.3074470964549999,-0.3018489114640859,-0.0055981849909140236,-0.0070056574927347855,-0.3088545689568207,-4.92272775250182,-0.0014074725018202727,0.0014074725018202727
Ti64,600,4,Ti64__600,2,-4.92132028,-4.396845931103607,-0.2175700860176496,-0.3069042628787427,-0.3018489114640859,-0.005055351414656795,-0.0069216689961536385,-0.30877058046023953,-4.923186597581497,-0.0018663175814968014,0.0018663175814968014
Ti64,600,5,Ti64__600,2,-4.92132028,-4.396534911696251,-0.2175700860176496,-0.3072152822860993,-0.3018489114640859,-0.005366370822013411,-0.0068353471295489205,-0.3086842585936348,-4.922789256307535,-0.0014689763075352857,0.0014689763075352857
Ti64,600,6,Ti64__600,2,-4.92132028,-4.39641422033816,-0.2175700860176496,-0.3073359736441899,-0.3018489114640859,-0.00548706218010403,-0.006908256673136528,-0.3087571681372224,-4.922741474493032,-0.0014211944930320186,0.0014211944930320186
Ti64,600,7,Ti64__600,2,-4.92132028,-4.396303277718204,-0.2175700860176496,-0.3074469162641465,-0.3018489114640859,-0.005598004800060619,-0.006745793911455879,-0.30859470537554173,-4.922468069111394,-0.0011477891113944594,0.0011477891113944594
Ti64,600,8,Ti64__600,2,-4.92132028,-4.396331437800162,-0.2175700860176496,-0.3074187561821878,-0.3018489114640859,-0.005569844718101902,-0.006716794728809985,-0.30856570619289586,-4.9224672300107075,-0.001146950010707748,0.001146950010707748
Ti64,600,9,Ti64__600,2,-4.92132028,-4.3966386342926365,-0.2175700860176496,-0.3071115596897137,-0.3018489114640859,-0.005262648225627831,-0.006864697965182171,-0.30871360942926807,-4.922922329739554,-0.0016020497395539124,0.0016020497395539124
Ti64,600,10,Ti64__600,2,-4.92132028,-4.396636436196414,-0.2175700860176496,-0.3071137577859361,-0.3018489114640859,-0.005264846321850203,-0.0067918583800426575,-0.3086407698441285,-4.922847292058192,-0.0015270120581920565,0.0015270120581920565
Ti64,600,11,Ti64__600,2,-4.92132028,-4.396378926239754,-0.2175700860176496,-0.3073712677425965,-0.3018489114640859,-0.0055223562785106095,-0.006986791796968653,-0.30883570326105453,-4.922784715518458,-0.001464435518458096,0.001464435518458096
Ti64,600,12,Ti64__600,2,-4.92132028,-4.39656420449696,-0.2175700860176496,-0.3071859894853898,-0.3018489114640859,-0.005337078021303898,-0.007286432409514034,-0.3091353438735999,-4.92326963438821,-0.0019493543882100894,0.0019493543882100894
Ti64,600,13,Ti64__600,2,-4.92132028,-4.396657457865845,-0.2175700860176496,-0.3070927361165051,-0.3018489114640859,-0.005243824652419238,-0.007050938628081765,-0.30889985009216764,-4.923127393975662,-0.0018071139756621335,0.0018071139756621335
Ti64,600,14,Ti64__600,2,-4.92132028,-4.396563831449209,-0.2175700860176496,-0.3071863625331416,-0.3018489114640859,-0.005337451069055699,-0.0070544810268209305,-0.3089033924909068,-4.923037309957765,-0.001717029957765348,0.001717029957765348
Ti64,600,15,Ti64__600,2,-4.92132028,-4.396499253526868,-0.2175700860176496,-0.3072509404554818,-0.3018489114640859,-0.005402028991395913,-0.007016870477200838,-0.3088657819412867,-4.922935121485804,-0.0016148414858045967,0.0016148414858045967
Ti64,600,16,Ti64__600,2,-4.92132028,-4.3964516928259405,-0.2175700860176496,-0.3072985011564096,-0.3018489114640859,-0.005449589692323731,-0.006781162377469656,-0.30863007384155555,-4.922651852685146,-0.001331572685145943,0.001331572685145943
Ti64,600,17,Ti64__600,2,-4.92132028,-4.396687338534446,-0.2175700860176496,-0.3070628554479043,-0.3018489114640859,-0.005213943983818414,-0.006698692031750542,-0.30854760349583643,-4.922805028047931,-0.0014847480479316388,0.0014847480479316388
Ti64,600,18,Ti64__600,2,-4.92132028,-4.396404218625199,-0.2175700860176496,-0.3073459753571509,-0.3018489114640859,-0.005497063893065035,-0.006732952685744278,-0.30858186414983013,-4.922556168792679,-0.0012358887926788853,0.0012358887926788853
Ti64,600,19,Ti64__600,2,-4.92132028,-4.396237187151453,-0.2175700860176496,-0.3075130068308974,-0.3018489114640859,-0.005664095366811506,-0.0069127468188478584,-0.3087616582829337,-4.922568931452036,-0.0012486514520357872,0.0012486514520357872
Ti64,600,20,Ti64__600,2,-4.92132028,-4.396337503600823,-0.2175700860176496,-0.3074126903815269,-0.3018489114640859,-0.005563778917441031,-0.006702484572219162,-0.30855139603630505,-4.922458985654777,-0.001138705654777361,0.001138705654777361
Ti64,600,21,Ti64__600,2,-4.92132028,-4.396355451010638,-0.2175700860176496,-0.3073947429717117,-0.3018489114640859,-0.005545831507625831,-0.006986418288708769,-0.30883532975279465,-4.922760866781083,-0.001440586781082942,0.001440586781082942
Ti64,600,22,Ti64__600,2,-4.92132028,-4.396766923652509,-0.2175700860176496,-0.3069832703298415,-0.3018489114640859,-0.005134358865755639,-0.007067611190097445,-0.30891652265418335,-4.923253532324341,-0.0019332523243411615,0.0019332523243411615
Ti64,600,23,Ti64__600,2,-4.92132028,-4.396985706382081,-0.2175700860176496,-0.3067644876002694,-0.3018489114640859,-0.0049155761361835415,-0.006858115910205722,-0.3087070273742916,-4.923262819774021,-0.00194253977402159,0.00194253977402159
Ti64,600,24,Ti64__600,2,-4.92132028,-4.396033564953684,-0.2175700860176496,-0.3077166290286662,-0.3018489114640859,-0.0058677175645803215,-0.007235876787995793,-0.3090847882520817,-4.922688439223415,-0.0013681592234151552,0.0013681592234151552
Ti64,600,25,Ti64__600,2,-4.92132028,-4.3965576495280025,-0.2175700860176496,-0.3071925444543476,-0.3018489114640859,-0.0053436329902617485,-0.0069763332401568,-0.30882524470424266,-4.922952980249894,-0.00163270024989437,0.00163270024989437
Ti64,600,26,Ti64__600,2,-4.92132028,-4.396905891155695,-0.2175700860176496,-0.3068443028266548,-0.3018489114640859,-0.004995391362568935,-0.006956214028408703,-0.30880512549249456,-4.923281102665839,-0.0019608226658389682,0.0019608226658389682
Ti64,600,27,Ti64__600,2,-4.92132028,-4.396283735495888,-0.2175700860176496,-0.3074664584864625,-0.3018489114640859,-0.005617547022376601,-0.006859378730328373,-0.30870829019441426,-4.922562111707951,-0.0012418317079516683,0.0012418317079516683
Ti64,600,28,Ti64__600,2,-4.92132028,-4.396547411526276,-0.2175700860176496,-0.307202782456074,-0.3018489114640859,-0.005353870991988141,-0.007008126409055123,-0.308857037873141,-4.922974535417066,-0.0016542554170664303,0.0016542554170664303
Ti64,600,29,Ti64__600,2,-4.92132028,-4.396246047708897,-0.2175700860176496,-0.3075041462734532,-0.3018489114640859,-0.005655234809367304,-0.006945851452164506,-0.3087947629162504,-4.922610896642796,-0.0012906166427963939,0.0012906166427963939
Ti64,600,30,Ti64__600,2,-4.92132028,-4.3968480532723975,-0.2175700860176496,-0.3069021407099527,-0.3018489114640859,-0.005053229245866819,-0.007211274351179943,-0.30906018581526584,-4.923478325105313,-0.0021580451053129224,0.0021580451053129224
Ti64,600,31,Ti64__600,2,-4.92132028,-4.396720183689396,-0.2175700860176496,-0.3070300102929538,-0.3018489114640859,-0.005181098828867914,-0.006693816243125349,-0.30854272770721125,-4.922832997414257,-0.0015127174142568478,0.0015127174142568478
Ti64,600,32,Ti64__600,2,-4.92132028,-4.396312695910439,-0.2175700860176496,-0.3074374980719115,-0.3018489114640859,-0.00558858660782563,-0.007131804652234866,-0.3089807161163207,-4.922863498044409,-0.0015432180444090449,0.0015432180444090449
Ti64,600,33,Ti64__600,2,-4.92132028,-4.3963732619310845,-0.2175700860176496,-0.3073769320512657,-0.3018489114640859,-0.005528020587179827,-0.006616444522766312,-0.3084653559868522,-4.922408703935586,-0.0010884239355863912,0.0010884239355863912
Ti64,600,34,Ti64__600,2,-4.92132028,-4.396342886121305,-0.2175700860176496,-0.3074073078610452,-0.3018489114640859,-0.00555839639695932,-0.00670678544958162,-0.3085556969136675,-4.922468669052622,-0.0011483890526218232,0.0011483890526218232
Ti64,600,35,Ti64__600,2,-4.92132028,-4.3963657854848,-0.2175700860176496,-0.30738440849755,-0.3018489114640859,-0.005535497033464121,-0.006784055163227286,-0.30863296662731315,-4.922568838129763,-0.001248558129763211,0.001248558129763211
Ti64,600,36,Ti64__600,2,-4.92132028,-4.396725391792172,-0.2175700860176496,-0.3070248021901781,-0.3018489114640859,-0.005175890726092203,-0.006741799427436808,-0.3085907108915227,-4.922886188701344,-0.0015659087013446538,0.0015659087013446538
Ti64,600,37,Ti64__600,2,-4.92132028,-4.396580019225318,-0.2175700860176496,-0.3071701747570318,-0.3018489114640859,-0.00532126329294591,-0.006819427704163069,-0.30866833916824893,-4.922818444411217,-0.0014981644112168624,0.0014981644112168624
Ti64,600,38,Ti64__600,2,-4.92132028,-4.396612374176283,-0.2175700860176496,-0.3071378198060671,-0.3018489114640859,-0.005288908341981202,-0.006869912507468909,-0.3087188239715548,-4.922901284165487,-0.001581004165487343,0.001581004165487343
Ti64,600,39,Ti64__600,2,-4.92132028,-4.396071833726044,-0.2175700860176496,-0.3076783602563063,-0.3018489114640859,-0.005829448792220415,-0.006941316061460634,-0.3087902275255465,-4.922432147269239,-0.0011118672692393972,0.0011118672692393972
Ti64,600,40,Ti64__600,2,-4.92132028,-4.396482356555367,-0.2175700860176496,-0.3072678374269829,-0.3018489114640859,-0.005418925962897003,-0.006843999651575763,-0.30869291111566166,-4.922745353688678,-0.001425073688678502,0.001425073688678502
Ti64,600,41,Ti64__600,2,-4.92132028,-4.396704376510781,-0.2175700860176496,-0.3070458174715688,-0.3018489114640859,-0.005196906007482904,-0.006676175024820193,-0.3085250864889061,-4.922799549017337,-0.0014792690173370815,0.0014792690173370815
Ti64,600,42,Ti64__600,2,-4.92132028,-4.3962858696405425,-0.2175700860176496,-0.3074643243418077,-0.3018489114640859,-0.005615412877721826,-0.006825134582831762,-0.3086740460469176,-4.922530001705109,-0.0012097217051092457,0.0012097217051092457
Ti64,600,43,Ti64__600,2,-4.92132028,-4.396661045309883,-0.2175700860176496,-0.3070891486724673,-0.3018489114640859,-0.005240237208381404,-0.0065480875216892545,-0.3083969989857751,-4.922628130313307,-0.0013078503133074904,0.0013078503133074904
Ti64,600,44,Ti64__600,2,-4.92132028,-4.3966710806028875,-0.2175700860176496,-0.3070791133794627,-0.3018489114640859,-0.00523020191537682,-0.006696443978515961,-0.30854535544260187,-4.922786522063139,-0.001466242063139056,0.001466242063139056
Ti64,600,45,Ti64__600,2,-4.92132028,-4.396512462989472,-0.2175700860176496,-0.3072377309928781,-0.3018489114640859,-0.005388819528792221,-0.006728175509773887,-0.30857708697385977,-4.922659635980981,-0.0013393559809813382,0.0013393559809813382
Ti64,600,46,Ti64__600,2,-4.92132028,-4.3964068135347425,-0.2175700860176496,-0.3073433804476077,-0.3018489114640859,-0.005494468983521794,-0.006598442811648468,-0.30844735427573433,-4.922424253828126,-0.0011039738281262146,0.0011039738281262146
Ti64,600,47,Ti64__600,2,-4.92132028,-4.396572813841773,-0.2175700860176496,-0.3071773801405776,-0.3018489114640859,-0.005328468676491727,-0.006651321432724643,-0.3085002328968105,-4.9226431327562326,-0.001322852756232784,0.001322852756232784
Ti64,600,48,Ti64__600,2,-4.92132028,-4.396251048706532,-0.2175700860176496,-0.3074991452758185,-0.3018489114640859,-0.00565023381173263,-0.006790577630201971,-0.30863948909428784,-4.922460623818469,-0.0011403438184691694,0.0011403438184691694
Ti64,600,49,Ti64__600,2,-4.92132028,-4.39649648840932,-0.2175700860176496,-0.3072537055730301,-0.3018489114640859,-0.005404794108944233,-0.007084538706133515,-0.3089334501702194,-4.923000024597188,-0.0016797445971885594,0.0016797445971885594
Ti64,600,50,Ti64__600,2,-4.92132028,-4.396275365777739,-0.2175700860176496,-0.3074748282046112,-0.3018489114640859,-0.005625916740525316,-0.00660204754740803,-0.3084509590114939,-4.922296410806882,-0.0009761308068823027,0.0009761308068823027
Ti64,600,51,Ti64__600,2,-4.92132028,-4.396825281557622,-0.2175700860176496,-0.3069249124247278,-0.3018489114640859,-0.005076000960641924,-0.006539626163976398,-0.3083885376280623,-4.9227839052033335,-0.0014636252033337627,0.0014636252033337627
Ti64,600,52,Ti64__600,2,-4.92132028,-4.396890010276826,-0.2175700860176496,-0.3068601837055246,-0.3018489114640859,-0.005011272241438713,-0.006962717443078501,-0.3088116289071644,-4.923271725201639,-0.001951445201639146,0.001951445201639146
Ti64,600,53,Ti64__600,2,-4.92132028,-4.396510778357522,-0.2175700860176496,-0.3072394156248285,-0.3018489114640859,-0.005390504160742604,-0.006841055958947609,-0.3086899674230335,-4.922770831798204,-0.0014505517982046356,0.0014505517982046356
Ti64,600,54,Ti64__600,2,-4.92132028,-4.396563761126488,-0.2175700860176496,-0.3071864328558625,-0.3018489114640859,-0.005337521391776623,-0.006889548261776635,-0.3087384597258625,-4.9228723068699995,-0.0015520268699997786,0.0015520268699997786
Ti64,600,55,Ti64__600,2,-4.92132028,-4.396503251942728,-0.2175700860176496,-0.3072469420396221,-0.3018489114640859,-0.005398030575536228,-0.0068789424678793775,-0.3087278539319653,-4.922801191892343,-0.0014809118923428954,0.0014809118923428954
Ti64,600,56,Ti64__600,2,-4.92132028,-4.396582774824191,-0.2175700860176496,-0.3071674191581591,-0.3018489114640859,-0.005318507694073216,-0.007054544977693159,-0.308903456441779,-4.92305631728362,-0.001736037283619929,0.001736037283619929
Ti64,600,57,Ti64__600,2,-4.92132028,-4.396526753949474,-0.2175700860176496,-0.307223440032876,-0.3018489114640859,-0.005374528568790116,-0.006890024406681085,-0.30873893587076695,-4.92283577583789,-0.001515495837890235,0.001515495837890235
Ti64,600,58,Ti64__600,2,-4.92132028,-4.396331464767262,-0.2175700860176496,-0.3074187292150881,-0.3018489114640859,-0.005569817751002237,-0.0067792094732777525,-0.30862812093736364,-4.922529671722275,-0.0012093917222752992,0.0012093917222752992
Ti64,600,59,Ti64__600,2,-4.92132028,-4.396218920866851,-0.2175700860176496,-0.3075312731154987,-0.3018489114640859,-0.005682361651412837,-0.006998244371568689,-0.3088471558356546,-4.922636162720155,-0.0013158827201555923,0.0013158827201555923
Ti64,600,60,Ti64__600,2,-4.92132028,-4.3965075584837185,-0.2175700860176496,-0.3072426354986316,-0.3018489114640859,-0.005393724034545744,-0.006661537928329432,-0.3085104493924153,-4.922588093893783,-0.001267813893782943,0.001267813893782943
Ti64,600,61,Ti64__600,2,-4.92132028,-4.396750626121908,-0.2175700860176496,-0.3069995678604421,-0.3018489114640859,-0.005150656396356201,-0.006995546262497307,-0.3088444577265832,-4.923165169866141,-0.001844889866140953,0.001844889866140953
Ti64,600,62,Ti64__600,2,-4.92132028,-4.396637777420344,-0.2175700860176496,-0.3071124165620059,-0.3018489114640859,-0.005263505097920007,-0.007028429943454942,-0.3088773414075408,-4.923085204845535,-0.001764924845534921,0.001764924845534921
Ti64,600,63,Ti64__600,2,-4.92132028,-4.396407255619325,-0.2175700860176496,-0.3073429383630254,-0.3018489114640859,-0.005494026898939519,-0.006732830359289596,-0.3085817418233755,-4.922559083460349,-0.0012388034603496578,0.0012388034603496578
Ti64,600,64,Ti64__600,2,-4.92132028,-4.3964498730243955,-0.2175700860176496,-0.3073003209579547,-0.3018489114640859,-0.005451409493868797,-0.006822495689806957,-0.30867140715389285,-4.922691366195938,-0.001371086195938176,0.001371086195938176
Ti64,600,65,Ti64__600,2,-4.92132028,-4.396632507777909,-0.2175700860176496,-0.3071176862044412,-0.3018489114640859,-0.005268774740355309,-0.006668174126170244,-0.30851708559025615,-4.922719679385814,-0.0013993993858143483,0.0013993993858143483
Ti64,600,66,Ti64__600,2,-4.92132028,-4.39656625994318,-0.2175700860176496,-0.3071839340391703,-0.3018489114640859,-0.005335022575084447,-0.006983113142012091,-0.308832024606098,-4.922968370566927,-0.001648090566927607,0.001648090566927607
Ti64,600,67,Ti64__600,2,-4.92132028,-4.396625004349811,-0.2175700860176496,-0.3071251896325387,-0.3018489114640859,-0.00527627816845283,-0.006951447114542812,-0.3088003585786287,-4.922995448946089,-0.0016751689460896557,0.0016751689460896557
Ti64,600,68,Ti64__600,2,-4.92132028,-4.3967307196588425,-0.2175700860176496,-0.3070194743235076,-0.3018489114640859,-0.005170562859421746,-0.006852868808717082,-0.308701780272803,-4.923002585949295,-0.001682305949294971,0.001682305949294971
Ti64,600,69,Ti64__600,2,-4.92132028,-4.396189117768091,-0.2175700860176496,-0.3075610762142592,-0.3018489114640859,-0.005712164750173332,-0.006856588621859429,-0.30870550008594533,-4.922464703871686,-0.0011444238716862287,0.0011444238716862287
Ti64,600,70,Ti64__600,2,-4.92132028,-4.396846564604384,-0.2175700860176496,-0.3069036293779664,-0.3018489114640859,-0.005054717913880513,-0.0071529322995715905,-0.30900184376365747,-4.9234184943856905,-0.0020982143856906887,0.0020982143856906887
Ti64,600,71,Ti64__600,2,-4.92132028,-4.396726695214844,-0.2175700860176496,-0.3070234987675061,-0.3018489114640859,-0.005174587303420242,-0.007018604249411721,-0.3088675157134976,-4.923164296945991,-0.0018440169459914557,0.0018440169459914557
Ti64,600,72,Ti64__600,2,-4.92132028,-4.396286152355601,-0.2175700860176496,-0.3074640416267492,-0.3018489114640859,-0.0056151301626632955,-0.006822580489582129,-0.308671491953668,-4.922527730326919,-0.0012074503269188241,0.0012074503269188241
Ti64,600,73,Ti64__600,2,-4.92132028,-4.396792983389799,-0.2175700860176496,-0.3069572105925507,-0.3018489114640859,-0.005108299128464833,-0.006939489517001168,-0.30878840098108706,-4.923151470388536,-0.0018311903885361858,0.0018311903885361858
Ti64,600,74,Ti64__600,2,-4.92132028,-4.396927029528792,-0.2175700860176496,-0.3068231644535585,-0.3018489114640859,-0.004974252989472627,-0.00695184615966574,-0.30880075762375164,-4.923297873170193,-0.0019775931701930816,0.0019775931701930816
Ti64,600,75,Ti64__600,2,-4.92132028,-4.396443545029094,-0.2175700860176496,-0.3073066489532557,-0.3018489114640859,-0.005457737489169834,-0.007236877875568335,-0.3090857893396542,-4.923099420386398,-0.0017791403863984812,0.0017791403863984812
Ti64,600,76,Ti64__600,2,-4.92132028,-4.396431938861765,-0.2175700860176496,-0.3073182551205852,-0.3018489114640859,-0.005469343656499315,-0.006905451228687871,-0.30875436269277373,-4.922756387572188,-0.001436107572188483,0.001436107572188483
Ti64,600,77,Ti64__600,2,-4.92132028,-4.396561727343805,-0.2175700860176496,-0.3071884666385452,-0.3018489114640859,-0.005339555174459332,-0.006836192684429769,-0.30868510414851563,-4.922816917509969,-0.001496637509969645,0.001496637509969645
Ti64,600,78,Ti64__600,2,-4.92132028,-4.396567968071927,-0.2175700860176496,-0.3071822259104234,-0.3018489114640859,-0.0053333144463375,-0.0065675777514810395,-0.3084164892155669,-4.922554543305143,-0.0012342633051432017,0.0012342633051432017
Ti64,600,79,Ti64__600,2,-4.92132028,-4.396820468135546,-0.2175700860176496,-0.3069297258468039,-0.3018489114640859,-0.005080814382718013,-0.006995275393926807,-0.3088441868580127,-4.923234741011208,-0.0019144610112080684,0.0019144610112080684
Ti64,600,80,Ti64__600,2,-4.92132028,-4.396397932537566,-0.2175700860176496,-0.3073522614447844,-0.3018489114640859,-0.005503349980698513,-0.006636461988753556,-0.30848537345283944,-4.922453392008054,-0.0011331120080546597,0.0011331120080546597
Ti64,600,81,Ti64__600,2,-4.92132028,-4.396893510844265,-0.2175700860176496,-0.3068566831380851,-0.3018489114640859,-0.0050077716739992395,-0.006765349255895423,-0.3086142607199813,-4.923077857581895,-0.001757577581895653,0.001757577581895653
Ti64,600,82,Ti64__600,2,-4.92132028,-4.396204144532286,-0.2175700860176496,-0.3075460494500645,-0.3018489114640859,-0.005697137985978595,-0.006777182967630571,-0.30862609443171646,-4.922400324981651,-0.0010800449816512625,0.0010800449816512625
Ti64,600,83,Ti64__600,2,-4.92132028,-4.396236917216804,-0.2175700860176496,-0.3075132767655463,-0.3018489114640859,-0.005664365301460417,-0.006825220671796047,-0.3086741321358819,-4.922481135370335,-0.0011608553703350566,0.0011608553703350566
Ti64,600,84,Ti64__600,2,-4.92132028,-4.39675858816306,-0.2175700860176496,-0.3069916058192904,-0.3018489114640859,-0.005142694355204536,-0.007074753936449685,-0.30892366540053556,-4.923252339581245,-0.0019320595812448715,0.0019320595812448715
Ti64,600,85,Ti64__600,2,-4.92132028,-4.396302732618048,-0.2175700860176496,-0.3074474613643018,-0.3018489114640859,-0.00559854990021591,-0.006810203070128303,-0.3086591145342142,-4.922531933169912,-0.0012116531699124522,0.0012116531699124522
Ti64,600,86,Ti64__600,2,-4.92132028,-4.396666405498531,-0.2175700860176496,-0.3070837884838188,-0.3018489114640859,-0.005234877019732909,-0.006781951746407354,-0.3086308632104932,-4.922867354726674,-0.001547074726674147,0.001547074726674147
Ti64,600,87,Ti64__600,2,-4.92132028,-4.39670155040626,-0.2175700860176496,-0.3070486435760898,-0.3018489114640859,-0.005199732112003919,-0.007151727168620947,-0.3090006386327068,-4.9232722750566165,-0.0019519950566166955,0.0019519950566166955
Ti64,600,88,Ti64__600,2,-4.92132028,-4.396266050380085,-0.2175700860176496,-0.3074841436022654,-0.3018489114640859,-0.005635232138179513,-0.0070663963893103435,-0.3089153078533962,-4.92275144425113,-0.0014311642511302125,0.0014311642511302125
Ti64,600,89,Ti64__600,2,-4.92132028,-4.396340887759132,-0.2175700860176496,-0.3074093062232178,-0.3018489114640859,-0.005560394759131948,-0.006966084525412555,-0.3088149959894984,-4.92272596976628,-0.0014056897662806378,0.0014056897662806378
Ti64,600,90,Ti64__600,2,-4.92132028,-4.396749567123821,-0.2175700860176496,-0.3070006268585296,-0.3018489114640859,-0.005151715394443701,-0.007160898603894335,-0.30900981006798023,-4.92332946320945,-0.002009183209450427,0.002009183209450427
Ti64,600,91,Ti64__600,2,-4.92132028,-4.396531460571076,-0.2175700860176496,-0.3072187334112742,-0.3018489114640859,-0.005369821947188325,-0.007049890976381055,-0.3088988024404669,-4.923000349029192,-0.001680069029192488,0.001680069029192488
Ti64,600,92,Ti64__600,2,-4.92132028,-4.396424528633526,-0.2175700860176496,-0.3073256653488242,-0.3018489114640859,-0.005476753884738339,-0.006654192250047169,-0.30850310371413303,-4.9224977183653085,-0.0011774383653087028,0.0011774383653087028
Ti64,600,93,Ti64__600,2,-4.92132028,-4.396674870259222,-0.2175700860176496,-0.3070753237231282,-0.3018489114640859,-0.005226412259042301,-0.006699970019124191,-0.3085488814832101,-4.922793837760081,-0.001473557760081512,0.001473557760081512
Ti64,600,94,Ti64__600,2,-4.92132028,-4.396431154504208,-0.2175700860176496,-0.3073190394781419,-0.3018489114640859,-0.005470128014055997,-0.0072297722702358855,-0.3090786837343218,-4.92307992425618,-0.0017596442561798042,0.0017596442561798042
Ti64,600,95,Ti64__600,2,-4.92132028,-4.396183397018176,-0.2175700860176496,-0.3075667969641739,-0.3018489114640859,-0.005717885500088005,-0.006881325376399369,-0.30873023684048523,-4.922483719876311,-0.0011634398763114007,0.0011634398763114007
Ti64,600,96,Ti64__600,2,-4.92132028,-4.396751441965343,-0.2175700860176496,-0.3069987520170075,-0.3018489114640859,-0.005149840552921614,-0.006733129436939318,-0.3085820409010252,-4.922903568884017,-0.0015832888840172643,0.0015832888840172643
Ti64,600,97,Ti64__600,2,-4.92132028,-4.396435421606608,-0.2175700860176496,-0.3073147723757424,-0.3018489114640859,-0.005465860911656517,-0.006909009744494194,-0.3087579212085801,-4.9227634288328375,-0.001443148832837693,0.001443148832837693
Ti64,600,98,Ti64__600,2,-4.92132028,-4.396485819833284,-0.2175700860176496,-0.307264374149066,-0.3018489114640859,-0.00541546268498011,-0.0067140168005708585,-0.30856292826465676,-4.92261883411559,-0.0012985541155901004,0.0012985541155901004
Ti64,600,99,Ti64__600,2,-4.92132028,-4.396379298043823,-0.2175700860176496,-0.3073708959385272,-0.3018489114640859,-0.005521984474441299,-0.006798097324533967,-0.30864700878861984,-4.922596392850092,-0.0012761128500926588,0.0012761128500926588
Ti64,700,0,Ti64__700,1,-4.97995281,-4.339720950285658,-0.2175700860176496,-0.4226617736966928,-0.4079307768405609,-0.014730996856131884,-0.009755261750249704,-0.4176860385908106,-4.974977074894118,0.004975735105882784,0.004975735105882784
Ti64,700,1,Ti64__700,1,-4.97995281,-4.339147931224085,-0.2175700860176496,-0.4232347927582657,-0.4079307768405609,-0.015304015917704805,-0.009552453146722765,-0.41748322998728365,-4.974201247229018,0.0057515627709827655,0.0057515627709827655
Ti64,700,2,Ti64__700,1,-4.97995281,-4.33933811263017,-0.2175700860176496,-0.4230446113521809,-0.4079307768405609,-0.015113834511620017,-0.009562318729428301,-0.4174930955699892,-4.974401294217809,0.005551515782191707,0.005551515782191707
Ti64,700,3,Ti64__700,1,-4.97995281,-4.339416710333467,-0.2175700860176496,-0.4229660136488841,-0.4079307768405609,-0.015035236808323194,-0.009255025941872249,-0.41718580278243317,-4.974172599133549,0.005780210866451085,0.005780210866451085
Ti64,700,4,Ti64__700,1,-4.97995281,-4.339146998765803,-0.2175700860176496,-0.4232357252165478,-0.4079307768405609,-0.015304948375986893,-0.009644573504174058,-0.417575350344735,-4.974292435128187,0.005660374871813367,0.005660374871813367
Ti64,700,5,Ti64__700,1,-4.97995281,-4.339194732834444,-0.2175700860176496,-0.4231879911479069,-0.4079307768405609,-0.015257214307346001,-0.009761378028354603,-0.4176921548689155,-4.974456973721009,0.005495836278991639,0.005495836278991639
Ti64,700,6,Ti64__700,1,-4.97995281,-4.339172012707532,-0.2175700860176496,-0.4232107112748183,-0.4079307768405609,-0.015279934434257403,-0.009619058408430959,-0.41754983524899186,-4.974291933974174,0.0056608760258267665,0.0056608760258267665
Ti64,700,7,Ti64__700,1,-4.97995281,-4.339110394326153,-0.2175700860176496,-0.4232723296561979,-0.4079307768405609,-0.015341552815636983,-0.009369233843023588,-0.41730001068358447,-4.973980491027387,0.005972318972613522,0.005972318972613522
Ti64,700,8,Ti64__700,1,-4.97995281,-4.339286540929347,-0.2175700860176496,-0.4230961830530036,-0.4079307768405609,-0.015165406212442722,-0.00970940230066121,-0.4176401791412221,-4.974496806088219,0.005456003911781693,0.005456003911781693
Ti64,700,9,Ti64__700,1,-4.97995281,-4.338806326332684,-0.2175700860176496,-0.4235763976496663,-0.4079307768405609,-0.01564562080910542,-0.010170520362845617,-0.4181012972034065,-4.9744777095537405,0.005475100446259873,0.005475100446259873
Ti64,700,10,Ti64__700,1,-4.97995281,-4.339200396060606,-0.2175700860176496,-0.4231823279217451,-0.4079307768405609,-0.0152515510811842,-0.009822424506285024,-0.4177532013468459,-4.974523683425101,0.005429126574899357,0.005429126574899357
Ti64,700,11,Ti64__700,1,-4.97995281,-4.339700412211651,-0.2175700860176496,-0.4226823117706996,-0.4079307768405609,-0.014751534930138699,-0.009226850676767663,-0.41715762751732854,-4.974428125746629,0.005524684253371603,0.005524684253371603
Ti64,700,12,Ti64__700,1,-4.97995281,-4.33947135749021,-0.2175700860176496,-0.4229113664921403,-0.4079307768405609,-0.01498058965157939,-0.009259704715505107,-0.417190481556066,-4.9742319250639255,0.00572088493607481,0.00572088493607481
Ti64,700,13,Ti64__700,1,-4.97995281,-4.339016744066072,-0.2175700860176496,-0.4233659799162789,-0.4079307768405609,-0.015435203075717996,-0.009758792000929164,-0.41768956884149006,-4.974276398925211,0.005676411074789556,0.005676411074789556
Ti64,700,14,Ti64__700,1,-4.97995281,-4.339145795844645,-0.2175700860176496,-0.4232369281377061,-0.4079307768405609,-0.015306151297145187,-0.009512228850340027,-0.4174430056909009,-4.974158887553195,0.005793922446805766,0.005793922446805766
Ti64,700,15,Ti64__700,1,-4.97995281,-4.339064072661072,-0.2175700860176496,-0.4233186513212784,-0.4079307768405609,-0.01538787448071749,-0.009505243655348545,-0.41743602049590944,-4.974070179174631,0.005882630825369439,0.005882630825369439
Ti64,700,16,Ti64__700,1,-4.97995281,-4.3392885216541615,-0.2175700860176496,-0.4230942023281893,-0.4079307768405609,-0.01516342548762839,-0.009973924043638274,-0.4179047008841992,-4.97476330855601,0.005189501443989997,0.005189501443989997
Ti64,700,17,Ti64__700,1,-4.97995281,-4.339312736839765,-0.2175700860176496,-0.4230699871425859,-0.4079307768405609,-0.01513921030202503,-0.009583307620397212,-0.4175140844609581,-4.974396907318372,0.005555902681628311,0.005555902681628311
Ti64,700,18,Ti64__700,1,-4.97995281,-4.3393184463340155,-0.2175700860176496,-0.4230642776483352,-0.4079307768405609,-0.015133500807774314,-0.009578357278633346,-0.4175091341191942,-4.974397666470859,0.0055551435291416595,0.0055551435291416595
Ti64,700,19,Ti64__700,1,-4.97995281,-4.339348207230386,-0.2175700860176496,-0.4230345167519648,-0.4079307768405609,-0.015103739911403902,-0.009435613059206756,-0.41736638989976765,-4.974284683147803,0.005668126852197197,0.005668126852197197
Ti64,700,20,Ti64__700,1,-4.97995281,-4.33904474662533,-0.2175700860176496,-0.4233379773570208,-0.4079307768405609,-0.015407200516459885,-0.009818094651724273,-0.4177488714922852,-4.974363704135264,0.005589105864736155,0.005589105864736155
Ti64,700,21,Ti64__700,1,-4.97995281,-4.339348345651789,-0.2175700860176496,-0.4230343783305615,-0.4079307768405609,-0.015103601490000618,-0.009559605749359754,-0.41749038258992066,-4.974408814259359,0.00554399574064135,0.00554399574064135
Ti64,700,22,Ti64__700,1,-4.97995281,-4.338828696890795,-0.2175700860176496,-0.4235540270915555,-0.4079307768405609,-0.015623250250994591,-0.009647925564451801,-0.4175787024050127,-4.9739774853134575,0.005975324686542827,0.005975324686542827
Ti64,700,23,Ti64__700,1,-4.97995281,-4.339426484519019,-0.2175700860176496,-0.4229562394633316,-0.4079307768405609,-0.015025462622770713,-0.00941025923802356,-0.41734103607858447,-4.9743376066152525,0.005615203384747858,0.005615203384747858
Ti64,700,24,Ti64__700,1,-4.97995281,-4.339383218226662,-0.2175700860176496,-0.4229995057556884,-0.4079307768405609,-0.015068728915127505,-0.009697158272570127,-0.417627935113131,-4.974581239357443,0.005371570642557444,0.005371570642557444
Ti64,700,25,Ti64__700,1,-4.97995281,-4.33886596268985,-0.2175700860176496,-0.4235167612925009,-0.4079307768405609,-0.015585984451939983,-0.010104985538755634,-0.4180357623793165,-4.974471811086816,0.005480998913184543,0.005480998913184543
Ti64,700,26,Ti64__700,1,-4.97995281,-4.338892873964819,-0.2175700860176496,-0.4234898500175316,-0.4079307768405609,-0.015559073176970695,-0.009783007551305062,-0.41771378439186596,-4.9741767443743345,0.005776065625665794,0.005776065625665794
Ti64,700,27,Ti64__700,1,-4.97995281,-4.339012430657616,-0.2175700860176496,-0.4233702933247351,-0.4079307768405609,-0.015439516484174187,-0.009809852784393962,-0.41774062962495484,-4.97432314630022,0.005629663699780352,0.005629663699780352
Ti64,700,28,Ti64__700,1,-4.97995281,-4.33897077881316,-0.2175700860176496,-0.4234119451691903,-0.4079307768405609,-0.015481168328629391,-0.009840639225163076,-0.417771416065724,-4.974312280896534,0.005640529103466463,0.005640529103466463
Ti64,700,29,Ti64__700,1,-4.97995281,-4.339322399227592,-0.2175700860176496,-0.4230603247547583,-0.4079307768405609,-0.015129547914197405,-0.009805650206136772,-0.41773642704669767,-4.974628912291939,0.005323897708061409,0.005323897708061409
Ti64,700,30,Ti64__700,1,-4.97995281,-4.339065364833571,-0.2175700860176496,-0.4233173591487796,-0.4079307768405609,-0.01538658230821871,-0.009953442550573233,-0.4178842193911341,-4.974519670242355,0.005433139757645478,0.005433139757645478
Ti64,700,31,Ti64__700,1,-4.97995281,-4.339089384291732,-0.2175700860176496,-0.4232933396906185,-0.4079307768405609,-0.015362562850057604,-0.009606315802366096,-0.417537092642927,-4.974196562952309,0.0057562470476915095,0.0057562470476915095
Ti64,700,32,Ti64__700,1,-4.97995281,-4.339117295724277,-0.2175700860176496,-0.4232654282580738,-0.4079307768405609,-0.01533465141751289,-0.009416155347066815,-0.4173469321876277,-4.974034313929554,0.005918496070446366,0.005918496070446366
Ti64,700,33,Ti64__700,1,-4.97995281,-4.339316915215111,-0.2175700860176496,-0.4230658087672397,-0.4079307768405609,-0.01513503192667881,-0.009257852632157686,-0.41718862947271856,-4.974075630705479,0.005877179294521362,0.005877179294521362
Ti64,700,34,Ti64__700,1,-4.97995281,-4.338830912451924,-0.2175700860176496,-0.4235518115304263,-0.4079307768405609,-0.01562103468986542,-0.009677302515416947,-0.4176080793559778,-4.974009077825552,0.005943732174448435,0.005943732174448435
Ti64,700,35,Ti64__700,1,-4.97995281,-4.338645318630563,-0.2175700860176496,-0.4237374053517874,-0.4079307768405609,-0.015806628511226495,-0.00966648788334318,-0.41759726472390407,-4.9738126693721165,0.006140140627883817,0.006140140627883817
Ti64,700,36,Ti64__700,1,-4.97995281,-4.339201711513192,-0.2175700860176496,-0.4231810124691592,-0.4079307768405609,-0.015250235628598285,-0.00977826763871199,-0.4177090444792729,-4.974480842010114,0.005471967989886473,0.005471967989886473
Ti64,700,37,Ti64__700,1,-4.97995281,-4.339652961772605,-0.2175700860176496,-0.422729762209746,-0.4079307768405609,-0.014798985369185114,-0.009623953903311328,-0.4175547307438722,-4.9747777785341265,0.005175031465873836,0.005175031465873836
Ti64,700,38,Ti64__700,1,-4.97995281,-4.339478699465538,-0.2175700860176496,-0.4229040245168131,-0.4079307768405609,-0.014973247676252188,-0.009628327349906807,-0.4175591041904677,-4.9746078896736545,0.0053449203263458145,0.0053449203263458145
Ti64,700,39,Ti64__700,1,-4.97995281,-4.338924675500242,-0.2175700860176496,-0.4234580484821088,-0.4079307768405609,-0.01552727164154788,-0.009911563608015051,-0.41784234044857593,-4.9743371019664675,0.00561570803353284,0.00561570803353284
Ti64,700,40,Ti64__700,1,-4.97995281,-4.33959043053692,-0.2175700860176496,-0.4227922934454305,-0.4079307768405609,-0.014861516604869618,-0.009575414999654851,-0.41750619184021576,-4.9746667083947855,0.00528610160521481,0.00528610160521481
Ti64,700,41,Ti64__700,1,-4.97995281,-4.339365867917274,-0.2175700860176496,-0.4230168560650768,-0.4079307768405609,-0.01508607922451588,-0.009465154649499496,-0.4173959314900604,-4.974331885424983,0.00562092457501695,0.00562092457501695
Ti64,700,42,Ti64__700,1,-4.97995281,-4.339090168361218,-0.2175700860176496,-0.4232925556211327,-0.4079307768405609,-0.015361778780571822,-0.009476002705305516,-0.4174067795458664,-4.974067033924734,0.0058857760752664134,0.0058857760752664134
Ti64,700,43,Ti64__700,1,-4.97995281,-4.339665369815821,-0.2175700860176496,-0.42271735416653,-0.4079307768405609,-0.014786577325969108,-0.009647797897730362,-0.41757857473829124,-4.974814030571761,0.0051387794282389265,0.0051387794282389265
Ti64,700,44,Ti64__700,1,-4.97995281,-4.339206401425805,-0.2175700860176496,-0.4231763225565453,-0.4079307768405609,-0.01524554571598441,-0.009666156028076993,-0.41759693286863786,-4.974373420312093,0.005579389687907721,0.005579389687907721
Ti64,700,45,Ti64__700,1,-4.97995281,-4.339224393864507,-0.2175700860176496,-0.4231583301178437,-0.4079307768405609,-0.015227553277282813,-0.009787957741933438,-0.4177187345824943,-4.9745132144646504,0.005439595535349895,0.005439595535349895
Ti64,700,46,Ti64__700,1,-4.97995281,-4.339519451117138,-0.2175700860176496,-0.4228632728652123,-0.4079307768405609,-0.01493249602465141,-0.009874562424499479,-0.41780533926506036,-4.974894876399848,0.005057933600152609,0.005057933600152609
Ti64,700,47,Ti64__700,1,-4.97995281,-4.3394337555805045,-0.2175700860176496,-0.4229489684018462,-0.4079307768405609,-0.01501819156128531,-0.009174647705478142,-0.41710542454603905,-4.974109266144193,0.0058435438558070985,0.0058435438558070985
Ti64,700,48,Ti64__700,1,-4.97995281,-4.338975071278561,-0.2175700860176496,-0.4234076527037894,-0.4079307768405609,-0.01547687586322849,-0.009702227942450783,-0.4176330047830117,-4.974178162079222,0.0057746479207780865,0.0057746479207780865
Ti64,700,49,Ti64__700,1,-4.97995281,-4.3390155476904955,-0.2175700860176496,-0.4233671762918553,-0.4079307768405609,-0.01543639945129438,-0.010136753435638707,-0.4180675302761996,-4.974653163984344,0.005299646015656023,0.005299646015656023
Ti64,700,50,Ti64__700,1,-4.97995281,-4.339400691184977,-0.2175700860176496,-0.4229820327973735,-0.4079307768405609,-0.015051255956812615,-0.00938673953318291,-0.4173175163737438,-4.97428829357637,0.005664516423630417,0.005664516423630417
Ti64,700,51,Ti64__700,1,-4.97995281,-4.339143315672992,-0.2175700860176496,-0.423239408309359,-0.4079307768405609,-0.015308631468798128,-0.009529216183018678,-0.41745999302357956,-4.974173394714221,0.005779415285779521,0.005779415285779521
Ti64,700,52,Ti64__700,1,-4.97995281,-4.339029822313802,-0.2175700860176496,-0.4233529016685488,-0.4079307768405609,-0.015422124827987882,-0.009572036782312726,-0.4175028136228736,-4.974102721954325,0.005850088045675328,0.005850088045675328
Ti64,700,53,Ti64__700,1,-4.97995281,-4.3393265863134705,-0.2175700860176496,-0.4230561376688803,-0.4079307768405609,-0.01512536082831939,-0.009222029371133143,-0.41715280621169404,-4.974049478542813,0.005903331457187022,0.005903331457187022
Ti64,700,54,Ti64__700,1,-4.97995281,-4.3385440011774055,-0.2175700860176496,-0.4238387228049453,-0.4079307768405609,-0.015907945964384385,-0.009872222242056857,-0.41780299908261775,-4.973917086277672,0.006035723722328079,0.006035723722328079
Ti64,700,55,Ti64__700,1,-4.97995281,-4.339516283360008,-0.2175700860176496,-0.4228664406223427,-0.4079307768405609,-0.014935663781781794,-0.00980594000654263,-0.4177367168471035,-4.97482308622476,0.005129723775239903,0.005129723775239903
Ti64,700,56,Ti64__700,1,-4.97995281,-4.339175334519682,-0.2175700860176496,-0.4232073894626685,-0.4079307768405609,-0.01527661262210761,-0.00959255068881689,-0.41752332752937776,-4.974268748066709,0.0056840619332909625,0.0056840619332909625
Ti64,700,57,Ti64__700,1,-4.97995281,-4.338510028805302,-0.2175700860176496,-0.4238726951770492,-0.4079307768405609,-0.01594191833648828,-0.00974851441486505,-0.41767929125542597,-4.9737594060783765,0.006193403921623819,0.006193403921623819
Ti64,700,58,Ti64__700,1,-4.97995281,-4.33937865879452,-0.2175700860176496,-0.4230040651878305,-0.4079307768405609,-0.01507328834726962,-0.00954674945182918,-0.4174775262923901,-4.9744262711045595,0.005526538895440858,0.005526538895440858
Ti64,700,59,Ti64__700,1,-4.97995281,-4.339276322263739,-0.2175700860176496,-0.4231064017186116,-0.4079307768405609,-0.015175624878050686,-0.009630857548476835,-0.4175616343890377,-4.974408042670426,0.00554476732957454,0.00554476732957454
Ti64,700,60,Ti64__700,1,-4.97995281,-4.339392058811598,-0.2175700860176496,-0.4229906651707523,-0.4079307768405609,-0.015059888330191396,-0.009421712280410506,-0.4173524891209714,-4.974314633950219,0.0056381760497812294,0.0056381760497812294
Ti64,700,61,Ti64__700,1,-4.97995281,-4.338540302801595,-0.2175700860176496,-0.4238424211807553,-0.4079307768405609,-0.01591164434019443,-0.010267505336731523,-0.41819828217729244,-4.974308670996537,0.005644139003463167,0.005644139003463167
Ti64,700,62,Ti64__700,1,-4.97995281,-4.3390632768573365,-0.2175700860176496,-0.4233194471250142,-0.4079307768405609,-0.015388670284453287,-0.009669414620810382,-0.4176001914613713,-4.974233554336357,0.005719255663643175,0.005719255663643175
Ti64,700,63,Ti64__700,1,-4.97995281,-4.339258914408344,-0.2175700860176496,-0.4231238095740069,-0.4079307768405609,-0.015193032733446021,-0.009597483213861287,-0.4175282600544222,-4.974357260480415,0.005595549519584964,0.005595549519584964
Ti64,700,64,Ti64__700,1,-4.97995281,-4.339322359937309,-0.2175700860176496,-0.4230603640450413,-0.4079307768405609,-0.015129587204480432,-0.009395934808735767,-0.4173267116492967,-4.974219157604256,0.005733652395744748,0.005733652395744748
Ti64,700,65,Ti64__700,1,-4.97995281,-4.339269544335799,-0.2175700860176496,-0.4231131796465514,-0.4079307768405609,-0.01518240280599048,-0.009692268967774946,-0.4176230458083358,-4.974462676161784,0.00549013383821606,0.00549013383821606
Ti64,700,66,Ti64__700,1,-4.97995281,-4.339585486078816,-0.2175700860176496,-0.4227972379035348,-0.4079307768405609,-0.014866461062973901,-0.009573385413533432,-0.4175041622540943,-4.97465973435056,0.005293075649440482,0.005293075649440482
Ti64,700,67,Ti64__700,1,-4.97995281,-4.33957842711682,-0.2175700860176496,-0.4228042968655311,-0.4079307768405609,-0.014873520024970222,-0.009645284089630723,-0.4175760609301916,-4.974724574064661,0.005228235935339498,0.005228235935339498
Ti64,700,68,Ti64__700,1,-4.97995281,-4.339212595899013,-0.2175700860176496,-0.4231701280833381,-0.4079307768405609,-0.0152393512427772,-0.00947014742780138,-0.4174009242683623,-4.974183606185024,0.005769203814976365,0.005769203814976365
Ti64,700,69,Ti64__700,1,-4.97995281,-4.338987239497784,-0.2175700860176496,-0.423395484484567,-0.4079307768405609,-0.015464707644006093,-0.0092951512234353,-0.41722592806399617,-4.9737832535794295,0.006169556420570821,0.006169556420570821
Ti64,700,70,Ti64__700,1,-4.97995281,-4.338792349539193,-0.2175700860176496,-0.4235903744431578,-0.4079307768405609,-0.015659597602596886,-0.009478915217900525,-0.4174096920584614,-4.9737721276153035,0.006180682384696823,0.006180682384696823
Ti64,700,71,Ti64__700,1,-4.97995281,-4.339145112948382,-0.2175700860176496,-0.4232376110339692,-0.4079307768405609,-0.01530683419340828,-0.00915236830912936,-0.41708314514969025,-4.973798344115721,0.006154465884279148,0.006154465884279148
Ti64,700,72,Ti64__700,1,-4.97995281,-4.339318837837609,-0.2175700860176496,-0.4230638861447421,-0.4079307768405609,-0.015133109304181214,-0.00931478916708092,-0.4172455660076418,-4.9741344898629,0.005818320137100486,0.005818320137100486
Ti64,700,73,Ti64__700,1,-4.97995281,-4.339311952954381,-0.2175700860176496,-0.4230707710279701,-0.4079307768405609,-0.01513999418740919,-0.009663032816104884,-0.41759380965666576,-4.974475848628695,0.005476961371305045,0.005476961371305045
Ti64,700,74,Ti64__700,1,-4.97995281,-4.3392534746906275,-0.2175700860176496,-0.4231292492917232,-0.4079307768405609,-0.015198472451162293,-0.009622662315733332,-0.4175534391562942,-4.974376999864571,0.005575810135429293,0.005575810135429293
Ti64,700,75,Ti64__700,1,-4.97995281,-4.338903690321199,-0.2175700860176496,-0.4234790336611521,-0.4079307768405609,-0.015548256820591189,-0.00954103292280578,-0.4174718097633667,-4.973945586102214,0.006007223897785963,0.006007223897785963
Ti64,700,76,Ti64__700,1,-4.97995281,-4.3390457029335545,-0.2175700860176496,-0.4233370210487962,-0.4079307768405609,-0.015406244208235331,-0.009322496814619705,-0.4172532736551806,-4.973869062606385,0.006083747393615724,0.006083747393615724
Ti64,700,77,Ti64__700,1,-4.97995281,-4.339363176058205,-0.2175700860176496,-0.4230195479241457,-0.4079307768405609,-0.015088771083584807,-0.00932927038506405,-0.41726004722562493,-4.974193309301479,0.005759500698521158,0.005759500698521158
Ti64,700,78,Ti64__700,1,-4.97995281,-4.3393618578306095,-0.2175700860176496,-0.4230208661517413,-0.4079307768405609,-0.015090089311180388,-0.00961983125018524,-0.4175506080907461,-4.974482551939005,0.005470258060995548,0.005470258060995548
Ti64,700,79,Ti64__700,1,-4.97995281,-4.33944287727689,-0.2175700860176496,-0.4229398467054605,-0.4079307768405609,-0.015009069864899582,-0.00967652755298197,-0.4176073043935429,-4.974620267688082,0.005332542311918154,0.005332542311918154
Ti64,700,80,Ti64__700,1,-4.97995281,-4.339100290653134,-0.2175700860176496,-0.423282433329217,-0.4079307768405609,-0.015351656488656107,-0.009479960779361581,-0.4174107376199225,-4.974081114290706,0.005871695709294578,0.005871695709294578
Ti64,700,81,Ti64__700,1,-4.97995281,-4.339025274849377,-0.2175700860176496,-0.4233574491329733,-0.4079307768405609,-0.015426672292412402,-0.009789721470576222,-0.4177204983111371,-4.974315859178164,0.005636950821836351,0.005636950821836351
Ti64,700,82,Ti64__700,1,-4.97995281,-4.33909891538465,-0.2175700860176496,-0.423283808597701,-0.4079307768405609,-0.01535303175714009,-0.009719979256431456,-0.41765075609699237,-4.974319757499291,0.0056330525007091126,0.0056330525007091126
Ti64,700,83,Ti64__700,1,-4.97995281,-4.339615224164644,-0.2175700860176496,-0.4227674998177063,-0.4079307768405609,-0.014836722977145389,-0.009684484474134518,-0.4176152613146954,-4.974800571496989,0.005152238503010942,0.005152238503010942
Ti64,700,84,Ti64__700,1,-4.97995281,-4.339234271571302,-0.2175700860176496,-0.423148452411049,-0.4079307768405609,-0.015217675570488087,-0.009949147659352326,-0.41787992449991324,-4.974684282088864,0.005268527911136189,0.005268527911136189
Ti64,700,85,Ti64__700,1,-4.97995281,-4.339050293462229,-0.2175700860176496,-0.4233324305201217,-0.4079307768405609,-0.015401653679560812,-0.009723525713712313,-0.4176543025542732,-4.974274682034151,0.0056781279658491,0.0056781279658491
Ti64,700,86,Ti64__700,1,-4.97995281,-4.339585527714917,-0.2175700860176496,-0.422797196267434,-0.4079307768405609,-0.014866419426873112,-0.00957882956440022,-0.4175096064049611,-4.974665220137527,0.005287589862473574,0.005287589862473574
Ti64,700,87,Ti64__700,1,-4.97995281,-4.339263021614718,-0.2175700860176496,-0.4231197023676328,-0.4079307768405609,-0.015188925527071906,-0.009474484387350749,-0.41740526122791166,-4.974238368860279,0.005714441139721416,0.005714441139721416
Ti64,700,88,Ti64__700,1,-4.97995281,-4.339427081125133,-0.2175700860176496,-0.4229556428572177,-0.4079307768405609,-0.015024866016656813,-0.009200659989765504,-0.4171314368303264,-4.974128603973108,0.005824206026892043,0.005824206026892043
Ti64,700,89,Ti64__700,1,-4.97995281,-4.339136051827855,-0.2175700860176496,-0.4232466721544959,-0.4079307768405609,-0.015315895313935013,-0.009045323188331454,-0.41697610002889235,-4.973682237874397,0.006270572125603557,0.006270572125603557
Ti64,700,90,Ti64__700,1,-4.97995281,-4.339092533489974,-0.2175700860176496,-0.4232901904923768,-0.4079307768405609,-0.015359413651815923,-0.00954793753089544,-0.41747871437145634,-4.974141333879079,0.005811476120920922,0.005811476120920922
Ti64,700,91,Ti64__700,1,-4.97995281,-4.339746109915792,-0.2175700860176496,-0.4226366140665588,-0.4079307768405609,-0.014705837225997886,-0.009018738934458263,-0.41694951577501915,-4.97426571170846,0.005687098291540238,0.005687098291540238
Ti64,700,92,Ti64__700,1,-4.97995281,-4.339453824347157,-0.2175700860176496,-0.4229288996351933,-0.4079307768405609,-0.014998122794632418,-0.009468947898505622,-0.4173997247390665,-4.974423635103873,0.0055291748961270315,0.0055291748961270315
Ti64,700,93,Ti64__700,1,-4.97995281,-4.339066348892513,-0.2175700860176496,-0.4233163750898377,-0.4079307768405609,-0.015385598249276822,-0.009429555015639418,-0.4173603318562003,-4.973996766766363,0.005956043233637409,0.005956043233637409
Ti64,700,94,Ti64__700,1,-4.97995281,-4.339432523838973,-0.2175700860176496,-0.4229502001433781,-0.4079307768405609,-0.015019423302817192,-0.009508559245398488,-0.4174393360859594,-4.974441945942582,0.00551086405741863,0.00551086405741863
Ti64,700,95,Ti64__700,1,-4.97995281,-4.339388337774061,-0.2175700860176496,-0.42299438620829,-0.4079307768405609,-0.015063609367729103,-0.009723098357110695,-0.4176538751976716,-4.974612298989381,0.005340511010619053,0.005340511010619053
Ti64,700,96,Ti64__700,1,-4.97995281,-4.339077994516817,-0.2175700860176496,-0.4233047294655337,-0.4079307768405609,-0.01537395262497282,-0.009336512207841865,-0.41726728904840277,-4.973915369582869,0.006037440417131279,0.006037440417131279
Ti64,700,97,Ti64__700,1,-4.97995281,-4.339383016144334,-0.2175700860176496,-0.4229997078380171,-0.4079307768405609,-0.015068930997456209,-0.00941633609715302,-0.4173471129377139,-4.974300215099697,0.005652594900303676,0.005652594900303676
Ti64,700,98,Ti64__700,1,-4.97995281,-4.339079516539501,-0.2175700860176496,-0.4233032074428499,-0.4079307768405609,-0.015372430602288989,-0.009335720913256278,-0.4172664977538172,-4.9739161003109675,0.006036709689032804,0.006036709689032804
Ti64,700,99,Ti64__700,1,-4.97995281,-4.33930868718616,-0.2175700860176496,-0.4230740367961904,-0.4079307768405609,-0.015143259955629484,-0.009812362230530525,-0.4177431390710914,-4.974621912274901,0.005330897725099426,0.005330897725099426
alpha-TiAl,300,0,alpha-TiAl__300,0,-4.80882399,-4.595842307952159,-0.2125885662818252,-0.0003931157660153,-0.0008206867479050619,0.00042757098188976194,-0.0003670575943239105,-0.0011877443422289725,-4.809618618576213,-0.0007946285762132632,0.0007946285762132632
alpha-TiAl,300,1,alpha-TiAl__300,0,-4.80882399,-4.596358590579375,-0.2125885662818252,0.0001231668612007,-0.0008206867479050619,0.000943853609105762,-0.0008902342587671219,-0.0017109210066721839,-4.810658077867872,-0.0018340878678726469,0.0018340878678726469
alpha-TiAl,300,2,alpha-TiAl__300,0,-4.80882399,-4.596318648301278,-0.2125885662818252,8.322458310328074e-05,-0.0008206867479050619,0.0009039113310083427,0.00023313456859541375,-0.0005875521793096482,-4.809494766762413,-0.0006707767624130057,0.0006707767624130057
alpha-TiAl,300,3,alpha-TiAl__300,0,-4.80882399,-4.595912718784216,-0.2125885662818252,-0.000322704933958,-0.0008206867479050619,0.0004979818139470619,5.687948699122467e-05,-0.0007638072609138372,-4.809265092326956,-0.00044110232695615537,0.00044110232695615537
alpha-TiAl,300,4,alpha-TiAl__300,0,-4.80882399,-4.596201461861145,-0.2125885662818252,-3.396185702975174e-05,-0.0008206867479050619,0.0007867248908753102,7.909090538168121e-05,-0.0007415958425233808,-4.809531623985493,-0.000707633985493672,0.000707633985493672
alpha-TiAl,300,5,alpha-TiAl__300,0,-4.80882399,-4.596331854077492,-0.2125885662818252,9.64303593171678e-05,-0.0008206867479050619,0.0009171171072222297,-0.0002622401365271306,-0.0010829268844321925,-4.810003347243749,-0.0011793572437497346,0.0011793572437497346
alpha-TiAl,300,6,alpha-TiAl__300,0,-4.80882399,-4.596297583594406,-0.2125885662818252,6.215987623203745e-05,-0.0008206867479050619,0.0008828466241370994,-0.0002146579058002324,-0.0010353446537052944,-4.809921494529937,-0.0010975045299375097,0.0010975045299375097
alpha-TiAl,300,7,alpha-TiAl__300,0,-4.80882399,-4.596383476276219,-0.2125885662818252,0.0001480525580443,-0.0008206867479050619,0.0009687393059493619,-0.0001371209450009529,-0.0009578076929060149,-4.80992985025095,-0.0011058602509503856,0.0011058602509503856
alpha-TiAl,300,8,alpha-TiAl__300,0,-4.80882399,-4.596337982283884,-0.2125885662818252,0.0001025585657092,-0.0008206867479050619,0.0009232453136142619,0.0003596520898613127,-0.00046103465804374924,-4.809387583223753,-0.0005635932237533225,0.0005635932237533225
alpha-TiAl,300,9,alpha-TiAl__300,0,-4.80882399,-4.5964808016649,-0.2125885662818252,0.0002453779467259,-0.0008206867479050619,0.001066064694630962,-0.00018913514565373636,-0.0010098218935587983,-4.810079189840284,-0.0012551998402843267,0.0012551998402843267
alpha-TiAl,300,10,alpha-TiAl__300,0,-4.80882399,-4.596133411914163,-0.2125885662818252,-0.0001020118040111,-0.0008206867479050619,0.0007186749438939619,-0.0001981430272412696,-0.0010188297751463314,-4.809740807971135,-0.0009168179711354085,0.0009168179711354085
alpha-TiAl,300,11,alpha-TiAl__300,0,-4.80882399,-4.596261156786828,-0.2125885662818252,2.57330686537216e-05,-0.0008206867479050619,0.0008464198165587835,0.0004895552460963916,-0.0003311315018086704,-4.809180854570462,-0.0003568645704623563,0.0003568645704623563
alpha-TiAl,300,12,alpha-TiAl__300,0,-4.80882399,-4.596029222773103,-0.2125885662818252,-0.0002062009450716,-0.0008206867479050619,0.0006144858028334619,0.000406101662163769,-0.00041458508574129295,-4.809032374140669,-0.00020838414066925992,0.00020838414066925992
alpha-TiAl,300,13,alpha-TiAl__300,0,-4.80882399,-4.59622515964221,-0.2125885662818252,-1.026407596427248e-05,-0.0008206867479050619,0.0008104226719407895,0.0005020944469260484,-0.00031859230097901355,-4.809132318225014,-0.0003083282250146979,0.0003083282250146979
alpha-TiAl,300,14,alpha-TiAl__300,0,-4.80882399,-4.596311466556509,-0.2125885662818252,7.604283833462233e-05,-0.0008206867479050619,0.0008967295862396843,-0.00014455392601330554,-0.0009652406739183675,-4.809865273512252,-0.0010412835122526332,0.0010412835122526332
alpha-TiAl,300,15,alpha-TiAl__300,0,-4.80882399,-4.596159732609696,-0.2125885662818252,-7.569110847871485e-05,-0.0008206867479050619,0.0007449956394263471,-0.0007811358384089311,-0.0016018225863139932,-4.810350121477835,-0.00152613147783498,0.00152613147783498
alpha-TiAl,300,16,alpha-TiAl__300,0,-4.80882399,-4.596274654952435,-0.2125885662818252,3.923123426030628e-05,-0.0008206867479050619,0.0008599179821653682,0.00010146300118419769,-0.0007192237467208642,-4.809582444980981,-0.0007584549809811492,0.0007584549809811492
alpha-TiAl,300,17,alpha-TiAl__300,0,-4.80882399,-4.596124349268257,-0.2125885662818252,-0.0001110744499177,-0.0008206867479050619,0.000709612297987362,-0.00012693666403396472,-0.0009476234119390266,-4.809660538962021,-0.000836548962021233,0.000836548962021233
alpha-TiAl,300,18,alpha-TiAl__300,0,-4.80882399,-4.59615615880357,-0.2125885662818252,-7.926491460441554e-05,-0.0008206867479050619,0.0007414218333006464,4.78846928212797e-06,-0.000815898278622934,-4.8095606233640185,-0.0007366333640188572,0.0007366333640188572
alpha-TiAl,300,19,alpha-TiAl__300,0,-4.80882399,-4.596121119498869,-0.2125885662818252,-0.0001143042193056,-0.0008206867479050619,0.0007063825285994619,0.0008049314068212252,-1.575534108383674e-05,-4.808725441121778,9.854887822147163e-05,9.854887822147163e-05
alpha-TiAl,300,20,alpha-TiAl__300,0,-4.80882399,-4.596243314404433,-0.2125885662818252,7.890686258171797e-06,-0.0008206867479050619,0.0008285774341632337,-0.00013117642811378443,-0.0009518631760188464,-4.809783743862277,-0.0009597538622774238,0.0009597538622774238
alpha-TiAl,300,21,alpha-TiAl__300,0,-4.80882399,-4.596017209554317,-0.2125885662818252,-0.0002182141638575,-0.0008206867479050619,0.000602472584047562,-8.68302862005409e-05,-0.0009075170341056028,-4.809513292870248,-0.0006893028702483761,0.0006893028702483761
alpha-TiAl,300,22,alpha-TiAl__300,0,-4.80882399,-4.596217021142415,-0.2125885662818252,-1.840257575924653e-05,-0.0008206867479050619,0.0008022841721458154,-0.00048182008616630054,-0.0013025068340713625,-4.810108094258312,-0.0012841042583122686,0.0012841042583122686
alpha-TiAl,300,23,alpha-TiAl__300,0,-4.80882399,-4.596079088355921,-0.2125885662818252,-0.0001563353622531,-0.0008206867479050619,0.000664351385651962,0.0004026266943288044,-0.0004180600535762575,-4.809085714691323,-0.00026172469132301757,0.00026172469132301757
alpha-TiAl,300,24,alpha-TiAl__300,0,-4.80882399,-4.596358719576501,-0.2125885662818252,0.0001232958583265,-0.0008206867479050619,0.0009439826062315619,3.0467054187392557e-05,-0.0007902196937176693,-4.809737505552044,-0.0009135155520443305,0.0009135155520443305
alpha-TiAl,300,25,alpha-TiAl__300,0,-4.80882399,-4.596126655620739,-0.2125885662818252,-0.0001087680974354,-0.0008206867479050619,0.0007119186504696619,-0.0002237438736238579,-0.0010444306215289197,-4.809759652524093,-0.0009356625240934946,0.0009356625240934946
alpha-TiAl,300,26,alpha-TiAl__300,0,-4.80882399,-4.5961101875604,-0.2125885662818252,-0.0001252361577748,-0.0008206867479050619,0.000695450590130262,0.0002119296939873437,-0.0006087570539177183,-4.809307510896143,-0.0004835208961431192,0.0004835208961431192
alpha-TiAl,300,27,alpha-TiAl__300,0,-4.80882399,-4.596354408295093,-0.2125885662818252,0.0001189845769182,-0.0008206867479050619,0.0009396713248232619,-8.002034277746542e-05,-0.0009007070906825274,-4.8098436816676005,-0.0010196916676008527,0.0010196916676008527
alpha-TiAl,300,28,alpha-TiAl__300,0,-4.80882399,-4.596113422211514,-0.2125885662818252,-0.0001220015066607,-0.0008206867479050619,0.0006986852412443619,0.00018920134648426763,-0.0006314854014207943,-4.8093334738947595,-0.0005094838947599101,0.0005094838947599101
alpha-TiAl,300,29,alpha-TiAl__300,0,-4.80882399,-4.596265815782902,-0.2125885662818252,3.0392064727990945e-05,-0.0008206867479050619,0.0008510788126330529,-7.468417598065148e-05,-0.0008953709238857134,-4.809749752988614,-0.0009257629886141316,0.0009257629886141316
alpha-TiAl,300,30,alpha-TiAl__300,0,-4.80882399,-4.596174456419763,-0.2125885662818252,-6.096729841154058e-05,-0.0008206867479050619,0.0007597194494935214,-0.0005268660615525966,-0.0013475528094576586,-4.810110575511046,-0.001286585511046212,0.001286585511046212
alpha-TiAl,300,31,alpha-TiAl__300,0,-4.80882399,-4.596202188491644,-0.2125885662818252,-3.323522652998179e-05,-0.0008206867479050619,0.0007874515213750801,0.0003279419502045619,-0.0004927447977005001,-4.80928349957117,-0.00045950957117035784,0.00045950957117035784
alpha-TiAl,300,32,alpha-TiAl__300,0,-4.80882399,-4.5962886185330385,-0.2125885662818252,5.319481486409927e-05,-0.0008206867479050619,0.0008738815627691612,-0.00043230760791516856,-0.0012529943558202304,-4.810130179170684,-0.0013061891706840356,0.0013061891706840356
alpha-TiAl,300,33,alpha-TiAl__300,0,-4.80882399,-4.596350493459531,-0.2125885662818252,0.0001150697413567,-0.0008206867479050619,0.0009357564892617619,-7.88259250554996e-05,-0.0008995126729605615,-4.809838572414317,-0.0010145824143172888,0.0010145824143172888
alpha-TiAl,300,34,alpha-TiAl__300,0,-4.80882399,-4.59632571390934,-0.2125885662818252,9.029019116546522e-05,-0.0008206867479050619,0.0009109769390705272,-0.00012542075010679764,-0.0009461074980118596,-4.809860387689177,-0.001036397689177626,0.001036397689177626
alpha-TiAl,300,35,alpha-TiAl__300,0,-4.80882399,-4.596159965532276,-0.2125885662818252,-7.545818589882458e-05,-0.0008206867479050619,0.0007452285620062374,-0.0002846413608894934,-0.0011053281087945554,-4.809853859922895,-0.0010298699228954433,0.0010298699228954433
alpha-TiAl,300,36,alpha-TiAl__300,0,-4.80882399,-4.596424133091296,-0.2125885662818252,0.0001887093731216,-0.0008206867479050619,0.0010093961210266619,-0.0006035996434379195,-0.0014242863913429813,-4.810436985764464,-0.0016129957644643866,0.0016129957644643866
alpha-TiAl,300,37,alpha-TiAl__300,0,-4.80882399,-4.596248924846033,-0.2125885662818252,1.3501127858361883e-05,-0.0008206867479050619,0.0008341878757634238,-5.6514094948110966e-05,-0.0008772008428531729,-4.809714691970711,-0.000890701970711838,0.000890701970711838
alpha-TiAl,300,38,alpha-TiAl__300,0,-4.80882399,-4.596340198732951,-0.2125885662818252,0.0001047750147762,-0.0008206867479050619,0.0009254617626812619,0.0004307468468725829,-0.00038993990103247905,-4.809318704915809,-0.0004947149158089914,0.0004947149158089914
alpha-TiAl,300,39,alpha-TiAl__300,0,-4.80882399,-4.596293971863183,-0.2125885662818252,5.854814500860783e-05,-0.0008206867479050619,0.0008792348929136698,0.0003343462865493798,-0.00048634046135568216,-4.809368878606364,-0.0005448886063641467,0.0005448886063641467
alpha-TiAl,300,40,alpha-TiAl__300,0,-4.80882399,-4.59632754433535,-0.2125885662818252,9.21206171753397e-05,-0.0008206867479050619,0.0009128073650804016,-3.394961645511031e-05,-0.0008546363643601722,-4.809770746981535,-0.000946756981535124,0.000946756981535124
alpha-TiAl,300,41,alpha-TiAl__300,0,-4.80882399,-4.596321075627144,-0.2125885662818252,8.565190896980823e-05,-0.0008206867479050619,0.0009063386568748702,-0.000535341348214365,-0.001356028096119427,-4.810265670005089,-0.001441680005089374,0.001441680005089374
alpha-TiAl,300,42,alpha-TiAl__300,0,-4.80882399,-4.596357564703506,-0.2125885662818252,0.000122140985332,-0.0008206867479050619,0.0009428277332370619,0.00012933836276843484,-0.0006913483851366271,-4.809637479370468,-0.0008134893704685453,0.0008134893704685453
alpha-TiAl,300,43,alpha-TiAl__300,0,-4.80882399,-4.596223958870027,-0.2125885662818252,-1.1464848147291208e-05,-0.0008206867479050619,0.0008092218997577707,0.0015784108060616533,0.0007577240581565914,-4.808054801093696,0.0007691889063039525,0.0007691889063039525
alpha-TiAl,300,44,alpha-TiAl__300,0,-4.80882399,-4.5961068199890915,-0.2125885662818252,-0.0001286037290828,-0.0008206867479050619,0.0006920830188222619,0.0002915632514169828,-0.0005291234964880792,-4.809224509767405,-0.000400519767405072,0.000400519767405072
alpha-TiAl,300,45,alpha-TiAl__300,0,-4.80882399,-4.596195767638389,-0.2125885662818252,-3.965607978528851e-05,-0.0008206867479050619,0.0007810306681197734,-0.00039973432677740316,-0.001220421074682465,-4.810004754994897,-0.0011807649948973875,0.0011807649948973875
alpha-TiAl,300,46,alpha-TiAl__300,0,-4.80882399,-4.596473034613343,-0.2125885662818252,0.0002376108951684,-0.0008206867479050619,0.0010582976430734618,-8.188994146607585e-05,-0.0009025766893711377,-4.809964177584539,-0.001140187584539376,0.001140187584539376
alpha-TiAl,300,47,alpha-TiAl__300,0,-4.80882399,-4.596183165537258,-0.2125885662818252,-5.225818091680878e-05,-0.0008206867479050619,0.0007684285669882532,-0.000331587989480667,-0.0011522747373857289,-4.809924006556469,-0.0011000165564691855,0.0011000165564691855
alpha-TiAl,300,48,alpha-TiAl__300,0,-4.80882399,-4.596422079894575,-0.2125885662818252,0.0001866561764005,-0.0008206867479050619,0.0010073429243055618,-0.00047532496234401123,-0.0012960117102490732,-4.810306657886649,-0.0014826678866493026,0.0014826678866493026
alpha-TiAl,300,49,alpha-TiAl__300,0,-4.80882399,-4.596394352049521,-0.2125885662818252,0.0001589283313467,-0.0008206867479050619,0.000979615079251762,-0.00036230798930279515,-0.001182994737207857,-4.810165913068555,-0.0013419230685549621,0.0013419230685549621
alpha-TiAl,300,50,alpha-TiAl__300,0,-4.80882399,-4.596335463022224,-0.2125885662818252,0.0001000393040495,-0.0008206867479050619,0.0009207260519545619,-8.743734594959377e-05,-0.0009081240938546557,-4.809832153397903,-0.0010081633979037719,0.0010081633979037719
alpha-TiAl,300,51,alpha-TiAl__300,0,-4.80882399,-4.596216667549931,-0.2125885662818252,-1.875616824342785e-05,-0.0008206867479050619,0.0008019305796616341,0.001060627654460732,0.00023994090655567017,-4.8085652929252,0.0002586970747993078,0.0002586970747993078
alpha-TiAl,300,52,alpha-TiAl__300,0,-4.80882399,-4.5963806896838575,-0.2125885662818252,0.000145265965683,-0.0008206867479050619,0.000965952713588062,0.0004958745052838666,-0.00032481224262119533,-4.809294068208304,-0.0004700782083046917,0.0004700782083046917
alpha-TiAl,300,53,alpha-TiAl__300,0,-4.80882399,-4.596123268676425,-0.2125885662818252,-0.0001121550417497,-0.0008206867479050619,0.0007085317061553619,0.0006233921124862409,-0.00019729463541882106,-4.808909129593669,-8.513959366940327e-05,8.513959366940327e-05
alpha-TiAl,300,54,alpha-TiAl__300,0,-4.80882399,-4.596404835499438,-0.2125885662818252,0.0001694117812638,-0.0008206867479050619,0.000990098529168862,8.76779363568258e-06,-0.0008119189542693794,-4.809805320735533,-0.0009813307355335255,0.0009813307355335255
alpha-TiAl,300,55,alpha-TiAl__300,0,-4.80882399,-4.596219918414703,-0.2125885662818252,-1.55053034713859e-05,-0.0008206867479050619,0.000805181444433676,0.000558264165053013,-0.00026242258285204896,-4.809070907279381,-0.000246917279381087,0.000246917279381087
alpha-TiAl,300,56,alpha-TiAl__300,0,-4.80882399,-4.59609357354283,-0.2125885662818252,-0.0001418501753445,-0.0008206867479050619,0.0006788365725605619,0.00017124798574016356,-0.0006494387621648984,-4.80933157858682,-0.0005075885868199848,0.0005075885868199848
alpha-TiAl,300,57,alpha-TiAl__300,0,-4.80882399,-4.596484974628338,-0.2125885662818252,0.0002495509101638,-0.0008206867479050619,0.001070237658068862,-0.0005154152711998748,-0.0013361020191049369,-4.810409642929268,-0.0015856529292683774,0.0015856529292683774
alpha-TiAl,300,58,alpha-TiAl__300,0,-4.80882399,-4.596155719314154,-0.2125885662818252,-7.970440402083057e-05,-0.0008206867479050619,0.0007409823438842314,0.00031367698485974853,-0.0005070097630453135,-4.809251295359024,-0.00042730535902446576,0.00042730535902446576
alpha-TiAl,300,59,alpha-TiAl__300,0,-4.80882399,-4.59642688130886,-0.2125885662818252,0.0001914575906853,-0.0008206867479050619,0.0010121443385903619,-0.0002512761912344979,-0.0010719629391395598,-4.810087410529825,-0.0012634205298249768,0.0012634205298249768
alpha-TiAl,300,60,alpha-TiAl__300,0,-4.80882399,-4.596197011907307,-0.2125885662818252,-3.841181086716716e-05,-0.0008206867479050619,0.0007822749370378948,0.000520389336147357,-0.0003002974117577049,-4.80908587560089,-0.00026188560089046575,0.00026188560089046575
alpha-TiAl,300,61,alpha-TiAl__300,0,-4.80882399,-4.596206709373715,-0.2125885662818252,-2.8714344459501717e-05,-0.0008206867479050619,0.0007919724034455602,0.000196528327315817,-0.000624158420589245,-4.809419434076129,-0.0005954440761293256,0.0005954440761293256
alpha-TiAl,300,62,alpha-TiAl__300,0,-4.80882399,-4.596065660952792,-0.2125885662818252,-0.000169762765382,-0.0008206867479050619,0.0006509239825230619,0.0002189328005601706,-0.0006017539473448913,-4.809255981181963,-0.00043199118196302067,0.00043199118196302067
alpha-TiAl,300,63,alpha-TiAl__300,0,-4.80882399,-4.596479186478475,-0.2125885662818252,0.0002437627603004,-0.0008206867479050619,0.001064449508205462,-0.000368815602267415,-0.001189502350172477,-4.810257255110472,-0.0014332651104727034,0.0014332651104727034
alpha-TiAl,300,64,alpha-TiAl__300,0,-4.80882399,-4.596310013483329,-0.2125885662818252,7.458976515462012e-05,-0.0008206867479050619,0.0008952765130596821,2.5541483818437572e-05,-0.0007951452640866243,-4.80969372502924,-0.0008697350292408146,0.0008697350292408146
alpha-TiAl,300,65,alpha-TiAl__300,0,-4.80882399,-4.596234976358592,-0.2125885662818252,-4.473595822673815e-07,-0.0008206867479050619,0.0008202393883227946,-0.00028730677823956397,-0.001107993526144626,-4.8099315361665615,-0.0011075461665619457,0.0011075461665619457
alpha-TiAl,300,66,alpha-TiAl__300,0,-4.80882399,-4.596300081910872,-0.2125885662818252,6.465819269774187e-05,-0.0008206867479050619,0.0008853449406028038,0.00024570458915819095,-0.000574982158746871,-4.809463630351444,-0.0006396403514443705,0.0006396403514443705
alpha-TiAl,300,67,alpha-TiAl__300,0,-4.80882399,-4.596022411888315,-0.2125885662818252,-0.0002130118298593,-0.0008206867479050619,0.0006076749180457619,0.00041187984519186705,-0.0004088069027131949,-4.809019785072853,-0.00019579507285349962,0.00019579507285349962
alpha-TiAl,300,68,alpha-TiAl__300,0,-4.80882399,-4.596233906287603,-0.2125885662818252,-1.517430571418288e-06,-0.0008206867479050619,0.0008191693173336436,0.00018394803564722554,-0.0006367387122578365,-4.809459211281686,-0.000635221281686249,0.000635221281686249
alpha-TiAl,300,69,alpha-TiAl__300,0,-4.80882399,-4.596135717530777,-0.2125885662818252,-9.970618739707504e-05,-0.0008206867479050619,0.0007209805605079869,-4.4176893160822874e-05,-0.0008648636410658848,-4.809589147453669,-0.0007651574536691186,0.0007651574536691186
alpha-TiAl,300,70,alpha-TiAl__300,0,-4.80882399,-4.596082306255767,-0.2125885662818252,-0.0001531174624069,-0.0008206867479050619,0.0006675692854981619,0.00020893203907351046,-0.0006117547088315514,-4.809282627246424,-0.0004586372464245869,0.0004586372464245869
alpha-TiAl,300,71,alpha-TiAl__300,0,-4.80882399,-4.59639368516502,-0.2125885662818252,0.0001582614468453,-0.0008206867479050619,0.000978948194750362,-0.00033921381600742005,-0.001159900563912482,-4.810142152010758,-0.0013181620107580727,0.0013181620107580727
alpha-TiAl,300,72,alpha-TiAl__300,0,-4.80882399,-4.595927243606182,-0.2125885662818252,-0.0003081801119924,-0.0008206867479050619,0.000512506635912662,0.0006784359629248674,-0.00014225078498019458,-4.808658060672987,0.0001659293270126483,0.0001659293270126483
alpha-TiAl,300,73,alpha-TiAl__300,0,-4.80882399,-4.596021753393391,-0.2125885662818252,-0.0002136703247836,-0.0008206867479050619,0.000607016423121462,0.00013441482706275754,-0.0006862719208423043,-4.809296591596058,-0.0004726015960585528,0.0004726015960585528
alpha-TiAl,300,74,alpha-TiAl__300,0,-4.80882399,-4.596361690991196,-0.2125885662818252,0.0001262672730213,-0.0008206867479050619,0.000946954020926362,0.00041259710236695265,-0.0004080896455381093,-4.809358346918559,-0.0005343569185596309,0.0005343569185596309
alpha-TiAl,300,75,alpha-TiAl__300,0,-4.80882399,-4.596092342956722,-0.2125885662818252,-0.0001430807614521,-0.0008206867479050619,0.0006776059864529619,-0.00016032666290878884,-0.0009810134108138508,-4.8096619226493615,-0.0008379326493619388,0.0008379326493619388
alpha-TiAl,300,76,alpha-TiAl__300,0,-4.80882399,-4.596426616232533,-0.2125885662818252,0.0001911925143582,-0.0008206867479050619,0.001011879262263262,-0.00014215295171619778,-0.0009628396996212597,-4.809978022213979,-0.0011540322139795833,0.0011540322139795833
alpha-TiAl,300,77,alpha-TiAl__300,0,-4.80882399,-4.596208922854688,-0.2125885662818252,-2.6500863486766942e-05,-0.0008206867479050619,0.000794185884418295,-2.29571199103245e-05,-0.0008436438678153864,-4.8096411330043285,-0.0008171430043288908,0.0008171430043288908
alpha-TiAl,300,78,alpha-TiAl__300,0,-4.80882399,-4.596644474539783,-0.2125885662818252,0.0004090508216085,-0.0008206867479050619,0.001229737569513562,0.00012269113773770668,-0.0006979956101673553,-4.8099310364317756,-0.0011070464317759487,0.0011070464317759487
alpha-TiAl,300,79,alpha-TiAl__300,0,-4.80882399,-4.596362186636476,-0.2125885662818252,0.0001267629183017,-0.0008206867479050619,0.0009474496662067619,0.0006354859084916883,-0.0001852008394133736,-4.809135953757715,-0.0003119637577153611,0.0003119637577153611
alpha-TiAl,300,80,alpha-TiAl__300,0,-4.80882399,-4.5963249894876945,-0.2125885662818252,8.956576952012796e-05,-0.0008206867479050619,0.0009102525174251899,0.00018898139896627745,-0.0006317053489387845,-4.809545261118458,-0.0007212711184587661,0.0007212711184587661
alpha-TiAl,300,81,alpha-TiAl__300,0,-4.80882399,-4.5961645403185,-0.2125885662818252,-7.088339967431523e-05,-0.0008206867479050619,0.0007498033482307467,-0.0002781987337924596,-0.0010988854816975215,-4.809851992082023,-0.0010280020820232494,0.0010280020820232494
alpha-TiAl,300,82,alpha-TiAl__300,0,-4.80882399,-4.596323280178777,-0.2125885662818252,8.785646060260888e-05,-0.0008206867479050619,0.0009085432085076708,-0.0003432445179311512,-0.001163931265836213,-4.810075777726438,-0.0012517877264386357,0.0012517877264386357
alpha-TiAl,300,83,alpha-TiAl__300,0,-4.80882399,-4.59625387208324,-0.2125885662818252,1.8448365065815153e-05,-0.0008206867479050619,0.0008391351129708771,0.0008750673606721478,5.438061276708591e-05,-4.808788057752298,3.5932247701708775e-05,3.5932247701708775e-05
alpha-TiAl,300,84,alpha-TiAl__300,0,-4.80882399,-4.596296460781942,-0.2125885662818252,6.103706376769935e-05,-0.0008206867479050619,0.0008817238116727613,0.0007088237278395898,-0.0001118630200654721,-4.808996890083833,-0.00017290008383330502,0.00017290008383330502
alpha-TiAl,300,85,alpha-TiAl__300,0,-4.80882399,-4.596106285923468,-0.2125885662818252,-0.0001291377947065,-0.0008206867479050619,0.0006915489531985619,-0.00013413115853669577,-0.0009548179064417578,-4.809649670111734,-0.0008256801117347834,0.0008256801117347834
alpha-TiAl,300,86,alpha-TiAl__300,0,-4.80882399,-4.596317731943803,-0.2125885662818252,8.230822562893536e-05,-0.0008206867479050619,0.0009029949735339973,9.82849227100933e-05,-0.0007224018251949687,-4.8096287000508235,-0.0008047100508239424,0.0008047100508239424
alpha-TiAl,300,87,alpha-TiAl__300,0,-4.80882399,-4.595955326555309,-0.2125885662818252,-0.0002800971628653,-0.0008206867479050619,0.0005405895850397619,0.00043456212226033927,-0.00038612462564472267,-4.808930017462779,-0.0001060274627793234,0.0001060274627793234
alpha-TiAl,300,88,alpha-TiAl__300,0,-4.80882399,-4.5963828089797305,-0.2125885662818252,0.0001473852615561,-0.0008206867479050619,0.0009680720094611619,4.7363631550376976e-06,-0.0008159503847500242,-4.8097873256463055,-0.0009633356463059073,0.0009633356463059073
alpha-TiAl,300,89,alpha-TiAl__300,0,-4.80882399,-4.596262951415968,-0.2125885662818252,2.752769779323927e-05,-0.0008206867479050619,0.0008482144456983012,-0.00018829676714614708,-0.001008983515051209,-4.809860501212844,-0.0010365112128445375,0.0010365112128445375
alpha-TiAl,300,90,alpha-TiAl__300,0,-4.80882399,-4.596311589342362,-0.2125885662818252,7.616562418721884e-05,-0.0008206867479050619,0.0008968523720922808,-0.0005012243456258584,-0.0013219110935309203,-4.810222066717718,-0.0013980767177184106,0.0013980767177184106
alpha-TiAl,300,91,alpha-TiAl__300,0,-4.80882399,-4.596073932171214,-0.2125885662818252,-0.0001614915469607,-0.0008206867479050619,0.000659195200944362,0.0009313386375334195,0.00011065188962835755,-4.80855184656341,0.00027214343658954476,0.00027214343658954476
alpha-TiAl,300,92,alpha-TiAl__300,0,-4.80882399,-4.596111085061915,-0.2125885662818252,-0.000124338656259,-0.0008206867479050619,0.0006963480916460619,0.000641107097958551,-0.00017957964994651091,-4.808879230993687,-5.524099368781066e-05,5.524099368781066e-05
alpha-TiAl,300,93,alpha-TiAl__300,0,-4.80882399,-4.596235068609195,-0.2125885662818252,-3.5510897955504106e-07,-0.0008206867479050619,0.0008203316389255069,0.00042539479439389295,-0.000395291953511169,-4.809218926844531,-0.0003949368445317347,0.0003949368445317347
alpha-TiAl,300,94,alpha-TiAl__300,0,-4.80882399,-4.5962572163827,-0.2125885662818252,2.179266452539963e-05,-0.0008206867479050619,0.0008424794124304616,-0.0003347726059816676,-0.0011554593538867296,-4.810001242018412,-0.0011772520184125668,0.0011772520184125668
alpha-TiAl,300,95,alpha-TiAl__300,0,-4.80882399,-4.596023198373195,-0.2125885662818252,-0.0002122253449794,-0.0008206867479050619,0.0006084614029256619,0.0005818657590081185,-0.00023882098889694344,-4.808850585643917,-2.6595643917382006e-05,2.6595643917382006e-05
alpha-TiAl,300,96,alpha-TiAl__300,0,-4.80882399,-4.596307723811961,-0.2125885662818252,7.230009378655922e-05,-0.0008206867479050619,0.0008929868416916212,-7.539770349877543e-05,-0.0008960844514038374,-4.80979237454519,-0.0009683845451906592,0.0009683845451906592
alpha-TiAl,300,97,alpha-TiAl__300,0,-4.80882399,-4.59619660989324,-0.2125885662818252,-3.8813824934536e-05,-0.0008206867479050619,0.0007818729229705259,0.0008100488755429825,-1.0637872362079465e-05,-4.808795814047427,2.8175952572873086e-05,2.8175952572873086e-05
alpha-TiAl,300,98,alpha-TiAl__300,0,-4.80882399,-4.596171273046608,-0.2125885662818252,-6.415067156684273e-05,-0.0008206867479050619,0.0007565360763382192,-4.606705160580885e-05,-0.0008667537995108708,-4.809626593127945,-0.0008026031279451118,0.0008026031279451118
alpha-TiAl,300,99,alpha-TiAl__300,0,-4.80882399,-4.59595580819012,-0.2125885662818252,-0.0002796155280542,-0.0008206867479050619,0.0005410712198508619,-0.00046057708149962464,-0.0012812638294046866,-4.8098256383013505,-0.0010016483013508548,0.0010016483013508548
alpha-TiAl,400,0,alpha-TiAl__400,2,-4.84201127,-4.533121358161141,-0.2125885662818252,-0.096301345557034,-0.09595741311903468,-0.0003439324379993225,-1.2962954384197174e-05,-0.09597037607341888,-4.841680300516385,0.0003309694836151067,0.0003309694836151067
alpha-TiAl,400,1,alpha-TiAl__400,2,-4.84201127,-4.532671322011222,-0.2125885662818252,-0.0967513817069534,-0.09595741311903468,-0.0007939685879187197,1.392415563447062e-05,-0.0959434889634002,-4.841203377256448,0.0008078927435528627,0.0008078927435528627
alpha-TiAl,400,2,alpha-TiAl__400,2,-4.84201127,-4.533234952679974,-0.2125885662818252,-0.0961877510382009,-0.09595741311903468,-0.00023033791916622637,-0.00013319426943134873,-0.09609060738846603,-4.841914126350265,9.714364973500977e-05,9.714364973500977e-05
alpha-TiAl,400,3,alpha-TiAl__400,2,-4.84201127,-4.533061151270561,-0.2125885662818252,-0.0963615524476138,-0.09595741311903468,-0.00040413932857912005,-6.90443776600847e-05,-0.09602645749669476,-4.8416761750490815,0.0003350949509188794,0.0003350949509188794
alpha-TiAl,400,4,alpha-TiAl__400,2,-4.84201127,-4.5328514514293765,-0.2125885662818252,-0.0965712522887987,-0.09595741311903468,-0.0006138391697640272,-8.098923088742018e-05,-0.0960384023499221,-4.841478420061124,0.0005328499388763674,0.0005328499388763674
alpha-TiAl,400,5,alpha-TiAl__400,2,-4.84201127,-4.533321202462523,-0.2125885662818252,-0.096101501255652,-0.09595741311903468,-0.0001440881366173291,-4.6236009044687494e-05,-0.09600364912807936,-4.841913417872428,9.785212757229544e-05,9.785212757229544e-05
alpha-TiAl,400,6,alpha-TiAl__400,2,-4.84201127,-4.533005699413542,-0.2125885662818252,-0.0964170043046328,-0.09595741311903468,-0.0004595911855981294,-0.00021559333570434617,-0.09617300645473902,-4.841767272150107,0.00024399784989359574,0.00024399784989359574
alpha-TiAl,400,7,alpha-TiAl__400,2,-4.84201127,-4.532857163832723,-0.2125885662818252,-0.0965655398854519,-0.09595741311903468,-0.0006081267664172219,-0.0003194580796266376,-0.09627687119866131,-4.84172260131321,0.0002886686867906718,0.0002886686867906718
alpha-TiAl,400,8,alpha-TiAl__400,2,-4.84201127,-4.533232894245863,-0.2125885662818252,-0.0961898094723121,-0.09595741311903468,-0.00023239635327741703,-0.00019072790299819205,-0.09614814102203287,-4.841969601549721,4.166845027953059e-05,4.166845027953059e-05
alpha-TiAl,400,9,alpha-TiAl__400,2,-4.84201127,-4.532670416430074,-0.2125885662818252,-0.0967522872881012,-0.09595741311903468,-0.0007948741690665256,5.882328325696761e-05,-0.0958985898357777,-4.841157572547677,0.0008536974523236651,0.0008536974523236651
alpha-TiAl,400,10,alpha-TiAl__400,2,-4.84201127,-4.533120214937531,-0.2125885662818252,-0.096302488780644,-0.09595741311903468,-0.0003450756616093231,-0.0002563585551502407,-0.09621377167418492,-4.841922552893541,8.871710645941278e-05,8.871710645941278e-05
alpha-TiAl,400,11,alpha-TiAl__400,2,-4.84201127,-4.532856937093616,-0.2125885662818252,-0.0965657666245594,-0.09595741311903468,-0.0006083535055247252,-0.00015857615486151834,-0.0961159892738962,-4.841561492649337,0.0004497773506635383,0.0004497773506635383
alpha-TiAl,400,12,alpha-TiAl__400,2,-4.84201127,-4.532991312546349,-0.2125885662818252,-0.0964313911718264,-0.09595741311903468,-0.0004739780527917292,-0.0002848099343429401,-0.09624222305337761,-4.841822101881552,0.00018916811844871262,0.00018916811844871262
alpha-TiAl,400,13,alpha-TiAl__400,2,-4.84201127,-4.533073139602636,-0.2125885662818252,-0.0963495641155391,-0.09595741311903468,-0.0003921509965044284,-7.898015199245087e-05,-0.09603639327102713,-4.841698099155488,0.00031317084451210064,0.00031317084451210064
alpha-TiAl,400,14,alpha-TiAl__400,2,-4.84201127,-4.53337461366209,-0.2125885662818252,-0.0960480900560849,-0.09595741311903468,-9.067693705022695e-05,-0.000228535503534398,-0.09618594862256907,-4.842149128566485,-0.0001378585664841836,0.0001378585664841836
alpha-TiAl,400,15,alpha-TiAl__400,2,-4.84201127,-4.533028761719536,-0.2125885662818252,-0.096393941998639,-0.09595741311903468,-0.0004365288796043254,-0.00022286681545571343,-0.0961802799344904,-4.841797607935852,0.00021366206414885625,0.00021366206414885625
alpha-TiAl,400,16,alpha-TiAl__400,2,-4.84201127,-4.5328577388697155,-0.2125885662818252,-0.0965649648484596,-0.09595741311903468,-0.0006075517294249211,-0.00015204166960396278,-0.09610945478863864,-4.84155575994018,0.00045551005982069626,0.00045551005982069626
alpha-TiAl,400,17,alpha-TiAl__400,2,-4.84201127,-4.533139543488646,-0.2125885662818252,-0.0962831602295288,-0.09595741311903468,-0.00032574711049412897,-0.0002202143861887874,-0.09617762750522346,-4.841905737275695,0.00010553272430513516,0.00010553272430513516
alpha-TiAl,400,18,alpha-TiAl__400,2,-4.84201127,-4.532922293838314,-0.2125885662818252,-0.0965004098798614,-0.09595741311903468,-0.000542996760826725,-9.323148896254503e-05,-0.09605064460799723,-4.841561504728136,0.0004497652718642442,0.0004497652718642442
alpha-TiAl,400,19,alpha-TiAl__400,2,-4.84201127,-4.533360636175484,-0.2125885662818252,-0.0960620675426913,-0.09595741311903468,-0.00010465442365661937,3.681556529592176e-05,-0.09592059755373876,-4.841869800011048,0.0001414699889528137,0.0001414699889528137
alpha-TiAl,400,20,alpha-TiAl__400,2,-4.84201127,-4.533532582948153,-0.2125885662818252,-0.0958901207700222,-0.09595741311903468,6.729234901248216e-05,-0.0001364336764503913,-0.09609384679548506,-4.842214996025463,-0.0002037260254628137,0.0002037260254628137
alpha-TiAl,400,21,alpha-TiAl__400,2,-4.84201127,-4.532969994165137,-0.2125885662818252,-0.0964527095530378,-0.09595741311903468,-0.0004952964340031174,-4.02931352144351e-05,-0.09599770625424911,-4.841556266701212,0.0004550032987884478,0.0004550032987884478
alpha-TiAl,400,22,alpha-TiAl__400,2,-4.84201127,-4.53340941714208,-0.2125885662818252,-0.0960132865760954,-0.09595741311903468,-5.5873457060720555e-05,-7.243317178631624e-05,-0.096029846290821,-4.842027829714726,-1.655971472569462e-05,1.655971472569462e-05
alpha-TiAl,400,23,alpha-TiAl__400,2,-4.84201127,-4.533139534544374,-0.2125885662818252,-0.0962831691738008,-0.09595741311903468,-0.0003257560547661187,-0.0002098687667401593,-0.09616728188577484,-4.841895382711974,0.0001158872880262507,0.0001158872880262507
alpha-TiAl,400,24,alpha-TiAl__400,2,-4.84201127,-4.533126333303042,-0.2125885662818252,-0.0962963704151329,-0.09595741311903468,-0.0003389572960982301,-0.00036943931650961214,-0.09632685243554429,-4.842041752020412,-3.048202041178172e-05,3.048202041178172e-05
alpha-TiAl,400,25,alpha-TiAl__400,2,-4.84201127,-4.533132777293128,-0.2125885662818252,-0.0962899264250474,-0.09595741311903468,-0.00033251330601272167,-0.0001434489228565391,-0.09610086204189122,-4.841822205616844,0.00018906438315635654,0.00018906438315635654
alpha-TiAl,400,26,alpha-TiAl__400,2,-4.84201127,-4.533029345764951,-0.2125885662818252,-0.0963933579532243,-0.09595741311903468,-0.0004359448341896277,-0.00022100388135426558,-0.09617841700038894,-4.841796329047165,0.00021494095283536296,0.00021494095283536296
alpha-TiAl,400,27,alpha-TiAl__400,2,-4.84201127,-4.533234087277822,-0.2125885662818252,-0.0961886164403535,-0.09595741311903468,-0.00023120332131881804,-0.00042221017278694205,-0.09637962329182162,-4.842202276851468,-0.00019100685146788976,0.00019100685146788976
alpha-TiAl,400,28,alpha-TiAl__400,2,-4.84201127,-4.5328602748896785,-0.2125885662818252,-0.0965624288284967,-0.09595741311903468,-0.0006050157094620173,-0.0001553097006519564,-0.09611272281968664,-4.84156156399119,0.0004497060088102245,0.0004497060088102245
alpha-TiAl,400,29,alpha-TiAl__400,2,-4.84201127,-4.533139784658528,-0.2125885662818252,-0.0962829190596474,-0.09595741311903468,-0.0003255059406127303,-2.700057982526786e-05,-0.09598441369885995,-4.841712764639213,0.000298505360787793,0.000298505360787793
alpha-TiAl,400,30,alpha-TiAl__400,2,-4.84201127,-4.532864002496838,-0.2125885662818252,-0.0965587012213369,-0.09595741311903468,-0.0006012881023022276,-6.847061340889237e-05,-0.09602588373244357,-4.841478452511107,0.0005328174888932224,0.0005328174888932224
alpha-TiAl,400,31,alpha-TiAl__400,2,-4.84201127,-4.532791105813525,-0.2125885662818252,-0.0966315979046505,-0.09595741311903468,-0.0006741847856158306,-0.00017673585333990904,-0.09613414897237459,-4.841513821067724,0.0004974489322764342,0.0004974489322764342
alpha-TiAl,400,32,alpha-TiAl__400,2,-4.84201127,-4.533191325317351,-0.2125885662818252,-0.0962313784008239,-0.09595741311903468,-0.000273965281789218,-8.528325004219096e-05,-0.09604269636907686,-4.841822587968253,0.00018868203174715603,0.00018868203174715603
alpha-TiAl,400,33,alpha-TiAl__400,2,-4.84201127,-4.532989339310241,-0.2125885662818252,-0.0964333644079342,-0.09595741311903468,-0.00047595128889951765,-0.00015015305737551264,-0.09610756617641018,-4.841685471768477,0.0003257982315236774,0.0003257982315236774
alpha-TiAl,400,34,alpha-TiAl__400,2,-4.84201127,-4.532848321715994,-0.2125885662818252,-0.0965743820021813,-0.09595741311903468,-0.0006169688831466208,-0.00022590505832405935,-0.09618331817735874,-4.841620206175178,0.00039106382482234636,0.00039106382482234636
alpha-TiAl,400,35,alpha-TiAl__400,2,-4.84201127,-4.533003852247757,-0.2125885662818252,-0.0964188514704185,-0.09595741311903468,-0.0004614383513838194,-0.00020982371267830015,-0.09616723683171298,-4.841759655361295,0.00025161463870571055,0.00025161463870571055
alpha-TiAl,400,36,alpha-TiAl__400,2,-4.84201127,-4.533392366323011,-0.2125885662818252,-0.096030337395164,-0.09595741311903468,-7.292427612932972e-05,3.420127585071334e-05,-0.09592321184318396,-4.84190414444802,0.000107125551980225,0.000107125551980225
alpha-TiAl,400,37,alpha-TiAl__400,2,-4.84201127,-4.533145996200138,-0.2125885662818252,-0.0962767075180375,-0.09595741311903468,-0.0003192943990028285,-0.0002342377845838161,-0.09619165090361849,-4.841926213385581,8.505661441926549e-05,8.505661441926549e-05
alpha-TiAl,400,38,alpha-TiAl__400,2,-4.84201127,-4.532712190810105,-0.2125885662818252,-0.0967105129080705,-0.09595741311903468,-0.0007530997890358299,-2.2481067318278966e-05,-0.09597989418635296,-4.841280651278283,0.0007306187217173132,0.0007306187217173132
alpha-TiAl,400,39,alpha-TiAl__400,2,-4.84201127,-4.533126550072704,-0.2125885662818252,-0.0962961536454711,-0.09595741311903468,-0.00033874052643642627,-0.00018597748517290214,-0.09614339060420758,-4.8418585069587365,0.0001527630412638814,0.0001527630412638814
alpha-TiAl,400,40,alpha-TiAl__400,2,-4.84201127,-4.532989039988057,-0.2125885662818252,-0.0964336637301181,-0.09595741311903468,-0.0004762506110834175,-0.00010259361682172033,-0.09606000673585639,-4.841637613005739,0.0003736569942613954,0.0003736569942613954
alpha-TiAl,400,41,alpha-TiAl__400,2,-4.84201127,-4.533062423341668,-0.2125885662818252,-0.0963602803765075,-0.09595741311903468,-0.00040286725747282204,-0.00021117634628022816,-0.09616858946531491,-4.841819579088808,0.0001916909111923104,0.0001916909111923104
alpha-TiAl,400,42,alpha-TiAl__400,2,-4.84201127,-4.533127800204062,-0.2125885662818252,-0.0962949035141136,-0.09595741311903468,-0.00033749039507892376,7.2912857735201925e-06,-0.09595012183326115,-4.841666488319148,0.00034478168085261274,0.00034478168085261274
alpha-TiAl,400,43,alpha-TiAl__400,2,-4.84201127,-4.532951565504174,-0.2125885662818252,-0.0964711382140013,-0.09595741311903468,-0.0005137250949666244,-8.945591053364483e-07,-0.09595830767814001,-4.841498439464139,0.0005128305358610419,0.0005128305358610419
alpha-TiAl,400,44,alpha-TiAl__400,2,-4.84201127,-4.532896226457627,-0.2125885662818252,-0.0965264772605483,-0.09595741311903468,-0.0005690641415136283,-8.359567516003452e-05,-0.09604100879419471,-4.841525801533646,0.00048546846635399987,0.00048546846635399987
alpha-TiAl,400,45,alpha-TiAl__400,2,-4.84201127,-4.5333417068336335,-0.2125885662818252,-0.0960809968845417,-0.09595741311903468,-0.00012358376550702932,-0.00029980814628761753,-0.0962572212653223,-4.842187494380781,-0.0001762243807803543,0.0001762243807803543
alpha-TiAl,400,46,alpha-TiAl__400,2,-4.84201127,-4.53298317372636,-0.2125885662818252,-0.096439529991815,-0.09595741311903468,-0.0004821168727803249,-0.0001037687491902611,-0.09606118186822493,-4.8416329218764105,0.0003783481235899444,0.0003783481235899444
alpha-TiAl,400,47,alpha-TiAl__400,2,-4.84201127,-4.5330778299894,-0.2125885662818252,-0.0963448737287748,-0.09595741311903468,-0.00038746060974012564,-0.00021455008423415403,-0.09617196320326883,-4.841838359474495,0.00017291052550572061,0.00017291052550572061
alpha-TiAl,400,48,alpha-TiAl__400,2,-4.84201127,-4.5328905145542056,-0.2125885662818252,-0.0965321891639696,-0.09595741311903468,-0.0005747760449349298,-0.00028534686841359116,-0.09624275998744827,-4.841721840823479,0.0002894291765214163,0.0002894291765214163
alpha-TiAl,400,49,alpha-TiAl__400,2,-4.84201127,-4.532948321770414,-0.2125885662818252,-0.0964743819477611,-0.09595741311903468,-0.0005169688287264274,-0.0002923015099612502,-0.09624971462899592,-4.8417866026812355,0.00022466731876491508,0.00022466731876491508
alpha-TiAl,400,50,alpha-TiAl__400,2,-4.84201127,-4.533159630283458,-0.2125885662818252,-0.0962630734347174,-0.09595741311903468,-0.0003056603156827292,-0.00012931356608616748,-0.09608672668512085,-4.841834923250404,0.00017634674959676744,0.00017634674959676744
alpha-TiAl,400,51,alpha-TiAl__400,2,-4.84201127,-4.533139136077787,-0.2125885662818252,-0.0962835676403885,-0.09595741311903468,-0.0003261545213538303,-0.0001571699849327119,-0.0961145831039674,-4.84184228546358,0.00016898453642077982,0.00016898453642077982
alpha-TiAl,400,52,alpha-TiAl__400,2,-4.84201127,-4.53312474031442,-0.2125885662818252,-0.0962979634037548,-0.09595741311903468,-0.0003405502847201175,-0.0002214359072488284,-0.0961788490262835,-4.841892155622529,0.00011911437747169629,0.00011911437747169629
alpha-TiAl,400,53,alpha-TiAl__400,2,-4.84201127,-4.53290868278928,-0.2125885662818252,-0.096514020928895,-0.09595741311903468,-0.0005566078098603183,-3.576966724638845e-05,-0.09599318278628106,-4.841490431857387,0.0005208381426138331,0.0005208381426138331
alpha-TiAl,400,54,alpha-TiAl__400,2,-4.84201127,-4.533013239416832,-0.2125885662818252,-0.0964094643013435,-0.09595741311903468,-0.0004520511823088297,-0.00017186611193291577,-0.09612927923096759,-4.8417310849296245,0.0002801850703759712,0.0002801850703759712
alpha-TiAl,400,55,alpha-TiAl__400,2,-4.84201127,-4.5328257850842855,-0.2125885662818252,-0.0965969186338897,-0.09595741311903468,-0.0006395055148550183,-0.00012236299318614007,-0.09607977611222082,-4.841494127478332,0.0005171425216685677,0.0005171425216685677
alpha-TiAl,400,56,alpha-TiAl__400,2,-4.84201127,-4.533016526597174,-0.2125885662818252,-0.0964061771210014,-0.09595741311903468,-0.0004487640019667227,-9.017096935643246e-05,-0.0960475840883911,-4.84165267696739,0.0003585930326099884,0.0003585930326099884
alpha-TiAl,400,57,alpha-TiAl__400,2,-4.84201127,-4.532993677034188,-0.2125885662818252,-0.0964290266839871,-0.09595741311903468,-0.0004716135649524278,-9.906137545835893e-05,-0.09605647449449303,-4.841638717810507,0.0003725521894937245,0.0003725521894937245
alpha-TiAl,400,58,alpha-TiAl__400,2,-4.84201127,-4.532878950697989,-0.2125885662818252,-0.0965437530201862,-0.09595741311903468,-0.0005863399011515197,8.103783228845004e-05,-0.09587637528674622,-4.84134389226656,0.0006673777334400555,0.0006673777334400555
alpha-TiAl,400,59,alpha-TiAl__400,2,-4.84201127,-4.533253946266103,-0.2125885662818252,-0.0961687574520722,-0.09595741311903468,-0.0002113443330375303,-5.536338851420619e-05,-0.09601277650754889,-4.841855289055477,0.00015598094452329292,0.00015598094452329292
alpha-TiAl,400,60,alpha-TiAl__400,2,-4.84201127,-4.533278323858795,-0.2125885662818252,-0.0961443798593801,-0.09595741311903468,-0.0001869667403454206,-0.000302358395526232,-0.0962597715145609,-4.842126661655181,-0.00011539165518037464,0.00011539165518037464
alpha-TiAl,400,61,alpha-TiAl__400,2,-4.84201127,-4.5331863142616795,-0.2125885662818252,-0.0962363894564957,-0.09595741311903468,-0.0002789763374610177,-7.768239608767787e-05,-0.09603509551512235,-4.841809976058627,0.00020129394137313739,0.00020129394137313739
alpha-TiAl,400,62,alpha-TiAl__400,2,-4.84201127,-4.532488530741113,-0.2125885662818252,-0.096934172977062,-0.09595741311903468,-0.0009767598580273235,4.950568399593074e-06,-0.09595246255063508,-4.841029559573573,0.0009817104264273624,0.0009817104264273624
alpha-TiAl,400,63,alpha-TiAl__400,2,-4.84201127,-4.5329529521200485,-0.2125885662818252,-0.0964697515981267,-0.09595741311903468,-0.0005123384790920171,-7.354867471986081e-05,-0.09603096179375453,-4.841572480195628,0.00043878980437206394,0.00043878980437206394
alpha-TiAl,400,64,alpha-TiAl__400,2,-4.84201127,-4.5332775878681,-0.2125885662818252,-0.0961451158500752,-0.09595741311903468,-0.0001877027310405177,-0.0002762417102893401,-0.09623365482932401,-4.842099808979249,-8.85389792486535e-05,8.85389792486535e-05
alpha-TiAl,400,65,alpha-TiAl__400,2,-4.84201127,-4.532899896020487,-0.2125885662818252,-0.0965228076976885,-0.09595741311903468,-0.00056539457865383,-0.00025622478783740257,-0.09621363790687208,-4.841702100209184,0.00030916979081663243,0.00030916979081663243
alpha-TiAl,400,66,alpha-TiAl__400,2,-4.84201127,-4.533381623517114,-0.2125885662818252,-0.0960410802010613,-0.09595741311903468,-8.366708202661721e-05,-9.088538350334087e-05,-0.09604829850253802,-4.842018488301477,-7.2183014765414555e-06,7.2183014765414555e-06
alpha-TiAl,400,67,alpha-TiAl__400,2,-4.84201127,-4.533276188842529,-0.2125885662818252,-0.0961465148756461,-0.09595741311903468,-0.00018910175661142337,-0.00015899917425004086,-0.09611641229328471,-4.841981167417639,3.0102582361024588e-05,3.0102582361024588e-05
alpha-TiAl,400,68,alpha-TiAl__400,2,-4.84201127,-4.533173058795685,-0.2125885662818252,-0.0962496449224898,-0.09595741311903468,-0.0002922318034551258,-0.00019344633687038196,-0.09615085945590506,-4.841912484533416,9.878546658459442e-05,9.878546658459442e-05
alpha-TiAl,400,69,alpha-TiAl__400,2,-4.84201127,-4.533076136960128,-0.2125885662818252,-0.0963465667580472,-0.09595741311903468,-0.00038915363901252664,-0.00019920683465346695,-0.09615661995368814,-4.841821323195641,0.00018994680435913125,0.00018994680435913125
alpha-TiAl,400,70,alpha-TiAl__400,2,-4.84201127,-4.533070487776015,-0.2125885662818252,-0.0963522159421605,-0.09595741311903468,-0.00039480282312581716,-0.0001625357409999126,-0.0961199488600346,-4.841779002917875,0.00023226708212575886,0.00023226708212575886
alpha-TiAl,400,71,alpha-TiAl__400,2,-4.84201127,-4.532794676408107,-0.2125885662818252,-0.0966280273100679,-0.09595741311903468,-0.000670614191033217,-0.00015691730354132024,-0.096114330422576,-4.841497573112509,0.0005136968874914771,0.0005136968874914771
alpha-TiAl,400,72,alpha-TiAl__400,2,-4.84201127,-4.533433440508154,-0.2125885662818252,-0.0959892632100212,-0.09595741311903468,-3.1850090986523805e-05,-0.0003089613869820977,-0.09626637450601677,-4.842288381295996,-0.00027711129599516937,0.00027711129599516937
alpha-TiAl,400,73,alpha-TiAl__400,2,-4.84201127,-4.533257104312546,-0.2125885662818252,-0.0961655994056291,-0.09595741311903468,-0.00020818628659442784,2.773540834884396e-05,-0.09592967771068583,-4.841775348305057,0.00023592169494346393,0.00023592169494346393
alpha-TiAl,400,74,alpha-TiAl__400,2,-4.84201127,-4.53315644751625,-0.2125885662818252,-0.0962662562019254,-0.09595741311903468,-0.00030884308289072515,-0.00030040242529588213,-0.09625781554433056,-4.842002829342405,8.440657595087941e-06,8.440657595087941e-06
alpha-TiAl,400,75,alpha-TiAl__400,2,-4.84201127,-4.533011307954537,-0.2125885662818252,-0.0964113957636385,-0.09595741311903468,-0.0004539826446038203,-0.000137947987545506,-0.09609536110658018,-4.841695235342942,0.00031603465705831724,0.00031603465705831724
alpha-TiAl,400,76,alpha-TiAl__400,2,-4.84201127,-4.53319581145157,-0.2125885662818252,-0.0962268922666051,-0.09595741311903468,-0.00026947914757041724,1.6267319779913926e-05,-0.09594114579925477,-4.84172552353265,0.0002857464673500232,0.0002857464673500232
alpha-TiAl,400,77,alpha-TiAl__400,2,-4.84201127,-4.532958406557429,-0.2125885662818252,-0.0964642971607459,-0.09595741311903468,-0.0005068840417112169,8.88262371908663e-06,-0.09594853049531558,-4.84149550333457,0.0005157666654307391,0.0005157666654307391
alpha-TiAl,400,78,alpha-TiAl__400,2,-4.84201127,-4.532849500467062,-0.2125885662818252,-0.096573203251113,-0.09595741311903468,-0.0006157901320783254,1.4408028652747845e-05,-0.09594300509038192,-4.841381071839269,0.0006301981607315099,0.0006301981607315099
alpha-TiAl,400,79,alpha-TiAl__400,2,-4.84201127,-4.533312065393737,-0.2125885662818252,-0.0961106383244381,-0.09595741311903468,-0.00015322520540342333,-0.0002994730812801023,-0.09625688620031478,-4.842157517875877,-0.00014624787587624866,0.00014624787587624866
alpha-TiAl,400,80,alpha-TiAl__400,2,-4.84201127,-4.5327999030257855,-0.2125885662818252,-0.0966228006923897,-0.09595741311903468,-0.0006653875733550196,-0.00017278536956615557,-0.09613019848860083,-4.841518667796212,0.0004926022037885502,0.0004926022037885502
alpha-TiAl,400,81,alpha-TiAl__400,2,-4.84201127,-4.533143380456315,-0.2125885662818252,-0.0962793232618599,-0.09595741311903468,-0.00032191014282521857,-0.00024264144952133683,-0.09620005456855601,-4.841932001306697,7.926869330354691e-05,7.926869330354691e-05
alpha-TiAl,400,82,alpha-TiAl__400,2,-4.84201127,-4.532904668797079,-0.2125885662818252,-0.0965180349210959,-0.09595741311903468,-0.0005606218020612203,-0.0003708720047311432,-0.09632828512376582,-4.841821520202671,0.0001897497973297746,0.0001897497973297746
alpha-TiAl,400,83,alpha-TiAl__400,2,-4.84201127,-4.533423326194656,-0.2125885662818252,-0.095999377523519,-0.09595741311903468,-4.196440448432648e-05,-0.00032819670049174095,-0.09628560981952641,-4.842297502296008,-0.00028623229600732714,0.00028623229600732714
alpha-TiAl,400,84,alpha-TiAl__400,2,-4.84201127,-4.53351957779848,-0.2125885662818252,-0.0959031259196949,-0.09595741311903468,5.428719933978088e-05,-0.00019127667410717827,-0.09614868979314185,-4.8422568338734475,-0.0002455638734470966,0.0002455638734470966
alpha-TiAl,400,85,alpha-TiAl__400,2,-4.84201127,-4.533051179390749,-0.2125885662818252,-0.0963715243274263,-0.09595741311903468,-0.0004141112083916182,-3.758550730880941e-05,-0.09599499862634349,-4.841634744298918,0.00037652570108281935,0.00037652570108281935
alpha-TiAl,400,86,alpha-TiAl__400,2,-4.84201127,-4.533337208749685,-0.2125885662818252,-0.0960854949684906,-0.09595741311903468,-0.00012808184945592438,-0.0001311676533068141,-0.09608858077234149,-4.842014355803851,-3.0858038506664798e-06,3.0858038506664798e-06
alpha-TiAl,400,87,alpha-TiAl__400,2,-4.84201127,-4.5327968392131615,-0.2125885662818252,-0.0966258645050137,-0.09595741311903468,-0.000668451385979027,7.250166046551536e-05,-0.09588491145856916,-4.841270316953556,0.0007409530464448366,0.0007409530464448366
alpha-TiAl,400,88,alpha-TiAl__400,2,-4.84201127,-4.533007196095501,-0.2125885662818252,-0.096415507622674,-0.09595741311903468,-0.0004580945036393169,-7.830441862393059e-05,-0.0960357175376586,-4.841631479914985,0.00037979008501576317,0.00037979008501576317
alpha-TiAl,400,89,alpha-TiAl__400,2,-4.84201127,-4.532815551342152,-0.2125885662818252,-0.0966071523760234,-0.09595741311903468,-0.0006497392569887184,-0.00038261327725651085,-0.09634002639629119,-4.841744144020268,0.000267125979732441,0.000267125979732441
alpha-TiAl,400,90,alpha-TiAl__400,2,-4.84201127,-4.5333931500347155,-0.2125885662818252,-0.0960295536834596,-0.09595741311903468,-7.214056442492178e-05,1.4868235368252688e-05,-0.09594254488366642,-4.841924261200207,8.700879979350873e-05,8.700879979350873e-05
alpha-TiAl,400,91,alpha-TiAl__400,2,-4.84201127,-4.533108119116618,-0.2125885662818252,-0.0963145846015569,-0.09595741311903468,-0.00035717148252222,-0.00010707628321536642,-0.09606448940225004,-4.841761174800694,0.00025009519930652147,0.00025009519930652147
alpha-TiAl,400,92,alpha-TiAl__400,2,-4.84201127,-4.533121656630903,-0.2125885662818252,-0.0963010470872722,-0.09595741311903468,-0.0003436339682375278,2.2501396506820297e-05,-0.09593491172252785,-4.841645134635256,0.0003661353647448351,0.0003661353647448351
alpha-TiAl,400,93,alpha-TiAl__400,2,-4.84201127,-4.533120820307349,-0.2125885662818252,-0.0963018834108258,-0.09595741311903468,-0.00034447029179111854,-0.00015204212642244585,-0.09610945524545712,-4.841818841834632,0.00019242816536824137,0.00019242816536824137
alpha-TiAl,400,94,alpha-TiAl__400,2,-4.84201127,-4.532884230203165,-0.2125885662818252,-0.0965384735150101,-0.09595741311903468,-0.0005810603959754274,7.395394263683225e-05,-0.09588345917639784,-4.841356255661388,0.0006550143386121476,0.0006550143386121476
alpha-TiAl,400,95,alpha-TiAl__400,2,-4.84201127,-4.533223434145683,-0.2125885662818252,-0.0961992695724918,-0.09595741311903468,-0.0002418564534571177,-0.0002934411959951213,-0.09625085431502979,-4.842062854742538,-5.1584742537968964e-05,5.1584742537968964e-05
alpha-TiAl,400,96,alpha-TiAl__400,2,-4.84201127,-4.533323363510203,-0.2125885662818252,-0.0960993402079726,-0.09595741311903468,-0.0001419270889379265,-0.0002498702527575709,-0.09620728337179224,-4.84211921316382,-0.0001079431638197903,0.0001079431638197903
alpha-TiAl,400,97,alpha-TiAl__400,2,-4.84201127,-4.533110733277128,-0.2125885662818252,-0.0963119704410475,-0.09595741311903468,-0.00035455732201282453,-0.00038234590588755944,-0.09633975902492224,-4.842039058583875,-2.7788583874865935e-05,2.7788583874865935e-05
alpha-TiAl,400,98,alpha-TiAl__400,2,-4.84201127,-4.533118275032159,-0.2125885662818252,-0.0963044286860164,-0.09595741311903468,-0.00034701556698171765,-0.00014639014677017787,-0.09610380326580485,-4.841810644579789,0.00020062542021115348,0.00020062542021115348
alpha-TiAl,400,99,alpha-TiAl__400,2,-4.84201127,-4.533388045475845,-0.2125885662818252,-0.0960346582423303,-0.09595741311903468,-7.724512329562727e-05,-8.320060694495743e-05,-0.09604061372597963,-4.84201722548365,-5.955483649344728e-06,5.955483649344728e-06
alpha-TiAl,500,0,alpha-TiAl__500,1,-4.88184236,-4.471568855479114,-0.2125885662818252,-0.1976849382390613,-0.1976303869224585,-5.4551316602813316e-05,0.00029334370895580124,-0.19733704321350268,-4.881494464974442,0.00034789502555820917,0.00034789502555820917
alpha-TiAl,500,1,alpha-TiAl__500,1,-4.88184236,-4.471480742380594,-0.2125885662818252,-0.197773051337581,-0.1976303869224585,-0.0001426644151225065,-0.00012827295306858826,-0.19775865987552707,-4.881827968537946,1.4391462054064164e-05,1.4391462054064164e-05
alpha-TiAl,500,2,alpha-TiAl__500,1,-4.88184236,-4.471617382413993,-0.2125885662818252,-0.1976364113041819,-0.1976303869224585,-6.0243817234240105e-06,-0.0005686413396372113,-0.1981990282620957,-4.882404976957914,-0.0005626169579135976,0.0005626169579135976
alpha-TiAl,500,3,alpha-TiAl__500,1,-4.88184236,-4.4718880393374585,-0.2125885662818252,-0.1973657543807165,-0.1976303869224585,0.00026463254174199924,0.0004696218494616635,-0.19716076507299682,-4.881637370692281,0.00020498930771939428,0.00020498930771939428
alpha-TiAl,500,4,alpha-TiAl__500,1,-4.88184236,-4.471688989919852,-0.2125885662818252,-0.1975648037983228,-0.1976303869224585,6.55831241356819e-05,-0.0003884225970869871,-0.19801880951954548,-4.882296365721223,-0.0004540057212230053,0.0004540057212230053
alpha-TiAl,500,5,alpha-TiAl__500,1,-4.88184236,-4.471342321727964,-0.2125885662818252,-0.1979114719902108,-0.1976303869224585,-0.000281085067752318,-0.00037156586556071194,-0.19800195278801921,-4.881932840797808,-9.048079780793472e-05,9.048079780793472e-05
alpha-TiAl,500,6,alpha-TiAl__500,1,-4.88184236,-4.471476279648331,-0.2125885662818252,-0.1977775140698439,-0.1976303869224585,-0.00014712714738540633,0.0002376871216172961,-0.1973926998008412,-4.881457545730997,0.0003848142690028311,0.0003848142690028311
alpha-TiAl,500,7,alpha-TiAl__500,1,-4.88184236,-4.471701189147395,-0.2125885662818252,-0.19755260457078,-0.1976303869224585,7.778235167849035e-05,-0.0002109461396547433,-0.19784133306211324,-4.882131088491334,-0.00028872849133332323,0.00028872849133332323
alpha-TiAl,500,8,alpha-TiAl__500,1,-4.88184236,-4.4715492564487205,-0.2125885662818252,-0.1977045372694545,-0.1976303869224585,-7.415034699601031e-05,0.00040743691169448483,-0.197222950010764,-4.88136077274131,0.00048158725869029695,0.00048158725869029695
alpha-TiAl,500,9,alpha-TiAl__500,1,-4.88184236,-4.471438874306215,-0.2125885662818252,-0.19781491941196,-0.1976303869224585,-0.0001845324895015099,8.933366210123023e-06,-0.19762145355624836,-4.881648894144289,0.00019346585571167196,0.00019346585571167196
alpha-TiAl,500,10,alpha-TiAl__500,1,-4.88184236,-4.471746662062671,-0.2125885662818252,-0.1975071316555041,-0.1976303869224585,0.00012325526695439182,5.625115771369176e-05,-0.1975741357647448,-4.881909364109241,-6.700410924054268e-05,6.700410924054268e-05
alpha-TiAl,500,11,alpha-TiAl__500,1,-4.88184236,-4.471808962903274,-0.2125885662818252,-0.1974448308149012,-0.1976303869224585,0.0001855561075572998,0.00013505899004000716,-0.19749532793241847,-4.881892857117517,-5.0497117516812295e-05,5.0497117516812295e-05
alpha-TiAl,500,12,alpha-TiAl__500,1,-4.88184236,-4.471701812711464,-0.2125885662818252,-0.1975519810067112,-0.1976303869224585,7.840591574728717e-05,-0.00019911294371496716,-0.19782949986617346,-4.882119878859463,-0.0002775188594625888,0.0002775188594625888
alpha-TiAl,500,13,alpha-TiAl__500,1,-4.88184236,-4.471632903559609,-0.2125885662818252,-0.1976208901585661,-0.1976303869224585,9.496763892391513e-06,-0.0004944973660364282,-0.19812488428849492,-4.882346354129929,-0.000503994129928742,0.000503994129928742
alpha-TiAl,500,14,alpha-TiAl__500,1,-4.88184236,-4.471635457879258,-0.2125885662818252,-0.1976183358389169,-0.1976303869224585,1.2051083541603225e-05,-0.000727299614872101,-0.1983576865373306,-4.882581710698414,-0.0007393506984136877,0.0007393506984136877
alpha-TiAl,500,15,alpha-TiAl__500,1,-4.88184236,-4.471179627950926,-0.2125885662818252,-0.1980741657672489,-0.1976303869224585,-0.0004437788447904101,0.00017705131788847022,-0.19745333560457,-4.881221529837322,0.000620830162678665,0.000620830162678665
alpha-TiAl,500,16,alpha-TiAl__500,1,-4.88184236,-4.471641225600747,-0.2125885662818252,-0.1976125681174281,-0.1976303869224585,1.781880503037847e-05,-0.00030041383814876835,-0.19793080076060726,-4.88216059264318,-0.000318232643179428,0.000318232643179428
alpha-TiAl,500,17,alpha-TiAl__500,1,-4.88184236,-4.471246591654407,-0.2125885662818252,-0.1980072020637679,-0.1976303869224585,-0.0003768151413094112,-0.0005376944603632929,-0.19816808138282177,-4.882003239319054,-0.00016087931905417463,0.00016087931905417463
alpha-TiAl,500,18,alpha-TiAl__500,1,-4.88184236,-4.471917115087393,-0.2125885662818252,-0.1973366786307817,-0.1976303869224585,0.00029370829167679746,0.0006575565910006354,-0.19697283033145785,-4.881478511700676,0.000363848299324232,0.000363848299324232
alpha-TiAl,500,19,alpha-TiAl__500,1,-4.88184236,-4.47157525289043,-0.2125885662818252,-0.197678540827745,-0.1976303869224585,-4.815390528650765e-05,-0.0001982044032539997,-0.19782859132571248,-4.8819924104979675,-0.00015005049796723569,0.00015005049796723569
alpha-TiAl,500,20,alpha-TiAl__500,1,-4.88184236,-4.47188553556388,-0.2125885662818252,-0.1973682581542952,-0.1976303869224585,0.00026212876816328334,-0.00051949828607112,-0.1981498852085296,-4.8826239870542345,-0.0007816270542342352,0.0007816270542342352
alpha-TiAl,500,21,alpha-TiAl__500,1,-4.88184236,-4.471937267085942,-0.2125885662818252,-0.1973165266322327,-0.1976303869224585,0.000313860290225787,0.00022833782272396115,-0.19740204909973452,-4.881927882467502,-8.552246750159753e-05,8.552246750159753e-05
alpha-TiAl,500,22,alpha-TiAl__500,1,-4.88184236,-4.471541662438685,-0.2125885662818252,-0.1977121312794905,-0.1976303869224585,-8.174435703200977e-05,-0.0006144648096453683,-0.19824485173210385,-4.882375080452614,-0.0005327204526137663,0.0005327204526137663
alpha-TiAl,500,23,alpha-TiAl__500,1,-4.88184236,-4.471444824383364,-0.2125885662818252,-0.1978089693348108,-0.1976303869224585,-0.00017858241235230166,-0.00029473568438721077,-0.1979251226068457,-4.881958513272036,-0.00011615327203529091,0.00011615327203529091
alpha-TiAl,500,24,alpha-TiAl__500,1,-4.88184236,-4.472184621000055,-0.2125885662818252,-0.1970691727181197,-0.1976303869224585,0.0005612142043388002,0.00012339837300292405,-0.19750698854945556,-4.882280175831336,-0.0004378158313356195,0.0004378158313356195
alpha-TiAl,500,25,alpha-TiAl__500,1,-4.88184236,-4.471694190115034,-0.2125885662818252,-0.1975596036031408,-0.1976303869224585,7.07833193177021e-05,-0.00023713262113087146,-0.19786751954358936,-4.8821502759404485,-0.00030791594044821124,0.00030791594044821124
alpha-TiAl,500,26,alpha-TiAl__500,1,-4.88184236,-4.471723816712802,-0.2125885662818252,-0.1975299770053729,-0.1976303869224585,0.00010040991708559766,-0.0003422245774759955,-0.19797261149993448,-4.882284994494562,-0.00044263449456138915,0.00044263449456138915
alpha-TiAl,500,27,alpha-TiAl__500,1,-4.88184236,-4.471342130625436,-0.2125885662818252,-0.1979116630927393,-0.1976303869224585,-0.0002812761702808142,-9.276851209965618e-05,-0.19772315543455815,-4.881653852341819,0.0001885076581809031,0.0001885076581809031
alpha-TiAl,500,28,alpha-TiAl__500,1,-4.88184236,-4.471634188161124,-0.2125885662818252,-0.1976196055570511,-0.1976303869224585,1.0781365407386279e-05,-0.0008277332456369728,-0.19845812016809547,-4.882680874611045,-0.0008385146110443387,0.0008385146110443387
alpha-TiAl,500,29,alpha-TiAl__500,1,-4.88184236,-4.471571524476679,-0.2125885662818252,-0.1976822692414961,-0.1976303869224585,-5.1882319037604985e-05,-0.0001920706179616238,-0.1978224575404201,-4.881982548298924,-0.00014018829892403772,0.00014018829892403772
alpha-TiAl,500,30,alpha-TiAl__500,1,-4.88184236,-4.471791515698068,-0.2125885662818252,-0.1974622780201071,-0.1976303869224585,0.0001681089023513882,-0.00012367690839059473,-0.1977540638308491,-4.882134145810742,-0.00029178581074162935,0.00029178581074162935
alpha-TiAl,500,31,alpha-TiAl__500,1,-4.88184236,-4.471774121875583,-0.2125885662818252,-0.1974796718425917,-0.1976303869224585,0.00015071507986680333,2.3808286061135554e-05,-0.19760657863639736,-4.8819692667938055,-0.00012690679380522596,0.00012690679380522596
alpha-TiAl,500,32,alpha-TiAl__500,1,-4.88184236,-4.472113482914859,-0.2125885662818252,-0.1971403108033156,-0.1976303869224585,0.000490076119142896,-2.5008236337091033e-06,-0.1976328877460922,-4.882334936942777,-0.0004925769427766014,0.0004925769427766014
alpha-TiAl,500,33,alpha-TiAl__500,1,-4.88184236,-4.471838244942707,-0.2125885662818252,-0.197415548775468,-0.1976303869224585,0.00021483814699049808,-0.0006763366780910062,-0.1983067236005495,-4.882733534825082,-0.0008911748250817197,0.0008911748250817197
alpha-TiAl,500,34,alpha-TiAl__500,1,-4.88184236,-4.471378049786613,-0.2125885662818252,-0.1978757439315623,-0.1976303869224585,-0.00024535700910380265,-8.42313036715859e-05,-0.19771461822613007,-4.881681234294568,0.00016112570543214133,0.00016112570543214133
alpha-TiAl,500,35,alpha-TiAl__500,1,-4.88184236,-4.471645290132323,-0.2125885662818252,-0.1976085035858519,-0.1976303869224585,2.1883336606576265e-05,4.941779295330694e-05,-0.19758096912950518,-4.881814825543653,2.753445634695595e-05,2.753445634695595e-05
alpha-TiAl,500,36,alpha-TiAl__500,1,-4.88184236,-4.472018852871623,-0.2125885662818252,-0.1972349408465517,-0.1976303869224585,0.00039544607590680236,7.3326607523399e-05,-0.19755706031493508,-4.882164479468384,-0.0003221194683833417,0.0003221194683833417
alpha-TiAl,500,37,alpha-TiAl__500,1,-4.88184236,-4.471445090444474,-0.2125885662818252,-0.1978087032737008,-0.1976303869224585,-0.00017831635124229694,-0.0007805040156771511,-0.19841089093813563,-4.882444547664435,-0.0006021876644348723,0.0006021876644348723
alpha-TiAl,500,38,alpha-TiAl__500,1,-4.88184236,-4.471307856034151,-0.2125885662818252,-0.1979459376840244,-0.1976303869224585,-0.0003155507615659192,0.000332420839460181,-0.19729796608299832,-4.881194388398974,0.0006479716010261427,0.0006479716010261427
alpha-TiAl,500,39,alpha-TiAl__500,1,-4.88184236,-4.471780281397235,-0.2125885662818252,-0.1974735123209399,-0.1976303869224585,0.00015687460151858623,-0.000330699829159038,-0.19796108675161753,-4.882329934430678,-0.00048757443067781736,0.00048757443067781736
alpha-TiAl,500,40,alpha-TiAl__500,1,-4.88184236,-4.471597235649838,-0.2125885662818252,-0.1976565580683367,-0.1976303869224585,-2.6171145878217672e-05,-0.0005594098181217593,-0.19818979674058024,-4.882375598672244,-0.0005332386722436411,0.0005332386722436411
alpha-TiAl,500,41,alpha-TiAl__500,1,-4.88184236,-4.4714298753844455,-0.2125885662818252,-0.1978239183337296,-0.1976303869224585,-0.0001935314112710973,-0.00018734084073904154,-0.19781772776319753,-4.8818361694294685,6.190570531749984e-06,6.190570531749984e-06
alpha-TiAl,500,42,alpha-TiAl__500,1,-4.88184236,-4.471698151720578,-0.2125885662818252,-0.1975556419975968,-0.1976303869224585,7.47449248617027e-05,-0.00012901771594255547,-0.19775940463840105,-4.882046122640805,-0.00020376264080468331,0.00020376264080468331
alpha-TiAl,500,43,alpha-TiAl__500,1,-4.88184236,-4.4717307112700055,-0.2125885662818252,-0.1975230824481695,-0.1976303869224585,0.00010730447428899947,-7.0565728254701e-05,-0.1977009526507132,-4.882020230202544,-0.00017787020254367292,0.00017787020254367292
alpha-TiAl,500,44,alpha-TiAl__500,1,-4.88184236,-4.471350613787857,-0.2125885662818252,-0.1979031799303179,-0.1976303869224585,-0.00027279300785940097,-4.0515384635659146e-05,-0.19767090230709414,-4.881610082376777,0.0002322776232235313,0.0002322776232235313
alpha-TiAl,500,45,alpha-TiAl__500,1,-4.88184236,-4.471763362157638,-0.2125885662818252,-0.1974904315605368,-0.1976303869224585,0.00013995536192168423,-0.0002675161730303704,-0.19789790309548885,-4.882249831534953,-0.0004074715349524638,0.0004074715349524638
alpha-TiAl,500,46,alpha-TiAl__500,1,-4.88184236,-4.472126375896784,-0.2125885662818252,-0.1971274178213908,-0.1976303869224585,0.0005029691010677018,1.1567273292996433e-05,-0.1976188196491655,-4.882333761827775,-0.0004914018277748511,0.0004914018277748511
alpha-TiAl,500,47,alpha-TiAl__500,1,-4.88184236,-4.471857405235333,-0.2125885662818252,-0.1973963884828418,-0.1976303869224585,0.00023399843961668942,0.00010516097646274348,-0.19752522594599575,-4.881971197463154,-0.00012883746315406341,0.00012883746315406341
alpha-TiAl,500,48,alpha-TiAl__500,1,-4.88184236,-4.471894503937166,-0.2125885662818252,-0.1973592897810094,-0.1976303869224585,0.00027109714144910035,-0.00024777504344727306,-0.19787816196590577,-4.882361232184897,-0.000518872184896324,0.000518872184896324
alpha-TiAl,500,49,alpha-TiAl__500,1,-4.88184236,-4.471693997497941,-0.2125885662818252,-0.1975597962202337,-0.1976303869224585,7.059070222478758e-05,0.0002783958316045894,-0.1973519910908539,-4.881634554870621,0.000207805129379679,0.000207805129379679
alpha-TiAl,500,50,alpha-TiAl__500,1,-4.88184236,-4.471428752115033,-0.2125885662818252,-0.1978250416031421,-0.1976303869224585,-0.00019465468068360914,-0.00011102227702429145,-0.19774140919948277,-4.881758727596341,8.363240365927282e-05,8.363240365927282e-05
alpha-TiAl,500,51,alpha-TiAl__500,1,-4.88184236,-4.47166516563725,-0.2125885662818252,-0.1975886280809247,-0.1976303869224585,4.175884153378995e-05,-0.001139992678732381,-0.19877037960119087,-4.883024111520267,-0.0011817515202663387,0.0011817515202663387
alpha-TiAl,500,52,alpha-TiAl__500,1,-4.88184236,-4.471854666405173,-0.2125885662818252,-0.1973991273130018,-0.1976303869224585,0.000231259609456691,0.0002714775275822283,-0.19735890939487627,-4.881802142081875,4.021791812558462e-05,4.021791812558462e-05
alpha-TiAl,500,53,alpha-TiAl__500,1,-4.88184236,-4.471861797230521,-0.2125885662818252,-0.1973919964876538,-0.1976303869224585,0.00023839043480469724,-0.00039180665357945035,-0.19802219357603795,-4.882472557088384,-0.0006301970883839658,0.0006301970883839658
alpha-TiAl,500,54,alpha-TiAl__500,1,-4.88184236,-4.471628459695482,-0.2125885662818252,-0.1976253340226934,-0.1976303869224585,5.052899765101149e-06,5.161749963457583e-05,-0.1975787694228239,-4.881795795400131,4.656459986929207e-05,4.656459986929207e-05
alpha-TiAl,500,55,alpha-TiAl__500,1,-4.88184236,-4.4714682440958455,-0.2125885662818252,-0.1977855496223295,-0.1976303869224585,-0.00015516269987100872,-0.00011734688292927105,-0.19774773380538777,-4.881804544183058,3.7815816941844105e-05,3.7815816941844105e-05
alpha-TiAl,500,56,alpha-TiAl__500,1,-4.88184236,-4.4721294220128165,-0.2125885662818252,-0.1971243717053585,-0.1976303869224585,0.0005060152171000032,-0.00025324781243886505,-0.19788363473489737,-4.882601623029539,-0.0007592630295389924,0.0007592630295389924
alpha-TiAl,500,57,alpha-TiAl__500,1,-4.88184236,-4.471600393976431,-0.2125885662818252,-0.1976533997417444,-0.1976303869224585,-2.3012819285905817e-05,0.00011685766282198207,-0.1975135292596365,-4.881702489517893,0.000139870482107618,0.000139870482107618
alpha-TiAl,500,58,alpha-TiAl__500,1,-4.88184236,-4.471525812582802,-0.2125885662818252,-0.1977279811353733,-0.1976303869224585,-9.75942129148033e-05,-0.00036229157947006996,-0.19799267850192856,-4.8821070573665555,-0.00026469736655521103,0.00026469736655521103
alpha-TiAl,500,59,alpha-TiAl__500,1,-4.88184236,-4.471961267468914,-0.2125885662818252,-0.197292526249261,-0.1976303869224585,0.00033786067319749313,-0.00022008021189367464,-0.19785046713435217,-4.882400300885092,-0.0005579408850913126,0.0005579408850913126
alpha-TiAl,500,60,alpha-TiAl__500,1,-4.88184236,-4.471876801632852,-0.2125885662818252,-0.1973769920853234,-0.1976303869224585,0.00025339483713510136,-0.00030339170681891896,-0.1979337786292774,-4.882399146543954,-0.0005567865439539688,0.0005567865439539688
alpha-TiAl,500,61,alpha-TiAl__500,1,-4.88184236,-4.471394332925751,-0.2125885662818252,-0.197859460792424,-0.1976303869224585,-0.0002290738699655126,-0.0004456343039106389,-0.19807602122636914,-4.882058920433946,-0.00021656043394546742,0.00021656043394546742
alpha-TiAl,500,62,alpha-TiAl__500,1,-4.88184236,-4.471598487140237,-0.2125885662818252,-0.1976553065779382,-0.1976303869224585,-2.4919655479710423e-05,0.0001767332563481815,-0.1974536536661103,-4.881640707088172,0.00020165291182827616,0.00020165291182827616
alpha-TiAl,500,63,alpha-TiAl__500,1,-4.88184236,-4.472036587913909,-0.2125885662818252,-0.1972172058042662,-0.1976303869224585,0.00041318111819230174,-0.0004820015829783483,-0.19811238850543683,-4.882737542701171,-0.0008951827011705049,0.0008951827011705049
alpha-TiAl,500,64,alpha-TiAl__500,1,-4.88184236,-4.471803314865548,-0.2125885662818252,-0.1974504788526268,-0.1976303869224585,0.00017990806983170238,-0.00012625986517418632,-0.1977566467876327,-4.882148527935006,-0.0003061679350055968,0.0003061679350055968
alpha-TiAl,500,65,alpha-TiAl__500,1,-4.88184236,-4.471906515644033,-0.2125885662818252,-0.1973472780741421,-0.1976303869224585,0.0002831088483163935,0.00016253087367599822,-0.1974678560487825,-4.881962937974641,-0.00012057797464049003,0.00012057797464049003
alpha-TiAl,500,66,alpha-TiAl__500,1,-4.88184236,-4.4718414554918,-0.2125885662818252,-0.1974123382263748,-0.1976303869224585,0.00021804869608368915,-0.0007619089067492252,-0.19839229582920773,-4.882822317602833,-0.0009799576028326484,0.0009799576028326484
alpha-TiAl,500,67,alpha-TiAl__500,1,-4.88184236,-4.471417473272471,-0.2125885662818252,-0.1978363204457043,-0.1976303869224585,-0.00020593352324579928,-3.5002252858253136e-05,-0.19766538917531673,-4.881671428729613,0.0001709312703876975,0.0001709312703876975
alpha-TiAl,500,68,alpha-TiAl__500,1,-4.88184236,-4.471456665947631,-0.2125885662818252,-0.1977971277705439,-0.1976303869224585,-0.000166740848085406,-0.0003739920753374709,-0.19800437899779597,-4.882049611227252,-0.00020725122725195888,0.00020725122725195888
alpha-TiAl,500,69,alpha-TiAl__500,1,-4.88184236,-4.47165806796393,-0.2125885662818252,-0.1975957257542449,-0.1976303869224585,3.46611682136011e-05,-5.398315294208674e-06,-0.1976357852377527,-4.881882419483508,-4.005948350815913e-05,4.005948350815913e-05
alpha-TiAl,500,70,alpha-TiAl__500,1,-4.88184236,-4.471747697493116,-0.2125885662818252,-0.1975060962250587,-0.1976303869224585,0.00012429069739977594,0.00011462856638225169,-0.19751575835607624,-4.881852022131017,-9.662131017051934e-06,9.662131017051934e-06
alpha-TiAl,500,71,alpha-TiAl__500,1,-4.88184236,-4.471967783811569,-0.2125885662818252,-0.1972860099066062,-0.1976303869224585,0.0003443770158522985,-0.00024583880217536375,-0.19787622572463384,-4.882432575818028,-0.0005902158180273176,0.0005902158180273176
alpha-TiAl,500,72,alpha-TiAl__500,1,-4.88184236,-4.471487625598699,-0.2125885662818252,-0.1977661681194762,-0.1976303869224585,-0.0001357811970177092,-0.0005208096439183501,-0.19815119656637684,-4.882227388446901,-0.00038502844690047056,0.00038502844690047056
alpha-TiAl,500,73,alpha-TiAl__500,1,-4.88184236,-4.471822634387276,-0.2125885662818252,-0.1974311593308995,-0.1976303869224585,0.0001992275915589925,4.0701653764011564e-05,-0.19758968526869447,-4.882000885937796,-0.00015852593779541735,0.00015852593779541735
alpha-TiAl,500,74,alpha-TiAl__500,1,-4.88184236,-4.471902043813382,-0.2125885662818252,-0.1973517499047927,-0.1976303869224585,0.00027863701766578375,-0.000783188510151505,-0.19841357543260998,-4.882904185527818,-0.0010618255278176392,0.0010618255278176392
alpha-TiAl,500,75,alpha-TiAl__500,1,-4.88184236,-4.471398118367296,-0.2125885662818252,-0.1978556753508789,-0.1976303869224585,-0.00022528842842040042,-0.000411165777176655,-0.19804155269963514,-4.882028237348757,-0.0001858773487564136,0.0001858773487564136
alpha-TiAl,500,76,alpha-TiAl__500,1,-4.88184236,-4.472037394363293,-0.2125885662818252,-0.1972163993548816,-0.1976303869224585,0.00041398756757687893,-0.00019767441530138216,-0.19782806133775988,-4.882454021982879,-0.0006116619828784309,0.0006116619828784309
alpha-TiAl,500,77,alpha-TiAl__500,1,-4.88184236,-4.471888420428668,-0.2125885662818252,-0.1973653732895073,-0.1976303869224585,0.00026501363295119984,-0.000201175067165956,-0.19783156198962445,-4.882308548700117,-0.00046618870011716496,0.00046618870011716496
alpha-TiAl,500,78,alpha-TiAl__500,1,-4.88184236,-4.471885634758242,-0.2125885662818252,-0.1973681589599332,-0.1976303869224585,0.00026222796252528546,-0.00011054761510993534,-0.1977409345375684,-4.882215135577636,-0.00037277557763548685,0.00037277557763548685
alpha-TiAl,500,79,alpha-TiAl__500,1,-4.88184236,-4.471756298100087,-0.2125885662818252,-0.1974974956180881,-0.1976303869224585,0.0001328913043703861,0.00025940332314143143,-0.19737098359931707,-4.881715847981229,0.00012651201877122986,0.00012651201877122986
alpha-TiAl,500,80,alpha-TiAl__500,1,-4.88184236,-4.4718197008338985,-0.2125885662818252,-0.1974340928842766,-0.1976303869224585,0.00019629403818188784,-0.0008318632227744279,-0.19846225014523292,-4.882870517260956,-0.001028157260956064,0.001028157260956064
alpha-TiAl,500,81,alpha-TiAl__500,1,-4.88184236,-4.47152692891744,-0.2125885662818252,-0.1977268648007353,-0.1976303869224585,-9.647787827682386e-05,0.00015041359581300992,-0.1974799733266455,-4.88159546852591,0.0002468914740898498,0.0002468914740898498
alpha-TiAl,500,82,alpha-TiAl__500,1,-4.88184236,-4.471924446640508,-0.2125885662818252,-0.1973293470776669,-0.1976303869224585,0.00030103984479160073,-0.00024544509150453865,-0.19787583201396303,-4.882388844936297,-0.0005464849362963875,0.0005464849362963875
alpha-TiAl,500,83,alpha-TiAl__500,1,-4.88184236,-4.471435466803859,-0.2125885662818252,-0.1978183269143159,-0.1976303869224585,-0.00018793999185739985,-6.667924169279276e-05,-0.19769706616415128,-4.881721099249836,0.00012126075016460902,0.00012126075016460902
alpha-TiAl,500,84,alpha-TiAl__500,1,-4.88184236,-4.471678670802982,-0.2125885662818252,-0.1975751229151932,-0.1976303869224585,5.526400726529879e-05,-0.0002904853693953503,-0.19792087229185384,-4.882188109376661,-0.0003457493766605424,0.0003457493766605424
alpha-TiAl,500,85,alpha-TiAl__500,1,-4.88184236,-4.471346088999731,-0.2125885662818252,-0.1979077047184443,-0.1976303869224585,-0.0002773177959858042,-7.616139790274079e-05,-0.19770654832036122,-4.881641203601917,0.00020115639808349073,0.00020115639808349073
alpha-TiAl,500,86,alpha-TiAl__500,1,-4.88184236,-4.47148065717453,-0.2125885662818252,-0.1977731365436454,-0.1976303869224585,-0.00014274962118690504,-0.000584963245140436,-0.19821535016759892,-4.882284573623954,-0.0004422136239536911,0.0004422136239536911
alpha-TiAl,500,87,alpha-TiAl__500,1,-4.88184236,-4.471498251193234,-0.2125885662818252,-0.1977555425249413,-0.1976303869224585,-0.00012515560248280155,-0.00026999500042385207,-0.19790038192288234,-4.881987199397941,-0.0001448393979410767,0.0001448393979410767
alpha-TiAl,500,88,alpha-TiAl__500,1,-4.88184236,-4.471779128071176,-0.2125885662818252,-0.1974746656469994,-0.1976303869224585,0.00015572127545909753,-0.00020715234630439735,-0.19783753926876288,-4.882205233621764,-0.0003628736217633488,0.0003628736217633488
alpha-TiAl,500,89,alpha-TiAl__500,1,-4.88184236,-4.471479355424074,-0.2125885662818252,-0.1977744382941013,-0.1976303869224585,-0.00014405137164280601,-0.0005792550307832906,-0.19820964195324178,-4.882277563659141,-0.0004352036591406261,0.0004352036591406261
alpha-TiAl,500,90,alpha-TiAl__500,1,-4.88184236,-4.471809737439353,-0.2125885662818252,-0.1974440562788224,-0.1976303869224585,0.0001863306436361012,-0.0005007183097225163,-0.198131105232181,-4.882529408953359,-0.0006870489533588042,0.0006870489533588042
alpha-TiAl,500,91,alpha-TiAl__500,1,-4.88184236,-4.4718507331832456,-0.2125885662818252,-0.1974030605349295,-0.1976303869224585,0.00022732638752898104,-8.281402057333038e-05,-0.19771320094303182,-4.882152500408103,-0.0003101404081027326,0.0003101404081027326
alpha-TiAl,500,92,alpha-TiAl__500,1,-4.88184236,-4.471765930254294,-0.2125885662818252,-0.1974878634638814,-0.1976303869224585,0.00014252345857709847,-0.000254874992749988,-0.19788526191520847,-4.882239758451327,-0.00039739845132658047,0.00039739845132658047
alpha-TiAl,500,93,alpha-TiAl__500,1,-4.88184236,-4.471912754168554,-0.2125885662818252,-0.1973410395496211,-0.1976303869224585,0.0002893473728373952,-0.00023301301789740303,-0.1978633999403559,-4.882364720390735,-0.0005223603907351659,0.0005223603907351659
alpha-TiAl,500,94,alpha-TiAl__500,1,-4.88184236,-4.471771375514492,-0.2125885662818252,-0.1974824182036831,-0.1976303869224585,0.00014796871877539863,-0.0005860121797459248,-0.19821639910220443,-4.882576340898521,-0.0007339808985209473,0.0007339808985209473
alpha-TiAl,500,95,alpha-TiAl__500,1,-4.88184236,-4.472020665453082,-0.2125885662818252,-0.1972331282650934,-0.1976303869224585,0.00039725865736509047,6.555245414774903e-05,-0.19756483446831075,-4.882174066203218,-0.0003317062032177631,0.0003317062032177631
alpha-TiAl,500,96,alpha-TiAl__500,1,-4.88184236,-4.471524229784038,-0.2125885662818252,-0.1977295639341374,-0.1976303869224585,-9.917701167891368e-05,-9.840853919794926e-06,-0.1976402277763783,-4.881753023842241,8.933615775941206e-05,8.933615775941206e-05
alpha-TiAl,500,97,alpha-TiAl__500,1,-4.88184236,-4.472268442944411,-0.2125885662818252,-0.1969853507737644,-0.1976303869224585,0.0006450361486941003,-0.0005064693079949383,-0.19813685623045343,-4.882993865456689,-0.0011515054566890726,0.0011515054566890726
alpha-TiAl,500,98,alpha-TiAl__500,1,-4.88184236,-4.471560264654068,-0.2125885662818252,-0.1976935290641073,-0.1976303869224585,-6.314214164881982e-05,-0.00012512425051574368,-0.19775551117297424,-4.881904342108867,-6.198210886676492e-05,6.198210886676492e-05
alpha-TiAl,500,99,alpha-TiAl__500,1,-4.88184236,-4.471585231220094,-0.2125885662818252,-0.1976685624980811,-0.1976303869224585,-3.817557562260654e-05,-0.0006642816668648459,-0.19829466858932335,-4.882468466091242,-0.0006261060912420291,0.0006261060912420291
alpha-TiAl,600,0,alpha-TiAl__600,0,-4.92700903,-4.412569021463218,-0.2125885662818252,-0.3018514422549563,-0.30265636437930943,0.0008049221243531246,0.0022250462569658996,-0.3004313181223435,-4.925588905867387,0.0014201241326130543,0.0014201241326130543
alpha-TiAl,600,1,alpha-TiAl__600,0,-4.92700903,-4.411953708052113,-0.2125885662818252,-0.3024667556660612,-0.30265636437930943,0.00018960871324824602,0.001936498645590769,-0.30071986573371867,-4.925262140067657,0.0017468899323427323,0.0017468899323427323
alpha-TiAl,600,2,alpha-TiAl__600,0,-4.92700903,-4.412839582390061,-0.2125885662818252,-0.301580881328114,-0.30265636437930943,0.001075483051195425,0.0011111819633633274,-0.3015451824159461,-4.926973331087832,3.5698912167703156e-05,3.5698912167703156e-05
alpha-TiAl,600,3,alpha-TiAl__600,0,-4.92700903,-4.41179675965726,-0.2125885662818252,-0.302623704060915,-0.30265636437930943,3.2660318394439614e-05,0.0014512136023464434,-0.30120515077696297,-4.925590476716048,0.0014185532839521287,0.0014185532839521287
alpha-TiAl,600,4,alpha-TiAl__600,0,-4.92700903,-4.411991162640245,-0.2125885662818252,-0.3024293010779297,-0.30265636437930943,0.0002270633013797263,0.002381439898826167,-0.30027492448048326,-4.924854653402553,0.00215437659744655,0.00215437659744655
alpha-TiAl,600,5,alpha-TiAl__600,0,-4.92700903,-4.411941175235899,-0.2125885662818252,-0.3024792884822753,-0.30265636437930943,0.00017707589703414017,0.000988233439078834,-0.3016681309402306,-4.926197872457955,0.0008111575420448602,0.0008111575420448602
alpha-TiAl,600,6,alpha-TiAl__600,0,-4.92700903,-4.412531107463964,-0.2125885662818252,-0.3018893562542102,-0.30265636437930943,0.0007670081250992222,0.0015450411161300555,-0.30111132326317935,-4.926230997008969,0.0007780329910307415,0.0007780329910307415
alpha-TiAl,600,7,alpha-TiAl__600,0,-4.92700903,-4.411626736708662,-0.2125885662818252,-0.3027937270095124,-0.30265636437930943,-0.00013736263020297512,0.0021829460903082004,-0.3004734182890012,-4.924688721279488,0.002320308720511477,0.002320308720511477
alpha-TiAl,600,8,alpha-TiAl__600,0,-4.92700903,-4.412058178811342,-0.2125885662818252,-0.3023622849068328,-0.30265636437930943,0.00029407947247661603,0.002252112748805379,-0.30040425163050405,-4.925050996723671,0.001958033276328486,0.001958033276328486
alpha-TiAl,600,9,alpha-TiAl__600,0,-4.92700903,-4.4121213383395235,-0.2125885662818252,-0.3022991253786511,-0.30265636437930943,0.00035723900065831593,0.0013372481955588951,-0.3013191161837505,-4.9260290208051,0.0009800091949001555,0.0009800091949001555
alpha-TiAl,600,10,alpha-TiAl__600,0,-4.92700903,-4.411708509556256,-0.2125885662818252,-0.3027119541619187,-0.30265636437930943,-5.5589782609277716e-05,4.609161658489038e-05,-0.30261027276272456,-4.926907348600806,0.00010168139919386476,0.00010168139919386476
alpha-TiAl,600,11,alpha-TiAl__600,0,-4.92700903,-4.4119509454455,-0.2125885662818252,-0.3024695182726749,-0.30265636437930943,0.0001868461066345528,0.0018656921184747718,-0.30079067226083467,-4.92533018398816,0.001678846011840207,0.001678846011840207
alpha-TiAl,600,12,alpha-TiAl__600,0,-4.92700903,-4.4117983456281555,-0.2125885662818252,-0.302622118090019,-0.30265636437930943,3.424628929044049e-05,0.0029109319870989567,-0.29974543239221046,-4.924132344302191,0.002876685697808412,0.002876685697808412
alpha-TiAl,600,13,alpha-TiAl__600,0,-4.92700903,-4.412048191153518,-0.2125885662818252,-0.3023722725646562,-0.30265636437930943,0.0002840918146532201,0.000531022770940269,-0.3021253416083692,-4.926762099043713,0.0002469309562869171,0.0002469309562869171
alpha-TiAl,600,14,alpha-TiAl__600,0,-4.92700903,-4.41199357688811,-0.2125885662818252,-0.302426886830065,-0.30265636437930943,0.00022947754924440567,0.0012476431931155768,-0.30140872118619383,-4.9259908643561285,0.0010181656438712494,0.0010181656438712494
alpha-TiAl,600,15,alpha-TiAl__600,0,-4.92700903,-4.412293813235207,-0.2125885662818252,-0.3021266504829674,-0.30265636437930943,0.0005297138963420434,0.002514617736097064,-0.30014174664321236,-4.9250241261602445,0.0019849038397552476,0.0019849038397552476
alpha-TiAl,600,16,alpha-TiAl__600,0,-4.92700903,-4.411958816490947,-0.2125885662818252,-0.3024616472272274,-0.30265636437930943,0.00019471715208202456,0.0008708085413058778,-0.30178555583800354,-4.926332938610776,0.0006760913892236431,0.0006760913892236431
alpha-TiAl,600,17,alpha-TiAl__600,0,-4.92700903,-4.4122181529074505,-0.2125885662818252,-0.3022023108107241,-0.30265636437930943,0.0004540535685853553,0.0011763383786010933,-0.30148002600070833,-4.926286745189984,0.0007222848100161272,0.0007222848100161272
alpha-TiAl,600,18,alpha-TiAl__600,0,-4.92700903,-4.4124180514071565,-0.2125885662818252,-0.3020024123110181,-0.30265636437930943,0.0006539520682913302,0.0012979626824453007,-0.3013584016968641,-4.9263650193858455,0.0006440106141543112,0.0006440106141543112
alpha-TiAl,600,19,alpha-TiAl__600,0,-4.92700903,-4.412243222781635,-0.2125885662818252,-0.3021772409365395,-0.30265636437930943,0.00047912344276990204,0.003095724751946584,-0.29956063962736285,-4.924392428690823,0.002616601309176403,0.002616601309176403
alpha-TiAl,600,20,alpha-TiAl__600,0,-4.92700903,-4.411678123516585,-0.2125885662818252,-0.3027423402015898,-0.30265636437930943,-8.597582228037082e-05,0.002927536645110543,-0.2997288277341989,-4.9239955175326084,0.003013512467391344,0.003013512467391344
alpha-TiAl,600,21,alpha-TiAl__600,0,-4.92700903,-4.411834726389945,-0.2125885662818252,-0.3025857373282292,-0.30265636437930943,7.062705108024092e-05,0.001374064485011799,-0.3012822998942976,-4.925705592566068,0.0013034374339317978,0.0013034374339317978
alpha-TiAl,600,22,alpha-TiAl__600,0,-4.92700903,-4.411927865148365,-0.2125885662818252,-0.3024925985698097,-0.30265636437930943,0.0001637658094997274,0.0021931201331230384,-0.30046324424618637,-4.924979675676377,0.002029354323623167,0.002029354323623167
alpha-TiAl,600,23,alpha-TiAl__600,0,-4.92700903,-4.412030771793413,-0.2125885662818252,-0.3023896919247617,-0.30265636437930943,0.0002666724545477006,0.0023087783215090117,-0.30034758605780043,-4.924966924133038,0.002042105866961741,0.002042105866961741
alpha-TiAl,600,24,alpha-TiAl__600,0,-4.92700903,-4.411751950507691,-0.2125885662818252,-0.3026685132104836,-0.30265636437930943,-1.2148831174174646e-05,0.0018727190471424877,-0.30078364533216695,-4.9251241621216835,0.0018848678783163209,0.0018848678783163209
alpha-TiAl,600,25,alpha-TiAl__600,0,-4.92700903,-4.412170188238865,-0.2125885662818252,-0.3022502754793095,-0.30265636437930943,0.0004060888999999346,0.0015979854486384308,-0.301058378930671,-4.925817133451361,0.0011918965486383826,0.0011918965486383826
alpha-TiAl,600,26,alpha-TiAl__600,0,-4.92700903,-4.412173459422362,-0.2125885662818252,-0.3022470042958129,-0.30265636437930943,0.00040936008349651276,0.0029457986966380722,-0.29971056568267135,-4.924472591386858,0.0025364386131414562,0.0025364386131414562
alpha-TiAl,600,27,alpha-TiAl__600,0,-4.92700903,-4.4116027154363975,-0.2125885662818252,-0.3028177482817771,-0.30265636437930943,-0.0001613839024676711,0.002604639329085155,-0.30005172505022426,-4.924243006768447,0.00276602323155295,0.00276602323155295
alpha-TiAl,600,28,alpha-TiAl__600,0,-4.92700903,-4.412766047997303,-0.2125885662818252,-0.3016544157208711,-0.30265636437930943,0.0010019486584383341,0.0012155585122601421,-0.3014408058670493,-4.926795420146178,0.0002136098538221276,0.0002136098538221276
alpha-TiAl,600,29,alpha-TiAl__600,0,-4.92700903,-4.41201349386259,-0.2125885662818252,-0.3024069698555847,-0.30265636437930943,0.00024939452372474413,0.0010495459676886864,-0.30160681841162074,-4.926208878556036,0.0008001514439639479,0.0008001514439639479
alpha-TiAl,600,30,alpha-TiAl__600,0,-4.92700903,-4.412059291680629,-0.2125885662818252,-0.3023611720375454,-0.30265636437930943,0.00029519234176400566,0.003101601692618359,-0.29955476268669107,-4.924202620649146,0.0028064093508541887,0.0028064093508541887
alpha-TiAl,600,31,alpha-TiAl__600,0,-4.92700903,-4.411743855342828,-0.2125885662818252,-0.3026766083753465,-0.30265636437930943,-2.0243996037061507e-05,0.0027008058107446066,-0.2999555585685648,-4.924287980193218,0.0027210498067820055,0.0027210498067820055
alpha-TiAl,600,32,alpha-TiAl__600,0,-4.92700903,-4.411897465374898,-0.2125885662818252,-0.3025229983432762,-0.30265636437930943,0.00013336603603325559,0.0012217750692668104,-0.30143458931004263,-4.9259206209667665,0.0010884090332332619,0.0010884090332332619
alpha-TiAl,600,33,alpha-TiAl__600,0,-4.92700903,-4.41239537768968,-0.2125885662818252,-0.302025086028495,-0.30265636437930943,0.0006312783508144459,0.0026359428952388237,-0.3000204214840706,-4.9250043654555755,0.0020046645444242728,0.0020046645444242728
alpha-TiAl,600,34,alpha-TiAl__600,0,-4.92700903,-4.411679725680227,-0.2125885662818252,-0.3027407380379472,-0.30265636437930943,-8.43736586377819e-05,0.003006831463200357,-0.2996495329161091,-4.923917824878162,0.0030912051218381364,0.0030912051218381364
alpha-TiAl,600,35,alpha-TiAl__600,0,-4.92700903,-4.412006047774665,-0.2125885662818252,-0.3024144159435096,-0.30265636437930943,0.0002419484357998325,0.0009972248135598223,-0.3016591395657496,-4.92625375362224,0.0007552763777596283,0.0007552763777596283
alpha-TiAl,600,36,alpha-TiAl__600,0,-4.92700903,-4.412145578782633,-0.2125885662818252,-0.3022748849355414,-0.30265636437930943,0.0003814794437680402,0.0010251614909494514,-0.30163120288836,-4.926365347952818,0.0006436820471815707,0.0006436820471815707
alpha-TiAl,600,37,alpha-TiAl__600,0,-4.92700903,-4.412225972090881,-0.2125885662818252,-0.3021944916272936,-0.30265636437930943,0.0004618727520158128,0.002919640218513499,-0.29973672416079594,-4.924551262533502,0.002457767466498062,0.002457767466498062
alpha-TiAl,600,38,alpha-TiAl__600,0,-4.92700903,-4.41186704078921,-0.2125885662818252,-0.3025534229289643,-0.30265636437930943,0.00010294145034511759,0.0019029394772342569,-0.3007534249020752,-4.925209031973111,0.0017999980268887938,0.0017999980268887938
alpha-TiAl,600,39,alpha-TiAl__600,0,-4.92700903,-4.4121217679378875,-0.2125885662818252,-0.3022986957802871,-0.30265636437930943,0.0003576685990223094,0.001745614592314592,-0.30091074978699484,-4.925621084006708,0.0013879459932919502,0.0013879459932919502
alpha-TiAl,600,40,alpha-TiAl__600,0,-4.92700903,-4.411313951410388,-0.2125885662818252,-0.3031065123077869,-0.30265636437930943,-0.0004501479284774734,0.0021145570450290052,-0.30054180733428043,-4.924444325026493,0.002564704973506693,0.002564704973506693
alpha-TiAl,600,41,alpha-TiAl__600,0,-4.92700903,-4.412116774764368,-0.2125885662818252,-0.3023036889538062,-0.30265636437930943,0.00035267542550321274,0.00287847520313834,-0.2997778891761711,-4.924483230222364,0.0025257997776355623,0.0025257997776355623
alpha-TiAl,600,42,alpha-TiAl__600,0,-4.92700903,-4.411691699668766,-0.2125885662818252,-0.3027287640494087,-0.30265636437930943,-7.239967009925463e-05,0.0022590635872201227,-0.3003973007920893,-4.92467756674268,0.002331463257319477,0.002331463257319477
alpha-TiAl,600,43,alpha-TiAl__600,0,-4.92700903,-4.411923682159731,-0.2125885662818252,-0.3024967815584434,-0.30265636437930943,0.00015958282086603326,0.0025556704982062717,-0.30010069388110316,-4.92461294232266,0.0023960876773401196,0.0023960876773401196
alpha-TiAl,600,44,alpha-TiAl__600,0,-4.92700903,-4.412166129095551,-0.2125885662818252,-0.3022543346226234,-0.30265636437930943,0.0004020297566860176,0.0015230151172258837,-0.30113334926208357,-4.92588804463946,0.001120985360540061,0.001120985360540061
alpha-TiAl,600,45,alpha-TiAl__600,0,-4.92700903,-4.412004975759487,-0.2125885662818252,-0.3024154879586875,-0.30265636437930943,0.00024087642062192716,0.003001828749318156,-0.2996545356299913,-4.924248077671304,0.00276095232869622,0.00276095232869622
alpha-TiAl,600,46,alpha-TiAl__600,0,-4.92700903,-4.412083974773757,-0.2125885662818252,-0.3023364889444178,-0.30265636437930943,0.0003198754348916477,0.0021784821818899808,-0.30047788219741944,-4.925150423253001,0.001858606746998781,0.001858606746998781
alpha-TiAl,600,47,alpha-TiAl__600,0,-4.92700903,-4.411997914651259,-0.2125885662818252,-0.3024225490669154,-0.30265636437930943,0.00023381531239402564,0.0020717308757057158,-0.3005846335036037,-4.925171114436688,0.0018379155633114763,0.0018379155633114763
alpha-TiAl,600,48,alpha-TiAl__600,0,-4.92700903,-4.411910414899693,-0.2125885662818252,-0.3025100488184815,-0.30265636437930943,0.0001463155608279476,0.002227583968797399,-0.300428780410512,-4.924927761592031,0.0020812684079691834,0.0020812684079691834
alpha-TiAl,600,49,alpha-TiAl__600,0,-4.92700903,-4.41206344939541,-0.2125885662818252,-0.3023570143227649,-0.30265636437930943,0.00029935005654452285,0.0009154913098180699,-0.3017408730694914,-4.926392888746726,0.0006161412532739163,0.0006161412532739163
alpha-TiAl,600,50,alpha-TiAl__600,0,-4.92700903,-4.4116972536849755,-0.2125885662818252,-0.3027232100331991,-0.30265636437930943,-6.68456538896467e-05,0.0026570561600258395,-0.2999993082192836,-4.924285128186084,0.0027239018139155746,0.0027239018139155746
alpha-TiAl,600,51,alpha-TiAl__600,0,-4.92700903,-4.412541447462796,-0.2125885662818252,-0.3018790162553788,-0.30265636437930943,0.0007773481239306546,0.0025147476893951203,-0.3001416166899143,-4.925271630434535,0.0017373995654645924,0.0017373995654645924
alpha-TiAl,600,52,alpha-TiAl__600,0,-4.92700903,-4.4123253084639655,-0.2125885662818252,-0.302095155254209,-0.30265636437930943,0.000561209125100437,0.0026524461893608843,-0.30000391818994854,-4.924917792935739,0.0020912370642607314,0.0020912370642607314
alpha-TiAl,600,53,alpha-TiAl__600,0,-4.92700903,-4.412172066405058,-0.2125885662818252,-0.3022483973131162,-0.30265636437930943,0.00040796706619322665,0.0019447091906694765,-0.30071165518863996,-4.9254722878755235,0.001536742124476298,0.001536742124476298
alpha-TiAl,600,54,alpha-TiAl__600,0,-4.92700903,-4.411603898203001,-0.2125885662818252,-0.3028165655151733,-0.30265636437930943,-0.00016020113586384666,0.0010430328503095228,-0.3016133315289999,-4.925805796013826,0.001203233986173835,0.001203233986173835
alpha-TiAl,600,55,alpha-TiAl__600,0,-4.92700903,-4.412340765184058,-0.2125885662818252,-0.3020796985341167,-0.30265636437930943,0.0005766658451927253,0.001415042166908955,-0.30124132221240046,-4.926170653678284,0.0008383763217159057,0.0008383763217159057
alpha-TiAl,600,56,alpha-TiAl__600,0,-4.92700903,-4.411723386043747,-0.2125885662818252,-0.302697077674428,-0.30265636437930943,-4.071329511856625e-05,0.001737944616164603,-0.3009184197631448,-4.925230372088716,0.00177865791128351,0.00177865791128351
alpha-TiAl,600,57,alpha-TiAl__600,0,-4.92700903,-4.411948475905477,-0.2125885662818252,-0.302471987812698,-0.30265636437930943,0.00018437656661141055,0.002047530616912135,-0.3006088337623973,-4.925145875949699,0.001863154050300686,0.001863154050300686
alpha-TiAl,600,58,alpha-TiAl__600,0,-4.92700903,-4.412024035097617,-0.2125885662818252,-0.3023964286205576,-0.30265636437930943,0.00025993575875182806,0.00132022449902737,-0.3013361398802821,-4.925948741259724,0.001060288740275972,0.001060288740275972
alpha-TiAl,600,59,alpha-TiAl__600,0,-4.92700903,-4.412353583558445,-0.2125885662818252,-0.3020668801597299,-0.30265636437930943,0.0005894842195795502,0.0008675355847123102,-0.3017888287945971,-4.9267309786348665,0.00027805136513325834,0.00027805136513325834
alpha-TiAl,600,60,alpha-TiAl__600,0,-4.92700903,-4.411956054764919,-0.2125885662818252,-0.3024644089532557,-0.30265636437930943,0.00019195542605371374,0.0020073890300082945,-0.30064897534930113,-4.925193596396046,0.0018154336039541974,0.0018154336039541974
alpha-TiAl,600,61,alpha-TiAl__600,0,-4.92700903,-4.411974840918596,-0.2125885662818252,-0.3024456227995786,-0.30265636437930943,0.00021074157973083318,0.0026892853313097566,-0.2999670790479997,-4.924530486248421,0.0024785437515788544,0.0024785437515788544
alpha-TiAl,600,62,alpha-TiAl__600,0,-4.92700903,-4.412601028670775,-0.2125885662818252,-0.3018194350473999,-0.30265636437930943,0.0008369293319095417,0.0010302381430557152,-0.30162612623625373,-4.926815721188854,0.00019330881114587584,0.00019330881114587584
alpha-TiAl,600,63,alpha-TiAl__600,0,-4.92700903,-4.41228529245868,-0.2125885662818252,-0.3021351712594944,-0.30265636437930943,0.0005211931198150221,0.0007262500983820183,-0.3019301142809274,-4.926803973021433,0.00020505697856698646,0.00020505697856698646
alpha-TiAl,600,64,alpha-TiAl__600,0,-4.92700903,-4.412062997476046,-0.2125885662818252,-0.3023574662421282,-0.30265636437930943,0.00029889813718120273,0.0017792007314581075,-0.30087716364785133,-4.925528727405723,0.0014803025942766723,0.0014803025942766723
alpha-TiAl,600,65,alpha-TiAl__600,0,-4.92700903,-4.41215165891059,-0.2125885662818252,-0.3022688048075848,-0.30265636437930943,0.0003875595717246494,0.0026566627598839333,-0.2999997016194255,-4.92473992681184,0.002269103188159427,0.002269103188159427
alpha-TiAl,600,66,alpha-TiAl__600,0,-4.92700903,-4.412107315717641,-0.2125885662818252,-0.3023131480005334,-0.30265636437930943,0.0003432163787760456,0.0011796385222328492,-0.3014767258570766,-4.926172607856543,0.0008364221434566943,0.0008364221434566943
alpha-TiAl,600,67,alpha-TiAl__600,0,-4.92700903,-4.412181864025837,-0.2125885662818252,-0.3022385996923376,-0.30265636437930943,0.0004177646869718554,0.0014718595162763,-0.3011845048630331,-4.9259549351706955,0.0010540948293042973,0.0010540948293042973
alpha-TiAl,600,68,alpha-TiAl__600,0,-4.92700903,-4.412016989626204,-0.2125885662818252,-0.302403474091971,-0.30265636437930943,0.00025289028733843644,0.0017845095824367886,-0.3008718547968726,-4.925477410704901,0.0015316192950987073,0.0015316192950987073
alpha-TiAl,600,69,alpha-TiAl__600,0,-4.92700903,-4.412089383767418,-0.2125885662818252,-0.3023310799507568,-0.30265636437930943,0.0003252844285526191,0.001450222040210683,-0.30120614233909876,-4.925884092388341,0.0011249376116584386,0.0011249376116584386
alpha-TiAl,600,70,alpha-TiAl__600,0,-4.92700903,-4.411903143685198,-0.2125885662818252,-0.3025173200329769,-0.30265636437930943,0.0001390443463325508,0.0009307136583180742,-0.30172565072099133,-4.926217360688014,0.0007916693119858209,0.0007916693119858209
alpha-TiAl,600,71,alpha-TiAl__600,0,-4.92700903,-4.4123669366942915,-0.2125885662818252,-0.3020535270238831,-0.30265636437930943,0.0006028373554263222,0.0019448607902863243,-0.3007115035890231,-4.92566700656514,0.0013420234348595628,0.0013420234348595628
alpha-TiAl,600,72,alpha-TiAl__600,0,-4.92700903,-4.412455681855299,-0.2125885662818252,-0.3019647818628757,-0.30265636437930943,0.000691582516433753,0.002330630199650041,-0.3003257341796594,-4.925369982316783,0.0016390476832164325,0.0016390476832164325
alpha-TiAl,600,73,alpha-TiAl__600,0,-4.92700903,-4.412077230832425,-0.2125885662818252,-0.3023432328857494,-0.30265636437930943,0.0003131314935600482,0.001925466095952281,-0.30073089828335714,-4.925396695397607,0.0016123346023926288,0.0016123346023926288
alpha-TiAl,600,74,alpha-TiAl__600,0,-4.92700903,-4.411651278479755,-0.2125885662818252,-0.3027691852384198,-0.30265636437930943,-0.00011282085911035189,0.002815551329470534,-0.2998408130498389,-4.924080657811419,0.0029283721885811076,0.0029283721885811076
alpha-TiAl,600,75,alpha-TiAl__600,0,-4.92700903,-4.411605553150288,-0.2125885662818252,-0.3028149105678865,-0.30265636437930943,-0.00015854618857708003,0.0022387949665588712,-0.30041756941275055,-4.9246116888448634,0.0023973411551363455,0.0023973411551363455
alpha-TiAl,600,76,alpha-TiAl__600,0,-4.92700903,-4.412597195688077,-0.2125885662818252,-0.3018232680300974,-0.30265636437930943,0.0008330963492120258,0.0018424691233971163,-0.3008138952559123,-4.925999657225814,0.0010093727741855574,0.0010093727741855574
alpha-TiAl,600,77,alpha-TiAl__600,0,-4.92700903,-4.411960094786935,-0.2125885662818252,-0.3024603689312393,-0.30265636437930943,0.0001959954480701409,0.0008893155189010131,-0.3017670488604084,-4.926315709929169,0.000693320070831227,0.000693320070831227
alpha-TiAl,600,78,alpha-TiAl__600,0,-4.92700903,-4.411866377886688,-0.2125885662818252,-0.3025540858314866,-0.30265636437930943,0.00010227854782285384,0.0026818068969975267,-0.2999745574823119,-4.924429501650825,0.0025795283491749643,0.0025795283491749643
alpha-TiAl,600,79,alpha-TiAl__600,0,-4.92700903,-4.411837385792963,-0.2125885662818252,-0.3025830779252114,-0.30265636437930943,7.328645409804269e-05,0.0022945554580706285,-0.3003618089212388,-4.924787760996027,0.002221269003972459,0.002221269003972459
alpha-TiAl,600,80,alpha-TiAl__600,0,-4.92700903,-4.412079505865723,-0.2125885662818252,-0.3023409578524516,-0.30265636437930943,0.0003154065268578532,0.001553046336597302,-0.3011033180427121,-4.925771390190261,0.0012376398097391217,0.0012376398097391217
alpha-TiAl,600,81,alpha-TiAl__600,0,-4.92700903,-4.412098455210901,-0.2125885662818252,-0.3023220085072733,-0.30265636437930943,0.0003343558720361184,0.001076465022241552,-0.30157989935706786,-4.926266920849795,0.0007421091502051169,0.0007421091502051169
alpha-TiAl,600,82,alpha-TiAl__600,0,-4.92700903,-4.411887085907865,-0.2125885662818252,-0.3025333778103096,-0.30265636437930943,0.00012298656899983884,0.001526400368612557,-0.30112996401069686,-4.925605616200387,0.0014034137996130625,0.0014034137996130625
alpha-TiAl,600,83,alpha-TiAl__600,0,-4.92700903,-4.412663933723923,-0.2125885662818252,-0.3017565299942513,-0.30265636437930943,0.0008998343850581403,0.0020586286233438217,-0.3005977357559656,-4.925850235761714,0.0011587942382860206,0.0011587942382860206
alpha-TiAl,600,84,alpha-TiAl__600,0,-4.92700903,-4.412163241257562,-0.2125885662818252,-0.3022572224606126,-0.30265636437930943,0.0003991419186968326,0.0019493868883386795,-0.30070697749097075,-4.925458785030358,0.0015502449696418452,0.0015502449696418452
alpha-TiAl,600,85,alpha-TiAl__600,0,-4.92700903,-4.412057511157381,-0.2125885662818252,-0.3023629525607934,-0.30265636437930943,0.0002934118185160539,0.0017823781169386348,-0.3008739862623708,-4.925520063701577,0.001488966298422767,0.001488966298422767
alpha-TiAl,600,86,alpha-TiAl__600,0,-4.92700903,-4.4116285089251965,-0.2125885662818252,-0.302791954792978,-0.30265636437930943,-0.00013559041366856261,0.00077163820180128,-0.30188472617750817,-4.9261018013845295,0.0009072286154703235,0.0009072286154703235
alpha-TiAl,600,87,alpha-TiAl__600,0,-4.92700903,-4.411596816738725,-0.2125885662818252,-0.3028236469794496,-0.30265636437930943,-0.00016728260014015062,0.00199585993440423,-0.3006605044449052,-4.924845887465455,0.0021631425345445265,0.0021631425345445265
alpha-TiAl,600,88,alpha-TiAl__600,0,-4.92700903,-4.4125596236578275,-0.2125885662818252,-0.3018608400603471,-0.30265636437930943,0.0007955243189623484,0.0022526936439408976,-0.30040367073536856,-4.9255518606750215,0.0014571693249783024,0.0014571693249783024
alpha-TiAl,600,89,alpha-TiAl__600,0,-4.92700903,-4.4121237601745795,-0.2125885662818252,-0.302296703543595,-0.30265636437930943,0.000359660835714426,0.003347109055303491,-0.29930925532400593,-4.92402158178041,0.002987448219589517,0.002987448219589517
alpha-TiAl,600,90,alpha-TiAl__600,0,-4.92700903,-4.412092406530526,-0.2125885662818252,-0.3023280571876485,-0.30265636437930943,0.000328307191660937,0.001511441829293103,-0.30114492255001635,-4.925825895362368,0.0011831346376318663,0.0011831346376318663
alpha-TiAl,600,91,alpha-TiAl__600,0,-4.92700903,-4.411804991719834,-0.2125885662818252,-0.3026154719983402,-0.30265636437930943,4.0892380969215214e-05,0.0012275828083793522,-0.30142878157093006,-4.92582233957259,0.001186690427410042,0.001186690427410042
alpha-TiAl,600,92,alpha-TiAl__600,0,-4.92700903,-4.412287003563753,-0.2125885662818252,-0.3021334601544216,-0.30265636437930943,0.0005229042248878213,0.0013855627236242247,-0.3012708016556852,-4.926146371501264,0.0008626584987361241,0.0008626584987361241
alpha-TiAl,600,93,alpha-TiAl__600,0,-4.92700903,-4.412274942685356,-0.2125885662818252,-0.302145521032819,-0.30265636437930943,0.0005108433464904305,0.0011637355519262317,-0.3014926288273832,-4.926356137794564,0.0006528922054354069,0.0006528922054354069
alpha-TiAl,600,94,alpha-TiAl__600,0,-4.92700903,-4.411405396344558,-0.2125885662818252,-0.3030150673736163,-0.30265636437930943,-0.0003587029943068476,0.0036957490339257705,-0.29896061534538365,-4.922954577971767,0.004054452028232625,0.004054452028232625
alpha-TiAl,600,95,alpha-TiAl__600,0,-4.92700903,-4.411720981784834,-0.2125885662818252,-0.3026994819333408,-0.30265636437930943,-4.311755403135775e-05,0.0024657908612248365,-0.3001905735180846,-4.924500121584743,0.0025089084152565277,0.0025089084152565277
alpha-TiAl,600,96,alpha-TiAl__600,0,-4.92700903,-4.411536050646229,-0.2125885662818252,-0.3028844130719452,-0.30265636437930943,-0.00022804869263576277,0.0025476154257029417,-0.3001087489536065,-4.924233365881661,0.0027756641183387387,0.0027756641183387387
alpha-TiAl,600,97,alpha-TiAl__600,0,-4.92700903,-4.411731896145709,-0.2125885662818252,-0.3026885675724653,-0.30265636437930943,-3.22031931558886e-05,0.0015098250904781569,-0.3011465392888313,-4.925467001716366,0.0015420282836338117,0.0015420282836338117
alpha-TiAl,600,98,alpha-TiAl__600,0,-4.92700903,-4.411859213525804,-0.2125885662818252,-0.3025612501923707,-0.30265636437930943,9.511418693874951e-05,0.001523943135868524,-0.3011324212434409,-4.92558020105107,0.0014288289489297057,0.0014288289489297057
alpha-TiAl,600,99,alpha-TiAl__600,0,-4.92700903,-4.412140317487782,-0.2125885662818252,-0.3022801462303928,-0.30265636437930943,0.0003762181489166405,0.0027965048593375104,-0.2998598595199719,-4.924588743289579,0.002420286710420605,0.002420286710420605
alpha-TiAl,700,0,alpha-TiAl__700,2,-4.97663412,-4.3542036300845925,-0.2125885662818252,-0.4098419236335822,-0.41198841858057245,0.0021464949469902628,-0.000988417431063171,-0.4129768360116356,-4.979769032378053,-0.0031349123780533006,0.0031349123780533006
alpha-TiAl,700,1,alpha-TiAl__700,2,-4.97663412,-4.354056670628479,-0.2125885662818252,-0.4099888830896958,-0.41198841858057245,0.0019995354908766694,-0.0011598142681485354,-0.413148232848721,-4.979793469759025,-0.0031593497590254316,0.0031593497590254316
alpha-TiAl,700,2,alpha-TiAl__700,2,-4.97663412,-4.353959754258392,-0.2125885662818252,-0.4100857994597824,-0.41198841858057245,0.001902619120790039,-0.0012232056296480366,-0.4132116242102205,-4.979759944750438,-0.003125824750438433,0.003125824750438433
alpha-TiAl,700,3,alpha-TiAl__700,2,-4.97663412,-4.353791275259156,-0.2125885662818252,-0.4102542784590186,-0.41198841858057245,0.0017341401215538732,-0.0010512179528174457,-0.4130396365333899,-4.979419478074371,-0.0027853580743713025,0.0027853580743713025
alpha-TiAl,700,4,alpha-TiAl__700,2,-4.97663412,-4.353746384687946,-0.2125885662818252,-0.4102991690302291,-0.41198841858057245,0.0016892495503433302,-0.0010843426722062263,-0.4130727612527787,-4.9794077122225495,-0.0027735922225495813,0.0027735922225495813
alpha-TiAl,700,5,alpha-TiAl__700,2,-4.97663412,-4.35350837052001,-0.2125885662818252,-0.4105371831981648,-0.41198841858057245,0.0014512353824076563,-0.0010823159570512602,-0.4130707345376237,-4.979167671339459,-0.0025335513394590947,0.0025335513394590947
alpha-TiAl,700,6,alpha-TiAl__700,2,-4.97663412,-4.353706543654058,-0.2125885662818252,-0.4103390100641171,-0.41198841858057245,0.0016494085164553418,-0.0011499998677388808,-0.41313841844831134,-4.979433528384194,-0.0027994083841944573,0.0027994083841944573
alpha-TiAl,700,7,alpha-TiAl__700,2,-4.97663412,-4.35411932862943,-0.2125885662818252,-0.4099262250887445,-0.41198841858057245,0.002062193491827957,-0.0011584087458948998,-0.41314682732646735,-4.9798547222377225,-0.0032206022377225807,0.0032206022377225807
alpha-TiAl,700,8,alpha-TiAl__700,2,-4.97663412,-4.353738560611141,-0.2125885662818252,-0.4103069931070333,-0.41198841858057245,0.0016814254735391665,-0.0009892137236341312,-0.4129776323042066,-4.9793047591971735,-0.0026706391971735854,0.0026706391971735854
alpha-TiAl,700,9,alpha-TiAl__700,2,-4.97663412,-4.354192422536146,-0.2125885662818252,-0.4098531311820288,-0.41198841858057245,0.0021352873985436283,-0.0011437504163176767,-0.41313216899689015,-4.979913157814861,-0.0032790378148614963,0.0032790378148614963
alpha-TiAl,700,10,alpha-TiAl__700,2,-4.97663412,-4.353348602921938,-0.2125885662818252,-0.410696950796237,-0.41198841858057245,0.0012914677843354205,-0.0011803368883944597,-0.4131687554689669,-4.97910592467273,-0.0024718046727301157,0.0024718046727301157
alpha-TiAl,700,11,alpha-TiAl__700,2,-4.97663412,-4.354549944508678,-0.2125885662818252,-0.4094956092094968,-0.41198841858057245,0.002492809371075655,-0.0010528641139767214,-0.41304128269454915,-4.9801797934850525,-0.003545673485052525,0.003545673485052525
alpha-TiAl,700,12,alpha-TiAl__700,2,-4.97663412,-4.35390670938899,-0.2125885662818252,-0.4101388443291851,-0.41198841858057245,0.0018495742513873203,-0.0008491184281170905,-0.4128375370086895,-4.9793328126795044,-0.0026986926795045107,0.0026986926795045107
alpha-TiAl,700,13,alpha-TiAl__700,2,-4.97663412,-4.354301889195727,-0.2125885662818252,-0.4097436645224475,-0.41198841858057245,0.0022447540581249648,-0.001250986856029333,-0.41323940543660176,-4.980129860914154,-0.003495740914154055,0.003495740914154055
alpha-TiAl,700,14,alpha-TiAl__700,2,-4.97663412,-4.353138097117624,-0.2125885662818252,-0.410907456600551,-0.41198841858057245,0.0010809619800214443,-0.0013259454263177726,-0.4133143640068902,-4.979041027406339,-0.002406907406339087,0.002406907406339087
alpha-TiAl,700,15,alpha-TiAl__700,2,-4.97663412,-4.354534071179159,-0.2125885662818252,-0.409511482539016,-0.41198841858057245,0.0024769360415564656,-0.001457834530837546,-0.41344625311141,-4.9805688905723935,-0.003934770572393553,0.003934770572393553
alpha-TiAl,700,16,alpha-TiAl__700,2,-4.97663412,-4.354001194474689,-0.2125885662818252,-0.4100443592434857,-0.41198841858057245,0.0019440593370867454,-0.0012138972517449721,-0.4132023158323174,-4.979792076588832,-0.0031579565888320005,0.0031579565888320005
alpha-TiAl,700,17,alpha-TiAl__700,2,-4.97663412,-4.354776497053131,-0.2125885662818252,-0.4092690566650434,-0.41198841858057245,0.0027193619155290727,-0.0010526435092584805,-0.41304106208983093,-4.980406125424787,-0.0037720054247873946,0.0037720054247873946
alpha-TiAl,700,18,alpha-TiAl__700,2,-4.97663412,-4.353537753390047,-0.2125885662818252,-0.4105078003281281,-0.41198841858057245,0.0014806182524443323,-0.0009535435513974508,-0.4129419621319699,-4.979068281803841,-0.0024341618038414836,0.0024341618038414836
alpha-TiAl,700,19,alpha-TiAl__700,2,-4.97663412,-4.354602634443518,-0.2125885662818252,-0.4094429192746567,-0.41198841858057245,0.002545499305915744,-0.0010402314574195336,-0.413028650037992,-4.980219850763335,-0.0035857307633353486,0.0035857307633353486
alpha-TiAl,700,20,alpha-TiAl__700,2,-4.97663412,-4.354418895363586,-0.2125885662818252,-0.4096266583545889,-0.41198841858057245,0.0023617602259835557,-0.0011174789857295716,-0.413105897566302,-4.980113359211713,-0.0034792392117131143,0.0034792392117131143
alpha-TiAl,700,21,alpha-TiAl__700,2,-4.97663412,-4.353592345531585,-0.2125885662818252,-0.4104532081865901,-0.41198841858057245,0.0015352103939823558,-0.001022051782267228,-0.41301047036283967,-4.97919138217625,-0.0025572621762499637,0.0025572621762499637
alpha-TiAl,700,22,alpha-TiAl__700,2,-4.97663412,-4.354052525469992,-0.2125885662818252,-0.4099930282481825,-0.41198841858057245,0.0019953903323899347,-0.0011553279949134527,-0.4131437465754859,-4.979784838327303,-0.0031507183273031814,0.0031507183273031814
alpha-TiAl,700,23,alpha-TiAl__700,2,-4.97663412,-4.353981818052096,-0.2125885662818252,-0.4100637356660783,-0.41198841858057245,0.001924682914494158,-0.0013594335196549753,-0.4133478521002274,-4.979918236434149,-0.0032841164341492757,0.0032841164341492757
alpha-TiAl,700,24,alpha-TiAl__700,2,-4.97663412,-4.354577697279449,-0.2125885662818252,-0.4094678564387255,-0.41198841858057245,0.002520562141846927,-0.001014659355880847,-0.4130030779364533,-4.980169341497728,-0.0035352214977280028,0.0035352214977280028
alpha-TiAl,700,25,alpha-TiAl__700,2,-4.97663412,-4.354038318725613,-0.2125885662818252,-0.4100072349925616,-0.41198841858057245,0.0019811835880108597,-0.0010053035534015194,-0.41299372213397395,-4.979620607141412,-0.002986487141412475,0.002986487141412475
alpha-TiAl,700,26,alpha-TiAl__700,2,-4.97663412,-4.354491570147482,-0.2125885662818252,-0.4095539835706931,-0.41198841858057245,0.002434435009879332,-0.0010578465801599295,-0.4130462651607324,-4.980126401590039,-0.0034922815900388926,0.0034922815900388926
alpha-TiAl,700,27,alpha-TiAl__700,2,-4.97663412,-4.354065729570742,-0.2125885662818252,-0.4099798241474328,-0.41198841858057245,0.0020085944331396655,-0.0010844863392857375,-0.4130729049198582,-4.979727200772425,-0.003093080772424983,0.003093080772424983
alpha-TiAl,700,28,alpha-TiAl__700,2,-4.97663412,-4.354166087071723,-0.2125885662818252,-0.4098794666464513,-0.41198841858057245,0.0021089519341211393,-0.001398187317589367,-0.41338660589816184,-4.9801412592517105,-0.0035071392517105338,0.0035071392517105338
alpha-TiAl,700,29,alpha-TiAl__700,2,-4.97663412,-4.353472718757274,-0.2125885662818252,-0.4105728349609006,-0.41198841858057245,0.0014155836196718674,-0.001163542615162428,-0.4131519611957349,-4.979213246234834,-0.0025791262348340283,0.0025791262348340283
alpha-TiAl,700,30,alpha-TiAl__700,2,-4.97663412,-4.354041874223877,-0.2125885662818252,-0.4100036794942978,-0.41198841858057245,0.0019847390862746672,-0.001511846607486423,-0.4135002651880589,-4.980130705693761,-0.0034965856937612116,0.0034965856937612116
alpha-TiAl,700,31,alpha-TiAl__700,2,-4.97663412,-4.354547230608031,-0.2125885662818252,-0.4094983231101441,-0.41198841858057245,0.002490095470428333,-0.0012897042633688567,-0.4132781228439413,-4.980413919733797,-0.0037797997337971623,0.0037797997337971623
alpha-TiAl,700,32,alpha-TiAl__700,2,-4.97663412,-4.354381905554202,-0.2125885662818252,-0.4096636481639724,-0.41198841858057245,0.0023247704166000638,-0.001096936501784415,-0.4130853550823569,-4.9800558269183846,-0.003421706918384615,0.003421706918384615
alpha-TiAl,700,33,alpha-TiAl__700,2,-4.97663412,-4.353916855569717,-0.2125885662818252,-0.4101286981484575,-0.41198841858057245,0.001859720432114964,-0.0013664543349365468,-0.413354872915509,-4.979860294767051,-0.0032261747670512264,0.0032261747670512264
alpha-TiAl,700,34,alpha-TiAl__700,2,-4.97663412,-4.3542154165480875,-0.2125885662818252,-0.4098301371700872,-0.41198841858057245,0.002158281410485241,-0.00131554403519143,-0.41330396261576385,-4.980107945445677,-0.003473825445676759,0.003473825445676759
alpha-TiAl,700,35,alpha-TiAl__700,2,-4.97663412,-4.353816254421068,-0.2125885662818252,-0.4102292992971064,-0.41198841858057245,0.0017591192834660596,-0.0011138533098887912,-0.4131022718904612,-4.979507092593355,-0.002872972593355172,0.002872972593355172
alpha-TiAl,700,36,alpha-TiAl__700,2,-4.97663412,-4.3544852432092105,-0.2125885662818252,-0.4095603105089642,-0.41198841858057245,0.0024281080716082593,-0.001377353752663412,-0.41336577233323585,-4.980439581824272,-0.003805461824271994,0.003805461824271994
alpha-TiAl,700,37,alpha-TiAl__700,2,-4.97663412,-4.354170584260106,-0.2125885662818252,-0.4098749694580688,-0.41198841858057245,0.0021134491225036633,-0.0010568414546520146,-0.41304526003522446,-4.979804410577156,-0.0031702905771560097,0.0031702905771560097
alpha-TiAl,700,38,alpha-TiAl__700,2,-4.97663412,-4.354025621581417,-0.2125885662818252,-0.4100199321367581,-0.41198841858057245,0.0019684864438143657,-0.0014799468033716051,-0.41346836538394405,-4.980082553247186,-0.0034484332471862444,0.0034484332471862444
alpha-TiAl,700,39,alpha-TiAl__700,2,-4.97663412,-4.353997754341728,-0.2125885662818252,-0.4100477993764464,-0.41198841858057245,0.0019406192041260262,-0.0011562474927616026,-0.41314466607333405,-4.979730986696888,-0.003096866696887801,0.003096866696887801
alpha-TiAl,700,40,alpha-TiAl__700,2,-4.97663412,-4.35406819580129,-0.2125885662818252,-0.409977357916885,-0.41198841858057245,0.0020110606636874473,-0.00130594955760903,-0.4132943681381815,-4.979951130221297,-0.0033170102212967123,0.0033170102212967123
alpha-TiAl,700,41,alpha-TiAl__700,2,-4.97663412,-4.353305609447105,-0.2125885662818252,-0.4107399442710697,-0.41198841858057245,0.0012484743095027562,-0.0009519521910015196,-0.412940370771574,-4.978834546500504,-0.0022004265005044488,0.0022004265005044488
alpha-TiAl,700,42,alpha-TiAl__700,2,-4.97663412,-4.354410044938257,-0.2125885662818252,-0.4096355087799175,-0.41198841858057245,0.0023529098006549454,-0.0012704600841049918,-0.4132588786646774,-4.98025748988476,-0.003623369884760308,0.003623369884760308
alpha-TiAl,700,43,alpha-TiAl__700,2,-4.97663412,-4.3537418237508865,-0.2125885662818252,-0.4103037299672882,-0.41198841858057245,0.0016846886132842465,-0.00121777157177408,-0.41320619015234655,-4.979536580185059,-0.002902460185058686,0.002902460185058686
alpha-TiAl,700,44,alpha-TiAl__700,2,-4.97663412,-4.354064383095132,-0.2125885662818252,-0.4099811706230429,-0.41198841858057245,0.0020072479575295454,-0.0007281479743386061,-0.41271656655491107,-4.979369515931868,-0.002735395931868112,0.002735395931868112
alpha-TiAl,700,45,alpha-TiAl__700,2,-4.97663412,-4.3535362486355185,-0.2125885662818252,-0.4105093050826562,-0.41198841858057245,0.0014791134979162401,-0.0010362092349459418,-0.4130246278155184,-4.979149442732862,-0.0025153227328624794,0.0025153227328624794
alpha-TiAl,700,46,alpha-TiAl__700,2,-4.97663412,-4.353819716561974,-0.2125885662818252,-0.4102258371562008,-0.41198841858057245,0.0017625814243716342,-0.0008735742829274755,-0.41286199286349995,-4.979270275707299,-0.002636155707299359,0.002636155707299359
alpha-TiAl,700,47,alpha-TiAl__700,2,-4.97663412,-4.354073146402367,-0.2125885662818252,-0.4099724073158075,-0.41198841858057245,0.002016011264764972,-0.0010683362715019043,-0.4130567548520743,-4.979718467536267,-0.0030843475362667405,0.0030843475362667405
alpha-TiAl,700,48,alpha-TiAl__700,2,-4.97663412,-4.35415645030933,-0.2125885662818252,-0.4098891034088447,-0.41198841858057245,0.0020993151717277336,-0.0011878181086574238,-0.41317623668922987,-4.979921253280385,-0.0032871332803852127,0.0032871332803852127
alpha-TiAl,700,49,alpha-TiAl__700,2,-4.97663412,-4.353822021987478,-0.2125885662818252,-0.410223531730697,-0.41198841858057245,0.0017648868498754688,-0.0010617023078530467,-0.4130501208884255,-4.9794607091577285,-0.0028265891577285984,0.0028265891577285984
alpha-TiAl,700,50,alpha-TiAl__700,2,-4.97663412,-4.353772223897254,-0.2125885662818252,-0.4102733298209209,-0.41198841858057245,0.0017150887596515396,-0.0011202868195893578,-0.4131087054001618,-4.979469495579241,-0.00283537557924074,0.00283537557924074
alpha-TiAl,700,51,alpha-TiAl__700,2,-4.97663412,-4.35364757942074,-0.2125885662818252,-0.4103979742974344,-0.41198841858057245,0.0015904442831380372,-0.0009429301430364284,-0.41293134872360887,-4.979167494426174,-0.002533374426174184,0.002533374426174184
alpha-TiAl,700,52,alpha-TiAl__700,2,-4.97663412,-4.35401259783834,-0.2125885662818252,-0.410032955879835,-0.41198841858057245,0.0019554627007374314,-0.0010898322908510824,-0.4130782508714235,-4.979679414991589,-0.0030452949915886762,0.0030452949915886762
alpha-TiAl,700,53,alpha-TiAl__700,2,-4.97663412,-4.353507584446659,-0.2125885662818252,-0.4105379692715161,-0.41198841858057245,0.0014504493090563564,-0.0013531823689251366,-0.41334160094949757,-4.979437751677981,-0.0028036316779811443,0.0028036316779811443
alpha-TiAl,700,54,alpha-TiAl__700,2,-4.97663412,-4.354100332604663,-0.2125885662818252,-0.4099452211135119,-0.41198841858057245,0.0020431974670605535,-0.00153063500673547,-0.4135190535873079,-4.980207952473796,-0.003573832473795946,0.003573832473795946
alpha-TiAl,700,55,alpha-TiAl__700,2,-4.97663412,-4.353864401437898,-0.2125885662818252,-0.4101811522802769,-0.41198841858057245,0.0018072663002955403,-0.0008033545872246507,-0.4127917731677971,-4.97924474088752,-0.0026106208875198433,0.0026106208875198433
alpha-TiAl,700,56,alpha-TiAl__700,2,-4.97663412,-4.353815804064962,-0.2125885662818252,-0.4102297496532125,-0.41198841858057245,0.0017586689273599299,-0.0009596406531278693,-0.4129480592337003,-4.979352429580488,-0.002718309580488132,0.002718309580488132
alpha-TiAl,700,57,alpha-TiAl__700,2,-4.97663412,-4.353940692807263,-0.2125885662818252,-0.4101048609109119,-0.41198841858057245,0.0018835576696605294,-0.0010292164211700029,-0.41301763500174243,-4.979546894090831,-0.002912774090830794,0.002912774090830794
alpha-TiAl,700,58,alpha-TiAl__700,2,-4.97663412,-4.353646532241092,-0.2125885662818252,-0.4103990214770823,-0.41198841858057245,0.0015893971034901533,-0.0010863790958036226,-0.41307479767637606,-4.979309896199294,-0.0026757761992941553,0.0026757761992941553
alpha-TiAl,700,59,alpha-TiAl__700,2,-4.97663412,-4.354104855915537,-0.2125885662818252,-0.4099406978026376,-0.41198841858057245,0.0020477207779348583,-0.0014358882269938462,-0.4134243068075663,-4.980117729004928,-0.0034836090049283897,0.0034836090049283897
alpha-TiAl,700,60,alpha-TiAl__700,2,-4.97663412,-4.3535081450928965,-0.2125885662818252,-0.4105374086252782,-0.41198841858057245,0.0014510099552942357,-0.001222466240848831,-0.41321088482142126,-4.979307596196143,-0.0026734761961426656,0.0026734761961426656
alpha-TiAl,700,61,alpha-TiAl__700,2,-4.97663412,-4.354529981472652,-0.2125885662818252,-0.4095155722455228,-0.41198841858057245,0.0024728463350496277,-0.0013781268105389538,-0.4133665453911114,-4.980485093145589,-0.0038509731455889096,0.0038509731455889096
alpha-TiAl,700,62,alpha-TiAl__700,2,-4.97663412,-4.3539170082841,-0.2125885662818252,-0.410128545434075,-0.41198841858057245,0.0018598731464974372,-0.0012328600373739315,-0.4132212786179464,-4.979726853183871,-0.0030927331838714878,0.0030927331838714878
alpha-TiAl,700,63,alpha-TiAl__700,2,-4.97663412,-4.353950946028233,-0.2125885662818252,-0.4100946076899419,-0.41198841858057245,0.001893810890630565,-0.0011189987779572977,-0.41310741735852974,-4.979646929668588,-0.00301280966858819,0.00301280966858819
alpha-TiAl,700,64,alpha-TiAl__700,2,-4.97663412,-4.353612438496699,-0.2125885662818252,-0.4104331152214753,-0.41198841858057245,0.0015553033590971488,-0.0012952807797253234,-0.4132836993602978,-4.979484704138822,-0.002850584138822221,0.002850584138822221
alpha-TiAl,700,65,alpha-TiAl__700,2,-4.97663412,-4.353410820048744,-0.2125885662818252,-0.4106347336694309,-0.41198841858057245,0.0013536849111415727,-0.0012646126260605205,-0.413253031206633,-4.979252417537202,-0.0026182975372019968,0.0026182975372019968
alpha-TiAl,700,66,alpha-TiAl__700,2,-4.97663412,-4.353956412834799,-0.2125885662818252,-0.4100891408833753,-0.41198841858057245,0.0018992776971971659,-0.00139726861264863,-0.41338568719322105,-4.979930666309846,-0.0032965463098459935,0.0032965463098459935
alpha-TiAl,700,67,alpha-TiAl__700,2,-4.97663412,-4.353915437033749,-0.2125885662818252,-0.4101301166844253,-0.41198841858057245,0.0018583018961471631,-0.001141827220040612,-0.4131302458006131,-4.979634249116188,-0.003000129116188077,0.003000129116188077
alpha-TiAl,700,68,alpha-TiAl__700,2,-4.97663412,-4.354069536705799,-0.2125885662818252,-0.4099760170123758,-0.41198841858057245,0.0020124015681966534,-0.0011009748932099056,-0.4130893934737824,-4.979747496461407,-0.003113376461406858,0.003113376461406858
alpha-TiAl,700,69,alpha-TiAl__700,2,-4.97663412,-4.353365877109895,-0.2125885662818252,-0.4106796766082796,-0.41198841858057245,0.0013087419722928595,-0.0009622798381634997,-0.41295069841873594,-4.978905141810456,-0.00227102181045602,0.00227102181045602
alpha-TiAl,700,70,alpha-TiAl__700,2,-4.97663412,-4.3541600227518265,-0.2125885662818252,-0.4098855309663483,-0.41198841858057245,0.0021028876142241693,-0.0013263870601438828,-0.4133148056407163,-4.980063394674368,-0.0034292746743682656,0.0034292746743682656
alpha-TiAl,700,71,alpha-TiAl__700,2,-4.97663412,-4.3539088699486195,-0.2125885662818252,-0.4101366837695552,-0.41198841858057245,0.0018517348110172471,-0.0014671020108612167,-0.41345552059143365,-4.9799529568218786,-0.0033188368218786124,0.0033188368218786124
alpha-TiAl,700,72,alpha-TiAl__700,2,-4.97663412,-4.353970161212167,-0.2125885662818252,-0.4100753925060081,-0.41198841858057245,0.001913026074564339,-0.0012882327845015777,-0.413276651365074,-4.9798353788590655,-0.0032012588590655255,0.0032012588590655255
alpha-TiAl,700,73,alpha-TiAl__700,2,-4.97663412,-4.354382530489737,-0.2125885662818252,-0.4096630232284379,-0.41198841858057245,0.0023253953521345516,-0.0015405970502277361,-0.4135290156308002,-4.980500112402362,-0.003865992402362295,0.003865992402362295
alpha-TiAl,700,74,alpha-TiAl__700,2,-4.97663412,-4.35419606256481,-0.2125885662818252,-0.4098494911533645,-0.41198841858057245,0.0021389274272079484,-0.0013770635817986628,-0.4133654821623711,-4.9801501110090065,-0.0035159910090065694,0.0035159910090065694
alpha-TiAl,700,75,alpha-TiAl__700,2,-4.97663412,-4.353969806897103,-0.2125885662818252,-0.4100757468210716,-0.41198841858057245,0.001912671759500828,-0.0012652802207634708,-0.41325369880133594,-4.979812071980264,-0.003177951980264382,0.003177951980264382
alpha-TiAl,700,76,alpha-TiAl__700,2,-4.97663412,-4.354373144359518,-0.2125885662818252,-0.4096724093586568,-0.41198841858057245,0.0023160092219156603,-0.0008004425356980215,-0.41278886111627044,-4.979750571757614,-0.0031164517576138806,0.0031164517576138806
alpha-TiAl,700,77,alpha-TiAl__700,2,-4.97663412,-4.35423320783593,-0.2125885662818252,-0.4098123458822451,-0.41198841858057245,0.0021760726983273693,-0.0012395402100278988,-0.41322795879060037,-4.9800497329083555,-0.0034156129083555697,0.0034156129083555697
alpha-TiAl,700,78,alpha-TiAl__700,2,-4.97663412,-4.353638434417317,-0.2125885662818252,-0.4104071193008574,-0.41198841858057245,0.001581299279715065,-0.0011337062523916848,-0.4131221248329641,-4.9793491255321065,-0.0027150055321065736,0.0027150055321065736
alpha-TiAl,700,79,alpha-TiAl__700,2,-4.97663412,-4.35372026366812,-0.2125885662818252,-0.4103252900500544,-0.41198841858057245,0.0016631285305180321,-0.0014159363640668964,-0.41340435494463934,-4.979713184894585,-0.003079064894585315,0.003079064894585315
alpha-TiAl,700,80,alpha-TiAl__700,2,-4.97663412,-4.354255291803276,-0.2125885662818252,-0.4097902619148987,-0.41198841858057245,0.002198156665673745,-0.001026420969636482,-0.4130148395502089,-4.97985869763531,-0.0032245776353097,0.0032245776353097
alpha-TiAl,700,81,alpha-TiAl__700,2,-4.97663412,-4.353932361096715,-0.2125885662818252,-0.41011319262146,-0.41198841858057245,0.0018752259591124365,-0.0011791396798160303,-0.4131675582603885,-4.9796884856389285,-0.00305436563892858,0.00305436563892858
alpha-TiAl,700,82,alpha-TiAl__700,2,-4.97663412,-4.35462161624416,-0.2125885662818252,-0.4094239374740143,-0.41198841858057245,0.0025644811065581585,-0.0011512461054243204,-0.4131396646859968,-4.980349847211983,-0.0037157272119827667,0.0037157272119827667
alpha-TiAl,700,83,alpha-TiAl__700,2,-4.97663412,-4.354188604564175,-0.2125885662818252,-0.4098569491539994,-0.41198841858057245,0.0021314694265730516,-0.0012821790134281241,-0.4132705975940006,-4.980047768440001,-0.00341364844000136,0.00341364844000136
alpha-TiAl,700,84,alpha-TiAl__700,2,-4.97663412,-4.353554611020277,-0.2125885662818252,-0.4104909426978977,-0.41198841858057245,0.001497475882674737,-0.0009354945830123786,-0.41292391316358484,-4.979067090465687,-0.0024329704656871343,0.0024329704656871343
alpha-TiAl,700,85,alpha-TiAl__700,2,-4.97663412,-4.35349874311474,-0.2125885662818252,-0.4105468106034351,-0.41198841858057245,0.001441607977137327,-0.001196707113922131,-0.41318512569449456,-4.979272435091059,-0.0026383150910591624,0.0026383150910591624
alpha-TiAl,700,86,alpha-TiAl__700,2,-4.97663412,-4.353900269416692,-0.2125885662818252,-0.4101452843014828,-0.41198841858057245,0.0018431342790896643,-0.0009437204354163935,-0.41293213901598885,-4.979420974714506,-0.002786854714505793,0.002786854714505793
alpha-TiAl,700,87,alpha-TiAl__700,2,-4.97663412,-4.354207661247877,-0.2125885662818252,-0.4098378924702981,-0.41198841858057245,0.002150526110274331,-0.0011508467080497977,-0.41313926528862227,-4.979935492818324,-0.003301372818324211,0.003301372818324211
alpha-TiAl,700,88,alpha-TiAl__700,2,-4.97663412,-4.3539423753994475,-0.2125885662818252,-0.4101031783187272,-0.41198841858057245,0.0018852402618452224,-0.001117508682770924,-0.4131059272633434,-4.979636868944616,-0.0030027489446160516,0.0030027489446160516
alpha-TiAl,700,89,alpha-TiAl__700,2,-4.97663412,-4.354217497443836,-0.2125885662818252,-0.409828056274339,-0.41198841858057245,0.0021603623062334543,-0.001295186921570859,-0.4132836055021433,-4.980089669227804,-0.003455549227804333,0.003455549227804333
alpha-TiAl,700,90,alpha-TiAl__700,2,-4.97663412,-4.353712142845675,-0.2125885662818252,-0.4103334108725001,-0.41198841858057245,0.0016550077080723646,-0.001114693901133859,-0.4131031124817063,-4.979403821609206,-0.0027697016092060878,0.0027697016092060878
alpha-TiAl,700,91,alpha-TiAl__700,2,-4.97663412,-4.354270021038566,-0.2125885662818252,-0.4097755326796086,-0.41198841858057245,0.002212885900963857,-0.001355632178380307,-0.41334405075895275,-4.980202638079344,-0.0035685180793443294,0.0035685180793443294
alpha-TiAl,700,92,alpha-TiAl__700,2,-4.97663412,-4.354052726823414,-0.2125885662818252,-0.4099928268947606,-0.41198841858057245,0.0019955916858118705,-0.0011640233432910667,-0.4131524419238635,-4.979793735029103,-0.0031596150291033354,0.0031596150291033354
alpha-TiAl,700,93,alpha-TiAl__700,2,-4.97663412,-4.353815970133288,-0.2125885662818252,-0.4102295835848863,-0.41198841858057245,0.0017588349956861316,-0.0012398438694376916,-0.41322826245001015,-4.979632798865124,-0.0029986788651239493,0.0029986788651239493
alpha-TiAl,700,94,alpha-TiAl__700,2,-4.97663412,-4.353562371811667,-0.2125885662818252,-0.4104831819065078,-0.41198841858057245,0.0015052366740646583,-0.001074917388830679,-0.41306333596940314,-4.979214274062896,-0.002580154062895801,0.002580154062895801
alpha-TiAl,700,95,alpha-TiAl__700,2,-4.97663412,-4.354102542882769,-0.2125885662818252,-0.4099430108354056,-0.41198841858057245,0.0020454077451668717,-0.0011856776461136552,-0.4131740962266861,-4.97986520539128,-0.003231085391280253,0.003231085391280253
alpha-TiAl,700,96,alpha-TiAl__700,2,-4.97663412,-4.354013178115568,-0.2125885662818252,-0.4100323756026069,-0.41198841858057245,0.001956042977965533,-0.0012241457979381757,-0.4132125643785106,-4.979814308775904,-0.0031801887759037584,0.0031801887759037584
alpha-TiAl,700,97,alpha-TiAl__700,2,-4.97663412,-4.353177816754842,-0.2125885662818252,-0.4108677369633327,-0.41198841858057245,0.0011206816172397716,-0.0011485552354791875,-0.41313697381605163,-4.978903356852719,-0.002269236852718848,0.002269236852718848
alpha-TiAl,700,98,alpha-TiAl__700,2,-4.97663412,-4.353472871422853,-0.2125885662818252,-0.4105726822953217,-0.41198841858057245,0.0014157362852507682,-0.0010361584646120068,-0.41302457704518447,-4.979086014749862,-0.0024518947498624044,0.0024518947498624044
alpha-TiAl,700,99,alpha-TiAl__700,2,-4.97663412,-4.3544051010726905,-0.2125885662818252,-0.4096404526454842,-0.41198841858057245,0.0023479659350882365,-0.0011485691784566142,-0.4131369877590291,-4.980130655113545,-0.003496535113544752,0.003496535113544752
beta-TiV,300,0,beta-TiV__300,1,-4.88796052,-4.680914456131088,-0.2070171977636012,-2.886610531077638e-05,0.0010967594643042022,-0.0011256255696149786,-0.0009930588293817011,0.00010370063492250105,-4.887827953259767,0.0001325667402332087,0.0001325667402332087
beta-TiV,300,1,beta-TiV__300,1,-4.88796052,-4.680897963227692,-0.2070171977636012,-4.535900870666909e-05,0.0010967594643042022,-0.0011421184730108713,-0.0007433405603422267,0.00035341890396197546,-4.887561742087332,0.0003987779126681801,0.0003987779126681801
beta-TiV,300,2,beta-TiV__300,1,-4.88796052,-4.68102429646845,-0.2070171977636012,8.097423205083443e-05,0.0010967594643042022,-0.0010157852322533677,-0.0007334739339631129,0.00036328553034108927,-4.88767820870171,0.0002823112982897058,0.0002823112982897058
beta-TiV,300,3,beta-TiV__300,1,-4.88796052,-4.680948743506733,-0.2070171977636012,5.421270334593498e-06,0.0010967594643042022,-0.0010913381939696087,-0.0009201340149058338,0.00017662544939836837,-4.887789315820936,0.0001712041790637997,0.0001712041790637997
beta-TiV,300,4,beta-TiV__300,1,-4.88796052,-4.680961921067277,-0.2070171977636012,1.859883087779179e-05,0.0010967594643042022,-0.0010781606334264104,-0.0009654988235302503,0.00013126064077395192,-4.887847858190105,0.00011266180989544239,0.00011266180989544239
beta-TiV,300,5,beta-TiV__300,1,-4.88796052,-4.680814523900477,-0.2070171977636012,-0.0001287983359222,0.0010967594643042022,-0.0012255578002264022,-0.000803706698474686,0.00029305276582951615,-4.887538668898249,0.00042185110175108065,0.00042185110175108065
beta-TiV,300,6,beta-TiV__300,1,-4.88796052,-4.681088253367516,-0.2070171977636012,0.0001449311311174,0.0010967594643042022,-0.0009518283331868022,-0.0008521641902345439,0.00024459527406965826,-4.887860855857048,9.966414295181636e-05,9.966414295181636e-05
beta-TiV,300,7,beta-TiV__300,1,-4.88796052,-4.680804087958205,-0.2070171977636012,-0.0001392342781934,0.0010967594643042022,-0.0012359937424976021,-0.0006579007566048532,0.00043885870769934897,-4.887382427014107,0.0005780929858927308,0.0005780929858927308
beta-TiV,300,8,beta-TiV__300,1,-4.88796052,-4.68101625555822,-0.2070171977636012,7.293332182162215e-05,0.0010967594643042022,-0.00102382614248258,-0.0006508088431055823,0.00044595062119861986,-4.887587502700623,0.00037301729937677663,0.00037301729937677663
beta-TiV,300,9,beta-TiV__300,1,-4.88796052,-4.680953243404815,-0.2070171977636012,9.921168416304749e-06,0.0010967594643042022,-0.0010868382958878974,-0.000641175327562575,0.0004555841367416272,-4.887514857031675,0.00044566296832471153,0.00044566296832471153
beta-TiV,300,10,beta-TiV__300,1,-4.88796052,-4.680903654875773,-0.2070171977636012,-3.9667360625827985e-05,0.0010967594643042022,-0.0011364268249300302,-0.0006162579955738029,0.00048050146873039926,-4.887440351170644,0.0005201688293556828,0.0005201688293556828
beta-TiV,300,11,beta-TiV__300,1,-4.88796052,-4.680987716858895,-0.2070171977636012,4.439462249611337e-05,0.0010967594643042022,-0.0010523648418080888,-0.0008343033851247766,0.0002624560791794256,-4.887742458543317,0.00021806145668268329,0.00021806145668268329
beta-TiV,300,12,beta-TiV__300,1,-4.88796052,-4.681197995706863,-0.2070171977636012,0.0002546734704639,0.0010967594643042022,-0.0008420859938403022,-0.0004972793133821792,0.0005994801509220229,-4.887615713319542,0.0003448066804576655,0.0003448066804576655
beta-TiV,300,13,beta-TiV__300,1,-4.88796052,-4.680884476861994,-0.2070171977636012,-5.884537440464799e-05,0.0010967594643042022,-0.0011556048387088502,-0.001038891250982904,5.786821332129811e-05,-4.887843806412274,0.00011671358772602503,0.00011671358772602503
beta-TiV,300,14,beta-TiV__300,1,-4.88796052,-4.680907622628661,-0.2070171977636012,-3.569960773780467e-05,0.0010967594643042022,-0.0011324590720420068,-0.0004883136462382263,0.0006084458180659758,-4.887316374574197,0.0006441454258032664,0.0006441454258032664
beta-TiV,300,15,beta-TiV__300,1,-4.88796052,-4.680788978013635,-0.2070171977636012,-0.0001543442227636,0.0010967594643042022,-0.0012511036870678021,-0.0007934331629777898,0.0003033263013264124,-4.8875028494759105,0.00045767052408951514,0.00045767052408951514
beta-TiV,300,16,beta-TiV__300,1,-4.88796052,-4.680894620864334,-0.2070171977636012,-4.870137206519631e-05,0.0010967594643042022,-0.0011454608363693985,-0.0006600127342076019,0.00043674673009660026,-4.887475071897838,0.0004854481021618895,0.0004854481021618895
beta-TiV,300,17,beta-TiV__300,1,-4.88796052,-4.6807402731713115,-0.2070171977636012,-0.0002030490650873,0.0010967594643042022,-0.0012998085293915022,-0.0007456633792389513,0.0003510960850652509,-4.8874063748498475,0.0005541451501525074,0.0005541451501525074
beta-TiV,300,18,beta-TiV__300,1,-4.88796052,-4.681100229441801,-0.2070171977636012,0.0001569072054025,0.0010967594643042022,-0.0009398522589017022,-0.0007702806613182634,0.00032647880298593876,-4.887790948402417,0.00016957159758312912,0.00016957159758312912
beta-TiV,300,19,beta-TiV__300,1,-4.88796052,-4.680950894672294,-0.2070171977636012,7.5724358949424975e-06,0.0010967594643042022,-0.0010891870284092597,-0.0008280546684888481,0.0002687047958153541,-4.88769938764008,0.00026113235992042405,0.00026113235992042405
beta-TiV,300,20,beta-TiV__300,1,-4.88796052,-4.68111170026625,-0.2070171977636012,0.000168378029851,0.0010967594643042022,-0.0009283814344532022,-0.0008073884193740047,0.00028937104493019744,-4.887839526984921,0.00012099301507895177,0.00012099301507895177
beta-TiV,300,21,beta-TiV__300,1,-4.88796052,-4.68088396383497,-0.2070171977636012,-5.935840142906601e-05,0.0010967594643042022,-0.0011561178657332682,-0.0009888348133850289,0.00010792465091917329,-4.887793236947652,0.00016728305234803287,0.00016728305234803287
beta-TiV,300,22,beta-TiV__300,1,-4.88796052,-4.680755725225975,-0.2070171977636012,-0.0001875970104239,0.0010967594643042022,-0.0012843564747281023,-0.0008086924710216778,0.0002880669932825244,-4.887484855996294,0.00047566400370602224,0.00047566400370602224
beta-TiV,300,23,beta-TiV__300,1,-4.88796052,-4.681023131567265,-0.2070171977636012,7.98093308664316e-05,0.0010967594643042022,-0.0010169501334377706,-0.0009154365283680628,0.0001813229359361394,-4.8878590063949305,0.00010151360506949203,0.00010151360506949203
beta-TiV,300,24,beta-TiV__300,1,-4.88796052,-4.681231180053973,-0.2070171977636012,0.0002878578175741,0.0010967594643042022,-0.0008089016467301022,-0.0010435091207805366,5.325034352366559e-05,-4.8881951274740505,-0.00023460747405046334,0.00023460747405046334
beta-TiV,300,25,beta-TiV__300,1,-4.88796052,-4.680862981370657,-0.2070171977636012,-8.034086574176813e-05,0.0010967594643042022,-0.0011771003300459703,-0.000909124676362265,0.00018763478794193717,-4.887692544346317,0.00026797565368319454,0.00026797565368319454
beta-TiV,300,26,beta-TiV__300,1,-4.88796052,-4.6807770496776016,-0.2070171977636012,-0.0001662725587972,0.0010967594643042022,-0.0012630320231014022,-0.0003255803941443934,0.0007711790701598088,-4.887023068371043,0.0009374516289568646,0.0009374516289568646
beta-TiV,300,27,beta-TiV__300,1,-4.88796052,-4.680813725308735,-0.2070171977636012,-0.0001295969276634,0.0010967594643042022,-0.001226356391967602,-0.0008211883883736032,0.000275571075930599,-4.887555351996406,0.00040516800359391425,0.00040516800359391425
beta-TiV,300,28,beta-TiV__300,1,-4.88796052,-4.680862976535494,-0.2070171977636012,-8.034570090514892e-05,0.0010967594643042022,-0.001177105165209351,-0.0006188468659454086,0.00047791259835879354,-4.887402261700736,0.000558258299263592,0.000558258299263592
beta-TiV,300,29,beta-TiV__300,1,-4.88796052,-4.680955337297241,-0.2070171977636012,1.2015060841974456e-05,0.0010967594643042022,-0.0010847444034622277,-0.00043367181526359275,0.0006630876490406094,-4.887309447411802,0.0006510725881980761,0.0006510725881980761
beta-TiV,300,30,beta-TiV__300,1,-4.88796052,-4.680816615275803,-0.2070171977636012,-0.0001267069605959,0.0010967594643042022,-0.0012234664249001022,-0.0006398261833275839,0.00045693328097661824,-4.887376879758428,0.0005836402415724251,0.0005836402415724251
beta-TiV,300,31,beta-TiV__300,1,-4.88796052,-4.680962490536364,-0.2070171977636012,1.916829996478908e-05,0.0010967594643042022,-0.001077591164339413,-0.0005272187177054822,0.00056954074659872,-4.887410147553366,0.0005503724466340287,0.0005503724466340287
beta-TiV,300,32,beta-TiV__300,1,-4.88796052,-4.68079973456724,-0.2070171977636012,-0.0001435876691585,0.0010967594643042022,-0.0012403471334627022,-0.0006400222795675968,0.0004567371847366054,-4.887360195146105,0.0006003248538952732,0.0006003248538952732
beta-TiV,300,33,beta-TiV__300,1,-4.88796052,-4.680954395021873,-0.2070171977636012,1.107278547402002e-05,0.0010967594643042022,-0.0010856866788301822,-0.0007595493545875265,0.00033721010971667564,-4.887634382675758,0.00032613732424202624,0.00032613732424202624
beta-TiV,300,34,beta-TiV__300,1,-4.88796052,-4.681040333552263,-0.2070171977636012,9.701131586375976e-05,0.0010967594643042022,-0.0009997481484404424,-0.0007103006108978288,0.00038645885340637335,-4.8876710724624575,0.00028944753754256425,0.00028944753754256425
beta-TiV,300,35,beta-TiV__300,1,-4.88796052,-4.6810209843461275,-0.2070171977636012,7.766210972864895e-05,0.0010967594643042022,-0.0010190973545755532,-0.00065927916321883,0.0004374803010853722,-4.887600701808643,0.00035981819135688653,0.00035981819135688653
beta-TiV,300,36,beta-TiV__300,1,-4.88796052,-4.681160549928427,-0.2070171977636012,0.0002172276920277,0.0010967594643042022,-0.0008795317722765022,-0.0009212608668436611,0.00017549859746054106,-4.888002249094567,-4.1729094567344305e-05,4.1729094567344305e-05
beta-TiV,300,37,beta-TiV__300,1,-4.88796052,-4.680851710750269,-0.2070171977636012,-9.161148612985004e-05,0.0010967594643042022,-0.0011883709504340522,-0.0006424270658237195,0.00045433239848048266,-4.88741457611539,0.0005459438846102671,0.0005459438846102671
beta-TiV,300,38,beta-TiV__300,1,-4.88796052,-4.681093815502851,-0.2070171977636012,0.0001504932664519,0.0010967594643042022,-0.0009462661978523021,-0.0006007849143451871,0.0004959745499590151,-4.887615038716493,0.0003454812835066434,0.0003454812835066434
beta-TiV,300,39,beta-TiV__300,1,-4.88796052,-4.680956769812779,-0.2070171977636012,1.3447576380165582e-05,0.0010967594643042022,-0.0010833118879240366,-0.0008985603667030314,0.00019819909760117077,-4.88777576847878,0.00018475152122032767,0.00018475152122032767
beta-TiV,300,40,beta-TiV__300,1,-4.88796052,-4.681049472840898,-0.2070171977636012,0.0001061506044989,0.0010967594643042022,-0.000990608859805302,-0.0008445102865553502,0.00025224917774885195,-4.88781442142675,0.00014609857324998643,0.00014609857324998643
beta-TiV,300,41,beta-TiV__300,1,-4.88796052,-4.680922928136235,-0.2070171977636012,-2.0394100163578788e-05,0.0010967594643042022,-0.001117153564467781,-0.000494474487973447,0.0006022849763307552,-4.8873378409235055,0.0006226790764944923,0.0006226790764944923
beta-TiV,300,42,beta-TiV__300,1,-4.88796052,-4.680947182571589,-0.2070171977636012,3.860335189898034e-06,0.0010967594643042022,-0.0010928991291143041,-0.0006385990047829126,0.0004581604595212896,-4.887506219875669,0.00045430012433111955,0.00045430012433111955
beta-TiV,300,43,beta-TiV__300,1,-4.88796052,-4.680974832361512,-0.2070171977636012,3.1510125113320964e-05,0.0010967594643042022,-0.0010652493391908812,-0.0008097590743925459,0.0002870003899116563,-4.887705029735202,0.00025549026479776415,0.00025549026479776415
beta-TiV,300,44,beta-TiV__300,1,-4.88796052,-4.68077501533049,-0.2070171977636012,-0.0001683069059084,0.0010967594643042022,-0.0012650663702126021,-0.00034511835809392094,0.0007516411062102812,-4.887040571987882,0.0009199480121182546,0.0009199480121182546
beta-TiV,300,45,beta-TiV__300,1,-4.88796052,-4.680786156708797,-0.2070171977636012,-0.0001571655276014,0.0010967594643042022,-0.0012539249919056022,-0.0005500641283962319,0.0005466953359079703,-4.887256659136491,0.0007038608635090426,0.0007038608635090426
beta-TiV,300,46,beta-TiV__300,1,-4.88796052,-4.681030600857475,-0.2070171977636012,8.727862107588136e-05,0.0010967594643042022,-0.0010094808432283208,-0.000739008289026931,0.0003577511752772712,-4.8876900474457985,0.0002704725542015396,0.0002704725542015396
beta-TiV,300,47,beta-TiV__300,1,-4.88796052,-4.680637209485992,-0.2070171977636012,-0.0003061127504067,0.0010967594643042022,-0.0014028722147109022,-0.0006105774162041162,0.000486182048100086,-4.887168225201494,0.0007922947985061768,0.0007922947985061768
beta-TiV,300,48,beta-TiV__300,1,-4.88796052,-4.680965173751559,-0.2070171977636012,2.1851515160598023e-05,0.0010967594643042022,-0.0010749079491436042,-0.0005681162158183415,0.0005286432484858607,-4.887453728266675,0.0005067917333247962,0.0005067917333247962
beta-TiV,300,49,beta-TiV__300,1,-4.88796052,-4.680830030218995,-0.2070171977636012,-0.0001132920174041,0.0010967594643042022,-0.0012100514817083021,-0.0010555314224042754,4.122804189992681e-05,-4.887805999940697,0.00015452005930338686,0.00015452005930338686
beta-TiV,300,50,beta-TiV__300,1,-4.88796052,-4.680898478119384,-0.2070171977636012,-4.4844117014719576e-05,0.0010967594643042022,-0.0011416035813189218,-0.0007855941274034527,0.00031116533690074945,-4.887604510546085,0.00035600945391500716,0.00035600945391500716
beta-TiV,300,51,beta-TiV__300,1,-4.88796052,-4.680843981219002,-0.2070171977636012,-9.934101739644818e-05,0.0010967594643042022,-0.0011961004817006504,-0.0007246526237329557,0.0003721068405712465,-4.887489072142032,0.0004714478579677106,0.0004714478579677106
beta-TiV,300,52,beta-TiV__300,1,-4.88796052,-4.680883848984708,-0.2070171977636012,-5.947325169081141e-05,0.0010967594643042022,-0.0011562327159950136,-0.0009457475612674603,0.0001510119030367419,-4.887750034845273,0.0002104851547271025,0.0002104851547271025
beta-TiV,300,53,beta-TiV__300,1,-4.88796052,-4.680748139621353,-0.2070171977636012,-0.0001951826150457,0.0010967594643042022,-0.0012919420793499022,-0.0006942049622724445,0.0004025545020317577,-4.8873627828829225,0.0005977371170775569,0.0005977371170775569
beta-TiV,300,54,beta-TiV__300,1,-4.88796052,-4.6809662682987065,-0.2070171977636012,2.2946062307738213e-05,0.0010967594643042022,-0.001073813401996464,-0.0009896255241055015,0.00010713394019870072,-4.88787633212211,8.418787789032933e-05,8.418787789032933e-05
beta-TiV,300,55,beta-TiV__300,1,-4.88796052,-4.680798273785918,-0.2070171977636012,-0.000145048450481,0.0010967594643042022,-0.0012418079147852022,-0.0008454330017305492,0.00025132646257365295,-4.887564145086945,0.00039637491305466455,0.00039637491305466455
beta-TiV,300,56,beta-TiV__300,1,-4.88796052,-4.681090577975812,-0.2070171977636012,0.0001472557394134,0.0010967594643042022,-0.0009495037248908022,-0.0006964520777891685,0.00040030738651503366,-4.8877074683528985,0.00025305164710154315,0.00025305164710154315
beta-TiV,300,57,beta-TiV__300,1,-4.88796052,-4.680633962070661,-0.2070171977636012,-0.000309360165738,0.0010967594643042022,-0.0014061196300422022,-0.0010007135282948728,9.60459360093294e-05,-4.8875551138982525,0.00040540610174755187,0.00040540610174755187
beta-TiV,300,58,beta-TiV__300,1,-4.88796052,-4.681254325196555,-0.2070171977636012,0.0003110029601562,0.0010967594643042022,-0.0007857565041480022,-0.0009405431454894309,0.00015621631881477128,-4.888115306641342,-0.0001547866413416088,0.0001547866413416088
beta-TiV,300,59,beta-TiV__300,1,-4.88796052,-4.681117052056466,-0.2070171977636012,0.0001737298200674,0.0010967594643042022,-0.0009230296442368022,-0.0008722907039970415,0.00022446876030716067,-4.8879097810597605,5.07389402395475e-05,5.07389402395475e-05
beta-TiV,300,60,beta-TiV__300,1,-4.88796052,-4.680930876824737,-0.2070171977636012,-1.2445411661510253e-05,0.0010967594643042022,-0.0011092048759657124,-0.0007721099449186391,0.0003246495193855631,-4.887623425068953,0.000337094931047055,0.000337094931047055
beta-TiV,300,61,beta-TiV__300,1,-4.88796052,-4.680838761231093,-0.2070171977636012,-0.0001045610053059,0.0010967594643042022,-0.0012013204696101022,-0.0009713120351691066,0.00012544742913509562,-4.887730511565559,0.00023000843444087593,0.00023000843444087593
beta-TiV,300,62,beta-TiV__300,1,-4.88796052,-4.681162525549392,-0.2070171977636012,0.0002192033129932,0.0010967594643042022,-0.0008775561513110022,-0.0009623432931551972,0.00013441617114900496,-4.888045307141844,-8.478714184434466e-05,8.478714184434466e-05
beta-TiV,300,63,beta-TiV__300,1,-4.88796052,-4.680929944719617,-0.2070171977636012,-1.337751678170962e-05,0.0010967594643042022,-0.0011101369810859118,-0.0008927877610907042,0.00020397170321349801,-4.887743170780005,0.00021734921999527756,0.00021734921999527756
beta-TiV,300,64,beta-TiV__300,1,-4.88796052,-4.681000881184902,-0.2070171977636012,5.7558948503178e-05,0.0010967594643042022,-0.0010392005158010242,-0.0012041802277179881,-0.00010742076341378596,-4.888125499711918,-0.0001649797119176455,0.0001649797119176455
beta-TiV,300,65,beta-TiV__300,1,-4.88796052,-4.680977706533098,-0.2070171977636012,3.43842966993857e-05,0.0010967594643042022,-0.0010623751676048165,-0.0006647979791846051,0.0004319614851195971,-4.88756294281158,0.00039757718842015066,0.00039757718842015066
beta-TiV,300,66,beta-TiV__300,1,-4.88796052,-4.6809378342935375,-0.2070171977636012,-5.487942861315265e-06,0.0010967594643042022,-0.0011022474071655174,-0.0008158971879949242,0.00028086227630927797,-4.88767416978083,0.00028635021917011727,0.00028635021917011727
beta-TiV,300,67,beta-TiV__300,1,-4.88796052,-4.6811042913573555,-0.2070171977636012,0.0001609691209566,0.0010967594643042022,-0.0009357903433476022,-0.0003578490838978182,0.000738910380406384,-4.88738257874055,0.0005779412594497657,0.0005779412594497657
beta-TiV,300,68,beta-TiV__300,1,-4.88796052,-4.6808775523678685,-0.2070171977636012,-6.576986853029654e-05,0.0010967594643042022,-0.0011625293328344987,-0.0006808163137781059,0.00041594315052609625,-4.887478806980944,0.00048171301905597375,0.00048171301905597375
beta-TiV,300,69,beta-TiV__300,1,-4.88796052,-4.680842406750948,-0.2070171977636012,-0.000100915485451,0.0010967594643042022,-0.0011976749497552021,-0.0006453201625479879,0.0004514393017562143,-4.887408165212793,0.0005523547872066104,0.0005523547872066104
beta-TiV,300,70,beta-TiV__300,1,-4.88796052,-4.681023529403471,-0.2070171977636012,8.020716707218822e-05,0.0010967594643042022,-0.001016552297232014,-0.0005900625257717706,0.0005066969385324316,-4.88753403022854,0.0004264897714598703,0.0004264897714598703
beta-TiV,300,71,beta-TiV__300,1,-4.88796052,-4.681096476372727,-0.2070171977636012,0.0001531541363283,0.0010967594643042022,-0.0009436053279759022,-0.00045897723774200025,0.0006377822265622019,-4.887475891909767,0.0004846280902333078,0.0004846280902333078
beta-TiV,300,72,beta-TiV__300,1,-4.88796052,-4.6809727946076025,-0.2070171977636012,2.947237120370927e-05,0.0010967594643042022,-0.001067287093100493,-0.0005090311455807189,0.0005877283187234833,-4.88740226405248,0.0005582559475199034,0.0005582559475199034
beta-TiV,300,73,beta-TiV__300,1,-4.88796052,-4.681103288581355,-0.2070171977636012,0.0001599663449557,0.0010967594643042022,-0.0009367931193485022,-0.0008351334013733983,0.00026162606293080384,-4.887858860282026,0.00010165971797437834,0.00010165971797437834
beta-TiV,300,74,beta-TiV__300,1,-4.88796052,-4.680889881697919,-0.2070171977636012,-5.3440538480054034e-05,0.0010967594643042022,-0.0011502000027842562,-0.000620009250358806,0.0004767502139453962,-4.887430329247575,0.0005301907524248861,0.0005301907524248861
beta-TiV,300,75,beta-TiV__300,1,-4.88796052,-4.681107043453703,-0.2070171977636012,0.0001637212173039,0.0010967594643042022,-0.0009330382470003021,-0.0006265861406400084,0.0004701733236641938,-4.88765406789364,0.0003064521063596004,0.0003064521063596004
beta-TiV,300,76,beta-TiV__300,1,-4.88796052,-4.680992862389871,-0.2070171977636012,4.954015347252705e-05,0.0010967594643042022,-0.0010472193108316751,-0.0008990824074936581,0.00019767705681054406,-4.887812383096662,0.00014813690333781437,0.00014813690333781437
beta-TiV,300,77,beta-TiV__300,1,-4.88796052,-4.680816091005988,-0.2070171977636012,-0.000127231230411,0.0010967594643042022,-0.0012239906947152021,-0.0006216134314068055,0.0004751460328973967,-4.887358142736692,0.0006023772633083624,0.0006023772633083624
beta-TiV,300,78,beta-TiV__300,1,-4.88796052,-4.680985877984792,-0.2070171977636012,4.255574839334697e-05,0.0010967594643042022,-0.0010542037159108552,-0.0007205306804137307,0.00037622878389047146,-4.887626846964503,0.00033367303549702854,0.00033367303549702854
beta-TiV,300,79,beta-TiV__300,1,-4.88796052,-4.680897266052596,-0.2070171977636012,-4.605618380298937e-05,0.0010967594643042022,-0.0011428156481071915,-0.0008432754039503525,0.00025348406035384963,-4.887660979755844,0.0002995402441561268,0.0002995402441561268
beta-TiV,300,80,beta-TiV__300,1,-4.88796052,-4.680909614530287,-0.2070171977636012,-3.370770611194063e-05,0.0010967594643042022,-0.0011304671704161428,-0.0006426712065108227,0.0004540882577933795,-4.887472724036095,0.00048779596390513547,0.00048779596390513547
beta-TiV,300,81,beta-TiV__300,1,-4.88796052,-4.681141043643139,-0.2070171977636012,0.0001977214067402,0.0010967594643042022,-0.0008990380575640022,-0.000652007431783142,0.00044475203252106014,-4.887713489374219,0.0002470306257809085,0.0002470306257809085
beta-TiV,300,82,beta-TiV__300,1,-4.88796052,-4.680979861618132,-0.2070171977636012,3.653938173336923e-05,0.0010967594643042022,-0.001060220082570833,-0.0006908838833150196,0.00040587558098918253,-4.887591183800745,0.0003693361992551658,0.0003693361992551658
beta-TiV,300,83,beta-TiV__300,1,-4.88796052,-4.680906625662339,-0.2070171977636012,-3.669657405974691e-05,0.0010967594643042022,-0.001133456038363949,-0.0005552828127958666,0.0005414766515083356,-4.887382346774432,0.0005781732255680794,0.0005781732255680794
beta-TiV,300,84,beta-TiV__300,1,-4.88796052,-4.680798162052689,-0.2070171977636012,-0.0001451601837099,0.0010967594643042022,-0.0012419196480141022,-0.0006644076286582029,0.0004323518356459993,-4.887383007980644,0.0005775120193556305,0.0005775120193556305
beta-TiV,300,85,beta-TiV__300,1,-4.88796052,-4.680950247292879,-0.2070171977636012,6.92505647997832e-06,0.0010967594643042022,-0.0010898344078242239,-0.0006965238905154521,0.0004002355737887501,-4.887567209482691,0.00039331051730862043,0.00039331051730862043
beta-TiV,300,86,beta-TiV__300,1,-4.88796052,-4.681013030371523,-0.2070171977636012,6.97081351243578e-05,0.0010967594643042022,-0.0010270513291798444,-0.0006020595021258778,0.0004946999621783243,-4.887535528172946,0.00042499182705402205,0.00042499182705402205
beta-TiV,300,87,beta-TiV__300,1,-4.88796052,-4.6808175051254555,-0.2070171977636012,-0.0001258171109433,0.0010967594643042022,-0.0012225765752475022,-0.0009174327055912111,0.00017932675871299103,-4.887655376130344,0.000305143869655744,0.000305143869655744
beta-TiV,300,88,beta-TiV__300,1,-4.88796052,-4.68085714217154,-0.2070171977636012,-8.61800648588873e-05,0.0010967594643042022,-0.0011829395291630895,-0.00094977775936589,0.00014698170493831217,-4.887727358230203,0.00023316176979726322,0.00023316176979726322
beta-TiV,300,89,beta-TiV__300,1,-4.88796052,-4.681165669943368,-0.2070171977636012,0.0002223477069695,0.0010967594643042022,-0.0008744117573347022,-0.0007608948270060838,0.0003358646372981184,-4.8878470030696715,0.00011351693032857213,0.00011351693032857213
beta-TiV,300,90,beta-TiV__300,1,-4.88796052,-4.6808196426555195,-0.2070171977636012,-0.0001236795808792,0.0010967594643042022,-0.0012204390451834022,-0.00035040802796725907,0.0007463514363369431,-4.887090488982784,0.0008700310172162773,0.0008700310172162773
beta-TiV,300,91,beta-TiV__300,1,-4.88796052,-4.680991308509817,-0.2070171977636012,4.798627341856543e-05,0.0010967594643042022,-0.0010487731908856367,-0.000624462943118267,0.0004722965211859352,-4.887536209752233,0.0004243102477667904,0.0004243102477667904
beta-TiV,300,92,beta-TiV__300,1,-4.88796052,-4.681172138606064,-0.2070171977636012,0.0002288163696648,0.0010967594643042022,-0.0008679430946394021,-0.0004710822228628466,0.0006256772414413556,-4.887563659128224,0.0003968608717759281,0.0003968608717759281
beta-TiV,300,93,beta-TiV__300,1,-4.88796052,-4.680855780447816,-0.2070171977636012,-8.754178858288997e-05,0.0010967594643042022,-0.0011843012528870921,-0.0005570874558861206,0.0005396720084180816,-4.887333306203,0.0006272137970002589,0.0006272137970002589
beta-TiV,300,94,beta-TiV__300,1,-4.88796052,-4.68087662602656,-0.2070171977636012,-6.669620983884572e-05,0.0010967594643042022,-0.001163455674143048,-0.00045792225624424293,0.0006388372080599592,-4.887254986582102,0.000705533417898252,0.000705533417898252
beta-TiV,300,95,beta-TiV__300,1,-4.88796052,-4.680482683433596,-0.2070171977636012,-0.0004606388028023,0.0010967594643042022,-0.001557398267106502,-0.0008008965615022112,0.00029586290280199097,-4.887204018294396,0.0007565017056041512,0.0007565017056041512
beta-TiV,300,96,beta-TiV__300,1,-4.88796052,-4.68078933836569,-0.2070171977636012,-0.0001539838707088,0.0010967594643042022,-0.001250743335013002,-0.00016326637348061817,0.000933493090823584,-4.8868730430384675,0.001087476961532552,0.001087476961532552
beta-TiV,300,97,beta-TiV__300,1,-4.88796052,-4.681004754917081,-0.2070171977636012,6.143268068176111e-05,0.0010967594643042022,-0.001035326783622441,-0.0006333531294248544,0.00046340633487934775,-4.887558546345803,0.00040197365419736286,0.00040197365419736286
beta-TiV,300,98,beta-TiV__300,1,-4.88796052,-4.681083932502228,-0.2070171977636012,0.0001406102658296,0.0010967594643042022,-0.0009561491984746022,-0.0007162591961264048,0.00038050026817779733,-4.887720629997652,0.00023989000234792002,0.00023989000234792002
beta-TiV,300,99,beta-TiV__300,1,-4.88796052,-4.68136033569129,-0.2070171977636012,0.0004170134548908,0.0010967594643042022,-0.0006797460094134022,-0.0007961692989834979,0.0003005901653207043,-4.888076943289571,-0.00011642328957073289,0.00011642328957073289
beta-TiV,400,0,beta-TiV__400,0,-4.92292887,-4.622306711196241,-0.2070171977636012,-0.0936049610401579,-0.0950745309897531,0.001469569949595198,7.573837019329705e-05,-0.0949987926195598,-4.924322701579402,-0.0013938315794019829,0.0013938315794019829
beta-TiV,400,1,beta-TiV__400,0,-4.92292887,-4.621907296435699,-0.2070171977636012,-0.0940043758006992,-0.0950745309897531,0.0010701551890539007,-8.380964702246074e-05,-0.09515834063677557,-4.924082834836076,-0.0011539648360763266,0.0011539648360763266
beta-TiV,400,2,beta-TiV__400,0,-4.92292887,-4.6218926051200855,-0.2070171977636012,-0.094019067116313,-0.0950745309897531,0.0010554638734401045,0.0005941804865702518,-0.09448035050318285,-4.92339015338687,-0.000461283386870015,0.000461283386870015
beta-TiV,400,3,beta-TiV__400,0,-4.92292887,-4.622360199971214,-0.2070171977636012,-0.0935514722651842,-0.0950745309897531,0.0015230587245688987,0.00024879104982392233,-0.09482573993992918,-4.924203137674745,-0.0012742676747450332,0.0012742676747450332
beta-TiV,400,4,beta-TiV__400,0,-4.92292887,-4.6223447990366395,-0.2070171977636012,-0.093566873199759,-0.0950745309897531,0.0015076577899941074,-3.8333205980632094e-05,-0.09511286419573374,-4.924474860995975,-0.0015459909959751883,0.0015459909959751883
beta-TiV,400,5,beta-TiV__400,0,-4.92292887,-4.622217548738833,-0.2070171977636012,-0.0936941234975655,-0.0950745309897531,0.0013804074921875964,0.0001341253585789434,-0.09494040563117416,-4.924175152133609,-0.0012462821336090002,0.0012462821336090002
beta-TiV,400,6,beta-TiV__400,0,-4.92292887,-4.62203940207467,-0.2070171977636012,-0.093872270161729,-0.0950745309897531,0.0012022608280241043,0.0004003819172148846,-0.09467414907253822,-4.923730748910809,-0.0008018789108090729,0.0008018789108090729
beta-TiV,400,7,beta-TiV__400,0,-4.92292887,-4.621958024002526,-0.2070171977636012,-0.0939536482338721,-0.0950745309897531,0.0011208827558810003,-0.00010281463429077112,-0.09517734562404387,-4.924152567390172,-0.0012236973901718073,0.0012236973901718073
beta-TiV,400,8,beta-TiV__400,0,-4.92292887,-4.622181438044174,-0.2070171977636012,-0.0937302341922248,-0.0950745309897531,0.0013442967975283021,-1.8995241119342378e-05,-0.09509352623087244,-4.924292162038648,-0.0013632920386479341,0.0013632920386479341
beta-TiV,400,9,beta-TiV__400,0,-4.92292887,-4.62213073381537,-0.2070171977636012,-0.0937809384210289,-0.0950745309897531,0.0012935925687242028,0.00019340580448990634,-0.09488112518526319,-4.924029056764234,-0.001100186764234401,0.001100186764234401
beta-TiV,400,10,beta-TiV__400,0,-4.92292887,-4.621789065840536,-0.2070171977636012,-0.0941226063958622,-0.0950745309897531,0.0009519245938909016,0.0010803723780528902,-0.09399415861170021,-4.922800422215838,0.00012844778416187808,0.00012844778416187808
beta-TiV,400,11,beta-TiV__400,0,-4.92292887,-4.621999691332389,-0.2070171977636012,-0.0939119809040092,-0.0950745309897531,0.0011625500857438964,-7.60039820746001e-05,-0.0951505349718277,-4.924167424067819,-0.001238554067819031,0.001238554067819031
beta-TiV,400,12,beta-TiV__400,0,-4.92292887,-4.622144817253837,-0.2070171977636012,-0.0937668549825619,-0.0950745309897531,0.0013076760071911997,0.0005231630933099666,-0.09455136789644314,-4.923713382913881,-0.0007845129138814855,0.0007845129138814855
beta-TiV,400,13,beta-TiV__400,0,-4.92292887,-4.622213248793466,-0.2070171977636012,-0.0936984234429323,-0.0950745309897531,0.0013761075468207984,0.00031140343922054625,-0.09476312755053255,-4.9239935741076,-0.0010647041076001784,0.0010647041076001784
beta-TiV,400,14,beta-TiV__400,0,-4.92292887,-4.622396470517894,-0.2070171977636012,-0.0935152017185044,-0.0950745309897531,0.0015593292712487022,0.0007202424002987463,-0.09435428858945435,-4.92376795687095,-0.0008390868709504673,0.0008390868709504673
beta-TiV,400,15,beta-TiV__400,0,-4.92292887,-4.62208719570002,-0.2070171977636012,-0.0938244765363783,-0.0950745309897531,0.0012500544533747965,-0.00025392427590494726,-0.09532845526565804,-4.92443284872928,-0.0015039787292803197,0.0015039787292803197
beta-TiV,400,16,beta-TiV__400,0,-4.92292887,-4.622289410155624,-0.2070171977636012,-0.093622262080775,-0.0950745309897531,0.0014522689089781077,-0.00022559844467746442,-0.09530012943443057,-4.924606737353655,-0.0016778673536554933,0.0016778673536554933
beta-TiV,400,17,beta-TiV__400,0,-4.92292887,-4.622262320417961,-0.2070171977636012,-0.0936493518184378,-0.0950745309897531,0.0014251791713153078,0.00035918198451339776,-0.0947153490052397,-4.923994867186802,-0.0010659971868021145,0.0010659971868021145
beta-TiV,400,18,beta-TiV__400,0,-4.92292887,-4.622199430774571,-0.2070171977636012,-0.0937122414618277,-0.0950745309897531,0.0013622895279254005,0.0004296367382330094,-0.09464489425152009,-4.923861522789692,-0.0009326527896922343,0.0009326527896922343
beta-TiV,400,19,beta-TiV__400,0,-4.92292887,-4.622202315079579,-0.2070171977636012,-0.0937093571568195,-0.0950745309897531,0.0013651738329336083,3.8048067369596487e-07,-0.09507415050907941,-4.92429366335226,-0.0013647933522600297,0.0013647933522600297
beta-TiV,400,20,beta-TiV__400,0,-4.92292887,-4.621950061715556,-0.2070171977636012,-0.0939616105208423,-0.0950745309897531,0.0011129204689108024,-0.00016897834000269247,-0.0952435093297558,-4.924210768808914,-0.0012818988089140504,0.0012818988089140504
beta-TiV,400,21,beta-TiV__400,0,-4.92292887,-4.622235130016108,-0.2070171977636012,-0.0936765422202905,-0.0950745309897531,0.0013979887694626075,-8.73594629967829e-06,-0.09508326693605278,-4.924335594715762,-0.0014067247157623086,0.0014067247157623086
beta-TiV,400,22,beta-TiV__400,0,-4.92292887,-4.6220823996664295,-0.2070171977636012,-0.093829272569969,-0.0950745309897531,0.0012452584197841093,0.0006683659172794428,-0.09440616507247367,-4.923505762502504,-0.000576892502504478,0.000576892502504478
beta-TiV,400,23,beta-TiV__400,0,-4.92292887,-4.622228468932044,-0.2070171977636012,-0.0936832033043544,-0.0950745309897531,0.0013913276853987078,0.0008625809289651086,-0.09421195006078799,-4.9234576167564335,-0.0005287467564336623,0.0005287467564336623
beta-TiV,400,24,beta-TiV__400,0,-4.92292887,-4.622412409271308,-0.2070171977636012,-0.0934992629650904,-0.0950745309897531,0.001575268024662707,0.0006859712254558551,-0.09438855976429725,-4.923818166799207,-0.0008892967992073508,0.0008892967992073508
beta-TiV,400,25,beta-TiV__400,0,-4.92292887,-4.622063757475844,-0.2070171977636012,-0.0938479147605549,-0.0950745309897531,0.001226616229198202,0.00034967792871422787,-0.09472485306103888,-4.923805808300484,-0.0008769383004842979,0.0008769383004842979
beta-TiV,400,26,beta-TiV__400,0,-4.92292887,-4.62201658762926,-0.2070171977636012,-0.0938950846071383,-0.0950745309897531,0.0011794463826148016,7.661040438049284e-05,-0.09499792058537261,-4.924031705978234,-0.0011028359782345731,0.0011028359782345731
beta-TiV,400,27,beta-TiV__400,0,-4.92292887,-4.622088334833971,-0.2070171977636012,-0.0938233374024276,-0.0950745309897531,0.0012511935873255053,-0.00048125905681747655,-0.09555579004657058,-4.924661322644143,-0.0017324526441431232,0.0017324526441431232
beta-TiV,400,28,beta-TiV__400,0,-4.92292887,-4.62225074322101,-0.2070171977636012,-0.0936609290153883,-0.0950745309897531,0.0014136019743647976,-3.866188331355149e-05,-0.09511319287306666,-4.924381133857678,-0.001452263857678382,0.001452263857678382
beta-TiV,400,29,beta-TiV__400,0,-4.92292887,-4.621955015925461,-0.2070171977636012,-0.0939566563109378,-0.0950745309897531,0.0011178746788153004,0.0005368585529175416,-0.09453767243683556,-4.923509886125898,-0.0005810161258983371,0.0005810161258983371
beta-TiV,400,30,beta-TiV__400,0,-4.92292887,-4.6222404596011115,-0.2070171977636012,-0.093671212635287,-0.0950745309897531,0.0014033183544661099,0.00020978178479787407,-0.09486474920495523,-4.924122406569668,-0.001193536569668474,0.001193536569668474
beta-TiV,400,31,beta-TiV__400,0,-4.92292887,-4.621930191488558,-0.2070171977636012,-0.0939814807478403,-0.0950745309897531,0.0010930502419128074,-0.0001266393022552261,-0.09520117029200834,-4.924148559544168,-0.0012196895441682898,0.0012196895441682898
beta-TiV,400,32,beta-TiV__400,0,-4.92292887,-4.622209629869589,-0.2070171977636012,-0.0937020423668094,-0.0950745309897531,0.0013724886229437017,0.0003183079277458648,-0.09475622306200723,-4.923983050695198,-0.001054180695198248,0.001054180695198248
beta-TiV,400,33,beta-TiV__400,0,-4.92292887,-4.622207658684489,-0.2070171977636012,-0.0937040135519098,-0.0950745309897531,0.001370517437843305,0.0002776190456429621,-0.09479691194411013,-4.9240217683922,-0.0010928983922005031,0.0010928983922005031
beta-TiV,400,34,beta-TiV__400,0,-4.92292887,-4.622150006836777,-0.2070171977636012,-0.0937616653996216,-0.0950745309897531,0.0013128655901315095,0.0005991172027914444,-0.09447541378696166,-4.92364261838734,-0.0007137483873398409,0.0007137483873398409
beta-TiV,400,35,beta-TiV__400,0,-4.92292887,-4.622262571475434,-0.2070171977636012,-0.0936491007609643,-0.0950745309897531,0.0014254302287887988,0.000278136358640353,-0.09479639463111275,-4.924076163870148,-0.001147293870148225,0.001147293870148225
beta-TiV,400,36,beta-TiV__400,0,-4.92292887,-4.622065863664194,-0.2070171977636012,-0.0938458085722049,-0.0950745309897531,0.0012287224175482059,-8.164835235871239e-05,-0.09515617934211182,-4.924239240769907,-0.0013103707699073652,0.0013103707699073652
beta-TiV,400,37,beta-TiV__400,0,-4.92292887,-4.6220021845641215,-0.2070171977636012,-0.093909487672277,-0.0950745309897531,0.0011650433174761055,-0.00022982212718233256,-0.09530435311693544,-4.924323735444658,-0.0013948654446584996,0.0013948654446584996
beta-TiV,400,38,beta-TiV__400,0,-4.92292887,-4.622532264297722,-0.2070171977636012,-0.0933794079386765,-0.0950745309897531,0.001695123051076608,-0.00048694913388398515,-0.09556148012363709,-4.92511094218496,-0.0021820721849605818,0.0021820721849605818
beta-TiV,400,39,beta-TiV__400,0,-4.92292887,-4.622183043025349,-0.2070171977636012,-0.0937286292110493,-0.0950745309897531,0.0013459017787038063,-7.920761244734292e-05,-0.09515373860220044,-4.924353979391151,-0.00142510939115148,0.00142510939115148
beta-TiV,400,40,beta-TiV__400,0,-4.92292887,-4.6218855537856225,-0.2070171977636012,-0.094026118450776,-0.0950745309897531,0.0010484125389770976,0.0006163971578415163,-0.09445813383191158,-4.923360885381135,-0.00043201538113546434,0.00043201538113546434
beta-TiV,400,41,beta-TiV__400,0,-4.92292887,-4.6223046843338365,-0.2070171977636012,-0.0936069879025621,-0.0950745309897531,0.0014675430871910061,0.00045891568193749774,-0.0946156153078156,-4.923937497405253,-0.0010086274052536481,0.0010086274052536481
beta-TiV,400,42,beta-TiV__400,0,-4.92292887,-4.622041641261275,-0.2070171977636012,-0.0938700309751239,-0.0950745309897531,0.0012045000146291979,0.0005426287699756263,-0.09453190221977747,-4.923590741244654,-0.0006618712446542219,0.0006618712446542219
beta-TiV,400,43,beta-TiV__400,0,-4.92292887,-4.622124963316535,-0.2070171977636012,-0.0937867089198632,-0.0950745309897531,0.0012878220698899073,0.0003118014230573926,-0.09476272956669571,-4.923904890646832,-0.0009760206468323318,0.0009760206468323318
beta-TiV,400,44,beta-TiV__400,0,-4.92292887,-4.622072822299847,-0.2070171977636012,-0.0938388499365515,-0.0950745309897531,0.0012356810532015983,0.00022287107449933764,-0.09485165991525377,-4.923941679978702,-0.0010128099787021227,0.0010128099787021227
beta-TiV,400,45,beta-TiV__400,0,-4.92292887,-4.622011399227287,-0.2070171977636012,-0.0939002730091112,-0.0950745309897531,0.001174257980641899,-0.0002856114186496848,-0.09536014240840279,-4.924388739399292,-0.0014598693992917688,0.0014598693992917688
beta-TiV,400,46,beta-TiV__400,0,-4.92292887,-4.622065578504942,-0.2070171977636012,-0.0938460937314567,-0.0950745309897531,0.001228437258296397,-4.38122470565602e-05,-0.09511834323680966,-4.924201119505353,-0.0012722495053534288,0.0012722495053534288
beta-TiV,400,47,beta-TiV__400,0,-4.92292887,-4.622129796335575,-0.2070171977636012,-0.0937818759008231,-0.0950745309897531,0.001292655088930006,-0.00018667650304389228,-0.095261207492797,-4.924408201591974,-0.001479331591974109,0.001479331591974109
beta-TiV,400,48,beta-TiV__400,0,-4.92292887,-4.622265576598969,-0.2070171977636012,-0.0936460956374294,-0.0950745309897531,0.0014284353523237037,0.00019037770893180005,-0.09488415328082131,-4.924166927643392,-0.001238057643392132,0.001238057643392132
beta-TiV,400,49,beta-TiV__400,0,-4.92292887,-4.622080370810906,-0.2070171977636012,-0.0938313014254926,-0.0950745309897531,0.001243229564260498,0.00026780582449002224,-0.09480672516526308,-4.923904293739771,-0.0009754237397707755,0.0009754237397707755
beta-TiV,400,50,beta-TiV__400,0,-4.92292887,-4.622125174228787,-0.2070171977636012,-0.0937864980076111,-0.0950745309897531,0.0012880329821420011,0.00022014002520827299,-0.09485439096454483,-4.923996762956934,-0.0010678929569341022,0.0010678929569341022
beta-TiV,400,51,beta-TiV__400,0,-4.92292887,-4.622384989010845,-0.2070171977636012,-0.0935266832255535,-0.0950745309897531,0.0015478477641995975,0.00019939484188396048,-0.09487513614786915,-4.924277322922316,-0.0013484529223157793,0.0013484529223157793
beta-TiV,400,52,beta-TiV__400,0,-4.92292887,-4.6217739601713435,-0.2070171977636012,-0.0941377120650551,-0.0950745309897531,0.0009368189246980047,0.00018013136626580543,-0.0948943996234873,-4.923685557558432,-0.0007566875584323896,0.0007566875584323896
beta-TiV,400,53,beta-TiV__400,0,-4.92292887,-4.621941037844675,-0.2070171977636012,-0.0939706343917239,-0.0950745309897531,0.0011038965980292026,0.0010069575318914358,-0.09406757345786167,-4.923025809066138,-9.693906613783554e-05,9.693906613783554e-05
beta-TiV,400,54,beta-TiV__400,0,-4.92292887,-4.622326757917374,-0.2070171977636012,-0.0935849143190242,-0.0950745309897531,0.0014896166707289021,-0.0004190827745351041,-0.09549361376428821,-4.924837569445264,-0.0019086994452646167,0.0019086994452646167
beta-TiV,400,55,beta-TiV__400,0,-4.92292887,-4.622109952074265,-0.2070171977636012,-0.0938017201621337,-0.0950745309897531,0.0012728108276194028,0.0007703270808178096,-0.09430420390893529,-4.9234313537468015,-0.0005024837468017296,0.0005024837468017296
beta-TiV,400,56,beta-TiV__400,0,-4.92292887,-4.622288305101246,-0.2070171977636012,-0.0936233671351527,-0.0950745309897531,0.0014511638546004096,-0.00027259427124268773,-0.09534712526099579,-4.924652628125843,-0.0017237581258431334,0.0017237581258431334
beta-TiV,400,57,beta-TiV__400,0,-4.92292887,-4.622071704785824,-0.2070171977636012,-0.0938399674505741,-0.0950745309897531,0.001234563539179001,-0.0003566277621189032,-0.09543115875187201,-4.924520061301298,-0.0015911913012978118,0.0015911913012978118
beta-TiV,400,58,beta-TiV__400,0,-4.92292887,-4.622423711877076,-0.2070171977636012,-0.0934879603593226,-0.0950745309897531,0.0015865706304305088,-0.0009500530595407156,-0.09602458404929382,-4.9254654936899716,-0.002536623689971762,0.002536623689971762
beta-TiV,400,59,beta-TiV__400,0,-4.92292887,-4.622206051310724,-0.2070171977636012,-0.0937056209256746,-0.0950745309897531,0.0013689100640785073,-0.0002501252180439385,-0.09532465620779704,-4.924547905282123,-0.001619035282122816,0.001619035282122816
beta-TiV,400,60,beta-TiV__400,0,-4.92292887,-4.62213769201998,-0.2070171977636012,-0.0937739802164182,-0.0950745309897531,0.0013005507733349075,0.0008405460950623481,-0.09423398489469076,-4.923388874678273,-0.0004600046782732292,0.0004600046782732292
beta-TiV,400,61,beta-TiV__400,0,-4.92292887,-4.62241060761159,-0.2070171977636012,-0.0935010646248087,-0.0950745309897531,0.0015734663649444036,0.00076990907173123,-0.09430462191802187,-4.9237324272932135,-0.0008035572932136859,0.0008035572932136859
beta-TiV,400,62,beta-TiV__400,0,-4.92292887,-4.622053428072496,-0.2070171977636012,-0.0938582441639027,-0.0950745309897531,0.001216286825850399,0.0001812333741095072,-0.0948932976156436,-4.923963923451741,-0.0010350534517415966,0.0010350534517415966
beta-TiV,400,63,beta-TiV__400,0,-4.92292887,-4.62210401644261,-0.2070171977636012,-0.0938076557937884,-0.0950745309897531,0.0012668751959647034,-0.0003882650142724403,-0.09546279600402555,-4.924584010210237,-0.0016551402102376045,0.0016551402102376045
beta-TiV,400,64,beta-TiV__400,0,-4.92292887,-4.622265691379661,-0.2070171977636012,-0.0936459808567378,-0.0950745309897531,0.0014285501330153078,-0.0004367183907202499,-0.09551124938047335,-4.924794138523736,-0.001865268523736141,0.001865268523736141
beta-TiV,400,65,beta-TiV__400,0,-4.92292887,-4.622135432448667,-0.2070171977636012,-0.0937762397877313,-0.0950745309897531,0.001298291202021809,0.000597094945031398,-0.09447743604472171,-4.92363006625699,-0.0007011962569904995,0.0007011962569904995
beta-TiV,400,66,beta-TiV__400,0,-4.92292887,-4.621970883573746,-0.2070171977636012,-0.0939407886626527,-0.0950745309897531,0.0011337423271004093,0.000939259611211118,-0.09413527137854198,-4.92312335271589,-0.00019448271588995425,0.00019448271588995425
beta-TiV,400,67,beta-TiV__400,0,-4.92292887,-4.62223964940956,-0.2070171977636012,-0.0936720228268382,-0.0950745309897531,0.0014025081629149005,0.0002847263912954162,-0.09478980459845769,-4.9240466517716195,-0.001117781771619697,0.001117781771619697
beta-TiV,400,68,beta-TiV__400,0,-4.92292887,-4.622344944451774,-0.2070171977636012,-0.0935667277846248,-0.0950745309897531,0.0015078032051283052,0.0012487125897696664,-0.09382581839998344,-4.923187960615358,-0.00025909061535855926,0.00025909061535855926
beta-TiV,400,69,beta-TiV__400,0,-4.92292887,-4.622159188564113,-0.2070171977636012,-0.0937524836722858,-0.0950745309897531,0.0013220473174673092,0.00019770077025224315,-0.09487683021950086,-4.924053216547215,-0.0011243465472148273,0.0011243465472148273
beta-TiV,400,70,beta-TiV__400,0,-4.92292887,-4.622221628939243,-0.2070171977636012,-0.0936900432971559,-0.0950745309897531,0.0013844876925972055,-0.00033770106171102077,-0.09541223205146412,-4.924651058754308,-0.0017221887543081849,0.0017221887543081849
beta-TiV,400,71,beta-TiV__400,0,-4.92292887,-4.622225591663381,-0.2070171977636012,-0.0936860805730178,-0.0950745309897531,0.0013884504167352985,1.2213449444904748e-05,-0.0950623175403082,-4.9243051069672905,-0.0013762369672907226,0.0013762369672907226
beta-TiV,400,72,beta-TiV__400,0,-4.92292887,-4.622178386266354,-0.2070171977636012,-0.0937332859700446,-0.0950745309897531,0.0013412450197085035,-0.0004330721978753773,-0.09550760318762848,-4.924703187217584,-0.0017743172175839206,0.0017743172175839206
beta-TiV,400,73,beta-TiV__400,0,-4.92292887,-4.622411702522792,-0.2070171977636012,-0.0934999697136061,-0.0950745309897531,0.0015745612761470101,-0.0002698686826034594,-0.09534439967235657,-4.92477329995875,-0.0018444299587505597,0.0018444299587505597
beta-TiV,400,74,beta-TiV__400,0,-4.92292887,-4.622320355057714,-0.2070171977636012,-0.0935913171786844,-0.0950745309897531,0.0014832138110687093,0.0005658998855809244,-0.09450863110417218,-4.9238461839254875,-0.0009173139254876617,0.0009173139254876617
beta-TiV,400,75,beta-TiV__400,0,-4.92292887,-4.622295304142493,-0.2070171977636012,-0.0936163680939057,-0.0950745309897531,0.001458162895847409,0.0010502847034069816,-0.09402424628634612,-4.92333674819244,-0.00040787819244059165,0.00040787819244059165
beta-TiV,400,76,beta-TiV__400,0,-4.92292887,-4.62222756207625,-0.2070171977636012,-0.0936841101601484,-0.0950745309897531,0.0013904208296047077,-0.0002482632196328345,-0.09532279420938594,-4.924567554049237,-0.0016386840492375043,0.0016386840492375043
beta-TiV,400,77,beta-TiV__400,0,-4.92292887,-4.6224087145273645,-0.2070171977636012,-0.0935029577090341,-0.0950745309897531,0.0015715732807189964,-0.0006440642304192982,-0.0957185952201724,-4.925144507511138,-0.002215637511138624,0.002215637511138624
beta-TiV,400,78,beta-TiV__400,0,-4.92292887,-4.6221540031752175,-0.2070171977636012,-0.093757669061181,-0.0950745309897531,0.0013168619285720967,0.00032806872697894855,-0.09474646226277415,-4.9239176632015935,-0.0009887932015937295,0.0009887932015937295
beta-TiV,400,79,beta-TiV__400,0,-4.92292887,-4.622172916708946,-0.2070171977636012,-0.0937387555274525,-0.0950745309897531,0.001335775462300598,0.00018092868667750838,-0.0948936023030756,-4.924083716775623,-0.001154846775623497,0.001154846775623497
beta-TiV,400,80,beta-TiV__400,0,-4.92292887,-4.622029451833321,-0.2070171977636012,-0.0938822204030772,-0.0950745309897531,0.0011923105866759043,0.0003389655955538814,-0.09473556539419922,-4.923782214991122,-0.0008533449911221069,0.0008533449911221069
beta-TiV,400,81,beta-TiV__400,0,-4.92292887,-4.62188767275293,-0.2070171977636012,-0.0940239994834686,-0.0950745309897531,0.0010505315062845078,0.0006645664144515768,-0.09440996457530153,-4.9233148350918325,-0.00038596509183275174,0.00038596509183275174
beta-TiV,400,82,beta-TiV__400,0,-4.92292887,-4.622048893718388,-0.2070171977636012,-0.0938627785180108,-0.0950745309897531,0.0012117524717423084,0.0003098512523185796,-0.09476467973743452,-4.923830771219424,-0.0009019012194242393,0.0009019012194242393
beta-TiV,400,83,beta-TiV__400,0,-4.92292887,-4.6219883048230415,-0.2070171977636012,-0.0939233674133571,-0.0950745309897531,0.001151163576395997,0.00016000780288882524,-0.09491452318686427,-4.923920025773508,-0.0009911557735078347,0.0009911557735078347
beta-TiV,400,84,beta-TiV__400,0,-4.92292887,-4.622107378312981,-0.2070171977636012,-0.0938042939234178,-0.0950745309897531,0.0012702370663353058,2.407993069549912e-05,-0.0950504510590576,-4.9241750271356395,-0.0012461571356396917,0.0012461571356396917
beta-TiV,400,85,beta-TiV__400,0,-4.92292887,-4.622057931801303,-0.2070171977636012,-0.0938537404350959,-0.0950745309897531,0.0012207905546572084,-0.0010634778630421538,-0.09613800885279526,-4.9252131384177,-0.0022842684177000194,0.0022842684177000194
beta-TiV,400,86,beta-TiV__400,0,-4.92292887,-4.621956241646369,-0.2070171977636012,-0.0939554305900299,-0.0950745309897531,0.0011191003997231969,-0.0005082925039454179,-0.09558282349369852,-4.9245562629036685,-0.0016273929036687562,0.0016273929036687562
beta-TiV,400,87,beta-TiV__400,0,-4.92292887,-4.622246155643423,-0.2070171977636012,-0.0936655165929754,-0.0950745309897531,0.001409014396777708,3.814827772922507e-05,-0.09503638271202387,-4.924299736119049,-0.001370866119049019,0.001370866119049019
beta-TiV,400,88,beta-TiV__400,0,-4.92292887,-4.622240307751071,-0.2070171977636012,-0.0936713644853271,-0.0950745309897531,0.0014031665044259983,0.0005455142677944609,-0.09452901672195864,-4.9237865222366315,-0.0008576522366317008,0.0008576522366317008
beta-TiV,400,89,beta-TiV__400,0,-4.92292887,-4.622178813991246,-0.2070171977636012,-0.0937328582451527,-0.0950745309897531,0.0013416727446003973,0.0011835686888040215,-0.09389096230094908,-4.9230869740557965,-0.00015810405579674836,0.00015810405579674836
beta-TiV,400,90,beta-TiV__400,0,-4.92292887,-4.622224469187339,-0.2070171977636012,-0.0936872030490597,-0.0950745309897531,0.0013873279406934058,0.00042040800056185904,-0.09465412298919125,-4.923895789940132,-0.0009669199401320938,0.0009669199401320938
beta-TiV,400,91,beta-TiV__400,0,-4.92292887,-4.62207831393944,-0.2070171977636012,-0.0938333582969586,-0.0950745309897531,0.001241172692794501,0.00018760368930063344,-0.09488692730045246,-4.923982439003494,-0.0010535690034938483,0.0010535690034938483
beta-TiV,400,92,beta-TiV__400,0,-4.92292887,-4.621940273179317,-0.2070171977636012,-0.0939713990570816,-0.0950745309897531,0.0011031319326715028,-0.001060039627008217,-0.09613457061676133,-4.9250920415596795,-0.0021631715596797108,0.0021631715596797108
beta-TiV,400,93,beta-TiV__400,0,-4.92292887,-4.622224554728457,-0.2070171977636012,-0.0936871175079415,-0.0950745309897531,0.0013874134818116085,0.00027396396502342505,-0.09480056702472968,-4.924042319516788,-0.0011134495167883784,0.0011134495167883784
beta-TiV,400,94,beta-TiV__400,0,-4.92292887,-4.622236871532668,-0.2070171977636012,-0.0936748007037303,-0.0950745309897531,0.0013997302860228045,0.0012494779095691428,-0.09382505308018396,-4.923079122376453,-0.0001502523764536079,0.0001502523764536079
beta-TiV,400,95,beta-TiV__400,0,-4.92292887,-4.622188687747114,-0.2070171977636012,-0.0937229844892846,-0.0950745309897531,0.001351546500468509,0.000334753908145714,-0.09473977708160738,-4.923945662592323,-0.0010167925923232346,0.0010167925923232346
beta-TiV,400,96,beta-TiV__400,0,-4.92292887,-4.622486837395285,-0.2070171977636012,-0.0934248348411135,-0.0950745309897531,0.0016496961486396067,0.00014416986235824114,-0.09493036112739486,-4.924434396286282,-0.0015055262862819774,0.0015055262862819774
beta-TiV,400,97,beta-TiV__400,0,-4.92292887,-4.622141204582146,-0.2070171977636012,-0.0937704676542526,-0.0950745309897531,0.0013040633355004966,0.00019835589566425248,-0.09487617509408885,-4.924034577439836,-0.0011057074398364009,0.0011057074398364009
beta-TiV,400,98,beta-TiV__400,0,-4.92292887,-4.621832809737706,-0.2070171977636012,-0.0940788624986928,-0.0950745309897531,0.0009956684910603086,-6.84173235116196e-05,-0.09514294831326472,-4.923992955814572,-0.0010640858145718468,0.0010640858145718468
beta-TiV,400,99,beta-TiV__400,0,-4.92292887,-4.622318582825339,-0.2070171977636012,-0.0935930894110595,-0.0950745309897531,0.001481441578693607,-0.000264750813871722,-0.09533928180362483,-4.9246750623925655,-0.001746192392565682,0.001746192392565682
beta-TiV,500,0,beta-TiV__500,2,-4.96463792,-4.565045083818426,-0.2070171977636012,-0.1925756384179727,-0.1965052429769066,0.003929604558933902,0.00389632574265025,-0.19260891723425635,-4.964671198816284,-3.3278816284010304e-05,3.3278816284010304e-05
beta-TiV,500,1,beta-TiV__500,2,-4.96463792,-4.5647267957004445,-0.2070171977636012,-0.1928939265359546,-0.1965052429769066,0.0036113164409520004,0.003815419565285401,-0.19268982341162122,-4.964433816875667,0.0002041031243331659,0.0002041031243331659
beta-TiV,500,2,beta-TiV__500,2,-4.96463792,-4.564810373293133,-0.2070171977636012,-0.1928103489432662,-0.1965052429769066,0.0036948940336404,0.0037809662770310402,-0.19272427669987557,-4.96455184775661,8.607224339041153e-05,8.607224339041153e-05
beta-TiV,500,3,beta-TiV__500,2,-4.96463792,-4.56468588520004,-0.2070171977636012,-0.1929348370363588,-0.1965052429769066,0.003570405940547805,0.0038982524746004337,-0.19260699050230617,-4.964310073465948,0.00032784653405215636,0.00032784653405215636
beta-TiV,500,4,beta-TiV__500,2,-4.96463792,-4.564964823422108,-0.2070171977636012,-0.192655898814291,-0.1965052429769066,0.00384934416261562,0.003865030036238027,-0.19264021294066858,-4.964622234126378,1.5685873622217628e-05,1.5685873622217628e-05
beta-TiV,500,5,beta-TiV__500,2,-4.96463792,-4.564890650902736,-0.2070171977636012,-0.1927300713336628,-0.1965052429769066,0.003775171643243813,0.0039731171526965784,-0.19253212582421003,-4.964439974490547,0.00019794550945295697,0.00019794550945295697
beta-TiV,500,6,beta-TiV__500,2,-4.96463792,-4.564806196011022,-0.2070171977636012,-0.1928145262253767,-0.1965052429769066,0.0036907167515299044,0.0039550145601501205,-0.19255022841675648,-4.96437362219138,0.0002642978086200287,0.0002642978086200287
beta-TiV,500,7,beta-TiV__500,2,-4.96463792,-4.565065446252171,-0.2070171977636012,-0.1925552759842282,-0.1965052429769066,0.003949966992678411,0.003911045338534154,-0.19259419763837246,-4.9646768416541445,-3.892165414409732e-05,3.892165414409732e-05
beta-TiV,500,8,beta-TiV__500,2,-4.96463792,-4.564559407559592,-0.2070171977636012,-0.1930613146768068,-0.1965052429769066,0.003443928300099819,0.00379176825656261,-0.192713474720344,-4.964290080043538,0.0003478399564622592,0.0003478399564622592
beta-TiV,500,9,beta-TiV__500,2,-4.96463792,-4.564847769606399,-0.2070171977636012,-0.1927729526299997,-0.1965052429769066,0.003732290346906919,0.0038635300291502994,-0.1926417129477563,-4.964506680317757,0.00013123968224348914,0.00013123968224348914
beta-TiV,500,10,beta-TiV__500,2,-4.96463792,-4.564664922222428,-0.2070171977636012,-0.1929558000139713,-0.1965052429769066,0.003549442962935301,0.0037744813686244154,-0.1927307616082822,-4.964412881594312,0.0002250384056887711,0.0002250384056887711
beta-TiV,500,11,beta-TiV__500,2,-4.96463792,-4.564731310873807,-0.2070171977636012,-0.1928894113625923,-0.1965052429769066,0.0036158316143143077,0.0037759909634919354,-0.19272925201341468,-4.964477760650823,0.0001601593491775688,0.0001601593491775688
beta-TiV,500,12,beta-TiV__500,2,-4.96463792,-4.565156478865197,-0.2070171977636012,-0.1924642433712018,-0.1965052429769066,0.004040999605704809,0.00399098271269338,-0.19251426026421323,-4.964687936893012,-5.001689301131762e-05,5.001689301131762e-05
beta-TiV,500,13,beta-TiV__500,2,-4.96463792,-4.565024919044134,-0.2070171977636012,-0.1925958031922648,-0.1965052429769066,0.0039094397846418105,0.0038001445109680635,-0.19270509846593856,-4.9647472152736745,-0.00010929527367409264,0.00010929527367409264
beta-TiV,500,14,beta-TiV__500,2,-4.96463792,-4.564674375708722,-0.2070171977636012,-0.1929463465276771,-0.1965052429769066,0.0035588964492295205,0.003764051105490616,-0.192741191871416,-4.96443276534374,0.00020515465626047558,0.00020515465626047558
beta-TiV,500,15,beta-TiV__500,2,-4.96463792,-4.565031814089682,-0.2070171977636012,-0.1925889081467169,-0.1965052429769066,0.003916334830189716,0.003950623998316316,-0.1925546189785903,-4.964603630831874,3.428916812620031e-05,3.428916812620031e-05
beta-TiV,500,16,beta-TiV__500,2,-4.96463792,-4.564840796881162,-0.2070171977636012,-0.1927799253552369,-0.1965052429769066,0.0037253176216697215,0.004055603680682386,-0.19244963929622422,-4.9643076339409875,0.0003302860590128631,0.0003302860590128631
beta-TiV,500,17,beta-TiV__500,2,-4.96463792,-4.565012151931237,-0.2070171977636012,-0.1926085703051623,-0.1965052429769066,0.0038966726717443168,0.003786961171833312,-0.1927182818050733,-4.964747631499912,-0.00010971149991156892,0.00010971149991156892
beta-TiV,500,18,beta-TiV__500,2,-4.96463792,-4.565091177346398,-0.2070171977636012,-0.1925295448900013,-0.1965052429769066,0.003975698086905316,0.003955036334509068,-0.19255020664239753,-4.9646585817523965,-2.066175239612278e-05,2.066175239612278e-05
beta-TiV,500,19,beta-TiV__500,2,-4.96463792,-4.5644975000695185,-0.2070171977636012,-0.1931232221668806,-0.1965052429769066,0.003382020810026004,0.0037831546066572877,-0.19272208837024932,-4.96423678620337,0.0004011337966307593,0.0004011337966307593
beta-TiV,500,20,beta-TiV__500,2,-4.96463792,-4.565387957917808,-0.2070171977636012,-0.1922327643185915,-0.1965052429769066,0.004272478658315121,0.0038133197235242157,-0.19269192325338239,-4.965097078934791,-0.0004591589347908709,0.0004591589347908709
beta-TiV,500,21,beta-TiV__500,2,-4.96463792,-4.5647972090973505,-0.2070171977636012,-0.1928235131390486,-0.1965052429769066,0.003681729837858,0.003880634144675093,-0.1926246088322315,-4.964439015693183,0.000198904306817127,0.000198904306817127
beta-TiV,500,22,beta-TiV__500,2,-4.96463792,-4.564634833655101,-0.2070171977636012,-0.1929858885812979,-0.1965052429769066,0.0035193543956087148,0.0038536673381649104,-0.1926515756387417,-4.9643036070574444,0.0003343129425559255,0.0003343129425559255
beta-TiV,500,23,beta-TiV__500,2,-4.96463792,-4.564563687444259,-0.2070171977636012,-0.1930570347921397,-0.1965052429769066,0.0034482081847669044,0.0037002610231981203,-0.1928049819537085,-4.964385867161569,0.00025205283843110493,0.00025205283843110493
beta-TiV,500,24,beta-TiV__500,2,-4.96463792,-4.565182856334937,-0.2070171977636012,-0.1924378659014619,-0.1965052429769066,0.004067377075444717,0.003981646675774426,-0.1925235963011322,-4.964723650399671,-8.573039967085805e-05,8.573039967085805e-05
beta-TiV,500,25,beta-TiV__500,2,-4.96463792,-4.564979478421949,-0.2070171977636012,-0.1926412438144498,-0.1965052429769066,0.003863999162456805,0.003793109337754395,-0.1927121336391522,-4.964708809824703,-7.088982470282446e-05,7.088982470282446e-05
beta-TiV,500,26,beta-TiV__500,2,-4.96463792,-4.565091449760984,-0.2070171977636012,-0.1925292724754153,-0.1965052429769066,0.003975970501491316,0.0038319195417226065,-0.192673323435184,-4.964781970959769,-0.0001440509597685491,0.0001440509597685491
beta-TiV,500,27,beta-TiV__500,2,-4.96463792,-4.565134783929128,-0.2070171977636012,-0.1924859383072708,-0.1965052429769066,0.00401930466963582,0.00374199717221062,-0.19276324580469598,-4.964915227497426,-0.0002773074974253831,0.0002773074974253831
beta-TiV,500,28,beta-TiV__500,2,-4.96463792,-4.564765217585616,-0.2070171977636012,-0.1928555046507834,-0.1965052429769066,0.0036497383261231975,0.003887703635303841,-0.19261753934160278,-4.96439995469082,0.00023796530918041015,0.00023796530918041015
beta-TiV,500,29,beta-TiV__500,2,-4.96463792,-4.564697615870534,-0.2070171977636012,-0.1929231063658652,-0.1965052429769066,0.0035821366110413977,0.003835996363625653,-0.19266924661328094,-4.964384060247417,0.00025385975258362947,0.00025385975258362947
beta-TiV,500,30,beta-TiV__500,2,-4.96463792,-4.564826420247018,-0.2070171977636012,-0.1927943019893814,-0.1965052429769066,0.0037109409875251964,0.003951899009849683,-0.19255334396705692,-4.964396961977676,0.0002409580223243779,0.0002409580223243779
beta-TiV,500,31,beta-TiV__500,2,-4.96463792,-4.565050970853869,-0.2070171977636012,-0.1925697513825304,-0.1965052429769066,0.0039354915943762,0.0037879746028055164,-0.19271726837410108,-4.964785436991571,-0.00014751699157056208,0.00014751699157056208
beta-TiV,500,32,beta-TiV__500,2,-4.96463792,-4.564967123808027,-0.2070171977636012,-0.1926535984283719,-0.1965052429769066,0.003851644548534705,0.003926368770787878,-0.19257887420611872,-4.964563195777747,7.472422225340836e-05,7.472422225340836e-05
beta-TiV,500,33,beta-TiV__500,2,-4.96463792,-4.565132678546984,-0.2070171977636012,-0.192488043689415,-0.1965052429769066,0.004017199287491613,0.003840732188760877,-0.19266451078814573,-4.964814387098731,-0.00017646709873098132,0.00017646709873098132
beta-TiV,500,34,beta-TiV__500,2,-4.96463792,-4.564878045082053,-0.2070171977636012,-0.1927426771543461,-0.1965052429769066,0.003762565822560515,0.003876191696034318,-0.1926290512808723,-4.964524294126527,0.00011362587347374387,0.00011362587347374387
beta-TiV,500,35,beta-TiV__500,2,-4.96463792,-4.564653302145943,-0.2070171977636012,-0.1929674200904563,-0.1965052429769066,0.003537822886450298,0.003842640357813967,-0.19266260261909265,-4.964333102528637,0.00030481747136335,0.00030481747136335
beta-TiV,500,36,beta-TiV__500,2,-4.96463792,-4.564828348215236,-0.2070171977636012,-0.1927923740211635,-0.1965052429769066,0.003712868955743104,0.003913214580427261,-0.19259202839647935,-4.964437574375316,0.0002003456246839619,0.0002003456246839619
beta-TiV,500,37,beta-TiV__500,2,-4.96463792,-4.564607639920413,-0.2070171977636012,-0.1930130823159859,-0.1965052429769066,0.003492160660920701,0.0036778405349165073,-0.1928274024419901,-4.964452240126005,0.00018567987399542574,0.00018567987399542574
beta-TiV,500,38,beta-TiV__500,2,-4.96463792,-4.565237088959157,-0.2070171977636012,-0.192383633277242,-0.1965052429769066,0.004121609699664602,0.0037860801058927675,-0.19271916287101384,-4.9649734495937725,-0.00033552959377214364,0.00033552959377214364
beta-TiV,500,39,beta-TiV__500,2,-4.96463792,-4.565021067093864,-0.2070171977636012,-0.1925996551425355,-0.1965052429769066,0.003905587834371116,0.004096734587961763,-0.19240850838894485,-4.96444677324641,0.00019114675359066524,0.00019114675359066524
beta-TiV,500,40,beta-TiV__500,2,-4.96463792,-4.5647259077683575,-0.2070171977636012,-0.1928948144680416,-0.1965052429769066,0.0036104285088650045,0.0038068982199997697,-0.19269834475690684,-4.964441450288866,0.0001964697111347391,0.0001964697111347391
beta-TiV,500,41,beta-TiV__500,2,-4.96463792,-4.56495391405589,-0.2070171977636012,-0.1926668081805094,-0.1965052429769066,0.0038384347963972,0.003707922843225015,-0.1927973201336816,-4.964768431953173,-0.00013051195317270725,0.00013051195317270725
beta-TiV,500,42,beta-TiV__500,2,-4.96463792,-4.5645798632783166,-0.2070171977636012,-0.1930408589580826,-0.1965052429769066,0.0034643840188240127,0.004049204703093429,-0.1924560382738132,-4.9640530993157315,0.0005848206842689052,0.0005848206842689052
beta-TiV,500,43,beta-TiV__500,2,-4.96463792,-4.565008638774497,-0.2070171977636012,-0.1926120834619021,-0.1965052429769066,0.0038931595150045184,0.0039664719887407265,-0.19253877098816588,-4.964564607526264,7.331247373620897e-05,7.331247373620897e-05
beta-TiV,500,44,beta-TiV__500,2,-4.96463792,-4.564597703241066,-0.2070171977636012,-0.1930230189953328,-0.1965052429769066,0.003482223981573801,0.003871675965410798,-0.1926335670114958,-4.964248468016164,0.00038945198383633084,0.00038945198383633084
beta-TiV,500,45,beta-TiV__500,2,-4.96463792,-4.564936136651883,-0.2070171977636012,-0.1926845855845161,-0.1965052429769066,0.003820657392390514,0.003937965147068799,-0.19256727782983782,-4.964520612245322,0.00011730775467810872,0.00011730775467810872
beta-TiV,500,46,beta-TiV__500,2,-4.96463792,-4.565064822392408,-0.2070171977636012,-0.1925558998439911,-0.1965052429769066,0.003949343132915506,0.003979952898300787,-0.19252529007860583,-4.964607310234615,3.060976538549198e-05,3.060976538549198e-05
beta-TiV,500,47,beta-TiV__500,2,-4.96463792,-4.565099080263713,-0.2070171977636012,-0.1925216419726861,-0.1965052429769066,0.003983601004220516,0.0038381294145168497,-0.19266711356238975,-4.964783391589704,-0.00014547158970401597,0.00014547158970401597
beta-TiV,500,48,beta-TiV__500,2,-4.96463792,-4.565021193027814,-0.2070171977636012,-0.1925995292085852,-0.1965052429769066,0.0039057137683214116,0.0038177999267576933,-0.19268744305014893,-4.964725833841564,-8.791384156392468e-05,8.791384156392468e-05
beta-TiV,500,49,beta-TiV__500,2,-4.96463792,-4.565176105137141,-0.2070171977636012,-0.1924446170992582,-0.1965052429769066,0.0040606258776484105,0.0037929629192219616,-0.19271228005768465,-4.964905582958427,-0.00026766295842683974,0.00026766295842683974
beta-TiV,500,50,beta-TiV__500,2,-4.96463792,-4.564979745886122,-0.2070171977636012,-0.1926409763502772,-0.1965052429769066,0.00386426662662942,0.003825985675278417,-0.1926792573016282,-4.964676200951351,-3.828095135105514e-05,3.828095135105514e-05
beta-TiV,500,51,beta-TiV__500,2,-4.96463792,-4.564939143868294,-0.2070171977636012,-0.1926815783681051,-0.1965052429769066,0.0038236646088015136,0.00391002494019827,-0.19259521803670834,-4.964551559668604,8.636033139630683e-05,8.636033139630683e-05
beta-TiV,500,52,beta-TiV__500,2,-4.96463792,-4.565287762005518,-0.2070171977636012,-0.1923329602308812,-0.1965052429769066,0.0041722827460254075,0.003975549201540883,-0.19252969377536572,-4.964834653544485,-0.00019673354448457303,0.00019673354448457303
beta-TiV,500,53,beta-TiV__500,2,-4.96463792,-4.565050598688483,-0.2070171977636012,-0.192570123547916,-0.1965052429769066,0.003935119428990608,0.003843442204246702,-0.1926618007726599,-4.9647295972247445,-9.167722474412443e-05,9.167722474412443e-05
beta-TiV,500,54,beta-TiV__500,2,-4.96463792,-4.565018611925603,-0.2070171977636012,-0.1926021103107962,-0.1965052429769066,0.0039031326661104204,0.003815286100793202,-0.1926899568761134,-4.9647257665653175,-8.784656531712898e-05,8.784656531712898e-05
beta-TiV,500,55,beta-TiV__500,2,-4.96463792,-4.564928653761615,-0.2070171977636012,-0.1926920684747844,-0.1965052429769066,0.0038131745021222074,0.003741491429826058,-0.19276375154708056,-4.964709603072297,-7.168307229665771e-05,7.168307229665771e-05
beta-TiV,500,56,beta-TiV__500,2,-4.96463792,-4.564990712888374,-0.2070171977636012,-0.1926300093480251,-0.1965052429769066,0.003875233628881508,0.0036621588121696276,-0.19284308416473697,-4.964850994816713,-0.0002130748167123997,0.0002130748167123997
beta-TiV,500,57,beta-TiV__500,2,-4.96463792,-4.564614116056455,-0.2070171977636012,-0.1930066061799443,-0.1965052429769066,0.003498636796962301,0.0038261858101208105,-0.1926790571667858,-4.964310370986842,0.00032754901315801277,0.00032754901315801277
beta-TiV,500,58,beta-TiV__500,2,-4.96463792,-4.5652486675545205,-0.2070171977636012,-0.1923720546818786,-0.1965052429769066,0.004133188295028012,0.003766700877884019,-0.19273854209902258,-4.965004407417145,-0.00036648741714451205,0.00036648741714451205
beta-TiV,500,59,beta-TiV__500,2,-4.96463792,-4.5649159245091315,-0.2070171977636012,-0.1927047977272676,-0.1965052429769066,0.0038004452496390173,0.003951106663455323,-0.19255413631345128,-4.964487258586185,0.00015066141381581133,0.00015066141381581133
beta-TiV,500,60,beta-TiV__500,2,-4.96463792,-4.564920033527815,-0.2070171977636012,-0.1927006887085841,-0.1965052429769066,0.0038045542683225186,0.003932441396539059,-0.19257280158036755,-4.964510032871784,0.00012788712821620862,0.00012788712821620862
beta-TiV,500,61,beta-TiV__500,2,-4.96463792,-4.564536542014576,-0.2070171977636012,-0.1930841802218233,-0.1965052429769066,0.003421062755083304,0.00374809750322338,-0.19275714547368322,-4.9643108852518605,0.0003270347481398872,0.0003270347481398872
beta-TiV,500,62,beta-TiV__500,2,-4.96463792,-4.565117414445648,-0.2070171977636012,-0.1925033077907508,-0.1965052429769066,0.004001935186155797,0.0038701579095493472,-0.19263508506735727,-4.964769697276607,-0.00013177727660629301,0.00013177727660629301
beta-TiV,500,63,beta-TiV__500,2,-4.96463792,-4.565074449363929,-0.2070171977636012,-0.1925462728724699,-0.1965052429769066,0.003958970104436715,0.003821615519215317,-0.1926836274576913,-4.964775274585222,-0.00013735458522123878,0.00013735458522123878
beta-TiV,500,64,beta-TiV__500,2,-4.96463792,-4.565178052586265,-0.2070171977636012,-0.1924426696501345,-0.1965052429769066,0.004062573326772095,0.0038801674768501417,-0.19262507550005648,-4.964820325849923,-0.0001824058499222403,0.0001824058499222403
beta-TiV,500,65,beta-TiV__500,2,-4.96463792,-4.5652868308008605,-0.2070171977636012,-0.1923338914355386,-0.1965052429769066,0.004171351541367996,0.0036357188970416836,-0.19286952407986493,-4.965173552644327,-0.0005356326443264336,0.0005356326443264336
beta-TiV,500,66,beta-TiV__500,2,-4.96463792,-4.565053216471273,-0.2070171977636012,-0.1925675057651264,-0.1965052429769066,0.003937737211780201,0.0038455315676647027,-0.1926597114092419,-4.964730125644116,-9.220564411549503e-05,9.220564411549503e-05
beta-TiV,500,67,beta-TiV__500,2,-4.96463792,-4.565152038385529,-0.2070171977636012,-0.1924686838508703,-0.1965052429769066,0.004036559126036315,0.003687812511638546,-0.19281743046526806,-4.964986666614398,-0.00034874661439765475,0.00034874661439765475
beta-TiV,500,68,beta-TiV__500,2,-4.96463792,-4.564823620309575,-0.2070171977636012,-0.1927971019268242,-0.1965052429769066,0.0037081410500824086,0.00398598027118549,-0.19251926270572112,-4.9643600807788975,0.0002778392211029157,0.0002778392211029157
beta-TiV,500,69,beta-TiV__500,2,-4.96463792,-4.564542245562638,-0.2070171977636012,-0.193078476673761,-0.1965052429769066,0.0034267663031456175,0.003996771916509684,-0.19250847106039692,-4.964067914386637,0.0005700056133637332,0.0005700056133637332
beta-TiV,500,70,beta-TiV__500,2,-4.96463792,-4.565007494370785,-0.2070171977636012,-0.1926132278656143,-0.1965052429769066,0.0038920151112923074,0.003799011682456876,-0.19270623129444972,-4.964730923428836,-9.300342883555857e-05,9.300342883555857e-05
beta-TiV,500,71,beta-TiV__500,2,-4.96463792,-4.565113533600617,-0.2070171977636012,-0.1925071886357819,-0.1965052429769066,0.003998054341124713,0.0036988186422320323,-0.19280642433467457,-4.964937155698894,-0.0002992356988933409,0.0002992356988933409
beta-TiV,500,72,beta-TiV__500,2,-4.96463792,-4.564786898476376,-0.2070171977636012,-0.1928338237600234,-0.1965052429769066,0.003671419216883215,0.003870340127644852,-0.19263490284926177,-4.964438999089239,0.0001989209107611245,0.0001989209107611245
beta-TiV,500,73,beta-TiV__500,2,-4.96463792,-4.564928960240127,-0.2070171977636012,-0.1926917619962725,-0.1965052429769066,0.0038134809806341097,0.003884477225621106,-0.1926207657512855,-4.964566923755013,7.0996244986965e-05,7.0996244986965e-05
beta-TiV,500,74,beta-TiV__500,2,-4.96463792,-4.5651012801402535,-0.2070171977636012,-0.1925194420961456,-0.1965052429769066,0.0039858008807610035,0.003941316564530811,-0.1925639264123758,-4.964682404316231,-4.4484316230608556e-05,4.4484316230608556e-05
beta-TiV,500,75,beta-TiV__500,2,-4.96463792,-4.565065915618614,-0.2070171977636012,-0.1925548066177847,-0.1965052429769066,0.0039504363591219005,0.00398158526447278,-0.19252365771243382,-4.964606771094649,3.114890535105275e-05,3.114890535105275e-05
beta-TiV,500,76,beta-TiV__500,2,-4.96463792,-4.564545129151085,-0.2070171977636012,-0.1930755930853139,-0.1965052429769066,0.0034296498915926954,0.003860745419361595,-0.192644497557545,-4.964206824472232,0.00043109552776865456,0.00043109552776865456
beta-TiV,500,77,beta-TiV__500,2,-4.96463792,-4.565290671409151,-0.2070171977636012,-0.1923300508272485,-0.1965052429769066,0.0041751921496581135,0.003967532902567694,-0.19253771007433892,-4.964845579247091,-0.00020765924709031935,0.00020765924709031935
beta-TiV,500,78,beta-TiV__500,2,-4.96463792,-4.564688569818081,-0.2070171977636012,-0.1929321524183181,-0.1965052429769066,0.0035730905585885098,0.003841307437619349,-0.19266393553928726,-4.96436970312097,0.00026821687903044733,0.00026821687903044733
beta-TiV,500,79,beta-TiV__500,2,-4.96463792,-4.564667462343776,-0.2070171977636012,-0.1929532598926234,-0.1965052429769066,0.0035519830842832,0.004131518831167038,-0.19237372414573958,-4.964058384253117,0.0005795357468834084,0.0005795357468834084
beta-TiV,500,80,beta-TiV__500,2,-4.96463792,-4.564911286802428,-0.2070171977636012,-0.1927094354339707,-0.1965052429769066,0.003795807542935903,0.003937568126028177,-0.19256767485087842,-4.964496159416909,0.00014176058309178785,0.00014176058309178785
beta-TiV,500,81,beta-TiV__500,2,-4.96463792,-4.564985288235298,-0.2070171977636012,-0.1926354340011012,-0.1965052429769066,0.003869808975805411,0.00383163825206927,-0.19267360472483733,-4.964676090723737,-3.8170723736463685e-05,3.8170723736463685e-05
beta-TiV,500,82,beta-TiV__500,2,-4.96463792,-4.565305813598857,-0.2070171977636012,-0.192314908637542,-0.1965052429769066,0.00419033433936461,0.003838144293908525,-0.19266709868299808,-4.9649901100454565,-0.00035219004545616883,0.00035219004545616883
beta-TiV,500,83,beta-TiV__500,2,-4.96463792,-4.564529943445291,-0.2070171977636012,-0.1930907787911081,-0.1965052429769066,0.0034144641857985214,0.003918888027722553,-0.19258635494918405,-4.964133496158077,0.000504423841923618,0.000504423841923618
beta-TiV,500,84,beta-TiV__500,2,-4.96463792,-4.564748130430755,-0.2070171977636012,-0.1928725918056442,-0.1965052429769066,0.0036326511712624077,0.0038079112161191076,-0.1926973317607875,-4.964462659955144,0.00017526004485635127,0.00017526004485635127
beta-TiV,500,85,beta-TiV__500,2,-4.96463792,-4.5646193802508925,-0.2070171977636012,-0.1930013419855066,-0.1965052429769066,0.003503900991399994,0.003829152483683758,-0.19267609049322285,-4.964312668507717,0.00032525149228312955,0.00032525149228312955
beta-TiV,500,86,beta-TiV__500,2,-4.96463792,-4.565231771339027,-0.2070171977636012,-0.192388950897372,-0.1965052429769066,0.004116292079534595,0.004085960530443378,-0.19241928244646322,-4.964668251549092,-3.033154909193314e-05,3.033154909193314e-05
beta-TiV,500,87,beta-TiV__500,2,-4.96463792,-4.564739745374504,-0.2070171977636012,-0.1928809768618953,-0.1965052429769066,0.003624266115011321,0.003912965474486719,-0.1925922775024199,-4.964349220640525,0.0002886993594755083,0.0002886993594755083
beta-TiV,500,88,beta-TiV__500,2,-4.96463792,-4.565283101221056,-0.2070171977636012,-0.1923376210153427,-0.1965052429769066,0.004167621961563894,0.0039398231266366554,-0.19256541985026995,-4.964865718834928,-0.00022779883492773934,0.00022779883492773934
beta-TiV,500,89,beta-TiV__500,2,-4.96463792,-4.56493917909309,-0.2070171977636012,-0.1926815431433087,-0.1965052429769066,0.003823699833597899,0.003766250643539994,-0.1927389923333666,-4.964695369190059,-5.744919005845617e-05,5.744919005845617e-05
beta-TiV,500,90,beta-TiV__500,2,-4.96463792,-4.565172452034761,-0.2070171977636012,-0.1924482702016379,-0.1965052429769066,0.004056972775268702,0.0038053059905111017,-0.1926999369863955,-4.964889586784758,-0.0002516667847576315,0.0002516667847576315
beta-TiV,500,91,beta-TiV__500,2,-4.96463792,-4.56548756116061,-0.2070171977636012,-0.1921331610757895,-0.1965052429769066,0.0043720819011170975,0.003818240415576962,-0.19268700256132965,-4.96519176148554,-0.000553841485539941,0.000553841485539941
beta-TiV,500,92,beta-TiV__500,2,-4.96463792,-4.56502376352277,-0.2070171977636012,-0.1925969587136287,-0.1965052429769066,0.003908284263277911,0.004074092870656223,-0.1924311501062504,-4.964472111392622,0.00016580860737835934,0.00016580860737835934
beta-TiV,500,93,beta-TiV__500,2,-4.96463792,-4.56476621564015,-0.2070171977636012,-0.1928545065962493,-0.1965052429769066,0.003650736380657299,0.0038987670723803053,-0.19260647590452631,-4.964389889308277,0.0002480306917229669,0.0002480306917229669
beta-TiV,500,94,beta-TiV__500,2,-4.96463792,-4.564626845816923,-0.2070171977636012,-0.1929938764194763,-0.1965052429769066,0.003511366557430312,0.0038607923377197936,-0.1926444506391868,-4.964288494219711,0.0003494257802891809,0.0003494257802891809
beta-TiV,500,95,beta-TiV__500,2,-4.96463792,-4.565273400893422,-0.2070171977636012,-0.1923473213429772,-0.1965052429769066,0.004157921633929418,0.003960279441559488,-0.1925449635353471,-4.964835562192371,-0.00019764219237039526,0.00019764219237039526
beta-TiV,500,96,beta-TiV__500,2,-4.96463792,-4.564879070247681,-0.2070171977636012,-0.1927416519887182,-0.1965052429769066,0.0037635909881884033,0.0038866552319530958,-0.19261858774495352,-4.964514855756236,0.00012306424376440361,0.00012306424376440361
beta-TiV,500,97,beta-TiV__500,2,-4.96463792,-4.564616028730179,-0.2070171977636012,-0.19300469350622,-0.1965052429769066,0.0035005494706866203,0.003757704862336212,-0.1927475381145704,-4.964380764608351,0.0002571553916492775,0.0002571553916492775
beta-TiV,500,98,beta-TiV__500,2,-4.96463792,-4.565240678638801,-0.2070171977636012,-0.1923800435975978,-0.1965052429769066,0.004125199379308803,0.003826121422173253,-0.19267912155473335,-4.964936997957136,-0.000299077957135907,0.000299077957135907
beta-TiV,500,99,beta-TiV__500,2,-4.96463792,-4.564691267593533,-0.2070171977636012,-0.1929294546428662,-0.1965052429769066,0.003575788334040403,0.0038817622341640844,-0.19262348074274252,-4.964331946099877,0.00030597390012321313,0.00030597390012321313
beta-TiV,600,0,beta-TiV__600,1,-5.01175502,-4.508535675685898,-0.2070171977636012,-0.296202146550501,-0.30133392644009227,0.0051317798895912925,0.0055366806136630245,-0.29579724582642924,-5.011350119275928,0.00040490072407184385,0.00040490072407184385
beta-TiV,600,1,beta-TiV__600,1,-5.01175502,-4.508411862518235,-0.2070171977636012,-0.2963259597181634,-0.30133392644009227,0.00500796672192888,0.005161714032376984,-0.2961722124077153,-5.011601272689552,0.00015374731044826007,0.00015374731044826007
beta-TiV,600,2,beta-TiV__600,1,-5.01175502,-4.509262467083375,-0.2070171977636012,-0.2954753551530234,-0.30133392644009227,0.005858571287068848,0.005374196513203838,-0.29595972992688846,-5.012239394773865,-0.0004843747738654258,0.0004843747738654258
beta-TiV,600,3,beta-TiV__600,1,-5.01175502,-4.508810912656248,-0.2070171977636012,-0.2959269095801507,-0.30133392644009227,0.005407016859941549,0.005560703470799786,-0.2957732229692925,-5.011601333389142,0.00015368661085801705,0.00015368661085801705
beta-TiV,600,4,beta-TiV__600,1,-5.01175502,-4.508865241882101,-0.2070171977636012,-0.2958725803542975,-0.30133392644009227,0.005461346085794794,0.005385530901813149,-0.2959483955382791,-5.011830835183982,-7.581518398236398e-05,7.581518398236398e-05
beta-TiV,600,5,beta-TiV__600,1,-5.01175502,-4.5087368273951975,-0.2070171977636012,-0.296000994841201,-0.30133392644009227,0.005332931598891255,0.004862007897170558,-0.2964719185429217,-5.012225943701721,-0.00047092370172130416,0.00047092370172130416
beta-TiV,600,6,beta-TiV__600,1,-5.01175502,-4.508928652728184,-0.2070171977636012,-0.2958091695082142,-0.30133392644009227,0.005524756931878094,0.004838234172857139,-0.29649569226723516,-5.012441542759021,-0.0006865227590209244,0.0006865227590209244
beta-TiV,600,7,beta-TiV__600,1,-5.01175502,-4.508914285954385,-0.2070171977636012,-0.2958235362820132,-0.30133392644009227,0.0055103901580790815,0.00536736534784364,-0.2959665610922486,-5.011898044810236,-0.00014302481023609204,0.00014302481023609204
beta-TiV,600,8,beta-TiV__600,1,-5.01175502,-4.508880221245482,-0.2070171977636012,-0.2958576009909167,-0.30133392644009227,0.00547632544917559,0.005298643725440318,-0.29603528271465196,-5.011932701723735,-0.00017768172373511248,0.00017768172373511248
beta-TiV,600,9,beta-TiV__600,1,-5.01175502,-4.509014692190011,-0.2070171977636012,-0.2957231300463879,-0.30133392644009227,0.005610796393704376,0.005279225090688303,-0.296054701349404,-5.012086591303016,-0.00033157130301653126,0.00033157130301653126
beta-TiV,600,10,beta-TiV__600,1,-5.01175502,-4.50916156588986,-0.2070171977636012,-0.2955762563465385,-0.30133392644009227,0.005757670093553768,0.005265023295044758,-0.2960689031450475,-5.012247666798509,-0.0004926467985093552,0.0004926467985093552
beta-TiV,600,11,beta-TiV__600,1,-5.01175502,-4.5090672415926,-0.2070171977636012,-0.2956705806437985,-0.30133392644009227,0.005663345796293795,0.005521345765378886,-0.2958125806747134,-5.011897020030915,-0.0001420000309151348,0.0001420000309151348
beta-TiV,600,12,beta-TiV__600,1,-5.01175502,-4.508854769381495,-0.2070171977636012,-0.2958830528549037,-0.30133392644009227,0.005450873585188587,0.005320633113414714,-0.29601329332667753,-5.011885260471774,-0.00013024047177445652,0.00013024047177445652
beta-TiV,600,13,beta-TiV__600,1,-5.01175502,-4.508588069390913,-0.2070171977636012,-0.2961497528454855,-0.30133392644009227,0.005184173594606767,0.00494663884927069,-0.29638728759082156,-5.011992554745336,-0.0002375347453362764,0.0002375347453362764
beta-TiV,600,14,beta-TiV__600,1,-5.01175502,-4.509024394983557,-0.2070171977636012,-0.2957134272528415,-0.30133392644009227,0.0056204991872507715,0.005573267116488979,-0.2957606593236033,-5.011802252070762,-4.723207076207103e-05,4.723207076207103e-05
beta-TiV,600,15,beta-TiV__600,1,-5.01175502,-4.508638240327478,-0.2070171977636012,-0.2960995819089203,-0.30133392644009227,0.005234344531171997,0.005139543117224362,-0.2961943833228679,-5.011849821413947,-9.480141394746511e-05,9.480141394746511e-05
beta-TiV,600,16,beta-TiV__600,1,-5.01175502,-4.509172271942214,-0.2070171977636012,-0.2955655502941846,-0.30133392644009227,0.005768376145907694,0.005667997127981983,-0.2956659293121103,-5.011855399017926,-0.00010037901792614434,0.00010037901792614434
beta-TiV,600,17,beta-TiV__600,1,-5.01175502,-4.508910196659569,-0.2070171977636012,-0.2958276255768298,-0.30133392644009227,0.005506300863262481,0.005867732946010531,-0.29546619349408176,-5.011393587917252,0.00036143208274808103,0.00036143208274808103
beta-TiV,600,18,beta-TiV__600,1,-5.01175502,-4.509137737499,-0.2070171977636012,-0.295600084737399,-0.30133392644009227,0.005733841702693254,0.0055347735986006185,-0.29579915284149166,-5.011954088104093,-0.000199068104093314,0.000199068104093314
beta-TiV,600,19,beta-TiV__600,1,-5.01175502,-4.508705745213462,-0.2070171977636012,-0.296032077022937,-0.30133392644009227,0.00530184941715528,0.005464708545184083,-0.29586921789490817,-5.011592160871971,0.00016285912802871394,0.00016285912802871394
beta-TiV,600,20,beta-TiV__600,1,-5.01175502,-4.508509577016207,-0.2070171977636012,-0.2962282452201912,-0.30133392644009227,0.00510568121990107,0.005155349958223365,-0.2961785764818689,-5.011705351261678,4.966873832223939e-05,4.966873832223939e-05
beta-TiV,600,21,beta-TiV__600,1,-5.01175502,-4.508462644113943,-0.2070171977636012,-0.2962751781224553,-0.30133392644009227,0.005058748317636974,0.0054039133669937355,-0.2959300130730985,-5.011409854950643,0.00034516504935666603,0.00034516504935666603
beta-TiV,600,22,beta-TiV__600,1,-5.01175502,-4.5089334267857675,-0.2070171977636012,-0.2958043954506311,-0.30133392644009227,0.005529530989461184,0.0056923205827972894,-0.295641605857295,-5.011592230406664,0.00016278959333604348,0.00016278959333604348
beta-TiV,600,23,beta-TiV__600,1,-5.01175502,-4.5084914713686235,-0.2070171977636012,-0.2962463508677751,-0.30133392644009227,0.005087575572317149,0.0049933731227894814,-0.2963405533173028,-5.011849222449528,-9.420244952806911e-05,9.420244952806911e-05
beta-TiV,600,24,beta-TiV__600,1,-5.01175502,-4.508649292869717,-0.2070171977636012,-0.2960885293666815,-0.30133392644009227,0.0052453970734107624,0.005249743796492518,-0.29608418264359976,-5.011750673276918,4.346723081916082e-06,4.346723081916082e-06
beta-TiV,600,25,beta-TiV__600,1,-5.01175502,-4.508589263579399,-0.2070171977636012,-0.2961485586569997,-0.30133392644009227,0.005185367783092587,0.004902723561855606,-0.29643120287823665,-5.012037664221237,-0.00028264422123758237,0.00028264422123758237
beta-TiV,600,26,beta-TiV__600,1,-5.01175502,-4.508861823552306,-0.2070171977636012,-0.2958759986840927,-0.30133392644009227,0.00545792775599957,0.0052298429719861116,-0.2961040834681062,-5.011983104784013,-0.00022808478401348253,0.00022808478401348253
beta-TiV,600,27,beta-TiV__600,1,-5.01175502,-4.508719897742113,-0.2070171977636012,-0.2960179244942858,-0.30133392644009227,0.005316001945806448,0.005486663635178438,-0.29584726280491386,-5.011584358310628,0.0001706616893715207,0.0001706616893715207
beta-TiV,600,28,beta-TiV__600,1,-5.01175502,-4.508904813156615,-0.2070171977636012,-0.2958330090797834,-0.30133392644009227,0.005500917360308888,0.005116152721932605,-0.29621777371815966,-5.012139784638376,-0.00038476463837611163,0.00038476463837611163
beta-TiV,600,29,beta-TiV__600,1,-5.01175502,-4.508927785936202,-0.2070171977636012,-0.2958100363001963,-0.30133392644009227,0.0055238901398959595,0.004760593764932006,-0.2965733326751603,-5.012518316374964,-0.0007632963749637511,0.0007632963749637511
beta-TiV,600,30,beta-TiV__600,1,-5.01175502,-4.508947406341086,-0.2070171977636012,-0.2957904158953124,-0.30133392644009227,0.005543510544779862,0.005417307871930064,-0.2959166185681622,-5.01188122267285,-0.0001262026728499066,0.0001262026728499066
beta-TiV,600,31,beta-TiV__600,1,-5.01175502,-4.5086366235108155,-0.2070171977636012,-0.2961011987255831,-0.30133392644009227,0.005232727714509167,0.005246058355401584,-0.2960878680846907,-5.011741689359107,1.3330640892483814e-05,1.3330640892483814e-05
beta-TiV,600,32,beta-TiV__600,1,-5.01175502,-4.508572851676488,-0.2070171977636012,-0.296164970559911,-0.30133392644009227,0.005168955880181292,0.005256261194354039,-0.29607766524573825,-5.011667714685827,8.730531417278087e-05,8.730531417278087e-05
beta-TiV,600,33,beta-TiV__600,1,-5.01175502,-4.509291624779377,-0.2070171977636012,-0.2954461974570218,-0.30133392644009227,0.005887728983070495,0.004804678602617489,-0.2965292478374748,-5.012838070380453,-0.0010830503804530878,0.0010830503804530878
beta-TiV,600,34,beta-TiV__600,1,-5.01175502,-4.508779252198785,-0.2070171977636012,-0.2959585700376135,-0.30133392644009227,0.00537535640247877,0.004850833163041989,-0.2964830932770503,-5.012279543239437,-0.0005245232394370802,0.0005245232394370802
beta-TiV,600,35,beta-TiV__600,1,-5.01175502,-4.508692994758003,-0.2070171977636012,-0.2960448274783956,-0.30133392644009227,0.005289098961696659,0.005746291761971035,-0.2955876346781212,-5.0112978271997255,0.00045719280027434195,0.00045719280027434195
beta-TiV,600,36,beta-TiV__600,1,-5.01175502,-4.508370302314854,-0.2070171977636012,-0.2963675199215443,-0.30133392644009227,0.004966406518547961,0.005213826589160164,-0.29612009985093213,-5.011507599929388,0.0002474200706119589,0.0002474200706119589
beta-TiV,600,37,beta-TiV__600,1,-5.01175502,-4.508537129597502,-0.2070171977636012,-0.2962006926388965,-0.30133392644009227,0.005133233801195791,0.0057067921284962185,-0.29562713431159604,-5.0111814616727,0.0005735583273001055,0.0005735583273001055
beta-TiV,600,38,beta-TiV__600,1,-5.01175502,-4.508244775380852,-0.2070171977636012,-0.2964930468555463,-0.30133392644009227,0.004840879584545987,0.004785482766397728,-0.29654844367369454,-5.0118104168181485,-5.539681814870079e-05,5.539681814870079e-05
beta-TiV,600,39,beta-TiV__600,1,-5.01175502,-4.508694916060302,-0.2070171977636012,-0.296042906176097,-0.30133392644009227,0.00529102026399525,0.0054970878343653185,-0.29583683860572696,-5.01154895242963,0.00020606757037011647,0.00020606757037011647
beta-TiV,600,40,beta-TiV__600,1,-5.01175502,-4.508993206041718,-0.2070171977636012,-0.2957446161946804,-0.30133392644009227,0.0055893102454118715,0.005271347110102261,-0.29606257932999,-5.01207298313531,-0.00031796313531007314,0.00031796313531007314
beta-TiV,600,41,beta-TiV__600,1,-5.01175502,-4.509349797497415,-0.2070171977636012,-0.2953880247389835,-0.30133392644009227,0.005945901701108758,0.0052219804651271445,-0.29611194597496515,-5.012478941235981,-0.0007239212359815284,0.0007239212359815284
beta-TiV,600,42,beta-TiV__600,1,-5.01175502,-4.508690613264003,-0.2070171977636012,-0.2960472089723958,-0.30133392644009227,0.005286717467696489,0.004935736054536784,-0.2963981903855555,-5.0121060014131595,-0.0003509814131597011,0.0003509814131597011
beta-TiV,600,43,beta-TiV__600,1,-5.01175502,-4.50878788402393,-0.2070171977636012,-0.2959499382124682,-0.30133392644009227,0.0053839882276240925,0.005514842461750346,-0.29581908397834195,-5.011624165765874,0.00013085423412562136,0.00013085423412562136
beta-TiV,600,44,beta-TiV__600,1,-5.01175502,-4.50911015440125,-0.2070171977636012,-0.2956276678351489,-0.30133392644009227,0.005706258604943393,0.005825983041690417,-0.29550794339840186,-5.011635295563253,0.00011972443674679312,0.00011972443674679312
beta-TiV,600,45,beta-TiV__600,1,-5.01175502,-4.508877484227618,-0.2070171977636012,-0.2958603380087806,-0.30133392644009227,0.005473588431311682,0.005198929289470595,-0.2961349971506217,-5.0120296791418415,-0.00027465914184165996,0.00027465914184165996
beta-TiV,600,46,beta-TiV__600,1,-5.01175502,-4.508835042828803,-0.2070171977636012,-0.2959027794075955,-0.30133392644009227,0.005431147032496753,0.005269371859540225,-0.29606455458055203,-5.011916795172956,-0.00016177517295634658,0.00016177517295634658
beta-TiV,600,47,beta-TiV__600,1,-5.01175502,-4.5085907154431135,-0.2070171977636012,-0.2961471067932851,-0.30133392644009227,0.0051868196468071726,0.004823926446619777,-0.2965099999934725,-5.012117913200187,-0.000362893200187564,0.000362893200187564
beta-TiV,600,48,beta-TiV__600,1,-5.01175502,-4.509327558117153,-0.2070171977636012,-0.2954102641192453,-0.30133392644009227,0.005923662320846956,0.0051720267172433105,-0.29616189972284895,-5.0125066556036035,-0.0007516356036036953,0.0007516356036036953
beta-TiV,600,49,beta-TiV__600,1,-5.01175502,-4.508926093827185,-0.2070171977636012,-0.2958117284092137,-0.30133392644009227,0.005522198030878556,0.005644284204686661,-0.2956896422354056,-5.011632933826192,0.00012208617380782272,0.00012208617380782272
beta-TiV,600,50,beta-TiV__600,1,-5.01175502,-4.508784841158062,-0.2070171977636012,-0.2959529810783368,-0.30133392644009227,0.005380945361755485,0.005407123143684771,-0.2959268032964075,-5.011728842218071,2.617778192881559e-05,2.617778192881559e-05
beta-TiV,600,51,beta-TiV__600,1,-5.01175502,-4.508479365735467,-0.2070171977636012,-0.2962584565009314,-0.30133392644009227,0.005075469939160859,0.005205814616329423,-0.29612811182376286,-5.011624675322832,0.00013034467716810383,0.00013034467716810383
beta-TiV,600,52,beta-TiV__600,1,-5.01175502,-4.508897797023226,-0.2070171977636012,-0.2958400252131724,-0.30133392644009227,0.005493901226919895,0.005058962674421857,-0.2962749637656704,-5.012189958552498,-0.0004349385524982097,0.0004349385524982097
beta-TiV,600,53,beta-TiV__600,1,-5.01175502,-4.50895886795498,-0.2070171977636012,-0.2957789542814189,-0.30133392644009227,0.005554972158673344,0.0050600962824991986,-0.29627383015759307,-5.012249895876174,-0.000494875876174028,0.000494875876174028
beta-TiV,600,54,beta-TiV__600,1,-5.01175502,-4.5088874811820885,-0.2070171977636012,-0.2958503410543101,-0.30133392644009227,0.005483585385782197,0.005151415643781032,-0.29618251079631125,-5.012087189742001,-0.0003321697420011205,0.0003321697420011205
beta-TiV,600,55,beta-TiV__600,1,-5.01175502,-4.508744565934349,-0.2070171977636012,-0.2959932563020493,-0.30133392644009227,0.005340670138042958,0.00556807016548763,-0.29576585627460467,-5.011527619972555,0.0002274000274447019,0.0002274000274447019
beta-TiV,600,56,beta-TiV__600,1,-5.01175502,-4.508675872970903,-0.2070171977636012,-0.2960619492654957,-0.30133392644009227,0.005271977174596543,0.00527340854777868,-0.2960605178923136,-5.011753588626818,1.4313731817594544e-06,1.4313731817594544e-06
beta-TiV,600,57,beta-TiV__600,1,-5.01175502,-4.508661539191032,-0.2070171977636012,-0.2960762830453663,-0.30133392644009227,0.005257643394725953,0.005431692249961725,-0.29590223419013056,-5.011580971144764,0.0001740488552357533,0.0001740488552357533
beta-TiV,600,58,beta-TiV__600,1,-5.01175502,-4.508696922492377,-0.2070171977636012,-0.2960408997440214,-0.30133392644009227,0.005293026696070846,0.005651568486649587,-0.29568235795344266,-5.011396478209422,0.0003585417905780375,0.0003585417905780375
beta-TiV,600,59,beta-TiV__600,1,-5.01175502,-4.508843522551265,-0.2070171977636012,-0.2958942996851335,-0.30133392644009227,0.005439626754958793,0.005466511649629177,-0.2958674147904631,-5.011728135105329,2.688489467050914e-05,2.688489467050914e-05
beta-TiV,600,60,beta-TiV__600,1,-5.01175502,-4.508873039038338,-0.2070171977636012,-0.2958647831980603,-0.30133392644009227,0.00546914324203196,0.005183142167186625,-0.29615078427290564,-5.012041021074845,-0.0002860010748451103,0.0002860010748451103
beta-TiV,600,61,beta-TiV__600,1,-5.01175502,-4.509245612891952,-0.2070171977636012,-0.2954922093444463,-0.30133392644009227,0.00584171709564596,0.005568282972998936,-0.29576564346709333,-5.012028454122647,-0.0002734341226471315,0.0002734341226471315
beta-TiV,600,62,beta-TiV__600,1,-5.01175502,-4.50858518806822,-0.2070171977636012,-0.2961526341681789,-0.30133392644009227,0.005181292271913385,0.005079516813405984,-0.2962544096266863,-5.011856795458508,-0.00010177545850797998,0.00010177545850797998
beta-TiV,600,63,beta-TiV__600,1,-5.01175502,-4.508951230594451,-0.2070171977636012,-0.2957865916419478,-0.30133392644009227,0.005547334798144454,0.00553119960702659,-0.2958027268330657,-5.011771155191118,-1.6135191118316072e-05,1.6135191118316072e-05
beta-TiV,600,64,beta-TiV__600,1,-5.01175502,-4.5089865117332195,-0.2070171977636012,-0.2957513105031791,-0.30133392644009227,0.005582615936913171,0.005408328283137108,-0.2959255981569552,-5.0119293076537765,-0.00017428765377669464,0.00017428765377669464
beta-TiV,600,65,beta-TiV__600,1,-5.01175502,-4.50885780351084,-0.2070171977636012,-0.2958800187255586,-0.30133392644009227,0.00545390771453369,0.005183752859248508,-0.2961501735808438,-5.012025174855285,-0.000270154855285476,0.000270154855285476
beta-TiV,600,66,beta-TiV__600,1,-5.01175502,-4.509359015894813,-0.2070171977636012,-0.2953788063415852,-0.30133392644009227,0.005955120098507072,0.0057321087640543516,-0.29560181767603794,-5.011978031334452,-0.00022301133445257193,0.00022301133445257193
beta-TiV,600,67,beta-TiV__600,1,-5.01175502,-4.508585513949987,-0.2070171977636012,-0.296152308286412,-0.30133392644009227,0.00518161815368029,0.005387828740432016,-0.29594609769966024,-5.011548809413249,0.00020621058675107662,0.00020621058675107662
beta-TiV,600,68,beta-TiV__600,1,-5.01175502,-4.508996643589806,-0.2070171977636012,-0.2957411786465925,-0.30133392644009227,0.005592747793499775,0.005364750162534702,-0.2959691762775576,-5.011983017630965,-0.0002279976309651488,0.0002279976309651488
beta-TiV,600,69,beta-TiV__600,1,-5.01175502,-4.508405013420945,-0.2070171977636012,-0.2963328088154536,-0.30133392644009227,0.0050011176246386735,0.004788857177145685,-0.2965450692629466,-5.011967280447493,-0.0002122604474932288,0.0002122604474932288
beta-TiV,600,70,beta-TiV__600,1,-5.01175502,-4.509256462840685,-0.2070171977636012,-0.295481359395714,-0.30133392644009227,0.005852567044378254,0.005217282186067071,-0.2961166442540252,-5.012390304858311,-0.0006352848583111026,0.0006352848583111026
beta-TiV,600,71,beta-TiV__600,1,-5.01175502,-4.509027260017669,-0.2070171977636012,-0.2957105622187293,-0.30133392644009227,0.0056233642213629476,0.005192496814835538,-0.29614142962525675,-5.0121858874065275,-0.0004308674065276463,0.0004308674065276463
beta-TiV,600,72,beta-TiV__600,1,-5.01175502,-4.50933070476839,-0.2070171977636012,-0.2954071174680089,-0.30133392644009227,0.005926808972083364,0.005196715011298395,-0.2961372114287939,-5.0124851139607856,-0.000730093960785716,0.000730093960785716
beta-TiV,600,73,beta-TiV__600,1,-5.01175502,-4.508797767679435,-0.2070171977636012,-0.2959400545569635,-0.30133392644009227,0.005393871883128787,0.0057413140661548515,-0.2955926123739374,-5.011407577816974,0.00034744218302584784,0.00034744218302584784
beta-TiV,600,74,beta-TiV__600,1,-5.01175502,-4.508848699852125,-0.2070171977636012,-0.2958891223842735,-0.30133392644009227,0.005444804055818764,0.005637972025517638,-0.29569595441457464,-5.011561852030301,0.00019316796969892636,0.00019316796969892636
beta-TiV,600,75,beta-TiV__600,1,-5.01175502,-4.508998461409799,-0.2070171977636012,-0.2957393608265993,-0.30133392644009227,0.005594565613492974,0.005291428717217996,-0.2960424977228743,-5.012058156896275,-0.0003031368962753689,0.0003031368962753689
beta-TiV,600,76,beta-TiV__600,1,-5.01175502,-4.508722532796872,-0.2070171977636012,-0.2960152894395265,-0.30133392644009227,0.005318637000565785,0.00512804806983578,-0.29620587837025647,-5.01194560893073,-0.0001905889307298736,0.0001905889307298736
beta-TiV,600,77,beta-TiV__600,1,-5.01175502,-4.508851098635908,-0.2070171977636012,-0.2958867236004903,-0.30133392644009227,0.005447202839601983,0.005327859956780299,-0.29600606648331196,-5.011874362882821,-0.00011934288282144934,0.00011934288282144934
beta-TiV,600,78,beta-TiV__600,1,-5.01175502,-4.508960241970646,-0.2070171977636012,-0.2957775802657523,-0.30133392644009227,0.005556346174339977,0.005928325202868552,-0.2954056012372237,-5.011383040971472,0.0003719790285279245,0.0003719790285279245
beta-TiV,600,79,beta-TiV__600,1,-5.01175502,-4.50849983372788,-0.2070171977636012,-0.2962379885085185,-0.30133392644009227,0.005095937931573757,0.004833856097645972,-0.2965000703424463,-5.012017101833928,-0.0002620818339282849,0.0002620818339282849
beta-TiV,600,80,beta-TiV__600,1,-5.01175502,-4.508870823327232,-0.2070171977636012,-0.2958669989091665,-0.30133392644009227,0.005466927530925758,0.004646383525456432,-0.29668754291463584,-5.01257556400547,-0.0008205440054700475,0.0008205440054700475
beta-TiV,600,81,beta-TiV__600,1,-5.01175502,-4.508285719390446,-0.2070171977636012,-0.2964521028459528,-0.30133392644009227,0.004881823594139467,0.0060110959264752266,-0.295322830513617,-5.010625747667664,0.001129272332335951,0.001129272332335951
beta-TiV,600,82,beta-TiV__600,1,-5.01175502,-4.5087055422797455,-0.2070171977636012,-0.2960322799566531,-0.30133392644009227,0.005301646483439171,0.005853799611077966,-0.2954801268290143,-5.011202866872361,0.000552153127638455,0.000552153127638455
beta-TiV,600,83,beta-TiV__600,1,-5.01175502,-4.509026116463278,-0.2070171977636012,-0.2957117057731209,-0.30133392644009227,0.005622220666971378,0.005439368274083825,-0.29589455816600846,-5.011937872392887,-0.00018285239288751143,0.00018285239288751143
beta-TiV,600,84,beta-TiV__600,1,-5.01175502,-4.508743866380258,-0.2070171977636012,-0.2959939558561404,-0.30133392644009227,0.0053399705839518585,0.005104632133402211,-0.29622929430669004,-5.01199035845055,-0.0002353384505502376,0.0002353384505502376
beta-TiV,600,85,beta-TiV__600,1,-5.01175502,-4.508572008260447,-0.2070171977636012,-0.296165813975952,-0.30133392644009227,0.005168112464140284,0.005248205542233629,-0.2960857208978586,-5.0116749269219065,8.00930780933129e-05,8.00930780933129e-05
beta-TiV,600,86,beta-TiV__600,1,-5.01175502,-4.508246282583915,-0.2070171977636012,-0.2964915396524835,-0.30133392644009227,0.004842386787608788,0.005494470744952473,-0.2958394556951398,-5.011102936042656,0.0006520839573438408,0.0006520839573438408
beta-TiV,600,87,beta-TiV__600,1,-5.01175502,-4.508828322920993,-0.2070171977636012,-0.2959094993154053,-0.30133392644009227,0.005424427124686992,0.004997776490814287,-0.296336149949278,-5.012181670633873,-0.00042665063387303803,0.00042665063387303803
beta-TiV,600,88,beta-TiV__600,1,-5.01175502,-4.508976887943104,-0.2070171977636012,-0.295760934293295,-0.30133392644009227,0.005572992146797295,0.004811146273080063,-0.2965227801670122,-5.012516865873717,-0.000761845873717526,0.000761845873717526
beta-TiV,600,89,beta-TiV__600,1,-5.01175502,-4.508991239716185,-0.2070171977636012,-0.2957465825202139,-0.30133392644009227,0.0055873439198783625,0.005314949541220797,-0.29601897689887147,-5.012027414378657,-0.0002723943786575589,0.0002723943786575589
beta-TiV,600,90,beta-TiV__600,1,-5.01175502,-4.508664028406354,-0.2070171977636012,-0.2960737938300444,-0.30133392644009227,0.005260132610047874,0.005799353430326729,-0.29553457300976554,-5.0112157991797215,0.0005392208202783522,0.0005392208202783522
beta-TiV,600,91,beta-TiV__600,1,-5.01175502,-4.5089170972520005,-0.2070171977636012,-0.2958207249843981,-0.30133392644009227,0.005513201455694172,0.005426973305826998,-0.2959069531342653,-5.011841248149867,-8.622814986747329e-05,8.622814986747329e-05
beta-TiV,600,92,beta-TiV__600,1,-5.01175502,-4.508369054535969,-0.2070171977636012,-0.2963687677004299,-0.30133392644009227,0.0049651587396623564,0.0049335348519681434,-0.29640039158812415,-5.011786643887694,-3.162388769428759e-05,3.162388769428759e-05
beta-TiV,600,93,beta-TiV__600,1,-5.01175502,-4.508711531754123,-0.2070171977636012,-0.2960262904822753,-0.30133392644009227,0.00530763595781697,0.004626486779470713,-0.2967074396606216,-5.012436169178346,-0.0006811491783462742,0.0006811491783462742
beta-TiV,600,94,beta-TiV__600,1,-5.01175502,-4.50896462088439,-0.2070171977636012,-0.2957732013520087,-0.30133392644009227,0.005560725088083585,0.005163631714236652,-0.2961702947258556,-5.012152113373847,-0.0003970933738468574,0.0003970933738468574
beta-TiV,600,95,beta-TiV__600,1,-5.01175502,-4.508327661721612,-0.2070171977636012,-0.2964101605147864,-0.30133392644009227,0.004923765925305856,0.005318193240779531,-0.29601573319931274,-5.011360592684526,0.0003944273154736777,0.0003944273154736777
beta-TiV,600,96,beta-TiV__600,1,-5.01175502,-4.50892670790808,-0.2070171977636012,-0.2958111143283182,-0.30133392644009227,0.005522812111774078,0.005143769639800673,-0.2961901568002916,-5.012134062471974,-0.00037904247197406704,0.00037904247197406704
beta-TiV,600,97,beta-TiV__600,1,-5.01175502,-4.509207592304533,-0.2070171977636012,-0.2955302299318652,-0.30133392644009227,0.005803696508227096,0.005170525261510214,-0.29616340117858203,-5.012388191246717,-0.0006331712467169126,0.0006331712467169126
beta-TiV,600,98,beta-TiV__600,1,-5.01175502,-4.5085587930220985,-0.2070171977636012,-0.2961790292143001,-0.30133392644009227,0.005154897225792154,0.004933358208718589,-0.2964005682313737,-5.011976559017073,-0.0002215390170734466,0.0002215390170734466
beta-TiV,600,99,beta-TiV__600,1,-5.01175502,-4.508803795666953,-0.2070171977636012,-0.2959340265694455,-0.30133392644009227,0.005399899870646763,0.005258093528292938,-0.29607583291179934,-5.011896826342354,-0.00014180634235394507,0.00014180634235394507
beta-TiV,700,0,beta-TiV__700,0,-5.06352247,-4.453765152268065,-0.2070171977636012,-0.4027401199683338,-0.41598435352701774,0.013244233558683927,0.013106205426007782,-0.40287814810100997,-5.063660498132676,-0.00013802813267638214,0.00013802813267638214
beta-TiV,700,1,beta-TiV__700,0,-5.06352247,-4.4534037177823445,-0.2070171977636012,-0.403101554454054,-0.41598435352701774,0.012882799072963746,0.013171123965278586,-0.40281322956173915,-5.063234145107685,0.000288324892314229,0.000288324892314229
beta-TiV,700,2,beta-TiV__700,0,-5.06352247,-4.453664308465974,-0.2070171977636012,-0.402840963770424,-0.41598435352701774,0.013143389756593737,0.01178208117208053,-0.4042022723549372,-5.064883778584513,-0.0013613085845136652,0.0013613085845136652
beta-TiV,700,3,beta-TiV__700,0,-5.06352247,-4.453758127856032,-0.2070171977636012,-0.4027471443803663,-0.41598435352701774,0.01323720914665144,0.011909177257085773,-0.40407517626993195,-5.064850501889565,-0.0013280318895656507,0.0013280318895656507
beta-TiV,700,4,beta-TiV__700,0,-5.06352247,-4.454084517227692,-0.2070171977636012,-0.4024207550087067,-0.41598435352701774,0.013563598518311015,0.013229129423294494,-0.4027552241037232,-5.063856939095016,-0.0003344690950166651,0.0003344690950166651
beta-TiV,700,5,beta-TiV__700,0,-5.06352247,-4.453676324686776,-0.2070171977636012,-0.4028289475496225,-0.41598435352701774,0.01315540597739523,0.01267940388061053,-0.40330494964640723,-5.0639984720967846,-0.0004760020967848888,0.0004760020967848888
beta-TiV,700,6,beta-TiV__700,0,-5.06352247,-4.454522024877834,-0.2070171977636012,-0.4019832473585645,-0.41598435352701774,0.014001106168453237,0.012350918789918093,-0.4036334347370996,-5.065172657378535,-0.001650187378535506,0.001650187378535506
beta-TiV,700,7,beta-TiV__700,0,-5.06352247,-4.453384692369728,-0.2070171977636012,-0.40312057986667,-0.41598435352701774,0.012863773660347744,0.013101139346736235,-0.4028832141802815,-5.063285104313611,0.00023736568638899058,0.00023736568638899058
beta-TiV,700,8,beta-TiV__700,0,-5.06352247,-4.453758125546136,-0.2070171977636012,-0.4027471466902626,-0.41598435352701774,0.013237206836755111,0.013445804075494788,-0.40253854945152295,-5.0633138727612605,0.00020859723873911662,0.00020859723873911662
beta-TiV,700,9,beta-TiV__700,0,-5.06352247,-4.45401979363663,-0.2070171977636012,-0.4024854785997685,-0.41598435352701774,0.013498874927249216,0.012217874845693246,-0.4037664786813245,-5.064803470081556,-0.001281000081556627,0.001281000081556627
beta-TiV,700,10,beta-TiV__700,0,-5.06352247,-4.45413827625307,-0.2070171977636012,-0.4023669959833287,-0.41598435352701774,0.013617357543689035,0.012489009462172164,-0.40349534406484555,-5.064650818081517,-0.001128348081516961,0.001128348081516961
beta-TiV,700,11,beta-TiV__700,0,-5.06352247,-4.4538250287558405,-0.2070171977636012,-0.4026802434805579,-0.41598435352701774,0.013304110046459816,0.013575477043551365,-0.40240887648346635,-5.063251103002909,0.0002713669970910715,0.0002713669970910715
beta-TiV,700,12,beta-TiV__700,0,-5.06352247,-4.453962515361609,-0.2070171977636012,-0.4025427568747893,-0.41598435352701774,0.013441596652228438,0.013525666554160572,-0.40245868697285714,-5.063438400098068,8.40699019315494e-05,8.40699019315494e-05
beta-TiV,700,13,beta-TiV__700,0,-5.06352247,-4.454347308790497,-0.2070171977636012,-0.4021579634459019,-0.41598435352701774,0.013826390081115858,0.01330051089479946,-0.4026838426322183,-5.064048349186316,-0.0005258791863163026,0.0005258791863163026
beta-TiV,700,14,beta-TiV__700,0,-5.06352247,-4.454109859281037,-0.2070171977636012,-0.4023954129553611,-0.41598435352701774,0.01358894057165666,0.012991649044515021,-0.40299270448250274,-5.064119761527142,-0.000597291527141941,0.000597291527141941
beta-TiV,700,15,beta-TiV__700,0,-5.06352247,-4.453810311546131,-0.2070171977636012,-0.4026949606902675,-0.41598435352701774,0.013289392836750236,0.01328566884486352,-0.4026986846821542,-5.063526193991887,-3.7239918873055444e-06,3.7239918873055444e-06
beta-TiV,700,16,beta-TiV__700,0,-5.06352247,-4.4540252436847165,-0.2070171977636012,-0.4024800285516819,-0.41598435352701774,0.013504324975335824,0.013031028939377949,-0.40295332458763977,-5.063995766035958,-0.00047329603595791525,0.00047329603595791525
beta-TiV,700,17,beta-TiV__700,0,-5.06352247,-4.453338213962512,-0.2070171977636012,-0.4031670582738862,-0.41598435352701774,0.012817295253131522,0.0131417667519153,-0.40284258677510243,-5.0631979985012165,0.00032447149878311876,0.00032447149878311876
beta-TiV,700,18,beta-TiV__700,0,-5.06352247,-4.454105621064274,-0.2070171977636012,-0.4023996511721244,-0.41598435352701774,0.013584702354893341,0.012733293521374268,-0.4032510600056435,-5.064373878833519,-0.000851408833518974,0.000851408833518974
beta-TiV,700,19,beta-TiV__700,0,-5.06352247,-4.4534405299331725,-0.2070171977636012,-0.4030647423032259,-0.41598435352701774,0.012919611223791816,0.013018946466833903,-0.40296540706018386,-5.063423134756958,9.93352430418426e-05,9.93352430418426e-05
beta-TiV,700,20,beta-TiV__700,0,-5.06352247,-4.45381162192278,-0.2070171977636012,-0.4026936503136185,-0.41598435352701774,0.013290703213399258,0.013875520271338872,-0.40210883325567887,-5.06293765294206,0.0005848170579394463,0.0005848170579394463
beta-TiV,700,21,beta-TiV__700,0,-5.06352247,-4.454433655691842,-0.2070171977636012,-0.4020716165445564,-0.41598435352701774,0.013912736982461316,0.013232089399404366,-0.4027522641276134,-5.064203117583057,-0.0006806475830574144,0.0006806475830574144
beta-TiV,700,22,beta-TiV__700,0,-5.06352247,-4.453599809584963,-0.2070171977636012,-0.4029054626514353,-0.41598435352701774,0.01307889087558245,0.01325125928104015,-0.4027330942459776,-5.063350101594542,0.0001723684054573127,0.0001723684054573127
beta-TiV,700,23,beta-TiV__700,0,-5.06352247,-4.453839897903522,-0.2070171977636012,-0.4026653743328768,-0.41598435352701774,0.013318979194140934,0.012855742186865507,-0.4031286113401522,-5.063985707007276,-0.00046323700727590733,0.00046323700727590733
beta-TiV,700,24,beta-TiV__700,0,-5.06352247,-4.453352567623497,-0.2070171977636012,-0.4031527046129011,-0.41598435352701774,0.012831648914116645,0.013123508488849155,-0.4028608450381686,-5.063230610425268,0.00029185957473210067,0.00029185957473210067
beta-TiV,700,25,beta-TiV__700,0,-5.06352247,-4.453792839590127,-0.2070171977636012,-0.4027124326462712,-0.41598435352701774,0.013271920880746524,0.012359068084342013,-0.40362528544267573,-5.064435322796404,-0.0009128527964046285,0.0009128527964046285
beta-TiV,700,26,beta-TiV__700,0,-5.06352247,-4.454130564011923,-0.2070171977636012,-0.4023747082244758,-0.41598435352701774,0.01360964530254194,0.01284448192993866,-0.4031398715970791,-5.0642876333726035,-0.0007651633726037943,0.0007651633726037943
beta-TiV,700,27,beta-TiV__700,0,-5.06352247,-4.453711519845253,-0.2070171977636012,-0.4027937523911452,-0.41598435352701774,0.01319060113587256,0.012580736321070663,-0.4034036172059471,-5.0641323348148015,-0.0006098648148018526,0.0006098648148018526
beta-TiV,700,28,beta-TiV__700,0,-5.06352247,-4.453401317753618,-0.2070171977636012,-0.4031039544827808,-0.41598435352701774,0.012880399044236934,0.014170575918125691,-0.40181377760889203,-5.062232293126111,0.001290176873888882,0.001290176873888882
beta-TiV,700,29,beta-TiV__700,0,-5.06352247,-4.453649781721101,-0.2070171977636012,-0.4028554905152977,-0.41598435352701774,0.01312886301172006,0.012844820816977286,-0.40313953271004044,-5.063806512194743,-0.00028404219474342796,0.00028404219474342796
beta-TiV,700,30,beta-TiV__700,0,-5.06352247,-4.453446210790853,-0.2070171977636012,-0.4030590614455456,-0.41598435352701774,0.01292529208147214,0.012604941768964706,-0.40337941175805303,-5.063842820312507,-0.0003203503125073226,0.0003203503125073226
beta-TiV,700,31,beta-TiV__700,0,-5.06352247,-4.453437890254623,-0.2070171977636012,-0.4030673819817754,-0.41598435352701774,0.01291697154524235,0.013378161464010597,-0.40260619206300713,-5.063061280081231,0.00046118991876831217,0.00046118991876831217
beta-TiV,700,32,beta-TiV__700,0,-5.06352247,-4.453839584573043,-0.2070171977636012,-0.4026656876633557,-0.41598435352701774,0.013318665863662038,0.01223202993095992,-0.40375232359605784,-5.064609105932702,-0.0010866359327019737,0.0010866359327019737
beta-TiV,700,33,beta-TiV__700,0,-5.06352247,-4.453679392008376,-0.2070171977636012,-0.4028258802280223,-0.41598435352701774,0.013158473298995443,0.013918429522149068,-0.4020659240048687,-5.062762513776846,0.0007599562231535018,0.0007599562231535018
beta-TiV,700,34,beta-TiV__700,0,-5.06352247,-4.4535347924549225,-0.2070171977636012,-0.402970479781476,-0.41598435352701774,0.013013873745541749,0.013589280473592185,-0.40239507305342553,-5.06294706327195,0.0005754067280498987,0.0005754067280498987
beta-TiV,700,35,beta-TiV__700,0,-5.06352247,-4.454026990849812,-0.2070171977636012,-0.4024782813865866,-0.41598435352701774,0.013506072140431147,0.012133736028457796,-0.40385061749855994,-5.064894806111973,-0.0013723361119737376,0.0013723361119737376
beta-TiV,700,36,beta-TiV__700,0,-5.06352247,-4.454030694018162,-0.2070171977636012,-0.402474578218236,-0.41598435352701774,0.013509775308781724,0.013066708507538622,-0.40291764501947913,-5.063965536801243,-0.0004430668012433969,0.0004430668012433969
beta-TiV,700,37,beta-TiV__700,0,-5.06352247,-4.453847018260981,-0.2070171977636012,-0.4026582539754176,-0.41598435352701774,0.013326099551600135,0.012692193891409737,-0.403292159635608,-5.064156375660191,-0.0006339056601909476,0.0006339056601909476
beta-TiV,700,38,beta-TiV__700,0,-5.06352247,-4.453916742580018,-0.2070171977636012,-0.4025885296563801,-0.41598435352701774,0.013395823870637646,0.013250875336584256,-0.4027334781904335,-5.063667418534053,-0.00014494853405366825,0.00014494853405366825
beta-TiV,700,39,beta-TiV__700,0,-5.06352247,-4.454284434828704,-0.2070171977636012,-0.4022208374076944,-0.41598435352701774,0.01376351611932336,0.013098255459340416,-0.40288609806767733,-5.064187730659983,-0.000665260659983069,0.000665260659983069
beta-TiV,700,40,beta-TiV__700,0,-5.06352247,-4.454056267189736,-0.2070171977636012,-0.4024490050466627,-0.41598435352701774,0.013535348480355036,0.013498580671521357,-0.40248577285549636,-5.063559237808834,-3.676780883399289e-05,3.676780883399289e-05
beta-TiV,700,41,beta-TiV__700,0,-5.06352247,-4.454053874711866,-0.2070171977636012,-0.4024513975245328,-0.41598435352701774,0.013532956002484942,0.012856353315020894,-0.40312800021199685,-5.064199072687464,-0.0006766026874647224,0.0006766026874647224
beta-TiV,700,42,beta-TiV__700,0,-5.06352247,-4.4536634013835155,-0.2070171977636012,-0.402841870852883,-0.41598435352701774,0.013142482674134759,0.012666291263124732,-0.403318062263893,-5.06399866141101,-0.0004761914110105181,0.0004761914110105181
beta-TiV,700,43,beta-TiV__700,0,-5.06352247,-4.453767778597135,-0.2070171977636012,-0.4027374936392632,-0.41598435352701774,0.013246859887754536,0.013464742586116043,-0.4025196109409017,-5.063304587301639,0.00021788269836076068,0.00021788269836076068
beta-TiV,700,44,beta-TiV__700,0,-5.06352247,-4.453418564925745,-0.2070171977636012,-0.403086707310653,-0.41598435352701774,0.012897646216364744,0.013841551438187574,-0.4021428020888302,-5.062578564778177,0.0009439052218223054,0.0009439052218223054
beta-TiV,700,45,beta-TiV__700,0,-5.06352247,-4.453896152754299,-0.2070171977636012,-0.4026091194820991,-0.41598435352701774,0.013375234044918638,0.01386855970299161,-0.4021157938240261,-5.063029144341927,0.0004933256580725853,0.0004933256580725853
beta-TiV,700,46,beta-TiV__700,0,-5.06352247,-4.4537398294833945,-0.2070171977636012,-0.4027654427530039,-0.41598435352701774,0.013218910774013826,0.013926041421753318,-0.40205831210526444,-5.062815339352261,0.0007071306477390848,0.0007071306477390848
beta-TiV,700,47,beta-TiV__700,0,-5.06352247,-4.45415068795102,-0.2070171977636012,-0.4023545842853784,-0.41598435352701774,0.013629769241639333,0.013093240505393532,-0.4028911130216242,-5.064058998736246,-0.0005365287362462112,0.0005365287362462112
beta-TiV,700,48,beta-TiV__700,0,-5.06352247,-4.454075838932506,-0.2070171977636012,-0.4024294333038923,-0.41598435352701774,0.013554920223125433,0.01194025502363987,-0.40404409850337786,-5.065137135199485,-0.0016146651994857208,0.0016146651994857208
beta-TiV,700,49,beta-TiV__700,0,-5.06352247,-4.45345887960969,-0.2070171977636012,-0.4030463926267081,-0.41598435352701774,0.01293796090030963,0.012904489595992394,-0.40307986393102535,-5.063555941304317,-3.3471304317522765e-05,3.3471304317522765e-05
beta-TiV,700,50,beta-TiV__700,0,-5.06352247,-4.453764683681372,-0.2070171977636012,-0.4027405885550268,-0.41598435352701774,0.013243764971990923,0.012980471317280943,-0.4030038822097368,-5.06378576365471,-0.00026329365471067234,0.00026329365471067234
beta-TiV,700,51,beta-TiV__700,0,-5.06352247,-4.453846935653166,-0.2070171977636012,-0.4026583365832324,-0.41598435352701774,0.013326016943785324,0.011976320757531604,-0.40400803276948616,-5.0648721661862535,-0.0013496961862538015,0.0013496961862538015
beta-TiV,700,52,beta-TiV__700,0,-5.06352247,-4.45339838753543,-0.2070171977636012,-0.403106884700968,-0.41598435352701774,0.012877468826049732,0.013062440366565186,-0.40292191316045256,-5.063337498459484,0.00018497154051555498,0.00018497154051555498
beta-TiV,700,53,beta-TiV__700,0,-5.06352247,-4.453240998263498,-0.2070171977636012,-0.4032642739729007,-0.41598435352701774,0.012720079554117025,0.01378492738092343,-0.40219942614609433,-5.062457622173193,0.001064847826806492,0.001064847826806492
beta-TiV,700,54,beta-TiV__700,0,-5.06352247,-4.454040375561052,-0.2070171977636012,-0.4024648966753468,-0.41598435352701774,0.013519456851670941,0.012775599280927493,-0.40320875424609026,-5.064266327570744,-0.0007438575707441331,0.0007438575707441331
beta-TiV,700,55,beta-TiV__700,0,-5.06352247,-4.454184600110838,-0.2070171977636012,-0.4023206721255604,-0.41598435352701774,0.01366368140145735,0.013372083581848482,-0.40261226994516924,-5.063814067819608,-0.00029159781960874653,0.00029159781960874653
beta-TiV,700,56,beta-TiV__700,0,-5.06352247,-4.453322496376629,-0.2070171977636012,-0.4031827758597697,-0.41598435352701774,0.012801577667248043,0.012336476497117905,-0.40364787702989985,-5.06398757117013,-0.000465101170130211,0.000465101170130211
beta-TiV,700,57,beta-TiV__700,0,-5.06352247,-4.453790510095347,-0.2070171977636012,-0.4027147621410514,-0.41598435352701774,0.01326959138596634,0.011680981766124752,-0.404303371760893,-5.065111079619841,-0.001588609619841641,0.001588609619841641
beta-TiV,700,58,beta-TiV__700,0,-5.06352247,-4.453564347399239,-0.2070171977636012,-0.4029409248371592,-0.41598435352701774,0.013043428689858527,0.011514707906647091,-0.40446964562037063,-5.065051190783211,-0.0015287207832113126,0.0015287207832113126
beta-TiV,700,59,beta-TiV__700,0,-5.06352247,-4.454231449003392,-0.2070171977636012,-0.4022738232330066,-0.41598435352701774,0.013710530294011147,0.013072819747140273,-0.4029115337798775,-5.064160180546871,-0.0006377105468713395,0.0006377105468713395
beta-TiV,700,60,beta-TiV__700,0,-5.06352247,-4.453800600351736,-0.2070171977636012,-0.4027046718846628,-0.41598435352701774,0.013279681642354935,0.013479527418452673,-0.4025048261085651,-5.063322624223902,0.00019984577609744036,0.00019984577609744036
beta-TiV,700,61,beta-TiV__700,0,-5.06352247,-4.453534195181986,-0.2070171977636012,-0.4029710770544129,-0.41598435352701774,0.013013276472604862,0.014242172103402192,-0.40174218142361556,-5.062293574369202,0.001228895630797311,0.001228895630797311
beta-TiV,700,62,beta-TiV__700,0,-5.06352247,-4.454077329205923,-0.2070171977636012,-0.4024279430304756,-0.41598435352701774,0.01355641049654216,0.013198966926306493,-0.4027853866007112,-5.0638799135702355,-0.00035744357023581586,0.00035744357023581586
beta-TiV,700,63,beta-TiV__700,0,-5.06352247,-4.454042403219083,-0.2070171977636012,-0.4024628690173151,-0.41598435352701774,0.013521484509702641,0.01214796153227245,-0.4038363919947453,-5.06489599297743,-0.0013735229774303193,0.0013735229774303193
beta-TiV,700,64,beta-TiV__700,0,-5.06352247,-4.453658179380524,-0.2070171977636012,-0.4028470928558748,-0.41598435352701774,0.013137260671142958,0.013359983984556897,-0.40262436954246084,-5.063299746686586,0.00022272331341355311,0.00022272331341355311
beta-TiV,700,65,beta-TiV__700,0,-5.06352247,-4.453371668124334,-0.2070171977636012,-0.4031336041120641,-0.41598435352701774,0.012850749414953622,0.014990352100228888,-0.40099400142678887,-5.061382867314725,0.0021396026852746886,0.0021396026852746886
beta-TiV,700,66,beta-TiV__700,0,-5.06352247,-4.453483699880507,-0.2070171977636012,-0.4030215723558917,-0.41598435352701774,0.012962781171126037,0.014024808512653279,-0.4019595450143645,-5.062460442658473,0.0010620273415264947,0.0010620273415264947
beta-TiV,700,67,beta-TiV__700,0,-5.06352247,-4.4534601176306055,-0.2070171977636012,-0.403045154605793,-0.41598435352701774,0.012939198921224748,0.012430923552172781,-0.40355342997484495,-5.064030745369052,-0.0005082753690519581,0.0005082753690519581
beta-TiV,700,68,beta-TiV__700,0,-5.06352247,-4.453905645864742,-0.2070171977636012,-0.4025996263716565,-0.41598435352701774,0.013384727155361209,0.012357532887045206,-0.4036268206399725,-5.064549664268316,-0.0010271942683166557,0.0010271942683166557
beta-TiV,700,69,beta-TiV__700,0,-5.06352247,-4.453617205077384,-0.2070171977636012,-0.4028880671590145,-0.41598435352701774,0.013096286368003252,0.01256230629845836,-0.4034220472285594,-5.064056450069545,-0.0005339800695454144,0.0005339800695454144
beta-TiV,700,70,beta-TiV__700,0,-5.06352247,-4.453976545282504,-0.2070171977636012,-0.402528726953894,-0.41598435352701774,0.013455626573123713,0.013321185137008489,-0.40266316839000926,-5.063656911436115,-0.0001344414361152957,0.0001344414361152957
beta-TiV,700,71,beta-TiV__700,0,-5.06352247,-4.453630942674004,-0.2070171977636012,-0.4028743295623943,-0.41598435352701774,0.013110023964623463,0.013441004075115576,-0.4025433494519022,-5.063191489889508,0.00033098011049137455,0.00033098011049137455
beta-TiV,700,72,beta-TiV__700,0,-5.06352247,-4.45369984313288,-0.2070171977636012,-0.4028054291035182,-0.41598435352701774,0.01317892442349955,0.01466236823816453,-0.4013219852888532,-5.062039026185335,0.0014834438146644757,0.0014834438146644757
beta-TiV,700,73,beta-TiV__700,0,-5.06352247,-4.453581572239363,-0.2070171977636012,-0.4029236999970352,-0.41598435352701774,0.013060653529982535,0.013492306506006519,-0.4024920470210112,-5.063090817023976,0.0004316529760233223,0.0004316529760233223
beta-TiV,700,74,beta-TiV__700,0,-5.06352247,-4.45405085367578,-0.2070171977636012,-0.4024544185606181,-0.41598435352701774,0.013529934966399648,0.01141865461888439,-0.4045656989081333,-5.065633750347515,-0.0021112803475151765,0.0021112803475151765
beta-TiV,700,75,beta-TiV__700,0,-5.06352247,-4.453491704271859,-0.2070171977636012,-0.4030135679645393,-0.41598435352701774,0.012970785562478437,0.012987518816363827,-0.4029968347106539,-5.063505736746115,1.6733253884737564e-05,1.6733253884737564e-05
beta-TiV,700,76,beta-TiV__700,0,-5.06352247,-4.453919409225228,-0.2070171977636012,-0.4025858630111705,-0.41598435352701774,0.013398490515847239,0.012759129746219285,-0.40322522378079845,-5.064161830769628,-0.0006393607696280057,0.0006393607696280057
beta-TiV,700,77,beta-TiV__700,0,-5.06352247,-4.453744313052451,-0.2070171977636012,-0.4027609591839474,-0.41598435352701774,0.01322339434307035,0.012830255375450203,-0.40315409815156755,-5.06391560896762,-0.0003931389676203878,0.0003931389676203878
beta-TiV,700,78,beta-TiV__700,0,-5.06352247,-4.454035990332992,-0.2070171977636012,-0.4024692819034066,-0.41598435352701774,0.013515071623611152,0.013910263047094747,-0.402074090479923,-5.063127278576516,0.00039519142348343195,0.00039519142348343195
beta-TiV,700,79,beta-TiV__700,0,-5.06352247,-4.454062025661705,-0.2070171977636012,-0.4024432465746932,-0.41598435352701774,0.013541106952324522,0.013714059162675795,-0.4022702943643419,-5.063349517789648,0.00017295221035151798,0.00017295221035151798
beta-TiV,700,80,beta-TiV__700,0,-5.06352247,-4.453225895225308,-0.2070171977636012,-0.4032793770110905,-0.41598435352701774,0.012704976515927224,0.013543136770775807,-0.40244121675624195,-5.062684309745151,0.0008381602548483968,0.0008381602548483968
beta-TiV,700,81,beta-TiV__700,0,-5.06352247,-4.453314560302689,-0.2070171977636012,-0.4031907119337091,-0.41598435352701774,0.012793641593308647,0.012325506035960469,-0.4036588474910573,-5.063990605557348,-0.00046813555734814827,0.00046813555734814827
beta-TiV,700,82,beta-TiV__700,0,-5.06352247,-4.454192283198673,-0.2070171977636012,-0.4023129890377251,-0.41598435352701774,0.013671364489292626,0.012327833105012901,-0.40365652042200484,-5.06486600138428,-0.0013435313842800056,0.0013435313842800056
beta-TiV,700,83,beta-TiV__700,0,-5.06352247,-4.45330073784917,-0.2070171977636012,-0.4032045343872286,-0.41598435352701774,0.01277981913978915,0.012766350577907874,-0.40321800294910987,-5.0635359385618814,-1.3468561881779806e-05,1.3468561881779806e-05
beta-TiV,700,84,beta-TiV__700,0,-5.06352247,-4.4537719107628675,-0.2070171977636012,-0.4027333614735309,-0.41598435352701774,0.013250992053486843,0.012322163122184981,-0.40366219040483275,-5.064451298931302,-0.0009288289313023057,0.0009288289313023057
beta-TiV,700,85,beta-TiV__700,0,-5.06352247,-4.45371254956725,-0.2070171977636012,-0.4027927226691486,-0.41598435352701774,0.013191630857869119,0.0133039920443527,-0.40268036148266506,-5.063410108813517,0.00011236118648305649,0.00011236118648305649
beta-TiV,700,86,beta-TiV__700,0,-5.06352247,-4.4535230105052905,-0.2070171977636012,-0.4029822617311079,-0.41598435352701774,0.013002091795909831,0.013808107085269548,-0.4021762464417482,-5.062716454710641,0.0008060152893589745,0.0008060152893589745
beta-TiV,700,87,beta-TiV__700,0,-5.06352247,-4.454155735263534,-0.2070171977636012,-0.4023495369728647,-0.41598435352701774,0.01363481655415305,0.012627451861300855,-0.40335690166571686,-5.064529834692852,-0.0010073646928523416,0.0010073646928523416
beta-TiV,700,88,beta-TiV__700,0,-5.06352247,-4.454020241728649,-0.2070171977636012,-0.402485030507749,-0.41598435352701774,0.01349932301926876,0.0125582702365512,-0.40342608329046653,-5.0644635227827175,-0.0009410527827178328,0.0009410527827178328
beta-TiV,700,89,beta-TiV__700,0,-5.06352247,-4.4537952465517385,-0.2070171977636012,-0.4027100256846599,-0.41598435352701774,0.013274327842357825,0.013418350466491492,-0.40256600306052626,-5.063378447375866,0.00014402262413337752,0.00014402262413337752
beta-TiV,700,90,beta-TiV__700,0,-5.06352247,-4.453334640119602,-0.2070171977636012,-0.4031706321167967,-0.41598435352701774,0.012813721410221024,0.01323389552804702,-0.4027504579989707,-5.063102295882174,0.0004201741178260221,0.0004201741178260221
beta-TiV,700,91,beta-TiV__700,0,-5.06352247,-4.452968945395611,-0.2070171977636012,-0.4035363268407875,-0.41598435352701774,0.01244802668623024,0.01339762851383297,-0.40258672501318477,-5.062572868172397,0.0009496018276022866,0.0009496018276022866
beta-TiV,700,92,beta-TiV__700,0,-5.06352247,-4.453725995974832,-0.2070171977636012,-0.4027792762615665,-0.41598435352701774,0.013205077265451226,0.01301859727078708,-0.40296575625623066,-5.063708949994664,-0.0001864799946647011,0.0001864799946647011
beta-TiV,700,93,beta-TiV__700,0,-5.06352247,-4.453350695710444,-0.2070171977636012,-0.4031545765259541,-0.41598435352701774,0.012829777001063636,0.013094390625097603,-0.40288996290192014,-5.063257856375966,0.00026461362403384925,0.00026461362403384925
beta-TiV,700,94,beta-TiV__700,0,-5.06352247,-4.453289589706232,-0.2070171977636012,-0.4032156825301663,-0.41598435352701774,0.012768670996851417,0.013569033889647359,-0.4024153196373704,-5.062722107107204,0.0008003628927957251,0.0008003628927957251
beta-TiV,700,95,beta-TiV__700,0,-5.06352247,-4.453633264844862,-0.2070171977636012,-0.402872007391536,-0.41598435352701774,0.013112346135481734,0.013587939391170988,-0.40239641413584676,-5.063046876744311,0.00047559325568879984,0.00047559325568879984
beta-TiV,700,96,beta-TiV__700,0,-5.06352247,-4.453988123010835,-0.2070171977636012,-0.4025171492255633,-0.41598435352701774,0.013467204301454427,0.013193492408405037,-0.4027908611186127,-5.063796181893049,-0.0002737118930493665,0.0002737118930493665
beta-TiV,700,97,beta-TiV__700,0,-5.06352247,-4.453387387106296,-0.2070171977636012,-0.4031178851301027,-0.41598435352701774,0.01286646839691502,0.012399387188559348,-0.40358496633845836,-5.063989551208356,-0.00046708120835603495,0.00046708120835603495
beta-TiV,700,98,beta-TiV__700,0,-5.06352247,-4.454016458466363,-0.2070171977636012,-0.4024888137700356,-0.41598435352701774,0.013495539756982144,0.011971725720370066,-0.40401262780664765,-5.065046284036612,-0.001523814036612059,0.001523814036612059
beta-TiV,700,99,beta-TiV__700,0,-5.06352247,-4.453613925623614,-0.2070171977636012,-0.4028913466127844,-0.41598435352701774,0.013093006914233318,0.013412975210610032,-0.4025713783164077,-5.063202501703623,0.00031996829637659374,0.00031996829637659374
