system,T,snap,group,fold,FANC_eVatom,F0_eVatom,dFraw_T0_mean,dFres_eVatom,dT_anchor,dT_anchor_sq,dFres_pred_monolithic_oof,Fhat_monolithic_oof,error_Fhat_eVatom,abs_error_Fhat_eVatom
Ti64,300,0,Ti64__300,2,-4.79827426,-4.5807798526238015,-0.2175700860176496,7.567864145074932e-05,0.0,0.0,0.0003006012971942251,-4.798049337344256,0.00022492265574403092,0.00022492265574403092
Ti64,300,1,Ti64__300,2,-4.79827426,-4.580735675352546,-0.2175700860176496,3.15013701953637e-05,0.0,0.0,0.000445016836531531,-4.797860744533664,0.00041351546633627834,0.00041351546633627834
Ti64,300,2,Ti64__300,2,-4.79827426,-4.580926882165384,-0.2175700860176496,0.0002227081830333,0.0,0.0,0.0005363992664311201,-4.7979605689166025,0.000313691083397849,0.000313691083397849
Ti64,300,3,Ti64__300,2,-4.79827426,-4.580604597961115,-0.2175700860176496,-9.957602123533692e-05,0.0,0.0,-0.000209692195186989,-4.798384376173952,-0.00011011617395162432,0.00011011617395162432
Ti64,300,4,Ti64__300,2,-4.79827426,-4.580709170304021,-0.2175700860176496,4.996321670502901e-06,0.0,0.0,-0.0001935839890679636,-4.798472840310739,-0.0001985803107382722,0.0001985803107382722
Ti64,300,5,Ti64__300,2,-4.79827426,-4.580634272735374,-0.2175700860176496,-6.990124697703326e-05,0.0,0.0,7.791341284454911e-05,-4.798126445340179,0.0001478146598214991,0.0001478146598214991
Ti64,300,6,Ti64__300,2,-4.79827426,-4.580669041924355,-0.2175700860176496,-3.513205799576813e-05,0.0,0.0,0.00014309508899790213,-4.798096032853007,0.00017822714699367026,0.00017822714699367026
Ti64,300,7,Ti64__300,2,-4.79827426,-4.580746641522654,-0.2175700860176496,4.2467540303348095e-05,0.0,0.0,0.0002721245171098674,-4.798044603023193,0.0002296569768072132,0.0002296569768072132
Ti64,300,8,Ti64__300,2,-4.79827426,-4.580747104326384,-0.2175700860176496,4.293034403290985e-05,0.0,0.0,0.00022907648092471145,-4.798088113863108,0.00018614613689216242,0.00018614613689216242
Ti64,300,9,Ti64__300,2,-4.79827426,-4.580883214600636,-0.2175700860176496,0.0001790406182852,0.0,0.0,0.0005374932888796702,-4.797915807329406,0.0003584526705946445,0.0003584526705946445
Ti64,300,10,Ti64__300,2,-4.79827426,-4.580717285400466,-0.2175700860176496,1.3111418115108188e-05,0.0,0.0,0.000132692089339026,-4.798154679328776,0.00011958067122463945,0.00011958067122463945
Ti64,300,11,Ti64__300,2,-4.79827426,-4.580757492249568,-0.2175700860176496,5.331826721766131e-05,0.0,0.0,0.0005720759136242648,-4.797755502353594,0.0005187576464065202,0.0005187576464065202
Ti64,300,12,Ti64__300,2,-4.79827426,-4.580880773283026,-0.2175700860176496,0.0001765993006749,0.0,0.0,0.00021538694129261127,-4.798235472359383,3.8787640617599095e-05,3.8787640617599095e-05
Ti64,300,13,Ti64__300,2,-4.79827426,-4.580688652434084,-0.2175700860176496,-1.5521548266783647e-05,0.0,0.0,0.00039363045012763553,-4.797865108001606,0.0004091519983946412,0.0004091519983946412
Ti64,300,14,Ti64__300,2,-4.79827426,-4.580754345501699,-0.2175700860176496,5.017151934827435e-05,0.0,0.0,-0.0003269596622524906,-4.7986513911816004,-0.00037713118160009884,0.00037713118160009884
Ti64,300,15,Ti64__300,2,-4.79827426,-4.580855130805365,-0.2175700860176496,0.0001509568230145,0.0,0.0,0.00043087814153472404,-4.79799433868148,0.00027992131852005997,0.00027992131852005997
Ti64,300,16,Ti64__300,2,-4.79827426,-4.5808217081007205,-0.2175700860176496,0.0001175341183697,0.0,0.0,0.0007386404195888485,-4.797653153698781,0.0006211063012191431,0.0006211063012191431
Ti64,300,17,Ti64__300,2,-4.79827426,-4.580760628304146,-0.2175700860176496,5.6454321795462725e-05,0.0,0.0,0.0004327796697620456,-4.797897934652034,0.00037632534796649963,0.00037632534796649963
Ti64,300,18,Ti64__300,2,-4.79827426,-4.580700253999836,-0.2175700860176496,-3.919982515143694e-06,0.0,0.0,0.00024469127899734433,-4.798025648738488,0.00024861126151254354,0.00024861126151254354
Ti64,300,19,Ti64__300,2,-4.79827426,-4.580756404918523,-0.2175700860176496,5.223093617201524e-05,0.0,0.0,-0.0005903913027315577,-4.7989168822389034,-0.0006426222389031011,0.0006426222389031011
Ti64,300,20,Ti64__300,2,-4.79827426,-4.580637735549552,-0.2175700860176496,-6.643843279852124e-05,0.0,0.0,-0.00028985366435282933,-4.7984976752315545,-0.0002234152315541138,0.0002234152315541138
Ti64,300,21,Ti64__300,2,-4.79827426,-4.580704216677638,-0.2175700860176496,4.269528763867214e-08,0.0,0.0,-0.0004031800967242427,-4.798677482792012,-0.0004032227920118814,0.0004032227920118814
Ti64,300,22,Ti64__300,2,-4.79827426,-4.580832296804344,-0.2175700860176496,0.000128122821993,0.0,0.0,0.0002164262233602665,-4.7981859565986325,8.830340136789516e-05,8.830340136789516e-05
Ti64,300,23,Ti64__300,2,-4.79827426,-4.580627220394482,-0.2175700860176496,-7.69535878687444e-05,0.0,0.0,3.587658694664819e-05,-4.798161429825185,0.00011283017481567015,0.00011283017481567015
Ti64,300,24,Ti64__300,2,-4.79827426,-4.5807696546583925,-0.2175700860176496,6.548067604172925e-05,0.0,0.0,-0.00034170794324667186,-4.798681448619289,-0.0004071886192882346,0.0004071886192882346
Ti64,300,25,Ti64__300,2,-4.79827426,-4.580675080542513,-0.2175700860176496,-2.9093439837368784e-05,0.0,0.0,-0.00017877577388286658,-4.798423942334045,-0.00014968233404477616,0.00014968233404477616
Ti64,300,26,Ti64__300,2,-4.79827426,-4.580576915938579,-0.2175700860176496,-0.0001272580437717,0.0,0.0,0.00017988486037859297,-4.797967117095849,0.0003071429041510143,0.0003071429041510143
Ti64,300,27,Ti64__300,2,-4.79827426,-4.580747300676452,-0.2175700860176496,4.312669410155845e-05,0.0,0.0,0.00020210514200508234,-4.798115281552096,0.00015897844790391247,0.00015897844790391247
Ti64,300,28,Ti64__300,2,-4.79827426,-4.580725830451603,-0.2175700860176496,2.165646925200715e-05,0.0,0.0,-0.0001808713081085378,-4.798476787777361,-0.00020252777736029515,0.00020252777736029515
Ti64,300,29,Ti64__300,2,-4.79827426,-4.580593100473803,-0.2175700860176496,-0.0001110735085477,0.0,0.0,-0.00012724645985340288,-4.798290432951306,-1.617295130529328e-05,1.617295130529328e-05
Ti64,300,30,Ti64__300,2,-4.79827426,-4.580636587667068,-0.2175700860176496,-6.758631528269721e-05,0.0,0.0,0.00023656542528371904,-4.797970108259434,0.0003041517405666383,0.0003041517405666383
Ti64,300,31,Ti64__300,2,-4.79827426,-4.580821865005838,-0.2175700860176496,0.0001176910234871,0.0,0.0,0.0005848825865291951,-4.797807068436958,0.0004671915630423129,0.0004671915630423129
Ti64,300,32,Ti64__300,2,-4.79827426,-4.580683755136554,-0.2175700860176496,-2.041884579695452e-05,0.0,0.0,0.0009857280803741153,-4.797268113073829,0.0010061469261710698,0.0010061469261710698
Ti64,300,33,Ti64__300,2,-4.79827426,-4.580631992255259,-0.2175700860176496,-7.218172709200221e-05,0.0,0.0,0.00032405332578858137,-4.79787802494712,0.0003962350528805558,0.0003962350528805558
Ti64,300,34,Ti64__300,2,-4.79827426,-4.580702432411183,-0.2175700860176496,-1.741571167834799e-06,0.0,0.0,0.0009840204504487915,-4.797288497978383,0.0009857620216173757,0.0009857620216173757
Ti64,300,35,Ti64__300,2,-4.79827426,-4.58078213044338,-0.2175700860176496,7.795646102903842e-05,0.0,0.0,-0.000200412965751684,-4.798552629426781,-0.00027836942678050036,0.00027836942678050036
Ti64,300,36,Ti64__300,2,-4.79827426,-4.58070780702136,-0.2175700860176496,3.633039009520722e-06,0.0,0.0,-2.894288920116117e-05,-4.79830683592821,-3.2575928210043514e-05,3.2575928210043514e-05
Ti64,300,37,Ti64__300,2,-4.79827426,-4.580739513550768,-0.2175700860176496,3.533956841683672e-05,0.0,0.0,0.00031758148095045735,-4.7979920180874664,0.0002822419125338982,0.0002822419125338982
Ti64,300,38,Ti64__300,2,-4.79827426,-4.580765392242391,-0.2175700860176496,6.121826004024111e-05,0.0,0.0,0.0002093530689014078,-4.798126125191139,0.0001481348088612222,0.0001481348088612222
Ti64,300,39,Ti64__300,2,-4.79827426,-4.58074039552841,-0.2175700860176496,3.622154605886774e-05,0.0,0.0,0.0005811313904338922,-4.797729350155625,0.0005449098443754963,0.0005449098443754963
Ti64,300,40,Ti64__300,2,-4.79827426,-4.580772953882247,-0.2175700860176496,6.877989989584332e-05,0.0,0.0,0.00015035801090512724,-4.798192681888991,8.157811100950596e-05,8.157811100950596e-05
Ti64,300,41,Ti64__300,2,-4.79827426,-4.580595819023825,-0.2175700860176496,-0.0001083549585253,0.0,0.0,0.001232691660150026,-4.796933213381324,0.0013410466186760672,0.0013410466186760672
Ti64,300,42,Ti64__300,2,-4.79827426,-4.58056892395996,-0.2175700860176496,-0.0001352500223911,0.0,0.0,-4.186357406066321e-06,-4.798143196335015,0.00013106366498494282,0.00013106366498494282
Ti64,300,43,Ti64__300,2,-4.79827426,-4.580648958238676,-0.2175700860176496,-5.5215743674730255e-05,0.0,0.0,0.00046002771482378524,-4.797759016541502,0.0005152434584987375,0.0005152434584987375
Ti64,300,44,Ti64__300,2,-4.79827426,-4.5805573373192265,-0.2175700860176496,-0.0001468366631242,0.0,0.0,0.0005886050348753169,-4.797538818302001,0.0007354416979996614,0.0007354416979996614
Ti64,300,45,Ti64__300,2,-4.79827426,-4.580682964544718,-0.2175700860176496,-2.120943763250782e-05,0.0,0.0,0.000928530795653415,-4.797324519766714,0.0009497402332865335,0.0009497402332865335
Ti64,300,46,Ti64__300,2,-4.79827426,-4.580489744197921,-0.2175700860176496,-0.0002144297844296,0.0,0.0,0.0005194894167888653,-4.797540340798782,0.0007339192012185691,0.0007339192012185691
Ti64,300,47,Ti64__300,2,-4.79827426,-4.5807484025243825,-0.2175700860176496,4.422854203178783e-05,0.0,0.0,-0.0003647239433390015,-4.798683212485371,-0.00040895248537076156,0.00040895248537076156
Ti64,300,48,Ti64__300,2,-4.79827426,-4.580678812960495,-0.2175700860176496,-2.5361021855574428e-05,0.0,0.0,-0.00015731491029299938,-4.798406213888438,-0.00013195388843723066,0.00013195388843723066
Ti64,300,49,Ti64__300,2,-4.79827426,-4.580752601491293,-0.2175700860176496,4.842750894196168e-05,0.0,0.0,0.0008396683128358839,-4.797483019196106,0.0007912408038945884,0.0007912408038945884
Ti64,300,50,Ti64__300,2,-4.79827426,-4.580728891983628,-0.2175700860176496,2.4718001277235224e-05,0.0,0.0,0.001150710312447678,-4.797148267688829,0.0011259923111710535,0.0011259923111710535
Ti64,300,51,Ti64__300,2,-4.79827426,-4.580681242598478,-0.2175700860176496,-2.2931383872326627e-05,0.0,0.0,0.0005838534451666211,-4.797667475170961,0.0006067848290394195,0.0006067848290394195
Ti64,300,52,Ti64__300,2,-4.79827426,-4.580877402640547,-0.2175700860176496,0.000173228658196,0.0,0.0,0.0003054072248216966,-4.798142081433374,0.00013217856662617322,0.00013217856662617322
Ti64,300,53,Ti64__300,2,-4.79827426,-4.580661350329687,-0.2175700860176496,-4.2823652663614986e-05,0.0,0.0,-0.0003022695907442252,-4.79853370593808,-0.00025944593808002736,0.00025944593808002736
Ti64,300,54,Ti64__300,2,-4.79827426,-4.5807706700870465,-0.2175700860176496,6.649610469577905e-05,0.0,0.0,0.0008646144261909017,-4.797476141678505,0.0007981183214953447,0.0007981183214953447
Ti64,300,55,Ti64__300,2,-4.79827426,-4.580642789942595,-0.2175700860176496,-6.138403975575191e-05,0.0,0.0,-4.070398016059462e-05,-4.798253579940405,2.068005959543484e-05,2.068005959543484e-05
Ti64,300,56,Ti64__300,2,-4.79827426,-4.580909423588326,-0.2175700860176496,0.0002052496059755,0.0,0.0,-7.71709437365764e-05,-4.798556680549712,-0.00028242054971183705,0.00028242054971183705
Ti64,300,57,Ti64__300,2,-4.79827426,-4.580727176432096,-0.2175700860176496,2.300244974529075e-05,0.0,0.0,0.0005641998562148642,-4.79773306259353,0.0005411974064699621,0.0005411974064699621
Ti64,300,58,Ti64__300,2,-4.79827426,-4.580841574085029,-0.2175700860176496,0.000137400102678,0.0,0.0,0.00011120459686481121,-4.798300455505813,-2.6195505812509623e-05,2.6195505812509623e-05
Ti64,300,59,Ti64__300,2,-4.79827426,-4.5806716074936435,-0.2175700860176496,-3.256648870719747e-05,0.0,0.0,-1.5072753033085196e-05,-4.798256766264326,1.749373567427881e-05,1.749373567427881e-05
Ti64,300,60,Ti64__300,2,-4.79827426,-4.580475680500232,-0.2175700860176496,-0.0002284934821187,0.0,0.0,0.0005366981935722992,-4.797509068324309,0.0007651916756916677,0.0007651916756916677
Ti64,300,61,Ti64__300,2,-4.79827426,-4.580563835102292,-0.2175700860176496,-0.0001403388800588,0.0,0.0,0.00015311762464256806,-4.797980803495299,0.0002934565047016946,0.0002934565047016946
Ti64,300,62,Ti64__300,2,-4.79827426,-4.580602544663888,-0.2175700860176496,-0.0001016293184626,0.0,0.0,-7.07534828935652e-05,-4.798243384164431,3.0875835569155186e-05,3.0875835569155186e-05
Ti64,300,63,Ti64__300,2,-4.79827426,-4.580679657414636,-0.2175700860176496,-2.4516567715182624e-05,0.0,0.0,5.289321529344804e-05,-4.798196850216991,7.740978300940782e-05,7.740978300940782e-05
Ti64,300,64,Ti64__300,2,-4.79827426,-4.580846982100691,-0.2175700860176496,0.0001428081183399,0.0,0.0,-0.0005407749034291587,-4.798957843021769,-0.0006835830217690742,0.0006835830217690742
Ti64,300,65,Ti64__300,2,-4.79827426,-4.580612459418928,-0.2175700860176496,-9.171456342260688e-05,0.0,0.0,0.0005541407424080047,-4.797628404694169,0.0006458553058310557,0.0006458553058310557
Ti64,300,66,Ti64__300,2,-4.79827426,-4.580622781257659,-0.2175700860176496,-8.139272469132042e-05,0.0,0.0,-5.427341250024975e-05,-4.798247140687809,2.7119312191459244e-05,2.7119312191459244e-05
Ti64,300,67,Ti64__300,2,-4.79827426,-4.580732422557208,-0.2175700860176496,2.824857485739241e-05,0.0,0.0,-0.0003101313074558021,-4.798612639882313,-0.0003383798823124451,0.0003383798823124451
Ti64,300,68,Ti64__300,2,-4.79827426,-4.580855632550843,-0.2175700860176496,0.0001514585684926,0.0,0.0,0.0003944168202529019,-4.79803130174824,0.0002429582517606832,0.0002429582517606832
Ti64,300,69,Ti64__300,2,-4.79827426,-4.580806526361437,-0.2175700860176496,0.0001023523790862,0.0,0.0,-0.0007351052561817006,-4.7991117176352684,-0.0008374576352681018,0.0008374576352681018
Ti64,300,70,Ti64__300,2,-4.79827426,-4.580650480211539,-0.2175700860176496,-5.3693770811436e-05,0.0,0.0,0.00032714931602861874,-4.79789341691316,0.00038084308684016577,0.00038084308684016577
Ti64,300,71,Ti64__300,2,-4.79827426,-4.580559720926236,-0.2175700860176496,-0.0001444530561146,0.0,0.0,0.00013885779317662772,-4.797990949150709,0.0002833108492916736,0.0002833108492916736
Ti64,300,72,Ti64__300,2,-4.79827426,-4.580575492795599,-0.2175700860176496,-0.0001286811867521,0.0,0.0,0.0004279116709600683,-4.797717667142288,0.0005565928577127011,0.0005565928577127011
Ti64,300,73,Ti64__300,2,-4.79827426,-4.580736461800233,-0.2175700860176496,3.2287817881893055e-05,0.0,0.0,4.6229155155258495e-05,-4.798260318662726,1.3941337273948307e-05,1.3941337273948307e-05
Ti64,300,74,Ti64__300,2,-4.79827426,-4.580717433635733,-0.2175700860176496,1.3259653381836324e-05,0.0,0.0,0.0008174975448736743,-4.7974700221085085,0.0008042378914918658,0.0008042378914918658
Ti64,300,75,Ti64__300,2,-4.79827426,-4.580666173777982,-0.2175700860176496,-3.800020436861562e-05,0.0,0.0,-2.6005567556802722e-05,-4.798262265363189,1.1994636811785142e-05,1.1994636811785142e-05
Ti64,300,76,Ti64__300,2,-4.79827426,-4.580640383962542,-0.2175700860176496,-6.379001980916232e-05,0.0,0.0,-0.00011503062684486975,-4.798325500607036,-5.124060703565192e-05,5.124060703565192e-05
Ti64,300,77,Ti64__300,2,-4.79827426,-4.580576113467358,-0.2175700860176496,-0.0001280605149928,0.0,0.0,0.0015782233464955997,-4.796567976138512,0.0017062838614885223,0.0017062838614885223
Ti64,300,78,Ti64__300,2,-4.79827426,-4.580759490124691,-0.2175700860176496,5.5316142339889574e-05,0.0,0.0,-3.5168477512087515e-05,-4.798364744619852,-9.048461985194933e-05,9.048461985194933e-05
Ti64,300,79,Ti64__300,2,-4.79827426,-4.580719843328785,-0.2175700860176496,1.566934643404405e-05,0.0,0.0,-9.399799815679177e-06,-4.79829932914625,-2.5069146249556695e-05,2.5069146249556695e-05
Ti64,300,80,Ti64__300,2,-4.79827426,-4.58074008345534,-0.2175700860176496,3.5909472989259505e-05,0.0,0.0,0.0005042835514014465,-4.797805885921588,0.0004683740784123813,0.0004683740784123813
Ti64,300,81,Ti64__300,2,-4.79827426,-4.580679086499757,-0.2175700860176496,-2.5087482594110533e-05,0.0,0.0,0.0001627747349159936,-4.79808639778249,0.00018786221751021515,0.00018786221751021515
Ti64,300,82,Ti64__300,2,-4.79827426,-4.580685994529652,-0.2175700860176496,-1.8179452698441345e-05,0.0,0.0,-0.0006992380518648367,-4.798955318599166,-0.0006810585991656737,0.0006810585991656737
Ti64,300,83,Ti64__300,2,-4.79827426,-4.580457292855577,-0.2175700860176496,-0.0002468811267736,0.0,0.0,0.0004010474244558748,-4.797626331448771,0.0006479285512295263,0.0006479285512295263
Ti64,300,84,Ti64__300,2,-4.79827426,-4.580675186715079,-0.2175700860176496,-2.898726727151857e-05,0.0,0.0,-0.0003579583669894859,-4.798603231099718,-0.0003289710997176343,0.0003289710997176343
Ti64,300,85,Ti64__300,2,-4.79827426,-4.58076543095591,-0.2175700860176496,6.125697355885418e-05,0.0,0.0,0.0003073717688590605,-4.7980281452047,0.00024611479530012303,0.00024611479530012303
Ti64,300,86,Ti64__300,2,-4.79827426,-4.580701270451583,-0.2175700860176496,-2.903530767484064e-06,0.0,0.0,-0.0004110312956901174,-4.798682387764923,-0.00040812776492238356,0.00040812776492238356
Ti64,300,87,Ti64__300,2,-4.79827426,-4.580805319215426,-0.2175700860176496,0.0001011452330755,0.0,0.0,0.00017045087663336567,-4.798204954356442,6.930564355833724e-05,6.930564355833724e-05
Ti64,300,88,Ti64__300,2,-4.79827426,-4.580651340367342,-0.2175700860176496,-5.283361500885153e-05,0.0,0.0,0.00043196941876119666,-4.79778945696623,0.000484803033770298,0.000484803033770298
Ti64,300,89,Ti64__300,2,-4.79827426,-4.580775572040833,-0.2175700860176496,7.139805848266345e-05,0.0,0.0,0.0006438783251946356,-4.797701779733288,0.0005724802667126383,0.0005724802667126383
Ti64,300,90,Ti64__300,2,-4.79827426,-4.580781714544993,-0.2175700860176496,7.754056264219766e-05,0.0,0.0,0.000329319816101209,-4.798022480746541,0.00025177925345953867,0.00025177925345953867
Ti64,300,91,Ti64__300,2,-4.79827426,-4.580607681854985,-0.2175700860176496,-9.649212736617674e-05,0.0,0.0,0.0004721552648831451,-4.797705612607751,0.0005686473922494883,0.0005686473922494883
Ti64,300,92,Ti64__300,2,-4.79827426,-4.580671390216507,-0.2175700860176496,-3.2783765843924506e-05,0.0,0.0,0.00042960762370825023,-4.797811868610448,0.0004623913895525078,0.0004623913895525078
Ti64,300,93,Ti64__300,2,-4.79827426,-4.580597957022349,-0.2175700860176496,-0.0001062169600013,0.0,0.0,0.0005336763197945626,-4.797634366720204,0.0006398932797964108,0.0006398932797964108
Ti64,300,94,Ti64__300,2,-4.79827426,-4.580753979969859,-0.2175700860176496,4.980598750792264e-05,0.0,0.0,0.0002747136547011919,-4.798049352332807,0.000224907667193186,0.000224907667193186
Ti64,300,95,Ti64__300,2,-4.79827426,-4.580665932916008,-0.2175700860176496,-3.824106634253699e-05,0.0,0.0,-5.017008967961312e-06,-4.798241035942626,3.322405737460343e-05,3.322405737460343e-05
Ti64,300,96,Ti64__300,2,-4.79827426,-4.580729654618395,-0.2175700860176496,2.5480636044128424e-05,0.0,0.0,0.000585253030472771,-4.797714487605571,0.000559772394429281,0.000559772394429281
Ti64,300,97,Ti64__300,2,-4.79827426,-4.580509711049679,-0.2175700860176496,-0.0001944629326718,0.0,0.0,0.0004407226117509877,-4.797639074455577,0.0006351855444233223,0.0006351855444233223
Ti64,300,98,Ti64__300,2,-4.79827426,-4.580744564302232,-0.2175700860176496,4.039031988101183e-05,0.0,0.0,-8.763841938314032e-05,-4.798402288739264,-0.00012802873926354152,0.00012802873926354152
Ti64,300,99,Ti64__300,2,-4.79827426,-4.580779119427969,-0.2175700860176496,7.494544561781336e-05,0.0,0.0,-0.00041990952127526904,-4.798769114966893,-0.0004948549668926105,0.0004948549668926105
Ti64,400,0,Ti64__400,1,-4.83216935,-4.517025674993572,-0.2175700860176496,-0.0975735889887779,100.0,10000.0,-0.09900429156685395,-4.833600052578076,-0.0014307025780757598,0.0014307025780757598
Ti64,400,1,Ti64__400,1,-4.83216935,-4.517272849666091,-0.2175700860176496,-0.0973264143162589,100.0,10000.0,-0.09765259860969032,-4.832495534293431,-0.00032618429343056476,0.00032618429343056476
Ti64,400,2,Ti64__400,1,-4.83216935,-4.517355787816868,-0.2175700860176496,-0.0972434761654824,100.0,10000.0,-0.09798147874819019,-4.8329073525827075,-0.0007380025827075087,0.0007380025827075087
Ti64,400,3,Ti64__400,1,-4.83216935,-4.517016146687023,-0.2175700860176496,-0.0975831172953271,100.0,10000.0,-0.09856405427416734,-4.83315028697884,-0.0009809369788396083,0.0009809369788396083
Ti64,400,4,Ti64__400,1,-4.83216935,-4.517033482947223,-0.2175700860176496,-0.0975657810351272,100.0,10000.0,-0.09835086237069263,-4.8329544313355655,-0.0007850813355654296,0.0007850813355654296
Ti64,400,5,Ti64__400,1,-4.83216935,-4.5171314472814705,-0.2175700860176496,-0.0974678167008799,100.0,10000.0,-0.09788780056704963,-4.83258933386617,-0.0004199838661698152,0.0004199838661698152
Ti64,400,6,Ti64__400,1,-4.83216935,-4.517187098464225,-0.2175700860176496,-0.0974121655181253,100.0,10000.0,-0.09780652533769076,-4.832563709819565,-0.0003943598195652598,0.0003943598195652598
Ti64,400,7,Ti64__400,1,-4.83216935,-4.517111606322654,-0.2175700860176496,-0.0974876576596962,100.0,10000.0,-0.0989578431723919,-4.833639535512695,-0.0014701855126952879,0.0014701855126952879
Ti64,400,8,Ti64__400,1,-4.83216935,-4.517196487979875,-0.2175700860176496,-0.097402776002475,100.0,10000.0,-0.09780415375345629,-4.832570727750981,-0.00040137775098081363,0.00040137775098081363
Ti64,400,9,Ti64__400,1,-4.83216935,-4.5172397590039415,-0.2175700860176496,-0.0973595049784089,100.0,10000.0,-0.09732226235812043,-4.832132107379711,3.7242620289035244e-05,3.7242620289035244e-05
Ti64,400,10,Ti64__400,1,-4.83216935,-4.5171378365022195,-0.2175700860176496,-0.0974614274801309,100.0,10000.0,-0.09742395285017133,-4.83213187537004,3.74746299600659e-05,3.74746299600659e-05
Ti64,400,11,Ti64__400,1,-4.83216935,-4.517101545154919,-0.2175700860176496,-0.0974977188274316,100.0,10000.0,-0.09928357055031133,-4.83395520172288,-0.0017858517228797055,0.0017858517228797055
Ti64,400,12,Ti64__400,1,-4.83216935,-4.517198958205464,-0.2175700860176496,-0.0974003057768865,100.0,10000.0,-0.09803263403838088,-4.832801678261494,-0.0006323282614939529,0.0006323282614939529
Ti64,400,13,Ti64__400,1,-4.83216935,-4.516831631650412,-0.2175700860176496,-0.0977676323319386,100.0,10000.0,-0.09871935961634168,-4.833121077284403,-0.00095172728440307,0.00095172728440307
Ti64,400,14,Ti64__400,1,-4.83216935,-4.517274359120908,-0.2175700860176496,-0.0973249048614427,100.0,10000.0,-0.09892529926350288,-4.83376974440206,-0.001600394402060168,0.001600394402060168
Ti64,400,15,Ti64__400,1,-4.83216935,-4.516917423806927,-0.2175700860176496,-0.0976818401754237,100.0,10000.0,-0.0987425488677932,-4.8332300586923695,-0.0010607086923695164,0.0010607086923695164
Ti64,400,16,Ti64__400,1,-4.83216935,-4.517238664071174,-0.2175700860176496,-0.0973605999111765,100.0,10000.0,-0.09818121589686618,-4.832989965985689,-0.0008206159856891659,0.0008206159856891659
Ti64,400,17,Ti64__400,1,-4.83216935,-4.517348862552608,-0.2175700860176496,-0.0972504014297422,100.0,10000.0,-0.09824016679235943,-4.8331591153626166,-0.0009897653626165237,0.0009897653626165237
Ti64,400,18,Ti64__400,1,-4.83216935,-4.51728791028813,-0.2175700860176496,-0.0973113536942206,100.0,10000.0,-0.09793329809643776,-4.832791294402217,-0.0006219444022166343,0.0006219444022166343
Ti64,400,19,Ti64__400,1,-4.83216935,-4.517143591751575,-0.2175700860176496,-0.0974556722307756,100.0,10000.0,-0.09841724594195035,-4.833130923711175,-0.0009615737111747791,0.0009615737111747791
Ti64,400,20,Ti64__400,1,-4.83216935,-4.517192231480506,-0.2175700860176496,-0.097407032501844,100.0,10000.0,-0.09814331379935931,-4.832905631297515,-0.0007362812975149069,0.0007362812975149069
Ti64,400,21,Ti64__400,1,-4.83216935,-4.517352844227188,-0.2175700860176496,-0.097246419755162,100.0,10000.0,-0.09772748793044259,-4.83265041817528,-0.0004810681752802637,0.0004810681752802637
Ti64,400,22,Ti64__400,1,-4.83216935,-4.517101355599365,-0.2175700860176496,-0.0974979083829851,100.0,10000.0,-0.09819774077284094,-4.832869182389856,-0.0006998323898557146,0.0006998323898557146
Ti64,400,23,Ti64__400,1,-4.83216935,-4.5170817927128235,-0.2175700860176496,-0.0975174712695269,100.0,10000.0,-0.09730228427958779,-4.83195416301006,0.00021518698993983065,0.00021518698993983065
Ti64,400,24,Ti64__400,1,-4.83216935,-4.517222829308743,-0.2175700860176496,-0.0973764346736075,100.0,10000.0,-0.09841681698203106,-4.833209732308423,-0.0010403823084228492,0.0010403823084228492
Ti64,400,25,Ti64__400,1,-4.83216935,-4.517182288903265,-0.2175700860176496,-0.0974169750790855,100.0,10000.0,-0.09852856926259862,-4.833280944183513,-0.0011115941835129206,0.0011115941835129206
Ti64,400,26,Ti64__400,1,-4.83216935,-4.517169655922797,-0.2175700860176496,-0.0974296080595534,100.0,10000.0,-0.09869151257904488,-4.833431254519491,-0.0012619045194908196,0.0012619045194908196
Ti64,400,27,Ti64__400,1,-4.83216935,-4.517334724621161,-0.2175700860176496,-0.0972645393611891,100.0,10000.0,-0.09783252526108363,-4.832737335899894,-0.0005679858998943743,0.0005679858998943743
Ti64,400,28,Ti64__400,1,-4.83216935,-4.517061798483667,-0.2175700860176496,-0.0975374654986837,100.0,10000.0,-0.09853396751648741,-4.833165852017803,-0.0009965020178031025,0.0009965020178031025
Ti64,400,29,Ti64__400,1,-4.83216935,-4.517258910588954,-0.2175700860176496,-0.0973403533933968,100.0,10000.0,-0.09825653398514791,-4.833085530591751,-0.0009161805917505816,0.0009161805917505816
Ti64,400,30,Ti64__400,1,-4.83216935,-4.517198175910514,-0.2175700860176496,-0.0974010880718362,100.0,10000.0,-0.09791372719582639,-4.83268198912399,-0.0005126391239897998,0.0005126391239897998
Ti64,400,31,Ti64__400,1,-4.83216935,-4.517101372876311,-0.2175700860176496,-0.097497891106039,100.0,10000.0,-0.0972743927432285,-4.831945851637189,0.00022349836281065905,0.00022349836281065905
Ti64,400,32,Ti64__400,1,-4.83216935,-4.517205861163246,-0.2175700860176496,-0.0973934028191042,100.0,10000.0,-0.09762033294521612,-4.832396280126112,-0.00022693012611174623,0.00022693012611174623
Ti64,400,33,Ti64__400,1,-4.83216935,-4.517167039723954,-0.2175700860176496,-0.0974322242583968,100.0,10000.0,-0.09813950635524922,-4.832876632096852,-0.0007072820968518911,0.0007072820968518911
Ti64,400,34,Ti64__400,1,-4.83216935,-4.517115218906072,-0.2175700860176496,-0.097484045076278,100.0,10000.0,-0.09931858661122325,-4.834003891534945,-0.001834541534944556,0.001834541534944556
Ti64,400,35,Ti64__400,1,-4.83216935,-4.516926451172027,-0.2175700860176496,-0.0976728128103238,100.0,10000.0,-0.09732109869283598,-4.831817635882512,0.0003517141174880223,0.0003517141174880223
Ti64,400,36,Ti64__400,1,-4.83216935,-4.517253011555943,-0.2175700860176496,-0.0973462524264073,100.0,10000.0,-0.0979155431794725,-4.832738640753065,-0.0005692907530647773,0.0005692907530647773
Ti64,400,37,Ti64__400,1,-4.83216935,-4.5173425367850575,-0.2175700860176496,-0.0972567271972929,100.0,10000.0,-0.09749940378983603,-4.832412026592543,-0.00024267659254295637,0.00024267659254295637
Ti64,400,38,Ti64__400,1,-4.83216935,-4.51708404606407,-0.2175700860176496,-0.09751521791828,100.0,10000.0,-0.09760779180690475,-4.832261923888624,-9.257388862415894e-05,9.257388862415894e-05
Ti64,400,39,Ti64__400,1,-4.83216935,-4.517116772408336,-0.2175700860176496,-0.0974824915740143,100.0,10000.0,-0.09886907087480783,-4.833555929300793,-0.0013865793007932226,0.0013865793007932226
Ti64,400,40,Ti64__400,1,-4.83216935,-4.517070781802328,-0.2175700860176496,-0.0975284821800223,100.0,10000.0,-0.09751814308875444,-4.832159010908732,1.0339091268463108e-05,1.0339091268463108e-05
Ti64,400,41,Ti64__400,1,-4.83216935,-4.517074312831503,-0.2175700860176496,-0.0975249511508474,100.0,10000.0,-0.09848192822718381,-4.833126327076336,-0.0009569770763357965,0.0009569770763357965
Ti64,400,42,Ti64__400,1,-4.83216935,-4.517249570098611,-0.2175700860176496,-0.0973496938837398,100.0,10000.0,-0.09765948507983611,-4.832479141196096,-0.0003097911960958655,0.0003097911960958655
Ti64,400,43,Ti64__400,1,-4.83216935,-4.516954873304522,-0.2175700860176496,-0.0976443906778282,100.0,10000.0,-0.09875240623389141,-4.833277365556063,-0.001108015556062547,0.001108015556062547
Ti64,400,44,Ti64__400,1,-4.83216935,-4.517148718325079,-0.2175700860176496,-0.0974505456572712,100.0,10000.0,-0.09785149602822311,-4.832570300370952,-0.0004009503709516693,0.0004009503709516693
Ti64,400,45,Ti64__400,1,-4.83216935,-4.517072591784405,-0.2175700860176496,-0.0975266721979452,100.0,10000.0,-0.09856791467888648,-4.833210592480941,-0.0010412424809409515,0.0010412424809409515
Ti64,400,46,Ti64__400,1,-4.83216935,-4.517334539980743,-0.2175700860176496,-0.0972647240016076,100.0,10000.0,-0.09826412640317035,-4.833168752401562,-0.000999402401562044,0.000999402401562044
Ti64,400,47,Ti64__400,1,-4.83216935,-4.516982610029527,-0.2175700860176496,-0.0976166539528234,100.0,10000.0,-0.09817051085446542,-4.832723206901641,-0.0005538569016412254,0.0005538569016412254
Ti64,400,48,Ti64__400,1,-4.83216935,-4.517315310619122,-0.2175700860176496,-0.097283953363228,100.0,10000.0,-0.0984603825907635,-4.833345779227535,-0.0011764292275353583,0.0011764292275353583
Ti64,400,49,Ti64__400,1,-4.83216935,-4.517338464930552,-0.2175700860176496,-0.097260799051798,100.0,10000.0,-0.09805547811141546,-4.832964029059617,-0.0007946790596173869,0.0007946790596173869
Ti64,400,50,Ti64__400,1,-4.83216935,-4.517098907608489,-0.2175700860176496,-0.0975003563738617,100.0,10000.0,-0.09875403810666053,-4.833423031732798,-0.001253681732798384,0.001253681732798384
Ti64,400,51,Ti64__400,1,-4.83216935,-4.516859553266303,-0.2175700860176496,-0.0977397107160472,100.0,10000.0,-0.0984600430782701,-4.8328896823622225,-0.0007203323622224644,0.0007203323622224644
Ti64,400,52,Ti64__400,1,-4.83216935,-4.517105196098485,-0.2175700860176496,-0.0974940678838655,100.0,10000.0,-0.098867366433929,-4.833542648550063,-0.0013732985500629624,0.0013732985500629624
Ti64,400,53,Ti64__400,1,-4.83216935,-4.517152257332313,-0.2175700860176496,-0.0974470066500373,100.0,10000.0,-0.09840376016264438,-4.8331261035126065,-0.0009567535126064897,0.0009567535126064897
Ti64,400,54,Ti64__400,1,-4.83216935,-4.517203514612882,-0.2175700860176496,-0.097395749369468,100.0,10000.0,-0.09864651873956566,-4.833420119370097,-0.00125076937009716,0.00125076937009716
Ti64,400,55,Ti64__400,1,-4.83216935,-4.516961709161897,-0.2175700860176496,-0.097637554820453,100.0,10000.0,-0.09869219277926991,-4.833223987958816,-0.001054637958816329,0.001054637958816329
Ti64,400,56,Ti64__400,1,-4.83216935,-4.517027498624945,-0.2175700860176496,-0.0975717653574058,100.0,10000.0,-0.09797724871755051,-4.832574833360145,-0.0004054833601445651,0.0004054833601445651
Ti64,400,57,Ti64__400,1,-4.83216935,-4.5172484275977265,-0.2175700860176496,-0.0973508363846239,100.0,10000.0,-0.09798491886773708,-4.832803432483113,-0.0006340824831125857,0.0006340824831125857
Ti64,400,58,Ti64__400,1,-4.83216935,-4.517088457632413,-0.2175700860176496,-0.0975108063499373,100.0,10000.0,-0.09822234335742266,-4.832880887007485,-0.0007115370074846084,0.0007115370074846084
Ti64,400,59,Ti64__400,1,-4.83216935,-4.51711134024459,-0.2175700860176496,-0.0974879237377607,100.0,10000.0,-0.09840383090665203,-4.833085257168891,-0.0009159071688911169,0.0009159071688911169
Ti64,400,60,Ti64__400,1,-4.83216935,-4.517261093712478,-0.2175700860176496,-0.0973381702698722,100.0,10000.0,-0.09854238115741484,-4.8333735608875426,-0.0012042108875425228,0.0012042108875425228
Ti64,400,61,Ti64__400,1,-4.83216935,-4.516976838906223,-0.2175700860176496,-0.0976224250761271,100.0,10000.0,-0.09908973902507327,-4.833636663948946,-0.0014673139489458364,0.0014673139489458364
Ti64,400,62,Ti64__400,1,-4.83216935,-4.517154922610284,-0.2175700860176496,-0.0974443413720665,100.0,10000.0,-0.09780962780440812,-4.832534636432341,-0.0003652864323413496,0.0003652864323413496
Ti64,400,63,Ti64__400,1,-4.83216935,-4.516943644123508,-0.2175700860176496,-0.0976556198588426,100.0,10000.0,-0.09829771494975532,-4.832811445090912,-0.0006420950909120648,0.0006420950909120648
Ti64,400,64,Ti64__400,1,-4.83216935,-4.517042509989023,-0.2175700860176496,-0.0975567539933278,100.0,10000.0,-0.0988769557732329,-4.833489551779905,-0.0013202017799045507,0.0013202017799045507
Ti64,400,65,Ti64__400,1,-4.83216935,-4.516973295361964,-0.2175700860176496,-0.097625968620386,100.0,10000.0,-0.09857029935556784,-4.833113680735181,-0.0009443307351810759,0.0009443307351810759
Ti64,400,66,Ti64__400,1,-4.83216935,-4.51700831305105,-0.2175700860176496,-0.0975909509313007,100.0,10000.0,-0.09783454169675726,-4.832412940765456,-0.0002435907654563252,0.0002435907654563252
Ti64,400,67,Ti64__400,1,-4.83216935,-4.517253912467822,-0.2175700860176496,-0.097345351514528,100.0,10000.0,-0.09795392871174376,-4.832777927197215,-0.0006085771972150766,0.0006085771972150766
Ti64,400,68,Ti64__400,1,-4.83216935,-4.517236429233418,-0.2175700860176496,-0.0973628347489322,100.0,10000.0,-0.09809919813207303,-4.83290571338314,-0.0007363633831403149,0.0007363633831403149
Ti64,400,69,Ti64__400,1,-4.83216935,-4.516907850911688,-0.2175700860176496,-0.0976914130706628,100.0,10000.0,-0.09813768589182405,-4.8326156228211605,-0.00044627282116049827,0.00044627282116049827
Ti64,400,70,Ti64__400,1,-4.83216935,-4.517035622325685,-0.2175700860176496,-0.0975636416566653,100.0,10000.0,-0.09802412181973139,-4.832629830163066,-0.0004604801630661015,0.0004604801630661015
Ti64,400,71,Ti64__400,1,-4.83216935,-4.517243376267374,-0.2175700860176496,-0.0973558877149761,100.0,10000.0,-0.09812860598790565,-4.83294206827293,-0.0007727182729295734,0.0007727182729295734
Ti64,400,72,Ti64__400,1,-4.83216935,-4.5169657672768935,-0.2175700860176496,-0.0976334967054569,100.0,10000.0,-0.09845199471194313,-4.832987848006486,-0.0008184980064855907,0.0008184980064855907
Ti64,400,73,Ti64__400,1,-4.83216935,-4.517055583327447,-0.2175700860176496,-0.0975436806549036,100.0,10000.0,-0.09854841425312427,-4.83317408359822,-0.0010047335982203975,0.0010047335982203975
Ti64,400,74,Ti64__400,1,-4.83216935,-4.517112916743554,-0.2175700860176496,-0.0974863472387964,100.0,10000.0,-0.09828536986561645,-4.832968372626819,-0.0007990226268193013,0.0007990226268193013
Ti64,400,75,Ti64__400,1,-4.83216935,-4.517130124765546,-0.2175700860176496,-0.0974691392168042,100.0,10000.0,-0.09833831730748252,-4.833038528090678,-0.0008691780906779911,0.0008691780906779911
Ti64,400,76,Ti64__400,1,-4.83216935,-4.517148270303737,-0.2175700860176496,-0.0974509936786131,100.0,10000.0,-0.0976783376367913,-4.832396693958178,-0.0002273439581781389,0.0002273439581781389
Ti64,400,77,Ti64__400,1,-4.83216935,-4.5172425046505715,-0.2175700860176496,-0.0973567593317789,100.0,10000.0,-0.09845128309307283,-4.833263873761293,-0.0010945237612931535,0.0010945237612931535
Ti64,400,78,Ti64__400,1,-4.83216935,-4.51722386890169,-0.2175700860176496,-0.0973753950806607,100.0,10000.0,-0.09862860403201922,-4.833422558951358,-0.0012532089513577205,0.0012532089513577205
Ti64,400,79,Ti64__400,1,-4.83216935,-4.5169704577827545,-0.2175700860176496,-0.0976288061995959,100.0,10000.0,-0.09806847376004436,-4.832609017560448,-0.00043966756044788724,0.00043966756044788724
Ti64,400,80,Ti64__400,1,-4.83216935,-4.517000063687618,-0.2175700860176496,-0.0975992002947322,100.0,10000.0,-0.09861229022875471,-4.833182439934022,-0.001013089934022382,0.001013089934022382
Ti64,400,81,Ti64__400,1,-4.83216935,-4.517198052172158,-0.2175700860176496,-0.0974012118101926,100.0,10000.0,-0.09826456758115822,-4.833032705770965,-0.0008633557709654127,0.0008633557709654127
Ti64,400,82,Ti64__400,1,-4.83216935,-4.517288675199828,-0.2175700860176496,-0.0973105887825221,100.0,10000.0,-0.09757870905613467,-4.832437470273613,-0.00026812027361255986,0.00026812027361255986
Ti64,400,83,Ti64__400,1,-4.83216935,-4.517172409633688,-0.2175700860176496,-0.0974268543486621,100.0,10000.0,-0.09879527714614096,-4.833537772797478,-0.0013684227974781749,0.0013684227974781749
Ti64,400,84,Ti64__400,1,-4.83216935,-4.517237501566196,-0.2175700860176496,-0.0973617624161541,100.0,10000.0,-0.09837844367357752,-4.833186031257423,-0.0010166812574228246,0.0010166812574228246
Ti64,400,85,Ti64__400,1,-4.83216935,-4.516799106647463,-0.2175700860176496,-0.0978001573348873,100.0,10000.0,-0.09844766102338832,-4.832816853688501,-0.0006475036885005281,0.0006475036885005281
Ti64,400,86,Ti64__400,1,-4.83216935,-4.517073721483074,-0.2175700860176496,-0.0975255424992763,100.0,10000.0,-0.09839733117906034,-4.833041138679784,-0.0008717886797837693,0.0008717886797837693
Ti64,400,87,Ti64__400,1,-4.83216935,-4.517009817717486,-0.2175700860176496,-0.0975894462648639,100.0,10000.0,-0.09758985009211842,-4.832169753827254,-4.038272543027688e-07,4.038272543027688e-07
Ti64,400,88,Ti64__400,1,-4.83216935,-4.516910582910134,-0.2175700860176496,-0.0976886810722167,100.0,10000.0,-0.0977673583610462,-4.832248027288829,-7.867728882882119e-05,7.867728882882119e-05
Ti64,400,89,Ti64__400,1,-4.83216935,-4.517262520648084,-0.2175700860176496,-0.0973367433342661,100.0,10000.0,-0.09757429088950943,-4.832406897555243,-0.00023754755524318938,0.00023754755524318938
Ti64,400,90,Ti64__400,1,-4.83216935,-4.517142453482664,-0.2175700860176496,-0.0974568104996868,100.0,10000.0,-0.09786235080924935,-4.832574890309562,-0.0004055403095621912,0.0004055403095621912
Ti64,400,91,Ti64__400,1,-4.83216935,-4.5172418388544475,-0.2175700860176496,-0.0973574251279029,100.0,10000.0,-0.09894775653887791,-4.8337596814109745,-0.0015903314109744215,0.0015903314109744215
Ti64,400,92,Ti64__400,1,-4.83216935,-4.517219378241164,-0.2175700860176496,-0.0973798857411868,100.0,10000.0,-0.09832996881819195,-4.833119433077004,-0.0009500830770043933,0.0009500830770043933
Ti64,400,93,Ti64__400,1,-4.83216935,-4.5172458681261665,-0.2175700860176496,-0.0973533958561839,100.0,10000.0,-0.09757007774603985,-4.832386031889856,-0.00021668188985568548,0.00021668188985568548
Ti64,400,94,Ti64__400,1,-4.83216935,-4.517427195153643,-0.2175700860176496,-0.0971720688287073,100.0,10000.0,-0.09808736301023153,-4.833084644181524,-0.0009152941815235849,0.0009152941815235849
Ti64,400,95,Ti64__400,1,-4.83216935,-4.517239529104813,-0.2175700860176496,-0.0973597348775371,100.0,10000.0,-0.0973785062843198,-4.832188121406783,-1.8771406782747135e-05,1.8771406782747135e-05
Ti64,400,96,Ti64__400,1,-4.83216935,-4.517250309812386,-0.2175700860176496,-0.0973489541699642,100.0,10000.0,-0.09825802562274648,-4.8330784214527815,-0.000909071452781518,0.000909071452781518
Ti64,400,97,Ti64__400,1,-4.83216935,-4.51744722115006,-0.2175700860176496,-0.0971520428322906,100.0,10000.0,-0.09790289333446847,-4.832920200502177,-0.0007508505021771583,0.0007508505021771583
Ti64,400,98,Ti64__400,1,-4.83216935,-4.517075824669363,-0.2175700860176496,-0.0975234393129872,100.0,10000.0,-0.09821661863313967,-4.832862529320152,-0.0006931793201516712,0.0006931793201516712
Ti64,400,99,Ti64__400,1,-4.83216935,-4.517184042748385,-0.2175700860176496,-0.0974152212339657,100.0,10000.0,-0.0977301786903647,-4.832484307456399,-0.00031495745639897876,0.00031495745639897876
Ti64,500,0,Ti64__500,0,-4.87341393,-4.455851308941744,-0.2175700860176496,-0.1999925350406061,200.0,40000.0,-0.1987544392213155,-4.872175834180709,0.0012380958192910185,0.0012380958192910185
Ti64,500,1,Ti64__500,0,-4.87341393,-4.455933482149978,-0.2175700860176496,-0.1999103618323726,200.0,40000.0,-0.1991776058500352,-4.8726811740176625,0.000732755982337352,0.000732755982337352
Ti64,500,2,Ti64__500,0,-4.87341393,-4.455557132449817,-0.2175700860176496,-0.2002867115325332,200.0,40000.0,-0.19834987090633135,-4.871477089373798,0.001936840626202141,0.001936840626202141
Ti64,500,3,Ti64__500,0,-4.87341393,-4.455577847759414,-0.2175700860176496,-0.2002659962229366,200.0,40000.0,-0.20023071625021485,-4.873378650027278,3.52799727219022e-05,3.52799727219022e-05
Ti64,500,4,Ti64__500,0,-4.87341393,-4.455728645821455,-0.2175700860176496,-0.2001151981608956,200.0,40000.0,-0.19962502685222236,-4.872923758691326,0.0004901713086740145,0.0004901713086740145
Ti64,500,5,Ti64__500,0,-4.87341393,-4.455595530078304,-0.2175700860176496,-0.2002483139040466,200.0,40000.0,-0.20000690377952557,-4.873172519875478,0.00024141012452183475,0.00024141012452183475
Ti64,500,6,Ti64__500,0,-4.87341393,-4.455424497721268,-0.2175700860176496,-0.2004193462610827,200.0,40000.0,-0.19960546360034442,-4.872600047339262,0.0008138826607382299,0.0008138826607382299
Ti64,500,7,Ti64__500,0,-4.87341393,-4.455919408022259,-0.2175700860176496,-0.199924435960091,200.0,40000.0,-0.199874942499583,-4.873364436539491,4.9493460508642784e-05,4.9493460508642784e-05
Ti64,500,8,Ti64__500,0,-4.87341393,-4.455912289278178,-0.2175700860176496,-0.1999315547041723,200.0,40000.0,-0.19869722245273155,-4.872179597748559,0.0012343322514407618,0.0012343322514407618
Ti64,500,9,Ti64__500,0,-4.87341393,-4.455838765224476,-0.2175700860176496,-0.2000050787578745,200.0,40000.0,-0.1989790526714416,-4.872387903913567,0.001026026086432985,0.001026026086432985
Ti64,500,10,Ti64__500,0,-4.87341393,-4.456039493189652,-0.2175700860176496,-0.1998043507926979,200.0,40000.0,-0.19942721412161632,-4.873036793328918,0.0003771366710818569,0.0003771366710818569
Ti64,500,11,Ti64__500,0,-4.87341393,-4.455784239693556,-0.2175700860176496,-0.2000596042887942,200.0,40000.0,-0.1985267237662336,-4.871881049477439,0.0015328805225607312,0.0015328805225607312
Ti64,500,12,Ti64__500,0,-4.87341393,-4.455580091731042,-0.2175700860176496,-0.2002637522513085,200.0,40000.0,-0.19954185002578964,-4.87269202777448,0.0007219022255195995,0.0007219022255195995
Ti64,500,13,Ti64__500,0,-4.87341393,-4.455620758796351,-0.2175700860176496,-0.2002230851859995,200.0,40000.0,-0.19872202890582014,-4.87191287371982,0.0015010562801798244,0.0015010562801798244
Ti64,500,14,Ti64__500,0,-4.87341393,-4.455790641739687,-0.2175700860176496,-0.2000532022426636,200.0,40000.0,-0.19812636052982052,-4.871487088287156,0.001926841712843519,0.001926841712843519
Ti64,500,15,Ti64__500,0,-4.87341393,-4.455956286532106,-0.2175700860176496,-0.1998875574502442,200.0,40000.0,-0.20078787975449983,-4.874314252304255,-0.0009003223042549635,0.0009003223042549635
Ti64,500,16,Ti64__500,0,-4.87341393,-4.456141829064061,-0.2175700860176496,-0.1997020149182896,200.0,40000.0,-0.19909245624523314,-4.872804371326943,0.0006095586730570091,0.0006095586730570091
Ti64,500,17,Ti64__500,0,-4.87341393,-4.456081650368294,-0.2175700860176496,-0.1997621936140566,200.0,40000.0,-0.19904350051664538,-4.872695236902588,0.0007186930974114603,0.0007186930974114603
Ti64,500,18,Ti64__500,0,-4.87341393,-4.4560045880287635,-0.2175700860176496,-0.1998392559535867,200.0,40000.0,-0.19916224984987246,-4.872736923896285,0.0006770061037144615,0.0006770061037144615
Ti64,500,19,Ti64__500,0,-4.87341393,-4.455697379375127,-0.2175700860176496,-0.2001464646072236,200.0,40000.0,-0.19940514627437123,-4.872672611667147,0.0007413183328530693,0.0007413183328530693
Ti64,500,20,Ti64__500,0,-4.87341393,-4.455538726263313,-0.2175700860176496,-0.200305117719037,200.0,40000.0,-0.19918249930789247,-4.872291311588855,0.0011226184111450266,0.0011226184111450266
Ti64,500,21,Ti64__500,0,-4.87341393,-4.455645466180262,-0.2175700860176496,-0.2001983778020882,200.0,40000.0,-0.19902962831117674,-4.872245180509088,0.0011687494909118357,0.0011687494909118357
Ti64,500,22,Ti64__500,0,-4.87341393,-4.455852620911471,-0.2175700860176496,-0.1999912230708794,200.0,40000.0,-0.19936054548361973,-4.87278325241274,0.0006306775872602088,0.0006306775872602088
Ti64,500,23,Ti64__500,0,-4.87341393,-4.455788518720345,-0.2175700860176496,-0.2000553252620053,200.0,40000.0,-0.1999904040349194,-4.873349008772914,6.492122708579018e-05,6.492122708579018e-05
Ti64,500,24,Ti64__500,0,-4.87341393,-4.455781331338746,-0.2175700860176496,-0.2000625126436045,200.0,40000.0,-0.1992723208005212,-4.872623738156916,0.0007901918430839316,0.0007901918430839316
Ti64,500,25,Ti64__500,0,-4.87341393,-4.4557262592158775,-0.2175700860176496,-0.2001175847664728,200.0,40000.0,-0.19969295734433973,-4.872989302577866,0.0004246274221335611,0.0004246274221335611
Ti64,500,26,Ti64__500,0,-4.87341393,-4.455724412310402,-0.2175700860176496,-0.2001194316719484,200.0,40000.0,-0.200035677004618,-4.873330175332669,8.375466733046011e-05,8.375466733046011e-05
Ti64,500,27,Ti64__500,0,-4.87341393,-4.456004170871184,-0.2175700860176496,-0.1998396731111663,200.0,40000.0,-0.19989421130433443,-4.873468468193168,-5.453819316780795e-05,5.453819316780795e-05
Ti64,500,28,Ti64__500,0,-4.87341393,-4.455718613400749,-0.2175700860176496,-0.2001252305816013,200.0,40000.0,-0.20050052236073443,-4.873789221779132,-0.00037529177913242506,0.00037529177913242506
Ti64,500,29,Ti64__500,0,-4.87341393,-4.456003470499389,-0.2175700860176496,-0.1998403734829615,200.0,40000.0,-0.2002967062934697,-4.873870262810508,-0.00045633281050783125,0.00045633281050783125
Ti64,500,30,Ti64__500,0,-4.87341393,-4.455778217287905,-0.2175700860176496,-0.2000656266944457,200.0,40000.0,-0.19858578619887043,-4.871934089504424,0.0014798404955760347,0.0014798404955760347
Ti64,500,31,Ti64__500,0,-4.87341393,-4.455859175735309,-0.2175700860176496,-0.1999846682470411,200.0,40000.0,-0.19837775051422663,-4.871807012267185,0.0016069177328148498,0.0016069177328148498
Ti64,500,32,Ti64__500,0,-4.87341393,-4.455898992869629,-0.2175700860176496,-0.1999448511127216,200.0,40000.0,-0.19981525816633508,-4.873284337053613,0.0001295929463864809,0.0001295929463864809
Ti64,500,33,Ti64__500,0,-4.87341393,-4.455672131778098,-0.2175700860176496,-0.2001717122042526,200.0,40000.0,-0.2001713042454779,-4.873413522041225,4.0795877520594104e-07,4.0795877520594104e-07
Ti64,500,34,Ti64__500,0,-4.87341393,-4.455863414275192,-0.2175700860176496,-0.1999804297071584,200.0,40000.0,-0.19963337262222897,-4.87306687291507,0.0003470570849302135,0.0003470570849302135
Ti64,500,35,Ti64__500,0,-4.87341393,-4.456138095748362,-0.2175700860176496,-0.199705748233988,200.0,40000.0,-0.1991006806333883,-4.8728088623994,0.0006050676005999733,0.0006050676005999733
Ti64,500,36,Ti64__500,0,-4.87341393,-4.455859362921668,-0.2175700860176496,-0.1999844810606822,200.0,40000.0,-0.19916738478217372,-4.872596833721491,0.0008170962785092328,0.0008170962785092328
Ti64,500,37,Ti64__500,0,-4.87341393,-4.455664817742629,-0.2175700860176496,-0.2001790262397215,200.0,40000.0,-0.19905364021171662,-4.872288543971995,0.0011253860280051597,0.0011253860280051597
Ti64,500,38,Ti64__500,0,-4.87341393,-4.45589604982642,-0.2175700860176496,-0.1999477941559299,200.0,40000.0,-0.1991837753940113,-4.8726499112380806,0.0007640187619193384,0.0007640187619193384
Ti64,500,39,Ti64__500,0,-4.87341393,-4.45593164660695,-0.2175700860176496,-0.1999121973754004,200.0,40000.0,-0.19871010657220092,-4.8722118391968,0.0012020908031997735,0.0012020908031997735
Ti64,500,40,Ti64__500,0,-4.87341393,-4.455882847650408,-0.2175700860176496,-0.1999609963319418,200.0,40000.0,-0.19909716895859753,-4.872550102626655,0.0008638273733447832,0.0008638273733447832
Ti64,500,41,Ti64__500,0,-4.87341393,-4.456033733248135,-0.2175700860176496,-0.1998101107342155,200.0,40000.0,-0.19922342531831017,-4.872827244584094,0.0005866854159055634,0.0005866854159055634
Ti64,500,42,Ti64__500,0,-4.87341393,-4.455715732095016,-0.2175700860176496,-0.200128111887334,200.0,40000.0,-0.1990755754624239,-4.87236139357509,0.001052536424910322,0.001052536424910322
Ti64,500,43,Ti64__500,0,-4.87341393,-4.455993696737068,-0.2175700860176496,-0.1998501472452819,200.0,40000.0,-0.19746607335336747,-4.871029856108085,0.002384073891914973,0.002384073891914973
Ti64,500,44,Ti64__500,0,-4.87341393,-4.455984511166166,-0.2175700860176496,-0.199859332816184,200.0,40000.0,-0.19922942711683267,-4.872784024300648,0.0006299056993519514,0.0006299056993519514
Ti64,500,45,Ti64__500,0,-4.87341393,-4.4557509199694945,-0.2175700860176496,-0.2000929240128558,200.0,40000.0,-0.19860678796072456,-4.871927793947869,0.001486136052131215,0.001486136052131215
Ti64,500,46,Ti64__500,0,-4.87341393,-4.455858074534393,-0.2175700860176496,-0.1999857694479573,200.0,40000.0,-0.1997069729583079,-4.87313513351035,0.0002787964896500128,0.0002787964896500128
Ti64,500,47,Ti64__500,0,-4.87341393,-4.456190874147348,-0.2175700860176496,-0.1996529698350025,200.0,40000.0,-0.199526592680196,-4.873287552845193,0.00012637715480678935,0.00012637715480678935
Ti64,500,48,Ti64__500,0,-4.87341393,-4.455930366551279,-0.2175700860176496,-0.1999134774310716,200.0,40000.0,-0.19880830592784288,-4.872308758496771,0.0011051715032293075,0.0011051715032293075
Ti64,500,49,Ti64__500,0,-4.87341393,-4.455701389916521,-0.2175700860176496,-0.2001424540658295,200.0,40000.0,-0.20007402550979822,-4.873345501443969,6.842855603128584e-05,6.842855603128584e-05
Ti64,500,50,Ti64__500,0,-4.87341393,-4.455668764950654,-0.2175700860176496,-0.2001750790316961,200.0,40000.0,-0.199993292335659,-4.873232143303962,0.00018178669603763353,0.00018178669603763353
Ti64,500,51,Ti64__500,0,-4.87341393,-4.455962805821879,-0.2175700860176496,-0.1998810381604713,200.0,40000.0,-0.19845437222429904,-4.8719872640638275,0.0014266659361723555,0.0014266659361723555
Ti64,500,52,Ti64__500,0,-4.87341393,-4.455874873529752,-0.2175700860176496,-0.1999689704525981,200.0,40000.0,-0.1983252719390981,-4.8717702314865,0.0016436985134999915,0.0016436985134999915
Ti64,500,53,Ti64__500,0,-4.87341393,-4.455814472250848,-0.2175700860176496,-0.2000293717315019,200.0,40000.0,-0.19840547550232018,-4.871790033770818,0.0016238962291819092,0.0016238962291819092
Ti64,500,54,Ti64__500,0,-4.87341393,-4.455769596632002,-0.2175700860176496,-0.2000742473503486,200.0,40000.0,-0.19891299549670022,-4.872252678146351,0.0011612518536487926,0.0011612518536487926
Ti64,500,55,Ti64__500,0,-4.87341393,-4.455849918551228,-0.2175700860176496,-0.1999939254311226,200.0,40000.0,-0.19953950777680762,-4.872959512345685,0.00045441765431508685,0.00045441765431508685
Ti64,500,56,Ti64__500,0,-4.87341393,-4.456000787204304,-0.2175700860176496,-0.1998430567780463,200.0,40000.0,-0.20005176221495205,-4.873622635436905,-0.0002087054369050989,0.0002087054369050989
Ti64,500,57,Ti64__500,0,-4.87341393,-4.455808520165743,-0.2175700860176496,-0.2000353238166076,200.0,40000.0,-0.19955755552580248,-4.872936161709195,0.0004777682908052583,0.0004777682908052583
Ti64,500,58,Ti64__500,0,-4.87341393,-4.455764669594047,-0.2175700860176496,-0.2000791743883031,200.0,40000.0,-0.1986735582348066,-4.872008313846503,0.0014056161534972134,0.0014056161534972134
Ti64,500,59,Ti64__500,0,-4.87341393,-4.4556260020820995,-0.2175700860176496,-0.2002178419002508,200.0,40000.0,-0.19928749474342383,-4.872483582843173,0.0009303471568271604,0.0009303471568271604
Ti64,500,60,Ti64__500,0,-4.87341393,-4.45559550831395,-0.2175700860176496,-0.2002483356684005,200.0,40000.0,-0.19973228456811543,-4.872897878899715,0.0005160511002850754,0.0005160511002850754
Ti64,500,61,Ti64__500,0,-4.87341393,-4.456152666107339,-0.2175700860176496,-0.1996911778750109,200.0,40000.0,-0.19826612718053557,-4.871988879305524,0.001425050694475516,0.001425050694475516
Ti64,500,62,Ti64__500,0,-4.87341393,-4.455683755764871,-0.2175700860176496,-0.2001600882174795,200.0,40000.0,-0.19947164176851387,-4.872725483551034,0.0006884464489660402,0.0006884464489660402
Ti64,500,63,Ti64__500,0,-4.87341393,-4.455843367480989,-0.2175700860176496,-0.2000004765013608,200.0,40000.0,-0.19992343093523582,-4.873336884433875,7.704556612520008e-05,7.704556612520008e-05
Ti64,500,64,Ti64__500,0,-4.87341393,-4.455854610117993,-0.2175700860176496,-0.1999892338643573,200.0,40000.0,-0.19911176526109775,-4.87253646139674,0.0008774686032602119,0.0008774686032602119
Ti64,500,65,Ti64__500,0,-4.87341393,-4.455878537701411,-0.2175700860176496,-0.1999653062809395,200.0,40000.0,-0.19953703094004122,-4.872985654659101,0.00042827534089884267,0.00042827534089884267
Ti64,500,66,Ti64__500,0,-4.87341393,-4.455691571218396,-0.2175700860176496,-0.2001522727639543,200.0,40000.0,-0.1983740167975046,-4.87163567403355,0.001778255966449649,0.001778255966449649
Ti64,500,67,Ti64__500,0,-4.87341393,-4.455774208649558,-0.2175700860176496,-0.2000696353327923,200.0,40000.0,-0.19978482631588537,-4.8731291209830925,0.0002848090169074169,0.0002848090169074169
Ti64,500,68,Ti64__500,0,-4.87341393,-4.45613401961806,-0.2175700860176496,-0.1997098243642906,200.0,40000.0,-0.1972101805615748,-4.870914286197284,0.002499643802716278,0.002499643802716278
Ti64,500,69,Ti64__500,0,-4.87341393,-4.4559708895632735,-0.2175700860176496,-0.1998729544190768,200.0,40000.0,-0.19940182818583752,-4.87294280376676,0.00047112623323997127,0.00047112623323997127
Ti64,500,70,Ti64__500,0,-4.87341393,-4.455900152705693,-0.2175700860176496,-0.1999436912766571,200.0,40000.0,-0.19882080949586992,-4.872291048219212,0.0011228817807875657,0.0011228817807875657
Ti64,500,71,Ti64__500,0,-4.87341393,-4.455674150687557,-0.2175700860176496,-0.2001696932947935,200.0,40000.0,-0.1999253348111444,-4.8731695715163506,0.00024435848364934287,0.00024435848364934287
Ti64,500,72,Ti64__500,0,-4.87341393,-4.455681758436161,-0.2175700860176496,-0.200162085546189,200.0,40000.0,-0.19947983882529538,-4.872731683279106,0.0006822467208937866,0.0006822467208937866
Ti64,500,73,Ti64__500,0,-4.87341393,-4.455814316498836,-0.2175700860176496,-0.2000295274835141,200.0,40000.0,-0.1992779768111913,-4.872662379327677,0.0007515506723230203,0.0007515506723230203
Ti64,500,74,Ti64__500,0,-4.87341393,-4.455961983325671,-0.2175700860176496,-0.1998818606566793,200.0,40000.0,-0.19861508600010264,-4.872147155343423,0.0012667746565773186,0.0012667746565773186
Ti64,500,75,Ti64__500,0,-4.87341393,-4.455546389761432,-0.2175700860176496,-0.2002974542209182,200.0,40000.0,-0.20059439801889922,-4.873710873797981,-0.000296943797980731,0.000296943797980731
Ti64,500,76,Ti64__500,0,-4.87341393,-4.455678910227329,-0.2175700860176496,-0.2001649337550214,200.0,40000.0,-0.19879104383207064,-4.8720400400770485,0.001373889922951399,0.001373889922951399
Ti64,500,77,Ti64__500,0,-4.87341393,-4.455767564467112,-0.2175700860176496,-0.2000762795152383,200.0,40000.0,-0.198676224334549,-4.87201387481931,0.001400055180689641,0.001400055180689641
Ti64,500,78,Ti64__500,0,-4.87341393,-4.455835401810653,-0.2175700860176496,-0.2000084421716975,200.0,40000.0,-0.19874724999258547,-4.872152737820888,0.001261192179112136,0.001261192179112136
Ti64,500,79,Ti64__500,0,-4.87341393,-4.456050979871477,-0.2175700860176496,-0.1997928641108736,200.0,40000.0,-0.1997579696621195,-4.873379035551245,3.489444875448555e-05,3.489444875448555e-05
Ti64,500,80,Ti64__500,0,-4.87341393,-4.4559231924655345,-0.2175700860176496,-0.1999206515168158,200.0,40000.0,-0.19864003128820848,-4.872133309771392,0.0012806202286075319,0.0012806202286075319
Ti64,500,81,Ti64__500,0,-4.87341393,-4.455743708912882,-0.2175700860176496,-0.2001001350694681,200.0,40000.0,-0.19971413569058316,-4.873027930621115,0.0003859993788850602,0.0003859993788850602
Ti64,500,82,Ti64__500,0,-4.87341393,-4.455350543014908,-0.2175700860176496,-0.2004933009674424,200.0,40000.0,-0.1996754623204195,-4.872596091352976,0.00081783864702345,0.00081783864702345
Ti64,500,83,Ti64__500,0,-4.87341393,-4.45630215215391,-0.2175700860176496,-0.1995416918284404,200.0,40000.0,-0.19861344029867326,-4.872485678470232,0.0009282515297677207,0.0009282515297677207
Ti64,500,84,Ti64__500,0,-4.87341393,-4.456057552898884,-0.2175700860176496,-0.1997862910834659,200.0,40000.0,-0.19976623465736507,-4.873393873573899,2.005642610125591e-05,2.005642610125591e-05
Ti64,500,85,Ti64__500,0,-4.87341393,-4.455898527101985,-0.2175700860176496,-0.1999453168803656,200.0,40000.0,-0.19972571775434508,-4.873194330873979,0.00021959912602120824,0.00021959912602120824
Ti64,500,86,Ti64__500,0,-4.87341393,-4.455899820206831,-0.2175700860176496,-0.1999440237755193,200.0,40000.0,-0.1992642802322077,-4.872734186456688,0.0006797435433121279,0.0006797435433121279
Ti64,500,87,Ti64__500,0,-4.87341393,-4.456010253317997,-0.2175700860176496,-0.1998335906643534,200.0,40000.0,-0.19903602631393222,-4.872616365649578,0.0007975643504218866,0.0007975643504218866
Ti64,500,88,Ti64__500,0,-4.87341393,-4.455911176046622,-0.2175700860176496,-0.1999326679357281,200.0,40000.0,-0.1997961058146938,-4.873277367878965,0.00013656212103452248,0.00013656212103452248
Ti64,500,89,Ti64__500,0,-4.87341393,-4.455762421133315,-0.2175700860176496,-0.2000814228490354,200.0,40000.0,-0.19878933756352157,-4.872121844714486,0.0012920852855140552,0.0012920852855140552
Ti64,500,90,Ti64__500,0,-4.87341393,-4.455998436097383,-0.2175700860176496,-0.199845407884967,200.0,40000.0,-0.19834324458227992,-4.871911766697313,0.001502163302687265,0.001502163302687265
Ti64,500,91,Ti64__500,0,-4.87341393,-4.456041464224376,-0.2175700860176496,-0.1998023797579741,200.0,40000.0,-0.19864319818863843,-4.872254748430664,0.0011591815693359209,0.0011591815693359209
Ti64,500,92,Ti64__500,0,-4.87341393,-4.455688952988542,-0.2175700860176496,-0.2001548909938085,200.0,40000.0,-0.19982406071182449,-4.8730830997180155,0.00033083028198444,0.00033083028198444
Ti64,500,93,Ti64__500,0,-4.87341393,-4.455562865849616,-0.2175700860176496,-0.2002809781327347,200.0,40000.0,-0.200135123325705,-4.87326807519297,0.00014585480703033227,0.00014585480703033227
Ti64,500,94,Ti64__500,0,-4.87341393,-4.455610066789462,-0.2175700860176496,-0.2002337771928882,200.0,40000.0,-0.19927669765515468,-4.872456850462266,0.0009570795377342733,0.0009570795377342733
Ti64,500,95,Ti64__500,0,-4.87341393,-4.4558443565830625,-0.2175700860176496,-0.1999994873992877,200.0,40000.0,-0.19845940329152567,-4.871873845892237,0.0015400841077628513,0.0015400841077628513
Ti64,500,96,Ti64__500,0,-4.87341393,-4.4555629015848215,-0.2175700860176496,-0.2002809423975288,200.0,40000.0,-0.19980500822097266,-4.872937995823444,0.0004759341765563363,0.0004759341765563363
Ti64,500,97,Ti64__500,0,-4.87341393,-4.455875773338079,-0.2175700860176496,-0.1999680706442715,200.0,40000.0,-0.19999775735709527,-4.873443616712823,-2.9686712823107086e-05,2.9686712823107086e-05
Ti64,500,98,Ti64__500,0,-4.87341393,-4.456115028897171,-0.2175700860176496,-0.1997288150851789,200.0,40000.0,-0.19974310265929382,-4.873428217574115,-1.4287574114923984e-05,1.4287574114923984e-05
Ti64,500,99,Ti64__500,0,-4.87341393,-4.455629066895181,-0.2175700860176496,-0.2002147770871692,200.0,40000.0,-0.19927704363456586,-4.872476196547396,0.0009377334526039505,0.0009377334526039505
Ti64,600,0,Ti64__600,2,-4.92132028,-4.397159047044234,-0.2175700860176496,-0.3065911469381165,300.0,90000.0,-0.30782621362772383,-4.922555346689607,-0.001235066689607045,0.001235066689607045
Ti64,600,1,Ti64__600,2,-4.92132028,-4.396534575372807,-0.2175700860176496,-0.307215618609543,300.0,90000.0,-0.30882196709302034,-4.922926628483477,-0.0016063484834774044,0.0016063484834774044
Ti64,600,2,Ti64__600,2,-4.92132028,-4.396735557011429,-0.2175700860176496,-0.3070146369709216,300.0,90000.0,-0.3085977390209592,-4.922903382050037,-0.0015831020500369775,0.0015831020500369775
Ti64,600,3,Ti64__600,2,-4.92132028,-4.39630309752735,-0.2175700860176496,-0.3074470964549999,300.0,90000.0,-0.30993255830432687,-4.923805741849327,-0.002485461849326853,0.002485461849326853
Ti64,600,4,Ti64__600,2,-4.92132028,-4.396845931103607,-0.2175700860176496,-0.3069042628787427,300.0,90000.0,-0.3087809578074457,-4.923196974928702,-0.0018766949287023493,0.0018766949287023493
Ti64,600,5,Ti64__600,2,-4.92132028,-4.396534911696251,-0.2175700860176496,-0.3072152822860993,300.0,90000.0,-0.30910445249889573,-4.923209450212796,-0.0018891702127961096,0.0018891702127961096
Ti64,600,6,Ti64__600,2,-4.92132028,-4.39641422033816,-0.2175700860176496,-0.3073359736441899,300.0,90000.0,-0.3083846782410293,-4.922368984596838,-0.00104870459683859,0.00104870459683859
Ti64,600,7,Ti64__600,2,-4.92132028,-4.396303277718204,-0.2175700860176496,-0.3074469162641465,300.0,90000.0,-0.30908555929257436,-4.922958923028427,-0.0016386430284276443,0.0016386430284276443
Ti64,600,8,Ti64__600,2,-4.92132028,-4.396331437800162,-0.2175700860176496,-0.3074187561821878,300.0,90000.0,-0.3092409261675653,-4.923142449985377,-0.001822169985377542,0.001822169985377542
Ti64,600,9,Ti64__600,2,-4.92132028,-4.3966386342926365,-0.2175700860176496,-0.3071115596897137,300.0,90000.0,-0.30830517478442354,-4.922513895094709,-0.0011936150947091662,0.0011936150947091662
Ti64,600,10,Ti64__600,2,-4.92132028,-4.396636436196414,-0.2175700860176496,-0.3071137577859361,300.0,90000.0,-0.3087375581340074,-4.922944080348071,-0.0016238003480708585,0.0016238003480708585
Ti64,600,11,Ti64__600,2,-4.92132028,-4.396378926239754,-0.2175700860176496,-0.3073712677425965,300.0,90000.0,-0.3092293519448392,-4.923178364202242,-0.001858084202241983,0.001858084202241983
Ti64,600,12,Ti64__600,2,-4.92132028,-4.39656420449696,-0.2175700860176496,-0.3071859894853898,300.0,90000.0,-0.30994844854325915,-4.9240827390578685,-0.0027624590578687602,0.0027624590578687602
Ti64,600,13,Ti64__600,2,-4.92132028,-4.396657457865845,-0.2175700860176496,-0.3070927361165051,300.0,90000.0,-0.3097316230407658,-4.92395916692426,-0.0026388869242603974,0.0026388869242603974
Ti64,600,14,Ti64__600,2,-4.92132028,-4.396563831449209,-0.2175700860176496,-0.3071863625331416,300.0,90000.0,-0.30894454936482796,-4.923078466831686,-0.0017581868316858262,0.0017581868316858262
Ti64,600,15,Ti64__600,2,-4.92132028,-4.396499253526868,-0.2175700860176496,-0.3072509404554818,300.0,90000.0,-0.30852579642442335,-4.922595135968941,-0.0012748559689415018,0.0012748559689415018
Ti64,600,16,Ti64__600,2,-4.92132028,-4.3964516928259405,-0.2175700860176496,-0.3072985011564096,300.0,90000.0,-0.3079074499641067,-4.921929228807697,-0.0006089488076970184,0.0006089488076970184
Ti64,600,17,Ti64__600,2,-4.92132028,-4.396687338534446,-0.2175700860176496,-0.3070628554479043,300.0,90000.0,-0.30789487008392535,-4.92215229463602,-0.0008320146360203395,0.0008320146360203395
Ti64,600,18,Ti64__600,2,-4.92132028,-4.396404218625199,-0.2175700860176496,-0.3073459753571509,300.0,90000.0,-0.30889904707299654,-4.922873351715845,-0.0015530717158451779,0.0015530717158451779
Ti64,600,19,Ti64__600,2,-4.92132028,-4.396237187151453,-0.2175700860176496,-0.3075130068308974,300.0,90000.0,-0.3100820127342806,-4.923889285903383,-0.002569005903382937,0.002569005903382937
Ti64,600,20,Ti64__600,2,-4.92132028,-4.396337503600823,-0.2175700860176496,-0.3074126903815269,300.0,90000.0,-0.30991810382465423,-4.923825693443127,-0.002505413443127047,0.002505413443127047
Ti64,600,21,Ti64__600,2,-4.92132028,-4.396355451010638,-0.2175700860176496,-0.3073947429717117,300.0,90000.0,-0.30935385707795937,-4.923279394106247,-0.001959114106247384,0.001959114106247384
Ti64,600,22,Ti64__600,2,-4.92132028,-4.396766923652509,-0.2175700860176496,-0.3069832703298415,300.0,90000.0,-0.3096935800477744,-4.924030589717932,-0.002710309717932624,0.002710309717932624
Ti64,600,23,Ti64__600,2,-4.92132028,-4.396985706382081,-0.2175700860176496,-0.3067644876002694,300.0,90000.0,-0.3088942448094484,-4.923450037209179,-0.002129757209178962,0.002129757209178962
Ti64,600,24,Ti64__600,2,-4.92132028,-4.396033564953684,-0.2175700860176496,-0.3077166290286662,300.0,90000.0,-0.30989647336146636,-4.9235001243328,-0.0021798443328000516,0.0021798443328000516
Ti64,600,25,Ti64__600,2,-4.92132028,-4.3965576495280025,-0.2175700860176496,-0.3071925444543476,300.0,90000.0,-0.3092039868300013,-4.923331722375653,-0.002011442375652983,0.002011442375652983
Ti64,600,26,Ti64__600,2,-4.92132028,-4.396905891155695,-0.2175700860176496,-0.3068443028266548,300.0,90000.0,-0.30863228725221764,-4.923108264425562,-0.0017879844255626054,0.0017879844255626054
Ti64,600,27,Ti64__600,2,-4.92132028,-4.396283735495888,-0.2175700860176496,-0.3074664584864625,300.0,90000.0,-0.3091107562376434,-4.922964577751181,-0.001644297751180801,0.001644297751180801
Ti64,600,28,Ti64__600,2,-4.92132028,-4.396547411526276,-0.2175700860176496,-0.307202782456074,300.0,90000.0,-0.30850673957516056,-4.922624237119086,-0.001303957119086263,0.001303957119086263
Ti64,600,29,Ti64__600,2,-4.92132028,-4.396246047708897,-0.2175700860176496,-0.3075041462734532,300.0,90000.0,-0.30877554707786053,-4.922591680804406,-0.001271400804406575,0.001271400804406575
Ti64,600,30,Ti64__600,2,-4.92132028,-4.3968480532723975,-0.2175700860176496,-0.3069021407099527,300.0,90000.0,-0.30912529897260843,-4.923543438262655,-0.0022231582626552893,0.0022231582626552893
Ti64,600,31,Ti64__600,2,-4.92132028,-4.396720183689396,-0.2175700860176496,-0.3070300102929538,300.0,90000.0,-0.30859193080190794,-4.922882200508954,-0.0015619205089540955,0.0015619205089540955
Ti64,600,32,Ti64__600,2,-4.92132028,-4.396312695910439,-0.2175700860176496,-0.3074374980719115,300.0,90000.0,-0.30931753579890675,-4.9232003177269945,-0.0018800377269947433,0.0018800377269947433
Ti64,600,33,Ti64__600,2,-4.92132028,-4.3963732619310845,-0.2175700860176496,-0.3073769320512657,300.0,90000.0,-0.3086172849603287,-4.922560632909063,-0.0012403529090629917,0.0012403529090629917
Ti64,600,34,Ti64__600,2,-4.92132028,-4.396342886121305,-0.2175700860176496,-0.3074073078610452,300.0,90000.0,-0.3084112016082561,-4.92232417374721,-0.001003893747210327,0.001003893747210327
Ti64,600,35,Ti64__600,2,-4.92132028,-4.3963657854848,-0.2175700860176496,-0.30738440849755,300.0,90000.0,-0.30849309634794486,-4.9224289678503945,-0.0011086878503947517,0.0011086878503947517
Ti64,600,36,Ti64__600,2,-4.92132028,-4.396725391792172,-0.2175700860176496,-0.3070248021901781,300.0,90000.0,-0.3091677081744001,-4.923463185984222,-0.0021429059842219544,0.0021429059842219544
Ti64,600,37,Ti64__600,2,-4.92132028,-4.396580019225318,-0.2175700860176496,-0.3071701747570318,300.0,90000.0,-0.3091964473817456,-4.9233465526247135,-0.0020262726247137763,0.0020262726247137763
Ti64,600,38,Ti64__600,2,-4.92132028,-4.396612374176283,-0.2175700860176496,-0.3071378198060671,300.0,90000.0,-0.30996087873503003,-4.924143338928962,-0.0028230589289623964,0.0028230589289623964
Ti64,600,39,Ti64__600,2,-4.92132028,-4.396071833726044,-0.2175700860176496,-0.3076783602563063,300.0,90000.0,-0.3089726454765251,-4.9226145652202185,-0.0012942852202186828,0.0012942852202186828
Ti64,600,40,Ti64__600,2,-4.92132028,-4.396482356555367,-0.2175700860176496,-0.3072678374269829,300.0,90000.0,-0.30811099522149504,-4.922163437794511,-0.0008431577945113844,0.0008431577945113844
Ti64,600,41,Ti64__600,2,-4.92132028,-4.396704376510781,-0.2175700860176496,-0.3070458174715688,300.0,90000.0,-0.30771843701752455,-4.921992899545955,-0.000672619545955655,0.000672619545955655
Ti64,600,42,Ti64__600,2,-4.92132028,-4.3962858696405425,-0.2175700860176496,-0.3074643243418077,300.0,90000.0,-0.3081468452530819,-4.922002800911273,-0.0006825209112735209,0.0006825209112735209
Ti64,600,43,Ti64__600,2,-4.92132028,-4.396661045309883,-0.2175700860176496,-0.3070891486724673,300.0,90000.0,-0.3093282407593926,-4.923559372086925,-0.0022390920869250763,0.0022390920869250763
Ti64,600,44,Ti64__600,2,-4.92132028,-4.3966710806028875,-0.2175700860176496,-0.3070791133794627,300.0,90000.0,-0.3085145303908605,-4.9227556970113975,-0.0014354170113977105,0.0014354170113977105
Ti64,600,45,Ti64__600,2,-4.92132028,-4.396512462989472,-0.2175700860176496,-0.3072377309928781,300.0,90000.0,-0.30748198188024756,-4.921564530887369,-0.000244250887369013,0.000244250887369013
Ti64,600,46,Ti64__600,2,-4.92132028,-4.3964068135347425,-0.2175700860176496,-0.3073433804476077,300.0,90000.0,-0.3077245239970817,-4.921701423549473,-0.00038114354947360596,0.00038114354947360596
Ti64,600,47,Ti64__600,2,-4.92132028,-4.396572813841773,-0.2175700860176496,-0.3071773801405776,300.0,90000.0,-0.30827596142589586,-4.922418861285317,-0.0010985812853174792,0.0010985812853174792
Ti64,600,48,Ti64__600,2,-4.92132028,-4.396251048706532,-0.2175700860176496,-0.3074991452758185,300.0,90000.0,-0.31031505774963114,-4.924136192473812,-0.0028159124738120767,0.0028159124738120767
Ti64,600,49,Ti64__600,2,-4.92132028,-4.39649648840932,-0.2175700860176496,-0.3072537055730301,300.0,90000.0,-0.309798822839482,-4.923865397266451,-0.0025451172664512356,0.0025451172664512356
Ti64,600,50,Ti64__600,2,-4.92132028,-4.396275365777739,-0.2175700860176496,-0.3074748282046112,300.0,90000.0,-0.30858218747174937,-4.922427639267138,-0.0011073592671380084,0.0011073592671380084
Ti64,600,51,Ti64__600,2,-4.92132028,-4.396825281557622,-0.2175700860176496,-0.3069249124247278,300.0,90000.0,-0.3073317993858423,-4.921727166961114,-0.00040688696111423894,0.00040688696111423894
Ti64,600,52,Ti64__600,2,-4.92132028,-4.396890010276826,-0.2175700860176496,-0.3068601837055246,300.0,90000.0,-0.3094733602599424,-4.923933456554417,-0.0026131765544175067,0.0026131765544175067
Ti64,600,53,Ti64__600,2,-4.92132028,-4.396510778357522,-0.2175700860176496,-0.3072394156248285,300.0,90000.0,-0.30958576094548623,-4.923666625320657,-0.0023463453206575835,0.0023463453206575835
Ti64,600,54,Ti64__600,2,-4.92132028,-4.396563761126488,-0.2175700860176496,-0.3071864328558625,300.0,90000.0,-0.3092388530544342,-4.923372700198571,-0.0020524201985709922,0.0020524201985709922
Ti64,600,55,Ti64__600,2,-4.92132028,-4.396503251942728,-0.2175700860176496,-0.3072469420396221,300.0,90000.0,-0.30823931684236167,-4.922312654802739,-0.000992374802739171,0.000992374802739171
Ti64,600,56,Ti64__600,2,-4.92132028,-4.396582774824191,-0.2175700860176496,-0.3071674191581591,300.0,90000.0,-0.3092923508976841,-4.923445211739525,-0.0021249317395248823,0.0021249317395248823
Ti64,600,57,Ti64__600,2,-4.92132028,-4.396526753949474,-0.2175700860176496,-0.307223440032876,300.0,90000.0,-0.3097897321323961,-4.923886572099519,-0.0025662920995195293,0.0025662920995195293
Ti64,600,58,Ti64__600,2,-4.92132028,-4.396331464767262,-0.2175700860176496,-0.3074187292150881,300.0,90000.0,-0.3096225406680688,-4.92352409145298,-0.002203811452980098,0.002203811452980098
Ti64,600,59,Ti64__600,2,-4.92132028,-4.396218920866851,-0.2175700860176496,-0.3075312731154987,300.0,90000.0,-0.30877326980549846,-4.922562276689999,-0.0012419966899992474,0.0012419966899992474
Ti64,600,60,Ti64__600,2,-4.92132028,-4.3965075584837185,-0.2175700860176496,-0.3072426354986316,300.0,90000.0,-0.3084257937224013,-4.922503438223769,-0.0011831582237693539,0.0011831582237693539
Ti64,600,61,Ti64__600,2,-4.92132028,-4.396750626121908,-0.2175700860176496,-0.3069995678604421,300.0,90000.0,-0.3089337470738724,-4.92325445921343,-0.0019341792134301983,0.0019341792134301983
Ti64,600,62,Ti64__600,2,-4.92132028,-4.396637777420344,-0.2175700860176496,-0.3071124165620059,300.0,90000.0,-0.30844982003643245,-4.922657683474426,-0.0013374034744257912,0.0013374034744257912
Ti64,600,63,Ti64__600,2,-4.92132028,-4.396407255619325,-0.2175700860176496,-0.3073429383630254,300.0,90000.0,-0.3075859630587061,-4.92156330469568,-0.00024302469568038276,0.00024302469568038276
Ti64,600,64,Ti64__600,2,-4.92132028,-4.3964498730243955,-0.2175700860176496,-0.3073003209579547,300.0,90000.0,-0.3084515337433845,-4.922471492785429,-0.0011512127854294008,0.0011512127854294008
Ti64,600,65,Ti64__600,2,-4.92132028,-4.396632507777909,-0.2175700860176496,-0.3071176862044412,300.0,90000.0,-0.3085703553758023,-4.92277294917136,-0.0014526691713605544,0.0014526691713605544
Ti64,600,66,Ti64__600,2,-4.92132028,-4.39656625994318,-0.2175700860176496,-0.3071839340391703,300.0,90000.0,-0.3096147096602508,-4.9237510556210795,-0.0024307756210797393,0.0024307756210797393
Ti64,600,67,Ti64__600,2,-4.92132028,-4.396625004349811,-0.2175700860176496,-0.3071251896325387,300.0,90000.0,-0.30963735870846965,-4.92383244907593,-0.002512169075930437,0.002512169075930437
Ti64,600,68,Ti64__600,2,-4.92132028,-4.3967307196588425,-0.2175700860176496,-0.3070194743235076,300.0,90000.0,-0.3084363711757809,-4.922737176852273,-0.0014168968522731973,0.0014168968522731973
Ti64,600,69,Ti64__600,2,-4.92132028,-4.396189117768091,-0.2175700860176496,-0.3075610762142592,300.0,90000.0,-0.30911410113322524,-4.922873304918966,-0.0015530249189659173,0.0015530249189659173
Ti64,600,70,Ti64__600,2,-4.92132028,-4.396846564604384,-0.2175700860176496,-0.3069036293779664,300.0,90000.0,-0.3088274009499,-4.923244051571933,-0.0019237715719331305,0.0019237715719331305
Ti64,600,71,Ti64__600,2,-4.92132028,-4.396726695214844,-0.2175700860176496,-0.3070234987675061,300.0,90000.0,-0.3091506216727559,-4.923447402905249,-0.0021271229052493013,0.0021271229052493013
Ti64,600,72,Ti64__600,2,-4.92132028,-4.396286152355601,-0.2175700860176496,-0.3074640416267492,300.0,90000.0,-0.31032659887405806,-4.924182837247308,-0.0028625572473082173,0.0028625572473082173
Ti64,600,73,Ti64__600,2,-4.92132028,-4.396792983389799,-0.2175700860176496,-0.3069572105925507,300.0,90000.0,-0.3083227638000424,-4.922685833207491,-0.0013655532074912102,0.0013655532074912102
Ti64,600,74,Ti64__600,2,-4.92132028,-4.396927029528792,-0.2175700860176496,-0.3068231644535585,300.0,90000.0,-0.30831218619288947,-4.92280930173933,-0.0014890217393306315,0.0014890217393306315
Ti64,600,75,Ti64__600,2,-4.92132028,-4.396443545029094,-0.2175700860176496,-0.3073066489532557,300.0,90000.0,-0.30884301176281626,-4.92285664280956,-0.0015363628095599324,0.0015363628095599324
Ti64,600,76,Ti64__600,2,-4.92132028,-4.396431938861765,-0.2175700860176496,-0.3073182551205852,300.0,90000.0,-0.3079328758701466,-4.9219349007495605,-0.000614620749560757,0.000614620749560757
Ti64,600,77,Ti64__600,2,-4.92132028,-4.396561727343805,-0.2175700860176496,-0.3071884666385452,300.0,90000.0,-0.3098676038467645,-4.923999417208218,-0.0026791372082186626,0.0026791372082186626
Ti64,600,78,Ti64__600,2,-4.92132028,-4.396567968071927,-0.2175700860176496,-0.3071822259104234,300.0,90000.0,-0.309498174269038,-4.923636228358614,-0.0023159483586141505,0.0023159483586141505
Ti64,600,79,Ti64__600,2,-4.92132028,-4.396820468135546,-0.2175700860176496,-0.3069297258468039,300.0,90000.0,-0.30964869960291963,-4.924039253756115,-0.002718973756115517,0.002718973756115517
Ti64,600,80,Ti64__600,2,-4.92132028,-4.396397932537566,-0.2175700860176496,-0.3073522614447844,300.0,90000.0,-0.3095929428089189,-4.923560961364134,-0.002240681364134467,0.002240681364134467
Ti64,600,81,Ti64__600,2,-4.92132028,-4.396893510844265,-0.2175700860176496,-0.3068566831380851,300.0,90000.0,-0.30822636794775365,-4.922689964809668,-0.001369684809668037,0.001369684809668037
Ti64,600,82,Ti64__600,2,-4.92132028,-4.396204144532286,-0.2175700860176496,-0.3075460494500645,300.0,90000.0,-0.30906647512311536,-4.9228407056730505,-0.0015204256730507737,0.0015204256730507737
Ti64,600,83,Ti64__600,2,-4.92132028,-4.396236917216804,-0.2175700860176496,-0.3075132767655463,300.0,90000.0,-0.30900105213658646,-4.922808055371039,-0.0014877753710393904,0.0014877753710393904
Ti64,600,84,Ti64__600,2,-4.92132028,-4.39675858816306,-0.2175700860176496,-0.3069916058192904,300.0,90000.0,-0.3099599546620127,-4.924288628842722,-0.002968348842721902,0.002968348842721902
Ti64,600,85,Ti64__600,2,-4.92132028,-4.396302732618048,-0.2175700860176496,-0.3074474613643018,300.0,90000.0,-0.30897891920297466,-4.9228517378386725,-0.0015314578386727007,0.0015314578386727007
Ti64,600,86,Ti64__600,2,-4.92132028,-4.396666405498531,-0.2175700860176496,-0.3070837884838188,300.0,90000.0,-0.30780199947345377,-4.922038490989634,-0.0007182109896346489,0.0007182109896346489
Ti64,600,87,Ti64__600,2,-4.92132028,-4.39670155040626,-0.2175700860176496,-0.3070486435760898,300.0,90000.0,-0.3095700830595744,-4.923841719483484,-0.002521439483484045,0.002521439483484045
Ti64,600,88,Ti64__600,2,-4.92132028,-4.396266050380085,-0.2175700860176496,-0.3074841436022654,300.0,90000.0,-0.3095661722853427,-4.923402308683077,-0.002082028683076942,0.002082028683076942
Ti64,600,89,Ti64__600,2,-4.92132028,-4.396340887759132,-0.2175700860176496,-0.3074093062232178,300.0,90000.0,-0.3091791064890069,-4.923090080265789,-0.001769800265789101,0.001769800265789101
Ti64,600,90,Ti64__600,2,-4.92132028,-4.396749567123821,-0.2175700860176496,-0.3070006268585296,300.0,90000.0,-0.3090509867190888,-4.923370639860559,-0.0020503598605587925,0.0020503598605587925
Ti64,600,91,Ti64__600,2,-4.92132028,-4.396531460571076,-0.2175700860176496,-0.3072187334112742,300.0,90000.0,-0.3086931190073764,-4.9227946655961015,-0.0014743855961016905,0.0014743855961016905
Ti64,600,92,Ti64__600,2,-4.92132028,-4.396424528633526,-0.2175700860176496,-0.3073256653488242,300.0,90000.0,-0.30864215563309594,-4.922636770284271,-0.0013164902842710546,0.0013164902842710546
Ti64,600,93,Ti64__600,2,-4.92132028,-4.396674870259222,-0.2175700860176496,-0.3070753237231282,300.0,90000.0,-0.3092038923643216,-4.9234488486411925,-0.0021285686411927074,0.0021285686411927074
Ti64,600,94,Ti64__600,2,-4.92132028,-4.396431154504208,-0.2175700860176496,-0.3073190394781419,300.0,90000.0,-0.30885986975905505,-4.9228611102809126,-0.001540830280912786,0.001540830280912786
Ti64,600,95,Ti64__600,2,-4.92132028,-4.396183397018176,-0.2175700860176496,-0.3075667969641739,300.0,90000.0,-0.3100024661767157,-4.923755949212541,-0.002435669212541569,0.002435669212541569
Ti64,600,96,Ti64__600,2,-4.92132028,-4.396751441965343,-0.2175700860176496,-0.3069987520170075,300.0,90000.0,-0.3089012572734045,-4.923222785256397,-0.0019025052563970135,0.0019025052563970135
Ti64,600,97,Ti64__600,2,-4.92132028,-4.396435421606608,-0.2175700860176496,-0.3073147723757424,300.0,90000.0,-0.30778722096584393,-4.921792728590101,-0.00047244859010131535,0.00047244859010131535
Ti64,600,98,Ti64__600,2,-4.92132028,-4.396485819833284,-0.2175700860176496,-0.307264374149066,300.0,90000.0,-0.3072737659925299,-4.921329671843464,-9.391843463824046e-06,9.391843463824046e-06
Ti64,600,99,Ti64__600,2,-4.92132028,-4.396379298043823,-0.2175700860176496,-0.3073708959385272,300.0,90000.0,-0.30877667547276977,-4.922726059534242,-0.0014057795342425905,0.0014057795342425905
Ti64,700,0,Ti64__700,1,-4.97995281,-4.339720950285658,-0.2175700860176496,-0.4226617736966928,400.0,160000.0,-0.4178538060762109,-4.975144842379518,0.004807967620481968,0.004807967620481968
Ti64,700,1,Ti64__700,1,-4.97995281,-4.339147931224085,-0.2175700860176496,-0.4232347927582657,400.0,160000.0,-0.4169269170280122,-4.973644934269746,0.006307875730254153,0.006307875730254153
Ti64,700,2,Ti64__700,1,-4.97995281,-4.33933811263017,-0.2175700860176496,-0.4230446113521809,400.0,160000.0,-0.4166308274456706,-4.97353902609349,0.006413783906510595,0.006413783906510595
Ti64,700,3,Ti64__700,1,-4.97995281,-4.339416710333467,-0.2175700860176496,-0.4229660136488841,400.0,160000.0,-0.4170605513707797,-4.974047347721895,0.005905462278104956,0.005905462278104956
Ti64,700,4,Ti64__700,1,-4.97995281,-4.339146998765803,-0.2175700860176496,-0.4232357252165478,400.0,160000.0,-0.41631671429706196,-4.973033799080514,0.006919010919486546,0.006919010919486546
Ti64,700,5,Ti64__700,1,-4.97995281,-4.339194732834444,-0.2175700860176496,-0.4231879911479069,400.0,160000.0,-0.4161220025460046,-4.972886821398098,0.00706598860190244,0.00706598860190244
Ti64,700,6,Ti64__700,1,-4.97995281,-4.339172012707532,-0.2175700860176496,-0.4232107112748183,400.0,160000.0,-0.4165175327676284,-4.97325963149281,0.006693178507190645,0.006693178507190645
Ti64,700,7,Ti64__700,1,-4.97995281,-4.339110394326153,-0.2175700860176496,-0.4232723296561979,400.0,160000.0,-0.41732955756944234,-4.974010037913245,0.005942772086755532,0.005942772086755532
Ti64,700,8,Ti64__700,1,-4.97995281,-4.339286540929347,-0.2175700860176496,-0.4230961830530036,400.0,160000.0,-0.4169661516456803,-4.973822778592677,0.0061300314073235995,0.0061300314073235995
Ti64,700,9,Ti64__700,1,-4.97995281,-4.338806326332684,-0.2175700860176496,-0.4235763976496663,400.0,160000.0,-0.4180306951038235,-4.974407107454157,0.005545702545843412,0.005545702545843412
Ti64,700,10,Ti64__700,1,-4.97995281,-4.339200396060606,-0.2175700860176496,-0.4231823279217451,400.0,160000.0,-0.4168933757786178,-4.973663857856873,0.006288952143127524,0.006288952143127524
Ti64,700,11,Ti64__700,1,-4.97995281,-4.339700412211651,-0.2175700860176496,-0.4226823117706996,400.0,160000.0,-0.41564119806491107,-4.9729116962942115,0.0070411137057888595,0.0070411137057888595
Ti64,700,12,Ti64__700,1,-4.97995281,-4.33947135749021,-0.2175700860176496,-0.4229113664921403,400.0,160000.0,-0.41637441705254047,-4.9734158605604,0.00653694943960037,0.00653694943960037
Ti64,700,13,Ti64__700,1,-4.97995281,-4.339016744066072,-0.2175700860176496,-0.4233659799162789,400.0,160000.0,-0.4170286705155464,-4.9736155005992675,0.006337309400732849,0.006337309400732849
Ti64,700,14,Ti64__700,1,-4.97995281,-4.339145795844645,-0.2175700860176496,-0.4232369281377061,400.0,160000.0,-0.41767336930402305,-4.974389251166317,0.005563558833683757,0.005563558833683757
Ti64,700,15,Ti64__700,1,-4.97995281,-4.339064072661072,-0.2175700860176496,-0.4233186513212784,400.0,160000.0,-0.41721332378929127,-4.973847482468013,0.006105327531987115,0.006105327531987115
Ti64,700,16,Ti64__700,1,-4.97995281,-4.3392885216541615,-0.2175700860176496,-0.4230942023281893,400.0,160000.0,-0.41762844276945377,-4.974487050441264,0.005465759558735961,0.005465759558735961
Ti64,700,17,Ti64__700,1,-4.97995281,-4.339312736839765,-0.2175700860176496,-0.4230699871425859,400.0,160000.0,-0.4167043231413759,-4.97358714599879,0.006365664001210192,0.006365664001210192
Ti64,700,18,Ti64__700,1,-4.97995281,-4.3393184463340155,-0.2175700860176496,-0.4230642776483352,400.0,160000.0,-0.4158716558954514,-4.972760188247117,0.00719262175288371,0.00719262175288371
Ti64,700,19,Ti64__700,1,-4.97995281,-4.339348207230386,-0.2175700860176496,-0.4230345167519648,400.0,160000.0,-0.4166142448179617,-4.973532538065997,0.00642027193400363,0.00642027193400363
Ti64,700,20,Ti64__700,1,-4.97995281,-4.33904474662533,-0.2175700860176496,-0.4233379773570208,400.0,160000.0,-0.41762960613598776,-4.974244438778967,0.005708371221033737,0.005708371221033737
Ti64,700,21,Ti64__700,1,-4.97995281,-4.339348345651789,-0.2175700860176496,-0.4230343783305615,400.0,160000.0,-0.41729810684913576,-4.974216538518574,0.005736271481426414,0.005736271481426414
Ti64,700,22,Ti64__700,1,-4.97995281,-4.338828696890795,-0.2175700860176496,-0.4235540270915555,400.0,160000.0,-0.4176346679426115,-4.974033450851056,0.005919359148943926,0.005919359148943926
Ti64,700,23,Ti64__700,1,-4.97995281,-4.339426484519019,-0.2175700860176496,-0.4229562394633316,400.0,160000.0,-0.4164651733581404,-4.973461743894809,0.006491066105191123,0.006491066105191123
Ti64,700,24,Ti64__700,1,-4.97995281,-4.339383218226662,-0.2175700860176496,-0.4229995057556884,400.0,160000.0,-0.41684614833679423,-4.973799452581106,0.006153357418894778,0.006153357418894778
Ti64,700,25,Ti64__700,1,-4.97995281,-4.33886596268985,-0.2175700860176496,-0.4235167612925009,400.0,160000.0,-0.41768660772827265,-4.974122656435772,0.005830153564228446,0.005830153564228446
Ti64,700,26,Ti64__700,1,-4.97995281,-4.338892873964819,-0.2175700860176496,-0.4234898500175316,400.0,160000.0,-0.41752607312713197,-4.9739890331096,0.005963776890400396,0.005963776890400396
Ti64,700,27,Ti64__700,1,-4.97995281,-4.339012430657616,-0.2175700860176496,-0.4233702933247351,400.0,160000.0,-0.41793750760426385,-4.974520024279529,0.005432785720471678,0.005432785720471678
Ti64,700,28,Ti64__700,1,-4.97995281,-4.33897077881316,-0.2175700860176496,-0.4234119451691903,400.0,160000.0,-0.4171882194661109,-4.97372908429692,0.006223725703080163,0.006223725703080163
Ti64,700,29,Ti64__700,1,-4.97995281,-4.339322399227592,-0.2175700860176496,-0.4230603247547583,400.0,160000.0,-0.41747502086970606,-4.974367506114948,0.005585303885052184,0.005585303885052184
Ti64,700,30,Ti64__700,1,-4.97995281,-4.339065364833571,-0.2175700860176496,-0.4233173591487796,400.0,160000.0,-0.41680351166669183,-4.973438962517912,0.006513847482088053,0.006513847482088053
Ti64,700,31,Ti64__700,1,-4.97995281,-4.339089384291732,-0.2175700860176496,-0.4232933396906185,400.0,160000.0,-0.4168007133356,-4.973460183644981,0.0064926263550191265,0.0064926263550191265
Ti64,700,32,Ti64__700,1,-4.97995281,-4.339117295724277,-0.2175700860176496,-0.4232654282580738,400.0,160000.0,-0.4161331432834274,-4.972820525025353,0.0071322849746469075,0.0071322849746469075
Ti64,700,33,Ti64__700,1,-4.97995281,-4.339316915215111,-0.2175700860176496,-0.4230658087672397,400.0,160000.0,-0.4168318384103622,-4.973718839643123,0.00623397035687745,0.00623397035687745
Ti64,700,34,Ti64__700,1,-4.97995281,-4.338830912451924,-0.2175700860176496,-0.4235518115304263,400.0,160000.0,-0.4176147981501439,-4.974015796619717,0.005937013380282963,0.005937013380282963
Ti64,700,35,Ti64__700,1,-4.97995281,-4.338645318630563,-0.2175700860176496,-0.4237374053517874,400.0,160000.0,-0.41657740938361876,-4.972792814031831,0.007159995968168964,0.007159995968168964
Ti64,700,36,Ti64__700,1,-4.97995281,-4.339201711513192,-0.2175700860176496,-0.4231810124691592,400.0,160000.0,-0.41599239845377267,-4.972764195984613,0.007188614015387174,0.007188614015387174
Ti64,700,37,Ti64__700,1,-4.97995281,-4.339652961772605,-0.2175700860176496,-0.422729762209746,400.0,160000.0,-0.4167522889490185,-4.973975336739272,0.005977473260728061,0.005977473260728061
Ti64,700,38,Ti64__700,1,-4.97995281,-4.339478699465538,-0.2175700860176496,-0.4229040245168131,400.0,160000.0,-0.4175017221747366,-4.9745505076579235,0.005402302342076837,0.005402302342076837
Ti64,700,39,Ti64__700,1,-4.97995281,-4.338924675500242,-0.2175700860176496,-0.4234580484821088,400.0,160000.0,-0.4177470086399366,-4.974241770157827,0.005711039842172916,0.005711039842172916
Ti64,700,40,Ti64__700,1,-4.97995281,-4.33959043053692,-0.2175700860176496,-0.4227922934454305,400.0,160000.0,-0.4168690928035904,-4.97402960935816,0.005923200641840154,0.005923200641840154
Ti64,700,41,Ti64__700,1,-4.97995281,-4.339365867917274,-0.2175700860176496,-0.4230168560650768,400.0,160000.0,-0.41643845314160954,-4.973374407076533,0.00657840292346723,0.00657840292346723
Ti64,700,42,Ti64__700,1,-4.97995281,-4.339090168361218,-0.2175700860176496,-0.4232925556211327,400.0,160000.0,-0.41680492643829853,-4.973465180817166,0.006487629182834631,0.006487629182834631
Ti64,700,43,Ti64__700,1,-4.97995281,-4.339665369815821,-0.2175700860176496,-0.42271735416653,400.0,160000.0,-0.41675543614838656,-4.973990891981857,0.005961918018143386,0.005961918018143386
Ti64,700,44,Ti64__700,1,-4.97995281,-4.339206401425805,-0.2175700860176496,-0.4231763225565453,400.0,160000.0,-0.41689034814185577,-4.973666835585311,0.006285974414689477,0.006285974414689477
Ti64,700,45,Ti64__700,1,-4.97995281,-4.339224393864507,-0.2175700860176496,-0.4231583301178437,400.0,160000.0,-0.4180209313565113,-4.9748154112386676,0.00513739876133279,0.00513739876133279
Ti64,700,46,Ti64__700,1,-4.97995281,-4.339519451117138,-0.2175700860176496,-0.4228632728652123,400.0,160000.0,-0.417226328479392,-4.97431586561418,0.005636944385820186,0.005636944385820186
Ti64,700,47,Ti64__700,1,-4.97995281,-4.3394337555805045,-0.2175700860176496,-0.4229489684018462,400.0,160000.0,-0.4169508820453107,-4.973954723643464,0.005998086356536092,0.005998086356536092
Ti64,700,48,Ti64__700,1,-4.97995281,-4.338975071278561,-0.2175700860176496,-0.4234076527037894,400.0,160000.0,-0.4173304819801182,-4.973875639276328,0.006077170723671976,0.006077170723671976
Ti64,700,49,Ti64__700,1,-4.97995281,-4.3390155476904955,-0.2175700860176496,-0.4233671762918553,400.0,160000.0,-0.4176050011338623,-4.974190634842007,0.00576217515799371,0.00576217515799371
Ti64,700,50,Ti64__700,1,-4.97995281,-4.339400691184977,-0.2175700860176496,-0.4229820327973735,400.0,160000.0,-0.41715204366438463,-4.974122820867011,0.005829989132989155,0.005829989132989155
Ti64,700,51,Ti64__700,1,-4.97995281,-4.339143315672992,-0.2175700860176496,-0.423239408309359,400.0,160000.0,-0.41632205591121696,-4.973035457601858,0.006917352398142285,0.006917352398142285
Ti64,700,52,Ti64__700,1,-4.97995281,-4.339029822313802,-0.2175700860176496,-0.4233529016685488,400.0,160000.0,-0.4180320717651639,-4.974631980096615,0.005320829903385338,0.005320829903385338
Ti64,700,53,Ti64__700,1,-4.97995281,-4.3393265863134705,-0.2175700860176496,-0.4230561376688803,400.0,160000.0,-0.4161868055200555,-4.973083477851175,0.006869332148824903,0.006869332148824903
Ti64,700,54,Ti64__700,1,-4.97995281,-4.3385440011774055,-0.2175700860176496,-0.4238387228049453,400.0,160000.0,-0.4172886527150149,-4.973402739910069,0.006550070089931026,0.006550070089931026
Ti64,700,55,Ti64__700,1,-4.97995281,-4.339516283360008,-0.2175700860176496,-0.4228664406223427,400.0,160000.0,-0.417480209497041,-4.974566578874699,0.005386231125301677,0.005386231125301677
Ti64,700,56,Ti64__700,1,-4.97995281,-4.339175334519682,-0.2175700860176496,-0.4232073894626685,400.0,160000.0,-0.41770128768867837,-4.97444670822601,0.005506101773990579,0.005506101773990579
Ti64,700,57,Ti64__700,1,-4.97995281,-4.338510028805302,-0.2175700860176496,-0.4238726951770492,400.0,160000.0,-0.41714178960060705,-4.973221904423558,0.006730905576442403,0.006730905576442403
Ti64,700,58,Ti64__700,1,-4.97995281,-4.33937865879452,-0.2175700860176496,-0.4230040651878305,400.0,160000.0,-0.4162738807216356,-4.973222625533805,0.0067301844661953325,0.0067301844661953325
Ti64,700,59,Ti64__700,1,-4.97995281,-4.339276322263739,-0.2175700860176496,-0.4231064017186116,400.0,160000.0,-0.4159880881609028,-4.9728344964422915,0.007118313557708866,0.007118313557708866
Ti64,700,60,Ti64__700,1,-4.97995281,-4.339392058811598,-0.2175700860176496,-0.4229906651707523,400.0,160000.0,-0.41679349173687075,-4.973755636566119,0.006197173433881709,0.006197173433881709
Ti64,700,61,Ti64__700,1,-4.97995281,-4.338540302801595,-0.2175700860176496,-0.4238424211807553,400.0,160000.0,-0.4171508912243423,-4.973261280043587,0.006691529956412978,0.006691529956412978
Ti64,700,62,Ti64__700,1,-4.97995281,-4.3390632768573365,-0.2175700860176496,-0.4233194471250142,400.0,160000.0,-0.41719490903954604,-4.973828271914532,0.006124538085468423,0.006124538085468423
Ti64,700,63,Ti64__700,1,-4.97995281,-4.339258914408344,-0.2175700860176496,-0.4231238095740069,400.0,160000.0,-0.4173759909957885,-4.974204991421781,0.005747818578218933,0.005747818578218933
Ti64,700,64,Ti64__700,1,-4.97995281,-4.339322359937309,-0.2175700860176496,-0.4230603640450413,400.0,160000.0,-0.4176603845211082,-4.974552830476067,0.005399979523933673,0.005399979523933673
Ti64,700,65,Ti64__700,1,-4.97995281,-4.339269544335799,-0.2175700860176496,-0.4231131796465514,400.0,160000.0,-0.41702689552252153,-4.9738665258759704,0.006086284124029895,0.006086284124029895
Ti64,700,66,Ti64__700,1,-4.97995281,-4.339585486078816,-0.2175700860176496,-0.4227972379035348,400.0,160000.0,-0.417245481260036,-4.974401053356501,0.005551756643499495,0.005551756643499495
Ti64,700,67,Ti64__700,1,-4.97995281,-4.33957842711682,-0.2175700860176496,-0.4228042968655311,400.0,160000.0,-0.41658459396354897,-4.973733107098018,0.006219702901982593,0.006219702901982593
Ti64,700,68,Ti64__700,1,-4.97995281,-4.339212595899013,-0.2175700860176496,-0.4231701280833381,400.0,160000.0,-0.4160930689827531,-4.972875750899415,0.0070770591005855366,0.0070770591005855366
Ti64,700,69,Ti64__700,1,-4.97995281,-4.338987239497784,-0.2175700860176496,-0.423395484484567,400.0,160000.0,-0.4160784522800801,-4.972635777795513,0.007317032204487539,0.007317032204487539
Ti64,700,70,Ti64__700,1,-4.97995281,-4.338792349539193,-0.2175700860176496,-0.4235903744431578,400.0,160000.0,-0.41635437245481177,-4.972716808011654,0.007236001988346175,0.007236001988346175
Ti64,700,71,Ti64__700,1,-4.97995281,-4.339145112948382,-0.2175700860176496,-0.4232376110339692,400.0,160000.0,-0.4162893007110605,-4.973004499677091,0.0069483103229091014,0.0069483103229091014
Ti64,700,72,Ti64__700,1,-4.97995281,-4.339318837837609,-0.2175700860176496,-0.4230638861447421,400.0,160000.0,-0.41694470284511553,-4.973833626700373,0.006119183299627018,0.006119183299627018
Ti64,700,73,Ti64__700,1,-4.97995281,-4.339311952954381,-0.2175700860176496,-0.4230707710279701,400.0,160000.0,-0.41749649696948044,-4.9743785359415105,0.00557427405848987,0.00557427405848987
Ti64,700,74,Ti64__700,1,-4.97995281,-4.3392534746906275,-0.2175700860176496,-0.4231292492917232,400.0,160000.0,-0.4171744424952162,-4.9739980032034925,0.005954806796507839,0.005954806796507839
Ti64,700,75,Ti64__700,1,-4.97995281,-4.338903690321199,-0.2175700860176496,-0.4234790336611521,400.0,160000.0,-0.41631752843854364,-4.972791304777392,0.007161505222608611,0.007161505222608611
Ti64,700,76,Ti64__700,1,-4.97995281,-4.3390457029335545,-0.2175700860176496,-0.4233370210487962,400.0,160000.0,-0.4160214478241798,-4.972637236775384,0.007315573224616401,0.007315573224616401
Ti64,700,77,Ti64__700,1,-4.97995281,-4.339363176058205,-0.2175700860176496,-0.4230195479241457,400.0,160000.0,-0.41738127356018034,-4.974314535636035,0.005638274363965579,0.005638274363965579
Ti64,700,78,Ti64__700,1,-4.97995281,-4.3393618578306095,-0.2175700860176496,-0.4230208661517413,400.0,160000.0,-0.41678240795342303,-4.973714351801682,0.006238458198318142,0.006238458198318142
Ti64,700,79,Ti64__700,1,-4.97995281,-4.33944287727689,-0.2175700860176496,-0.4229398467054605,400.0,160000.0,-0.41797757590782136,-4.974990539202361,0.004962270797639334,0.004962270797639334
Ti64,700,80,Ti64__700,1,-4.97995281,-4.339100290653134,-0.2175700860176496,-0.423282433329217,400.0,160000.0,-0.41637538604618274,-4.973045762716966,0.006907047283034373,0.006907047283034373
Ti64,700,81,Ti64__700,1,-4.97995281,-4.339025274849377,-0.2175700860176496,-0.4233574491329733,400.0,160000.0,-0.41669829457779645,-4.973293655444823,0.0066591545551775155,0.0066591545551775155
Ti64,700,82,Ti64__700,1,-4.97995281,-4.33909891538465,-0.2175700860176496,-0.423283808597701,400.0,160000.0,-0.41786955396293773,-4.974538555365236,0.005414254634763971,0.005414254634763971
Ti64,700,83,Ti64__700,1,-4.97995281,-4.339615224164644,-0.2175700860176496,-0.4227674998177063,400.0,160000.0,-0.41577657081016633,-4.97296188099246,0.006990929007540281,0.006990929007540281
Ti64,700,84,Ti64__700,1,-4.97995281,-4.339234271571302,-0.2175700860176496,-0.423148452411049,400.0,160000.0,-0.41656410909815633,-4.973368466687107,0.006584343312892926,0.006584343312892926
Ti64,700,85,Ti64__700,1,-4.97995281,-4.339050293462229,-0.2175700860176496,-0.4233324305201217,400.0,160000.0,-0.41638132789870164,-4.97300170737858,0.006951102621420624,0.006951102621420624
Ti64,700,86,Ti64__700,1,-4.97995281,-4.339585527714917,-0.2175700860176496,-0.422797196267434,400.0,160000.0,-0.41645723881695784,-4.973612852549524,0.006339957450476774,0.006339957450476774
Ti64,700,87,Ti64__700,1,-4.97995281,-4.339263021614718,-0.2175700860176496,-0.4231197023676328,400.0,160000.0,-0.41613351453384795,-4.972966622166215,0.006986187833785351,0.006986187833785351
Ti64,700,88,Ti64__700,1,-4.97995281,-4.339427081125133,-0.2175700860176496,-0.4229556428572177,400.0,160000.0,-0.4159322192693312,-4.972929386412114,0.007023423587886768,0.007023423587886768
Ti64,700,89,Ti64__700,1,-4.97995281,-4.339136051827855,-0.2175700860176496,-0.4232466721544959,400.0,160000.0,-0.4155006654259633,-4.972206803271467,0.007746006728533317,0.007746006728533317
Ti64,700,90,Ti64__700,1,-4.97995281,-4.339092533489974,-0.2175700860176496,-0.4232901904923768,400.0,160000.0,-0.4159916459428548,-4.972654265450478,0.00729854454952239,0.00729854454952239
Ti64,700,91,Ti64__700,1,-4.97995281,-4.339746109915792,-0.2175700860176496,-0.4226366140665588,400.0,160000.0,-0.41598444502358556,-4.973300640957027,0.006652169042973277,0.006652169042973277
Ti64,700,92,Ti64__700,1,-4.97995281,-4.339453824347157,-0.2175700860176496,-0.4229288996351933,400.0,160000.0,-0.41703156254415996,-4.974055472908967,0.00589733709103335,0.00589733709103335
Ti64,700,93,Ti64__700,1,-4.97995281,-4.339066348892513,-0.2175700860176496,-0.4233163750898377,400.0,160000.0,-0.4165790682170418,-4.973215503127204,0.006737306872796722,0.006737306872796722
Ti64,700,94,Ti64__700,1,-4.97995281,-4.339432523838973,-0.2175700860176496,-0.4229502001433781,400.0,160000.0,-0.41760866126963847,-4.9746112711262604,0.005341538873739893,0.005341538873739893
Ti64,700,95,Ti64__700,1,-4.97995281,-4.339388337774061,-0.2175700860176496,-0.42299438620829,400.0,160000.0,-0.41698762455276633,-4.973946048344477,0.006006761655523718,0.006006761655523718
Ti64,700,96,Ti64__700,1,-4.97995281,-4.339077994516817,-0.2175700860176496,-0.4233047294655337,400.0,160000.0,-0.4178493414764565,-4.974497422010923,0.005455387989077742,0.005455387989077742
Ti64,700,97,Ti64__700,1,-4.97995281,-4.339383016144334,-0.2175700860176496,-0.4229997078380171,400.0,160000.0,-0.41694391581696116,-4.973897017978944,0.006055792021056661,0.006055792021056661
Ti64,700,98,Ti64__700,1,-4.97995281,-4.339079516539501,-0.2175700860176496,-0.4233032074428499,400.0,160000.0,-0.41650106050181945,-4.97315066305897,0.006802146941030429,0.006802146941030429
Ti64,700,99,Ti64__700,1,-4.97995281,-4.33930868718616,-0.2175700860176496,-0.4230740367961904,400.0,160000.0,-0.4169662549284153,-4.973845028132225,0.006107781867775053,0.006107781867775053
alpha-TiAl,300,0,alpha-TiAl__300,0,-4.80882399,-4.595842307952159,-0.2125885662818252,-0.0003931157660153,0.0,0.0,8.182672837639404e-05,-4.808349047505608,0.00047494249439150593,0.00047494249439150593
alpha-TiAl,300,1,alpha-TiAl__300,0,-4.80882399,-4.596358590579375,-0.2125885662818252,0.0001231668612007,0.0,0.0,0.0001887988849400002,-4.80875835797626,6.563202373932597e-05,6.563202373932597e-05
alpha-TiAl,300,2,alpha-TiAl__300,0,-4.80882399,-4.596318648301278,-0.2125885662818252,8.322458310328074e-05,0.0,0.0,0.00040704023600204864,-4.808500174347101,0.00032381565289885117,0.00032381565289885117
alpha-TiAl,300,3,alpha-TiAl__300,0,-4.80882399,-4.595912718784216,-0.2125885662818252,-0.000322704933958,0.0,0.0,0.0005280861195487985,-4.807973198946493,0.0008507910535069385,0.0008507910535069385
alpha-TiAl,300,4,alpha-TiAl__300,0,-4.80882399,-4.596201461861145,-0.2125885662818252,-3.396185702975174e-05,0.0,0.0,-0.0008802194396435592,-4.809670247582614,-0.0008462575826140295,0.0008462575826140295
alpha-TiAl,300,5,alpha-TiAl__300,0,-4.80882399,-4.596331854077492,-0.2125885662818252,9.64303593171678e-05,0.0,0.0,0.0006978974031321417,-4.808222522956185,0.0006014670438148073,0.0006014670438148073
alpha-TiAl,300,6,alpha-TiAl__300,0,-4.80882399,-4.596297583594406,-0.2125885662818252,6.215987623203745e-05,0.0,0.0,0.0005933872562903231,-4.808292762619941,0.0005312273800583966,0.0005312273800583966
alpha-TiAl,300,7,alpha-TiAl__300,0,-4.80882399,-4.596383476276219,-0.2125885662818252,0.0001480525580443,0.0,0.0,0.0007495574573734842,-4.8082224851006705,0.0006015048993290861,0.0006015048993290861
alpha-TiAl,300,8,alpha-TiAl__300,0,-4.80882399,-4.596337982283884,-0.2125885662818252,0.0001025585657092,0.0,0.0,0.001000011523519695,-4.8079265370421895,0.0008974529578100743,0.0008974529578100743
alpha-TiAl,300,9,alpha-TiAl__300,0,-4.80882399,-4.5964808016649,-0.2125885662818252,0.0002453779467259,0.0,0.0,0.00037050909315303193,-4.808698858853573,0.00012513114642676015,0.00012513114642676015
alpha-TiAl,300,10,alpha-TiAl__300,0,-4.80882399,-4.596133411914163,-0.2125885662818252,-0.0001020118040111,0.0,0.0,8.754990399162388e-05,-4.808634428291997,0.00018956170800255023,0.00018956170800255023
alpha-TiAl,300,11,alpha-TiAl__300,0,-4.80882399,-4.596261156786828,-0.2125885662818252,2.57330686537216e-05,0.0,0.0,0.0007242405030369881,-4.808125482565616,0.0006985074343832665,0.0006985074343832665
alpha-TiAl,300,12,alpha-TiAl__300,0,-4.80882399,-4.596029222773103,-0.2125885662818252,-0.0002062009450716,0.0,0.0,-0.0007286707049226349,-4.80934645975985,-0.0005224697598507078,0.0005224697598507078
alpha-TiAl,300,13,alpha-TiAl__300,0,-4.80882399,-4.59622515964221,-0.2125885662818252,-1.026407596427248e-05,0.0,0.0,-0.0004883774002892582,-4.809302103324325,-0.00047811332432523557,0.00047811332432523557
alpha-TiAl,300,14,alpha-TiAl__300,0,-4.80882399,-4.596311466556509,-0.2125885662818252,7.604283833462233e-05,0.0,0.0,-3.253374106396145e-05,-4.808932566579398,-0.000108576579398445,0.000108576579398445
alpha-TiAl,300,15,alpha-TiAl__300,0,-4.80882399,-4.596159732609696,-0.2125885662818252,-7.569110847871485e-05,0.0,0.0,-0.0004309134338686127,-4.80917921232539,-0.0003552223253899811,0.0003552223253899811
alpha-TiAl,300,16,alpha-TiAl__300,0,-4.80882399,-4.596274654952435,-0.2125885662818252,3.923123426030628e-05,0.0,0.0,0.00011504482502805446,-4.808748176409232,7.581359076791472e-05,7.581359076791472e-05
alpha-TiAl,300,17,alpha-TiAl__300,0,-4.80882399,-4.596124349268257,-0.2125885662818252,-0.0001110744499177,0.0,0.0,-0.00042152137467571515,-4.809134436924758,-0.00031044692475834523,0.00031044692475834523
alpha-TiAl,300,18,alpha-TiAl__300,0,-4.80882399,-4.59615615880357,-0.2125885662818252,-7.926491460441554e-05,0.0,0.0,0.0004075881311315088,-4.808337136954264,0.00048685304573581334,0.00048685304573581334
alpha-TiAl,300,19,alpha-TiAl__300,0,-4.80882399,-4.596121119498869,-0.2125885662818252,-0.0001143042193056,0.0,0.0,0.0002460591006719359,-4.808463626680022,0.0003603633199773526,0.0003603633199773526
alpha-TiAl,300,20,alpha-TiAl__300,0,-4.80882399,-4.596243314404433,-0.2125885662818252,7.890686258171797e-06,0.0,0.0,0.000204868228605104,-4.808627012457652,0.0001969775423473763,0.0001969775423473763
alpha-TiAl,300,21,alpha-TiAl__300,0,-4.80882399,-4.596017209554317,-0.2125885662818252,-0.0002182141638575,0.0,0.0,-0.0002725602081953271,-4.808878336044337,-5.4346044337627575e-05,5.4346044337627575e-05
alpha-TiAl,300,22,alpha-TiAl__300,0,-4.80882399,-4.596217021142415,-0.2125885662818252,-1.840257575924653e-05,0.0,0.0,-0.00035670812963786713,-4.809162295553878,-0.0003383055538783708,0.0003383055538783708
alpha-TiAl,300,23,alpha-TiAl__300,0,-4.80882399,-4.596079088355921,-0.2125885662818252,-0.0001563353622531,0.0,0.0,-0.0006568568411187969,-4.809324511478866,-0.0005005214788660339,0.0005005214788660339
alpha-TiAl,300,24,alpha-TiAl__300,0,-4.80882399,-4.596358719576501,-0.2125885662818252,0.0001232958583265,0.0,0.0,0.0004655154097034375,-4.808481770448623,0.00034221955137692106,0.00034221955137692106
alpha-TiAl,300,25,alpha-TiAl__300,0,-4.80882399,-4.596126655620739,-0.2125885662818252,-0.0001087680974354,0.0,0.0,-0.0002806184213850482,-4.8089958403239494,-0.00017185032394984034,0.00017185032394984034
alpha-TiAl,300,26,alpha-TiAl__300,0,-4.80882399,-4.5961101875604,-0.2125885662818252,-0.0001252361577748,0.0,0.0,-0.0004880668768482421,-4.809186820719073,-0.0003628307190730595,0.0003628307190730595
alpha-TiAl,300,27,alpha-TiAl__300,0,-4.80882399,-4.596354408295093,-0.2125885662818252,0.0001189845769182,0.0,0.0,0.00026652694272424893,-4.808676447634194,0.00014754236580571956,0.00014754236580571956
alpha-TiAl,300,28,alpha-TiAl__300,0,-4.80882399,-4.596113422211514,-0.2125885662818252,-0.0001220015066607,0.0,0.0,-0.0006022606504811068,-4.80930424914382,-0.0004802591438206605,0.0004802591438206605
alpha-TiAl,300,29,alpha-TiAl__300,0,-4.80882399,-4.596265815782902,-0.2125885662818252,3.0392064727990945e-05,0.0,0.0,-0.0013031952368106337,-4.810157577301538,-0.0013335873015387634,0.0013335873015387634
alpha-TiAl,300,30,alpha-TiAl__300,0,-4.80882399,-4.596174456419763,-0.2125885662818252,-6.096729841154058e-05,0.0,0.0,-0.0007881462811561712,-4.809551168982744,-0.0007271789827445474,0.0007271789827445474
alpha-TiAl,300,31,alpha-TiAl__300,0,-4.80882399,-4.596202188491644,-0.2125885662818252,-3.323522652998179e-05,0.0,0.0,-1.1432426151009034e-05,-4.80880218719962,2.1802800379333576e-05,2.1802800379333576e-05
alpha-TiAl,300,32,alpha-TiAl__300,0,-4.80882399,-4.5962886185330385,-0.2125885662818252,5.319481486409927e-05,0.0,0.0,-0.0003795208892732327,-4.809256705704137,-0.00043271570413772054,0.00043271570413772054
alpha-TiAl,300,33,alpha-TiAl__300,0,-4.80882399,-4.596350493459531,-0.2125885662818252,0.0001150697413567,0.0,0.0,0.00028485131398603425,-4.80865420842737,0.00016978157262936833,0.00016978157262936833
alpha-TiAl,300,34,alpha-TiAl__300,0,-4.80882399,-4.59632571390934,-0.2125885662818252,9.029019116546522e-05,0.0,0.0,0.0008151736606905047,-4.808099106530475,0.0007248834695250395,0.0007248834695250395
alpha-TiAl,300,35,alpha-TiAl__300,0,-4.80882399,-4.596159965532276,-0.2125885662818252,-7.545818589882458e-05,0.0,0.0,0.0010239775729412037,-4.80772455424116,0.0010994357588396397,0.0010994357588396397
alpha-TiAl,300,36,alpha-TiAl__300,0,-4.80882399,-4.596424133091296,-0.2125885662818252,0.0001887093731216,0.0,0.0,0.00030668313988641005,-4.808706016233235,0.00011797376676447868,0.00011797376676447868
alpha-TiAl,300,37,alpha-TiAl__300,0,-4.80882399,-4.596248924846033,-0.2125885662818252,1.3501127858361883e-05,0.0,0.0,-8.15739962461981e-06,-4.808845648527482,-2.1658527482593115e-05,2.1658527482593115e-05
alpha-TiAl,300,38,alpha-TiAl__300,0,-4.80882399,-4.596340198732951,-0.2125885662818252,0.0001047750147762,0.0,0.0,-0.0006258792766102861,-4.809554644291386,-0.0007306542913863012,0.0007306542913863012
alpha-TiAl,300,39,alpha-TiAl__300,0,-4.80882399,-4.596293971863183,-0.2125885662818252,5.854814500860783e-05,0.0,0.0,-0.0002807283353449541,-4.809163266480353,-0.0003392764803535897,0.0003392764803535897
alpha-TiAl,300,40,alpha-TiAl__300,0,-4.80882399,-4.59632754433535,-0.2125885662818252,9.21206171753397e-05,0.0,0.0,0.00019199880621839638,-4.808724111810957,9.987818904289014e-05,9.987818904289014e-05
alpha-TiAl,300,41,alpha-TiAl__300,0,-4.80882399,-4.596321075627144,-0.2125885662818252,8.565190896980823e-05,0.0,0.0,-0.00019246788920737612,-4.809102109798177,-0.00027811979817737864,0.00027811979817737864
alpha-TiAl,300,42,alpha-TiAl__300,0,-4.80882399,-4.596357564703506,-0.2125885662818252,0.000122140985332,0.0,0.0,-5.809238103895997e-05,-4.809004223366371,-0.0001802333663709632,0.0001802333663709632
alpha-TiAl,300,43,alpha-TiAl__300,0,-4.80882399,-4.596223958870027,-0.2125885662818252,-1.1464848147291208e-05,0.0,0.0,0.00038795972275609825,-4.808424565429096,0.00039942457090358374,0.00039942457090358374
alpha-TiAl,300,44,alpha-TiAl__300,0,-4.80882399,-4.5961068199890915,-0.2125885662818252,-0.0001286037290828,0.0,0.0,-0.0006113096664959738,-4.809306695937413,-0.0004827059374132858,0.0004827059374132858
alpha-TiAl,300,45,alpha-TiAl__300,0,-4.80882399,-4.596195767638389,-0.2125885662818252,-3.965607978528851e-05,0.0,0.0,-0.001210153348620624,-4.809994487268835,-0.0011704972688351134,0.0011704972688351134
alpha-TiAl,300,46,alpha-TiAl__300,0,-4.80882399,-4.596473034613343,-0.2125885662818252,0.0002376108951684,0.0,0.0,0.00023296516765947128,-4.808828635727509,-4.645727509355879e-06,4.645727509355879e-06
alpha-TiAl,300,47,alpha-TiAl__300,0,-4.80882399,-4.596183165537258,-0.2125885662818252,-5.225818091680878e-05,0.0,0.0,-0.00012369937065048742,-4.808895431189733,-7.144118973378966e-05,7.144118973378966e-05
alpha-TiAl,300,48,alpha-TiAl__300,0,-4.80882399,-4.596422079894575,-0.2125885662818252,0.0001866561764005,0.0,0.0,3.26436526735252e-05,-4.808978002523727,-0.0001540125237271539,0.0001540125237271539
alpha-TiAl,300,49,alpha-TiAl__300,0,-4.80882399,-4.596394352049521,-0.2125885662818252,0.0001589283313467,0.0,0.0,0.0005439556273972301,-4.808438962703949,0.00038502729605038866,0.00038502729605038866
alpha-TiAl,300,50,alpha-TiAl__300,0,-4.80882399,-4.596335463022224,-0.2125885662818252,0.0001000393040495,0.0,0.0,0.0005924778245599283,-4.8083315514794895,0.0004924385205100634,0.0004924385205100634
alpha-TiAl,300,51,alpha-TiAl__300,0,-4.80882399,-4.596216667549931,-0.2125885662818252,-1.875616824342785e-05,0.0,0.0,-0.0011457823738569017,-4.809951016205613,-0.001127026205613113,0.001127026205613113
alpha-TiAl,300,52,alpha-TiAl__300,0,-4.80882399,-4.5963806896838575,-0.2125885662818252,0.000145265965683,0.0,0.0,2.0916290013939243e-05,-4.808948339675669,-0.00012434967566932187,0.00012434967566932187
alpha-TiAl,300,53,alpha-TiAl__300,0,-4.80882399,-4.596123268676425,-0.2125885662818252,-0.0001121550417497,0.0,0.0,-0.0012084685672844042,-4.8099203035255345,-0.0010963135255348533,0.0010963135255348533
alpha-TiAl,300,54,alpha-TiAl__300,0,-4.80882399,-4.596404835499438,-0.2125885662818252,0.0001694117812638,0.0,0.0,-7.866158338504237e-06,-4.809001267939602,-0.00017727793960276017,0.00017727793960276017
alpha-TiAl,300,55,alpha-TiAl__300,0,-4.80882399,-4.596219918414703,-0.2125885662818252,-1.55053034713859e-05,0.0,0.0,-0.0002814105237496922,-4.809089895220278,-0.00026590522027802876,0.00026590522027802876
alpha-TiAl,300,56,alpha-TiAl__300,0,-4.80882399,-4.59609357354283,-0.2125885662818252,-0.0001418501753445,0.0,0.0,-0.0010685966100097977,-4.8097507364346646,-0.000926746434664949,0.000926746434664949
alpha-TiAl,300,57,alpha-TiAl__300,0,-4.80882399,-4.596484974628338,-0.2125885662818252,0.0002495509101638,0.0,0.0,-0.00015015404585458358,-4.809223694956018,-0.00039970495601870937,0.00039970495601870937
alpha-TiAl,300,58,alpha-TiAl__300,0,-4.80882399,-4.596155719314154,-0.2125885662818252,-7.970440402083057e-05,0.0,0.0,-0.00014013895869519066,-4.808884424554674,-6.043455467441561e-05,6.043455467441561e-05
alpha-TiAl,300,59,alpha-TiAl__300,0,-4.80882399,-4.59642688130886,-0.2125885662818252,0.0001914575906853,0.0,0.0,-0.00021059217000490849,-4.80922603976069,-0.0004020497606900264,0.0004020497606900264
alpha-TiAl,300,60,alpha-TiAl__300,0,-4.80882399,-4.596197011907307,-0.2125885662818252,-3.841181086716716e-05,0.0,0.0,-9.845552040252392e-05,-4.808884033709535,-6.004370953505145e-05,6.004370953505145e-05
alpha-TiAl,300,61,alpha-TiAl__300,0,-4.80882399,-4.596206709373715,-0.2125885662818252,-2.8714344459501717e-05,0.0,0.0,-1.3950574707127794e-05,-4.808809226230247,1.4763769752512701e-05,1.4763769752512701e-05
alpha-TiAl,300,62,alpha-TiAl__300,0,-4.80882399,-4.596065660952792,-0.2125885662818252,-0.000169762765382,0.0,0.0,-0.0005052645817334167,-4.809159491816351,-0.0003355018163517798,0.0003355018163517798
alpha-TiAl,300,63,alpha-TiAl__300,0,-4.80882399,-4.596479186478475,-0.2125885662818252,0.0002437627603004,0.0,0.0,0.0009283771727485735,-4.808139375587552,0.0006846144124477149,0.0006846144124477149
alpha-TiAl,300,64,alpha-TiAl__300,0,-4.80882399,-4.596310013483329,-0.2125885662818252,7.458976515462012e-05,0.0,0.0,0.0007623132527928289,-4.808136266512362,0.0006877234876379035,0.0006877234876379035
alpha-TiAl,300,65,alpha-TiAl__300,0,-4.80882399,-4.596234976358592,-0.2125885662818252,-4.473595822673815e-07,0.0,0.0,0.000185654094213894,-4.808637888546204,0.00018610145379582832,0.00018610145379582832
alpha-TiAl,300,66,alpha-TiAl__300,0,-4.80882399,-4.596300081910872,-0.2125885662818252,6.465819269774187e-05,0.0,0.0,-0.00024901640683580584,-4.809137664599533,-0.0003136745995337975,0.0003136745995337975
alpha-TiAl,300,67,alpha-TiAl__300,0,-4.80882399,-4.596022411888315,-0.2125885662818252,-0.0002130118298593,0.0,0.0,-0.00011595128598984594,-4.80872692945613,9.706054386970919e-05,9.706054386970919e-05
alpha-TiAl,300,68,alpha-TiAl__300,0,-4.80882399,-4.596233906287603,-0.2125885662818252,-1.517430571418288e-06,0.0,0.0,-0.000203123693005125,-4.809025596262433,-0.00020160626243370672,0.00020160626243370672
alpha-TiAl,300,69,alpha-TiAl__300,0,-4.80882399,-4.596135717530777,-0.2125885662818252,-9.970618739707504e-05,0.0,0.0,-0.0009125532949129656,-4.809636837107515,-0.0008128471075155019,0.0008128471075155019
alpha-TiAl,300,70,alpha-TiAl__300,0,-4.80882399,-4.596082306255767,-0.2125885662818252,-0.0001531174624069,0.0,0.0,-0.00032102113004015,-4.808991893667633,-0.0001679036676334178,0.0001679036676334178
alpha-TiAl,300,71,alpha-TiAl__300,0,-4.80882399,-4.59639368516502,-0.2125885662818252,0.0001582614468453,0.0,0.0,0.00021968290040894067,-4.808762568546436,6.142145356324846e-05,6.142145356324846e-05
alpha-TiAl,300,72,alpha-TiAl__300,0,-4.80882399,-4.595927243606182,-0.2125885662818252,-0.0003081801119924,0.0,0.0,-0.00020146151108846322,-4.808717271399096,0.00010671860090383234,0.00010671860090383234
alpha-TiAl,300,73,alpha-TiAl__300,0,-4.80882399,-4.596021753393391,-0.2125885662818252,-0.0002136703247836,0.0,0.0,-0.0010416240994687298,-4.809651943774685,-0.0008279537746851418,0.0008279537746851418
alpha-TiAl,300,74,alpha-TiAl__300,0,-4.80882399,-4.596361690991196,-0.2125885662818252,0.0001262672730213,0.0,0.0,-0.00011390888129589327,-4.809064166154317,-0.0002401761543175951,0.0002401761543175951
alpha-TiAl,300,75,alpha-TiAl__300,0,-4.80882399,-4.596092342956722,-0.2125885662818252,-0.0001430807614521,0.0,0.0,-0.00013204751589421249,-4.8088129567544415,1.1033245558067506e-05,1.1033245558067506e-05
alpha-TiAl,300,76,alpha-TiAl__300,0,-4.80882399,-4.596426616232533,-0.2125885662818252,0.0001911925143582,0.0,0.0,0.0006426983743876846,-4.80837248413997,0.00045150586002939974,0.00045150586002939974
alpha-TiAl,300,77,alpha-TiAl__300,0,-4.80882399,-4.596208922854688,-0.2125885662818252,-2.6500863486766942e-05,0.0,0.0,0.000807874077505627,-4.807989615059007,0.0008343749409922552,0.0008343749409922552
alpha-TiAl,300,78,alpha-TiAl__300,0,-4.80882399,-4.596644474539783,-0.2125885662818252,0.0004090508216085,0.0,0.0,0.0005270631170533335,-4.808705977704554,0.000118012295445169,0.000118012295445169
alpha-TiAl,300,79,alpha-TiAl__300,0,-4.80882399,-4.596362186636476,-0.2125885662818252,0.0001267629183017,0.0,0.0,0.0007520902145722597,-4.808198662703729,0.000625327296270406,0.000625327296270406
alpha-TiAl,300,80,alpha-TiAl__300,0,-4.80882399,-4.5963249894876945,-0.2125885662818252,8.956576952012796e-05,0.0,0.0,0.0005576999321839082,-4.808355855837336,0.0004681341626637803,0.0004681341626637803
alpha-TiAl,300,81,alpha-TiAl__300,0,-4.80882399,-4.5961645403185,-0.2125885662818252,-7.088339967431523e-05,0.0,0.0,-0.0007537368226750718,-4.809506843423001,-0.0006828534230010064,0.0006828534230010064
alpha-TiAl,300,82,alpha-TiAl__300,0,-4.80882399,-4.596323280178777,-0.2125885662818252,8.785646060260888e-05,0.0,0.0,-6.4292687443623375e-06,-4.808918275729346,-9.42857293466659e-05,9.42857293466659e-05
alpha-TiAl,300,83,alpha-TiAl__300,0,-4.80882399,-4.59625387208324,-0.2125885662818252,1.8448365065815153e-05,0.0,0.0,0.0002875193554675026,-4.808554919009598,0.0002690709904014099,0.0002690709904014099
alpha-TiAl,300,84,alpha-TiAl__300,0,-4.80882399,-4.596296460781942,-0.2125885662818252,6.103706376769935e-05,0.0,0.0,3.768225373348977e-05,-4.808847344810034,-2.335481003434836e-05,2.335481003434836e-05
alpha-TiAl,300,85,alpha-TiAl__300,0,-4.80882399,-4.596106285923468,-0.2125885662818252,-0.0001291377947065,0.0,0.0,-0.0006620586072840773,-4.809356910812577,-0.0005329208125770535,0.0005329208125770535
alpha-TiAl,300,86,alpha-TiAl__300,0,-4.80882399,-4.596317731943803,-0.2125885662818252,8.230822562893536e-05,0.0,0.0,0.00017655123024437613,-4.808729746995384,9.42430046153575e-05,9.42430046153575e-05
alpha-TiAl,300,87,alpha-TiAl__300,0,-4.80882399,-4.595955326555309,-0.2125885662818252,-0.0002800971628653,0.0,0.0,-0.0007317018790756469,-4.80927559471621,-0.00045160471621041864,0.00045160471621041864
alpha-TiAl,300,88,alpha-TiAl__300,0,-4.80882399,-4.5963828089797305,-0.2125885662818252,0.0001473852615561,0.0,0.0,-0.000513386651640857,-4.809484761913197,-0.0006607719131972445,0.0006607719131972445
alpha-TiAl,300,89,alpha-TiAl__300,0,-4.80882399,-4.596262951415968,-0.2125885662818252,2.752769779323927e-05,0.0,0.0,-0.00011575120052864651,-4.808967268898321,-0.00014327889832177476,0.00014327889832177476
alpha-TiAl,300,90,alpha-TiAl__300,0,-4.80882399,-4.596311589342362,-0.2125885662818252,7.616562418721884e-05,0.0,0.0,-0.0003199971567489357,-4.809220152780936,-0.00039616278093657087,0.00039616278093657087
alpha-TiAl,300,91,alpha-TiAl__300,0,-4.80882399,-4.596073932171214,-0.2125885662818252,-0.0001614915469607,0.0,0.0,-0.0002940486314827462,-4.808956547084522,-0.00013255708452231119,0.00013255708452231119
alpha-TiAl,300,92,alpha-TiAl__300,0,-4.80882399,-4.596111085061915,-0.2125885662818252,-0.000124338656259,0.0,0.0,-0.0007345943024811563,-4.809434245646222,-0.0006102556462224129,0.0006102556462224129
alpha-TiAl,300,93,alpha-TiAl__300,0,-4.80882399,-4.596235068609195,-0.2125885662818252,-3.5510897955504106e-07,0.0,0.0,-0.00034155178050337964,-4.809165186671524,-0.00034119667152410216,0.00034119667152410216
alpha-TiAl,300,94,alpha-TiAl__300,0,-4.80882399,-4.5962572163827,-0.2125885662818252,2.179266452539963e-05,0.0,0.0,-0.0007045774110938374,-4.809550360075619,-0.0007263700756192648,0.0007263700756192648
alpha-TiAl,300,95,alpha-TiAl__300,0,-4.80882399,-4.596023198373195,-0.2125885662818252,-0.0002122253449794,0.0,0.0,-0.00039274846134265684,-4.809004513116363,-0.0001805231163629628,0.0001805231163629628
alpha-TiAl,300,96,alpha-TiAl__300,0,-4.80882399,-4.596307723811961,-0.2125885662818252,7.230009378655922e-05,0.0,0.0,-0.0007189084530793421,-4.809615198546865,-0.0007912085468655405,0.0007912085468655405
alpha-TiAl,300,97,alpha-TiAl__300,0,-4.80882399,-4.59619660989324,-0.2125885662818252,-3.8813824934536e-05,0.0,0.0,0.00011349173173930138,-4.8086716844433255,0.00015230555667411494,0.00015230555667411494
alpha-TiAl,300,98,alpha-TiAl__300,0,-4.80882399,-4.596171273046608,-0.2125885662818252,-6.415067156684273e-05,0.0,0.0,-0.00022155512737384586,-4.808981394455808,-0.0001574044558081411,0.0001574044558081411
alpha-TiAl,300,99,alpha-TiAl__300,0,-4.80882399,-4.59595580819012,-0.2125885662818252,-0.0002796155280542,0.0,0.0,-0.00039094021707195004,-4.808935314689017,-0.00011132468901742243,0.00011132468901742243
alpha-TiAl,400,0,alpha-TiAl__400,2,-4.84201127,-4.533121358161141,-0.2125885662818252,-0.096301345557034,100.0,10000.0,-0.0953493213168236,-4.84105924575979,0.0009520242402105694,0.0009520242402105694
alpha-TiAl,400,1,alpha-TiAl__400,2,-4.84201127,-4.532671322011222,-0.2125885662818252,-0.0967513817069534,100.0,10000.0,-0.09597147547661972,-4.8412313637696665,0.000779906230333971,0.000779906230333971
alpha-TiAl,400,2,alpha-TiAl__400,2,-4.84201127,-4.533234952679974,-0.2125885662818252,-0.0961877510382009,100.0,10000.0,-0.09581424005323973,-4.841637759015039,0.0003735109849616336,0.0003735109849616336
alpha-TiAl,400,3,alpha-TiAl__400,2,-4.84201127,-4.533061151270561,-0.2125885662818252,-0.0963615524476138,100.0,10000.0,-0.09645374398005227,-4.842103461532439,-9.219153243833489e-05,9.219153243833489e-05
alpha-TiAl,400,4,alpha-TiAl__400,2,-4.84201127,-4.5328514514293765,-0.2125885662818252,-0.0965712522887987,100.0,10000.0,-0.09647956241147554,-4.841919580122677,9.168987732355305e-05,9.168987732355305e-05
alpha-TiAl,400,5,alpha-TiAl__400,2,-4.84201127,-4.533321202462523,-0.2125885662818252,-0.096101501255652,100.0,10000.0,-0.09501154492870852,-4.840921313673057,0.0010899563269433088,0.0010899563269433088
alpha-TiAl,400,6,alpha-TiAl__400,2,-4.84201127,-4.533005699413542,-0.2125885662818252,-0.0964170043046328,100.0,10000.0,-0.09590917234238568,-4.841503438037753,0.0005078319622473515,0.0005078319622473515
alpha-TiAl,400,7,alpha-TiAl__400,2,-4.84201127,-4.532857163832723,-0.2125885662818252,-0.0965655398854519,100.0,10000.0,-0.09583463237910254,-4.841280362493651,0.0007309075063490766,0.0007309075063490766
alpha-TiAl,400,8,alpha-TiAl__400,2,-4.84201127,-4.533232894245863,-0.2125885662818252,-0.0961898094723121,100.0,10000.0,-0.09562697901951342,-4.841448439547202,0.0005628304527984795,0.0005628304527984795
alpha-TiAl,400,9,alpha-TiAl__400,2,-4.84201127,-4.532670416430074,-0.2125885662818252,-0.0967522872881012,100.0,10000.0,-0.09672185518631637,-4.841980837898215,3.0432101785216048e-05,3.0432101785216048e-05
alpha-TiAl,400,10,alpha-TiAl__400,2,-4.84201127,-4.533120214937531,-0.2125885662818252,-0.096302488780644,100.0,10000.0,-0.0962694971180446,-4.841978278337401,3.299166259917996e-05,3.299166259917996e-05
alpha-TiAl,400,11,alpha-TiAl__400,2,-4.84201127,-4.532856937093616,-0.2125885662818252,-0.0965657666245594,100.0,10000.0,-0.09580674985106546,-4.841252253226506,0.0007590167734941033,0.0007590167734941033
alpha-TiAl,400,12,alpha-TiAl__400,2,-4.84201127,-4.532991312546349,-0.2125885662818252,-0.0964313911718264,100.0,10000.0,-0.09664520305361556,-4.842225081881789,-0.00021381188178892785,0.00021381188178892785
alpha-TiAl,400,13,alpha-TiAl__400,2,-4.84201127,-4.533073139602636,-0.2125885662818252,-0.0963495641155391,100.0,10000.0,-0.09542417562807731,-4.841085881512538,0.0009253884874622642,0.0009253884874622642
alpha-TiAl,400,14,alpha-TiAl__400,2,-4.84201127,-4.53337461366209,-0.2125885662818252,-0.0960480900560849,100.0,10000.0,-0.09588790834556606,-4.841851088289482,0.00016018171051879193,0.00016018171051879193
alpha-TiAl,400,15,alpha-TiAl__400,2,-4.84201127,-4.533028761719536,-0.2125885662818252,-0.096393941998639,100.0,10000.0,-0.09588763246375356,-4.841504960465115,0.0005063095348853963,0.0005063095348853963
alpha-TiAl,400,16,alpha-TiAl__400,2,-4.84201127,-4.5328577388697155,-0.2125885662818252,-0.0965649648484596,100.0,10000.0,-0.09642696630679438,-4.8418732714583355,0.00013799854166496317,0.00013799854166496317
alpha-TiAl,400,17,alpha-TiAl__400,2,-4.84201127,-4.533139543488646,-0.2125885662818252,-0.0962831602295288,100.0,10000.0,-0.0954885785564256,-4.841216688326897,0.0007945816731034228,0.0007945816731034228
alpha-TiAl,400,18,alpha-TiAl__400,2,-4.84201127,-4.532922293838314,-0.2125885662818252,-0.0965004098798614,100.0,10000.0,-0.09577706581862658,-4.841287925938766,0.0007233440612344211,0.0007233440612344211
alpha-TiAl,400,19,alpha-TiAl__400,2,-4.84201127,-4.533360636175484,-0.2125885662818252,-0.0960620675426913,100.0,10000.0,-0.09452177173945893,-4.840470974196768,0.0015402958032320058,0.0015402958032320058
alpha-TiAl,400,20,alpha-TiAl__400,2,-4.84201127,-4.533532582948153,-0.2125885662818252,-0.0958901207700222,100.0,10000.0,-0.09485932199481444,-4.840980471224793,0.0010307987752078418,0.0010307987752078418
alpha-TiAl,400,21,alpha-TiAl__400,2,-4.84201127,-4.532969994165137,-0.2125885662818252,-0.0964527095530378,100.0,10000.0,-0.09595684712707674,-4.84151540757404,0.0004958624259607802,0.0004958624259607802
alpha-TiAl,400,22,alpha-TiAl__400,2,-4.84201127,-4.53340941714208,-0.2125885662818252,-0.0960132865760954,100.0,10000.0,-0.09512957037163433,-4.841127553795539,0.000883716204461038,0.000883716204461038
alpha-TiAl,400,23,alpha-TiAl__400,2,-4.84201127,-4.533139534544374,-0.2125885662818252,-0.0962831691738008,100.0,10000.0,-0.09582344953122161,-4.841551550357421,0.0004597196425795147,0.0004597196425795147
alpha-TiAl,400,24,alpha-TiAl__400,2,-4.84201127,-4.533126333303042,-0.2125885662818252,-0.0962963704151329,100.0,10000.0,-0.09617070078143469,-4.841885600366302,0.000125669633698422,0.000125669633698422
alpha-TiAl,400,25,alpha-TiAl__400,2,-4.84201127,-4.533132777293128,-0.2125885662818252,-0.0962899264250474,100.0,10000.0,-0.09524910790482057,-4.840970451479774,0.0010408185202264164,0.0010408185202264164
alpha-TiAl,400,26,alpha-TiAl__400,2,-4.84201127,-4.533029345764951,-0.2125885662818252,-0.0963933579532243,100.0,10000.0,-0.09571525929238062,-4.841333171339157,0.0006780986608436734,0.0006780986608436734
alpha-TiAl,400,27,alpha-TiAl__400,2,-4.84201127,-4.533234087277822,-0.2125885662818252,-0.0961886164403535,100.0,10000.0,-0.09552524806471809,-4.841347901624365,0.0006633683756351871,0.0006633683756351871
alpha-TiAl,400,28,alpha-TiAl__400,2,-4.84201127,-4.5328602748896785,-0.2125885662818252,-0.0965624288284967,100.0,10000.0,-0.09538197691820083,-4.840830818089705,0.001180451910295588,0.001180451910295588
alpha-TiAl,400,29,alpha-TiAl__400,2,-4.84201127,-4.533139784658528,-0.2125885662818252,-0.0962829190596474,100.0,10000.0,-0.09523620600791989,-4.840964556948273,0.0010467130517275436,0.0010467130517275436
alpha-TiAl,400,30,alpha-TiAl__400,2,-4.84201127,-4.532864002496838,-0.2125885662818252,-0.0965587012213369,100.0,10000.0,-0.09637022553277098,-4.841822794311435,0.00018847568856550367,0.00018847568856550367
alpha-TiAl,400,31,alpha-TiAl__400,2,-4.84201127,-4.532791105813525,-0.2125885662818252,-0.0966315979046505,100.0,10000.0,-0.09588280905973595,-4.841262481155086,0.000748788844914472,0.000748788844914472
alpha-TiAl,400,32,alpha-TiAl__400,2,-4.84201127,-4.533191325317351,-0.2125885662818252,-0.0962313784008239,100.0,10000.0,-0.09468398888388457,-4.840463880483061,0.0015473895169391128,0.0015473895169391128
alpha-TiAl,400,33,alpha-TiAl__400,2,-4.84201127,-4.532989339310241,-0.2125885662818252,-0.0964333644079342,100.0,10000.0,-0.09634246327882394,-4.84192036887089,9.090112911014359e-05,9.090112911014359e-05
alpha-TiAl,400,34,alpha-TiAl__400,2,-4.84201127,-4.532848321715994,-0.2125885662818252,-0.0965743820021813,100.0,10000.0,-0.09699532862779091,-4.8424322166256095,-0.0004209466256090977,0.0004209466256090977
alpha-TiAl,400,35,alpha-TiAl__400,2,-4.84201127,-4.533003852247757,-0.2125885662818252,-0.0964188514704185,100.0,10000.0,-0.09690468406555275,-4.842497102595135,-0.0004858325951344611,0.0004858325951344611
alpha-TiAl,400,36,alpha-TiAl__400,2,-4.84201127,-4.533392366323011,-0.2125885662818252,-0.096030337395164,100.0,10000.0,-0.0976154294459575,-4.843596362050794,-0.0015850920507931576,0.0015850920507931576
alpha-TiAl,400,37,alpha-TiAl__400,2,-4.84201127,-4.533145996200138,-0.2125885662818252,-0.0962767075180375,100.0,10000.0,-0.09695713055421366,-4.842691693036176,-0.0006804230361758812,0.0006804230361758812
alpha-TiAl,400,38,alpha-TiAl__400,2,-4.84201127,-4.532712190810105,-0.2125885662818252,-0.0967105129080705,100.0,10000.0,-0.09608834588305663,-4.841389102974986,0.0006221670250141642,0.0006221670250141642
alpha-TiAl,400,39,alpha-TiAl__400,2,-4.84201127,-4.533126550072704,-0.2125885662818252,-0.0962961536454711,100.0,10000.0,-0.09399472346468941,-4.839709839819219,0.0023014301807817716,0.0023014301807817716
alpha-TiAl,400,40,alpha-TiAl__400,2,-4.84201127,-4.532989039988057,-0.2125885662818252,-0.0964336637301181,100.0,10000.0,-0.0966896341812586,-4.84226724045114,-0.0002559704511400085,0.0002559704511400085
alpha-TiAl,400,41,alpha-TiAl__400,2,-4.84201127,-4.533062423341668,-0.2125885662818252,-0.0963602803765075,100.0,10000.0,-0.09574025280314911,-4.841391242426642,0.0006200275733583283,0.0006200275733583283
alpha-TiAl,400,42,alpha-TiAl__400,2,-4.84201127,-4.533127800204062,-0.2125885662818252,-0.0962949035141136,100.0,10000.0,-0.09593755196798619,-4.841653918453873,0.0003573515461274823,0.0003573515461274823
alpha-TiAl,400,43,alpha-TiAl__400,2,-4.84201127,-4.532951565504174,-0.2125885662818252,-0.0964711382140013,100.0,10000.0,-0.09579271206145698,-4.841332843847456,0.0006784261525440982,0.0006784261525440982
alpha-TiAl,400,44,alpha-TiAl__400,2,-4.84201127,-4.532896226457627,-0.2125885662818252,-0.0965264772605483,100.0,10000.0,-0.09573639851087144,-4.841221191250323,0.0007900787496772921,0.0007900787496772921
alpha-TiAl,400,45,alpha-TiAl__400,2,-4.84201127,-4.5333417068336335,-0.2125885662818252,-0.0960809968845417,100.0,10000.0,-0.09526708940797715,-4.8411973625234355,0.0008139074765649568,0.0008139074765649568
alpha-TiAl,400,46,alpha-TiAl__400,2,-4.84201127,-4.53298317372636,-0.2125885662818252,-0.096439529991815,100.0,10000.0,-0.09607009250703345,-4.841641832515219,0.0003694374847817983,0.0003694374847817983
alpha-TiAl,400,47,alpha-TiAl__400,2,-4.84201127,-4.5330778299894,-0.2125885662818252,-0.0963448737287748,100.0,10000.0,-0.09660511478757469,-4.8422715110588,-0.0002602410587995152,0.0002602410587995152
alpha-TiAl,400,48,alpha-TiAl__400,2,-4.84201127,-4.5328905145542056,-0.2125885662818252,-0.0965321891639696,100.0,10000.0,-0.09586761168479263,-4.8413466925208235,0.0006645774791769199,0.0006645774791769199
alpha-TiAl,400,49,alpha-TiAl__400,2,-4.84201127,-4.532948321770414,-0.2125885662818252,-0.0964743819477611,100.0,10000.0,-0.09602979498751274,-4.841566683039752,0.00044458696024829436,0.00044458696024829436
alpha-TiAl,400,50,alpha-TiAl__400,2,-4.84201127,-4.533159630283458,-0.2125885662818252,-0.0962630734347174,100.0,10000.0,-0.09626015368361816,-4.842008350248901,2.9197510995615517e-06,2.9197510995615517e-06
alpha-TiAl,400,51,alpha-TiAl__400,2,-4.84201127,-4.533139136077787,-0.2125885662818252,-0.0962835676403885,100.0,10000.0,-0.0955008526047477,-4.84122855496436,0.0007827150356405355,0.0007827150356405355
alpha-TiAl,400,52,alpha-TiAl__400,2,-4.84201127,-4.53312474031442,-0.2125885662818252,-0.0962979634037548,100.0,10000.0,-0.09551401049970867,-4.841227317095954,0.0007839529040465365,0.0007839529040465365
alpha-TiAl,400,53,alpha-TiAl__400,2,-4.84201127,-4.53290868278928,-0.2125885662818252,-0.096514020928895,100.0,10000.0,-0.09658964424752337,-4.842086893318629,-7.56233186285371e-05,7.56233186285371e-05
alpha-TiAl,400,54,alpha-TiAl__400,2,-4.84201127,-4.533013239416832,-0.2125885662818252,-0.0964094643013435,100.0,10000.0,-0.09514659118291817,-4.840748396881575,0.0012628731184252118,0.0012628731184252118
alpha-TiAl,400,55,alpha-TiAl__400,2,-4.84201127,-4.5328257850842855,-0.2125885662818252,-0.0965969186338897,100.0,10000.0,-0.09573144601521753,-4.841145797381328,0.0008654726186723138,0.0008654726186723138
alpha-TiAl,400,56,alpha-TiAl__400,2,-4.84201127,-4.533016526597174,-0.2125885662818252,-0.0964061771210014,100.0,10000.0,-0.09613353572206997,-4.841738628601069,0.00027264139893112826,0.00027264139893112826
alpha-TiAl,400,57,alpha-TiAl__400,2,-4.84201127,-4.532993677034188,-0.2125885662818252,-0.0964290266839871,100.0,10000.0,-0.09592659950523844,-4.841508842821252,0.000502427178748377,0.000502427178748377
alpha-TiAl,400,58,alpha-TiAl__400,2,-4.84201127,-4.532878950697989,-0.2125885662818252,-0.0965437530201862,100.0,10000.0,-0.09506939982923987,-4.840536916809054,0.0014743531909466867,0.0014743531909466867
alpha-TiAl,400,59,alpha-TiAl__400,2,-4.84201127,-4.533253946266103,-0.2125885662818252,-0.0961687574520722,100.0,10000.0,-0.09499098391283245,-4.84083349646076,0.001177773539239979,0.001177773539239979
alpha-TiAl,400,60,alpha-TiAl__400,2,-4.84201127,-4.533278323858795,-0.2125885662818252,-0.0961443798593801,100.0,10000.0,-0.09668645366953585,-4.842553343810156,-0.0005420738101555855,0.0005420738101555855
alpha-TiAl,400,61,alpha-TiAl__400,2,-4.84201127,-4.5331863142616795,-0.2125885662818252,-0.0962363894564957,100.0,10000.0,-0.09561019124600184,-4.841385071789507,0.0006261982104938113,0.0006261982104938113
alpha-TiAl,400,62,alpha-TiAl__400,2,-4.84201127,-4.532488530741113,-0.2125885662818252,-0.096934172977062,100.0,10000.0,-0.09666541231048006,-4.841742509333418,0.0002687606665823239,0.0002687606665823239
alpha-TiAl,400,63,alpha-TiAl__400,2,-4.84201127,-4.5329529521200485,-0.2125885662818252,-0.0964697515981267,100.0,10000.0,-0.09714482887764164,-4.842686347279515,-0.0006750772795145465,0.0006750772795145465
alpha-TiAl,400,64,alpha-TiAl__400,2,-4.84201127,-4.5332775878681,-0.2125885662818252,-0.0961451158500752,100.0,10000.0,-0.09593702942405949,-4.841803183573985,0.00020808642601544136,0.00020808642601544136
alpha-TiAl,400,65,alpha-TiAl__400,2,-4.84201127,-4.532899896020487,-0.2125885662818252,-0.0965228076976885,100.0,10000.0,-0.09648040448782495,-4.841968866790137,4.240320986337309e-05,4.240320986337309e-05
alpha-TiAl,400,66,alpha-TiAl__400,2,-4.84201127,-4.533381623517114,-0.2125885662818252,-0.0960410802010613,100.0,10000.0,-0.09514499475342483,-4.841115184552364,0.0008960854476365299,0.0008960854476365299
alpha-TiAl,400,67,alpha-TiAl__400,2,-4.84201127,-4.533276188842529,-0.2125885662818252,-0.0961465148756461,100.0,10000.0,-0.09540116235537402,-4.841265917479729,0.0007453525202718581,0.0007453525202718581
alpha-TiAl,400,68,alpha-TiAl__400,2,-4.84201127,-4.533173058795685,-0.2125885662818252,-0.0962496449224898,100.0,10000.0,-0.09549017080074099,-4.841251795878252,0.0007594741217484824,0.0007594741217484824
alpha-TiAl,400,69,alpha-TiAl__400,2,-4.84201127,-4.533076136960128,-0.2125885662818252,-0.0963465667580472,100.0,10000.0,-0.0965670596315105,-4.842231762873464,-0.00022049287346348478,0.00022049287346348478
alpha-TiAl,400,70,alpha-TiAl__400,2,-4.84201127,-4.533070487776015,-0.2125885662818252,-0.0963522159421605,100.0,10000.0,-0.0957718138954877,-4.841430867953328,0.0005804020466726456,0.0005804020466726456
alpha-TiAl,400,71,alpha-TiAl__400,2,-4.84201127,-4.532794676408107,-0.2125885662818252,-0.0966280273100679,100.0,10000.0,-0.0956688854495079,-4.841052128139441,0.0009591418605596758,0.0009591418605596758
alpha-TiAl,400,72,alpha-TiAl__400,2,-4.84201127,-4.533433440508154,-0.2125885662818252,-0.0959892632100212,100.0,10000.0,-0.09553535923569312,-4.841557366025672,0.00045390397432854,0.00045390397432854
alpha-TiAl,400,73,alpha-TiAl__400,2,-4.84201127,-4.533257104312546,-0.2125885662818252,-0.0961655994056291,100.0,10000.0,-0.09538117616527815,-4.84122684675965,0.0007844232403506624,0.0007844232403506624
alpha-TiAl,400,74,alpha-TiAl__400,2,-4.84201127,-4.53315644751625,-0.2125885662818252,-0.0962662562019254,100.0,10000.0,-0.09619826823291265,-4.841943282030988,6.798796901286153e-05,6.798796901286153e-05
alpha-TiAl,400,75,alpha-TiAl__400,2,-4.84201127,-4.533011307954537,-0.2125885662818252,-0.0964113957636385,100.0,10000.0,-0.0960338671042077,-4.841633741340569,0.0003775286594311922,0.0003775286594311922
alpha-TiAl,400,76,alpha-TiAl__400,2,-4.84201127,-4.53319581145157,-0.2125885662818252,-0.0962268922666051,100.0,10000.0,-0.09463629659969734,-4.840420674333092,0.0015905956669080012,0.0015905956669080012
alpha-TiAl,400,77,alpha-TiAl__400,2,-4.84201127,-4.532958406557429,-0.2125885662818252,-0.0964642971607459,100.0,10000.0,-0.09573961472924518,-4.8412865875685,0.0007246824315005895,0.0007246824315005895
alpha-TiAl,400,78,alpha-TiAl__400,2,-4.84201127,-4.532849500467062,-0.2125885662818252,-0.096573203251113,100.0,10000.0,-0.09554180513066304,-4.840979871879551,0.0010313981204497225,0.0010313981204497225
alpha-TiAl,400,79,alpha-TiAl__400,2,-4.84201127,-4.533312065393737,-0.2125885662818252,-0.0961106383244381,100.0,10000.0,-0.09581248679219637,-4.841713118467759,0.00029815153224177493,0.00029815153224177493
alpha-TiAl,400,80,alpha-TiAl__400,2,-4.84201127,-4.5327999030257855,-0.2125885662818252,-0.0966228006923897,100.0,10000.0,-0.09525741809856336,-4.840645887406174,0.0013653825938266806,0.0013653825938266806
alpha-TiAl,400,81,alpha-TiAl__400,2,-4.84201127,-4.533143380456315,-0.2125885662818252,-0.0962793232618599,100.0,10000.0,-0.09549504411050246,-4.841226990848643,0.0007842791513574809,0.0007842791513574809
alpha-TiAl,400,82,alpha-TiAl__400,2,-4.84201127,-4.532904668797079,-0.2125885662818252,-0.0965180349210959,100.0,10000.0,-0.09621927580348257,-4.841712510882387,0.00029875911761312324,0.00029875911761312324
alpha-TiAl,400,83,alpha-TiAl__400,2,-4.84201127,-4.533423326194656,-0.2125885662818252,-0.095999377523519,100.0,10000.0,-0.09608892219107049,-4.8421008146675515,-8.954466755106694e-05,8.954466755106694e-05
alpha-TiAl,400,84,alpha-TiAl__400,2,-4.84201127,-4.53351957779848,-0.2125885662818252,-0.0959031259196949,100.0,10000.0,-0.0962791609119742,-4.84238730499228,-0.00037603499227945036,0.00037603499227945036
alpha-TiAl,400,85,alpha-TiAl__400,2,-4.84201127,-4.533051179390749,-0.2125885662818252,-0.0963715243274263,100.0,10000.0,-0.09676558971818061,-4.842405335390755,-0.00039406539075415026,0.00039406539075415026
alpha-TiAl,400,86,alpha-TiAl__400,2,-4.84201127,-4.533337208749685,-0.2125885662818252,-0.0960854949684906,100.0,10000.0,-0.09601425469240943,-4.8419400297239195,7.124027608096384e-05,7.124027608096384e-05
alpha-TiAl,400,87,alpha-TiAl__400,2,-4.84201127,-4.5327968392131615,-0.2125885662818252,-0.0966258645050137,100.0,10000.0,-0.095740178116285,-4.841125583611272,0.000885686388728324,0.000885686388728324
alpha-TiAl,400,88,alpha-TiAl__400,2,-4.84201127,-4.533007196095501,-0.2125885662818252,-0.096415507622674,100.0,10000.0,-0.09545237942829128,-4.841048141805618,0.0009631281943827119,0.0009631281943827119
alpha-TiAl,400,89,alpha-TiAl__400,2,-4.84201127,-4.532815551342152,-0.2125885662818252,-0.0966071523760234,100.0,10000.0,-0.09588280938302952,-4.8412869270070065,0.0007243429929939538,0.0007243429929939538
alpha-TiAl,400,90,alpha-TiAl__400,2,-4.84201127,-4.5333931500347155,-0.2125885662818252,-0.0960295536834596,100.0,10000.0,-0.09502743930466112,-4.841009155621202,0.001002114378798602,0.001002114378798602
alpha-TiAl,400,91,alpha-TiAl__400,2,-4.84201127,-4.533108119116618,-0.2125885662818252,-0.0963145846015569,100.0,10000.0,-0.09568620429191188,-4.8413828896903555,0.0006283803096449603,0.0006283803096449603
alpha-TiAl,400,92,alpha-TiAl__400,2,-4.84201127,-4.533121656630903,-0.2125885662818252,-0.0963010470872722,100.0,10000.0,-0.09488901331995203,-4.840599236232681,0.001412033767319798,0.001412033767319798
alpha-TiAl,400,93,alpha-TiAl__400,2,-4.84201127,-4.533120820307349,-0.2125885662818252,-0.0963018834108258,100.0,10000.0,-0.09509418267252012,-4.840803569261695,0.0012077007383055616,0.0012077007383055616
alpha-TiAl,400,94,alpha-TiAl__400,2,-4.84201127,-4.532884230203165,-0.2125885662818252,-0.0965384735150101,100.0,10000.0,-0.0960459833137,-4.84151877979869,0.0004924902013101473,0.0004924902013101473
alpha-TiAl,400,95,alpha-TiAl__400,2,-4.84201127,-4.533223434145683,-0.2125885662818252,-0.0961992695724918,100.0,10000.0,-0.09589301747492836,-4.841705017902437,0.00030625209756340865,0.00030625209756340865
alpha-TiAl,400,96,alpha-TiAl__400,2,-4.84201127,-4.533323363510203,-0.2125885662818252,-0.0960993402079726,100.0,10000.0,-0.09489810519155115,-4.840810034983579,0.0012012350164214425,0.0012012350164214425
alpha-TiAl,400,97,alpha-TiAl__400,2,-4.84201127,-4.533110733277128,-0.2125885662818252,-0.0963119704410475,100.0,10000.0,-0.09575257221950452,-4.841451871778458,0.0005593982215428284,0.0005593982215428284
alpha-TiAl,400,98,alpha-TiAl__400,2,-4.84201127,-4.533118275032159,-0.2125885662818252,-0.0963044286860164,100.0,10000.0,-0.0957380685332606,-4.841444909847245,0.000566360152755685,0.000566360152755685
alpha-TiAl,400,99,alpha-TiAl__400,2,-4.84201127,-4.533388045475845,-0.2125885662818252,-0.0960346582423303,100.0,10000.0,-0.09596022589921568,-4.841936837656886,7.443234311477198e-05,7.443234311477198e-05
alpha-TiAl,500,0,alpha-TiAl__500,1,-4.88184236,-4.471568855479114,-0.2125885662818252,-0.1976849382390613,200.0,40000.0,-0.19653453760568085,-4.88069195936662,0.001150400633380677,0.001150400633380677
alpha-TiAl,500,1,alpha-TiAl__500,1,-4.88184236,-4.471480742380594,-0.2125885662818252,-0.197773051337581,200.0,40000.0,-0.1976339321043645,-4.881703240766783,0.00013911923321696662,0.00013911923321696662
alpha-TiAl,500,2,alpha-TiAl__500,1,-4.88184236,-4.471617382413993,-0.2125885662818252,-0.1976364113041819,200.0,40000.0,-0.1966841191823989,-4.880890067878217,0.0009522921217834934,0.0009522921217834934
alpha-TiAl,500,3,alpha-TiAl__500,1,-4.88184236,-4.4718880393374585,-0.2125885662818252,-0.1973657543807165,200.0,40000.0,-0.19482481768361426,-4.879301423302898,0.00254093669710187,0.00254093669710187
alpha-TiAl,500,4,alpha-TiAl__500,1,-4.88184236,-4.471688989919852,-0.2125885662818252,-0.1975648037983228,200.0,40000.0,-0.19720671231237524,-4.881484268514052,0.0003580914859480089,0.0003580914859480089
alpha-TiAl,500,5,alpha-TiAl__500,1,-4.88184236,-4.471342321727964,-0.2125885662818252,-0.1979114719902108,200.0,40000.0,-0.19659646118976737,-4.880527349199557,0.0013150108004431615,0.0013150108004431615
alpha-TiAl,500,6,alpha-TiAl__500,1,-4.88184236,-4.471476279648331,-0.2125885662818252,-0.1977775140698439,200.0,40000.0,-0.1972606150519045,-4.881325460982061,0.0005168990179393873,0.0005168990179393873
alpha-TiAl,500,7,alpha-TiAl__500,1,-4.88184236,-4.471701189147395,-0.2125885662818252,-0.19755260457078,200.0,40000.0,-0.1968878108582207,-4.881177566287441,0.0006647937125592307,0.0006647937125592307
alpha-TiAl,500,8,alpha-TiAl__500,1,-4.88184236,-4.4715492564487205,-0.2125885662818252,-0.1977045372694545,200.0,40000.0,-0.19615669773382205,-4.880294520464368,0.0015478395356325336,0.0015478395356325336
alpha-TiAl,500,9,alpha-TiAl__500,1,-4.88184236,-4.471438874306215,-0.2125885662818252,-0.19781491941196,200.0,40000.0,-0.19703323083358318,-4.881060671421624,0.0007816885783764604,0.0007816885783764604
alpha-TiAl,500,10,alpha-TiAl__500,1,-4.88184236,-4.471746662062671,-0.2125885662818252,-0.1975071316555041,200.0,40000.0,-0.19642152515455458,-4.880756753499051,0.0010856065009496874,0.0010856065009496874
alpha-TiAl,500,11,alpha-TiAl__500,1,-4.88184236,-4.471808962903274,-0.2125885662818252,-0.1974448308149012,200.0,40000.0,-0.19679779650791349,-4.881195325693012,0.0006470343069882034,0.0006470343069882034
alpha-TiAl,500,12,alpha-TiAl__500,1,-4.88184236,-4.471701812711464,-0.2125885662818252,-0.1975519810067112,200.0,40000.0,-0.19691093319948114,-4.88120131219277,0.0006410478072300663,0.0006410478072300663
alpha-TiAl,500,13,alpha-TiAl__500,1,-4.88184236,-4.471632903559609,-0.2125885662818252,-0.1976208901585661,200.0,40000.0,-0.19504001720044128,-4.879261487041876,0.0025808729581244805,0.0025808729581244805
alpha-TiAl,500,14,alpha-TiAl__500,1,-4.88184236,-4.471635457879258,-0.2125885662818252,-0.1976183358389169,200.0,40000.0,-0.19797623158741698,-4.882200255748501,-0.00035789574850042527,0.00035789574850042527
alpha-TiAl,500,15,alpha-TiAl__500,1,-4.88184236,-4.471179627950926,-0.2125885662818252,-0.1980741657672489,200.0,40000.0,-0.1969784177031413,-4.880746611935892,0.0010957480641078376,0.0010957480641078376
alpha-TiAl,500,16,alpha-TiAl__500,1,-4.88184236,-4.471641225600747,-0.2125885662818252,-0.1976125681174281,200.0,40000.0,-0.1956476957607539,-4.879877487643326,0.0019648723566740856,0.0019648723566740856
alpha-TiAl,500,17,alpha-TiAl__500,1,-4.88184236,-4.471246591654407,-0.2125885662818252,-0.1980072020637679,200.0,40000.0,-0.19792932525676038,-4.881764483192993,7.787680700754862e-05,7.787680700754862e-05
alpha-TiAl,500,18,alpha-TiAl__500,1,-4.88184236,-4.471917115087393,-0.2125885662818252,-0.1973366786307817,200.0,40000.0,-0.19670102920011662,-4.8812067105693355,0.000635649430664742,0.000635649430664742
alpha-TiAl,500,19,alpha-TiAl__500,1,-4.88184236,-4.47157525289043,-0.2125885662818252,-0.197678540827745,200.0,40000.0,-0.1971366538984805,-4.881300473070736,0.0005418869292643791,0.0005418869292643791
alpha-TiAl,500,20,alpha-TiAl__500,1,-4.88184236,-4.47188553556388,-0.2125885662818252,-0.1973682581542952,200.0,40000.0,-0.19583539809522366,-4.880309499940928,0.0015328600590720498,0.0015328600590720498
alpha-TiAl,500,21,alpha-TiAl__500,1,-4.88184236,-4.471937267085942,-0.2125885662818252,-0.1973165266322327,200.0,40000.0,-0.19653781009151897,-4.881063643459287,0.0007787165407133756,0.0007787165407133756
alpha-TiAl,500,22,alpha-TiAl__500,1,-4.88184236,-4.471541662438685,-0.2125885662818252,-0.1977121312794905,200.0,40000.0,-0.19741561353395837,-4.881545842254468,0.0002965177455322987,0.0002965177455322987
alpha-TiAl,500,23,alpha-TiAl__500,1,-4.88184236,-4.471444824383364,-0.2125885662818252,-0.1978089693348108,200.0,40000.0,-0.19645523919442948,-4.880488629859619,0.001353730140380982,0.001353730140380982
alpha-TiAl,500,24,alpha-TiAl__500,1,-4.88184236,-4.472184621000055,-0.2125885662818252,-0.1970691727181197,200.0,40000.0,-0.1952246267839559,-4.879997814065836,0.0018445459341638326,0.0018445459341638326
alpha-TiAl,500,25,alpha-TiAl__500,1,-4.88184236,-4.471694190115034,-0.2125885662818252,-0.1975596036031408,200.0,40000.0,-0.19710020193226524,-4.881382958329125,0.0004594016708754367,0.0004594016708754367
alpha-TiAl,500,26,alpha-TiAl__500,1,-4.88184236,-4.471723816712802,-0.2125885662818252,-0.1975299770053729,200.0,40000.0,-0.19718548126991875,-4.881497864264546,0.00034449573545458634,0.00034449573545458634
alpha-TiAl,500,27,alpha-TiAl__500,1,-4.88184236,-4.471342130625436,-0.2125885662818252,-0.1979116630927393,200.0,40000.0,-0.19656592100480058,-4.880496617912062,0.001345742087938362,0.001345742087938362
alpha-TiAl,500,28,alpha-TiAl__500,1,-4.88184236,-4.471634188161124,-0.2125885662818252,-0.1976196055570511,200.0,40000.0,-0.1972307491675009,-4.88145350361045,0.00038885638955044044,0.00038885638955044044
alpha-TiAl,500,29,alpha-TiAl__500,1,-4.88184236,-4.471571524476679,-0.2125885662818252,-0.1976822692414961,200.0,40000.0,-0.19693349913394018,-4.881093589892444,0.0007487701075561404,0.0007487701075561404
alpha-TiAl,500,30,alpha-TiAl__500,1,-4.88184236,-4.471791515698068,-0.2125885662818252,-0.1974622780201071,200.0,40000.0,-0.19642454595368247,-4.880804627933576,0.001037732066424546,0.001037732066424546
alpha-TiAl,500,31,alpha-TiAl__500,1,-4.88184236,-4.471774121875583,-0.2125885662818252,-0.1974796718425917,200.0,40000.0,-0.19749118126939816,-4.8818538694268065,-1.1509426806277645e-05,1.1509426806277645e-05
alpha-TiAl,500,32,alpha-TiAl__500,1,-4.88184236,-4.472113482914859,-0.2125885662818252,-0.1971403108033156,200.0,40000.0,-0.19576440899193084,-4.880466458188615,0.0013759018113850274,0.0013759018113850274
alpha-TiAl,500,33,alpha-TiAl__500,1,-4.88184236,-4.471838244942707,-0.2125885662818252,-0.197415548775468,200.0,40000.0,-0.19761060577778525,-4.8820374170023175,-0.00019505700231725598,0.00019505700231725598
alpha-TiAl,500,34,alpha-TiAl__500,1,-4.88184236,-4.471378049786613,-0.2125885662818252,-0.1978757439315623,200.0,40000.0,-0.19572406324910344,-4.879690679317541,0.0021516806824593004,0.0021516806824593004
alpha-TiAl,500,35,alpha-TiAl__500,1,-4.88184236,-4.471645290132323,-0.2125885662818252,-0.1976085035858519,200.0,40000.0,-0.19710182333879128,-4.881335679752939,0.0005066802470610199,0.0005066802470610199
alpha-TiAl,500,36,alpha-TiAl__500,1,-4.88184236,-4.472018852871623,-0.2125885662818252,-0.1972349408465517,200.0,40000.0,-0.19612462242695186,-4.8807320415804005,0.0011103184195997429,0.0011103184195997429
alpha-TiAl,500,37,alpha-TiAl__500,1,-4.88184236,-4.471445090444474,-0.2125885662818252,-0.1978087032737008,200.0,40000.0,-0.19698613885186175,-4.881019795578161,0.0008225644218393668,0.0008225644218393668
alpha-TiAl,500,38,alpha-TiAl__500,1,-4.88184236,-4.471307856034151,-0.2125885662818252,-0.1979459376840244,200.0,40000.0,-0.1970259826307065,-4.880922404946682,0.000919955053317878,0.000919955053317878
alpha-TiAl,500,39,alpha-TiAl__500,1,-4.88184236,-4.471780281397235,-0.2125885662818252,-0.1974735123209399,200.0,40000.0,-0.1971859247735274,-4.881554772452588,0.0002875875474126488,0.0002875875474126488
alpha-TiAl,500,40,alpha-TiAl__500,1,-4.88184236,-4.471597235649838,-0.2125885662818252,-0.1976565580683367,200.0,40000.0,-0.19660805682392413,-4.880793858755588,0.0010485012444121367,0.0010485012444121367
alpha-TiAl,500,41,alpha-TiAl__500,1,-4.88184236,-4.4714298753844455,-0.2125885662818252,-0.1978239183337296,200.0,40000.0,-0.196070302632642,-4.880088744298913,0.001753615701087341,0.001753615701087341
alpha-TiAl,500,42,alpha-TiAl__500,1,-4.88184236,-4.471698151720578,-0.2125885662818252,-0.1975556419975968,200.0,40000.0,-0.19755799544747055,-4.881844713449874,-2.3534498740929166e-06,2.3534498740929166e-06
alpha-TiAl,500,43,alpha-TiAl__500,1,-4.88184236,-4.4717307112700055,-0.2125885662818252,-0.1975230824481695,200.0,40000.0,-0.1961949118772004,-4.880514189429031,0.0013281705709689007,0.0013281705709689007
alpha-TiAl,500,44,alpha-TiAl__500,1,-4.88184236,-4.471350613787857,-0.2125885662818252,-0.1979031799303179,200.0,40000.0,-0.19602740833105808,-4.87996658840074,0.001875771599260112,0.001875771599260112
alpha-TiAl,500,45,alpha-TiAl__500,1,-4.88184236,-4.471763362157638,-0.2125885662818252,-0.1974904315605368,200.0,40000.0,-0.19703640904278424,-4.881388337482248,0.0004540225177525059,0.0004540225177525059
alpha-TiAl,500,46,alpha-TiAl__500,1,-4.88184236,-4.472126375896784,-0.2125885662818252,-0.1971274178213908,200.0,40000.0,-0.19598168562847806,-4.880696627807088,0.0011457321929126962,0.0011457321929126962
alpha-TiAl,500,47,alpha-TiAl__500,1,-4.88184236,-4.471857405235333,-0.2125885662818252,-0.1973963884828418,200.0,40000.0,-0.1959981313236182,-4.880444102840777,0.0013982571592237036,0.0013982571592237036
alpha-TiAl,500,48,alpha-TiAl__500,1,-4.88184236,-4.471894503937166,-0.2125885662818252,-0.1973592897810094,200.0,40000.0,-0.1960306363535241,-4.880513706572515,0.001328653427485449,0.001328653427485449
alpha-TiAl,500,49,alpha-TiAl__500,1,-4.88184236,-4.471693997497941,-0.2125885662818252,-0.1975597962202337,200.0,40000.0,-0.19693247633397204,-4.881215040113738,0.0006273198862620788,0.0006273198862620788
alpha-TiAl,500,50,alpha-TiAl__500,1,-4.88184236,-4.471428752115033,-0.2125885662818252,-0.1978250416031421,200.0,40000.0,-0.1968934615519366,-4.8809107799487945,0.0009315800512057493,0.0009315800512057493
alpha-TiAl,500,51,alpha-TiAl__500,1,-4.88184236,-4.47166516563725,-0.2125885662818252,-0.1975886280809247,200.0,40000.0,-0.1968438165574002,-4.881097548476475,0.000744811523524902,0.000744811523524902
alpha-TiAl,500,52,alpha-TiAl__500,1,-4.88184236,-4.471854666405173,-0.2125885662818252,-0.1973991273130018,200.0,40000.0,-0.196081891178369,-4.880525123865367,0.0013172361346329708,0.0013172361346329708
alpha-TiAl,500,53,alpha-TiAl__500,1,-4.88184236,-4.471861797230521,-0.2125885662818252,-0.1973919964876538,200.0,40000.0,-0.196290703760778,-4.880741067273124,0.0011012927268758688,0.0011012927268758688
alpha-TiAl,500,54,alpha-TiAl__500,1,-4.88184236,-4.471628459695482,-0.2125885662818252,-0.1976253340226934,200.0,40000.0,-0.1961714652144053,-4.880388491191712,0.001453868808288128,0.001453868808288128
alpha-TiAl,500,55,alpha-TiAl__500,1,-4.88184236,-4.4714682440958455,-0.2125885662818252,-0.1977855496223295,200.0,40000.0,-0.1980143828670404,-4.882071193244711,-0.00022883324471045796,0.00022883324471045796
alpha-TiAl,500,56,alpha-TiAl__500,1,-4.88184236,-4.4721294220128165,-0.2125885662818252,-0.1971243717053585,200.0,40000.0,-0.19604847581887075,-4.8807664641135124,0.001075895886487821,0.001075895886487821
alpha-TiAl,500,57,alpha-TiAl__500,1,-4.88184236,-4.471600393976431,-0.2125885662818252,-0.1976533997417444,200.0,40000.0,-0.1964430477331283,-4.880632007991384,0.001210352008616411,0.001210352008616411
alpha-TiAl,500,58,alpha-TiAl__500,1,-4.88184236,-4.471525812582802,-0.2125885662818252,-0.1977279811353733,200.0,40000.0,-0.1974448714023365,-4.881559250266964,0.00028310973303646847,0.00028310973303646847
alpha-TiAl,500,59,alpha-TiAl__500,1,-4.88184236,-4.471961267468914,-0.2125885662818252,-0.197292526249261,200.0,40000.0,-0.19624780082376544,-4.880797634574504,0.0010447254254959404,0.0010447254254959404
alpha-TiAl,500,60,alpha-TiAl__500,1,-4.88184236,-4.471876801632852,-0.2125885662818252,-0.1973769920853234,200.0,40000.0,-0.19650725092101703,-4.880972618835694,0.0008697411643066033,0.0008697411643066033
alpha-TiAl,500,61,alpha-TiAl__500,1,-4.88184236,-4.471394332925751,-0.2125885662818252,-0.197859460792424,200.0,40000.0,-0.19787715619785765,-4.881860055405434,-1.769540543339332e-05,1.769540543339332e-05
alpha-TiAl,500,62,alpha-TiAl__500,1,-4.88184236,-4.471598487140237,-0.2125885662818252,-0.1976553065779382,200.0,40000.0,-0.19601902540049673,-4.8802060788225585,0.0016362811774417452,0.0016362811774417452
alpha-TiAl,500,63,alpha-TiAl__500,1,-4.88184236,-4.472036587913909,-0.2125885662818252,-0.1972172058042662,200.0,40000.0,-0.1969056139750853,-4.881530768170819,0.0003115918291811681,0.0003115918291811681
alpha-TiAl,500,64,alpha-TiAl__500,1,-4.88184236,-4.471803314865548,-0.2125885662818252,-0.1974504788526268,200.0,40000.0,-0.19615520714863946,-4.880547088296013,0.001295271703987133,0.001295271703987133
alpha-TiAl,500,65,alpha-TiAl__500,1,-4.88184236,-4.471906515644033,-0.2125885662818252,-0.1973472780741421,200.0,40000.0,-0.19616358338672088,-4.880658665312579,0.0011836946874215215,0.0011836946874215215
alpha-TiAl,500,66,alpha-TiAl__500,1,-4.88184236,-4.4718414554918,-0.2125885662818252,-0.1974123382263748,200.0,40000.0,-0.19656926370826333,-4.880999285481889,0.0008430745181113863,0.0008430745181113863
alpha-TiAl,500,67,alpha-TiAl__500,1,-4.88184236,-4.471417473272471,-0.2125885662818252,-0.1978363204457043,200.0,40000.0,-0.19655710624377631,-4.880563145798073,0.0012792142019275587,0.0012792142019275587
alpha-TiAl,500,68,alpha-TiAl__500,1,-4.88184236,-4.471456665947631,-0.2125885662818252,-0.1977971277705439,200.0,40000.0,-0.19661107134407182,-4.880656303573528,0.0011860564264720708,0.0011860564264720708
alpha-TiAl,500,69,alpha-TiAl__500,1,-4.88184236,-4.47165806796393,-0.2125885662818252,-0.1975957257542449,200.0,40000.0,-0.1972667161903486,-4.881513350436104,0.0003290095638961432,0.0003290095638961432
alpha-TiAl,500,70,alpha-TiAl__500,1,-4.88184236,-4.471747697493116,-0.2125885662818252,-0.1975060962250587,200.0,40000.0,-0.19668230029774023,-4.881018564072682,0.0008237959273182938,0.0008237959273182938
alpha-TiAl,500,71,alpha-TiAl__500,1,-4.88184236,-4.471967783811569,-0.2125885662818252,-0.1972860099066062,200.0,40000.0,-0.19712415353061075,-4.881680503624005,0.00016185637599530622,0.00016185637599530622
alpha-TiAl,500,72,alpha-TiAl__500,1,-4.88184236,-4.471487625598699,-0.2125885662818252,-0.1977661681194762,200.0,40000.0,-0.19633770601490985,-4.8804138978954335,0.0014284621045668189,0.0014284621045668189
alpha-TiAl,500,73,alpha-TiAl__500,1,-4.88184236,-4.471822634387276,-0.2125885662818252,-0.1974311593308995,200.0,40000.0,-0.1972247694776615,-4.881635970146762,0.0002063898532380648,0.0002063898532380648
alpha-TiAl,500,74,alpha-TiAl__500,1,-4.88184236,-4.471902043813382,-0.2125885662818252,-0.1973517499047927,200.0,40000.0,-0.1951582569739357,-4.879648867069143,0.0021934929308571327,0.0021934929308571327
alpha-TiAl,500,75,alpha-TiAl__500,1,-4.88184236,-4.471398118367296,-0.2125885662818252,-0.1978556753508789,200.0,40000.0,-0.1968200587680128,-4.880806743417134,0.0010356165828664388,0.0010356165828664388
alpha-TiAl,500,76,alpha-TiAl__500,1,-4.88184236,-4.472037394363293,-0.2125885662818252,-0.1972163993548816,200.0,40000.0,-0.19662460394848824,-4.881250564593607,0.0005917954063932029,0.0005917954063932029
alpha-TiAl,500,77,alpha-TiAl__500,1,-4.88184236,-4.471888420428668,-0.2125885662818252,-0.1973653732895073,200.0,40000.0,-0.19599899951328004,-4.880475986223773,0.0013663737762268369,0.0013663737762268369
alpha-TiAl,500,78,alpha-TiAl__500,1,-4.88184236,-4.471885634758242,-0.2125885662818252,-0.1973681589599332,200.0,40000.0,-0.19601165490301126,-4.880485855943078,0.0013565040569218922,0.0013565040569218922
alpha-TiAl,500,79,alpha-TiAl__500,1,-4.88184236,-4.471756298100087,-0.2125885662818252,-0.1974974956180881,200.0,40000.0,-0.19728693342796894,-4.881631797809881,0.00021056219011938992,0.00021056219011938992
alpha-TiAl,500,80,alpha-TiAl__500,1,-4.88184236,-4.4718197008338985,-0.2125885662818252,-0.1974340928842766,200.0,40000.0,-0.19671798636520255,-4.881126253480926,0.0007161065190741667,0.0007161065190741667
alpha-TiAl,500,81,alpha-TiAl__500,1,-4.88184236,-4.47152692891744,-0.2125885662818252,-0.1977268648007353,200.0,40000.0,-0.19630549557481883,-4.880420990774084,0.0014213692259161803,0.0014213692259161803
alpha-TiAl,500,82,alpha-TiAl__500,1,-4.88184236,-4.471924446640508,-0.2125885662818252,-0.1973293470776669,200.0,40000.0,-0.19572991171725182,-4.880242924639585,0.001599435360414958,0.001599435360414958
alpha-TiAl,500,83,alpha-TiAl__500,1,-4.88184236,-4.471435466803859,-0.2125885662818252,-0.1978183269143159,200.0,40000.0,-0.19641456943371743,-4.880438602519402,0.0014037574805980668,0.0014037574805980668
alpha-TiAl,500,84,alpha-TiAl__500,1,-4.88184236,-4.471678670802982,-0.2125885662818252,-0.1975751229151932,200.0,40000.0,-0.19693042645139622,-4.881197663536203,0.0006446964637971675,0.0006446964637971675
alpha-TiAl,500,85,alpha-TiAl__500,1,-4.88184236,-4.471346088999731,-0.2125885662818252,-0.1979077047184443,200.0,40000.0,-0.19730286817721712,-4.881237523458773,0.0006048365412274492,0.0006048365412274492
alpha-TiAl,500,86,alpha-TiAl__500,1,-4.88184236,-4.47148065717453,-0.2125885662818252,-0.1977731365436454,200.0,40000.0,-0.1961563630269904,-4.880225586483345,0.0016167735166554564,0.0016167735166554564
alpha-TiAl,500,87,alpha-TiAl__500,1,-4.88184236,-4.471498251193234,-0.2125885662818252,-0.1977555425249413,200.0,40000.0,-0.19706225269987757,-4.881149070174937,0.0006932898250635589,0.0006932898250635589
alpha-TiAl,500,88,alpha-TiAl__500,1,-4.88184236,-4.471779128071176,-0.2125885662818252,-0.1974746656469994,200.0,40000.0,-0.19670655700437423,-4.881074251357375,0.0007681086426254424,0.0007681086426254424
alpha-TiAl,500,89,alpha-TiAl__500,1,-4.88184236,-4.471479355424074,-0.2125885662818252,-0.1977744382941013,200.0,40000.0,-0.19640139943835064,-4.88046932114425,0.0013730388557506856,0.0013730388557506856
alpha-TiAl,500,90,alpha-TiAl__500,1,-4.88184236,-4.471809737439353,-0.2125885662818252,-0.1974440562788224,200.0,40000.0,-0.19667224497178412,-4.8810705486929615,0.0007718113070387389,0.0007718113070387389
alpha-TiAl,500,91,alpha-TiAl__500,1,-4.88184236,-4.4718507331832456,-0.2125885662818252,-0.1974030605349295,200.0,40000.0,-0.19624837112096286,-4.880687670586034,0.0011546894139664587,0.0011546894139664587
alpha-TiAl,500,92,alpha-TiAl__500,1,-4.88184236,-4.471765930254294,-0.2125885662818252,-0.1974878634638814,200.0,40000.0,-0.19618019360034913,-4.880534690136468,0.001307669863532368,0.001307669863532368
alpha-TiAl,500,93,alpha-TiAl__500,1,-4.88184236,-4.471912754168554,-0.2125885662818252,-0.1973410395496211,200.0,40000.0,-0.1959246886587456,-4.880426009109125,0.0014163508908753286,0.0014163508908753286
alpha-TiAl,500,94,alpha-TiAl__500,1,-4.88184236,-4.471771375514492,-0.2125885662818252,-0.1974824182036831,200.0,40000.0,-0.19533449398214084,-4.8796944357784575,0.002147924221542752,0.002147924221542752
alpha-TiAl,500,95,alpha-TiAl__500,1,-4.88184236,-4.472020665453082,-0.2125885662818252,-0.1972331282650934,200.0,40000.0,-0.1960740522901006,-4.880683284025007,0.0011590759749928736,0.0011590759749928736
alpha-TiAl,500,96,alpha-TiAl__500,1,-4.88184236,-4.471524229784038,-0.2125885662818252,-0.1977295639341374,200.0,40000.0,-0.19667572185990315,-4.880788517925766,0.0010538420742340904,0.0010538420742340904
alpha-TiAl,500,97,alpha-TiAl__500,1,-4.88184236,-4.472268442944411,-0.2125885662818252,-0.1969853507737644,200.0,40000.0,-0.19639562110643477,-4.88125263033267,0.0005897296673298413,0.0005897296673298413
alpha-TiAl,500,98,alpha-TiAl__500,1,-4.88184236,-4.471560264654068,-0.2125885662818252,-0.1976935290641073,200.0,40000.0,-0.19632410739866862,-4.880472938334561,0.0013694216654389635,0.0013694216654389635
alpha-TiAl,500,99,alpha-TiAl__500,1,-4.88184236,-4.471585231220094,-0.2125885662818252,-0.1976685624980811,200.0,40000.0,-0.19681020075562183,-4.880983998257541,0.0008583617424591239,0.0008583617424591239
alpha-TiAl,600,0,alpha-TiAl__600,0,-4.92700903,-4.412569021463218,-0.2125885662818252,-0.3018514422549563,300.0,90000.0,-0.3026571647054511,-4.9278147524504945,-0.0008057224504947058,0.0008057224504947058
alpha-TiAl,600,1,alpha-TiAl__600,0,-4.92700903,-4.411953708052113,-0.2125885662818252,-0.3024667556660612,300.0,90000.0,-0.30164010144229764,-4.926182375776237,0.0008266542237631569,0.0008266542237631569
alpha-TiAl,600,2,alpha-TiAl__600,0,-4.92700903,-4.412839582390061,-0.2125885662818252,-0.301580881328114,300.0,90000.0,-0.3012424401750706,-4.926670588846957,0.00033844115304315636,0.00033844115304315636
alpha-TiAl,600,3,alpha-TiAl__600,0,-4.92700903,-4.41179675965726,-0.2125885662818252,-0.302623704060915,300.0,90000.0,-0.30158321450997627,-4.925968540449061,0.00104048955093905,0.00104048955093905
alpha-TiAl,600,4,alpha-TiAl__600,0,-4.92700903,-4.411991162640245,-0.2125885662818252,-0.3024293010779297,300.0,90000.0,-0.3006054522951109,-4.925185181217181,0.0018238487828190486,0.0018238487828190486
alpha-TiAl,600,5,alpha-TiAl__600,0,-4.92700903,-4.411941175235899,-0.2125885662818252,-0.3024792884822753,300.0,90000.0,-0.3015476869546872,-4.926077428472412,0.0009316015275881995,0.0009316015275881995
alpha-TiAl,600,6,alpha-TiAl__600,0,-4.92700903,-4.412531107463964,-0.2125885662818252,-0.3018893562542102,300.0,90000.0,-0.300639195675403,-4.925758869421193,0.0012501605788068915,0.0012501605788068915
alpha-TiAl,600,7,alpha-TiAl__600,0,-4.92700903,-4.411626736708662,-0.2125885662818252,-0.3027937270095124,300.0,90000.0,-0.3020441537241103,-4.926259456714598,0.0007495732854021497,0.0007495732854021497
alpha-TiAl,600,8,alpha-TiAl__600,0,-4.92700903,-4.412058178811342,-0.2125885662818252,-0.3023622849068328,300.0,90000.0,-0.3026955127339654,-4.927342257827132,-0.00033322782713263166,0.00033322782713263166
alpha-TiAl,600,9,alpha-TiAl__600,0,-4.92700903,-4.4121213383395235,-0.2125885662818252,-0.3022991253786511,300.0,90000.0,-0.30160345714952885,-4.926313361770878,0.0006956682291221483,0.0006956682291221483
alpha-TiAl,600,10,alpha-TiAl__600,0,-4.92700903,-4.411708509556256,-0.2125885662818252,-0.3027119541619187,300.0,90000.0,-0.30202441794902346,-4.926321493787104,0.0006875362128955231,0.0006875362128955231
alpha-TiAl,600,11,alpha-TiAl__600,0,-4.92700903,-4.4119509454455,-0.2125885662818252,-0.3024695182726749,300.0,90000.0,-0.3008185285261872,-4.925358040253512,0.0016509897464880297,0.0016509897464880297
alpha-TiAl,600,12,alpha-TiAl__600,0,-4.92700903,-4.4117983456281555,-0.2125885662818252,-0.302622118090019,300.0,90000.0,-0.30060434884957166,-4.924991260759552,0.00201776924044772,0.00201776924044772
alpha-TiAl,600,13,alpha-TiAl__600,0,-4.92700903,-4.412048191153518,-0.2125885662818252,-0.3023722725646562,300.0,90000.0,-0.300593233356965,-4.9252299907923085,0.0017790392076912909,0.0017790392076912909
alpha-TiAl,600,14,alpha-TiAl__600,0,-4.92700903,-4.41199357688811,-0.2125885662818252,-0.302426886830065,300.0,90000.0,-0.3018155587482245,-4.926397701918159,0.000611328081840945,0.000611328081840945
alpha-TiAl,600,15,alpha-TiAl__600,0,-4.92700903,-4.412293813235207,-0.2125885662818252,-0.3021266504829674,300.0,90000.0,-0.30219153744735505,-4.927073916964387,-6.488696438733399e-05,6.488696438733399e-05
alpha-TiAl,600,16,alpha-TiAl__600,0,-4.92700903,-4.411958816490947,-0.2125885662818252,-0.3024616472272274,300.0,90000.0,-0.3007492281951151,-4.925296610967887,0.0017124190321125,0.0017124190321125
alpha-TiAl,600,17,alpha-TiAl__600,0,-4.92700903,-4.4122181529074505,-0.2125885662818252,-0.3022023108107241,300.0,90000.0,-0.3003007178909426,-4.925107437080218,0.0019015929197818693,0.0019015929197818693
alpha-TiAl,600,18,alpha-TiAl__600,0,-4.92700903,-4.4124180514071565,-0.2125885662818252,-0.3020024123110181,300.0,90000.0,-0.30066580750326566,-4.925672425192247,0.0013366048077525505,0.0013366048077525505
alpha-TiAl,600,19,alpha-TiAl__600,0,-4.92700903,-4.412243222781635,-0.2125885662818252,-0.3021772409365395,300.0,90000.0,-0.3005427295603237,-4.925374518623784,0.0016345113762161745,0.0016345113762161745
alpha-TiAl,600,20,alpha-TiAl__600,0,-4.92700903,-4.411678123516585,-0.2125885662818252,-0.3027423402015898,300.0,90000.0,-0.3022262518939619,-4.926492941692372,0.0005160883076280598,0.0005160883076280598
alpha-TiAl,600,21,alpha-TiAl__600,0,-4.92700903,-4.411834726389945,-0.2125885662818252,-0.3025857373282292,300.0,90000.0,-0.3017155096179567,-4.926138802289727,0.0008702277102727862,0.0008702277102727862
alpha-TiAl,600,22,alpha-TiAl__600,0,-4.92700903,-4.411927865148365,-0.2125885662818252,-0.3024925985698097,300.0,90000.0,-0.3011094210727668,-4.925625852502957,0.0013831774970425315,0.0013831774970425315
alpha-TiAl,600,23,alpha-TiAl__600,0,-4.92700903,-4.412030771793413,-0.2125885662818252,-0.3023896919247617,300.0,90000.0,-0.3009451712211397,-4.925564509296378,0.0014445207036217766,0.0014445207036217766
alpha-TiAl,600,24,alpha-TiAl__600,0,-4.92700903,-4.411751950507691,-0.2125885662818252,-0.3026685132104836,300.0,90000.0,-0.3022210069461643,-4.92656152373568,0.00044750626431966367,0.00044750626431966367
alpha-TiAl,600,25,alpha-TiAl__600,0,-4.92700903,-4.412170188238865,-0.2125885662818252,-0.3022502754793095,300.0,90000.0,-0.3006412679793212,-4.925400022500011,0.0016090074999883797,0.0016090074999883797
alpha-TiAl,600,26,alpha-TiAl__600,0,-4.92700903,-4.412173459422362,-0.2125885662818252,-0.3022470042958129,300.0,90000.0,-0.30082686459300767,-4.9255888902971945,0.0014201397028053009,0.0014201397028053009
alpha-TiAl,600,27,alpha-TiAl__600,0,-4.92700903,-4.4116027154363975,-0.2125885662818252,-0.3028177482817771,300.0,90000.0,-0.3007490791537451,-4.924940360871968,0.0020686691280316083,0.0020686691280316083
alpha-TiAl,600,28,alpha-TiAl__600,0,-4.92700903,-4.412766047997303,-0.2125885662818252,-0.3016544157208711,300.0,90000.0,-0.29845948723623045,-4.923814101515359,0.0031949284846408688,0.0031949284846408688
alpha-TiAl,600,29,alpha-TiAl__600,0,-4.92700903,-4.41201349386259,-0.2125885662818252,-0.3024069698555847,300.0,90000.0,-0.29981758081131604,-4.9244196409557315,0.0025893890442683087,0.0025893890442683087
alpha-TiAl,600,30,alpha-TiAl__600,0,-4.92700903,-4.412059291680629,-0.2125885662818252,-0.3023611720375454,300.0,90000.0,-0.3004843905945105,-4.925132248556965,0.001876781443034936,0.001876781443034936
alpha-TiAl,600,31,alpha-TiAl__600,0,-4.92700903,-4.411743855342828,-0.2125885662818252,-0.3026766083753465,300.0,90000.0,-0.30084454399766103,-4.925176965622314,0.0018320643776856826,0.0018320643776856826
alpha-TiAl,600,32,alpha-TiAl__600,0,-4.92700903,-4.411897465374898,-0.2125885662818252,-0.3025229983432762,300.0,90000.0,-0.30228478752999455,-4.926770819186718,0.00023821081328190274,0.00023821081328190274
alpha-TiAl,600,33,alpha-TiAl__600,0,-4.92700903,-4.41239537768968,-0.2125885662818252,-0.302025086028495,300.0,90000.0,-0.30081925302190976,-4.925803196993415,0.0012058330065851663,0.0012058330065851663
alpha-TiAl,600,34,alpha-TiAl__600,0,-4.92700903,-4.411679725680227,-0.2125885662818252,-0.3027407380379472,300.0,90000.0,-0.3017969792015146,-4.9260652711635675,0.0009437588364322735,0.0009437588364322735
alpha-TiAl,600,35,alpha-TiAl__600,0,-4.92700903,-4.412006047774665,-0.2125885662818252,-0.3024144159435096,300.0,90000.0,-0.30138457750621983,-4.9259791915627105,0.001029838437289321,0.001029838437289321
alpha-TiAl,600,36,alpha-TiAl__600,0,-4.92700903,-4.412145578782633,-0.2125885662818252,-0.3022748849355414,300.0,90000.0,-0.3017338874885301,-4.926468032552989,0.0005409974470111933,0.0005409974470111933
alpha-TiAl,600,37,alpha-TiAl__600,0,-4.92700903,-4.412225972090881,-0.2125885662818252,-0.3021944916272936,300.0,90000.0,-0.3007683173774738,-4.92558285575018,0.0014261742498193897,0.0014261742498193897
alpha-TiAl,600,38,alpha-TiAl__600,0,-4.92700903,-4.41186704078921,-0.2125885662818252,-0.3025534229289643,300.0,90000.0,-0.30128139914790375,-4.925737006218939,0.0012720237810608381,0.0012720237810608381
alpha-TiAl,600,39,alpha-TiAl__600,0,-4.92700903,-4.4121217679378875,-0.2125885662818252,-0.3022986957802871,300.0,90000.0,-0.3003213114490403,-4.925031645668753,0.0019773843312469452,0.0019773843312469452
alpha-TiAl,600,40,alpha-TiAl__600,0,-4.92700903,-4.411313951410388,-0.2125885662818252,-0.3031065123077869,300.0,90000.0,-0.30269190683168923,-4.926594424523902,0.00041460547609784015,0.00041460547609784015
alpha-TiAl,600,41,alpha-TiAl__600,0,-4.92700903,-4.412116774764368,-0.2125885662818252,-0.3023036889538062,300.0,90000.0,-0.3004206897529058,-4.925126030799099,0.0018829992009008478,0.0018829992009008478
alpha-TiAl,600,42,alpha-TiAl__600,0,-4.92700903,-4.411691699668766,-0.2125885662818252,-0.3027287640494087,300.0,90000.0,-0.30244215720824774,-4.9267224231588385,0.00028660684116132984,0.00028660684116132984
alpha-TiAl,600,43,alpha-TiAl__600,0,-4.92700903,-4.411923682159731,-0.2125885662818252,-0.3024967815584434,300.0,90000.0,-0.3025323096950981,-4.927044558136655,-3.552813665486099e-05,3.552813665486099e-05
alpha-TiAl,600,44,alpha-TiAl__600,0,-4.92700903,-4.412166129095551,-0.2125885662818252,-0.3022543346226234,300.0,90000.0,-0.3009892346525254,-4.925743930029902,0.0012650999700980492,0.0012650999700980492
alpha-TiAl,600,45,alpha-TiAl__600,0,-4.92700903,-4.412004975759487,-0.2125885662818252,-0.3024154879586875,300.0,90000.0,-0.30005616535427276,-4.924649707395585,0.0023593226044145155,0.0023593226044145155
alpha-TiAl,600,46,alpha-TiAl__600,0,-4.92700903,-4.412083974773757,-0.2125885662818252,-0.3023364889444178,300.0,90000.0,-0.3020713357177918,-4.926743876773374,0.00026515322662579166,0.00026515322662579166
alpha-TiAl,600,47,alpha-TiAl__600,0,-4.92700903,-4.411997914651259,-0.2125885662818252,-0.3024225490669154,300.0,90000.0,-0.302096013681864,-4.926682494614949,0.0003265353850512298,0.0003265353850512298
alpha-TiAl,600,48,alpha-TiAl__600,0,-4.92700903,-4.411910414899693,-0.2125885662818252,-0.3025100488184815,300.0,90000.0,-0.30038863965047946,-4.924887620831997,0.0021214091680024083,0.0021214091680024083
alpha-TiAl,600,49,alpha-TiAl__600,0,-4.92700903,-4.41206344939541,-0.2125885662818252,-0.3023570143227649,300.0,90000.0,-0.3007614451563701,-4.925413460833605,0.0015955691663949167,0.0015955691663949167
alpha-TiAl,600,50,alpha-TiAl__600,0,-4.92700903,-4.4116972536849755,-0.2125885662818252,-0.3027232100331991,300.0,90000.0,-0.3008608677849102,-4.9251466877517105,0.0018623422482892948,0.0018623422482892948
alpha-TiAl,600,51,alpha-TiAl__600,0,-4.92700903,-4.412541447462796,-0.2125885662818252,-0.3018790162553788,300.0,90000.0,-0.29987265386216916,-4.92500266760679,0.0020063623932093932,0.0020063623932093932
alpha-TiAl,600,52,alpha-TiAl__600,0,-4.92700903,-4.4123253084639655,-0.2125885662818252,-0.302095155254209,300.0,90000.0,-0.30122879480909176,-4.926142669554882,0.0008663604451175644,0.0008663604451175644
alpha-TiAl,600,53,alpha-TiAl__600,0,-4.92700903,-4.412172066405058,-0.2125885662818252,-0.3022483973131162,300.0,90000.0,-0.3013935187619057,-4.926154151448789,0.0008548785512108026,0.0008548785512108026
alpha-TiAl,600,54,alpha-TiAl__600,0,-4.92700903,-4.411603898203001,-0.2125885662818252,-0.3028165655151733,300.0,90000.0,-0.30202650401451964,-4.926218968499346,0.0007900615006537492,0.0007900615006537492
alpha-TiAl,600,55,alpha-TiAl__600,0,-4.92700903,-4.412340765184058,-0.2125885662818252,-0.3020796985341167,300.0,90000.0,-0.3024542214636455,-4.927383552929529,-0.00037452292952888655,0.00037452292952888655
alpha-TiAl,600,56,alpha-TiAl__600,0,-4.92700903,-4.411723386043747,-0.2125885662818252,-0.302697077674428,300.0,90000.0,-0.30308272809664094,-4.927394680422212,-0.00038565042221261336,0.00038565042221261336
alpha-TiAl,600,57,alpha-TiAl__600,0,-4.92700903,-4.411948475905477,-0.2125885662818252,-0.302471987812698,300.0,90000.0,-0.30089175435245025,-4.925428796539752,0.0015802334602481594,0.0015802334602481594
alpha-TiAl,600,58,alpha-TiAl__600,0,-4.92700903,-4.412024035097617,-0.2125885662818252,-0.3023964286205576,300.0,90000.0,-0.30002105864982354,-4.924633660029266,0.0023753699707338427,0.0023753699707338427
alpha-TiAl,600,59,alpha-TiAl__600,0,-4.92700903,-4.412353583558445,-0.2125885662818252,-0.3020668801597299,300.0,90000.0,-0.301319914901875,-4.9262620647421445,0.0007469652578553365,0.0007469652578553365
alpha-TiAl,600,60,alpha-TiAl__600,0,-4.92700903,-4.411956054764919,-0.2125885662818252,-0.3024644089532557,300.0,90000.0,-0.3011955469315925,-4.925740167978336,0.0012688620216634305,0.0012688620216634305
alpha-TiAl,600,61,alpha-TiAl__600,0,-4.92700903,-4.411974840918596,-0.2125885662818252,-0.3024456227995786,300.0,90000.0,-0.3002108765873465,-4.924774283787768,0.002234746212232075,0.002234746212232075
alpha-TiAl,600,62,alpha-TiAl__600,0,-4.92700903,-4.412601028670775,-0.2125885662818252,-0.3018194350473999,300.0,90000.0,-0.3002193942042892,-4.925408989156889,0.0016000408431109392,0.0016000408431109392
alpha-TiAl,600,63,alpha-TiAl__600,0,-4.92700903,-4.41228529245868,-0.2125885662818252,-0.3021351712594944,300.0,90000.0,-0.301390972952177,-4.9262648316926825,0.000744198307317312,0.000744198307317312
alpha-TiAl,600,64,alpha-TiAl__600,0,-4.92700903,-4.412062997476046,-0.2125885662818252,-0.3023574662421282,300.0,90000.0,-0.30055533132484796,-4.925206895082719,0.00180213491728054,0.00180213491728054
alpha-TiAl,600,65,alpha-TiAl__600,0,-4.92700903,-4.41215165891059,-0.2125885662818252,-0.3022688048075848,300.0,90000.0,-0.3001114633131572,-4.924851688505572,0.0021573414944278113,0.0021573414944278113
alpha-TiAl,600,66,alpha-TiAl__600,0,-4.92700903,-4.412107315717641,-0.2125885662818252,-0.3023131480005334,300.0,90000.0,-0.3005475634035464,-4.925243445403012,0.0017655845969875017,0.0017655845969875017
alpha-TiAl,600,67,alpha-TiAl__600,0,-4.92700903,-4.412181864025837,-0.2125885662818252,-0.3022385996923376,300.0,90000.0,-0.30190992756112645,-4.926680357868789,0.0003286721312107943,0.0003286721312107943
alpha-TiAl,600,68,alpha-TiAl__600,0,-4.92700903,-4.412016989626204,-0.2125885662818252,-0.302403474091971,300.0,90000.0,-0.30108536221386073,-4.925690918121889,0.001318111878110706,0.001318111878110706
alpha-TiAl,600,69,alpha-TiAl__600,0,-4.92700903,-4.412089383767418,-0.2125885662818252,-0.3023310799507568,300.0,90000.0,-0.3016195244220286,-4.926297474471272,0.0007115555287278141,0.0007115555287278141
alpha-TiAl,600,70,alpha-TiAl__600,0,-4.92700903,-4.411903143685198,-0.2125885662818252,-0.3025173200329769,300.0,90000.0,-0.30119942284751927,-4.925691132814542,0.001317897185457717,0.001317897185457717
alpha-TiAl,600,71,alpha-TiAl__600,0,-4.92700903,-4.4123669366942915,-0.2125885662818252,-0.3020535270238831,300.0,90000.0,-0.30056138451297604,-4.925516887489093,0.001492142510906902,0.001492142510906902
alpha-TiAl,600,72,alpha-TiAl__600,0,-4.92700903,-4.412455681855299,-0.2125885662818252,-0.3019647818628757,300.0,90000.0,-0.30171094941191673,-4.926755197549041,0.0002538324509586687,0.0002538324509586687
alpha-TiAl,600,73,alpha-TiAl__600,0,-4.92700903,-4.412077230832425,-0.2125885662818252,-0.3023432328857494,300.0,90000.0,-0.302712536928918,-4.927378334043168,-0.00036930404316848353,0.00036930404316848353
alpha-TiAl,600,74,alpha-TiAl__600,0,-4.92700903,-4.411651278479755,-0.2125885662818252,-0.3027691852384198,300.0,90000.0,-0.3024327837268748,-4.926672628488455,0.0003364015115447927,0.0003364015115447927
alpha-TiAl,600,75,alpha-TiAl__600,0,-4.92700903,-4.411605553150288,-0.2125885662818252,-0.3028149105678865,300.0,90000.0,-0.30188239101991965,-4.926076510452033,0.0009325195479670256,0.0009325195479670256
alpha-TiAl,600,76,alpha-TiAl__600,0,-4.92700903,-4.412597195688077,-0.2125885662818252,-0.3018232680300974,300.0,90000.0,-0.299574983778766,-4.924760745748668,0.0022482842513316115,0.0022482842513316115
alpha-TiAl,600,77,alpha-TiAl__600,0,-4.92700903,-4.411960094786935,-0.2125885662818252,-0.3024603689312393,300.0,90000.0,-0.30157094647413474,-4.926119607542895,0.0008894224571047715,0.0008894224571047715
alpha-TiAl,600,78,alpha-TiAl__600,0,-4.92700903,-4.411866377886688,-0.2125885662818252,-0.3025540858314866,300.0,90000.0,-0.3025739476464021,-4.927028891814915,-1.9861814915422826e-05,1.9861814915422826e-05
alpha-TiAl,600,79,alpha-TiAl__600,0,-4.92700903,-4.411837385792963,-0.2125885662818252,-0.3025830779252114,300.0,90000.0,-0.30182708555810045,-4.926253037632889,0.0007559923671109914,0.0007559923671109914
alpha-TiAl,600,80,alpha-TiAl__600,0,-4.92700903,-4.412079505865723,-0.2125885662818252,-0.3023409578524516,300.0,90000.0,-0.30022803000411813,-4.924896102151666,0.0021129278483336122,0.0021129278483336122
alpha-TiAl,600,81,alpha-TiAl__600,0,-4.92700903,-4.412098455210901,-0.2125885662818252,-0.3023220085072733,300.0,90000.0,-0.30024739802846967,-4.924934419521196,0.002074610478803862,0.002074610478803862
alpha-TiAl,600,82,alpha-TiAl__600,0,-4.92700903,-4.411887085907865,-0.2125885662818252,-0.3025333778103096,300.0,90000.0,-0.30151806059903,-4.925993712788721,0.001015317211279232,0.001015317211279232
alpha-TiAl,600,83,alpha-TiAl__600,0,-4.92700903,-4.412663933723923,-0.2125885662818252,-0.3017565299942513,300.0,90000.0,-0.30077333804395695,-4.926025838049705,0.0009831919502945041,0.0009831919502945041
alpha-TiAl,600,84,alpha-TiAl__600,0,-4.92700903,-4.412163241257562,-0.2125885662818252,-0.3022572224606126,300.0,90000.0,-0.3016665136220402,-4.926418321161427,0.0005907088385725956,0.0005907088385725956
alpha-TiAl,600,85,alpha-TiAl__600,0,-4.92700903,-4.412057511157381,-0.2125885662818252,-0.3023629525607934,300.0,90000.0,-0.30064806047077974,-4.925294137909987,0.001714892090013187,0.001714892090013187
alpha-TiAl,600,86,alpha-TiAl__600,0,-4.92700903,-4.4116285089251965,-0.2125885662818252,-0.302791954792978,300.0,90000.0,-0.3001279637531886,-4.92434503896021,0.0026639910397898703,0.0026639910397898703
alpha-TiAl,600,87,alpha-TiAl__600,0,-4.92700903,-4.411596816738725,-0.2125885662818252,-0.3028236469794496,300.0,90000.0,-0.3007639776466613,-4.9249493606672115,0.0020596693327883386,0.0020596693327883386
alpha-TiAl,600,88,alpha-TiAl__600,0,-4.92700903,-4.4125596236578275,-0.2125885662818252,-0.3018608400603471,300.0,90000.0,-0.30132104306323804,-4.926469233002891,0.0005397969971090433,0.0005397969971090433
alpha-TiAl,600,89,alpha-TiAl__600,0,-4.92700903,-4.4121237601745795,-0.2125885662818252,-0.302296703543595,300.0,90000.0,-0.30208873861119945,-4.926801065067604,0.00020796493239583214,0.00020796493239583214
alpha-TiAl,600,90,alpha-TiAl__600,0,-4.92700903,-4.412092406530526,-0.2125885662818252,-0.3023280571876485,300.0,90000.0,-0.3018326082334698,-4.926513581045821,0.0004954489541786344,0.0004954489541786344
alpha-TiAl,600,91,alpha-TiAl__600,0,-4.92700903,-4.411804991719834,-0.2125885662818252,-0.3026154719983402,300.0,90000.0,-0.3013867989352738,-4.925780356936933,0.001228673063066843,0.001228673063066843
alpha-TiAl,600,92,alpha-TiAl__600,0,-4.92700903,-4.412287003563753,-0.2125885662818252,-0.3021334601544216,300.0,90000.0,-0.29966095060012954,-4.924536520445708,0.002472509554292124,0.002472509554292124
alpha-TiAl,600,93,alpha-TiAl__600,0,-4.92700903,-4.412274942685356,-0.2125885662818252,-0.302145521032819,300.0,90000.0,-0.30150765484505826,-4.926371163812239,0.0006378661877608494,0.0006378661877608494
alpha-TiAl,600,94,alpha-TiAl__600,0,-4.92700903,-4.411405396344558,-0.2125885662818252,-0.3030150673736163,300.0,90000.0,-0.3027863997217516,-4.926780362348135,0.000228667651864356,0.000228667651864356
alpha-TiAl,600,95,alpha-TiAl__600,0,-4.92700903,-4.411720981784834,-0.2125885662818252,-0.3026994819333408,300.0,90000.0,-0.30211895202875566,-4.926428500095414,0.0005805299045853474,0.0005805299045853474
alpha-TiAl,600,96,alpha-TiAl__600,0,-4.92700903,-4.411536050646229,-0.2125885662818252,-0.3028844130719452,300.0,90000.0,-0.3011201786481899,-4.925244795576244,0.0017642344237556173,0.0017642344237556173
alpha-TiAl,600,97,alpha-TiAl__600,0,-4.92700903,-4.411731896145709,-0.2125885662818252,-0.3026885675724653,300.0,90000.0,-0.3023130971673969,-4.926633559594931,0.00037547040506868967,0.00037547040506868967
alpha-TiAl,600,98,alpha-TiAl__600,0,-4.92700903,-4.411859213525804,-0.2125885662818252,-0.3025612501923707,300.0,90000.0,-0.3022949865956012,-4.926742766403231,0.00026626359676917843,0.00026626359676917843
alpha-TiAl,600,99,alpha-TiAl__600,0,-4.92700903,-4.412140317487782,-0.2125885662818252,-0.3022801462303928,300.0,90000.0,-0.3005548385939827,-4.92528372236359,0.0017253076364101005,0.0017253076364101005
alpha-TiAl,700,0,alpha-TiAl__700,2,-4.97663412,-4.3542036300845925,-0.2125885662818252,-0.4098419236335822,400.0,160000.0,-0.41399183351281493,-4.980784029879232,-0.004149909879232361,0.004149909879232361
alpha-TiAl,700,1,alpha-TiAl__700,2,-4.97663412,-4.354056670628479,-0.2125885662818252,-0.4099888830896958,400.0,160000.0,-0.4143414954719963,-4.9809867323823,-0.004352612382300336,0.004352612382300336
alpha-TiAl,700,2,alpha-TiAl__700,2,-4.97663412,-4.353959754258392,-0.2125885662818252,-0.4100857994597824,400.0,160000.0,-0.41511690839316107,-4.9816652289333785,-0.0050311089333785475,0.0050311089333785475
alpha-TiAl,700,3,alpha-TiAl__700,2,-4.97663412,-4.353791275259156,-0.2125885662818252,-0.4102542784590186,400.0,160000.0,-0.4148294226666305,-4.981209264207612,-0.00457514420761207,0.00457514420761207
alpha-TiAl,700,4,alpha-TiAl__700,2,-4.97663412,-4.353746384687946,-0.2125885662818252,-0.4102991690302291,400.0,160000.0,-0.41405217591945354,-4.980387126889225,-0.0037530068892248636,0.0037530068892248636
alpha-TiAl,700,5,alpha-TiAl__700,2,-4.97663412,-4.35350837052001,-0.2125885662818252,-0.4105371831981648,400.0,160000.0,-0.4148444971274985,-4.980941433929334,-0.004307313929333922,0.004307313929333922
alpha-TiAl,700,6,alpha-TiAl__700,2,-4.97663412,-4.353706543654058,-0.2125885662818252,-0.4103390100641171,400.0,160000.0,-0.41281341155486695,-4.979108521490749,-0.0024744014907494005,0.0024744014907494005
alpha-TiAl,700,7,alpha-TiAl__700,2,-4.97663412,-4.35411932862943,-0.2125885662818252,-0.4099262250887445,400.0,160000.0,-0.4141744011561305,-4.980882296067386,-0.004248176067386034,0.004248176067386034
alpha-TiAl,700,8,alpha-TiAl__700,2,-4.97663412,-4.353738560611141,-0.2125885662818252,-0.4103069931070333,400.0,160000.0,-0.4153956109184077,-4.981722737811374,-0.005088617811374263,0.005088617811374263
alpha-TiAl,700,9,alpha-TiAl__700,2,-4.97663412,-4.354192422536146,-0.2125885662818252,-0.4098531311820288,400.0,160000.0,-0.41433541715191513,-4.981116405969886,-0.004482285969886313,0.004482285969886313
alpha-TiAl,700,10,alpha-TiAl__700,2,-4.97663412,-4.353348602921938,-0.2125885662818252,-0.410696950796237,400.0,160000.0,-0.41432364290634893,-4.980260812110112,-0.0036266921101120175,0.0036266921101120175
alpha-TiAl,700,11,alpha-TiAl__700,2,-4.97663412,-4.354549944508678,-0.2125885662818252,-0.4094956092094968,400.0,160000.0,-0.41415292431321127,-4.9812914351037145,-0.004657315103714588,0.004657315103714588
alpha-TiAl,700,12,alpha-TiAl__700,2,-4.97663412,-4.35390670938899,-0.2125885662818252,-0.4101388443291851,400.0,160000.0,-0.41416370715492745,-4.980658982825743,-0.004024862825742659,0.004024862825742659
alpha-TiAl,700,13,alpha-TiAl__700,2,-4.97663412,-4.354301889195727,-0.2125885662818252,-0.4097436645224475,400.0,160000.0,-0.4141039572131157,-4.980994412690668,-0.004360292690668288,0.004360292690668288
alpha-TiAl,700,14,alpha-TiAl__700,2,-4.97663412,-4.353138097117624,-0.2125885662818252,-0.410907456600551,400.0,160000.0,-0.41537812902135696,-4.981104792420806,-0.004470672420805677,0.004470672420805677
alpha-TiAl,700,15,alpha-TiAl__700,2,-4.97663412,-4.354534071179159,-0.2125885662818252,-0.409511482539016,400.0,160000.0,-0.4142867598826392,-4.981409397343623,-0.004775277343623152,0.004775277343623152
alpha-TiAl,700,16,alpha-TiAl__700,2,-4.97663412,-4.354001194474689,-0.2125885662818252,-0.4100443592434857,400.0,160000.0,-0.4134388406799946,-4.9800286014365085,-0.0033944814365085563,0.0033944814365085563
alpha-TiAl,700,17,alpha-TiAl__700,2,-4.97663412,-4.354776497053131,-0.2125885662818252,-0.4092690566650434,400.0,160000.0,-0.41082717535633406,-4.978192238691291,-0.001558118691290744,0.001558118691290744
alpha-TiAl,700,18,alpha-TiAl__700,2,-4.97663412,-4.353537753390047,-0.2125885662818252,-0.4105078003281281,400.0,160000.0,-0.4154403090993686,-4.98156662877124,-0.004932508771240407,0.004932508771240407
alpha-TiAl,700,19,alpha-TiAl__700,2,-4.97663412,-4.354602634443518,-0.2125885662818252,-0.4094429192746567,400.0,160000.0,-0.41449603866347495,-4.981687239388818,-0.005053119388818139,0.005053119388818139
alpha-TiAl,700,20,alpha-TiAl__700,2,-4.97663412,-4.354418895363586,-0.2125885662818252,-0.4096266583545889,400.0,160000.0,-0.41500947977959757,-4.982016941425009,-0.005382821425008899,0.005382821425008899
alpha-TiAl,700,21,alpha-TiAl__700,2,-4.97663412,-4.353592345531585,-0.2125885662818252,-0.4104532081865901,400.0,160000.0,-0.41456050217227997,-4.980741413985689,-0.004107293985689431,0.004107293985689431
alpha-TiAl,700,22,alpha-TiAl__700,2,-4.97663412,-4.354052525469992,-0.2125885662818252,-0.4099930282481825,400.0,160000.0,-0.41387403836682235,-4.98051513011864,-0.0038810101186399493,0.0038810101186399493
alpha-TiAl,700,23,alpha-TiAl__700,2,-4.97663412,-4.353981818052096,-0.2125885662818252,-0.4100637356660783,400.0,160000.0,-0.4160405822936623,-4.9826109666275835,-0.005976846627583576,0.005976846627583576
alpha-TiAl,700,24,alpha-TiAl__700,2,-4.97663412,-4.354577697279449,-0.2125885662818252,-0.4094678564387255,400.0,160000.0,-0.4136173075676122,-4.980783571128887,-0.004149451128887094,0.004149451128887094
alpha-TiAl,700,25,alpha-TiAl__700,2,-4.97663412,-4.354038318725613,-0.2125885662818252,-0.4100072349925616,400.0,160000.0,-0.4138702836672659,-4.980497168674704,-0.003863048674704217,0.003863048674704217
alpha-TiAl,700,26,alpha-TiAl__700,2,-4.97663412,-4.354491570147482,-0.2125885662818252,-0.4095539835706931,400.0,160000.0,-0.41268970880915634,-4.979769845238463,-0.003135725238463394,0.003135725238463394
alpha-TiAl,700,27,alpha-TiAl__700,2,-4.97663412,-4.354065729570742,-0.2125885662818252,-0.4099798241474328,400.0,160000.0,-0.4122937674075307,-4.9789480632600975,-0.002313943260097595,0.002313943260097595
alpha-TiAl,700,28,alpha-TiAl__700,2,-4.97663412,-4.354166087071723,-0.2125885662818252,-0.4098794666464513,400.0,160000.0,-0.4133280097763276,-4.980082663129876,-0.0034485431298758584,0.0034485431298758584
alpha-TiAl,700,29,alpha-TiAl__700,2,-4.97663412,-4.353472718757274,-0.2125885662818252,-0.4105728349609006,400.0,160000.0,-0.4153942438881756,-4.981455528927275,-0.004821408927274895,0.004821408927274895
alpha-TiAl,700,30,alpha-TiAl__700,2,-4.97663412,-4.354041874223877,-0.2125885662818252,-0.4100036794942978,400.0,160000.0,-0.4149086840052173,-4.9815391245109195,-0.004905004510919575,0.004905004510919575
alpha-TiAl,700,31,alpha-TiAl__700,2,-4.97663412,-4.354547230608031,-0.2125885662818252,-0.4094983231101441,400.0,160000.0,-0.41429143924327183,-4.981427236133127,-0.004793116133127384,0.004793116133127384
alpha-TiAl,700,32,alpha-TiAl__700,2,-4.97663412,-4.354381905554202,-0.2125885662818252,-0.4096636481639724,400.0,160000.0,-0.4149394713928685,-4.981909943228896,-0.0052758232288958595,0.0052758232288958595
alpha-TiAl,700,33,alpha-TiAl__700,2,-4.97663412,-4.353916855569717,-0.2125885662818252,-0.4101286981484575,400.0,160000.0,-0.4142921753751596,-4.980797597226702,-0.0041634772267018505,0.0041634772267018505
alpha-TiAl,700,34,alpha-TiAl__700,2,-4.97663412,-4.3542154165480875,-0.2125885662818252,-0.4098301371700872,400.0,160000.0,-0.4132183962901286,-4.980022379120041,-0.0033882591200411483,0.0033882591200411483
alpha-TiAl,700,35,alpha-TiAl__700,2,-4.97663412,-4.353816254421068,-0.2125885662818252,-0.4102292992971064,400.0,160000.0,-0.4143049374207089,-4.980709758123602,-0.004075638123602232,0.004075638123602232
alpha-TiAl,700,36,alpha-TiAl__700,2,-4.97663412,-4.3544852432092105,-0.2125885662818252,-0.4095603105089642,400.0,160000.0,-0.41293566708058305,-4.9800094765716185,-0.003375356571618582,0.003375356571618582
alpha-TiAl,700,37,alpha-TiAl__700,2,-4.97663412,-4.354170584260106,-0.2125885662818252,-0.4098749694580688,400.0,160000.0,-0.4156771028921619,-4.982436253434093,-0.005802133434093193,0.005802133434093193
alpha-TiAl,700,38,alpha-TiAl__700,2,-4.97663412,-4.354025621581417,-0.2125885662818252,-0.4100199321367581,400.0,160000.0,-0.4146458109856085,-4.98125999884885,-0.004625878848850462,0.004625878848850462
alpha-TiAl,700,39,alpha-TiAl__700,2,-4.97663412,-4.353997754341728,-0.2125885662818252,-0.4100477993764464,400.0,160000.0,-0.4149226282334958,-4.98150894885705,-0.004874828857049707,0.004874828857049707
alpha-TiAl,700,40,alpha-TiAl__700,2,-4.97663412,-4.35406819580129,-0.2125885662818252,-0.409977357916885,400.0,160000.0,-0.4148107898788339,-4.9814675519619485,-0.00483343196194852,0.00483343196194852
alpha-TiAl,700,41,alpha-TiAl__700,2,-4.97663412,-4.353305609447105,-0.2125885662818252,-0.4107399442710697,400.0,160000.0,-0.4160359132556658,-4.981930088984596,-0.0052959689845959446,0.0052959689845959446
alpha-TiAl,700,42,alpha-TiAl__700,2,-4.97663412,-4.354410044938257,-0.2125885662818252,-0.4096355087799175,400.0,160000.0,-0.4133025302655518,-4.980301141485635,-0.0036670214856346917,0.0036670214856346917
alpha-TiAl,700,43,alpha-TiAl__700,2,-4.97663412,-4.3537418237508865,-0.2125885662818252,-0.4103037299672882,400.0,160000.0,-0.4142522164332543,-4.980582606465966,-0.003948486465966461,0.003948486465966461
alpha-TiAl,700,44,alpha-TiAl__700,2,-4.97663412,-4.354064383095132,-0.2125885662818252,-0.4099811706230429,400.0,160000.0,-0.4145852152281062,-4.981238164605063,-0.004604044605063251,0.004604044605063251
alpha-TiAl,700,45,alpha-TiAl__700,2,-4.97663412,-4.3535362486355185,-0.2125885662818252,-0.4105093050826562,400.0,160000.0,-0.413820043871144,-4.979944858788488,-0.003310738788488088,0.003310738788488088
alpha-TiAl,700,46,alpha-TiAl__700,2,-4.97663412,-4.353819716561974,-0.2125885662818252,-0.4102258371562008,400.0,160000.0,-0.4141952163692629,-4.980603499213062,-0.003969379213062396,0.003969379213062396
alpha-TiAl,700,47,alpha-TiAl__700,2,-4.97663412,-4.354073146402367,-0.2125885662818252,-0.4099724073158075,400.0,160000.0,-0.4133000315244505,-4.979961744208643,-0.003327624208642632,0.003327624208642632
alpha-TiAl,700,48,alpha-TiAl__700,2,-4.97663412,-4.35415645030933,-0.2125885662818252,-0.4098891034088447,400.0,160000.0,-0.41293781973451393,-4.979682836325669,-0.003048716325668721,0.003048716325668721
alpha-TiAl,700,49,alpha-TiAl__700,2,-4.97663412,-4.353822021987478,-0.2125885662818252,-0.410223531730697,400.0,160000.0,-0.41456539547284027,-4.980975983742143,-0.0043418637421428485,0.0043418637421428485
alpha-TiAl,700,50,alpha-TiAl__700,2,-4.97663412,-4.353772223897254,-0.2125885662818252,-0.4102733298209209,400.0,160000.0,-0.41483535306548136,-4.98119614324456,-0.0045620232445600095,0.0045620232445600095
alpha-TiAl,700,51,alpha-TiAl__700,2,-4.97663412,-4.35364757942074,-0.2125885662818252,-0.4103979742974344,400.0,160000.0,-0.4146629601210662,-4.980899105823632,-0.004264985823631662,0.004264985823631662
alpha-TiAl,700,52,alpha-TiAl__700,2,-4.97663412,-4.35401259783834,-0.2125885662818252,-0.410032955879835,400.0,160000.0,-0.41562160483154087,-4.982222768951706,-0.005588648951706077,0.005588648951706077
alpha-TiAl,700,53,alpha-TiAl__700,2,-4.97663412,-4.353507584446659,-0.2125885662818252,-0.4105379692715161,400.0,160000.0,-0.41425864632879184,-4.9803547970572755,-0.0037206770572755232,0.0037206770572755232
alpha-TiAl,700,54,alpha-TiAl__700,2,-4.97663412,-4.354100332604663,-0.2125885662818252,-0.4099452211135119,400.0,160000.0,-0.41361778626464196,-4.98030668515113,-0.003672565151130236,0.003672565151130236
alpha-TiAl,700,55,alpha-TiAl__700,2,-4.97663412,-4.353864401437898,-0.2125885662818252,-0.4101811522802769,400.0,160000.0,-0.4134267135774735,-4.979879681297197,-0.003245561297196886,0.003245561297196886
alpha-TiAl,700,56,alpha-TiAl__700,2,-4.97663412,-4.353815804064962,-0.2125885662818252,-0.4102297496532125,400.0,160000.0,-0.413799790434479,-4.980204160781266,-0.003570040781266215,0.003570040781266215
alpha-TiAl,700,57,alpha-TiAl__700,2,-4.97663412,-4.353940692807263,-0.2125885662818252,-0.4101048609109119,400.0,160000.0,-0.41457825966186435,-4.981107518750952,-0.004473398750952207,0.004473398750952207
alpha-TiAl,700,58,alpha-TiAl__700,2,-4.97663412,-4.353646532241092,-0.2125885662818252,-0.4103990214770823,400.0,160000.0,-0.4143082871899738,-4.980543385712892,-0.003909265712891852,0.003909265712891852
alpha-TiAl,700,59,alpha-TiAl__700,2,-4.97663412,-4.354104855915537,-0.2125885662818252,-0.4099406978026376,400.0,160000.0,-0.4139226778109737,-4.980616100008336,-0.003981980008336272,0.003981980008336272
alpha-TiAl,700,60,alpha-TiAl__700,2,-4.97663412,-4.3535081450928965,-0.2125885662818252,-0.4105374086252782,400.0,160000.0,-0.41538735792421494,-4.981484069298936,-0.004849949298936451,0.004849949298936451
alpha-TiAl,700,61,alpha-TiAl__700,2,-4.97663412,-4.354529981472652,-0.2125885662818252,-0.4095155722455228,400.0,160000.0,-0.41346474135945355,-4.98058328911393,-0.003949169113930395,0.003949169113930395
alpha-TiAl,700,62,alpha-TiAl__700,2,-4.97663412,-4.3539170082841,-0.2125885662818252,-0.410128545434075,400.0,160000.0,-0.41437103504064543,-4.98087660960657,-0.004242489606570032,0.004242489606570032
alpha-TiAl,700,63,alpha-TiAl__700,2,-4.97663412,-4.353950946028233,-0.2125885662818252,-0.4100946076899419,400.0,160000.0,-0.414852055637719,-4.981391567947777,-0.004757447947777216,0.004757447947777216
alpha-TiAl,700,64,alpha-TiAl__700,2,-4.97663412,-4.353612438496699,-0.2125885662818252,-0.4104331152214753,400.0,160000.0,-0.4144316152235158,-4.980632620002041,-0.003998500002040828,0.003998500002040828
alpha-TiAl,700,65,alpha-TiAl__700,2,-4.97663412,-4.353410820048744,-0.2125885662818252,-0.4106347336694309,400.0,160000.0,-0.41533273068158805,-4.981332117012157,-0.004697997012157451,0.004697997012157451
alpha-TiAl,700,66,alpha-TiAl__700,2,-4.97663412,-4.353956412834799,-0.2125885662818252,-0.4100891408833753,400.0,160000.0,-0.41418932386871754,-4.980734302985342,-0.00410018298534176,0.00410018298534176
alpha-TiAl,700,67,alpha-TiAl__700,2,-4.97663412,-4.353915437033749,-0.2125885662818252,-0.4101301166844253,400.0,160000.0,-0.41385173742123466,-4.980355740736809,-0.0037216207368091503,0.0037216207368091503
alpha-TiAl,700,68,alpha-TiAl__700,2,-4.97663412,-4.354069536705799,-0.2125885662818252,-0.4099760170123758,400.0,160000.0,-0.4138423288500086,-4.9805004318376325,-0.00386631183763253,0.00386631183763253
alpha-TiAl,700,69,alpha-TiAl__700,2,-4.97663412,-4.353365877109895,-0.2125885662818252,-0.4106796766082796,400.0,160000.0,-0.4151451995838741,-4.981099642975594,-0.004465522975594105,0.004465522975594105
alpha-TiAl,700,70,alpha-TiAl__700,2,-4.97663412,-4.3541600227518265,-0.2125885662818252,-0.4098855309663483,400.0,160000.0,-0.414045020804386,-4.980793609838038,-0.004159489838038155,0.004159489838038155
alpha-TiAl,700,71,alpha-TiAl__700,2,-4.97663412,-4.3539088699486195,-0.2125885662818252,-0.4101366837695552,400.0,160000.0,-0.4144687397670669,-4.980966175997511,-0.004332055997511297,0.004332055997511297
alpha-TiAl,700,72,alpha-TiAl__700,2,-4.97663412,-4.353970161212167,-0.2125885662818252,-0.4100753925060081,400.0,160000.0,-0.41432169944760144,-4.980880426941593,-0.004246306941593225,0.004246306941593225
alpha-TiAl,700,73,alpha-TiAl__700,2,-4.97663412,-4.354382530489737,-0.2125885662818252,-0.4096630232284379,400.0,160000.0,-0.4130571616069123,-4.980028258378474,-0.003394138378474132,0.003394138378474132
alpha-TiAl,700,74,alpha-TiAl__700,2,-4.97663412,-4.35419606256481,-0.2125885662818252,-0.4098494911533645,400.0,160000.0,-0.4142911039559002,-4.981075732802536,-0.004441612802535744,0.004441612802535744
alpha-TiAl,700,75,alpha-TiAl__700,2,-4.97663412,-4.353969806897103,-0.2125885662818252,-0.4100757468210716,400.0,160000.0,-0.4144891105527954,-4.981047483731723,-0.004413363731723408,0.004413363731723408
alpha-TiAl,700,76,alpha-TiAl__700,2,-4.97663412,-4.354373144359518,-0.2125885662818252,-0.4096724093586568,400.0,160000.0,-0.4141963343616284,-4.981158045002972,-0.004523925002971829,0.004523925002971829
alpha-TiAl,700,77,alpha-TiAl__700,2,-4.97663412,-4.35423320783593,-0.2125885662818252,-0.4098123458822451,400.0,160000.0,-0.41495089444060634,-4.981772668558361,-0.005138548558361045,0.005138548558361045
alpha-TiAl,700,78,alpha-TiAl__700,2,-4.97663412,-4.353638434417317,-0.2125885662818252,-0.4104071193008574,400.0,160000.0,-0.41510762984233485,-4.981334630541477,-0.004700510541477243,0.004700510541477243
alpha-TiAl,700,79,alpha-TiAl__700,2,-4.97663412,-4.35372026366812,-0.2125885662818252,-0.4103252900500544,400.0,160000.0,-0.4154691046432672,-4.981777934593213,-0.005143814593212781,0.005143814593212781
alpha-TiAl,700,80,alpha-TiAl__700,2,-4.97663412,-4.354255291803276,-0.2125885662818252,-0.4097902619148987,400.0,160000.0,-0.41397991614609886,-4.9808237742312,-0.004189654231200102,0.004189654231200102
alpha-TiAl,700,81,alpha-TiAl__700,2,-4.97663412,-4.353932361096715,-0.2125885662818252,-0.41011319262146,400.0,160000.0,-0.41427747154403555,-4.980798398922575,-0.004164278922575093,0.004164278922575093
alpha-TiAl,700,82,alpha-TiAl__700,2,-4.97663412,-4.35462161624416,-0.2125885662818252,-0.4094239374740143,400.0,160000.0,-0.41485890265673564,-4.982069085182721,-0.005434965182721463,0.005434965182721463
alpha-TiAl,700,83,alpha-TiAl__700,2,-4.97663412,-4.354188604564175,-0.2125885662818252,-0.4098569491539994,400.0,160000.0,-0.41473731834261796,-4.981514489188618,-0.004880369188618339,0.004880369188618339
alpha-TiAl,700,84,alpha-TiAl__700,2,-4.97663412,-4.353554611020277,-0.2125885662818252,-0.4104909426978977,400.0,160000.0,-0.4138421387588791,-4.979985316060981,-0.0033511960609811098,0.0033511960609811098
alpha-TiAl,700,85,alpha-TiAl__700,2,-4.97663412,-4.35349874311474,-0.2125885662818252,-0.4105468106034351,400.0,160000.0,-0.41503479668762905,-4.981122106084194,-0.0044879860841939845,0.0044879860841939845
alpha-TiAl,700,86,alpha-TiAl__700,2,-4.97663412,-4.353900269416692,-0.2125885662818252,-0.4101452843014828,400.0,160000.0,-0.4133139182046678,-4.979802753903185,-0.00316863390318467,0.00316863390318467
alpha-TiAl,700,87,alpha-TiAl__700,2,-4.97663412,-4.354207661247877,-0.2125885662818252,-0.4098378924702981,400.0,160000.0,-0.4136313975125422,-4.980427625042244,-0.003793505042244405,0.003793505042244405
alpha-TiAl,700,88,alpha-TiAl__700,2,-4.97663412,-4.3539423753994475,-0.2125885662818252,-0.4101031783187272,400.0,160000.0,-0.412717836933347,-4.97924877861462,-0.002614658614620069,0.002614658614620069
alpha-TiAl,700,89,alpha-TiAl__700,2,-4.97663412,-4.354217497443836,-0.2125885662818252,-0.409828056274339,400.0,160000.0,-0.4132951998248935,-4.980101263550554,-0.003467143550554219,0.003467143550554219
alpha-TiAl,700,90,alpha-TiAl__700,2,-4.97663412,-4.353712142845675,-0.2125885662818252,-0.4103334108725001,400.0,160000.0,-0.4148595603735229,-4.981160269501022,-0.004526149501022481,0.004526149501022481
alpha-TiAl,700,91,alpha-TiAl__700,2,-4.97663412,-4.354270021038566,-0.2125885662818252,-0.4097755326796086,400.0,160000.0,-0.4146148157910746,-4.981473403111466,-0.004839283111466308,0.004839283111466308
alpha-TiAl,700,92,alpha-TiAl__700,2,-4.97663412,-4.354052726823414,-0.2125885662818252,-0.4099928268947606,400.0,160000.0,-0.4147037313109649,-4.981345024416204,-0.0047109044162043645,0.0047109044162043645
alpha-TiAl,700,93,alpha-TiAl__700,2,-4.97663412,-4.353815970133288,-0.2125885662818252,-0.4102295835848863,400.0,160000.0,-0.4155720830911024,-4.981976619506216,-0.005342499506215681,0.005342499506215681
alpha-TiAl,700,94,alpha-TiAl__700,2,-4.97663412,-4.353562371811667,-0.2125885662818252,-0.4104831819065078,400.0,160000.0,-0.41402531840033374,-4.9801762564938254,-0.0035421364938255095,0.0035421364938255095
alpha-TiAl,700,95,alpha-TiAl__700,2,-4.97663412,-4.354102542882769,-0.2125885662818252,-0.4099430108354056,400.0,160000.0,-0.41205750627246374,-4.978748615437058,-0.002114495437058217,0.002114495437058217
alpha-TiAl,700,96,alpha-TiAl__700,2,-4.97663412,-4.354013178115568,-0.2125885662818252,-0.4100323756026069,400.0,160000.0,-0.4150920100023028,-4.9816937543996955,-0.0050596343996955895,0.0050596343996955895
alpha-TiAl,700,97,alpha-TiAl__700,2,-4.97663412,-4.353177816754842,-0.2125885662818252,-0.4108677369633327,400.0,160000.0,-0.4151547047156021,-4.98092108775227,-0.004286967752269888,0.004286967752269888
alpha-TiAl,700,98,alpha-TiAl__700,2,-4.97663412,-4.353472871422853,-0.2125885662818252,-0.4105726822953217,400.0,160000.0,-0.4146543494836602,-4.9807157871883385,-0.004081667188338578,0.004081667188338578
alpha-TiAl,700,99,alpha-TiAl__700,2,-4.97663412,-4.3544051010726905,-0.2125885662818252,-0.4096404526454842,400.0,160000.0,-0.4151882179625915,-4.982181885317107,-0.005547765317107434,0.005547765317107434
beta-TiV,300,0,beta-TiV__300,1,-4.88796052,-4.680914456131088,-0.2070171977636012,-2.886610531077638e-05,0.0,0.0,-0.00019183352409093968,-4.88812348741878,-0.00016296741878019105,0.00016296741878019105
beta-TiV,300,1,beta-TiV__300,1,-4.88796052,-4.680897963227692,-0.2070171977636012,-4.535900870666909e-05,0.0,0.0,-0.00010188390096538269,-4.888017044892259,-5.652489225926871e-05,5.652489225926871e-05
beta-TiV,300,2,beta-TiV__300,1,-4.88796052,-4.68102429646845,-0.2070171977636012,8.097423205083443e-05,0.0,0.0,-0.0001910415600396842,-4.888232535792091,-0.0002720157920910182,0.0002720157920910182
beta-TiV,300,3,beta-TiV__300,1,-4.88796052,-4.680948743506733,-0.2070171977636012,5.421270334593498e-06,0.0,0.0,0.0001945005833948188,-4.88777144068694,0.00018907931305989223,0.00018907931305989223
beta-TiV,300,4,beta-TiV__300,1,-4.88796052,-4.680961921067277,-0.2070171977636012,1.859883087779179e-05,0.0,0.0,4.113440813799385e-05,-4.88793798442274,2.2535577260285322e-05,2.2535577260285322e-05
beta-TiV,300,5,beta-TiV__300,1,-4.88796052,-4.680814523900477,-0.2070171977636012,-0.0001287983359222,0.0,0.0,-0.00032762531483468416,-4.888159346978913,-0.00019882697891304701,0.00019882697891304701
beta-TiV,300,6,beta-TiV__300,1,-4.88796052,-4.681088253367516,-0.2070171977636012,0.0001449311311174,0.0,0.0,0.000546999283734001,-4.887558451847384,0.00040206815261623063,0.00040206815261623063
beta-TiV,300,7,beta-TiV__300,1,-4.88796052,-4.680804087958205,-0.2070171977636012,-0.0001392342781934,0.0,0.0,0.00014667628590481208,-4.887674609435902,0.0002859105640977688,0.0002859105640977688
beta-TiV,300,8,beta-TiV__300,1,-4.88796052,-4.68101625555822,-0.2070171977636012,7.293332182162215e-05,0.0,0.0,0.0007338428826247911,-4.8872996104391975,0.0006609095608025584,0.0006609095608025584
beta-TiV,300,9,beta-TiV__300,1,-4.88796052,-4.680953243404815,-0.2070171977636012,9.921168416304749e-06,0.0,0.0,0.0005244128287401895,-4.887446028339676,0.0005144916603239125,0.0005144916603239125
beta-TiV,300,10,beta-TiV__300,1,-4.88796052,-4.680903654875773,-0.2070171977636012,-3.9667360625827985e-05,0.0,0.0,-0.00017812795455943164,-4.888098980593934,-0.00013846059393429755,0.00013846059393429755
beta-TiV,300,11,beta-TiV__300,1,-4.88796052,-4.680987716858895,-0.2070171977636012,4.439462249611337e-05,0.0,0.0,0.0008271474410329605,-4.887177767181464,0.0007827528185364585,0.0007827528185364585
beta-TiV,300,12,beta-TiV__300,1,-4.88796052,-4.681197995706863,-0.2070171977636012,0.0002546734704639,0.0,0.0,0.0007036579123173847,-4.887511535558147,0.00044898444185292874,0.00044898444185292874
beta-TiV,300,13,beta-TiV__300,1,-4.88796052,-4.680884476861994,-0.2070171977636012,-5.884537440464799e-05,0.0,0.0,0.0004470946890924865,-4.887454579936503,0.0005059400634968014,0.0005059400634968014
beta-TiV,300,14,beta-TiV__300,1,-4.88796052,-4.680907622628661,-0.2070171977636012,-3.569960773780467e-05,0.0,0.0,-0.0004933993578473128,-4.888418219750109,-0.0004576997501093416,0.0004576997501093416
beta-TiV,300,15,beta-TiV__300,1,-4.88796052,-4.680788978013635,-0.2070171977636012,-0.0001543442227636,0.0,0.0,-0.00045048685206031114,-4.888256662629297,-0.0002961426292973357,0.0002961426292973357
beta-TiV,300,16,beta-TiV__300,1,-4.88796052,-4.680894620864334,-0.2070171977636012,-4.870137206519631e-05,0.0,0.0,-0.000389590029670428,-4.888301408657606,-0.0003408886576057313,0.0003408886576057313
beta-TiV,300,17,beta-TiV__300,1,-4.88796052,-4.6807402731713115,-0.2070171977636012,-0.0002030490650873,0.0,0.0,-0.000612302763110445,-4.888369773698024,-0.00040925369802380374,0.00040925369802380374
beta-TiV,300,18,beta-TiV__300,1,-4.88796052,-4.681100229441801,-0.2070171977636012,0.0001569072054025,0.0,0.0,-0.0008041627153342612,-4.888921589920737,-0.0009610699207369677,0.0009610699207369677
beta-TiV,300,19,beta-TiV__300,1,-4.88796052,-4.680950894672294,-0.2070171977636012,7.5724358949424975e-06,0.0,0.0,-5.6664962699820576e-05,-4.888024757398595,-6.423739859506838e-05,6.423739859506838e-05
beta-TiV,300,20,beta-TiV__300,1,-4.88796052,-4.68111170026625,-0.2070171977636012,0.000168378029851,0.0,0.0,0.00032800872330507325,-4.887800889306546,0.0001596306934539271,0.0001596306934539271
beta-TiV,300,21,beta-TiV__300,1,-4.88796052,-4.68088396383497,-0.2070171977636012,-5.935840142906601e-05,0.0,0.0,0.0002746218721292326,-4.887626539726442,0.000333980273557799,0.000333980273557799
beta-TiV,300,22,beta-TiV__300,1,-4.88796052,-4.680755725225975,-0.2070171977636012,-0.0001875970104239,0.0,0.0,-0.00024159153056663163,-4.888014514520143,-5.399452014298589e-05,5.399452014298589e-05
beta-TiV,300,23,beta-TiV__300,1,-4.88796052,-4.681023131567265,-0.2070171977636012,7.98093308664316e-05,0.0,0.0,0.0005754040110094449,-4.887464925319858,0.000495594680142375,0.000495594680142375
beta-TiV,300,24,beta-TiV__300,1,-4.88796052,-4.681231180053973,-0.2070171977636012,0.0002878578175741,0.0,0.0,0.0005281475289920512,-4.887720230288583,0.00024028971141731859,0.00024028971141731859
beta-TiV,300,25,beta-TiV__300,1,-4.88796052,-4.680862981370657,-0.2070171977636012,-8.034086574176813e-05,0.0,0.0,-0.00010930884302226551,-4.887989487977281,-2.8967977280913715e-05,2.8967977280913715e-05
beta-TiV,300,26,beta-TiV__300,1,-4.88796052,-4.6807770496776016,-0.2070171977636012,-0.0001662725587972,0.0,0.0,-0.0005854667483145282,-4.888379714189518,-0.00041919418951774645,0.00041919418951774645
beta-TiV,300,27,beta-TiV__300,1,-4.88796052,-4.680813725308735,-0.2070171977636012,-0.0001295969276634,0.0,0.0,0.0008675404651884433,-4.886963382607148,0.000997137392851677,0.000997137392851677
beta-TiV,300,28,beta-TiV__300,1,-4.88796052,-4.680862976535494,-0.2070171977636012,-8.034570090514892e-05,0.0,0.0,0.00023795478103402767,-4.887642219518061,0.0003183004819389268,0.0003183004819389268
beta-TiV,300,29,beta-TiV__300,1,-4.88796052,-4.680955337297241,-0.2070171977636012,1.2015060841974456e-05,0.0,0.0,0.00030156351302890183,-4.887670971547814,0.00028954845218631675,0.00028954845218631675
beta-TiV,300,30,beta-TiV__300,1,-4.88796052,-4.680816615275803,-0.2070171977636012,-0.0001267069605959,0.0,0.0,0.0008523389965127415,-4.886981474042892,0.0009790459571084043,0.0009790459571084043
beta-TiV,300,31,beta-TiV__300,1,-4.88796052,-4.680962490536364,-0.2070171977636012,1.916829996478908e-05,0.0,0.0,0.000698547552080514,-4.887281140747884,0.0006793792521158082,0.0006793792521158082
beta-TiV,300,32,beta-TiV__300,1,-4.88796052,-4.68079973456724,-0.2070171977636012,-0.0001435876691585,0.0,0.0,0.00048667073788571935,-4.887330261592956,0.0006302584070443373,0.0006302584070443373
beta-TiV,300,33,beta-TiV__300,1,-4.88796052,-4.680954395021873,-0.2070171977636012,1.107278547402002e-05,0.0,0.0,0.00011658216952986633,-4.887855010615945,0.00010550938405540222,0.00010550938405540222
beta-TiV,300,34,beta-TiV__300,1,-4.88796052,-4.681040333552263,-0.2070171977636012,9.701131586375976e-05,0.0,0.0,0.0002744922179762077,-4.887783039097888,0.0001774809021117818,0.0001774809021117818
beta-TiV,300,35,beta-TiV__300,1,-4.88796052,-4.6810209843461275,-0.2070171977636012,7.766210972864895e-05,0.0,0.0,-0.00028789286126815194,-4.888326074970997,-0.0003655549709966621,0.0003655549709966621
beta-TiV,300,36,beta-TiV__300,1,-4.88796052,-4.681160549928427,-0.2070171977636012,0.0002172276920277,0.0,0.0,0.00053967997107357,-4.887638067720954,0.0003224522790459261,0.0003224522790459261
beta-TiV,300,37,beta-TiV__300,1,-4.88796052,-4.680851710750269,-0.2070171977636012,-9.161148612985004e-05,0.0,0.0,-0.0008378015488373913,-4.888706710062708,-0.0007461900627081519,0.0007461900627081519
beta-TiV,300,38,beta-TiV__300,1,-4.88796052,-4.681093815502851,-0.2070171977636012,0.0001504932664519,0.0,0.0,-0.0006191297627116399,-4.888730143029164,-0.0007696230291642792,0.0007696230291642792
beta-TiV,300,39,beta-TiV__300,1,-4.88796052,-4.680956769812779,-0.2070171977636012,1.3447576380165582e-05,0.0,0.0,-0.000575055882843567,-4.888549023459224,-0.0005885034592241212,0.0005885034592241212
beta-TiV,300,40,beta-TiV__300,1,-4.88796052,-4.681049472840898,-0.2070171977636012,0.0001061506044989,0.0,0.0,7.064489468475155e-05,-4.887996025709815,-3.5505709814920294e-05,3.5505709814920294e-05
beta-TiV,300,41,beta-TiV__300,1,-4.88796052,-4.680922928136235,-0.2070171977636012,-2.0394100163578788e-05,0.0,0.0,6.51961018345859e-05,-4.887874929798002,8.559020199783163e-05,8.559020199783163e-05
beta-TiV,300,42,beta-TiV__300,1,-4.88796052,-4.680947182571589,-0.2070171977636012,3.860335189898034e-06,0.0,0.0,0.0005916596003247843,-4.887372720734866,0.0005877992651344144,0.0005877992651344144
beta-TiV,300,43,beta-TiV__300,1,-4.88796052,-4.680974832361512,-0.2070171977636012,3.1510125113320964e-05,0.0,0.0,0.0009516789361933009,-4.88704035118892,0.0009201688110795914,0.0009201688110795914
beta-TiV,300,44,beta-TiV__300,1,-4.88796052,-4.68077501533049,-0.2070171977636012,-0.0001683069059084,0.0,0.0,0.0006763795914132842,-4.887115833502679,0.0008446864973210566,0.0008446864973210566
beta-TiV,300,45,beta-TiV__300,1,-4.88796052,-4.680786156708797,-0.2070171977636012,-0.0001571655276014,0.0,0.0,0.000592115828748796,-4.88721123864365,0.0007492813563496625,0.0007492813563496625
beta-TiV,300,46,beta-TiV__300,1,-4.88796052,-4.681030600857475,-0.2070171977636012,8.727862107588136e-05,0.0,0.0,0.000562581547431884,-4.887485217073644,0.00047530292635578064,0.00047530292635578064
beta-TiV,300,47,beta-TiV__300,1,-4.88796052,-4.680637209485992,-0.2070171977636012,-0.0003061127504067,0.0,0.0,-0.0002421127541082646,-4.887896520003702,6.399999629813635e-05,6.399999629813635e-05
beta-TiV,300,48,beta-TiV__300,1,-4.88796052,-4.680965173751559,-0.2070171977636012,2.1851515160598023e-05,0.0,0.0,-3.92187976727687e-05,-4.8880215903128335,-6.107031283342224e-05,6.107031283342224e-05
beta-TiV,300,49,beta-TiV__300,1,-4.88796052,-4.680830030218995,-0.2070171977636012,-0.0001132920174041,0.0,0.0,0.0004857822191806638,-4.887361445763416,0.0005990742365842294,0.0005990742365842294
beta-TiV,300,50,beta-TiV__300,1,-4.88796052,-4.680898478119384,-0.2070171977636012,-4.4844117014719576e-05,0.0,0.0,0.0003903932109451391,-4.887525282672041,0.0004352373279594701,0.0004352373279594701
beta-TiV,300,51,beta-TiV__300,1,-4.88796052,-4.680843981219002,-0.2070171977636012,-9.934101739644818e-05,0.0,0.0,0.0003259407106543655,-4.8875352382719495,0.00042528172805056386,0.00042528172805056386
beta-TiV,300,52,beta-TiV__300,1,-4.88796052,-4.680883848984708,-0.2070171977636012,-5.947325169081141e-05,0.0,0.0,0.00044459251317185977,-4.887456454235138,0.0005040657648622826,0.0005040657648622826
beta-TiV,300,53,beta-TiV__300,1,-4.88796052,-4.680748139621353,-0.2070171977636012,-0.0001951826150457,0.0,0.0,-8.220954133444924e-05,-4.887847546926289,0.00011297307371105347,0.00011297307371105347
beta-TiV,300,54,beta-TiV__300,1,-4.88796052,-4.6809662682987065,-0.2070171977636012,2.2946062307738213e-05,0.0,0.0,0.0007488776586773715,-4.887234588403631,0.0007259315963690227,0.0007259315963690227
beta-TiV,300,55,beta-TiV__300,1,-4.88796052,-4.680798273785918,-0.2070171977636012,-0.000145048450481,0.0,0.0,-2.1899130664027044e-05,-4.887837370680184,0.00012314931981638466,0.00012314931981638466
beta-TiV,300,56,beta-TiV__300,1,-4.88796052,-4.681090577975812,-0.2070171977636012,0.0001472557394134,0.0,0.0,4.765447357887864e-05,-4.888060121265835,-9.960126583496987e-05,9.960126583496987e-05
beta-TiV,300,57,beta-TiV__300,1,-4.88796052,-4.680633962070661,-0.2070171977636012,-0.000309360165738,0.0,0.0,-0.00032531709019301136,-4.887976476924456,-1.5956924455551302e-05,1.5956924455551302e-05
beta-TiV,300,58,beta-TiV__300,1,-4.88796052,-4.681254325196555,-0.2070171977636012,0.0003110029601562,0.0,0.0,0.000339869698847417,-4.887931653261309,2.8866738690958016e-05,2.8866738690958016e-05
beta-TiV,300,59,beta-TiV__300,1,-4.88796052,-4.681117052056466,-0.2070171977636012,0.0001737298200674,0.0,0.0,5.285455714001963e-05,-4.888081395262928,-0.00012087526292781092,0.00012087526292781092
beta-TiV,300,60,beta-TiV__300,1,-4.88796052,-4.680930876824737,-0.2070171977636012,-1.2445411661510253e-05,0.0,0.0,-0.00023549953468687823,-4.888183574123025,-0.00022305412302525696,0.00022305412302525696
beta-TiV,300,61,beta-TiV__300,1,-4.88796052,-4.680838761231093,-0.2070171977636012,-0.0001045610053059,0.0,0.0,-0.000561820411461883,-4.888417779406156,-0.0004572594061560409,0.0004572594061560409
beta-TiV,300,62,beta-TiV__300,1,-4.88796052,-4.681162525549392,-0.2070171977636012,0.0002192033129932,0.0,0.0,0.00016877321062741535,-4.888010950102366,-5.043010236605028e-05,5.043010236605028e-05
beta-TiV,300,63,beta-TiV__300,1,-4.88796052,-4.680929944719617,-0.2070171977636012,-1.337751678170962e-05,0.0,0.0,0.00017154766429655632,-4.887775594818922,0.00018492518107837697,0.00018492518107837697
beta-TiV,300,64,beta-TiV__300,1,-4.88796052,-4.681000881184902,-0.2070171977636012,5.7558948503178e-05,0.0,0.0,-0.00038298338080236527,-4.888401062329306,-0.00044054232930612613,0.00044054232930612613
beta-TiV,300,65,beta-TiV__300,1,-4.88796052,-4.680977706533098,-0.2070171977636012,3.43842966993857e-05,0.0,0.0,6.225240027438184e-05,-4.887932651896425,2.7868103575023895e-05,2.7868103575023895e-05
beta-TiV,300,66,beta-TiV__300,1,-4.88796052,-4.6809378342935375,-0.2070171977636012,-5.487942861315265e-06,0.0,0.0,0.0006712426498032831,-4.887283789407336,0.0006767305926640432,0.0006767305926640432
beta-TiV,300,67,beta-TiV__300,1,-4.88796052,-4.6811042913573555,-0.2070171977636012,0.0001609691209566,0.0,0.0,0.00034014645308003133,-4.887781342667877,0.00017917733212335918,0.00017917733212335918
beta-TiV,300,68,beta-TiV__300,1,-4.88796052,-4.6808775523678685,-0.2070171977636012,-6.576986853029654e-05,0.0,0.0,0.0007090042637580007,-4.887185745867712,0.0007747741322878809,0.0007747741322878809
beta-TiV,300,69,beta-TiV__300,1,-4.88796052,-4.680842406750948,-0.2070171977636012,-0.000100915485451,0.0,0.0,-8.756914646385061e-06,-4.887868361429196,9.215857080402401e-05,9.215857080402401e-05
beta-TiV,300,70,beta-TiV__300,1,-4.88796052,-4.681023529403471,-0.2070171977636012,8.020716707218822e-05,0.0,0.0,0.000628326370336163,-4.8874124007967366,0.0005481192032634752,0.0005481192032634752
beta-TiV,300,71,beta-TiV__300,1,-4.88796052,-4.681096476372727,-0.2070171977636012,0.0001531541363283,0.0,0.0,0.0009533474780900608,-4.887160326658239,0.0008001933417611795,0.0008001933417611795
beta-TiV,300,72,beta-TiV__300,1,-4.88796052,-4.6809727946076025,-0.2070171977636012,2.947237120370927e-05,0.0,0.0,0.0007413531240042792,-4.8872486392472,0.0007118807528003757,0.0007118807528003757
beta-TiV,300,73,beta-TiV__300,1,-4.88796052,-4.681103288581355,-0.2070171977636012,0.0001599663449557,0.0,0.0,0.001150577060168828,-4.886969909284788,0.0009906107152124477,0.0009906107152124477
beta-TiV,300,74,beta-TiV__300,1,-4.88796052,-4.680889881697919,-0.2070171977636012,-5.3440538480054034e-05,0.0,0.0,0.000120917793347608,-4.887786161668172,0.00017435833182766203,0.00017435833182766203
beta-TiV,300,75,beta-TiV__300,1,-4.88796052,-4.681107043453703,-0.2070171977636012,0.0001637212173039,0.0,0.0,0.000639810518621664,-4.887484430698683,0.0004760893013173728,0.0004760893013173728
beta-TiV,300,76,beta-TiV__300,1,-4.88796052,-4.680992862389871,-0.2070171977636012,4.954015347252705e-05,0.0,0.0,0.0006815767360979497,-4.887328483417375,0.0006320365826253393,0.0006320365826253393
beta-TiV,300,77,beta-TiV__300,1,-4.88796052,-4.680816091005988,-0.2070171977636012,-0.000127231230411,0.0,0.0,-0.0004060608663120635,-4.888239349635901,-0.00027882963590109,0.00027882963590109
beta-TiV,300,78,beta-TiV__300,1,-4.88796052,-4.680985877984792,-0.2070171977636012,4.255574839334697e-05,0.0,0.0,-0.00020956918243411615,-4.888212644930828,-0.000252124930828046,0.000252124930828046
beta-TiV,300,79,beta-TiV__300,1,-4.88796052,-4.680897266052596,-0.2070171977636012,-4.605618380298937e-05,0.0,0.0,3.968332176770839e-05,-4.88787478049443,8.573950557000387e-05,8.573950557000387e-05
beta-TiV,300,80,beta-TiV__300,1,-4.88796052,-4.680909614530287,-0.2070171977636012,-3.370770611194063e-05,0.0,0.0,-9.998815747216949e-05,-4.88802680045136,-6.628045136025662e-05,6.628045136025662e-05
beta-TiV,300,81,beta-TiV__300,1,-4.88796052,-4.681141043643139,-0.2070171977636012,0.0001977214067402,0.0,0.0,0.0006001390545362917,-4.887558102352204,0.0004024176477956942,0.0004024176477956942
beta-TiV,300,82,beta-TiV__300,1,-4.88796052,-4.680979861618132,-0.2070171977636012,3.653938173336923e-05,0.0,0.0,8.055988570593309e-06,-4.887989003393163,-2.848339316319226e-05,2.848339316319226e-05
beta-TiV,300,83,beta-TiV__300,1,-4.88796052,-4.680906625662339,-0.2070171977636012,-3.669657405974691e-05,0.0,0.0,0.00010365781859056344,-4.88782016560735,0.00014035439265036587,0.00014035439265036587
beta-TiV,300,84,beta-TiV__300,1,-4.88796052,-4.680798162052689,-0.2070171977636012,-0.0001451601837099,0.0,0.0,-0.00013508194546935082,-4.88795044176176,1.0078238240396331e-05,1.0078238240396331e-05
beta-TiV,300,85,beta-TiV__300,1,-4.88796052,-4.680950247292879,-0.2070171977636012,6.92505647997832e-06,0.0,0.0,-0.00017505519046595586,-4.888142500246946,-0.00018198024694626724,0.00018198024694626724
beta-TiV,300,86,beta-TiV__300,1,-4.88796052,-4.681013030371523,-0.2070171977636012,6.97081351243578e-05,0.0,0.0,0.00011416348772347318,-4.887916064647401,4.445535259911537e-05,4.445535259911537e-05
beta-TiV,300,87,beta-TiV__300,1,-4.88796052,-4.6808175051254555,-0.2070171977636012,-0.0001258171109433,0.0,0.0,-2.3671135347319572e-05,-4.887858374024404,0.00010214597559610183,0.00010214597559610183
beta-TiV,300,88,beta-TiV__300,1,-4.88796052,-4.68085714217154,-0.2070171977636012,-8.61800648588873e-05,0.0,0.0,0.0008808569660111731,-4.88699348296913,0.0009670370308700882,0.0009670370308700882
beta-TiV,300,89,beta-TiV__300,1,-4.88796052,-4.681165669943368,-0.2070171977636012,0.0002223477069695,0.0,0.0,0.0005625811016610194,-4.8876202866053085,0.0003402333946915803,0.0003402333946915803
beta-TiV,300,90,beta-TiV__300,1,-4.88796052,-4.6808196426555195,-0.2070171977636012,-0.0001236795808792,0.0,0.0,-0.0007441108140640584,-4.888580951233185,-0.0006204312331847817,0.0006204312331847817
beta-TiV,300,91,beta-TiV__300,1,-4.88796052,-4.680991308509817,-0.2070171977636012,4.798627341856543e-05,0.0,0.0,0.0009810295885215314,-4.887027476684898,0.0009330433151024664,0.0009330433151024664
beta-TiV,300,92,beta-TiV__300,1,-4.88796052,-4.681172138606064,-0.2070171977636012,0.0002288163696648,0.0,0.0,0.0005828534150470466,-4.887606482954618,0.0003540370453816166,0.0003540370453816166
beta-TiV,300,93,beta-TiV__300,1,-4.88796052,-4.680855780447816,-0.2070171977636012,-8.754178858288997e-05,0.0,0.0,0.0005266061486953189,-4.887346372062722,0.0006141479372780978,0.0006141479372780978
beta-TiV,300,94,beta-TiV__300,1,-4.88796052,-4.68087662602656,-0.2070171977636012,-6.669620983884572e-05,0.0,0.0,-4.4765144340597196e-05,-4.887938588934502,2.1931065497859947e-05,2.1931065497859947e-05
beta-TiV,300,95,beta-TiV__300,1,-4.88796052,-4.680482683433596,-0.2070171977636012,-0.0004606388028023,0.0,0.0,0.0006757363658102256,-4.886824144831388,0.0011363751686124246,0.0011363751686124246
beta-TiV,300,96,beta-TiV__300,1,-4.88796052,-4.68078933836569,-0.2070171977636012,-0.0001539838707088,0.0,0.0,-0.0005594741518135937,-4.888366010281105,-0.00040549028110525853,0.00040549028110525853
beta-TiV,300,97,beta-TiV__300,1,-4.88796052,-4.681004754917081,-0.2070171977636012,6.143268068176111e-05,0.0,0.0,0.0005584819292764054,-4.887463470751405,0.0004970492485947275,0.0004970492485947275
beta-TiV,300,98,beta-TiV__300,1,-4.88796052,-4.681083932502228,-0.2070171977636012,0.0001406102658296,0.0,0.0,0.0010728051248229953,-4.8870283251410065,0.0009321948589935403,0.0009321948589935403
beta-TiV,300,99,beta-TiV__300,1,-4.88796052,-4.68136033569129,-0.2070171977636012,0.0004170134548908,0.0,0.0,0.001517946600986475,-4.886859586853904,0.0011009331460956062,0.0011009331460956062
beta-TiV,400,0,beta-TiV__400,0,-4.92292887,-4.622306711196241,-0.2070171977636012,-0.0936049610401579,100.0,10000.0,-0.09547069795637973,-4.924794606916222,-0.0018657369162218274,0.0018657369162218274
beta-TiV,400,1,beta-TiV__400,0,-4.92292887,-4.621907296435699,-0.2070171977636012,-0.0940043758006992,100.0,10000.0,-0.09645132132223427,-4.9253758155215355,-0.0024469455215356817,0.0024469455215356817
beta-TiV,400,2,beta-TiV__400,0,-4.92292887,-4.6218926051200855,-0.2070171977636012,-0.094019067116313,100.0,10000.0,-0.09551178663014342,-4.92442158951383,-0.001492719513830565,0.001492719513830565
beta-TiV,400,3,beta-TiV__400,0,-4.92292887,-4.622360199971214,-0.2070171977636012,-0.0935514722651842,100.0,10000.0,-0.0958511669148305,-4.925228564649646,-0.002299694649646078,0.002299694649646078
beta-TiV,400,4,beta-TiV__400,0,-4.92292887,-4.6223447990366395,-0.2070171977636012,-0.093566873199759,100.0,10000.0,-0.09621802441798191,-4.925580021218223,-0.0026511512182230135,0.0026511512182230135
beta-TiV,400,5,beta-TiV__400,0,-4.92292887,-4.622217548738833,-0.2070171977636012,-0.0936941234975655,100.0,10000.0,-0.0967374146580127,-4.9259721611604474,-0.0030432911604476587,0.0030432911604476587
beta-TiV,400,6,beta-TiV__400,0,-4.92292887,-4.62203940207467,-0.2070171977636012,-0.093872270161729,100.0,10000.0,-0.09624810763648968,-4.925304707474761,-0.002375837474761333,0.002375837474761333
beta-TiV,400,7,beta-TiV__400,0,-4.92292887,-4.621958024002526,-0.2070171977636012,-0.0939536482338721,100.0,10000.0,-0.09616738424149633,-4.925142606007625,-0.002213736007624867,0.002213736007624867
beta-TiV,400,8,beta-TiV__400,0,-4.92292887,-4.622181438044174,-0.2070171977636012,-0.0937302341922248,100.0,10000.0,-0.09558665532229235,-4.924785291130068,-0.0018564211300677869,0.0018564211300677869
beta-TiV,400,9,beta-TiV__400,0,-4.92292887,-4.62213073381537,-0.2070171977636012,-0.0937809384210289,100.0,10000.0,-0.09574648020486115,-4.924894411783832,-0.0019655417838322364,0.0019655417838322364
beta-TiV,400,10,beta-TiV__400,0,-4.92292887,-4.621789065840536,-0.2070171977636012,-0.0941226063958622,100.0,10000.0,-0.09579303123225642,-4.924599294836394,-0.0016704248363943464,0.0016704248363943464
beta-TiV,400,11,beta-TiV__400,0,-4.92292887,-4.621999691332389,-0.2070171977636012,-0.0939119809040092,100.0,10000.0,-0.09718635967724817,-4.926203248773239,-0.003274378773238773,0.003274378773238773
beta-TiV,400,12,beta-TiV__400,0,-4.92292887,-4.622144817253837,-0.2070171977636012,-0.0937668549825619,100.0,10000.0,-0.09603649101619925,-4.925198506033637,-0.00226963603363739,0.00226963603363739
beta-TiV,400,13,beta-TiV__400,0,-4.92292887,-4.622213248793466,-0.2070171977636012,-0.0936984234429323,100.0,10000.0,-0.09651542196013646,-4.925745868517204,-0.0028169985172041834,0.0028169985172041834
beta-TiV,400,14,beta-TiV__400,0,-4.92292887,-4.622396470517894,-0.2070171977636012,-0.0935152017185044,100.0,10000.0,-0.09554719183769583,-4.924960860119191,-0.00203199011919164,0.00203199011919164
beta-TiV,400,15,beta-TiV__400,0,-4.92292887,-4.62208719570002,-0.2070171977636012,-0.0938244765363783,100.0,10000.0,-0.09571814216981843,-4.9248225356334405,-0.0018936656334407331,0.0018936656334407331
beta-TiV,400,16,beta-TiV__400,0,-4.92292887,-4.622289410155624,-0.2070171977636012,-0.093622262080775,100.0,10000.0,-0.09669596584115152,-4.9260025737603765,-0.0030737037603767448,0.0030737037603767448
beta-TiV,400,17,beta-TiV__400,0,-4.92292887,-4.622262320417961,-0.2070171977636012,-0.0936493518184378,100.0,10000.0,-0.09569733508241356,-4.924976853263976,-0.0020479832639761497,0.0020479832639761497
beta-TiV,400,18,beta-TiV__400,0,-4.92292887,-4.622199430774571,-0.2070171977636012,-0.0937122414618277,100.0,10000.0,-0.09660507940585236,-4.925821707944024,-0.0028928379440245067,0.0028928379440245067
beta-TiV,400,19,beta-TiV__400,0,-4.92292887,-4.622202315079579,-0.2070171977636012,-0.0937093571568195,100.0,10000.0,-0.09607207131859234,-4.925291584161773,-0.0023627141617730274,0.0023627141617730274
beta-TiV,400,20,beta-TiV__400,0,-4.92292887,-4.621950061715556,-0.2070171977636012,-0.0939616105208423,100.0,10000.0,-0.09540900465080038,-4.924376264129958,-0.0014473941299586457,0.0014473941299586457
beta-TiV,400,21,beta-TiV__400,0,-4.92292887,-4.622235130016108,-0.2070171977636012,-0.0936765422202905,100.0,10000.0,-0.09604767127010945,-4.925299999049819,-0.002371129049818954,0.002371129049818954
beta-TiV,400,22,beta-TiV__400,0,-4.92292887,-4.6220823996664295,-0.2070171977636012,-0.093829272569969,100.0,10000.0,-0.09632214710148677,-4.925421744531517,-0.002492874531517586,0.002492874531517586
beta-TiV,400,23,beta-TiV__400,0,-4.92292887,-4.622228468932044,-0.2070171977636012,-0.0936832033043544,100.0,10000.0,-0.09558013741125511,-4.9248258041069,-0.0018969341069006163,0.0018969341069006163
beta-TiV,400,24,beta-TiV__400,0,-4.92292887,-4.622412409271308,-0.2070171977636012,-0.0934992629650904,100.0,10000.0,-0.09613243467252242,-4.925562041707432,-0.002633171707432602,0.002633171707432602
beta-TiV,400,25,beta-TiV__400,0,-4.92292887,-4.622063757475844,-0.2070171977636012,-0.0938479147605549,100.0,10000.0,-0.09635287982294002,-4.925433835062385,-0.0025049650623856223,0.0025049650623856223
beta-TiV,400,26,beta-TiV__400,0,-4.92292887,-4.62201658762926,-0.2070171977636012,-0.0938950846071383,100.0,10000.0,-0.09572972159242531,-4.924763506985287,-0.0018346369852872968,0.0018346369852872968
beta-TiV,400,27,beta-TiV__400,0,-4.92292887,-4.622088334833971,-0.2070171977636012,-0.0938233374024276,100.0,10000.0,-0.09555171110019793,-4.92465724369777,-0.0017283736977704578,0.0017283736977704578
beta-TiV,400,28,beta-TiV__400,0,-4.92292887,-4.62225074322101,-0.2070171977636012,-0.0936609290153883,100.0,10000.0,-0.09569196405679282,-4.924959905041405,-0.002031035041405005,0.002031035041405005
beta-TiV,400,29,beta-TiV__400,0,-4.92292887,-4.621955015925461,-0.2070171977636012,-0.0939566563109378,100.0,10000.0,-0.09750404929844303,-4.926476262987506,-0.0035473929875058374,0.0035473929875058374
beta-TiV,400,30,beta-TiV__400,0,-4.92292887,-4.6222404596011115,-0.2070171977636012,-0.093671212635287,100.0,10000.0,-0.09649417581917576,-4.925751833183889,-0.0028229631838891933,0.0028229631838891933
beta-TiV,400,31,beta-TiV__400,0,-4.92292887,-4.621930191488558,-0.2070171977636012,-0.0939814807478403,100.0,10000.0,-0.09787704799186574,-4.926824437244026,-0.0038955672440259548,0.0038955672440259548
beta-TiV,400,32,beta-TiV__400,0,-4.92292887,-4.622209629869589,-0.2070171977636012,-0.0937020423668094,100.0,10000.0,-0.09617918875279284,-4.925406016385984,-0.0024771463859840637,0.0024771463859840637
beta-TiV,400,33,beta-TiV__400,0,-4.92292887,-4.622207658684489,-0.2070171977636012,-0.0937040135519098,100.0,10000.0,-0.09580641304839392,-4.925031269496484,-0.0021023994964846082,0.0021023994964846082
beta-TiV,400,34,beta-TiV__400,0,-4.92292887,-4.622150006836777,-0.2070171977636012,-0.0937616653996216,100.0,10000.0,-0.09661785666200826,-4.925785061262387,-0.002856191262386787,0.002856191262386787
beta-TiV,400,35,beta-TiV__400,0,-4.92292887,-4.622262571475434,-0.2070171977636012,-0.0936491007609643,100.0,10000.0,-0.09563429819569931,-4.924914067434735,-0.001985197434735575,0.001985197434735575
beta-TiV,400,36,beta-TiV__400,0,-4.92292887,-4.622065863664194,-0.2070171977636012,-0.0938458085722049,100.0,10000.0,-0.09608452464624426,-4.925167586074039,-0.0022387160740393597,0.0022387160740393597
beta-TiV,400,37,beta-TiV__400,0,-4.92292887,-4.6220021845641215,-0.2070171977636012,-0.093909487672277,100.0,10000.0,-0.09563309160715557,-4.924652473934879,-0.0017236039348791365,0.0017236039348791365
beta-TiV,400,38,beta-TiV__400,0,-4.92292887,-4.622532264297722,-0.2070171977636012,-0.0933794079386765,100.0,10000.0,-0.09534406950719641,-4.92489353156852,-0.001964661568520043,0.001964661568520043
beta-TiV,400,39,beta-TiV__400,0,-4.92292887,-4.622183043025349,-0.2070171977636012,-0.0937286292110493,100.0,10000.0,-0.09588807222879552,-4.9250883130177465,-0.0021594430177467316,0.0021594430177467316
beta-TiV,400,40,beta-TiV__400,0,-4.92292887,-4.6218855537856225,-0.2070171977636012,-0.094026118450776,100.0,10000.0,-0.09695032953153339,-4.925853081080757,-0.002924211080757466,0.002924211080757466
beta-TiV,400,41,beta-TiV__400,0,-4.92292887,-4.6223046843338365,-0.2070171977636012,-0.0936069879025621,100.0,10000.0,-0.09680887643430244,-4.92613075853174,-0.0032018885317404155,0.0032018885317404155
beta-TiV,400,42,beta-TiV__400,0,-4.92292887,-4.622041641261275,-0.2070171977636012,-0.0938700309751239,100.0,10000.0,-0.09561657667402948,-4.924675415698905,-0.0017465456989054218,0.0017465456989054218
beta-TiV,400,43,beta-TiV__400,0,-4.92292887,-4.622124963316535,-0.2070171977636012,-0.0937867089198632,100.0,10000.0,-0.09525807797295294,-4.92440023905309,-0.001471369053089866,0.001471369053089866
beta-TiV,400,44,beta-TiV__400,0,-4.92292887,-4.622072822299847,-0.2070171977636012,-0.0938388499365515,100.0,10000.0,-0.0951526280339597,-4.924242648097408,-0.0013137780974084023,0.0013137780974084023
beta-TiV,400,45,beta-TiV__400,0,-4.92292887,-4.622011399227287,-0.2070171977636012,-0.0939002730091112,100.0,10000.0,-0.09462978071629471,-4.923658377707183,-0.0007295077071836076,0.0007295077071836076
beta-TiV,400,46,beta-TiV__400,0,-4.92292887,-4.622065578504942,-0.2070171977636012,-0.0938460937314567,100.0,10000.0,-0.09481593133755298,-4.923898707606097,-0.0009698376060969238,0.0009698376060969238
beta-TiV,400,47,beta-TiV__400,0,-4.92292887,-4.622129796335575,-0.2070171977636012,-0.0937818759008231,100.0,10000.0,-0.09622725963952551,-4.925374253738703,-0.0024453837387028443,0.0024453837387028443
beta-TiV,400,48,beta-TiV__400,0,-4.92292887,-4.622265576598969,-0.2070171977636012,-0.0936460956374294,100.0,10000.0,-0.09591663100884086,-4.925199405371411,-0.0022705353714114196,0.0022705353714114196
beta-TiV,400,49,beta-TiV__400,0,-4.92292887,-4.622080370810906,-0.2070171977636012,-0.0938313014254926,100.0,10000.0,-0.09539234373648009,-4.924489912310987,-0.001561042310987304,0.001561042310987304
beta-TiV,400,50,beta-TiV__400,0,-4.92292887,-4.622125174228787,-0.2070171977636012,-0.0937864980076111,100.0,10000.0,-0.09608464401501897,-4.925227016007408,-0.002298146007408519,0.002298146007408519
beta-TiV,400,51,beta-TiV__400,0,-4.92292887,-4.622384989010845,-0.2070171977636012,-0.0935266832255535,100.0,10000.0,-0.09624722359810153,-4.925649410372548,-0.002720540372548541,0.002720540372548541
beta-TiV,400,52,beta-TiV__400,0,-4.92292887,-4.6217739601713435,-0.2070171977636012,-0.0941377120650551,100.0,10000.0,-0.09567597898039892,-4.924467136915344,-0.0015382669153440887,0.0015382669153440887
beta-TiV,400,53,beta-TiV__400,0,-4.92292887,-4.621941037844675,-0.2070171977636012,-0.0939706343917239,100.0,10000.0,-0.0956934871069073,-4.924651722715184,-0.001722852715183798,0.001722852715183798
beta-TiV,400,54,beta-TiV__400,0,-4.92292887,-4.622326757917374,-0.2070171977636012,-0.0935849143190242,100.0,10000.0,-0.09712024674297168,-4.926464202423947,-0.003535332423947324,0.003535332423947324
beta-TiV,400,55,beta-TiV__400,0,-4.92292887,-4.622109952074265,-0.2070171977636012,-0.0938017201621337,100.0,10000.0,-0.09609405782668384,-4.92522120766455,-0.0022923376645502813,0.0022923376645502813
beta-TiV,400,56,beta-TiV__400,0,-4.92292887,-4.622288305101246,-0.2070171977636012,-0.0936233671351527,100.0,10000.0,-0.09558876587875444,-4.924894268743602,-0.0019653987436019094,0.0019653987436019094
beta-TiV,400,57,beta-TiV__400,0,-4.92292887,-4.622071704785824,-0.2070171977636012,-0.0938399674505741,100.0,10000.0,-0.09585753590461152,-4.924946438454038,-0.002017568454037999,0.002017568454037999
beta-TiV,400,58,beta-TiV__400,0,-4.92292887,-4.622423711877076,-0.2070171977636012,-0.0934879603593226,100.0,10000.0,-0.09517839683554245,-4.92461930647622,-0.0016904364762204693,0.0016904364762204693
beta-TiV,400,59,beta-TiV__400,0,-4.92292887,-4.622206051310724,-0.2070171977636012,-0.0937056209256746,100.0,10000.0,-0.09651828277754833,-4.925741531851874,-0.002812661851874232,0.002812661851874232
beta-TiV,400,60,beta-TiV__400,0,-4.92292887,-4.62213769201998,-0.2070171977636012,-0.0937739802164182,100.0,10000.0,-0.09697312643766261,-4.926128016221244,-0.0031991462212443977,0.0031991462212443977
beta-TiV,400,61,beta-TiV__400,0,-4.92292887,-4.62241060761159,-0.2070171977636012,-0.0935010646248087,100.0,10000.0,-0.09670411210127212,-4.9261319174764635,-0.0032030474764637162,0.0032030474764637162
beta-TiV,400,62,beta-TiV__400,0,-4.92292887,-4.622053428072496,-0.2070171977636012,-0.0938582441639027,100.0,10000.0,-0.09655214434637974,-4.9256227701824775,-0.0026939001824777264,0.0026939001824777264
beta-TiV,400,63,beta-TiV__400,0,-4.92292887,-4.62210401644261,-0.2070171977636012,-0.0938076557937884,100.0,10000.0,-0.09619007223746141,-4.925311286443673,-0.0023824164436732076,0.0023824164436732076
beta-TiV,400,64,beta-TiV__400,0,-4.92292887,-4.622265691379661,-0.2070171977636012,-0.0936459808567378,100.0,10000.0,-0.09569362621833437,-4.924976515361597,-0.0020476453615971835,0.0020476453615971835
beta-TiV,400,65,beta-TiV__400,0,-4.92292887,-4.622135432448667,-0.2070171977636012,-0.0937762397877313,100.0,10000.0,-0.09604803183035403,-4.925200662042623,-0.0022717920426229554,0.0022717920426229554
beta-TiV,400,66,beta-TiV__400,0,-4.92292887,-4.621970883573746,-0.2070171977636012,-0.0939407886626527,100.0,10000.0,-0.096958850139192,-4.925946931476539,-0.00301806147653938,0.00301806147653938
beta-TiV,400,67,beta-TiV__400,0,-4.92292887,-4.62223964940956,-0.2070171977636012,-0.0936720228268382,100.0,10000.0,-0.09688333863604263,-4.926140185809205,-0.003211315809204862,0.003211315809204862
beta-TiV,400,68,beta-TiV__400,0,-4.92292887,-4.622344944451774,-0.2070171977636012,-0.0935667277846248,100.0,10000.0,-0.09581891039617824,-4.925181052611554,-0.002252182611553799,0.002252182611553799
beta-TiV,400,69,beta-TiV__400,0,-4.92292887,-4.622159188564113,-0.2070171977636012,-0.0937524836722858,100.0,10000.0,-0.09643957272564598,-4.92561595905336,-0.0026870890533601255,0.0026870890533601255
beta-TiV,400,70,beta-TiV__400,0,-4.92292887,-4.622221628939243,-0.2070171977636012,-0.0936900432971559,100.0,10000.0,-0.09646455573953651,-4.92570338244238,-0.0027745124423805834,0.0027745124423805834
beta-TiV,400,71,beta-TiV__400,0,-4.92292887,-4.622225591663381,-0.2070171977636012,-0.0936860805730178,100.0,10000.0,-0.09504089726488488,-4.924283686691867,-0.0013548166918671,0.0013548166918671
beta-TiV,400,72,beta-TiV__400,0,-4.92292887,-4.622178386266354,-0.2070171977636012,-0.0937332859700446,100.0,10000.0,-0.09550394218719721,-4.924699526217153,-0.0017706562171531104,0.0017706562171531104
beta-TiV,400,73,beta-TiV__400,0,-4.92292887,-4.622411702522792,-0.2070171977636012,-0.0934999697136061,100.0,10000.0,-0.0958405912016793,-4.9252694914880735,-0.0023406214880736798,0.0023406214880736798
beta-TiV,400,74,beta-TiV__400,0,-4.92292887,-4.622320355057714,-0.2070171977636012,-0.0935913171786844,100.0,10000.0,-0.09595518836228441,-4.9252927411836,-0.0023638711835998194,0.0023638711835998194
beta-TiV,400,75,beta-TiV__400,0,-4.92292887,-4.622295304142493,-0.2070171977636012,-0.0936163680939057,100.0,10000.0,-0.09625226249582426,-4.925564764401918,-0.0026358944019184705,0.0026358944019184705
beta-TiV,400,76,beta-TiV__400,0,-4.92292887,-4.62222756207625,-0.2070171977636012,-0.0936841101601484,100.0,10000.0,-0.09628315069074322,-4.925527910530595,-0.0025990405305948983,0.0025990405305948983
beta-TiV,400,77,beta-TiV__400,0,-4.92292887,-4.6224087145273645,-0.2070171977636012,-0.0935029577090341,100.0,10000.0,-0.09415384899570943,-4.923579761286676,-0.0006508912866758365,0.0006508912866758365
beta-TiV,400,78,beta-TiV__400,0,-4.92292887,-4.6221540031752175,-0.2070171977636012,-0.093757669061181,100.0,10000.0,-0.09467101583859275,-4.923842216777412,-0.0009133467774118387,0.0009133467774118387
beta-TiV,400,79,beta-TiV__400,0,-4.92292887,-4.622172916708946,-0.2070171977636012,-0.0937387555274525,100.0,10000.0,-0.09624084055029408,-4.925430955022842,-0.0025020850228418823,0.0025020850228418823
beta-TiV,400,80,beta-TiV__400,0,-4.92292887,-4.622029451833321,-0.2070171977636012,-0.0938822204030772,100.0,10000.0,-0.09625185056644632,-4.925298500163369,-0.0023696301633693295,0.0023696301633693295
beta-TiV,400,81,beta-TiV__400,0,-4.92292887,-4.62188767275293,-0.2070171977636012,-0.0940239994834686,100.0,10000.0,-0.09719649076856826,-4.9261013612851,-0.0031724912850998876,0.0031724912850998876
beta-TiV,400,82,beta-TiV__400,0,-4.92292887,-4.622048893718388,-0.2070171977636012,-0.0938627785180108,100.0,10000.0,-0.0967828600098411,-4.92584895149183,-0.0029200814918306506,0.0029200814918306506
beta-TiV,400,83,beta-TiV__400,0,-4.92292887,-4.6219883048230415,-0.2070171977636012,-0.0939233674133571,100.0,10000.0,-0.09629539633351489,-4.925300898920158,-0.002372028920158087,0.002372028920158087
beta-TiV,400,84,beta-TiV__400,0,-4.92292887,-4.622107378312981,-0.2070171977636012,-0.0938042939234178,100.0,10000.0,-0.09622289918005339,-4.925347475256635,-0.0024186052566355087,0.0024186052566355087
beta-TiV,400,85,beta-TiV__400,0,-4.92292887,-4.622057931801303,-0.2070171977636012,-0.0938537404350959,100.0,10000.0,-0.0954317120121126,-4.924506841577017,-0.0015779715770172231,0.0015779715770172231
beta-TiV,400,86,beta-TiV__400,0,-4.92292887,-4.621956241646369,-0.2070171977636012,-0.0939554305900299,100.0,10000.0,-0.09683230831952774,-4.925805747729498,-0.002876877729498517,0.002876877729498517
beta-TiV,400,87,beta-TiV__400,0,-4.92292887,-4.622246155643423,-0.2070171977636012,-0.0936655165929754,100.0,10000.0,-0.09539800336370831,-4.924661356770733,-0.0017324867707335656,0.0017324867707335656
beta-TiV,400,88,beta-TiV__400,0,-4.92292887,-4.622240307751071,-0.2070171977636012,-0.0936713644853271,100.0,10000.0,-0.09608488401730839,-4.9253423895319814,-0.002413519531981656,0.002413519531981656
beta-TiV,400,89,beta-TiV__400,0,-4.92292887,-4.622178813991246,-0.2070171977636012,-0.0937328582451527,100.0,10000.0,-0.09603045972874284,-4.92522647148359,-0.0022976014835904834,0.0022976014835904834
beta-TiV,400,90,beta-TiV__400,0,-4.92292887,-4.622224469187339,-0.2070171977636012,-0.0936872030490597,100.0,10000.0,-0.09618541158407294,-4.925427078535013,-0.0024982085350133687,0.0024982085350133687
beta-TiV,400,91,beta-TiV__400,0,-4.92292887,-4.62207831393944,-0.2070171977636012,-0.0938333582969586,100.0,10000.0,-0.09485707659717152,-4.923952588300213,-0.0010237183002130834,0.0010237183002130834
beta-TiV,400,92,beta-TiV__400,0,-4.92292887,-4.621940273179317,-0.2070171977636012,-0.0939713990570816,100.0,10000.0,-0.09617282460173977,-4.925130295544658,-0.0022014255446585196,0.0022014255446585196
beta-TiV,400,93,beta-TiV__400,0,-4.92292887,-4.622224554728457,-0.2070171977636012,-0.0936871175079415,100.0,10000.0,-0.09567142020003346,-4.924913172692092,-0.0019843026920920437,0.0019843026920920437
beta-TiV,400,94,beta-TiV__400,0,-4.92292887,-4.622236871532668,-0.2070171977636012,-0.0936748007037303,100.0,10000.0,-0.09667328128121554,-4.925927350577485,-0.0029984805774851964,0.0029984805774851964
beta-TiV,400,95,beta-TiV__400,0,-4.92292887,-4.622188687747114,-0.2070171977636012,-0.0937229844892846,100.0,10000.0,-0.09662582121305882,-4.925831706723774,-0.002902836723774449,0.002902836723774449
beta-TiV,400,96,beta-TiV__400,0,-4.92292887,-4.622486837395285,-0.2070171977636012,-0.0934248348411135,100.0,10000.0,-0.09569446378127318,-4.925198498940159,-0.002269628940159585,0.002269628940159585
beta-TiV,400,97,beta-TiV__400,0,-4.92292887,-4.622141204582146,-0.2070171977636012,-0.0937704676542526,100.0,10000.0,-0.09624932607789576,-4.925407728423643,-0.00247885842364326,0.00247885842364326
beta-TiV,400,98,beta-TiV__400,0,-4.92292887,-4.621832809737706,-0.2070171977636012,-0.0940788624986928,100.0,10000.0,-0.09633478564271328,-4.9251847931440205,-0.0022559231440206773,0.0022559231440206773
beta-TiV,400,99,beta-TiV__400,0,-4.92292887,-4.622318582825339,-0.2070171977636012,-0.0935930894110595,100.0,10000.0,-0.09560284331186324,-4.924938623900804,-0.0020097539008041565,0.0020097539008041565
beta-TiV,500,0,beta-TiV__500,2,-4.96463792,-4.565045083818426,-0.2070171977636012,-0.1925756384179727,200.0,40000.0,-0.19264859732171905,-4.964710878903747,-7.295890374692249e-05,7.295890374692249e-05
beta-TiV,500,1,beta-TiV__500,2,-4.96463792,-4.5647267957004445,-0.2070171977636012,-0.1928939265359546,200.0,40000.0,-0.19270752088000132,-4.964451514344047,0.00018640565595351433,0.00018640565595351433
beta-TiV,500,2,beta-TiV__500,2,-4.96463792,-4.564810373293133,-0.2070171977636012,-0.1928103489432662,200.0,40000.0,-0.19236319187531617,-4.96419076293205,0.0004471570679500658,0.0004471570679500658
beta-TiV,500,3,beta-TiV__500,2,-4.96463792,-4.56468588520004,-0.2070171977636012,-0.1929348370363588,200.0,40000.0,-0.19301400077777667,-4.9647170837414185,-7.916374141814231e-05,7.916374141814231e-05
beta-TiV,500,4,beta-TiV__500,2,-4.96463792,-4.564964823422108,-0.2070171977636012,-0.192655898814291,200.0,40000.0,-0.19237275915162122,-4.964354780337331,0.00028313966266946267,0.00028313966266946267
beta-TiV,500,5,beta-TiV__500,2,-4.96463792,-4.564890650902736,-0.2070171977636012,-0.1927300713336628,200.0,40000.0,-0.19256448318509545,-4.964472331851433,0.00016558814856715287,0.00016558814856715287
beta-TiV,500,6,beta-TiV__500,2,-4.96463792,-4.564806196011022,-0.2070171977636012,-0.1928145262253767,200.0,40000.0,-0.1929081318465072,-4.964731525621131,-9.360562113069903e-05,9.360562113069903e-05
beta-TiV,500,7,beta-TiV__500,2,-4.96463792,-4.565065446252171,-0.2070171977636012,-0.1925552759842282,200.0,40000.0,-0.19295331043811537,-4.965035954453888,-0.0003980344538874192,0.0003980344538874192
beta-TiV,500,8,beta-TiV__500,2,-4.96463792,-4.564559407559592,-0.2070171977636012,-0.1930613146768068,200.0,40000.0,-0.1928269077346761,-4.96440351305787,0.00023440694213050506,0.00023440694213050506
beta-TiV,500,9,beta-TiV__500,2,-4.96463792,-4.564847769606399,-0.2070171977636012,-0.1927729526299997,200.0,40000.0,-0.1926993141913294,-4.96456428156133,7.363843867036479e-05,7.363843867036479e-05
beta-TiV,500,10,beta-TiV__500,2,-4.96463792,-4.564664922222428,-0.2070171977636012,-0.1929558000139713,200.0,40000.0,-0.1929900556266729,-4.964672175612702,-3.4255612701983296e-05,3.4255612701983296e-05
beta-TiV,500,11,beta-TiV__500,2,-4.96463792,-4.564731310873807,-0.2070171977636012,-0.1928894113625923,200.0,40000.0,-0.19234126426177195,-4.964089772899181,0.0005481471008197403,0.0005481471008197403
beta-TiV,500,12,beta-TiV__500,2,-4.96463792,-4.565156478865197,-0.2070171977636012,-0.1924642433712018,200.0,40000.0,-0.192822403838509,-4.964996080467308,-0.0003581604673073002,0.0003581604673073002
beta-TiV,500,13,beta-TiV__500,2,-4.96463792,-4.565024919044134,-0.2070171977636012,-0.1925958031922648,200.0,40000.0,-0.19272199621382408,-4.96476411302156,-0.0001261930215594731,0.0001261930215594731
beta-TiV,500,14,beta-TiV__500,2,-4.96463792,-4.564674375708722,-0.2070171977636012,-0.1929463465276771,200.0,40000.0,-0.19301137929391604,-4.964702952766239,-6.503276623881504e-05,6.503276623881504e-05
beta-TiV,500,15,beta-TiV__500,2,-4.96463792,-4.565031814089682,-0.2070171977636012,-0.1925889081467169,200.0,40000.0,-0.19232317794840495,-4.964372189801689,0.0002657301983113314,0.0002657301983113314
beta-TiV,500,16,beta-TiV__500,2,-4.96463792,-4.564840796881162,-0.2070171977636012,-0.1927799253552369,200.0,40000.0,-0.1938316269316853,-4.965689621576449,-0.001051701576448849,0.001051701576448849
beta-TiV,500,17,beta-TiV__500,2,-4.96463792,-4.565012151931237,-0.2070171977636012,-0.1926085703051623,200.0,40000.0,-0.1920312682245283,-4.964060617919366,0.0005773020806341123,0.0005773020806341123
beta-TiV,500,18,beta-TiV__500,2,-4.96463792,-4.565091177346398,-0.2070171977636012,-0.1925295448900013,200.0,40000.0,-0.1928506625542503,-4.96495903766425,-0.00032111766424947064,0.00032111766424947064
beta-TiV,500,19,beta-TiV__500,2,-4.96463792,-4.5644975000695185,-0.2070171977636012,-0.1931232221668806,200.0,40000.0,-0.19307696254677817,-4.964591660379898,4.625962010251783e-05,4.625962010251783e-05
beta-TiV,500,20,beta-TiV__500,2,-4.96463792,-4.565387957917808,-0.2070171977636012,-0.1922327643185915,200.0,40000.0,-0.192506942930502,-4.9649120986119115,-0.0002741786119111467,0.0002741786119111467
beta-TiV,500,21,beta-TiV__500,2,-4.96463792,-4.5647972090973505,-0.2070171977636012,-0.1928235131390486,200.0,40000.0,-0.19266208963859857,-4.96447649649955,0.00016142350045011966,0.00016142350045011966
beta-TiV,500,22,beta-TiV__500,2,-4.96463792,-4.564634833655101,-0.2070171977636012,-0.1929858885812979,200.0,40000.0,-0.19281935160217115,-4.964471383020874,0.00016653697912616394,0.00016653697912616394
beta-TiV,500,23,beta-TiV__500,2,-4.96463792,-4.564563687444259,-0.2070171977636012,-0.1930570347921397,200.0,40000.0,-0.1931081906163539,-4.964689075824215,-5.115582421488796e-05,5.115582421488796e-05
beta-TiV,500,24,beta-TiV__500,2,-4.96463792,-4.565182856334937,-0.2070171977636012,-0.1924378659014619,200.0,40000.0,-0.19151828658183548,-4.963718340680375,0.0009195793196257185,0.0009195793196257185
beta-TiV,500,25,beta-TiV__500,2,-4.96463792,-4.564979478421949,-0.2070171977636012,-0.1926412438144498,200.0,40000.0,-0.19358603238728755,-4.965582708572838,-0.0009447885728377514,0.0009447885728377514
beta-TiV,500,26,beta-TiV__500,2,-4.96463792,-4.565091449760984,-0.2070171977636012,-0.1925292724754153,200.0,40000.0,-0.19190126315268308,-4.964009910677269,0.0006280093227317707,0.0006280093227317707
beta-TiV,500,27,beta-TiV__500,2,-4.96463792,-4.565134783929128,-0.2070171977636012,-0.1924859383072708,200.0,40000.0,-0.19244481670164784,-4.9645967983943775,4.112160562286249e-05,4.112160562286249e-05
beta-TiV,500,28,beta-TiV__500,2,-4.96463792,-4.564765217585616,-0.2070171977636012,-0.1928555046507834,200.0,40000.0,-0.1934579573783815,-4.965240372727599,-0.0006024527275982905,0.0006024527275982905
beta-TiV,500,29,beta-TiV__500,2,-4.96463792,-4.564697615870534,-0.2070171977636012,-0.1929231063658652,200.0,40000.0,-0.19262292135168535,-4.964337734985821,0.00030018501417927723,0.00030018501417927723
beta-TiV,500,30,beta-TiV__500,2,-4.96463792,-4.564826420247018,-0.2070171977636012,-0.1927943019893814,200.0,40000.0,-0.1931253223743343,-4.964968940384954,-0.00033102038495336217,0.00033102038495336217
beta-TiV,500,31,beta-TiV__500,2,-4.96463792,-4.565050970853869,-0.2070171977636012,-0.1925697513825304,200.0,40000.0,-0.1936967518463903,-4.965764920463861,-0.0011270004638603837,0.0011270004638603837
beta-TiV,500,32,beta-TiV__500,2,-4.96463792,-4.564967123808027,-0.2070171977636012,-0.1926535984283719,200.0,40000.0,-0.19212292344848358,-4.964107245020112,0.0005306749798883459,0.0005306749798883459
beta-TiV,500,33,beta-TiV__500,2,-4.96463792,-4.565132678546984,-0.2070171977636012,-0.192488043689415,200.0,40000.0,-0.19288210766095784,-4.965031983971543,-0.0003940639715427352,0.0003940639715427352
beta-TiV,500,34,beta-TiV__500,2,-4.96463792,-4.564878045082053,-0.2070171977636012,-0.1927426771543461,200.0,40000.0,-0.19234919797288555,-4.96424444081854,0.0003934791814605987,0.0003934791814605987
beta-TiV,500,35,beta-TiV__500,2,-4.96463792,-4.564653302145943,-0.2070171977636012,-0.1929674200904563,200.0,40000.0,-0.1928532271734374,-4.964523727082982,0.00011419291701830758,0.00011419291701830758
beta-TiV,500,36,beta-TiV__500,2,-4.96463792,-4.564828348215236,-0.2070171977636012,-0.1927923740211635,200.0,40000.0,-0.19342147253427328,-4.96526701851311,-0.0006290985131096605,0.0006290985131096605
beta-TiV,500,37,beta-TiV__500,2,-4.96463792,-4.564607639920413,-0.2070171977636012,-0.1930130823159859,200.0,40000.0,-0.1919854228190842,-4.963610260503099,0.001027659496901201,0.001027659496901201
beta-TiV,500,38,beta-TiV__500,2,-4.96463792,-4.565237088959157,-0.2070171977636012,-0.192383633277242,200.0,40000.0,-0.1932033633661423,-4.965457650088901,-0.00081973008890035,0.00081973008890035
beta-TiV,500,39,beta-TiV__500,2,-4.96463792,-4.565021067093864,-0.2070171977636012,-0.1925996551425355,200.0,40000.0,-0.19308043371783415,-4.965118698575299,-0.00048077857529893464,0.00048077857529893464
beta-TiV,500,40,beta-TiV__500,2,-4.96463792,-4.5647259077683575,-0.2070171977636012,-0.1928948144680416,200.0,40000.0,-0.19151857926750093,-4.96326168479946,0.001376235200540421,0.001376235200540421
beta-TiV,500,41,beta-TiV__500,2,-4.96463792,-4.56495391405589,-0.2070171977636012,-0.1926668081805094,200.0,40000.0,-0.19314350562651753,-4.965114617446009,-0.0004766974460084228,0.0004766974460084228
beta-TiV,500,42,beta-TiV__500,2,-4.96463792,-4.5645798632783166,-0.2070171977636012,-0.1930408589580826,200.0,40000.0,-0.19286931577034408,-4.964466376812262,0.0001715431877382656,0.0001715431877382656
beta-TiV,500,43,beta-TiV__500,2,-4.96463792,-4.565008638774497,-0.2070171977636012,-0.1926120834619021,200.0,40000.0,-0.19307287852231403,-4.965098715060413,-0.00046079506041252216,0.00046079506041252216
beta-TiV,500,44,beta-TiV__500,2,-4.96463792,-4.564597703241066,-0.2070171977636012,-0.1930230189953328,200.0,40000.0,-0.19432572311640683,-4.965940624121075,-0.0013027041210742496,0.0013027041210742496
beta-TiV,500,45,beta-TiV__500,2,-4.96463792,-4.564936136651883,-0.2070171977636012,-0.1926845855845161,200.0,40000.0,-0.19273792900686768,-4.964691263422353,-5.334342235219225e-05,5.334342235219225e-05
beta-TiV,500,46,beta-TiV__500,2,-4.96463792,-4.565064822392408,-0.2070171977636012,-0.1925558998439911,200.0,40000.0,-0.19243604064249767,-4.9645180607985075,0.00011985920149282236,0.00011985920149282236
beta-TiV,500,47,beta-TiV__500,2,-4.96463792,-4.565099080263713,-0.2070171977636012,-0.1925216419726861,200.0,40000.0,-0.1918686173075781,-4.963984895334892,0.0006530246651079707,0.0006530246651079707
beta-TiV,500,48,beta-TiV__500,2,-4.96463792,-4.565021193027814,-0.2070171977636012,-0.1925995292085852,200.0,40000.0,-0.19341900930590805,-4.965457400097323,-0.000819480097322689,0.000819480097322689
beta-TiV,500,49,beta-TiV__500,2,-4.96463792,-4.565176105137141,-0.2070171977636012,-0.1924446170992582,200.0,40000.0,-0.19169611161928846,-4.963889414520031,0.00074850547996963,0.00074850547996963
beta-TiV,500,50,beta-TiV__500,2,-4.96463792,-4.564979745886122,-0.2070171977636012,-0.1926409763502772,200.0,40000.0,-0.19198023220384683,-4.96397717585357,0.0006607441464305808,0.0006607441464305808
beta-TiV,500,51,beta-TiV__500,2,-4.96463792,-4.564939143868294,-0.2070171977636012,-0.1926815783681051,200.0,40000.0,-0.19426981498408472,-4.96622615661598,-0.0015882366159800654,0.0015882366159800654
beta-TiV,500,52,beta-TiV__500,2,-4.96463792,-4.565287762005518,-0.2070171977636012,-0.1923329602308812,200.0,40000.0,-0.1921129460985586,-4.964417905867678,0.00022001413232253242,0.00022001413232253242
beta-TiV,500,53,beta-TiV__500,2,-4.96463792,-4.565050598688483,-0.2070171977636012,-0.192570123547916,200.0,40000.0,-0.19274317496963517,-4.96481097142172,-0.0001730514217195278,0.0001730514217195278
beta-TiV,500,54,beta-TiV__500,2,-4.96463792,-4.565018611925603,-0.2070171977636012,-0.1926021103107962,200.0,40000.0,-0.19237317882596267,-4.964408988515167,0.0002289314848331614,0.0002289314848331614
beta-TiV,500,55,beta-TiV__500,2,-4.96463792,-4.564928653761615,-0.2070171977636012,-0.1926920684747844,200.0,40000.0,-0.19209427685226296,-4.964040128377479,0.0005977916225212709,0.0005977916225212709
beta-TiV,500,56,beta-TiV__500,2,-4.96463792,-4.564990712888374,-0.2070171977636012,-0.1926300093480251,200.0,40000.0,-0.19264451555519269,-4.964652426207168,-1.4506207167919172e-05,1.4506207167919172e-05
beta-TiV,500,57,beta-TiV__500,2,-4.96463792,-4.564614116056455,-0.2070171977636012,-0.1930066061799443,200.0,40000.0,-0.19273551620498974,-4.964366830025046,0.0002710899749542861,0.0002710899749542861
beta-TiV,500,58,beta-TiV__500,2,-4.96463792,-4.5652486675545205,-0.2070171977636012,-0.1923720546818786,200.0,40000.0,-0.1932118030021289,-4.965477668320251,-0.0008397483202502443,0.0008397483202502443
beta-TiV,500,59,beta-TiV__500,2,-4.96463792,-4.5649159245091315,-0.2070171977636012,-0.1927047977272676,200.0,40000.0,-0.19217223167458325,-4.964105353947316,0.00053256605268448,0.00053256605268448
beta-TiV,500,60,beta-TiV__500,2,-4.96463792,-4.564920033527815,-0.2070171977636012,-0.1927006887085841,200.0,40000.0,-0.19290053924438538,-4.9648377705358016,-0.00019985053580118262,0.00019985053580118262
beta-TiV,500,61,beta-TiV__500,2,-4.96463792,-4.564536542014576,-0.2070171977636012,-0.1930841802218233,200.0,40000.0,-0.1938129124765784,-4.9653666522547555,-0.0007287322547551156,0.0007287322547551156
beta-TiV,500,62,beta-TiV__500,2,-4.96463792,-4.565117414445648,-0.2070171977636012,-0.1925033077907508,200.0,40000.0,-0.19292716333222434,-4.965061775541474,-0.0004238555414737277,0.0004238555414737277
beta-TiV,500,63,beta-TiV__500,2,-4.96463792,-4.565074449363929,-0.2070171977636012,-0.1925462728724699,200.0,40000.0,-0.19306030168722846,-4.965151948814759,-0.0005140288147584826,0.0005140288147584826
beta-TiV,500,64,beta-TiV__500,2,-4.96463792,-4.565178052586265,-0.2070171977636012,-0.1924426696501345,200.0,40000.0,-0.1926641470407269,-4.964859397390593,-0.00022147739059263927,0.00022147739059263927
beta-TiV,500,65,beta-TiV__500,2,-4.96463792,-4.5652868308008605,-0.2070171977636012,-0.1923338914355386,200.0,40000.0,-0.19227261594661837,-4.96457664451108,6.12754889202094e-05,6.12754889202094e-05
beta-TiV,500,66,beta-TiV__500,2,-4.96463792,-4.565053216471273,-0.2070171977636012,-0.1925675057651264,200.0,40000.0,-0.19215505054736734,-4.964225464782242,0.00041245521775845617,0.00041245521775845617
beta-TiV,500,67,beta-TiV__500,2,-4.96463792,-4.565152038385529,-0.2070171977636012,-0.1924686838508703,200.0,40000.0,-0.19231528308065843,-4.964484519229789,0.00015340077021175347,0.00015340077021175347
beta-TiV,500,68,beta-TiV__500,2,-4.96463792,-4.564823620309575,-0.2070171977636012,-0.1927971019268242,200.0,40000.0,-0.19228711709334873,-4.964127935166525,0.0005099848334753077,0.0005099848334753077
beta-TiV,500,69,beta-TiV__500,2,-4.96463792,-4.564542245562638,-0.2070171977636012,-0.193078476673761,200.0,40000.0,-0.19351166263537098,-4.96507110596161,-0.0004331859616097944,0.0004331859616097944
beta-TiV,500,70,beta-TiV__500,2,-4.96463792,-4.565007494370785,-0.2070171977636012,-0.1926132278656143,200.0,40000.0,-0.19230920481615002,-4.964333896950536,0.00030402304946441916,0.00030402304946441916
beta-TiV,500,71,beta-TiV__500,2,-4.96463792,-4.565113533600617,-0.2070171977636012,-0.1925071886357819,200.0,40000.0,-0.19222979067386592,-4.964360522038085,0.00027739796191550425,0.00027739796191550425
beta-TiV,500,72,beta-TiV__500,2,-4.96463792,-4.564786898476376,-0.2070171977636012,-0.1928338237600234,200.0,40000.0,-0.1935046909491332,-4.965308787189111,-0.0006708671891102469,0.0006708671891102469
beta-TiV,500,73,beta-TiV__500,2,-4.96463792,-4.564928960240127,-0.2070171977636012,-0.1926917619962725,200.0,40000.0,-0.19179731633246325,-4.963743474336192,0.0008944456638086962,0.0008944456638086962
beta-TiV,500,74,beta-TiV__500,2,-4.96463792,-4.5651012801402535,-0.2070171977636012,-0.1925194420961456,200.0,40000.0,-0.19272599342250893,-4.964844471326364,-0.00020655132636360207,0.00020655132636360207
beta-TiV,500,75,beta-TiV__500,2,-4.96463792,-4.565065915618614,-0.2070171977636012,-0.1925548066177847,200.0,40000.0,-0.19325962408784741,-4.965342737470063,-0.0007048174700630128,0.0007048174700630128
beta-TiV,500,76,beta-TiV__500,2,-4.96463792,-4.564545129151085,-0.2070171977636012,-0.1930755930853139,200.0,40000.0,-0.1932203751333461,-4.964782702048033,-0.0001447820480322548,0.0001447820480322548
beta-TiV,500,77,beta-TiV__500,2,-4.96463792,-4.565290671409151,-0.2070171977636012,-0.1923300508272485,200.0,40000.0,-0.1921301560837041,-4.964438025256456,0.0001998947435444265,0.0001998947435444265
beta-TiV,500,78,beta-TiV__500,2,-4.96463792,-4.564688569818081,-0.2070171977636012,-0.1929321524183181,200.0,40000.0,-0.1924577121933899,-4.964163479775072,0.0004744402249281521,0.0004744402249281521
beta-TiV,500,79,beta-TiV__500,2,-4.96463792,-4.564667462343776,-0.2070171977636012,-0.1929532598926234,200.0,40000.0,-0.19369413052327297,-4.96537879063065,-0.0007408706306497592,0.0007408706306497592
beta-TiV,500,80,beta-TiV__500,2,-4.96463792,-4.564911286802428,-0.2070171977636012,-0.1927094354339707,200.0,40000.0,-0.192158310089469,-4.964086794655499,0.0005511253445016351,0.0005511253445016351
beta-TiV,500,81,beta-TiV__500,2,-4.96463792,-4.564985288235298,-0.2070171977636012,-0.1926354340011012,200.0,40000.0,-0.19297342726872935,-4.9649759132676285,-0.0003379932676281783,0.0003379932676281783
beta-TiV,500,82,beta-TiV__500,2,-4.96463792,-4.565305813598857,-0.2070171977636012,-0.192314908637542,200.0,40000.0,-0.19159187936204986,-4.963914890724508,0.0007230292754920598,0.0007230292754920598
beta-TiV,500,83,beta-TiV__500,2,-4.96463792,-4.564529943445291,-0.2070171977636012,-0.1930907787911081,200.0,40000.0,-0.19365602632259304,-4.965203167531485,-0.0005652475314850136,0.0005652475314850136
beta-TiV,500,84,beta-TiV__500,2,-4.96463792,-4.564748130430755,-0.2070171977636012,-0.1928725918056442,200.0,40000.0,-0.19363066421293038,-4.965395992407287,-0.0007580724072866474,0.0007580724072866474
beta-TiV,500,85,beta-TiV__500,2,-4.96463792,-4.5646193802508925,-0.2070171977636012,-0.1930013419855066,200.0,40000.0,-0.1938648739985645,-4.965501452013059,-0.0008635320130583324,0.0008635320130583324
beta-TiV,500,86,beta-TiV__500,2,-4.96463792,-4.565231771339027,-0.2070171977636012,-0.192388950897372,200.0,40000.0,-0.19242470942271847,-4.964673678525347,-3.575852534698498e-05,3.575852534698498e-05
beta-TiV,500,87,beta-TiV__500,2,-4.96463792,-4.564739745374504,-0.2070171977636012,-0.1928809768618953,200.0,40000.0,-0.1928801953969683,-4.964637138535074,7.814649265469598e-07,7.814649265469598e-07
beta-TiV,500,88,beta-TiV__500,2,-4.96463792,-4.565283101221056,-0.2070171977636012,-0.1923376210153427,200.0,40000.0,-0.1928495741972706,-4.965149873181929,-0.0005119531819284262,0.0005119531819284262
beta-TiV,500,89,beta-TiV__500,2,-4.96463792,-4.56493917909309,-0.2070171977636012,-0.1926815431433087,200.0,40000.0,-0.19262192191514524,-4.964578298771837,5.9621228163386775e-05,5.9621228163386775e-05
beta-TiV,500,90,beta-TiV__500,2,-4.96463792,-4.565172452034761,-0.2070171977636012,-0.1924482702016379,200.0,40000.0,-0.19182743979871905,-4.964017089597082,0.000620830402918493,0.000620830402918493
beta-TiV,500,91,beta-TiV__500,2,-4.96463792,-4.56548756116061,-0.2070171977636012,-0.1921331610757895,200.0,40000.0,-0.19216407683703635,-4.964668835761247,-3.0915761247030105e-05,3.0915761247030105e-05
beta-TiV,500,92,beta-TiV__500,2,-4.96463792,-4.56502376352277,-0.2070171977636012,-0.1925969587136287,200.0,40000.0,-0.19286774349598165,-4.964908704782354,-0.00027078478235331715,0.00027078478235331715
beta-TiV,500,93,beta-TiV__500,2,-4.96463792,-4.56476621564015,-0.2070171977636012,-0.1928545065962493,200.0,40000.0,-0.1937356240409732,-4.965519037444724,-0.0008811174447238557,0.0008811174447238557
beta-TiV,500,94,beta-TiV__500,2,-4.96463792,-4.564626845816923,-0.2070171977636012,-0.1929938764194763,200.0,40000.0,-0.19328529628477528,-4.964929339865299,-0.00029141986529879205,0.00029141986529879205
beta-TiV,500,95,beta-TiV__500,2,-4.96463792,-4.565273400893422,-0.2070171977636012,-0.1923473213429772,200.0,40000.0,-0.19273553767043963,-4.965026136327463,-0.0003882163274626649,0.0003882163274626649
beta-TiV,500,96,beta-TiV__500,2,-4.96463792,-4.564879070247681,-0.2070171977636012,-0.1927416519887182,200.0,40000.0,-0.19330371022569945,-4.965199978236982,-0.000562058236981855,0.000562058236981855
beta-TiV,500,97,beta-TiV__500,2,-4.96463792,-4.564616028730179,-0.2070171977636012,-0.19300469350622,200.0,40000.0,-0.19250739061765523,-4.964140617111436,0.0004973028885641995,0.0004973028885641995
beta-TiV,500,98,beta-TiV__500,2,-4.96463792,-4.565240678638801,-0.2070171977636012,-0.1923800435975978,200.0,40000.0,-0.19283077260252438,-4.965088649004927,-0.0004507290049264867,0.0004507290049264867
beta-TiV,500,99,beta-TiV__500,2,-4.96463792,-4.564691267593533,-0.2070171977636012,-0.1929294546428662,200.0,40000.0,-0.19267892813031756,-4.964387393487452,0.0002505265125485323,0.0002505265125485323
beta-TiV,600,0,beta-TiV__600,1,-5.01175502,-4.508535675685898,-0.2070171977636012,-0.296202146550501,300.0,90000.0,-0.29575801826719916,-5.011310891716699,0.0004441282833012039,0.0004441282833012039
beta-TiV,600,1,beta-TiV__600,1,-5.01175502,-4.508411862518235,-0.2070171977636012,-0.2963259597181634,300.0,90000.0,-0.2961314676249742,-5.011560527906811,0.0001944920931888916,0.0001944920931888916
beta-TiV,600,2,beta-TiV__600,1,-5.01175502,-4.509262467083375,-0.2070171977636012,-0.2954753551530234,300.0,90000.0,-0.294685419813311,-5.010965084660287,0.0007899353397124997,0.0007899353397124997
beta-TiV,600,3,beta-TiV__600,1,-5.01175502,-4.508810912656248,-0.2070171977636012,-0.2959269095801507,300.0,90000.0,-0.2953713490107442,-5.0111994594305935,0.0005555605694063104,0.0005555605694063104
beta-TiV,600,4,beta-TiV__600,1,-5.01175502,-4.508865241882101,-0.2070171977636012,-0.2958725803542975,300.0,90000.0,-0.29514365468700493,-5.011026094332707,0.000728925667292657,0.000728925667292657
beta-TiV,600,5,beta-TiV__600,1,-5.01175502,-4.5087368273951975,-0.2070171977636012,-0.296000994841201,300.0,90000.0,-0.29494180162575917,-5.010695826784558,0.0010591932154415673,0.0010591932154415673
beta-TiV,600,6,beta-TiV__600,1,-5.01175502,-4.508928652728184,-0.2070171977636012,-0.2958091695082142,300.0,90000.0,-0.29550262043676245,-5.011448470928548,0.0003065490714515562,0.0003065490714515562
beta-TiV,600,7,beta-TiV__600,1,-5.01175502,-4.508914285954385,-0.2070171977636012,-0.2958235362820132,300.0,90000.0,-0.29504547851785934,-5.010976962235846,0.00077805776415385,0.00077805776415385
beta-TiV,600,8,beta-TiV__600,1,-5.01175502,-4.508880221245482,-0.2070171977636012,-0.2958576009909167,300.0,90000.0,-0.29454473685431626,-5.0104421558634,0.0013128641366000338,0.0013128641366000338
beta-TiV,600,9,beta-TiV__600,1,-5.01175502,-4.509014692190011,-0.2070171977636012,-0.2957231300463879,300.0,90000.0,-0.29538719403839364,-5.011419083992006,0.0003359360079935314,0.0003359360079935314
beta-TiV,600,10,beta-TiV__600,1,-5.01175502,-4.50916156588986,-0.2070171977636012,-0.2955762563465385,300.0,90000.0,-0.29466054928965724,-5.010839312943119,0.0009157070568805992,0.0009157070568805992
beta-TiV,600,11,beta-TiV__600,1,-5.01175502,-4.5090672415926,-0.2070171977636012,-0.2956705806437985,300.0,90000.0,-0.29479393981309804,-5.0108783791692995,0.0008766408307003815,0.0008766408307003815
beta-TiV,600,12,beta-TiV__600,1,-5.01175502,-4.508854769381495,-0.2070171977636012,-0.2958830528549037,300.0,90000.0,-0.29419351634773216,-5.010065483492829,0.0016895365071709634,0.0016895365071709634
beta-TiV,600,13,beta-TiV__600,1,-5.01175502,-4.508588069390913,-0.2070171977636012,-0.2961497528454855,300.0,90000.0,-0.2949254326248142,-5.010530699779329,0.0012243202206709825,0.0012243202206709825
beta-TiV,600,14,beta-TiV__600,1,-5.01175502,-4.509024394983557,-0.2070171977636012,-0.2957134272528415,300.0,90000.0,-0.2949686223464282,-5.011010215093587,0.0007448049064127105,0.0007448049064127105
beta-TiV,600,15,beta-TiV__600,1,-5.01175502,-4.508638240327478,-0.2070171977636012,-0.2960995819089203,300.0,90000.0,-0.2957415139671079,-5.011396952058187,0.0003580679418124788,0.0003580679418124788
beta-TiV,600,16,beta-TiV__600,1,-5.01175502,-4.509172271942214,-0.2070171977636012,-0.2955655502941846,300.0,90000.0,-0.29441241224598075,-5.010601881951796,0.0011531380482034947,0.0011531380482034947
beta-TiV,600,17,beta-TiV__600,1,-5.01175502,-4.508910196659569,-0.2070171977636012,-0.2958276255768298,300.0,90000.0,-0.2942685523610903,-5.01019594678426,0.0015590732157395593,0.0015590732157395593
beta-TiV,600,18,beta-TiV__600,1,-5.01175502,-4.509137737499,-0.2070171977636012,-0.295600084737399,300.0,90000.0,-0.29408301306910306,-5.010237948331704,0.001517071668295955,0.001517071668295955
beta-TiV,600,19,beta-TiV__600,1,-5.01175502,-4.508705745213462,-0.2070171977636012,-0.296032077022937,300.0,90000.0,-0.29528045093483946,-5.011003393911903,0.0007516260880970904,0.0007516260880970904
beta-TiV,600,20,beta-TiV__600,1,-5.01175502,-4.508509577016207,-0.2070171977636012,-0.2962282452201912,300.0,90000.0,-0.29485957805700264,-5.010386352836812,0.0013686671631880643,0.0013686671631880643
beta-TiV,600,21,beta-TiV__600,1,-5.01175502,-4.508462644113943,-0.2070171977636012,-0.2962751781224553,300.0,90000.0,-0.2949328782993087,-5.010412720176854,0.0013422998231460426,0.0013422998231460426
beta-TiV,600,22,beta-TiV__600,1,-5.01175502,-4.5089334267857675,-0.2070171977636012,-0.2958043954506311,300.0,90000.0,-0.29358634547925333,-5.0095369700286225,0.0022180499713773116,0.0022180499713773116
beta-TiV,600,23,beta-TiV__600,1,-5.01175502,-4.5084914713686235,-0.2070171977636012,-0.2962463508677751,300.0,90000.0,-0.2948863189138821,-5.010394988046107,0.0013600319538928929,0.0013600319538928929
beta-TiV,600,24,beta-TiV__600,1,-5.01175502,-4.508649292869717,-0.2070171977636012,-0.2960885293666815,300.0,90000.0,-0.2966184139536005,-5.012284904586919,-0.0005298845869194935,0.0005298845869194935
beta-TiV,600,25,beta-TiV__600,1,-5.01175502,-4.508589263579399,-0.2070171977636012,-0.2961485586569997,300.0,90000.0,-0.29522288971895166,-5.010829351061952,0.0009256689380476857,0.0009256689380476857
beta-TiV,600,26,beta-TiV__600,1,-5.01175502,-4.508861823552306,-0.2070171977636012,-0.2958759986840927,300.0,90000.0,-0.29379229650270433,-5.009671317818611,0.002083702181388425,0.002083702181388425
beta-TiV,600,27,beta-TiV__600,1,-5.01175502,-4.508719897742113,-0.2070171977636012,-0.2960179244942858,300.0,90000.0,-0.2946923742304863,-5.0104294697362,0.0013255502637994354,0.0013255502637994354
beta-TiV,600,28,beta-TiV__600,1,-5.01175502,-4.508904813156615,-0.2070171977636012,-0.2958330090797834,300.0,90000.0,-0.29555160194312263,-5.011473612863339,0.00028140713666058303,0.00028140713666058303
beta-TiV,600,29,beta-TiV__600,1,-5.01175502,-4.508927785936202,-0.2070171977636012,-0.2958100363001963,300.0,90000.0,-0.29558440264624963,-5.011529386346053,0.00022563365394656643,0.00022563365394656643
beta-TiV,600,30,beta-TiV__600,1,-5.01175502,-4.508947406341086,-0.2070171977636012,-0.2957904158953124,300.0,90000.0,-0.29469045588568543,-5.010655059990373,0.0010999600096264217,0.0010999600096264217
beta-TiV,600,31,beta-TiV__600,1,-5.01175502,-4.5086366235108155,-0.2070171977636012,-0.2961011987255831,300.0,90000.0,-0.2945800606100591,-5.010233881884476,0.0015211381155237902,0.0015211381155237902
beta-TiV,600,32,beta-TiV__600,1,-5.01175502,-4.508572851676488,-0.2070171977636012,-0.296164970559911,300.0,90000.0,-0.29615732070883327,-5.011747370148923,7.649851077040637e-06,7.649851077040637e-06
beta-TiV,600,33,beta-TiV__600,1,-5.01175502,-4.509291624779377,-0.2070171977636012,-0.2954461974570218,300.0,90000.0,-0.29431527122486156,-5.01062409376784,0.0011309262321601565,0.0011309262321601565
beta-TiV,600,34,beta-TiV__600,1,-5.01175502,-4.508779252198785,-0.2070171977636012,-0.2959585700376135,300.0,90000.0,-0.2951721677275911,-5.0109686176899775,0.0007864023100223605,0.0007864023100223605
beta-TiV,600,35,beta-TiV__600,1,-5.01175502,-4.508692994758003,-0.2070171977636012,-0.2960448274783956,300.0,90000.0,-0.2950186933887381,-5.010728885910343,0.001026134089657127,0.001026134089657127
beta-TiV,600,36,beta-TiV__600,1,-5.01175502,-4.508370302314854,-0.2070171977636012,-0.2963675199215443,300.0,90000.0,-0.2941002614220898,-5.009487761500545,0.0022672584994545275,0.0022672584994545275
beta-TiV,600,37,beta-TiV__600,1,-5.01175502,-4.508537129597502,-0.2070171977636012,-0.2962006926388965,300.0,90000.0,-0.29524333568190037,-5.010797663043004,0.0009573569569960583,0.0009573569569960583
beta-TiV,600,38,beta-TiV__600,1,-5.01175502,-4.508244775380852,-0.2070171977636012,-0.2964930468555463,300.0,90000.0,-0.2960233255885915,-5.011285298733045,0.00046972126695443706,0.00046972126695443706
beta-TiV,600,39,beta-TiV__600,1,-5.01175502,-4.508694916060302,-0.2070171977636012,-0.296042906176097,300.0,90000.0,-0.29488141807459683,-5.0105935318984995,0.0011614881015002965,0.0011614881015002965
beta-TiV,600,40,beta-TiV__600,1,-5.01175502,-4.508993206041718,-0.2070171977636012,-0.2957446161946804,300.0,90000.0,-0.2949370467948761,-5.010947450600196,0.0008075693998037536,0.0008075693998037536
beta-TiV,600,41,beta-TiV__600,1,-5.01175502,-4.509349797497415,-0.2070171977636012,-0.2953880247389835,300.0,90000.0,-0.2941601491712621,-5.010527144432278,0.0012278755677215258,0.0012278755677215258
beta-TiV,600,42,beta-TiV__600,1,-5.01175502,-4.508690613264003,-0.2070171977636012,-0.2960472089723958,300.0,90000.0,-0.29431790910653366,-5.010025720134138,0.0017292998658620107,0.0017292998658620107
beta-TiV,600,43,beta-TiV__600,1,-5.01175502,-4.50878788402393,-0.2070171977636012,-0.2959499382124682,300.0,90000.0,-0.29363196958069787,-5.00943705136823,0.0023179686317700288,0.0023179686317700288
beta-TiV,600,44,beta-TiV__600,1,-5.01175502,-4.50911015440125,-0.2070171977636012,-0.2956276678351489,300.0,90000.0,-0.2948571100387747,-5.010984462203626,0.0007705577963736943,0.0007705577963736943
beta-TiV,600,45,beta-TiV__600,1,-5.01175502,-4.508877484227618,-0.2070171977636012,-0.2958603380087806,300.0,90000.0,-0.29527702583721754,-5.011171707828437,0.000583312171563044,0.000583312171563044
beta-TiV,600,46,beta-TiV__600,1,-5.01175502,-4.508835042828803,-0.2070171977636012,-0.2959027794075955,300.0,90000.0,-0.2961235431450552,-5.0119757837374594,-0.0002207637374596061,0.0002207637374596061
beta-TiV,600,47,beta-TiV__600,1,-5.01175502,-4.5085907154431135,-0.2070171977636012,-0.2961471067932851,300.0,90000.0,-0.2958291703497421,-5.011437083556457,0.0003179364435430543,0.0003179364435430543
beta-TiV,600,48,beta-TiV__600,1,-5.01175502,-4.509327558117153,-0.2070171977636012,-0.2954102641192453,300.0,90000.0,-0.2934100139023537,-5.009754769783108,0.0020002502168914305,0.0020002502168914305
beta-TiV,600,49,beta-TiV__600,1,-5.01175502,-4.508926093827185,-0.2070171977636012,-0.2958117284092137,300.0,90000.0,-0.2947489765093727,-5.0106922681001596,0.0010627518998402863,0.0010627518998402863
beta-TiV,600,50,beta-TiV__600,1,-5.01175502,-4.508784841158062,-0.2070171977636012,-0.2959529810783368,300.0,90000.0,-0.29431349589480155,-5.010115534816465,0.0016394851835350721,0.0016394851835350721
beta-TiV,600,51,beta-TiV__600,1,-5.01175502,-4.508479365735467,-0.2070171977636012,-0.2962584565009314,300.0,90000.0,-0.2957919264150567,-5.011288489914126,0.00046653008587416167,0.00046653008587416167
beta-TiV,600,52,beta-TiV__600,1,-5.01175502,-4.508897797023226,-0.2070171977636012,-0.2958400252131724,300.0,90000.0,-0.2952017053014422,-5.0111167000882695,0.0006383199117303562,0.0006383199117303562
beta-TiV,600,53,beta-TiV__600,1,-5.01175502,-4.50895886795498,-0.2070171977636012,-0.2957789542814189,300.0,90000.0,-0.2950381988525342,-5.0110142645711155,0.0007407554288842988,0.0007407554288842988
beta-TiV,600,54,beta-TiV__600,1,-5.01175502,-4.5088874811820885,-0.2070171977636012,-0.2958503410543101,300.0,90000.0,-0.2942247666324006,-5.010129445578091,0.0016255744219089152,0.0016255744219089152
beta-TiV,600,55,beta-TiV__600,1,-5.01175502,-4.508744565934349,-0.2070171977636012,-0.2959932563020493,300.0,90000.0,-0.29516165412799067,-5.010923417825941,0.0008316021740588653,0.0008316021740588653
beta-TiV,600,56,beta-TiV__600,1,-5.01175502,-4.508675872970903,-0.2070171977636012,-0.2960619492654957,300.0,90000.0,-0.29584252803480815,-5.011535598769313,0.000219421230687189,0.000219421230687189
beta-TiV,600,57,beta-TiV__600,1,-5.01175502,-4.508661539191032,-0.2070171977636012,-0.2960762830453663,300.0,90000.0,-0.2954402829788202,-5.011119019933454,0.0006360000665459609,0.0006360000665459609
beta-TiV,600,58,beta-TiV__600,1,-5.01175502,-4.508696922492377,-0.2070171977636012,-0.2960408997440214,300.0,90000.0,-0.29536653785021066,-5.01108065810619,0.0006743618938100937,0.0006743618938100937
beta-TiV,600,59,beta-TiV__600,1,-5.01175502,-4.508843522551265,-0.2070171977636012,-0.2958942996851335,300.0,90000.0,-0.29523978586649335,-5.01110050618136,0.0006545138186400123,0.0006545138186400123
beta-TiV,600,60,beta-TiV__600,1,-5.01175502,-4.508873039038338,-0.2070171977636012,-0.2958647831980603,300.0,90000.0,-0.2955190219386028,-5.011409258740542,0.000345761259457511,0.000345761259457511
beta-TiV,600,61,beta-TiV__600,1,-5.01175502,-4.509245612891952,-0.2070171977636012,-0.2954922093444463,300.0,90000.0,-0.2947966071230876,-5.011059417778641,0.000695602221358449,0.000695602221358449
beta-TiV,600,62,beta-TiV__600,1,-5.01175502,-4.50858518806822,-0.2070171977636012,-0.2961526341681789,300.0,90000.0,-0.29507020199993594,-5.010672587831757,0.001082432168242775,0.001082432168242775
beta-TiV,600,63,beta-TiV__600,1,-5.01175502,-4.508951230594451,-0.2070171977636012,-0.2957865916419478,300.0,90000.0,-0.29556282535858264,-5.011531253716635,0.00022376628336484572,0.00022376628336484572
beta-TiV,600,64,beta-TiV__600,1,-5.01175502,-4.5089865117332195,-0.2070171977636012,-0.2957513105031791,300.0,90000.0,-0.2951522839871504,-5.011155993483971,0.0005990265160287223,0.0005990265160287223
beta-TiV,600,65,beta-TiV__600,1,-5.01175502,-4.50885780351084,-0.2070171977636012,-0.2958800187255586,300.0,90000.0,-0.2954458736035426,-5.011320874877984,0.0004341451220160053,0.0004341451220160053
beta-TiV,600,66,beta-TiV__600,1,-5.01175502,-4.509359015894813,-0.2070171977636012,-0.2953788063415852,300.0,90000.0,-0.2940943959133271,-5.010470609571742,0.0012844104282576652,0.0012844104282576652
beta-TiV,600,67,beta-TiV__600,1,-5.01175502,-4.508585513949987,-0.2070171977636012,-0.296152308286412,300.0,90000.0,-0.2937050965870578,-5.009307808300646,0.002447211699354135,0.002447211699354135
beta-TiV,600,68,beta-TiV__600,1,-5.01175502,-4.508996643589806,-0.2070171977636012,-0.2957411786465925,300.0,90000.0,-0.2948819479816476,-5.010895789335056,0.0008592306649441994,0.0008592306649441994
beta-TiV,600,69,beta-TiV__600,1,-5.01175502,-4.508405013420945,-0.2070171977636012,-0.2963328088154536,300.0,90000.0,-0.29619238278117627,-5.011614593965723,0.000140426034277219,0.000140426034277219
beta-TiV,600,70,beta-TiV__600,1,-5.01175502,-4.509256462840685,-0.2070171977636012,-0.295481359395714,300.0,90000.0,-0.2949627833250653,-5.011236443929351,0.0005185760706485354,0.0005185760706485354
beta-TiV,600,71,beta-TiV__600,1,-5.01175502,-4.509027260017669,-0.2070171977636012,-0.2957105622187293,300.0,90000.0,-0.2955245324979893,-5.01156899027926,0.00018602972073988866,0.00018602972073988866
beta-TiV,600,72,beta-TiV__600,1,-5.01175502,-4.50933070476839,-0.2070171977636012,-0.2954071174680089,300.0,90000.0,-0.29419638435237944,-5.010544286884371,0.0012107331156290257,0.0012107331156290257
beta-TiV,600,73,beta-TiV__600,1,-5.01175502,-4.508797767679435,-0.2070171977636012,-0.2959400545569635,300.0,90000.0,-0.29420596542083194,-5.010020930863869,0.0017340891361312671,0.0017340891361312671
beta-TiV,600,74,beta-TiV__600,1,-5.01175502,-4.508848699852125,-0.2070171977636012,-0.2958891223842735,300.0,90000.0,-0.29483066223856114,-5.010696559854288,0.0010584601457122034,0.0010584601457122034
beta-TiV,600,75,beta-TiV__600,1,-5.01175502,-4.508998461409799,-0.2070171977636012,-0.2957393608265993,300.0,90000.0,-0.2950829383254607,-5.0110985974988616,0.0006564225011382874,0.0006564225011382874
beta-TiV,600,76,beta-TiV__600,1,-5.01175502,-4.508722532796872,-0.2070171977636012,-0.2960152894395265,300.0,90000.0,-0.29639478270684255,-5.012134513267316,-0.0003794932673164553,0.0003794932673164553
beta-TiV,600,77,beta-TiV__600,1,-5.01175502,-4.508851098635908,-0.2070171977636012,-0.2958867236004903,300.0,90000.0,-0.29383494642352653,-5.009703242823036,0.0020517771769634763,0.0020517771769634763
beta-TiV,600,78,beta-TiV__600,1,-5.01175502,-4.508960241970646,-0.2070171977636012,-0.2957775802657523,300.0,90000.0,-0.29449751231191584,-5.010474952046164,0.0012800679538358395,0.0012800679538358395
beta-TiV,600,79,beta-TiV__600,1,-5.01175502,-4.50849983372788,-0.2070171977636012,-0.2962379885085185,300.0,90000.0,-0.2947774398754498,-5.010294471366931,0.001460548633068548,0.001460548633068548
beta-TiV,600,80,beta-TiV__600,1,-5.01175502,-4.508870823327232,-0.2070171977636012,-0.2958669989091665,300.0,90000.0,-0.2949719957579644,-5.010860016848798,0.0008950031512018342,0.0008950031512018342
beta-TiV,600,81,beta-TiV__600,1,-5.01175502,-4.508285719390446,-0.2070171977636012,-0.2964521028459528,300.0,90000.0,-0.29504324827897677,-5.010346165433024,0.0014088545669759256,0.0014088545669759256
beta-TiV,600,82,beta-TiV__600,1,-5.01175502,-4.5087055422797455,-0.2070171977636012,-0.2960322799566531,300.0,90000.0,-0.29512156837452513,-5.010844308417872,0.0009107115821276324,0.0009107115821276324
beta-TiV,600,83,beta-TiV__600,1,-5.01175502,-4.509026116463278,-0.2070171977636012,-0.2957117057731209,300.0,90000.0,-0.29428758192773075,-5.01033089615461,0.0014241238453900351,0.0014241238453900351
beta-TiV,600,84,beta-TiV__600,1,-5.01175502,-4.508743866380258,-0.2070171977636012,-0.2959939558561404,300.0,90000.0,-0.29576565274008965,-5.0115267168839495,0.0002283031160503768,0.0002283031160503768
beta-TiV,600,85,beta-TiV__600,1,-5.01175502,-4.508572008260447,-0.2070171977636012,-0.296165813975952,300.0,90000.0,-0.29532327923581875,-5.010912485259867,0.0008425347401326277,0.0008425347401326277
beta-TiV,600,86,beta-TiV__600,1,-5.01175502,-4.508246282583915,-0.2070171977636012,-0.2964915396524835,300.0,90000.0,-0.2963300171163435,-5.01159349746386,0.0001615225361399908,0.0001615225361399908
beta-TiV,600,87,beta-TiV__600,1,-5.01175502,-4.508828322920993,-0.2070171977636012,-0.2959094993154053,300.0,90000.0,-0.2960217088618392,-5.011867229546434,-0.00011220954643409442,0.00011220954643409442
beta-TiV,600,88,beta-TiV__600,1,-5.01175502,-4.508976887943104,-0.2070171977636012,-0.295760934293295,300.0,90000.0,-0.29585524109087596,-5.011849326797581,-9.430679758093419e-05,9.430679758093419e-05
beta-TiV,600,89,beta-TiV__600,1,-5.01175502,-4.508991239716185,-0.2070171977636012,-0.2957465825202139,300.0,90000.0,-0.2934637385584524,-5.009472176038239,0.0022828439617610385,0.0022828439617610385
beta-TiV,600,90,beta-TiV__600,1,-5.01175502,-4.508664028406354,-0.2070171977636012,-0.2960737938300444,300.0,90000.0,-0.2940121553967489,-5.009693381566705,0.0020616384332949877,0.0020616384332949877
beta-TiV,600,91,beta-TiV__600,1,-5.01175502,-4.5089170972520005,-0.2070171977636012,-0.2958207249843981,300.0,90000.0,-0.29466667440599537,-5.010600969421597,0.0011540505784024546,0.0011540505784024546
beta-TiV,600,92,beta-TiV__600,1,-5.01175502,-4.508369054535969,-0.2070171977636012,-0.2963687677004299,300.0,90000.0,-0.29540635472285337,-5.010792607022424,0.0009624129775760437,0.0009624129775760437
beta-TiV,600,93,beta-TiV__600,1,-5.01175502,-4.508711531754123,-0.2070171977636012,-0.2960262904822753,300.0,90000.0,-0.29631250157093675,-5.012041231088662,-0.00028621108866211387,0.00028621108866211387
beta-TiV,600,94,beta-TiV__600,1,-5.01175502,-4.50896462088439,-0.2070171977636012,-0.2957732013520087,300.0,90000.0,-0.2946986889004114,-5.010680507548403,0.001074512451596732,0.001074512451596732
beta-TiV,600,95,beta-TiV__600,1,-5.01175502,-4.508327661721612,-0.2070171977636012,-0.2964101605147864,300.0,90000.0,-0.29599099861233014,-5.011335858097544,0.0004191619024558335,0.0004191619024558335
beta-TiV,600,96,beta-TiV__600,1,-5.01175502,-4.50892670790808,-0.2070171977636012,-0.2958111143283182,300.0,90000.0,-0.29398692998749165,-5.009930835659174,0.001824184340826207,0.001824184340826207
beta-TiV,600,97,beta-TiV__600,1,-5.01175502,-4.509207592304533,-0.2070171977636012,-0.2955302299318652,300.0,90000.0,-0.2952616425273279,-5.011486432595463,0.00026858740453672425,0.00026858740453672425
beta-TiV,600,98,beta-TiV__600,1,-5.01175502,-4.5085587930220985,-0.2070171977636012,-0.2961790292143001,300.0,90000.0,-0.29503638345300987,-5.010612374238709,0.0011426457612904173,0.0011426457612904173
beta-TiV,600,99,beta-TiV__600,1,-5.01175502,-4.508803795666953,-0.2070171977636012,-0.2959340265694455,300.0,90000.0,-0.29504257524283606,-5.010863568673391,0.0008914513266091717,0.0008914513266091717
beta-TiV,700,0,beta-TiV__700,0,-5.06352247,-4.453765152268065,-0.2070171977636012,-0.4027401199683338,400.0,160000.0,-0.40160138788725164,-5.062383737918918,0.0011387320810820611,0.0011387320810820611
beta-TiV,700,1,beta-TiV__700,0,-5.06352247,-4.4534037177823445,-0.2070171977636012,-0.403101554454054,400.0,160000.0,-0.402452046586001,-5.062872962131947,0.0006495078680526234,0.0006495078680526234
beta-TiV,700,2,beta-TiV__700,0,-5.06352247,-4.453664308465974,-0.2070171977636012,-0.402840963770424,400.0,160000.0,-0.40125768094126024,-5.061939187170836,0.0015832828291637568,0.0015832828291637568
beta-TiV,700,3,beta-TiV__700,0,-5.06352247,-4.453758127856032,-0.2070171977636012,-0.4027471443803663,400.0,160000.0,-0.3999738142830417,-5.060749139902676,0.002773330097324056,0.002773330097324056
beta-TiV,700,4,beta-TiV__700,0,-5.06352247,-4.454084517227692,-0.2070171977636012,-0.4024207550087067,400.0,160000.0,-0.40002901980073924,-5.061130734792032,0.002391735207967649,0.002391735207967649
beta-TiV,700,5,beta-TiV__700,0,-5.06352247,-4.453676324686776,-0.2070171977636012,-0.4028289475496225,400.0,160000.0,-0.40176303301007255,-5.06245655546045,0.0010659145395495173,0.0010659145395495173
beta-TiV,700,6,beta-TiV__700,0,-5.06352247,-4.454522024877834,-0.2070171977636012,-0.4019832473585645,400.0,160000.0,-0.400877188659589,-5.062416411301024,0.0011060586989755095,0.0011060586989755095
beta-TiV,700,7,beta-TiV__700,0,-5.06352247,-4.453384692369728,-0.2070171977636012,-0.40312057986667,400.0,160000.0,-0.4022596149925868,-5.062661505125916,0.000860964874084047,0.000860964874084047
beta-TiV,700,8,beta-TiV__700,0,-5.06352247,-4.453758125546136,-0.2070171977636012,-0.4027471466902626,400.0,160000.0,-0.400975792299595,-5.061751115609332,0.0017713543906676676,0.0017713543906676676
beta-TiV,700,9,beta-TiV__700,0,-5.06352247,-4.45401979363663,-0.2070171977636012,-0.4024854785997685,400.0,160000.0,-0.4008923649207812,-5.061929356321013,0.001593113678986846,0.001593113678986846
beta-TiV,700,10,beta-TiV__700,0,-5.06352247,-4.45413827625307,-0.2070171977636012,-0.4023669959833287,400.0,160000.0,-0.40070336311612653,-5.061858837132798,0.0016636328672019474,0.0016636328672019474
beta-TiV,700,11,beta-TiV__700,0,-5.06352247,-4.4538250287558405,-0.2070171977636012,-0.4026802434805579,400.0,160000.0,-0.4024850925456218,-5.063327319065063,0.00019515093493627234,0.00019515093493627234
beta-TiV,700,12,beta-TiV__700,0,-5.06352247,-4.453962515361609,-0.2070171977636012,-0.4025427568747893,400.0,160000.0,-0.4014237479928584,-5.062403461118069,0.0011190088819308386,0.0011190088819308386
beta-TiV,700,13,beta-TiV__700,0,-5.06352247,-4.454347308790497,-0.2070171977636012,-0.4021579634459019,400.0,160000.0,-0.40062015010213897,-5.061984656656237,0.001537813343762906,0.001537813343762906
beta-TiV,700,14,beta-TiV__700,0,-5.06352247,-4.454109859281037,-0.2070171977636012,-0.4023954129553611,400.0,160000.0,-0.4004193046638558,-5.061546361708494,0.0019761082915055184,0.0019761082915055184
beta-TiV,700,15,beta-TiV__700,0,-5.06352247,-4.453810311546131,-0.2070171977636012,-0.4026949606902675,400.0,160000.0,-0.4025861900604406,-5.063413699370173,0.00010877062982661556,0.00010877062982661556
beta-TiV,700,16,beta-TiV__700,0,-5.06352247,-4.4540252436847165,-0.2070171977636012,-0.4024800285516819,400.0,160000.0,-0.40084183633833986,-5.061884277786658,0.001638192213341938,0.001638192213341938
beta-TiV,700,17,beta-TiV__700,0,-5.06352247,-4.453338213962512,-0.2070171977636012,-0.4031670582738862,400.0,160000.0,-0.40312402251403157,-5.063479434240145,4.30357598544262e-05,4.30357598544262e-05
beta-TiV,700,18,beta-TiV__700,0,-5.06352247,-4.454105621064274,-0.2070171977636012,-0.4023996511721244,400.0,160000.0,-0.4004654499267822,-5.061588268754658,0.0019342012453416046,0.0019342012453416046
beta-TiV,700,19,beta-TiV__700,0,-5.06352247,-4.4534405299331725,-0.2070171977636012,-0.4030647423032259,400.0,160000.0,-0.4026954568248461,-5.06315318452162,0.0003692854783796662,0.0003692854783796662
beta-TiV,700,20,beta-TiV__700,0,-5.06352247,-4.45381162192278,-0.2070171977636012,-0.4026936503136185,400.0,160000.0,-0.40346093220035184,-5.064289751886733,-0.0007672818867332509,0.0007672818867332509
beta-TiV,700,21,beta-TiV__700,0,-5.06352247,-4.454433655691842,-0.2070171977636012,-0.4020716165445564,400.0,160000.0,-0.40104102751305315,-5.062491880968497,0.001030589031502771,0.001030589031502771
beta-TiV,700,22,beta-TiV__700,0,-5.06352247,-4.453599809584963,-0.2070171977636012,-0.4029054626514353,400.0,160000.0,-0.4014761859371583,-5.0620931932857225,0.0014292767142771723,0.0014292767142771723
beta-TiV,700,23,beta-TiV__700,0,-5.06352247,-4.453839897903522,-0.2070171977636012,-0.4026653743328768,400.0,160000.0,-0.40099873580128464,-5.0618558314684075,0.0016666385315922128,0.0016666385315922128
beta-TiV,700,24,beta-TiV__700,0,-5.06352247,-4.453352567623497,-0.2070171977636012,-0.4031527046129011,400.0,160000.0,-0.401770579925567,-5.062140345312666,0.0013821246873337856,0.0013821246873337856
beta-TiV,700,25,beta-TiV__700,0,-5.06352247,-4.453792839590127,-0.2070171977636012,-0.4027124326462712,400.0,160000.0,-0.4009293015429951,-5.061739338896723,0.0017831311032763253,0.0017831311032763253
beta-TiV,700,26,beta-TiV__700,0,-5.06352247,-4.454130564011923,-0.2070171977636012,-0.4023747082244758,400.0,160000.0,-0.3993968068888136,-5.060544568664338,0.00297790133566167,0.00297790133566167
beta-TiV,700,27,beta-TiV__700,0,-5.06352247,-4.453711519845253,-0.2070171977636012,-0.4027937523911452,400.0,160000.0,-0.40096588003164435,-5.061694597640499,0.0018278723595006596,0.0018278723595006596
beta-TiV,700,28,beta-TiV__700,0,-5.06352247,-4.453401317753618,-0.2070171977636012,-0.4031039544827808,400.0,160000.0,-0.4020718885340908,-5.06249040405131,0.0010320659486895423,0.0010320659486895423
beta-TiV,700,29,beta-TiV__700,0,-5.06352247,-4.453649781721101,-0.2070171977636012,-0.4028554905152977,400.0,160000.0,-0.4020973234228056,-5.062764302907508,0.0007581670924921013,0.0007581670924921013
beta-TiV,700,30,beta-TiV__700,0,-5.06352247,-4.453446210790853,-0.2070171977636012,-0.4030590614455456,400.0,160000.0,-0.4022970882305092,-5.062760496784963,0.000761973215036349,0.000761973215036349
beta-TiV,700,31,beta-TiV__700,0,-5.06352247,-4.453437890254623,-0.2070171977636012,-0.4030673819817754,400.0,160000.0,-0.4011159367555492,-5.061571024773774,0.001951445226225701,0.001951445226225701
beta-TiV,700,32,beta-TiV__700,0,-5.06352247,-4.453839584573043,-0.2070171977636012,-0.4026656876633557,400.0,160000.0,-0.4017149219625014,-5.062571704299145,0.0009507657008542836,0.0009507657008542836
beta-TiV,700,33,beta-TiV__700,0,-5.06352247,-4.453679392008376,-0.2070171977636012,-0.4028258802280223,400.0,160000.0,-0.4026624806040233,-5.063359070376001,0.00016339962399847252,0.00016339962399847252
beta-TiV,700,34,beta-TiV__700,0,-5.06352247,-4.4535347924549225,-0.2070171977636012,-0.402970479781476,400.0,160000.0,-0.4023329437363306,-5.062884933954854,0.0006375360451453815,0.0006375360451453815
beta-TiV,700,35,beta-TiV__700,0,-5.06352247,-4.454026990849812,-0.2070171977636012,-0.4024782813865866,400.0,160000.0,-0.4012906560984312,-5.062334844711844,0.0011876252881553029,0.0011876252881553029
beta-TiV,700,36,beta-TiV__700,0,-5.06352247,-4.454030694018162,-0.2070171977636012,-0.402474578218236,400.0,160000.0,-0.4003360529005743,-5.061383944682338,0.002138525317661788,0.002138525317661788
beta-TiV,700,37,beta-TiV__700,0,-5.06352247,-4.453847018260981,-0.2070171977636012,-0.4026582539754176,400.0,160000.0,-0.4022132531801442,-5.0630774692047265,0.00044500079527320935,0.00044500079527320935
beta-TiV,700,38,beta-TiV__700,0,-5.06352247,-4.453916742580018,-0.2070171977636012,-0.4025885296563801,400.0,160000.0,-0.40171686634215176,-5.062650806685772,0.0008716633142276109,0.0008716633142276109
beta-TiV,700,39,beta-TiV__700,0,-5.06352247,-4.454284434828704,-0.2070171977636012,-0.4022208374076944,400.0,160000.0,-0.4009911039440724,-5.062292736536378,0.0012297334636217627,0.0012297334636217627
beta-TiV,700,40,beta-TiV__700,0,-5.06352247,-4.454056267189736,-0.2070171977636012,-0.4024490050466627,400.0,160000.0,-0.40075576659051715,-5.061829231543855,0.0016932384561449965,0.0016932384561449965
beta-TiV,700,41,beta-TiV__700,0,-5.06352247,-4.454053874711866,-0.2070171977636012,-0.4024513975245328,400.0,160000.0,-0.40248705420244424,-5.063558126677911,-3.565667791161076e-05,3.565667791161076e-05
beta-TiV,700,42,beta-TiV__700,0,-5.06352247,-4.4536634013835155,-0.2070171977636012,-0.402841870852883,400.0,160000.0,-0.40238367759099136,-5.063064276738109,0.0004581932618910045,0.0004581932618910045
beta-TiV,700,43,beta-TiV__700,0,-5.06352247,-4.453767778597135,-0.2070171977636012,-0.4027374936392632,400.0,160000.0,-0.4010499978484142,-5.061834974209151,0.0016874957908488142,0.0016874957908488142
beta-TiV,700,44,beta-TiV__700,0,-5.06352247,-4.453418564925745,-0.2070171977636012,-0.403086707310653,400.0,160000.0,-0.4013716106713876,-5.061807373360734,0.00171509663926539,0.00171509663926539
beta-TiV,700,45,beta-TiV__700,0,-5.06352247,-4.453896152754299,-0.2070171977636012,-0.4026091194820991,400.0,160000.0,-0.40133985647402726,-5.062253206991928,0.0012692630080719525,0.0012692630080719525
beta-TiV,700,46,beta-TiV__700,0,-5.06352247,-4.4537398294833945,-0.2070171977636012,-0.4027654427530039,400.0,160000.0,-0.4019912521855834,-5.062748279432579,0.0007741905674203409,0.0007741905674203409
beta-TiV,700,47,beta-TiV__700,0,-5.06352247,-4.45415068795102,-0.2070171977636012,-0.4023545842853784,400.0,160000.0,-0.4013675816681059,-5.062535467382728,0.0009870026172720259,0.0009870026172720259
beta-TiV,700,48,beta-TiV__700,0,-5.06352247,-4.454075838932506,-0.2070171977636012,-0.4024294333038923,400.0,160000.0,-0.4013193020026793,-5.0624123386987865,0.0011101313012131797,0.0011101313012131797
beta-TiV,700,49,beta-TiV__700,0,-5.06352247,-4.45345887960969,-0.2070171977636012,-0.4030463926267081,400.0,160000.0,-0.4020950388000243,-5.0625711161733165,0.00095135382668321,0.00095135382668321
beta-TiV,700,50,beta-TiV__700,0,-5.06352247,-4.453764683681372,-0.2070171977636012,-0.4027405885550268,400.0,160000.0,-0.4019389464983584,-5.062720827943331,0.000801642056668328,0.000801642056668328
beta-TiV,700,51,beta-TiV__700,0,-5.06352247,-4.453846935653166,-0.2070171977636012,-0.4026583365832324,400.0,160000.0,-0.401052013616396,-5.0619161470331635,0.00160632296683616,0.00160632296683616
beta-TiV,700,52,beta-TiV__700,0,-5.06352247,-4.45339838753543,-0.2070171977636012,-0.403106884700968,400.0,160000.0,-0.4017031665270575,-5.062118751826089,0.0014037181739103843,0.0014037181739103843
beta-TiV,700,53,beta-TiV__700,0,-5.06352247,-4.453240998263498,-0.2070171977636012,-0.4032642739729007,400.0,160000.0,-0.4015758587809158,-5.061834054808015,0.0016884151919844825,0.0016884151919844825
beta-TiV,700,54,beta-TiV__700,0,-5.06352247,-4.454040375561052,-0.2070171977636012,-0.4024648966753468,400.0,160000.0,-0.4014827213627319,-5.062540294687385,0.000982175312614686,0.000982175312614686
beta-TiV,700,55,beta-TiV__700,0,-5.06352247,-4.454184600110838,-0.2070171977636012,-0.4023206721255604,400.0,160000.0,-0.40035865815427596,-5.061560456028715,0.001962013971284371,0.001962013971284371
beta-TiV,700,56,beta-TiV__700,0,-5.06352247,-4.453322496376629,-0.2070171977636012,-0.4031827758597697,400.0,160000.0,-0.403152237155721,-5.063491931295951,3.0538704048233e-05,3.0538704048233e-05
beta-TiV,700,57,beta-TiV__700,0,-5.06352247,-4.453790510095347,-0.2070171977636012,-0.4027147621410514,400.0,160000.0,-0.40063066695604,-5.061438374814989,0.002084095185010959,0.002084095185010959
beta-TiV,700,58,beta-TiV__700,0,-5.06352247,-4.453564347399239,-0.2070171977636012,-0.4029409248371592,400.0,160000.0,-0.40168214599787433,-5.062263691160715,0.0012587788392846022,0.0012587788392846022
beta-TiV,700,59,beta-TiV__700,0,-5.06352247,-4.454231449003392,-0.2070171977636012,-0.4022738232330066,400.0,160000.0,-0.39992780246906734,-5.0611764492360605,0.002346020763939194,0.002346020763939194
beta-TiV,700,60,beta-TiV__700,0,-5.06352247,-4.453800600351736,-0.2070171977636012,-0.4027046718846628,400.0,160000.0,-0.4026664024806981,-5.063484200596036,3.8269403964008575e-05,3.8269403964008575e-05
beta-TiV,700,61,beta-TiV__700,0,-5.06352247,-4.453534195181986,-0.2070171977636012,-0.4029710770544129,400.0,160000.0,-0.4008703083160291,-5.061421701261616,0.002100768738383607,0.002100768738383607
beta-TiV,700,62,beta-TiV__700,0,-5.06352247,-4.454077329205923,-0.2070171977636012,-0.4024279430304756,400.0,160000.0,-0.4008088194011469,-5.061903346370671,0.0016191236293288114,0.0016191236293288114
beta-TiV,700,63,beta-TiV__700,0,-5.06352247,-4.454042403219083,-0.2070171977636012,-0.4024628690173151,400.0,160000.0,-0.40144176695481615,-5.062501367937501,0.0010211020624986133,0.0010211020624986133
beta-TiV,700,64,beta-TiV__700,0,-5.06352247,-4.453658179380524,-0.2070171977636012,-0.4028470928558748,400.0,160000.0,-0.4025448704523475,-5.0632202475964725,0.0003022224035271748,0.0003022224035271748
beta-TiV,700,65,beta-TiV__700,0,-5.06352247,-4.453371668124334,-0.2070171977636012,-0.4031336041120641,400.0,160000.0,-0.4035340462425211,-5.063922912130457,-0.0004004421304575345,0.0004004421304575345
beta-TiV,700,66,beta-TiV__700,0,-5.06352247,-4.453483699880507,-0.2070171977636012,-0.4030215723558917,400.0,160000.0,-0.40197911670493786,-5.062480014349046,0.0010424556509534,0.0010424556509534
beta-TiV,700,67,beta-TiV__700,0,-5.06352247,-4.4534601176306055,-0.2070171977636012,-0.403045154605793,400.0,160000.0,-0.401141710884212,-5.061619026278419,0.0019034437215807998,0.0019034437215807998
beta-TiV,700,68,beta-TiV__700,0,-5.06352247,-4.453905645864742,-0.2070171977636012,-0.4025996263716565,400.0,160000.0,-0.39995297851812234,-5.060875822146466,0.0026466478535338567,0.0026466478535338567
beta-TiV,700,69,beta-TiV__700,0,-5.06352247,-4.453617205077384,-0.2070171977636012,-0.4028880671590145,400.0,160000.0,-0.40063119814419323,-5.061265600985179,0.002256869014821028,0.002256869014821028
beta-TiV,700,70,beta-TiV__700,0,-5.06352247,-4.453976545282504,-0.2070171977636012,-0.402528726953894,400.0,160000.0,-0.40053149518934034,-5.061525238235446,0.0019972317645535753,0.0019972317645535753
beta-TiV,700,71,beta-TiV__700,0,-5.06352247,-4.453630942674004,-0.2070171977636012,-0.4028743295623943,400.0,160000.0,-0.4023798385045238,-5.063027978942129,0.000494491057870583,0.000494491057870583
beta-TiV,700,72,beta-TiV__700,0,-5.06352247,-4.45369984313288,-0.2070171977636012,-0.4028054291035182,400.0,160000.0,-0.4012828825618175,-5.061999923458299,0.0015225465417003647,0.0015225465417003647
beta-TiV,700,73,beta-TiV__700,0,-5.06352247,-4.453581572239363,-0.2070171977636012,-0.4029236999970352,400.0,160000.0,-0.39999212804899675,-5.060590898051961,0.0029315719480385027,0.0029315719480385027
beta-TiV,700,74,beta-TiV__700,0,-5.06352247,-4.45405085367578,-0.2070171977636012,-0.4024544185606181,400.0,160000.0,-0.40024893461576383,-5.061316986055146,0.002205483944853981,0.002205483944853981
beta-TiV,700,75,beta-TiV__700,0,-5.06352247,-4.453491704271859,-0.2070171977636012,-0.4030135679645393,400.0,160000.0,-0.4005457594593585,-5.061054661494819,0.0024678085051803578,0.0024678085051803578
beta-TiV,700,76,beta-TiV__700,0,-5.06352247,-4.453919409225228,-0.2070171977636012,-0.4025858630111705,400.0,160000.0,-0.40094277193395245,-5.061879378922782,0.0016430910772173846,0.0016430910772173846
beta-TiV,700,77,beta-TiV__700,0,-5.06352247,-4.453744313052451,-0.2070171977636012,-0.4027609591839474,400.0,160000.0,-0.4006679387371538,-5.061429449553207,0.002093020446793048,0.002093020446793048
beta-TiV,700,78,beta-TiV__700,0,-5.06352247,-4.454035990332992,-0.2070171977636012,-0.4024692819034066,400.0,160000.0,-0.4021163098395476,-5.063169497936141,0.00035297206385909163,0.00035297206385909163
beta-TiV,700,79,beta-TiV__700,0,-5.06352247,-4.454062025661705,-0.2070171977636012,-0.4024432465746932,400.0,160000.0,-0.40105932861479904,-5.062138552040106,0.0013839179598935658,0.0013839179598935658
beta-TiV,700,80,beta-TiV__700,0,-5.06352247,-4.453225895225308,-0.2070171977636012,-0.4032793770110905,400.0,160000.0,-0.4036637917825565,-5.063906884771466,-0.00038441477146644587,0.00038441477146644587
beta-TiV,700,81,beta-TiV__700,0,-5.06352247,-4.453314560302689,-0.2070171977636012,-0.4031907119337091,400.0,160000.0,-0.4021040304738135,-5.062435788540104,0.0010866814598955443,0.0010866814598955443
beta-TiV,700,82,beta-TiV__700,0,-5.06352247,-4.454192283198673,-0.2070171977636012,-0.4023129890377251,400.0,160000.0,-0.40044479748528117,-5.0616542784475556,0.0018681915524441095,0.0018681915524441095
beta-TiV,700,83,beta-TiV__700,0,-5.06352247,-4.45330073784917,-0.2070171977636012,-0.4032045343872286,400.0,160000.0,-0.4016616009213746,-5.061979536534146,0.0015429334658536575,0.0015429334658536575
beta-TiV,700,84,beta-TiV__700,0,-5.06352247,-4.4537719107628675,-0.2070171977636012,-0.4027333614735309,400.0,160000.0,-0.4028363064476593,-5.063625414974128,-0.00010294497412832726,0.00010294497412832726
beta-TiV,700,85,beta-TiV__700,0,-5.06352247,-4.45371254956725,-0.2070171977636012,-0.4027927226691486,400.0,160000.0,-0.40115022424938107,-5.0618799715802325,0.0016424984197671577,0.0016424984197671577
beta-TiV,700,86,beta-TiV__700,0,-5.06352247,-4.4535230105052905,-0.2070171977636012,-0.4029822617311079,400.0,160000.0,-0.40234175639998554,-5.062881964668877,0.0006405053311224762,0.0006405053311224762
beta-TiV,700,87,beta-TiV__700,0,-5.06352247,-4.454155735263534,-0.2070171977636012,-0.4023495369728647,400.0,160000.0,-0.40137978208584335,-5.062552715112979,0.0009697548870208905,0.0009697548870208905
beta-TiV,700,88,beta-TiV__700,0,-5.06352247,-4.454020241728649,-0.2070171977636012,-0.402485030507749,400.0,160000.0,-0.4012906953717472,-5.062328134863998,0.0011943351360015342,0.0011943351360015342
beta-TiV,700,89,beta-TiV__700,0,-5.06352247,-4.4537952465517385,-0.2070171977636012,-0.4027100256846599,400.0,160000.0,-0.4010771254978216,-5.061889569813162,0.0016329001868378157,0.0016329001868378157
beta-TiV,700,90,beta-TiV__700,0,-5.06352247,-4.453334640119602,-0.2070171977636012,-0.4031706321167967,400.0,160000.0,-0.40204998524722035,-5.062401823130424,0.0011206468695759142,0.0011206468695759142
beta-TiV,700,91,beta-TiV__700,0,-5.06352247,-4.452968945395611,-0.2070171977636012,-0.4035363268407875,400.0,160000.0,-0.4021397040930504,-5.062125847252263,0.0013966227477366644,0.0013966227477366644
beta-TiV,700,92,beta-TiV__700,0,-5.06352247,-4.453725995974832,-0.2070171977636012,-0.4027792762615665,400.0,160000.0,-0.4014222177396358,-5.06216541147807,0.0013570585219300213,0.0013570585219300213
beta-TiV,700,93,beta-TiV__700,0,-5.06352247,-4.453350695710444,-0.2070171977636012,-0.4031545765259541,400.0,160000.0,-0.4028664018014978,-5.063234295275544,0.0002881747244556365,0.0002881747244556365
beta-TiV,700,94,beta-TiV__700,0,-5.06352247,-4.453289589706232,-0.2070171977636012,-0.4032156825301663,400.0,160000.0,-0.4028770028003318,-5.063183790270165,0.000338679729834368,0.000338679729834368
beta-TiV,700,95,beta-TiV__700,0,-5.06352247,-4.453633264844862,-0.2070171977636012,-0.402872007391536,400.0,160000.0,-0.40106688062262297,-5.061717343231087,0.001805126768912757,0.001805126768912757
beta-TiV,700,96,beta-TiV__700,0,-5.06352247,-4.453988123010835,-0.2070171977636012,-0.4025171492255633,400.0,160000.0,-0.4012755324479154,-5.062280853222352,0.0012416167776478915,0.0012416167776478915
beta-TiV,700,97,beta-TiV__700,0,-5.06352247,-4.453387387106296,-0.2070171977636012,-0.4031178851301027,400.0,160000.0,-0.4023038275260275,-5.062708412395924,0.00081405760407538,0.00081405760407538
beta-TiV,700,98,beta-TiV__700,0,-5.06352247,-4.454016458466363,-0.2070171977636012,-0.4024888137700356,400.0,160000.0,-0.4010533379066458,-5.06208699413661,0.001435475863389435,0.001435475863389435
beta-TiV,700,99,beta-TiV__700,0,-5.06352247,-4.453613925623614,-0.2070171977636012,-0.4028913466127844,400.0,160000.0,-0.40145856558900944,-5.062089688976225,0.001432781023774865,0.001432781023774865
