timestep,natoms,U_eVatom,PE_eVatom,KE_eVatom,SLE_mean,SLE_std,SLE_q25,SLE_q50,SLE_q75,SLE_iqr,Voro_mean,Voro_q25,Voro_q50,Voro_q75,Voro_iqr,q6_mean,q6_std,q6_q25,q6_q50,q6_q75,q6_iqr,q6knn_mean,vMises_mean,vMises_q25,vMises_q50,vMises_q75,vMises_iqr,system,T,snap,FANC_eVatom,TSLE_eVatom,F0_eVatom,dFraw_eVatom,dFraw_T0_mean,dFres_eVatom,dFres_pred_final,dFraw_pred_final,Fhat_final,dFres_pred_gpr_mu,dFres_pred_gpr_std
301000,78732,-3.2823905836234224,-3.321210833714373,0.0388202500909503,-4.828349069120561,0.1417629428742235,-4.9271725,-4.833755,-4.73541,0.1917625000000002,16.79315021592237,16.5426,16.7875,17.036,0.4934000000000011,0.33891167859945,0.0097940561372101,0.3336842656135559,0.3391688019037246,0.3436677753925323,0.0099835097789764,0.3389270609751081,49269.70804898099,36380.75010649478,47265.8644214879,59967.10104791125,23586.350941416473,Al,300,0,-3.3669,-0.124822479101638,-3.1575681045217845,-0.2093318954782153,-0.2092616015651016,-7.02939131136393e-05,-0.03689003638711591,-0.2461516379522175,-3.403719742474002,-0.03689003638711591,0.17901739122074897
302000,78732,-3.282264405745817,-3.321052846872936,0.0387884411271185,-4.825401589696693,0.1423685511391214,-4.9239225,-4.83054,-4.7328375000000005,0.1910849999999992,16.7953525415333,16.5425,16.7893,17.041725,0.4992249999999991,0.3389439398182187,0.0098905597088166,0.3336891457438469,0.3391913920640945,0.3437240347266197,0.0100348889827728,0.3390255758835703,49271.84018749944,36349.022036962735,47322.12021657121,59997.27394307702,23648.25190611429,Al,300,1,-3.3669,-0.1247462808642029,-3.157518124881614,-0.2093818751183858,-0.2092616015651016,-0.0001202735532841,-0.03685330869835793,-0.24611491026345952,-3.4036330351450736,-0.03685330869835793,0.17891840035210205
303000,78732,-3.2824092290545233,-3.321148410049281,0.0387391809947581,-4.826974679291776,0.1409827745842814,-4.92473,-4.8311,-4.73355,0.1911800000000001,16.796376816288166,16.5456,16.7897,17.040725000000002,0.4951250000000016,0.3389498489636665,0.0097746634451643,0.3337056189775467,0.3391716778278351,0.3436749204993248,0.0099693015217781,0.3390423581269113,49314.5568697946,36521.689354587346,47368.06042135025,59966.56766067652,23444.878306089173,Al,300,2,-3.3669,-0.1247869483760784,-3.157622280678445,-0.2092777193215549,-0.2092616015651016,-1.611775645327107e-05,-0.03672182536116317,-0.24598342692626476,-3.4036057076047097,-0.03672182536116317,0.17890934725848612
304000,78732,-3.2826274951044843,-3.321297388101408,0.0386698929969224,-4.831408147767109,0.140654629843946,-4.92906,-4.83659,-4.7398375,0.1892224999999996,16.796566643804297,16.5432,16.7905,17.0426,0.4994000000000014,0.3389985958720007,0.0097943660927354,0.3338047638535499,0.3392792046070099,0.3437594622373581,0.0099546983838081,0.3391701337422278,49136.31402053576,36329.91247623995,47171.79595674535,59738.47768278626,23408.565206546307,Al,300,3,-3.3669,-0.1249015624021539,-3.15772593270233,-0.2091740672976696,-0.2092616015651016,8.75342674320212e-05,-0.03668633397956797,-0.24594793554466957,-3.4036738682469996,-0.03668633397956797,0.17883912843737995
305000,78732,-3.282459184477723,-3.3213294259005233,0.0388702414228001,-4.8315048517756445,0.1409582619716237,-4.92896,-4.83567,-4.739135,0.1898249999999999,16.795433438754255,16.5439,16.7883,17.0402,0.4962999999999979,0.3389549466677175,0.0098315483190516,0.3337075114250183,0.3392359167337417,0.3437290787696838,0.0100215673446655,0.3391840457215981,49178.775215613605,36370.524239959195,47217.41190016547,59712.3285693764,23341.8043294172,Al,300,4,-3.3669,-0.1249040623941619,-3.157555122083562,-0.2093448779164384,-0.2092616015651016,-8.327635133675848e-05,-0.03684772327099595,-0.24610932483609754,-3.4036644469196595,-0.03684772327099595,0.1788901869294933
306000,78732,-3.282551962309517,-3.3211490795356395,0.0385971172261233,-4.828955655260884,0.1400284092371362,-4.92567,-4.83511,-4.7381,0.18757,16.79378398999136,16.5412,16.7873,17.0397,0.4984999999999999,0.3389956315061713,0.0098827634388391,0.3336985781788826,0.3392294198274612,0.3437759578227997,0.010077379643917,0.3390254346567798,49328.48410691537,36474.51029942985,47396.2183082391,60011.21111499427,23536.70081556442,Al,300,5,-3.3669,-0.1248381605664078,-3.1577138017431094,-0.2091861982568903,-0.2092616015651016,7.540330821131924e-05,-0.036700466790458075,-0.24596206835555967,-3.4036758700986693,-0.036700466790458075,0.17894941381893845
307000,78732,-3.282272633291612,-3.3211704878575423,0.0388978545659299,-4.8267238860946,0.1408928091098356,-4.92357,-4.832075,-4.73523,0.1883400000000001,16.7952475549967,16.5448,16.7904,17.041,0.4962000000000017,0.3389941035485368,0.00988155417371,0.3336908966302871,0.3392346054315567,0.3437415510416031,0.0100506544113159,0.3391080885570641,49309.41069014556,36499.038442565245,47294.89039625896,59876.624841944846,23377.5863993796,Al,300,6,-3.3669,-0.1247804648703986,-3.1574921684212134,-0.2094078315787864,-0.2092616015651016,-0.0001462300136847,-0.03680427801978137,-0.24606587958488296,-3.4035580480060963,-0.03680427801978137,0.17889248172271982
308000,78732,-3.2824295049860943,-3.321278823477112,0.0388493184910176,-4.8296897562617485,0.1407201730330291,-4.9276225,-4.834935,-4.7382875,0.1893349999999998,16.795709608545447,16.5457,16.7894,17.0398,0.4940999999999995,0.3389250683674257,0.0097982149662257,0.3337056264281273,0.3391885310411453,0.3436970710754394,0.0099914446473121,0.3390255674007419,49181.78830725789,36382.17983083928,47307.87214334514,59909.26446192186,23527.08463108258,Al,300,7,-3.3669,-0.1248571385453251,-3.1575723664407693,-0.2093276335592304,-0.2092616015651016,-6.603199412880123e-05,-0.03676239433128842,-0.24602399589639,-3.4035963623371592,-0.03676239433128842,0.1788829067642722
309000,78732,-3.2827881058067456,-3.321402954961134,0.0386148491543883,-4.832453527155413,0.1417122315475944,-4.9313,-4.837025000000001,-4.7390525,0.1922475000000005,16.793817758979834,16.5424,16.7874,17.038525,0.4961249999999992,0.3389787797051517,0.0098274439261108,0.3337514325976372,0.339248776435852,0.3437353521585464,0.0099839195609092,0.3391283445345285,49132.25496411533,36264.21641844191,47063.17813938598,59885.58711192265,23621.37069348074,Al,300,8,-3.3669,-0.1249285875498766,-3.1578595182568687,-0.209040481743131,-0.2092616015651016,0.0002211198219705,-0.03655765376710876,-0.24581925533221036,-3.403678773589079,-0.03655765376710876,0.17888310697339796
310000,78732,-3.2825056458793194,-3.3213612739419807,0.0388556280626613,-4.830497671594777,0.1406013329024407,-4.9276725,-4.83596,-4.73898,0.1886925000000001,16.79315121297567,16.5403,16.786,17.0382,0.4979000000000013,0.3389467403859691,0.0097327552440275,0.3337259963154793,0.3392007499933243,0.3437134549021721,0.0099874585866928,0.3390235141372406,49115.28016032635,36315.63239124368,47174.99199493298,59702.46716028273,23386.83476903905,Al,300,9,-3.3669,-0.1248780247723417,-3.1576276211069776,-0.2092723788930222,-0.2092616015651016,-1.0777327920541424e-05,-0.036762455210765405,-0.246024056775867,-3.4036516778828445,-0.036762455210765405,0.17894461197641676
311000,78732,-3.2824713834930455,-3.3211345637098004,0.0386631802167548,-4.829219536401971,0.1407350192683004,-4.927095,-4.83405,-4.73668,0.1904149999999997,16.79425289208962,16.541,16.788249999999998,17.039525,0.4985250000000008,0.3389561841155445,0.0098598811288382,0.3336967080831527,0.3392111957073211,0.3437266647815704,0.0100299566984176,0.3390892309286255,49359.72419929555,36507.847013623345,47356.204100051575,59964.56217493667,23456.715161313325,Al,300,10,-3.3669,-0.1248449824216107,-3.1576264010714348,-0.209273598928565,-0.2092616015651016,-1.1997363463356336e-05,-0.036715024238723276,-0.24597662580382487,-3.4036030268752597,-0.036715024238723276,0.1789163813180894
312000,78732,-3.2826609663228954,-3.3212596530000504,0.0385986866771554,-4.830503840369862,0.1411794677822677,-4.9283725,-4.83577,-4.7391,0.1892725000000004,16.7958257036529,16.5431,16.7911,17.0405,0.4974000000000025,0.339030046021088,0.0098428233603854,0.333825059235096,0.3392791002988815,0.343791589140892,0.009966529905796,0.3390690857060119,49221.34165405237,36405.51531601069,47268.08292208357,59870.93567013116,23465.42035412047,Al,300,11,-3.3669,-0.1248781842475138,-3.1577827820753814,-0.2091172179246183,-0.2092616015651016,0.0001443836404833,-0.03653449031094819,-0.24579609187604978,-3.403578873951431,-0.03653449031094819,0.17883396889224187
313000,78732,-3.2825404576373582,-3.32128676611797,0.0387463084806114,-4.831189172763298,0.14073942896685,-4.92803,-4.83559,-4.7394075,0.1886224999999992,16.794369586699187,16.5441,16.7873,17.04,0.4958999999999989,0.3389877387347705,0.0098236337897581,0.3337345197796821,0.3392355293035507,0.3437450975179672,0.010010577738285,0.3390762527814751,49196.82003812697,36380.15566274134,47180.2850482044,59962.620051697726,23582.46438895639,Al,300,12,-3.3669,-0.1248959014604023,-3.157644556176956,-0.2092554438230438,-0.2092616015651016,6.157742057810722e-06,-0.036673673269520396,-0.245935274834622,-3.403579831011578,-0.036673673269520396,0.17888351726389493
314000,78732,-3.282440749749772,-3.3212104939541733,0.0387697442044022,-4.8286158573388205,0.1406788007552815,-4.9265025,-4.8335550000000005,-4.7369375,0.1895649999999999,16.794890759792715,16.5445,16.7884,17.0386,0.4940999999999995,0.3389124961113116,0.0098481605893001,0.3336810767650604,0.3391974419355392,0.3437113463878631,0.0100302696228027,0.3389953628556397,49294.741586185686,36345.313927341995,47259.51741751647,59985.71579721276,23640.40186987077,Al,300,13,-3.3669,-0.1248293761105994,-3.1576113736391727,-0.2092886263608271,-0.2092616015651016,-2.7024795725472117e-05,-0.036662157639703485,-0.24592375920480508,-3.403535132843978,-0.036662157639703485,0.1788981468860317
315000,78732,-3.2824781366537037,-3.321203923944521,0.0387257872908169,-4.829876289310573,0.140131792753996,-4.926875,-4.835135,-4.73812,0.1887549999999995,16.796867489711936,16.5459,16.7928,17.0426,0.4967000000000006,0.3389162022367014,0.0097876995453263,0.3336429372429847,0.3391540348529815,0.3436904922127723,0.0100475549697875,0.3390630310923595,49204.25445146919,36416.70186756427,47264.216413220965,59760.60013431696,23343.898266752694,Al,300,14,-3.3669,-0.1248619607976634,-3.1576161758560404,-0.2092838241439594,-0.2092616015651016,-2.2222578857755693e-05,-0.03661741747605202,-0.2458790190411536,-3.403495194897194,-0.03661741747605202,0.17878378510685597
316000,78732,-3.28231033989582,-3.321191328938678,0.038880989042858,-4.831054036986233,0.1413493527875126,-4.92891,-4.83525,-4.73853,0.1903800000000002,16.80221363359244,16.5528,16.7994,17.0466,0.4938000000000002,0.3389196754280147,0.0098140703508114,0.3336769938468933,0.3391755074262619,0.343720406293869,0.0100434124469757,0.3390680220933311,49242.73485749241,36335.07495256482,47275.913710683366,59996.3004502923,23661.22549772748,Al,300,15,-3.3669,-0.1248924079303225,-3.157417931965498,-0.2094820680345024,-0.2092616015651016,-0.0002204664694007,-0.036691546783459345,-0.24595314834856094,-3.403371080314059,-0.036691546783459345,0.17860704981509845
317000,78732,-3.2825146043224342,-3.321421690418127,0.0389070860956929,-4.83478707577605,0.1406512073385508,-4.93168,-4.84011,-4.74351,0.1881700000000004,16.795704176192658,16.5447,16.7902,17.0399,0.4952000000000005,0.339038832869731,0.0097663083031513,0.3337955847382545,0.3392863869667053,0.3437690362334251,0.0099734514951705,0.3392266379756843,49027.956749290075,36255.859560691344,47038.0537996121,59705.09290814947,23449.233347458125,Al,300,16,-3.3669,-0.124988914448318,-3.157525689874116,-0.2093743101258836,-0.2092616015651016,-0.0001127085607819,-0.03676342242584535,-0.24602502399094694,-3.403550713865063,-0.03676342242584535,0.17881802910593456
318000,78732,-3.2824730691313455,-3.32125464893563,0.0387815798042841,-4.827621609637759,0.1402075757504631,-4.92471,-4.83325,-4.73709,0.1876199999999999,16.795065880455216,16.543,16.7889,17.0396,0.4966000000000008,0.33892561472176,0.009809235533057,0.3336604610085487,0.339184433221817,0.3437173292040825,0.0100568681955337,0.3389035194009953,49140.99904077099,36262.71028265121,47217.41990356211,59949.051043577594,23686.34076092638,Al,300,17,-3.3669,-0.1248036728192443,-3.157669396312101,-0.2092306036878986,-0.2092616015651016,3.0997877203065016e-05,-0.036560129474519865,-0.24582173103962146,-3.4034911273517228,-0.036560129474519865,0.1788629376131367
319000,78732,-3.2826470152159426,-3.3213501618147636,0.0387031465988213,-4.8311199291266576,0.1394197908513783,-4.92776,-4.83565,-4.7387275,0.1890324999999997,16.794407470913985,16.5445,16.787,17.0381,0.4936000000000007,0.3389784118570079,0.0098261783579916,0.3337444216012954,0.3392141163349151,0.3436974883079529,0.0099530667066574,0.3391563085996147,49133.27324111424,36382.77007042011,47294.27338748063,59651.41149783833,23268.641427418217,Al,300,18,-3.3669,-0.1248941113739227,-3.15775290384202,-0.20914709615798,-0.2092616015651016,0.0001145054071216,-0.03650101516080756,-0.24576261672590916,-3.403515520567929,-0.03650101516080756,0.17888633097578624
320000,78732,-3.282509043658047,-3.3213461205100847,0.0388370768520376,-4.830194141264036,0.1422525494159636,-4.9285625,-4.835435,-4.73732,0.1912424999999995,16.79525539932937,16.5441,16.7881,17.0383,0.4941999999999993,0.3389441283330868,0.0098531765005461,0.3336490094661712,0.3392325043678283,0.3437133952975273,0.010064385831356,0.3391434429686092,49136.099323541224,36206.02580254304,47117.90584852517,59755.99384363557,23549.968041092536,Al,300,19,-3.3669,-0.1248701779062963,-3.1576388657517507,-0.2092611342482491,-0.2092616015651016,4.673168525481941e-07,-0.03659398544120146,-0.24585558700630306,-3.4034944527580535,-0.03659398544120146,0.17883927841353858
321000,78732,-3.2827811298205902,-3.321610660849464,0.0388295310288739,-4.837665510465883,0.1389168780913897,-4.93396,-4.84302,-4.7480275,0.1859324999999998,16.79250700223543,16.5415,16.7858,17.0364,0.4949000000000012,0.3390598201964593,0.0097321126133955,0.3339001536369324,0.3392911106348037,0.3437440618872642,0.0098439082503318,0.3391262182543531,48887.51208724918,36121.41061174503,47014.84232829824,59564.765594296245,23443.354982551216,Al,300,20,-3.3669,-0.1250633277413036,-3.1577178020792864,-0.2091821979207133,-0.2092616015651016,7.940364438829839e-05,-0.03664312843824441,-0.245904730003346,-3.4036225320826325,-0.03664312843824441,0.17890152382644298
322000,78732,-3.282374404126041,-3.321127440303816,0.0387530361777747,-4.825784845933039,0.1404130572914105,-4.92368,-4.83147,-4.73401,0.1896700000000004,16.797227150332773,16.5444,16.7924,17.0418,0.4973999999999989,0.3389356935725448,0.0098700018743677,0.3336305692791939,0.3391865193843841,0.3437294736504555,0.0100989043712615,0.3391054154509076,49349.85191999964,36466.94188679697,47340.84085109491,60103.1952837964,23636.253396999426,Al,300,21,-3.3669,-0.1247561888043429,-3.157618215321698,-0.2092817846783017,-0.2092616015651016,-2.0183113200067385e-05,-0.03649926074907814,-0.24576086231417973,-3.403379077635878,-0.03649926074907814,0.17878485665979205
323000,78732,-3.2825912573907097,-3.3212139389320736,0.0386226815413636,-4.829176922598182,0.1417458907057543,-4.92833,-4.83454,-4.73618,0.1921499999999998,16.79579871081644,16.5457,16.7917,17.0404,0.4947000000000017,0.3389704034136683,0.0098711956373208,0.3337130546569824,0.3392285704612732,0.3437404260039329,0.0100273713469505,0.3390613686207627,49228.35244176676,36408.06212892438,47352.80996450799,59914.970973725634,23506.908844801255,Al,300,22,-3.3669,-0.1248438807695643,-3.1577473766211455,-0.2091526233788543,-0.2092616015651016,0.0001089781862473,-0.03641677437625121,-0.2456783759413528,-3.4034257525624985,-0.03641677437625121,0.17878176477351385
324000,78732,-3.282323038173674,-3.3210709766041764,0.0387479384305022,-4.826961492404612,0.1408832514769444,-4.9244425,-4.83111,-4.7336075,0.1908349999999998,16.797329356551337,16.5461,16.7911,17.0448,0.4986999999999995,0.3388997912838444,0.0098282342297207,0.3336558938026428,0.3391556590795517,0.3436963260173797,0.0100404322147369,0.3389214518344821,49308.90316615904,36478.63767693904,47476.6947382276,60005.261628348555,23526.62395140951,Al,300,23,-3.3669,-0.1247866074686742,-3.1575364307049996,-0.2093635692950002,-0.2092616015651016,-0.0001019677298985,-0.036549611895173306,-0.2458112134602749,-3.4033476441652746,-0.036549611895173306,0.17874860038244858
325000,78732,-3.282423808101626,-3.3210782708428592,0.038654462741233,-4.82625125704923,0.1416795168254097,-4.92484,-4.830795,-4.7320225,0.1928174999999994,16.797704675354368,16.5472,16.7926,17.043,0.4957999999999991,0.3389157577557988,0.0098560462745806,0.3336339816451072,0.3391710221767425,0.3437137752771377,0.0100797936320304,0.3390838274937489,49412.2190309961,36557.4775278282,47412.230246739426,60077.18798859119,23519.710460762988,Al,300,24,-3.3669,-0.1247682464644189,-3.157655561637207,-0.2092444383627927,-0.2092616015651016,1.716320230893409e-05,-0.03640804718007401,-0.2456696487451756,-3.403325210382383,-0.03640804718007401,0.17874061457477006
326000,78732,-3.2824753812350314,-3.3211569422852203,0.0386815610501892,-4.827764771249302,0.140609879766235,-4.9251125,-4.83304,-4.73651,0.1886025,16.79509840979525,16.5449,16.7873,17.0395,0.4946000000000019,0.3389550972717998,0.0098944947869972,0.3336847946047783,0.3392027467489242,0.3437638133764267,0.0100790187716484,0.3391725605068207,49316.91596562494,36498.41847606757,47430.27998576207,60057.385428123416,23558.966952055845,Al,300,25,-3.3669,-0.1248073738331953,-3.157668007401836,-0.2092319925981636,-0.2092616015651016,2.9608966938043935e-05,-0.03646911588262203,-0.24573071744772362,-3.4033987248495596,-0.03646911588262203,0.17885917668495932
327000,78732,-3.2825846654273105,-3.3213033457806227,0.038718680353313,-4.830761479576284,0.1416230366729682,-4.9295025,-4.8359000000000005,-4.73885,0.1906524999999996,16.79764193466443,16.5474,16.792,17.0406,0.4932000000000016,0.3389852796862209,0.0098260955121921,0.333698071539402,0.3392564356327057,0.3437495529651642,0.0100514814257621,0.3390664526500856,49151.00468021915,36326.17244258187,47213.928302226595,59762.97752087081,23436.80507828894,Al,300,26,-3.3669,-0.1248848447362231,-3.1576998206910876,-0.2092001793089122,-0.2092616015651016,6.14222561894362e-05,-0.036419974317563136,-0.24568157588266473,-3.4033813965737525,-0.036419974317563136,0.17873589987319632
328000,78732,-3.282594286205752,-3.3212788491337704,0.0386845629280178,-4.8304425306101715,0.1409956808141141,-4.92896,-4.83552,-4.73748,0.1914800000000003,16.7935320974953,16.5415,16.787,17.0391,0.497600000000002,0.3389732313490444,0.0097814292692589,0.3337456732988357,0.3392932862043381,0.3437197133898735,0.0099740400910377,0.3390185755753653,49280.70440658862,36354.39770070434,47285.933027638064,59962.73560005834,23608.337899353995,Al,300,27,-3.3669,-0.1248765992676194,-3.1577176869381325,-0.2091823130618673,-0.2092616015651016,7.928850323435377e-05,-0.036467511786791196,-0.2457291133518928,-3.403446800290025,-0.036467511786791196,0.17885352172574334
329000,78732,-3.2825123969308456,-3.321257083904892,0.0387446869740474,-4.829762276202815,0.1395899963529226,-4.92672,-4.83447,-4.7374975,0.1892225000000005,16.79499709393893,16.5455,16.7892,17.038225,0.4927250000000001,0.3390160324502898,0.0097892455136418,0.3337988704442978,0.3392395824193954,0.343740813434124,0.0099419429898262,0.339117742264464,49223.039848110195,36418.68994824029,47342.05565751531,59833.00658258973,23414.316634349445,Al,300,28,-3.3669,-0.124859013330826,-3.1576533836000196,-0.2092466163999802,-0.2092616015651016,1.4985165121439437e-05,-0.03645353060073922,-0.24571513216584082,-3.40336851576586,-0.03645353060073922,0.17885555683989102
330000,78732,-3.282285451046125,-3.3212373273891176,0.0389518763429926,-4.827416161789361,0.1413370623253074,-4.92547,-4.831755,-4.7353,0.1901700000000001,16.794549256973024,16.5441,16.7875,17.0384,0.4942999999999991,0.3389233170161522,0.0098303740654545,0.3336885273456573,0.3392392694950104,0.3437094837427139,0.0100209563970565,0.3390560601784229,49271.9424980477,36504.015306253685,47284.72254368202,59913.881832447296,23409.86652619361,Al,300,29,-3.3669,-0.1247983615815115,-3.157487089464613,-0.2094129105353865,-0.2092616015651016,-0.0001513089702849,-0.03659812608361265,-0.24585972764871425,-3.4033468171133276,-0.03659812608361265,0.17886300029889093
331000,78732,-3.282397156496656,-3.3211951276482248,0.0387979711515686,-4.828042718970685,0.1397165896743194,-4.92497,-4.83232,-4.7360075,0.1889624999999997,16.793383581008992,16.542,16.7875,17.0367,0.4946999999999981,0.338972484488431,0.0097846370382778,0.3336827009916305,0.3391815721988678,0.3437143936753273,0.0100316926836967,0.339126971687739,49285.15164736592,36330.98434864676,47350.80250072242,59957.55777470087,23626.57342605411,Al,300,30,-3.3669,-0.124814559337629,-3.1575825971590272,-0.2093174028409725,-0.2092616015651016,-5.5801275870903666e-05,-0.036528792181135944,-0.24579039374623754,-3.4033729909052646,-0.036528792181135944,0.17891634079968752
332000,78732,-3.282679041692311,-3.321274236523904,0.038595194831593,-4.829621579408627,0.1421143819108531,-4.92831,-4.83478,-4.73709,0.1912199999999995,16.791398957221965,16.5398,16.7856,17.0361,0.4963000000000015,0.3390043558472329,0.0098879789142153,0.3337501212954521,0.339269608259201,0.3437786102294922,0.01002848893404,0.3391728777691448,49265.52034282218,36391.930092925475,47273.04815219993,59891.00609938332,23499.076006457843,Al,300,31,-3.3669,-0.1248553760373328,-3.157823665654978,-0.2090763343450219,-0.2092616015651016,0.0001852672200797,-0.03636103063270871,-0.2456226321978103,-3.403446297852788,-0.03636103063270871,0.17890553238210594
333000,78732,-3.2825534509824084,-3.3213081390032007,0.038754688020792,-4.831597973632068,0.1399493188871674,-4.92855,-4.835095,-4.739445,0.1891050000000005,16.78994894833105,16.5383,16.7828,17.035,0.4967000000000006,0.3390147882684371,0.0097705798576348,0.3337853476405144,0.3392491191625595,0.3437645360827446,0.0099791884422302,0.3391741779940657,49230.41814349183,36410.11236498242,47269.771788237325,59757.62233622787,23347.509971245458,Al,300,32,-3.3669,-0.1249064697803742,-3.157646981202034,-0.2092530187979657,-0.2092616015651016,8.582767135889569e-06,-0.036557926942998004,-0.2458195285080996,-3.4034665097101335,-0.036557926942998004,0.17898627399453187
334000,78732,-3.282213621881864,-3.3211880702890824,0.0389744484072181,-4.828689997205712,0.1425458576386187,-4.92798,-4.83327,-4.7352475,0.1927324999999999,16.792095818726818,16.540375,16.787,17.037225,0.4968499999999984,0.3389319502408109,0.0098221083997294,0.3336798921227455,0.3392290472984314,0.3437502905726433,0.0100703984498977,0.3390471557417288,49230.63914775768,36297.50686628693,47341.646983489474,59913.003656866975,23615.496790580044,Al,300,33,-3.3669,-0.1248312927744224,-3.1573823291074414,-0.2095176708925583,-0.2092616015651016,-0.0002560693274566,-0.03672790841890178,-0.24598950998400337,-3.4033718390914447,-0.03672790841890178,0.17889501759641666
335000,78732,-3.2825227953123597,-3.3213319562566683,0.0388091609443085,-4.828728047045674,0.1401409924114582,-4.92634,-4.833539999999999,-4.73728,0.1890599999999995,16.791929491185282,16.544175,16.7868,17.0335,0.4893250000000009,0.3389874921804738,0.009847493608499,0.3336944505572319,0.3391973972320556,0.343741662800312,0.0100472122430801,0.3391055956498785,49213.87992605933,36446.8687665904,47139.617557797086,59873.504035705504,23426.635269115104,Al,300,34,-3.3669,-0.1248322764388769,-3.1576905188734825,-0.2092094811265172,-0.2092616015651016,5.212043858437987e-05,-0.036409632165812195,-0.2456712337309138,-3.4033617526043964,-0.036409632165812195,0.1789357943749016
336000,78732,-3.282289534867993,-3.321221242823756,0.0389317079557635,-4.828002219427932,0.1413634597572033,-4.92603,-4.83359,-4.73529,0.1907399999999999,16.789748305644462,16.5378,16.7839,17.0356,0.497799999999998,0.3389872179152259,0.0098417634145659,0.3337392285466194,0.3392400592565536,0.3437353894114494,0.00999616086483,0.339134472290905,49245.169944808105,36330.0375273387,47254.5900013878,59897.363496370155,23567.32596903145,Al,300,35,-3.3669,-0.1248135123434584,-3.157476022524534,-0.2094239774754651,-0.2092616015651016,-0.0001623759103634,-0.03665411857233536,-0.24591572013743696,-3.403391742661971,-0.03665411857233536,0.17897427687732015
337000,78732,-3.2823949964733683,-3.321331696514759,0.038936700041391,-4.829891387237718,0.1410095728579057,-4.92797,-4.834245,-4.73701,0.1909600000000004,16.789865296194684,16.538674999999998,16.7853,17.0339,0.4952250000000013,0.338982520090418,0.0098510906149605,0.3337104469537735,0.3392804116010666,0.3437820598483085,0.010071612894535,0.3390853233850808,49222.5531172726,36372.647980571885,47249.104304631015,59922.67230316311,23550.024322591227,Al,300,36,-3.3669,-0.1248623511092727,-3.1575326453640957,-0.209367354635904,-0.2092616015651016,-0.0001057530708024,-0.03660708531636772,-0.24586868688146932,-3.403401332245565,-0.03660708531636772,0.1789564815020228
338000,78732,-3.2826718717577887,-3.321473115505767,0.0388012437479775,-4.832401112762282,0.1418545781745984,-4.9311025,-4.83936,-4.7399275,0.1911749999999994,16.79189895087131,16.5448,16.7872,17.0354,0.4906000000000006,0.3389804172464692,0.0097963722260385,0.3337519690394401,0.3392410278320312,0.3437170311808586,0.0099650621414184,0.3391450648017423,49154.3972400573,36426.686719069825,47167.21180985273,59811.477406598744,23384.79068752892,Al,300,37,-3.3669,-0.1249272325329966,-3.157744639224792,-0.2091553607752079,-0.2092616015651016,0.0001062407898937,-0.036381223685057834,-0.24564282525015943,-3.4033874644749513,-0.036381223685057834,0.1788535997958607
339000,78732,-3.282711607018501,-3.321307993446121,0.0385963864276198,-4.829543045775543,0.1413034934110186,-4.9264825,-4.833975000000001,-4.7371175,0.1893649999999995,16.793855547934765,16.5407,16.787,17.0383,0.4975999999999985,0.3389671412434046,0.0097666959930875,0.3337444067001343,0.3391986787319183,0.3437210023403168,0.0099765956401824,0.3391243716421659,49246.33290786711,36379.35239049381,47199.40511325805,60038.6349029235,23659.282512429687,Al,300,38,-3.3669,-0.1248533457858671,-3.1578582612326342,-0.2090417387673655,-0.2092616015651016,0.0002198627977361,-0.036230775659938375,-0.24549237722503997,-3.4033506384576744,-0.036230775659938375,0.17883367375207768
340000,78732,-3.282321289960044,-3.321227258929025,0.0389059689689808,-4.830372649875528,0.1391164737641391,-4.92601,-4.83556,-4.7399475,0.1860624999999993,16.796200012701316,16.5442,16.7904,17.0418,0.4975999999999985,0.3389492677782558,0.0097546890172183,0.3336440324783325,0.3392215669155121,0.3436708226799965,0.0100267902016639,0.3390467633236649,49244.57438090242,36369.53654572331,47335.73034884277,59903.428822407026,23533.892276683713,Al,300,39,-3.3669,-0.1248747927108824,-3.1574464972491616,-0.2094535027508381,-0.2092616015651016,-0.0001919011857365,-0.03656656191303645,-0.24582816347813805,-3.4032746607272997,-0.03656656191303645,0.17877284668035207
341000,78732,-3.2827342646186533,-3.3213163986689023,0.0385821340502489,-4.829961220215415,0.1397797774892102,-4.9268025,-4.8345,-4.73813,0.1886725,16.793354160951075,16.5414,16.7883,17.0397,0.4983000000000004,0.3389661530593828,0.0097927174479789,0.3337152302265167,0.3392329514026642,0.3436944112181663,0.0099791809916496,0.3390153712458026,49203.99418678779,36456.382133047926,47191.71417419224,59865.67191813782,23409.289785089895,Al,300,40,-3.3669,-0.1248641564313972,-3.157870108187256,-0.2090298918127437,-0.2092616015651016,0.0002317097523578,-0.03620197209159584,-0.24546357365669744,-3.4033336818439532,-0.03620197209159584,0.17880629292707317
342000,78732,-3.2825899285423765,-3.3212989022252706,0.0387089736828942,-4.829901612559061,0.1390192481549984,-4.92539,-4.8349150000000005,-4.73906,0.1863299999999998,16.794326818828427,16.5415,16.7887,17.0404,0.4989000000000025,0.3389524737415484,0.009835134301317,0.3336967602372169,0.3392258286476135,0.3437449336051941,0.0100481733679771,0.3390585295221963,49165.91726148129,36367.60180383646,47119.00936053698,59784.73965691605,23417.137853079592,Al,300,41,-3.3669,-0.1248626154542779,-3.1577273130880985,-0.2091726869119012,-0.2092616015651016,8.891465320037817e-05,-0.036319452067139324,-0.24558105363224092,-3.4033083667203394,-0.036319452067139324,0.17879589292378364
343000,78732,-3.2827218437969528,-3.321282702713001,0.0385608589160481,-4.830467191231011,0.1409942403476235,-4.9284725,-4.8356,-4.73719,0.1912824999999998,16.794974274754864,16.542,16.7866,17.0412,0.4991999999999983,0.3389462241928025,0.0098083007444788,0.3336863815784454,0.3392177671194076,0.3437392935156822,0.0100529119372367,0.3390895243633243,49061.22128022413,36181.20974910584,47122.73861646745,59716.27714775752,23535.067398651685,Al,300,42,-3.3669,-0.1248772367939841,-3.1578446070029687,-0.2090553929970311,-0.2092616015651016,0.0002062085680705,-0.03621496545684741,-0.245476567021949,-3.4033211740249176,-0.03621496545684741,0.17876644689970508
344000,78732,-3.2828479539650255,-3.3213644702281155,0.0385165162630897,-4.834159079535639,0.14085029141859,-4.93305,-4.8393049999999995,-4.7413275,0.1917225,16.79991260478586,16.548975,16.7949,17.0414,0.4924250000000008,0.3389644929320142,0.0097450207394706,0.3337249904870987,0.3392344415187835,0.3437295258045196,0.0100045353174209,0.339057261171664,49070.52367843764,36223.56626240851,47125.6384886466,59638.69437726912,23415.128114860607,Al,300,43,-3.3669,-0.1249726794896453,-3.15787527447538,-0.2090247255246198,-0.2092616015651016,0.0002368760404818,-0.0361228445572766,-0.2453844461223782,-3.403259720597758,-0.0361228445572766,0.17862311667240804
345000,78732,-3.2822717606655054,-3.321090480998832,0.0388187203333257,-4.827213968399127,0.1420943632975433,-4.926335,-4.832515,-4.7345275,0.1918074999999994,16.798214964690345,16.5446,16.793149999999997,17.0458,0.5012000000000008,0.3389425108057178,0.0098705256519936,0.3336983919143677,0.3392218202352524,0.3437375426292419,0.0100391507148742,0.3390180546763296,49256.23990300095,36340.28765400756,47291.97285998853,60048.949340155086,23708.661686147527,Al,300,44,-3.3669,-0.1247931344780304,-3.157478626187475,-0.2094213738125248,-0.2092616015651016,-0.0001597722474231,-0.03643302180120542,-0.245694623366307,-3.403173249553782,-0.03643302180120542,0.17865196855961943
346000,78732,-3.2825931259388215,-3.321234467814865,0.038641341876044,-4.829953171010517,0.1416499796858522,-4.9281325,-4.83514,-4.73745,0.1906825000000003,16.79722477137631,16.5479,16.7901,17.0405,0.492600000000003,0.3389194602492058,0.0097779492050193,0.3336581811308861,0.3391847461462021,0.3436499238014221,0.009991742670536,0.3390314234200637,49237.19502599504,36277.73721049244,47278.69468535457,60021.91783778029,23744.18062728785,Al,300,45,-3.3669,-0.1248639483433539,-3.1577291775954675,-0.2091708224045323,-0.2092616015651016,9.07791605693209e-05,-0.03623229943949505,-0.24549390100459664,-3.403223078600064,-0.03623229943949505,0.1787319063395425
347000,78732,-3.282401572171671,-3.321117469643855,0.0387158974721842,-4.826508759208454,0.1409506947431026,-4.9242,-4.831155,-4.733750000000001,0.1904499999999993,16.801828829446734,16.5484,16.7952,17.0471,0.4986999999999995,0.3389259359745338,0.0098576060642244,0.3336605578660965,0.3392098695039749,0.343711793422699,0.0100512355566024,0.3389527603396403,49205.11457959958,36394.53682342016,47249.40501072293,59903.8665504209,23509.32972700074,Al,300,46,-3.3669,-0.124774903410184,-3.157626668761487,-0.2092733312385126,-0.2092616015651016,-1.17296734110095e-05,-0.0362076748801296,-0.2454692764452312,-3.403095945206718,-0.0362076748801296,0.17857624623148557
348000,78732,-3.282697528672613,-3.321368461108571,0.0386709324359587,-4.832308795915257,0.1403093703213916,-4.9296825,-4.837384999999999,-4.7395875,0.1900950000000003,16.79770292384291,16.5472,16.7908,17.041825,0.4946249999999992,0.339034693502713,0.0098385449772388,0.3337608724832535,0.3392596840858459,0.3437907323241234,0.0100298598408699,0.3391276376980268,49121.6561439097,36243.28646989624,47205.05825149278,59795.15793067824,23551.871460781993,Al,300,47,-3.3669,-0.1249248459578871,-3.157772682714725,-0.2091273172852745,-0.2092616015651016,0.000134284279827,-0.03619288955334399,-0.24545449111844558,-3.4032271738331707,-0.03619288955334399,0.17868092428426177
349000,78732,-3.282355339750297,-3.321189928110552,0.038834588360255,-4.829029592922827,0.1413644488810792,-4.9261625,-4.834045,-4.7363875,0.189775,16.794343998628257,16.5437,16.7897,17.0404,0.4967000000000006,0.3390039528379358,0.0097895309815508,0.3337884843349457,0.3392461091279983,0.3437308594584465,0.0099423751235008,0.3391995957775256,49215.5510800703,36352.77998272935,47318.29428667335,59941.79249871961,23589.01251599026,Al,300,48,-3.3669,-0.1248400720028286,-3.1575152677474687,-0.209384732252531,-0.2092616015651016,-0.0001231306874294,-0.03642657149789197,-0.24568817306299356,-3.4032034408104623,-0.03642657149789197,0.17879758958810976
350000,78732,-3.282726591977955,-3.3213078604633446,0.0385812684853884,-4.832952368287354,0.1396463540495855,-4.929825,-4.837185,-4.7406675,0.1891575000000003,16.79445807168623,16.5446,16.7892,17.0403,0.4956999999999993,0.339010875373632,0.0098098909855031,0.3337481245398521,0.3392397463321686,0.3437879756093025,0.0100398510694503,0.3391322199962508,49173.818269803895,36300.37681222487,47192.8297719384,59868.101073819715,23567.72426159484,Al,300,49,-3.3669,-0.1249414835907128,-3.157785108387242,-0.2091148916127578,-0.2092616015651016,0.0001467099523437,-0.03622173091970168,-0.24548333248480328,-3.4032684408720453,-0.03622173091970168,0.17876248494555863
351000,78732,-3.2823560970310637,-3.32125620878423,0.0389001117531664,-4.830031623609206,0.1398711302891795,-4.92717,-4.83459,-4.7381575,0.1890125000000004,16.798169138342733,16.5458,16.7936,17.0444,0.4985999999999997,0.3389795742191229,0.0097782366522958,0.33374984562397,0.3392324894666672,0.3437580466270447,0.0100082010030746,0.3390520338938287,49188.88692120139,36370.56143003461,47227.782577667254,59871.11600708774,23500.554577053124,Al,300,50,-3.3669,-0.1248659764999184,-3.157490120531145,-0.2094098794688546,-0.2092616015651016,-0.0001482779037529,-0.03639647360263493,-0.24565807516773652,-3.403148195698882,-0.03639647360263493,0.1786589792011296
352000,78732,-3.28269900403401,-3.321362880658436,0.0386638766244259,-4.833895048519026,0.1386947035603493,-4.92958,-4.83839,-4.74286,0.1867199999999993,16.794237896916123,16.5427,16.7886,17.0398,0.4970999999999996,0.339060005699753,0.0098147236215577,0.3338008895516395,0.3392498940229416,0.3437487781047821,0.0099478885531425,0.339179958010122,49216.55942577205,36311.63817219078,47263.90056917689,59895.90439273728,23584.266220546506,Al,300,51,-3.3669,-0.1249658537598603,-3.15773315027415,-0.2091668497258498,-0.2092616015651016,9.47518392517832e-05,-0.03628343657513014,-0.24554503814023174,-3.4032781884143817,-0.03628343657513014,0.17878542275170312
353000,78732,-3.282567159865686,-3.321412150586801,0.0388449907211146,-4.833666677716812,0.1393485630568389,-4.9304225,-4.838825,-4.74236,0.1880625,16.797696162932482,16.5471,16.7917,17.0408,0.4937000000000004,0.3389605082057086,0.0097395812982192,0.3337868228554725,0.3392189592123031,0.3437020406126976,0.009915217757225,0.3391984565533564,49097.62982413044,36278.21919008365,47243.374979180255,59827.049488382,23548.83029829835,Al,300,52,-3.3669,-0.1249599499179303,-3.1576072099477557,-0.2092927900522441,-0.2092616015651016,-3.1188487142452814e-05,-0.036331950897221355,-0.24559355246232295,-3.4032007624100786,-0.036331950897221355,0.17870369855524382
354000,78732,-3.282587661145186,-3.3214443584565356,0.0388566973113499,-4.8334464280089415,0.140960426262929,-4.9309,-4.8385,-4.7407075,0.1901925000000002,16.794235947264134,16.5445,16.7875,17.0374,0.4929000000000023,0.3389906688206613,0.009786105142336,0.3337170034646988,0.3392321318387985,0.343737319111824,0.0100203156471252,0.3391485422079728,49164.69255463613,36311.17485131023,47259.20758498213,59893.447043865235,23582.272192555007,Al,300,53,-3.3669,-0.1249542560225296,-3.1576334051226564,-0.2092665948773433,-0.2092616015651016,-4.9933122416856435e-06,-0.03636284338240858,-0.24562444494751018,-3.4032578500701667,-0.03636284338240858,0.17879414526320145
355000,78732,-3.2823192265314263,-3.321142330691459,0.0388231041600327,-4.825886563658995,0.1393775963650659,-4.9234425,-4.83046,-4.7331075,0.1903350000000001,16.79462412614947,16.5448,16.7904,17.038225,0.493425000000002,0.3388955485834094,0.0098155519215418,0.3336687013506889,0.3391799926757812,0.3436844050884247,0.0100157037377357,0.3391004517982569,49339.59638353655,36424.21173256307,47275.52886934674,60044.69320654056,23620.48147397749,Al,300,54,-3.3669,-0.1247588184109726,-3.1575604081204536,-0.2093395918795462,-0.2092616015651016,-7.799031444455373e-05,-0.03630280349571319,-0.24556440506081478,-3.403124813181268,-0.03630280349571319,0.17883138849272998
356000,78732,-3.282525769317298,-3.321225575369608,0.0386998060523103,-4.828307774729462,0.141692040850964,-4.92655,-4.83314,-4.7361675000000005,0.1903824999999992,16.793800002540262,16.5435,16.7879,17.0373,0.4937999999999967,0.3389962884173859,0.0098504511671611,0.3336943984031677,0.3392408341169357,0.3437790647149086,0.0100846663117408,0.3391124960064421,49183.483011124255,36358.957339166904,47187.92985316526,59819.88389267353,23460.92655350663,Al,300,55,-3.3669,-0.1248214115590481,-3.15770435775825,-0.2091956422417498,-0.2092616015651016,6.595932335184962e-05,-0.03622978021461831,-0.2454913817797199,-3.4031957395379697,-0.03622978021461831,0.17883006577909905
357000,78732,-3.282474600990697,-3.3212114428694814,0.0387368418787848,-4.829089324544023,0.1401288728006481,-4.92678,-4.83375,-4.7385075,0.1882725,16.795227312909617,16.5437,16.7885,17.0427,0.4989999999999988,0.3390087209926208,0.0098103948606486,0.333735242486,0.3392464071512222,0.3437822461128235,0.0100470036268234,0.3391250419604889,49384.276748551725,36512.15149312498,47405.54082670207,60011.80548370436,23499.653990579383,Al,300,56,-3.3669,-0.1248416161846869,-3.15763298480601,-0.2092670151939897,-0.2092616015651016,-5.413628888062405e-06,-0.036276890369191434,-0.24553849193429303,-3.403171476740303,-0.036276890369191434,0.17875349036899052
358000,78732,-3.282507200286075,-3.3211834177970836,0.0386762175110084,-4.827486913199207,0.1410807965652727,-4.9247,-4.83125,-4.73481,0.1898899999999992,16.796526726108826,16.5477,16.7908,17.038625,0.4909250000000007,0.3389847084356748,0.0098260169105366,0.3337386175990104,0.3392667770385742,0.3437845259904861,0.0100459083914756,0.3389773802879179,49316.361590240675,36357.902748904395,47326.98876544839,60063.77873531901,23705.875986414612,Al,300,57,-3.3669,-0.1248001906469437,-3.1577070096391315,-0.2091929903608682,-0.2092616015651016,6.861120423340417e-05,-0.03613374871504374,-0.24539535028014534,-3.4031023599192767,-0.03613374871504374,0.1787746220446717
359000,78732,-3.2822050084603753,-3.321145649672306,0.0389406412119303,-4.827115806025504,0.1402858573435817,-4.92394,-4.83236,-4.73534,0.1886000000000001,16.79804815576894,16.5468,16.7914,17.0438,0.4969999999999999,0.3389692880387005,0.0099037714291875,0.3336141631007194,0.3392089158296585,0.3437556475400924,0.010141484439373,0.3391384933555882,49343.47593680359,36519.053962842445,47332.9176492102,59995.280150059065,23476.22618721662,Al,300,58,-3.3669,-0.1247905967843685,-3.157414411676007,-0.209485588323993,-0.2092616015651016,-0.0002239867588913,-0.0363947212975132,-0.2456563228626148,-3.4030707345386215,-0.0363947212975132,0.17869498216616594
360000,78732,-3.2826999454676256,-3.3213075450896716,0.0386075996220456,-4.8304746422039315,0.1417429850628883,-4.92879,-4.83571,-4.7376475000000005,0.1911424999999997,16.79386581821877,16.5439,16.7869,17.0379,0.4939999999999998,0.3389624259385195,0.0098622294754162,0.333686001598835,0.3392162472009659,0.3437183797359466,0.0100323781371116,0.3391517451464424,49232.54460919922,36388.43627927055,47285.90897566703,59912.00890548587,23523.57262621532,Al,300,59,-3.3669,-0.1248774294165344,-3.157822516051091,-0.2090774839489086,-0.2092616015651016,0.0001841176161929,-0.03613016114094664,-0.24539176270604823,-3.4032142787571393,-0.03613016114094664,0.17880074188599326
361000,78732,-3.2820352778894755,-3.3209634664431236,0.0389281885536478,-4.824233492607833,0.1428692237619824,-4.92406,-4.829035,-4.73001,0.1940499999999998,16.796218841131942,16.5445,16.7905,17.0415,0.4969999999999999,0.3389560120382857,0.0098828177471893,0.3336753994226455,0.3392272144556045,0.343775637447834,0.0101002380251884,0.3390545247047223,49454.73847483296,36531.2972523621,47439.5319859157,60259.72203794329,23728.424785581192,Al,300,60,-3.3669,-0.1247160832185117,-3.1573191946709636,-0.2095808053290362,-0.2092616015651016,-0.0003192037639345,-0.03646882259106912,-0.24573042415617072,-3.403049618827134,-0.03646882259106912,0.17877311336106472
362000,78732,-3.2824619112158206,-3.3212790753442056,0.0388171641283849,-4.827930713178885,0.1400041989080653,-4.92523,-4.83223,-4.73481,0.1904199999999996,16.795823040186967,16.5447,16.7891,17.0388,0.4940999999999995,0.3389565313739977,0.0098560827192177,0.3337192311882972,0.3392040729522705,0.3437284380197525,0.0100092068314552,0.3390193565255172,49281.982060420094,36477.5141505011,47378.42822313408,59925.41224201826,23447.898091517163,Al,300,61,-3.3669,-0.1248116637639233,-3.1576502474518975,-0.2092497525481023,-0.2092616015651016,1.1849016999354587e-05,-0.036205237779009136,-0.24546683934411073,-3.403117086796008,-0.036205237779009136,0.17878384730714164
363000,78732,-3.2824604209457755,-3.321209035081034,0.0387486141352593,-4.8283390712797845,0.1393921946608076,-4.924695,-4.8338149999999995,-4.73861,0.1860849999999994,16.792955860387135,16.5429,16.7869,17.0362,0.4933000000000014,0.3389718686339544,0.0098460014149969,0.3337394595146179,0.3392226099967956,0.3437664434313774,0.0100269839167594,0.3390764259500322,49311.05384347358,36461.62382732444,47411.54304521956,60066.887901378475,23605.264074054037,Al,300,62,-3.3669,-0.1248222206374604,-3.157638200308315,-0.2092617996916845,-0.2092616015651016,-1.9812658291762378e-07,-0.03627099959190991,-0.2455326011570115,-3.403170801465327,-0.03627099959190991,0.17889514967403183
364000,78732,-3.282558980342946,-3.3214593362292337,0.0389003558862876,-4.833453245059187,0.1419235231522323,-4.9317925,-4.83881,-4.74085,0.1909425000000002,16.792712716557435,16.5428,16.7876,17.037,0.4941999999999993,0.3390382881180873,0.0098190661422037,0.3337882906198501,0.339291587471962,0.3438159674406051,0.010027676820755,0.3391581678141582,49134.84428949719,36270.459998098966,47172.97930093513,59728.77562764981,23458.31562955084,Al,300,63,-3.3669,-0.1249544322569111,-3.157604548086035,-0.2092954519139649,-0.2092616015651016,-3.385034886327354e-05,-0.03635869465936428,-0.24562029622446588,-3.403224844310501,-0.03635869465936428,0.17880603480109614
365000,78732,-3.2823165546653996,-3.3211786224152826,0.0388620677498831,-4.827309666209419,0.1404175940356362,-4.92483,-4.83165,-4.7349175,0.1899125000000001,16.78909543387695,16.5377,16.7811,17.036125000000002,0.498425000000001,0.3390041633740901,0.0098682525108064,0.3337234854698181,0.3392219841480255,0.3437615558505058,0.0100380703806877,0.3390240376057291,49377.17338374453,36373.855835228154,47442.6697366037,60125.28552326277,23751.429688034616,Al,300,64,-3.3669,-0.1247956084578016,-3.157520946207598,-0.2093790537924018,-0.2092616015651016,-0.0001174522273001,-0.03643065631201742,-0.245692257877119,-3.403213204084717,-0.03643065631201742,0.178982462925846
366000,78732,-3.2824588293760417,-3.3212299560534473,0.0387711266774056,-4.827107561347356,0.1417399541686635,-4.92606,-4.83187,-4.73315,0.1929099999999994,16.78910476807397,16.5382,16.7828,17.0309,0.4926999999999992,0.3389336352908883,0.0097728499505919,0.3337034061551094,0.3392189592123031,0.3437008634209633,0.0099974572658538,0.3390369178816318,49279.012133906755,36396.19774488307,47386.631173859816,59922.65639261709,23526.45864773402,Al,300,65,-3.3669,-0.1247903836429508,-3.157668445733091,-0.2092315542669087,-0.2092616015651016,3.0047298192892313e-05,-0.036288083420729284,-0.24554968498583088,-3.4032181307189218,-0.036288083420729284,0.17902436456726029
367000,78732,-3.2826612260223467,-3.3215318325458516,0.038870606523505,-4.834003326982676,0.1398193494565978,-4.93101,-4.83921,-4.74222,0.18879,16.78953411700452,16.541375,16.7842,17.0342,0.4928249999999998,0.3390465447354479,0.0097739615181951,0.3338255658745765,0.3393139690160751,0.3437911048531532,0.0099655389785766,0.3391456621885602,49116.90010861268,36236.547515662794,47181.07164955094,59845.34679951132,23608.79928384852,Al,300,66,-3.3669,-0.1249686529746794,-3.157692573047667,-0.2092074269523327,-0.2092616015651016,5.4174612768909114e-05,-0.036307560727130594,-0.2455691622922322,-3.4032617353398993,-0.036307560727130594,0.1789170717708159
368000,78732,-3.2823963936156124,-3.321205572448305,0.0388091788326931,-4.828137883960777,0.1378382065432968,-4.92353,-4.833745,-4.73857,0.1849600000000002,16.786445121424578,16.534174999999998,16.7805,17.0305,0.4963250000000023,0.3389910032492624,0.0097636931140211,0.333739623427391,0.3392828404903412,0.3437207490205765,0.0099811255931854,0.3391420433064674,49399.6144044003,36538.462658259574,47493.72523920499,60116.80863132026,23578.345973060685,Al,300,67,-3.3669,-0.1248170195429325,-3.15757937407268,-0.2093206259273197,-0.2092616015651016,-5.902436221805196e-05,-0.03642578644815789,-0.24568738801325948,-3.4032667620859396,-0.03642578644815789,0.1791327348591156
369000,78732,-3.2824634010574543,-3.3212883117410965,0.0388249106836421,-4.828744547198089,0.1408190601489064,-4.92652,-4.834595,-4.7365,0.1900199999999996,16.788930714322007,16.5386,16.7826,17.034525000000002,0.4959250000000033,0.3389685032555669,0.0098219900061851,0.3337022811174392,0.3392309993505478,0.3437746167182922,0.0100723356008529,0.3390104828196764,49191.95360089897,36342.350225498616,47290.72498926943,59833.0893786537,23490.73915315508,Al,300,68,-3.3669,-0.1248327030008136,-3.1576306980566407,-0.2092693019433591,-0.2092616015651016,-7.700378257480267e-06,-0.036331929682642455,-0.24559353124774405,-3.4032242293043846,-0.036331929682642455,0.17896759921150884
370000,78732,-3.2825368277851337,-3.321421074785347,0.0388842470002146,-4.831433173677794,0.140788918780079,-4.92906,-4.83571,-4.73886,0.1901999999999999,16.7882675405172,16.5381,16.7823,17.0336,0.4954999999999998,0.3389719836411968,0.0098581102443671,0.3336963728070259,0.3392238020896911,0.3437549769878387,0.0100586041808128,0.3391386678406682,49228.51999111389,36236.483351494055,47274.542209729814,59934.238384746546,23697.75503325249,Al,300,69,-3.3669,-0.1249022093719916,-3.157634618413142,-0.2092653815868579,-0.2092616015651016,-3.780021756272234e-06,-0.0363641252203005,-0.2456257267854021,-3.403260345198544,-0.0363641252203005,0.17896245032197064
371000,78732,-3.282403975625285,-3.3212787994716253,0.0388748238463407,-4.830350647894122,0.1417575569032892,-4.9288324999999995,-4.83539,-4.7373775,0.1914549999999995,16.78874330894681,16.536775,16.7849,17.0342,0.4974249999999998,0.3389449867741222,0.009811643335954,0.333709292113781,0.3392558097839355,0.3436879962682724,0.0099787041544914,0.3391220246812668,49262.23541600015,36419.81673936485,47290.554946813354,59871.16451137279,23451.34777200794,Al,300,70,-3.3669,-0.1248742239156638,-3.157529751709621,-0.2093702482903787,-0.2092616015651016,-0.0001086467252771,-0.03644299789327646,-0.24570459945837805,-3.403234351167999,-0.03644299789327646,0.17895746160963433
372000,78732,-3.282740271928487,-3.3213651406035662,0.03862486867508,-4.830835951963623,0.1398819139815137,-4.92774,-4.83613,-4.7396875000000005,0.1880524999999995,16.78588674363664,16.537,16.7801,17.0283,0.4913000000000025,0.3390032077488367,0.0098133819005766,0.3337789550423622,0.3392739295959472,0.3437519893050194,0.0099730342626571,0.3390963690443712,49320.65433360144,36544.68773901612,47365.250587620765,59967.46933972257,23422.781600706458,Al,300,71,-3.3669,-0.1248867699963647,-3.1578535019321223,-0.2090464980678774,-0.2092616015651016,0.0002151034972242,-0.036184377400866996,-0.2454459789659686,-3.4032994808980908,-0.036184377400866996,0.17910580542137855
373000,78732,-3.2826589680642093,-3.321561376822639,0.0389024087584286,-4.836535578163899,0.139350751907502,-4.9336925,-4.84074,-4.74398,0.1897125000000006,16.786302599959356,16.535774999999997,16.7819,17.0309,0.4951250000000016,0.339018391844343,0.0097684435598578,0.333801619708538,0.3392627686262131,0.3437815308570862,0.0099799111485481,0.3391915512297391,48993.465640437906,36253.66818192902,47008.7116356716,59499.64623638029,23245.978054451276,Al,300,72,-3.3669,-0.1250341167316745,-3.157624851332535,-0.2092751486674648,-0.2092616015651016,-1.3547102363231645e-05,-0.03645593088395804,-0.24571753244905964,-3.4033423837815944,-0.03645593088395804,0.17901783528291962
374000,78732,-3.2823148471622456,-3.321172667149317,0.0388578199870713,-4.826594853807855,0.1391305164749411,-4.92275,-4.83156,-4.7354875000000005,0.1872624999999992,16.791005539043844,16.5405,16.7835,17.0359,0.4954,0.3390190005226723,0.009831764733054,0.3337046504020691,0.3392834812402725,0.3437486216425895,0.0100439712405204,0.3391114158372941,49417.44137460484,36558.12212000979,47310.81299123423,60132.46254027948,23574.340420269684,Al,300,73,-3.3669,-0.1247771291277493,-3.1575377180344963,-0.2093622819655034,-0.2092616015651016,-0.0001006804004017,-0.03632681004045274,-0.24558841160555434,-3.4031261296400506,-0.03632681004045274,0.17897477002737133
375000,78732,-3.2823532555244115,-3.3213409983234268,0.0389877427990145,-4.829595513387187,0.1399218059506819,-4.9265625,-4.834315,-4.7378,0.1887625000000001,16.78954062515877,16.5403,16.7836,17.0325,0.4922000000000004,0.3389571947898497,0.0098413490894403,0.3336767703294754,0.3391691893339157,0.343741700053215,0.0100649297237396,0.3390826608826491,49276.03026030909,36368.4356536737,47284.02622969846,59983.95816770228,23615.522514028577,Al,300,74,-3.3669,-0.1248547021785521,-3.1574985533458593,-0.2094014466541405,-0.2092616015651016,-0.0001398450890388,-0.03642523456573871,-0.2456868361308403,-3.4031853894766995,-0.03642523456573871,0.17899221352892575
376000,78732,-3.282541733373833,-3.321280012320276,0.0387382789464433,-4.826762907585226,0.1409564986074867,-4.9245624999999995,-4.831995,-4.7342175,0.1903449999999997,16.787661196209925,16.5351,16.7839,17.0327,0.4975999999999985,0.338912905544998,0.0098562155397543,0.3336819112300873,0.3392145931720733,0.3436719924211502,0.0099900811910629,0.339023459888777,49237.07698097206,36271.07540505503,47152.054521680635,59983.30049108093,23712.2250860259,Al,300,75,-3.3669,-0.124781473653966,-3.157760259719867,-0.2091397402801327,-0.2092616015651016,0.0001218612849689,-0.03618986960288359,-0.24545147116798519,-3.4032117308878522,-0.03618986960288359,0.17900597471768037
377000,78732,-3.2822187238851943,-3.3212462823248488,0.0390275584396541,-4.8284279155870555,0.1409470159164626,-4.9267025,-4.833905,-4.73637,0.1903325000000002,16.79124875019052,16.5399,16.7844,17.0367,0.4968000000000003,0.3390137136386782,0.0098887909021163,0.3337369710206985,0.3392512500286102,0.3437605127692222,0.0100235417485237,0.3391805662955385,49340.45041291301,36409.26757650434,47308.489551096056,59983.130620021446,23573.863043517107,Al,300,76,-3.3669,-0.1248245174404729,-3.157394206444722,-0.2095057935552784,-0.2092616015651016,-0.0002441919901767,-0.03648295504131138,-0.24574455660641298,-3.403138763051135,-0.03648295504131138,0.17892549118685083
378000,78732,-3.282702420053451,-3.32143555453945,0.0387331344859993,-4.833971999441141,0.1410879328664268,-4.93242,-4.839565,-4.74175,0.1906699999999999,16.790509807956102,16.5411,16.784,17.0347,0.4936000000000007,0.3390819297374121,0.0098009772772194,0.3338239714503288,0.3392874300479889,0.343778632581234,0.0099546611309051,0.3391182170015449,49045.87145289615,36200.75151931494,47050.35840650386,59688.98089641689,23488.22937710195,Al,300,77,-3.3669,-0.1249678430950823,-3.1577345769583687,-0.2091654230416311,-0.2092616015651016,9.6178523470547e-05,-0.036237477750602626,-0.24549907931570422,-3.403233656274073,-0.036237477750602626,0.17891339415473537
379000,78732,-3.2825597864331546,-3.3212622723924197,0.0387024859592651,-4.8294755066554895,0.1418579560002563,-4.92766,-4.83428,-4.7362975,0.1913625000000003,16.788505432352792,16.5382,16.784,17.0347,0.496500000000001,0.3390055323432314,0.0097839939162076,0.3337764889001846,0.3392721563577652,0.3437411859631538,0.0099646970629692,0.3392187906383275,49234.11639095099,36377.462057844496,47228.65433220538,59955.3440491534,23577.881991308903,Al,300,78,-3.3669,-0.1248515997645499,-3.1577081866686045,-0.2091918133313952,-0.2092616015651016,6.978823370640264e-05,-0.036223927742380396,-0.245485529307482,-3.4031937159760863,-0.036223927742380396,0.17897318116763652
380000,78732,-3.2825879341000905,-3.32129585009907,0.03870791599898,-4.830953534268151,0.1408607041285224,-4.92837,-4.83592,-4.7395,0.1888700000000005,16.78853090484174,16.5373,16.7842,17.0355,0.4982000000000006,0.3389391362869975,0.0097754319412918,0.3337116241455078,0.3391905277967453,0.3437234759330749,0.0100118517875671,0.3390606629149262,49275.88619581635,36427.76923117881,47267.617592017574,59930.14035461761,23502.371123438796,Al,300,79,-3.3669,-0.1248898097340761,-3.1576981243660143,-0.2092018756339855,-0.2092616015651016,5.972593111613911e-05,-0.03626972452146865,-0.24553132608657025,-3.4032294504525846,-0.03626972452146865,0.1789560804859671
381000,78732,-3.282632522874109,-3.321367090382564,0.0387345675084547,-4.830970852766345,0.1403650741863084,-4.9286449999999995,-4.83674,-4.73974,0.1889049999999992,16.79103087308845,16.5407,16.7861,17.0351,0.4943999999999988,0.3390227571013969,0.0098080028094433,0.3337696567177772,0.339263379573822,0.3437631130218506,0.0099934563040733,0.3390311777583377,49150.14455662964,36333.72599050285,47210.50422929814,59781.384285833126,23447.65829533028,Al,300,80,-3.3669,-0.1248902574518878,-3.157742265422221,-0.2091577345777788,-0.2092616015651016,0.0001038669873227,-0.036177695451323905,-0.2454392970164255,-3.4031815624386463,-0.036177695451323905,0.1789125282341518
382000,78732,-3.2825954041690584,-3.3212088460854545,0.0386134419163961,-4.827417457958645,0.1416625278678368,-4.92635,-4.83275,-4.73452,0.1918300000000004,16.792084426916627,16.5424,16.7844,17.035225,0.4928249999999998,0.3389237345965335,0.0098153763331638,0.3336840867996216,0.339225634932518,0.3437080979347229,0.0100240111351013,0.3391212274604367,49291.475013316114,36476.37973402861,47290.87522781639,60012.50023808247,23536.120504053863,Al,300,81,-3.3669,-0.1247983950900795,-3.157797009078979,-0.2091029909210209,-0.2092616015651016,0.0001586106440807,-0.036068264783425785,-0.24532986634852738,-3.4031268754275064,-0.036068264783425785,0.1789299900235273
383000,78732,-3.282554541534918,-3.3213459308794393,0.0387913893445206,-4.831139384240208,0.1396466969542059,-4.9278975,-4.83636,-4.7388075,0.1890900000000002,16.786766064624295,16.5351,16.7818,17.031825,0.4967250000000014,0.3390086630027795,0.009769769809981,0.3338020220398903,0.3392895013093948,0.3437569215893745,0.0099548995494842,0.3390576877913109,49240.68460455607,36384.80529081925,47242.68264316853,60090.92626855485,23706.120977735605,Al,300,82,-3.3669,-0.124894614327514,-3.157659927207404,-0.2092400727925958,-0.2092616015651016,2.1528772505829963e-05,-0.03632632951751255,-0.24558793108261415,-3.403247858290018,-0.03632632951751255,0.17906433284821574
384000,78732,-3.282106619576874,-3.321062578113092,0.0389559585362184,-4.824302899456384,0.1421287912135211,-4.92312,-4.828735,-4.7303275000000005,0.1927924999999994,16.783811558197428,16.5319,16.7781,17.0292,0.4972999999999992,0.3389747679447041,0.0098417123259041,0.3337220922112465,0.3392121493816376,0.3437420427799225,0.0100199505686759,0.3391853032621076,49518.55437134741,36568.21758747341,47553.78274892914,60258.224978053695,23690.00739058029,Al,300,83,-3.3669,-0.1247178775243456,-3.1573887420525284,-0.2095112579474713,-0.2092616015651016,-0.0002496563823697,-0.03654659654403361,-0.2458081981091352,-3.4031969401616635,-0.03654659654403361,0.1792136238371855
385000,78732,-3.282576420558547,-3.321328149926333,0.0387517293677854,-4.8310868848752735,0.1397639398158079,-4.9291425,-4.83619,-4.73964,0.1895025000000005,16.78700912208505,16.538,16.781,17.0299,0.4919000000000011,0.3388819419215112,0.0097887627939503,0.3336347341537475,0.3391921818256378,0.3436816409230232,0.0100469067692756,0.3389905097083893,49218.72708727258,36306.917496032656,47251.54065543426,59802.45853028081,23495.541034248155,Al,300,84,-3.3669,-0.1248932571139429,-3.1576831634446036,-0.2092168365553961,-0.2092616015651016,4.4765009705516334e-05,-0.03630850634789071,-0.2455701079129923,-3.403253271357596,-0.03630850634789071,0.17908542315154716
386000,78732,-3.2823667816203472,-3.3211737048468217,0.0388069232264746,-4.828359705583499,0.1394097965463811,-4.925085,-4.83301,-4.7360975000000005,0.1889874999999996,16.790217267438905,16.5371,16.7846,17.038825,0.5017250000000004,0.3389458924998284,0.0097812522846845,0.3336566537618637,0.339165985584259,0.3437338322401047,0.0100771784782409,0.3390121983697046,49362.122250010536,36483.28848654791,47360.51082130494,60123.91937677276,23640.63089022485,Al,300,85,-3.3669,-0.1248227540754756,-3.1575440275448714,-0.2093559724551283,-0.2092616015651016,-9.437089002672928e-05,-0.03634464615096769,-0.2456062477160693,-3.403150275260941,-0.03634464615096769,0.17893890485385938
387000,78732,-3.282478900057862,-3.3212052603769755,0.038726360319113,-4.829510282477265,0.1397001135691886,-4.9271325,-4.83467,-4.73712,0.1900124999999999,16.78751822638825,16.5379,16.7813,17.0304,0.4924999999999997,0.3389628418287701,0.0098181673881735,0.3337379619479179,0.3392291367053985,0.3437013998627662,0.0099634379148483,0.3389991947036627,49365.40129362435,36435.23829267489,47415.283283806806,60114.45314532225,23679.21485264736,Al,300,86,-3.3669,-0.124852498789087,-3.1576264012687747,-0.209273598731225,-0.2092616015651016,-1.1997166123434155e-05,-0.03631954573162649,-0.2455811472967281,-3.403207548565503,-0.03631954573162649,0.17910772178967893
388000,78732,-3.2823759247676585,-3.3212405310420157,0.0388646062743574,-4.827983646166744,0.1403630634766622,-4.92558,-4.832504999999999,-4.73552,0.1900599999999999,16.791311784280854,16.539275,16.7867,17.0374,0.4981250000000017,0.3389752796197521,0.0098267446384934,0.3337172642350197,0.339250847697258,0.3437376171350479,0.0100203529000282,0.3390870798885086,49238.869950857494,36438.2869975559,47171.7174726876,59928.07702215707,23489.79002460117,Al,300,87,-3.3669,-0.1248130321875141,-3.1575628925801444,-0.2093371074198553,-0.2092616015651016,-7.550585475368798e-05,-0.036285751995790566,-0.24554735356089216,-3.4031102461410367,-0.036285751995790566,0.17891956680457743
389000,78732,-3.282643405368628,-3.321380730452675,0.0387373250840471,-4.8321278550017785,0.1401989750066023,-4.92862,-4.837375,-4.74148,0.1871399999999994,16.792713140781384,16.5418,16.7867,17.0365,0.4947000000000017,0.3389666478645418,0.0097921297260613,0.3337551951408386,0.339222252368927,0.3437314853072166,0.009976290166378,0.3389982690730242,49128.526285568965,36289.317988661314,47177.256209788626,59676.157961860365,23386.83997319905,Al,300,88,-3.3669,-0.1249201682734306,-3.157723237095197,-0.2091767629048027,-0.2092616015651016,8.483866029895815e-05,-0.0361763339038948,-0.2454379354689964,-3.4031611725641935,-0.0361763339038948,0.17888781663395936
390000,78732,-3.2826520071532186,-3.321364167047706,0.0387121598944876,-4.831158411827466,0.1397497319337145,-4.9279525,-4.83666,-4.7402275000000005,0.1877249999999994,16.78944330386628,16.5423,16.7835,17.0327,0.4903999999999975,0.3390231365162425,0.009759886196517,0.3337667286396026,0.3392745852470398,0.3437824994325638,0.0100157707929611,0.339229843089937,49218.669436822136,36438.21338259288,47335.89901781337,59883.09933146425,23444.88594887137,Al,300,89,-3.3669,-0.1248951062286957,-3.157756900924523,-0.2091430990754768,-0.2092616015651016,0.0001185024896248,-0.03615519893272956,-0.24541680049783116,-3.403173701422354,-0.03615519893272956,0.17901754880005158
391000,78732,-3.2824213660075547,-3.32124786109841,0.0388264950908551,-4.83088635878677,0.1410249299890523,-4.9284825,-4.835165,-4.738135,0.1903475000000005,16.79062888025199,16.5393,16.7857,17.038325,0.4990249999999996,0.3389539282532574,0.0097890294967667,0.3337322846055031,0.3392140567302704,0.3436823263764381,0.009950041770935,0.3390415820609153,49252.58382211684,36354.61489396646,47327.588837126415,59927.87231722894,23573.257423262476,Al,300,90,-3.3669,-0.1248880731135459,-3.157533292894009,-0.2093667071059908,-0.2092616015651016,-0.0001051055408891,-0.03635835308979424,-0.24561995465489583,-3.4031532475489046,-0.03635835308979424,0.17891910566549724
392000,78732,-3.2824134064191077,-3.321194363410049,0.0387809569909414,-4.828484706218565,0.1416769977535047,-4.92621,-4.8325,-4.7354475,0.1907624999999999,16.79334233094549,16.5438,16.7861,17.0379,0.4940999999999995,0.338935461256227,0.0098306706513042,0.3336894363164902,0.3392035514116287,0.3437089622020721,0.0100195258855819,0.3390379582715762,49223.65247052382,36341.61752333028,47182.48617481331,59911.29733814823,23569.67981481795,Al,300,91,-3.3669,-0.1248259855918666,-3.157587420827241,-0.2093125791727588,-0.2092616015651016,-5.097760765715442e-05,-0.03622794851181366,-0.24548955007691525,-3.403076970904156,-0.03622794851181366,0.17889704178487306
393000,78732,-3.2823401359745383,-3.3211386507392167,0.0387985147646776,-4.826093849387796,0.1409749275277086,-4.9242225,-4.831,-4.732055,0.1921675,16.793404000914492,16.5381,16.7879,17.039,0.5009000000000015,0.3388962651715678,0.0097916877826971,0.3337112814188003,0.3391642123460769,0.3436829522252083,0.0099716708064079,0.3390221669467485,49384.35364708783,36528.00821311781,47378.338619081755,60088.171399201674,23560.16318608386,Al,300,92,-3.3669,-0.1247641771615892,-3.157575958812949,-0.2093240411870507,-0.2092616015651016,-6.243962194907304e-05,-0.036236169436916266,-0.24549777100201786,-3.4030737298149667,-0.036236169436916266,0.1788938277977776
394000,78732,-3.282753529090088,-3.3215417296651935,0.0387882005751054,-4.837263373469492,0.1402474184334853,-4.93491,-4.84101,-4.7445875,0.1903225000000006,16.794274151552102,16.544,16.7887,17.0382,0.4941999999999993,0.3389647246476069,0.0098175163195241,0.3337734416127205,0.3392731547355652,0.3437430560588836,0.0099696144461631,0.3391163853306429,49081.71227557064,36342.84860878513,47103.9791603233,59706.08425096586,23363.235642180734,Al,300,93,-3.3669,-0.1250529316957589,-3.1577005973943293,-0.2091994026056705,-0.2092616015651016,6.219895943115894e-05,-0.036218660699175204,-0.2454802622642768,-3.403180859658606,-0.036218660699175204,0.17879822257689437
395000,78732,-3.2821173857239243,-3.321155894172636,0.0390385084487118,-4.826438793374994,0.1397566744494057,-4.92369,-4.83137,-4.7338375,0.1898524999999997,16.79701023599045,16.5452,16.7919,17.0411,0.4958999999999989,0.3389935427442475,0.0098727554357528,0.333681657910347,0.3392177671194076,0.3437831252813339,0.0101014673709869,0.3390668890422082,49285.91043000471,36514.1537427708,47283.880644341145,59910.75481475639,23396.601071985584,Al,300,94,-3.3669,-0.1247730946534724,-3.157344291070452,-0.2095557089295479,-0.2092616015651016,-0.0002941073644462,-0.03636237044155885,-0.24562397200666045,-3.4029682630771125,-0.03636237044155885,0.17880748188600296
396000,78732,-3.282543425804373,-3.321238182441701,0.0386947566373278,-4.829653082736371,0.1404637240925965,-4.92726,-4.83401,-4.737005,0.1902550000000005,16.793234406594525,16.5437,16.7876,17.0371,0.4933999999999976,0.3389413471335149,0.0098466464559234,0.3337088376283645,0.3392319232225418,0.3437273204326629,0.0100184828042984,0.3390788290262985,49210.91870891352,36342.67899505516,47254.85282157005,59872.72470896851,23530.04571391335,Al,300,95,-3.3669,-0.1248561904613549,-3.157687235343018,-0.2092127646569817,-0.2092616015651016,4.883690811996466e-05,-0.03614529386706858,-0.24540689543217017,-3.4030941307751883,-0.03614529386706858,0.17890375009745202
397000,78732,-3.2826355206390345,-3.3213727321800537,0.0387372115410189,-4.83114978852309,0.1399042271759131,-4.9282125,-4.83669,-4.73849,0.1897225000000002,16.79367355586039,16.5405,16.7888,17.0404,0.4999000000000002,0.3390583402695757,0.0098566248327902,0.3337538689374923,0.3392760455608368,0.3437669649720192,0.0100130960345268,0.3392833514882013,49228.27635826348,36317.95053653851,47264.58190235623,60004.519569661556,23686.569033123043,Al,300,96,-3.3669,-0.1248948832990328,-3.1577406373400017,-0.2091593626599981,-0.2092616015651016,0.0001022389051035,-0.036118054708444175,-0.24537965627354577,-3.4031202936135476,-0.036118054708444175,0.17882831573005104
398000,78732,-3.282461628694273,-3.3211574067723415,0.0386957780780686,-4.825784497916984,0.1422650102063237,-4.92492,-4.830935,-4.7332975,0.1916225000000002,16.792190258090734,16.541,16.7863,17.036,0.495000000000001,0.3389032481688979,0.0097893692445071,0.3336516618728637,0.3391689509153366,0.3436990454792976,0.0100473836064338,0.3390568329145019,49362.51686533419,36382.69773485595,47354.890910470494,60182.49094580676,23799.79321095081,Al,300,97,-3.3669,-0.1247561798074319,-3.157705448886841,-0.2091945511131587,-0.2092616015651016,6.705045194288495e-05,-0.036120720504846354,-0.24538232206994795,-3.403087770956789,-0.036120720504846354,0.178957759956063
399000,78732,-3.2827735962998754,-3.321404876416196,0.0386312801163211,-4.8327128730376465,0.1403550233038163,-4.92987,-4.83739,-4.740895,0.1889750000000001,16.791974399227755,16.5426,16.7863,17.0364,0.4938000000000002,0.3390063334246758,0.0098040411383959,0.3337214589118957,0.339220330119133,0.3437718823552131,0.0100504234433174,0.3390114827210544,49122.56369195214,36218.727813898535,47234.90332659623,59869.012235686125,23650.28442178759,Al,300,98,-3.3669,-0.1249352921595687,-3.157838304140306,-0.2090616958596931,-0.2092616015651016,0.0001999057054085,-0.036070418517173325,-0.24533202008227492,-3.403170324222581,-0.036070418517173325,0.17891012941297432
400000,78732,-3.2823774680045807,-3.3211281374790422,0.0387506694744617,-4.8263582300716354,0.1415592953322419,-4.9245325,-4.83025,-4.7320875,0.1924449999999993,16.790570431336683,16.5408,16.784750000000003,17.033425,0.4926250000000003,0.3389052556175554,0.009861135971312,0.3336945995688438,0.3392454236745834,0.3437481597065925,0.0100535601377487,0.3390036975490891,49429.18719814563,36535.31969127731,47476.29361011785,60213.67859395224,23678.358902674925,Al,300,99,-3.3669,-0.1247710119309712,-3.1576064560736095,-0.2092935439263903,-0.2092616015651016,-3.194236128867267e-05,-0.03622606037610779,-0.24548766194120938,-3.4030941180148186,-0.03622606037610779,0.17903994050049588
301000,78732,-3.2561992419423893,-3.307960330869278,0.0517610889268886,-4.560757935020068,0.1658192818624186,-4.675045,-4.56539,-4.451435,0.2236099999999998,16.8762729893817,16.5832,16.8688,17.162,0.5787999999999975,0.3354458672708081,0.0119979345637674,0.3290287852287292,0.3362760692834854,0.342100091278553,0.0130713060498237,0.3354637841176182,57623.140523772214,42284.47941882336,55205.56106529983,70206.05035167612,27921.570932852766,Al,400,0,-3.399,-0.1572062842135154,-3.098992957728874,-0.300007042271126,-0.2092616015651016,-0.0907454407060244,-0.11535725512455791,-0.3246188566896595,-3.4236118144185337,-0.11535725512455791,0.1778802824392269
302000,78732,-3.256629667943104,-3.308126552354824,0.0514968844117195,-4.5634505409490425,0.1623789639660615,-4.6768225,-4.569455,-4.4559575,0.2208649999999998,16.86177373621907,16.567275,16.8538,17.147825,0.5805500000000023,0.3355179133285175,0.0119500082897302,0.3291086480021477,0.3363198041915893,0.3421506211161613,0.0130419731140136,0.3356305249608829,57736.324699665725,42442.492042889986,55209.50689814301,70324.17880249578,27881.686759605793,Al,400,1,-3.399,-0.1572990965440483,-3.099330571399056,-0.2996694286009442,-0.2092616015651016,-0.0904078270358426,-0.11529065143655211,-0.3245522530016537,-3.42388282440071,-0.11529065143655211,0.17833461284863913
303000,78732,-3.2562930817877698,-3.3079323957221964,0.0516393139344269,-4.5563196735761835,0.164905975759778,-4.67049,-4.560560000000001,-4.44789,0.2225999999999999,16.87803346034649,16.5845,16.8687,17.1636,0.5791000000000004,0.3354617451219995,0.0120516351331781,0.3290536031126976,0.3362603038549423,0.3421414047479629,0.0130878016352653,0.3356074547458608,57626.981275251506,42426.31142563442,54987.12130354399,70153.29868920738,27726.987263572963,Al,400,2,-3.399,-0.1570533003016521,-3.0992397814861175,-0.2997602185138825,-0.2092616015651016,-0.0904986169487809,-0.11502274528478393,-0.3242843468498855,-3.4235241283360027,-0.11502274528478393,0.17784760817102752
304000,78732,-3.2562883187528957,-3.307975368592186,0.0516870498392902,-4.559495490016766,0.1672839242544204,-4.67568,-4.56639,-4.44894,0.2267399999999995,16.87552351775644,16.5822,16.86835,17.1617,0.5794999999999995,0.3354479405051057,0.0119677993718517,0.3290688917040825,0.3363050520420074,0.342105433344841,0.0130365416407585,0.3356735128917866,57575.12241390445,42249.113779363375,55032.4950789579,69957.0488515392,27707.93507217583,Al,400,3,-3.399,-0.1571627685762418,-3.099125550176654,-0.2998744498233461,-0.2092616015651016,-0.0906128482582444,-0.11519662739196083,-0.32445822895706244,-3.4235837791337165,-0.11519662739196083,0.17786961341332638
305000,78732,-3.256047458876071,-3.3079084543768733,0.0518609955008027,-4.556919198928009,0.1659423510155399,-4.67233,-4.562155000000001,-4.4464675,0.2258624999999998,16.87014555707971,16.5749,16.86155,17.1586,0.5837000000000003,0.3354309459557994,0.0120450293665401,0.3290335386991501,0.3363086879253387,0.3420600891113281,0.013026550412178,0.3356767758249749,57761.91997382736,42369.46384117142,55131.70761133591,70402.79097260686,28033.32713143544,Al,400,4,-3.399,-0.1570739655406749,-3.098973493335396,-0.3000265066646039,-0.2092616015651016,-0.0907649050995023,-0.11538635576913422,-0.3246479573342358,-3.423621450669632,-0.11538635576913422,0.17805574479278274
306000,78732,-3.256294698605628,-3.3078016383427324,0.0515069397371043,-4.556452040212365,0.1645655574459154,-4.6701725,-4.561019999999999,-4.4483575,0.2218149999999994,16.888000163846975,16.5944,16.8809,17.1734,0.5790000000000006,0.335429227768751,0.011967024059417,0.3290394395589828,0.3362721502780914,0.3420540168881416,0.0130145773291587,0.3355511425449397,57765.555292436205,42381.84269777229,55237.852736011664,70380.46901011514,27998.626312342843,Al,400,5,-3.399,-0.1570578628913191,-3.0992368357143087,-0.2997631642856913,-0.2092616015651016,-0.0905015627205896,-0.11483121947271516,-0.3240928210378168,-3.4233296567521254,-0.11483121947271516,0.17752421969752347
307000,78732,-3.256232125592722,-3.3079611438805063,0.0517290182877838,-4.561159527130011,0.1647095469920254,-4.6756125,-4.5661,-4.4518875,0.2237249999999999,16.8694736206371,16.5736,16.8609,17.1568,0.5832000000000015,0.3354758284794862,0.0119698723807371,0.329109750688076,0.336316242814064,0.3421117514371872,0.0130020007491111,0.3355651890912664,57541.110353791046,42153.30988707416,54940.6143095375,70136.96408007394,27983.654192999784,Al,400,6,-3.399,-0.1572201268257025,-3.0990119987670193,-0.2999880012329807,-0.2092616015651016,-0.0907263996678791,-0.11538982696429453,-0.3246514285293961,-3.4236634272964155,-0.11538982696429453,0.178075879096649
308000,78732,-3.256234901621454,-3.3079515556571653,0.0517166540357123,-4.55802728522075,0.1638024619419468,-4.6722925,-4.562514999999999,-4.4483375,0.2239550000000001,16.868494022760757,16.5742,16.8589,17.157325,0.583124999999999,0.3355015630767136,0.0120673815509841,0.3290550410747528,0.3363478779792785,0.3421818986535072,0.0131268575787544,0.335705943950331,57886.077886291074,42470.39718781525,55363.888404590616,70537.5693233065,28067.172135491244,Al,400,7,-3.399,-0.1571121605361453,-3.0991227410853086,-0.2998772589146914,-0.2092616015651016,-0.0906156573495897,-0.11523541650559074,-0.3244970180706923,-3.4236197591560007,-0.11523541650559074,0.17809403715901256
309000,78732,-3.2562276845982754,-3.3079245458009447,0.0516968612026698,-4.559351237235177,0.1639953915452406,-4.6728425,-4.5648,-4.4521175,0.2207249999999998,16.879636634405326,16.5843,16.8718,17.1644,0.5801000000000016,0.3354469210905726,0.0119964052716359,0.3289851993322372,0.3363156020641327,0.3420846313238144,0.0130994319915771,0.3356173477212582,57727.56133467456,42266.09112625796,55255.24821581609,70416.50957041448,28150.418444156516,Al,400,8,-3.399,-0.1571577962790701,-3.0990698883192054,-0.2999301116807946,-0.2092616015651016,-0.0906685101156929,-0.11513598046281977,-0.32439758202792135,-3.4234674703471266,-0.11513598046281977,0.1777758291493328
310000,78732,-3.2560216205268886,-3.307871923487273,0.0518503029603845,-4.558230061855409,0.1613694241447433,-4.6693325,-4.56231,-4.4508575,0.2184750000000006,16.873161370217957,16.5791,16.8681,17.1567,0.5776000000000003,0.3354410530001596,0.0119270119987303,0.3289655670523643,0.336251899600029,0.3420930504798889,0.0131274834275245,0.3355467052890755,57828.44184640495,42399.6525186357,55328.22820471486,70349.82705573579,27950.174537100087,Al,400,9,-3.399,-0.1571191501114997,-3.0989024704153887,-0.3000975295846113,-0.2092616015651016,-0.0908359280195096,-0.11532751536321412,-0.3245891169283157,-3.4234915873437046,-0.11532751536321412,0.1780225957495732
311000,78732,-3.25614048886137,-3.3078124740893156,0.0516719852279455,-4.555206270385612,0.1633170141039563,-4.6680025,-4.55964,-4.44711,0.2208924999999997,16.87413148783214,16.5813,16.86725,17.1581,0.5768000000000022,0.3354354322462727,0.0120152316148879,0.3290275633335113,0.336240217089653,0.3421157151460647,0.0130881518125534,0.3356538712596049,57820.018034491215,42414.958117129,55358.820590417046,70506.2561447852,28091.29802765621,Al,400,10,-3.399,-0.1570149220362595,-3.0991255668251103,-0.2998744331748897,-0.2092616015651016,-0.090612831609788,-0.11505660871051146,-0.32431821027561303,-3.423443777100723,-0.11505660871051146,0.1779862455966481
312000,78732,-3.256384526197435,-3.3081501936950666,0.0517656674976312,-4.563767357745262,0.1640660316689125,-4.67843,-4.56864,-4.45584,0.2225899999999994,16.871536194939797,16.5795,16.8635,17.155125,0.5756250000000023,0.3355106907257315,0.0119718419742177,0.3290887326002121,0.3363368958234787,0.3421749919652939,0.0130862593650817,0.3355512656246853,57666.39427048173,42205.678413042886,55183.2509293873,70318.4326928796,28112.75427983672,Al,400,11,-3.399,-0.1573100170077123,-3.0990745091897227,-0.2999254908102773,-0.2092616015651016,-0.0906638892451756,-0.11524425552169171,-0.3245058570867933,-3.423580366276516,-0.11524425552169171,0.17798997510119202
313000,78732,-3.2565258894327256,-3.308141260478586,0.0516153710458593,-4.562498080450134,0.1625938074980389,-4.6754425,-4.56724,-4.454305000000001,0.2211374999999993,16.86360800944978,16.5704,16.855849999999997,17.1451,0.5747,0.3354523030575719,0.0119063796090976,0.3289380744099617,0.3362862169742584,0.3421300575137138,0.0131919831037521,0.3357024320230393,57716.376618499125,42254.06847960862,55185.87446045218,70412.93281462343,28158.864335014812,Al,400,12,-3.399,-0.1572662658658963,-3.0992596235668293,-0.2997403764331707,-0.2092616015651016,-0.0904787748680691,-0.11517271388375692,-0.32443431544885853,-3.423693939015688,-0.11517271388375692,0.1782857797473168
314000,78732,-3.2568006346269054,-3.308188054412437,0.0513874197855319,-4.562244812909618,0.1632434524565542,-4.6747925,-4.567605,-4.4539,0.2208924999999997,16.873310269013867,16.5792,16.8663,17.1574,0.5781999999999989,0.3355043462684821,0.0118893877372568,0.3290866985917091,0.3363326340913772,0.3421507328748703,0.0130640342831611,0.3355893005195329,57569.26025843115,42220.66971677829,55104.946204075706,70110.83797324811,27890.168256469828,Al,400,13,-3.399,-0.157257535902692,-3.0995430987242134,-0.2994569012757866,-0.2092616015651016,-0.0901952997106849,-0.1147431427528654,-0.324004744317967,-3.42354784304218,-0.1147431427528654,0.17790457503933774
315000,78732,-3.2560837984431177,-3.307796771071483,0.0517129726283658,-4.557845186074277,0.1636175621560752,-4.66967,-4.56228,-4.4499075,0.2197624999999998,16.876765780114816,16.5848,16.8689,17.1602,0.5753999999999984,0.3354019839779358,0.0119787735832404,0.3290217891335487,0.3362394124269485,0.3420940935611725,0.0130723044276237,0.3355450742531524,57836.84190417291,42488.05049785487,55339.034471821054,70455.00380410044,27966.953306245578,Al,400,14,-3.399,-0.1571058837000178,-3.0989779147431,-0.3000220852569,-0.2092616015651016,-0.0907604836917983,-0.11513909169324868,-0.3244006932583503,-3.4233786080014506,-0.11513909169324868,0.17789861865709222
316000,78732,-3.2566338449270074,-3.308035583117411,0.0514017381904035,-4.558880515673423,0.1670482474229648,-4.67485,-4.56522,-4.44916,0.2256900000000001,16.86411409719047,16.5714,16.8537,17.149125,0.5777250000000009,0.3354734140973244,0.0120257575039185,0.3290359750390053,0.336303561925888,0.3421575948596,0.0131216198205947,0.3356623390168731,57768.36927119771,42314.3931683654,55141.17326520222,70418.94114660891,28104.547978243507,Al,400,15,-3.399,-0.1571415708207852,-3.0994922741062223,-0.2995077258937777,-0.2092616015651016,-0.090246124328676,-0.11489103848170115,-0.3241526400468028,-3.423644914153025,-0.11489103848170115,0.17820722865502509
317000,78732,-3.2560600524454415,-3.307856538637403,0.0517964861919613,-4.559102900853529,0.1629676669724176,-4.6721924999999995,-4.5636,-4.45089,0.2213024999999993,16.870881802824773,16.578975,16.8635,17.1544,0.5754249999999992,0.3354213197536205,0.0119232894677204,0.3290582969784736,0.3362480252981186,0.342093177139759,0.0130348801612854,0.3357261584031959,57831.787059253584,42350.689908805485,55279.294046555544,70537.97056273639,28187.280653930902,Al,400,16,-3.399,-0.1571492362896232,-3.098910816155818,-0.3000891838441819,-0.2092616015651016,-0.0908275822790802,-0.11527792705518897,-0.32453952862029056,-3.423450344776109,-0.11527792705518897,0.17807717491939243
318000,78732,-3.2563239514736204,-3.3081024549103293,0.051778503436708,-4.5635806043286085,0.1637704625819544,-4.6767125,-4.56785,-4.45589,0.2208224999999997,16.877677180815933,16.584474999999998,16.8701,17.162,0.5775250000000014,0.335464153468521,0.0119724941224996,0.3290497586131096,0.3363089263439178,0.3421143665909767,0.0130646079778671,0.3355288316785716,57510.93753648116,42233.8764581478,55055.92965380346,70142.31388692472,27908.437428776917,Al,400,17,-3.399,-0.1573035797419959,-3.0990203717316245,-0.2999796282683755,-0.2092616015651016,-0.0907180267032738,-0.11513739112836334,-0.32439899269346495,-3.423419364425089,-0.11513739112836334,0.1777675806571258
319000,78732,-3.256341918461449,-3.3079260977747293,0.0515841793132805,-4.555300140984607,0.1650747263737016,-4.670625,-4.560175,-4.4451475,0.2254775000000002,16.871750697302243,16.5817,16.8636,17.1519,0.5701999999999998,0.3353887471734117,0.0120101561874614,0.3289527967572212,0.3362006098031997,0.3421109765768051,0.0131581798195838,0.3354385605602676,57760.88714108188,42256.747485751876,55228.236207616705,70360.9837177436,28104.236231991723,Al,400,18,-3.399,-0.1570181576931997,-3.0993237607682493,-0.2996762392317507,-0.2092616015651016,-0.090414637666649,-0.11481987387350501,-0.3240814754386066,-3.423405236206856,-0.11481987387350501,0.17804078733493597
320000,78732,-3.256709864152153,-3.308198996977087,0.051489132824934,-4.562516795458009,0.1629155987023411,-4.6755075,-4.567265,-4.454905,0.2206025,16.872549334451048,16.5818,16.8648,17.1559,0.5740999999999978,0.3355491668661968,0.0119897449510975,0.3290725871920585,0.3363243788480758,0.3421842530369758,0.0131116658449172,0.3355986247010355,57604.757259085454,42232.40538524828,55220.28905639557,70319.41876145186,28087.013376203577,Al,400,19,-3.399,-0.1572669109597358,-3.099442953192417,-0.2995570468075832,-0.2092616015651016,-0.0902954452424815,-0.11476438983883706,-0.3240259914039387,-3.4234689445963555,-0.11476438983883706,0.17791645565230832
321000,78732,-3.2562792600315302,-3.307831302011889,0.0515520419803579,-4.5554694586699185,0.1638598649166881,-4.66864,-4.56134,-4.44752,0.2211199999999999,16.87241305060204,16.5804,16.8657,17.1556,0.5751999999999988,0.335454855103812,0.0120436582705255,0.3290245905518532,0.3362719714641571,0.3421212136745453,0.0130966231226921,0.3355565499642094,57845.446768493784,42407.63470489226,55382.34684166733,70512.70149858305,28105.066793690785,Al,400,20,-3.399,-0.1570239939608856,-3.0992552660706445,-0.2997447339293555,-0.2092616015651016,-0.0904831323642538,-0.11485856739636398,-0.32412016896146556,-3.42337543503211,-0.11485856739636398,0.17799571850459348
322000,78732,-3.2559489695851087,-3.3079990639130217,0.0520500943279124,-4.558143247091398,0.1633596134440051,-4.67247,-4.562125,-4.44902,0.2234499999999997,16.873162091652695,16.5792,16.8659,17.1576,0.5783999999999985,0.3355139965390306,0.0119468485257064,0.3290715888142586,0.3363058418035507,0.3421293795108795,0.0130577906966209,0.3356635113941008,57631.69421430363,42189.11792738534,55188.327942548334,70358.48760796584,28169.3696805805,Al,400,21,-3.399,-0.1571161576644855,-3.098832811920623,-0.300167188079377,-0.2092616015651016,-0.0909055865142753,-0.11526196247785048,-0.3245235640429521,-3.423356375963575,-0.11526196247785048,0.17795048238090533
323000,78732,-3.2563419006296592,-3.3080709001422552,0.0517289995125952,-4.562153792739928,0.164937053994019,-4.6763,-4.56747,-4.4524075000000005,0.2238924999999998,16.866641988009956,16.5733,16.8583,17.151525,0.5782249999999998,0.3355555615973583,0.0118834394378706,0.3291157186031341,0.3363764882087707,0.3422083854675293,0.0130926668643951,0.3357523913323343,57678.45071026787,42315.62719869937,55132.205467074906,70313.45553738766,27997.828338688298,Al,400,22,-3.399,-0.1572543984981489,-3.0990875021315105,-0.2999124978684895,-0.2092616015651016,-0.0906508963033878,-0.11516690433285498,-0.3244285058979566,-3.423516008029467,-0.11516690433285498,0.17812000554088614
324000,78732,-3.2564415263348274,-3.3080176022455925,0.0515760759107656,-4.561465354239699,0.162979445507169,-4.67462,-4.56739,-4.4531775,0.2214425000000002,16.876093653152466,16.5808,16.86835,17.1658,0.5850000000000009,0.3355244891956976,0.0118935432681104,0.3291498571634292,0.3363241553306579,0.3421613126993179,0.0130114555358886,0.3356278482083594,57636.00334194703,42356.01152190215,55181.04193204141,70146.94498553984,27790.933463637688,Al,400,23,-3.399,-0.1572306684822014,-3.099210857852626,-0.2997891421473739,-0.2092616015651016,-0.0905275405822723,-0.11490518541513642,-0.32416678698023804,-3.423377644832864,-0.11490518541513642,0.17775435976734216
325000,78732,-3.2560980823336947,-3.307913735075953,0.0518156527422598,-4.5600107724940315,0.1645926247984649,-4.6739625,-4.56513,-4.4517675,0.2221950000000001,16.870629296855153,16.5745,16.8616,17.1579,0.583400000000001,0.3354400590168886,0.0119545707882893,0.3290617763996124,0.3362693786621094,0.3420592620968818,0.0129974856972694,0.3355198304994025,57712.71149144213,42180.794001831826,55131.537846790394,70473.99850686404,28293.204505032212,Al,400,24,-3.399,-0.1571805300195645,-3.09891755231413,-0.3000824476858699,-0.2092616015651016,-0.0908208461207682,-0.11525758624541944,-0.324519187810521,-3.423436740124651,-0.11525758624541944,0.1779929355431939
326000,78732,-3.2558475060658276,-3.307920765127267,0.05207325906144,-4.5600009884164,0.1648195646429701,-4.6742025,-4.565485,-4.45113,0.2230724999999997,16.87085558349845,16.5766,16.86215,17.1577,0.5810999999999993,0.3354240706163875,0.0119755767238225,0.3290163427591324,0.3362693935632705,0.3420857414603233,0.0130693987011909,0.3354656091521548,57670.45518848115,42192.76840073148,55190.68768146803,70300.59781748557,28107.829416754088,Al,400,25,-3.399,-0.157180192768934,-3.0986673132968936,-0.3003326867031064,-0.2092616015651016,-0.0910710851380047,-0.11546443272780729,-0.3247260342929089,-3.4233933475898026,-0.11546443272780729,0.17798543746430137
327000,78732,-3.256150802277733,-3.307884930650815,0.0517341283730827,-4.558403545699334,0.1645896544627425,-4.6732125,-4.563385,-4.44869,0.2245224999999999,16.869929249860284,16.577075,16.8608,17.155625,0.5785499999999999,0.3354863765866347,0.0119338138462521,0.3290585353970527,0.3362967818975448,0.3420762345194816,0.0130176991224288,0.3356283735021133,57835.442169950424,42412.53714168788,55299.7207993201,70477.25836296716,28064.72122127928,Al,400,26,-3.399,-0.1571251299838944,-3.099025672293838,-0.2999743277061619,-0.2092616015651016,-0.0907127261410603,-0.1150940040178236,-0.3243556055829252,-3.4233812778767634,-0.1150940040178236,0.17803647299055433
328000,78732,-3.256205671275884,-3.3079090813138237,0.0517034100379401,-4.55805526621958,0.1634363378295838,-4.671215,-4.561355,-4.44881,0.2224050000000001,16.875801529238426,16.5837,16.8677,17.1599,0.5762,0.3353930423084006,0.0119767683758913,0.3289443254470825,0.3362559527158737,0.3420654833316803,0.0131211578845977,0.3353747339993117,57627.975897392,42445.531629203535,55061.67031330349,70060.03540535497,27614.503776151432,Al,400,27,-3.399,-0.157113125022513,-3.099092546253371,-0.2999074537466288,-0.2092616015651016,-0.0906458521815272,-0.1149225063020245,-0.3241841078671261,-3.4232766541204973,-0.1149225063020245,0.17784627960641827
329000,78732,-3.2560842894863384,-3.307964055276127,0.0518797657897881,-4.560347963979068,0.1636966692090309,-4.6750425,-4.56589,-4.4521175,0.222925,16.87599388177615,16.5789,16.8654,17.1615,0.5825999999999993,0.3354866468409924,0.0120047053399273,0.3290771767497062,0.3363234996795654,0.3421007245779037,0.0130235478281974,0.3356868739120209,57751.42424773512,42435.30977931559,55348.17104537309,70326.75942220395,27891.44964288836,Al,400,28,-3.399,-0.1571921527851632,-3.098892136701175,-0.300107863298825,-0.2092616015651016,-0.0908462617337233,-0.11517471598418053,-0.32443631754928215,-3.4233284542504574,-0.11517471598418053,0.17783975323189657
330000,78732,-3.2564258922120826,-3.308067296397907,0.051641404185824,-4.558417322308591,0.1632723573880414,-4.6712425,-4.563295,-4.4506275,0.2206149999999995,16.870422815373672,16.5787,16.8629,17.1549,0.5762,0.3355130218033767,0.0119509311630208,0.3290564864873886,0.3363247811794281,0.3421277776360512,0.0130712911486625,0.3357267379783454,57787.86952475165,42371.3531095505,55204.66832513914,70415.20496767398,28043.85185812348,Al,400,29,-3.399,-0.1571256048544271,-3.0993002873576554,-0.2996997126423446,-0.2092616015651016,-0.0904381110772429,-0.114782931586553,-0.3240445331516546,-3.42334482050931,-0.114782931586553,0.17798784253549668
331000,78732,-3.2558418505757794,-3.307462341614591,0.0516204910388114,-4.548778531219834,0.1613703764521571,-4.65976,-4.55252,-4.44195,0.21781,16.87450310801199,16.5782,16.8673,17.1611,0.5829000000000022,0.3354240411607974,0.0120583590218149,0.3288765177130699,0.3362161517143249,0.3420937210321426,0.0132172033190727,0.3357235493921703,58054.152462279584,42526.722178532335,55462.1934309621,70821.45438120847,28294.73220267614,Al,400,30,-3.399,-0.1567933621542087,-3.0990484884215705,-0.2999515115784295,-0.2092616015651016,-0.0906899100133278,-0.11486541365282042,-0.32412701521792203,-3.4231755036394924,-0.11486541365282042,0.17797089316673606
332000,78732,-3.256034557965174,-3.3077541863537068,0.0517196283885319,-4.555573093659503,0.1639065444069908,-4.6689925,-4.56116,-4.44735,0.2216424999999997,16.872478229944623,16.5797,16.8621,17.1563,0.5766000000000027,0.3353487439898373,0.0119831534697589,0.3289385586977005,0.3362005800008774,0.3420443832874298,0.0131058245897293,0.3354424741659496,57818.13474301005,42328.21317385804,55299.704747794895,70425.05135952201,28096.838185663968,Al,400,31,-3.399,-0.1570275661898571,-3.099006991775317,-0.2999930082246829,-0.2092616015651016,-0.0907314066595812,-0.11501197252799686,-0.3242735740930984,-3.4232805658684153,-0.11501197252799686,0.17800359006175664
333000,78732,-3.2560991629977787,-3.3076810680536504,0.0515819050558718,-4.554897071457603,0.1648640384366759,-4.67028,-4.55932,-4.4454575,0.2248225000000001,16.876083193618857,16.5814,16.8695,17.1607,0.5792999999999999,0.3354261693816895,0.0120776260114555,0.3288988247513771,0.3362799286842346,0.3421734645962715,0.0132746398448944,0.3356586022461774,57793.38793192761,42416.09079358085,55229.43493451012,70420.954034986,28004.863241405154,Al,400,32,-3.399,-0.1570042641554319,-3.099094898842347,-0.2999051011576532,-0.2092616015651016,-0.0906434995925515,-0.1148625759525642,-0.3241241775176658,-3.4232190763600125,-0.1148625759525642,0.1778341531655866
334000,78732,-3.2559108886375303,-3.307912945308134,0.0520020566706035,-4.555774707107656,0.1657728447535317,-4.670694999999999,-4.560935000000001,-4.4454375,0.2252574999999996,16.869666490118373,16.577675,16.8614,17.1561,0.5784249999999993,0.3354644578953151,0.0119705212959287,0.3291092216968536,0.3362975120544433,0.342147909104824,0.0130386874079704,0.3356449784808379,57783.12062419455,42381.76248110441,55222.99297661416,70461.09101767266,28079.328536568253,Al,400,33,-3.399,-0.1570345156709484,-3.098876372966582,-0.3001236270334182,-0.2092616015651016,-0.0908620254683165,-0.11512909372258245,-0.32439069528768405,-3.423267068254266,-0.11512909372258245,0.17801207245307735
335000,78732,-3.2562493501283725,-3.307817345297973,0.0515679951696006,-4.555909749911091,0.1644119157125257,-4.67043,-4.560265,-4.4462875,0.2241424999999992,16.86837179799827,16.5751,16.8593,17.152525,0.5774250000000016,0.3353795159184363,0.012035654783012,0.3289494141936302,0.3362571150064468,0.3420514613389969,0.0131020471453666,0.3354793671683792,57721.49104920906,42280.029644444,55273.068962385965,70264.93442121691,27984.904776772903,Al,400,34,-3.399,-0.1570391705063157,-3.0992101796220566,-0.2997898203779434,-0.2092616015651016,-0.0905282188128417,-0.11486055617403204,-0.32412215773913367,-3.4233323373611904,-0.11486055617403204,0.1780878642494055
336000,78732,-3.256172503547228,-3.30797460994259,0.0518021063953614,-4.55975201747701,0.1624502931606302,-4.6733625,-4.564115,-4.45172,0.2216424999999997,16.8773653368389,16.584775,16.8698,17.162225,0.5774499999999989,0.3354914740472918,0.0119586376393129,0.3290341719985008,0.3363001942634582,0.3421244174242019,0.0130902454257011,0.3356163899395267,57595.20210354953,42213.42439750413,55176.94667282976,70121.79630305493,27908.371905550797,Al,400,35,-3.399,-0.1571716109067049,-3.0990008926405235,-0.2999991073594765,-0.2092616015651016,-0.0907375057943749,-0.11493152177887106,-0.32419312334397266,-3.423194015984496,-0.11493152177887106,0.1777642506669869
337000,78732,-3.255845939793335,-3.3078227710460806,0.051976831252746,-4.555753067240765,0.1644678853828181,-4.6690525,-4.55901,-4.44694,0.2221125000000006,16.8765621361073,16.5822,16.8708,17.163325,0.5811250000000001,0.3354488138226978,0.011917982820701,0.3290454447269439,0.3362485021352768,0.3420613035559654,0.0130158588290214,0.3355397691271027,57790.29221794017,42430.82357631947,55282.23003820563,70410.97498909659,27980.15141277712,Al,400,36,-3.399,-0.1570337697591694,-3.0988121700341655,-0.3001878299658345,-0.2092616015651016,-0.0909262284007328,-0.1150657402841409,-0.3243273418492425,-3.423139511883408,-0.1150657402841409,0.17778996214065632
338000,78732,-3.256462634022967,-3.308116450490271,0.051653816467303,-4.560508382614439,0.1646559466220469,-4.67341,-4.56433,-4.45186,0.2215499999999997,16.869066906721535,16.5787,16.8589,17.153525000000002,0.5748250000000006,0.3354459058936065,0.0120064733351269,0.3289826288819313,0.3362922966480255,0.3421281278133392,0.0131454989314079,0.3355633359839051,57644.42017640523,42195.04016339269,55173.13084668951,70353.36701643252,28158.326853039827,Al,400,37,-3.399,-0.1571976823085329,-3.0992649517144346,-0.2997350482855654,-0.2092616015651016,-0.0904734467204637,-0.1148045446452248,-0.32406614621032637,-3.423331097924761,-0.1148045446452248,0.177998794697725
339000,78732,-3.2563199637811566,-3.307967741452014,0.0516477776708581,-4.5602076881064875,0.1650132815276428,-4.6747625,-4.56554,-4.4521175,0.2226449999999999,16.87492876339989,16.5802,16.86795,17.158,0.5777999999999999,0.3355029952737766,0.0119052022328887,0.3291486427187919,0.3363150656223297,0.3421245962381363,0.0129759535193443,0.3356806365628768,57716.12256682565,42272.69079091211,55214.71844280006,70364.9796680079,28092.28887709579,Al,400,38,-3.399,-0.1571873175693926,-3.099132646211764,-0.2998673537882359,-0.2092616015651016,-0.0906057522231342,-0.11484723262507487,-0.32410883419017644,-3.4232414804019404,-0.11484723262507487,0.17784840675836563
340000,78732,-3.2562958278797933,-3.3079560252502156,0.0516601973704224,-4.5564697756947625,0.1633171496160727,-4.66936,-4.560895,-4.44882,0.2205399999999997,16.86947852588528,16.5779,16.8625,17.1539,0.5760000000000005,0.3354567111814881,0.0119869637440313,0.329056553542614,0.3363461047410965,0.3421030044555664,0.0130464509129524,0.3357292620437432,57688.17407957636,42250.028616330594,55099.257699623005,70306.83212971842,28056.803513387826,Al,400,39,-3.399,-0.1570584742215686,-3.0992373536582245,-0.2997626463417755,-0.2092616015651016,-0.0905010447766738,-0.11474598570797281,-0.32400758727307444,-3.423244940931299,-0.11474598570797281,0.17802119443958722
341000,78732,-3.256156162748171,-3.307735270284001,0.0515791075358304,-4.552097855128792,0.1614324328125063,-4.66289,-4.55559,-4.44632,0.2165699999999999,16.871484792714522,16.5762,16.862,17.1576,0.5813999999999986,0.3354492399737262,0.0119865384108561,0.3289842680096626,0.3362471014261246,0.3421105146408081,0.0131262466311454,0.3356152757152862,57880.49062884739,42563.5648305737,55460.799837480154,70349.72942249251,27786.164591918816,Al,400,40,-3.399,-0.1569077770355207,-3.0992483857126505,-0.2997516142873495,-0.2092616015651016,-0.0904900127222478,-0.11468049364692826,-0.3239420952120299,-3.4231904809246805,-0.11468049364692826,0.17801863905393006
342000,78732,-3.2562015955744603,-3.307845040009144,0.0516434444346847,-4.555172522608342,0.1657195224784615,-4.6705825,-4.559535,-4.4457675000000005,0.2248149999999995,16.8743050627445,16.5801,16.8668,17.1601,0.5799999999999983,0.3354480687491185,0.0120250832669801,0.3290538415312767,0.3362641334533691,0.3421712145209312,0.0131173729896545,0.3355291677636144,57879.13272155846,42469.85119011327,55274.44240403959,70713.7338452657,28243.882655152425,Al,400,41,-3.399,-0.1570137587728852,-3.0991878368015753,-0.2998121631984247,-0.2092616015651016,-0.090550561633323,-0.11472722179270108,-0.32398882335780266,-3.423176660159378,-0.11472722179270108,0.17783921868327596
343000,78732,-3.2560012975988775,-3.3079326550830666,0.0519313574841894,-4.559584809226235,0.1637194301550866,-4.674024999999999,-4.565645,-4.451295,0.2227299999999994,16.87215775542346,16.5806,16.863950000000003,17.1538,0.5731999999999999,0.3355043958841328,0.0120332001344926,0.3290774300694465,0.3363896459341049,0.3421642780303955,0.0130868479609489,0.3356877879377261,57648.8946708197,42212.0248171348,55031.41741068433,70306.80623441684,28094.781417282044,Al,400,42,-3.399,-0.1571658473498206,-3.098835450249057,-0.3001645497509431,-0.2092616015651016,-0.0909029481858414,-0.11510862712521042,-0.324370228690312,-3.423205678939369,-0.11510862712521042,0.17797706728837376
344000,78732,-3.2560454627886073,-3.3079293857643655,0.0518839229757577,-4.5561486368947826,0.1637138288389474,-4.66933,-4.56073,-4.448195,0.2211350000000003,16.86824461464208,16.574675,16.86005,17.1517,0.5770250000000026,0.3354389306076633,0.0119541548599495,0.3290050327777862,0.3362759053707123,0.3421056792140007,0.0131006464362144,0.3355627032038957,57907.5981915051,42286.84424780192,55382.78089728938,70535.93264198695,28249.088394185022,Al,400,43,-3.399,-0.1570474047813174,-3.09899805800729,-0.30000194199271,-0.2092616015651016,-0.0907403404276083,-0.11498253462889585,-0.32424413619399745,-3.4232421942012876,-0.11498253462889585,0.1780905675548403
345000,78732,-3.256098509212205,-3.3078268140019302,0.0517283047897259,-4.557855246659553,0.1652421692198108,-4.6719,-4.5631,-4.44927,0.2226299999999996,16.87180665802977,16.577975,16.8657,17.1586,0.5806250000000013,0.3354876063393516,0.0120000426740515,0.328976571559906,0.3363682925701141,0.3421772047877311,0.0132006332278251,0.3357400024635383,57703.169951061114,42238.574556656386,55164.85215403087,70245.60331767319,28007.0287610168,Al,400,44,-3.399,-0.1571062304816823,-3.098992278730522,-0.3000077212694774,-0.2092616015651016,-0.0907461197043757,-0.11495053439477237,-0.32421213595987397,-3.423204414690396,-0.11495053439477237,0.17790153994829896
346000,78732,-3.256300048078425,-3.3081798507595392,0.0518798026811131,-4.565975345348779,0.1654106737642691,-4.6806425,-4.5718250000000005,-4.45814,0.2225025,16.87975756744399,16.5858,16.8733,17.1631,0.577300000000001,0.3355874661847352,0.0120036466569865,0.329111099243164,0.3363918960094452,0.3422001823782921,0.013089083135128,0.3357016248101869,57544.39747746981,42158.84697355767,54993.29935057059,70038.03766167931,27879.190688121635,Al,400,45,-3.399,-0.1573861248677838,-3.0989139232106413,-0.3000860767893587,-0.2092616015651016,-0.090824475224257,-0.11499906374314979,-0.3242606653082514,-3.4231745885188927,-0.11499906374314979,0.17761141178347395
347000,78732,-3.2562728630181375,-3.3079554262561603,0.0516825632380226,-4.558706437661942,0.1615933659991126,-4.67064,-4.56416,-4.452185,0.2184549999999996,16.872091242442718,16.579275,16.8633,17.1572,0.5779250000000005,0.3354674682243715,0.0119555281448136,0.3290889859199524,0.3362828940153122,0.3420968428254127,0.0130078569054603,0.3356515551438747,57891.31858935021,42545.700658919595,55327.31329043525,70621.4571485496,28075.756489630003,Al,400,46,-3.399,-0.1571355704678311,-3.0991372925503065,-0.2998627074496935,-0.2092616015651016,-0.0906011058845919,-0.114795767658431,-0.32405736922353257,-3.423194661773839,-0.114795767658431,0.1779428829698054
348000,78732,-3.2560950842730363,-3.307838847355586,0.0517437630825497,-4.556256596301377,0.163671102681795,-4.669205,-4.559585,-4.4480375,0.2211674999999999,16.86947763679317,16.5763,16.8616,17.154,0.5777000000000001,0.3354787585589421,0.0119940616159236,0.3290372937917709,0.3362852483987808,0.3421147093176842,0.0130774155259132,0.335614980106697,57811.71123922728,42389.67503175988,55204.93549591162,70503.88657495794,28114.211543198064,Al,400,47,-3.399,-0.157051126070059,-3.0990439582029774,-0.2999560417970226,-0.2092616015651016,-0.0906944402319209,-0.11488448726063599,-0.3241460888257376,-3.423190047028715,-0.11488448726063599,0.17804055177529465
349000,78732,-3.256570273321451,-3.308027127470406,0.0514568541489549,-4.56313898224356,0.1628692535651471,-4.6759224999999995,-4.565835,-4.4543125,0.2216099999999992,16.87513246710359,16.5826,16.8683,17.1582,0.5756000000000014,0.3355895133086901,0.0119615991338375,0.3291047066450119,0.3363601267337799,0.3422164395451545,0.0131117329001426,0.3356644565053407,57712.79078053639,42297.31385915297,55233.27067437988,70357.77102761701,28060.45716846404,Al,400,48,-3.399,-0.157288357323265,-3.099281915998186,-0.2997180840018139,-0.2092616015651016,-0.0904564824367122,-0.11463852793863047,-0.32390012950373204,-3.4231820455019184,-0.11463852793863047,0.1778065677313323
350000,78732,-3.256125987727112,-3.3078057886247016,0.0516798008975892,-4.554694202484378,0.1644368174918727,-4.6689025,-4.55945,-4.4450825,0.2238199999999999,16.863085525580445,16.567175,16.8537,17.1478,0.5806250000000013,0.3354055101946863,0.0119722660385164,0.3289680629968643,0.3362310975790024,0.3420589119195938,0.0130908489227294,0.3356352587966411,57962.975855484285,42398.01013363617,55400.60306683705,70649.38830577627,28251.378172140103,Al,400,49,-3.399,-0.1569972713972287,-3.0991287163298833,-0.2998712836701167,-0.2092616015651016,-0.090609682105015,-0.11491179183441434,-0.32417339339951595,-3.4233021097293994,-0.11491179183441434,0.17825782894998604
351000,78732,-3.2564697799835196,-3.308054048544429,0.0515842685609095,-4.561834000533456,0.1632468111932735,-4.67523,-4.5666899999999995,-4.45423,0.221,16.87020457501397,16.5761,16.862,17.1546,0.5784999999999982,0.3355050989226667,0.011978018566392,0.3290412351489067,0.3363260179758072,0.3421587347984314,0.0131174996495246,0.335533342301249,57671.20774272461,42220.01359866517,55120.10176485707,70515.98055209499,28295.966953429815,Al,400,50,-3.399,-0.1572433754740779,-3.0992264045094418,-0.2997735954905582,-0.2092616015651016,-0.0905119939254566,-0.11477575499788893,-0.32403735656299054,-3.423263761072432,-0.11477575499788893,0.1779534471224244
352000,78732,-3.2561412171416846,-3.307906634913377,0.051765417771692,-4.554639156505615,0.1632011682047259,-4.66793,-4.56,-4.44693,0.221,16.87175589468069,16.5787,16.8639,17.157925000000002,0.579225000000001,0.3353626445879849,0.0120045606729858,0.3289537727832794,0.3361935913562774,0.3420574367046356,0.0131036639213562,0.3355304501295507,57773.312581249986,42442.32891665005,55325.404768034074,70512.18259657724,28069.853679927197,Al,400,51,-3.399,-0.1569953739990538,-3.099145843142631,-0.2998541568573691,-0.2092616015651016,-0.0905925552922675,-0.11472804062877348,-0.32398964219387505,-3.423135485336506,-0.11472804062877348,0.17792193229792036
353000,78732,-3.256590149004994,-3.3079872280648273,0.0513970790598333,-4.558898997739167,0.1648194948468414,-4.6729725,-4.5632649999999995,-4.4497675,0.2232050000000001,16.875133480668598,16.5843,16.8663,17.1579,0.5736000000000026,0.3354947163008889,0.012017980597689,0.3290018960833549,0.3363310545682907,0.3421558365225792,0.0131539404392242,0.3355699691067701,57684.083534558784,42283.23066853223,55115.307605450595,70342.53843114809,28059.307762615856,Al,400,52,-3.399,-0.1571422078852647,-3.0994479411197293,-0.2995520588802707,-0.2092616015651016,-0.090290457315169,-0.11442156013340753,-0.32368316169850914,-3.4231311028182385,-0.11442156013340753,0.17781129272041843
354000,78732,-3.2563560331003276,-3.3079636113651376,0.0516075782648097,-4.55745588629782,0.1639758960767738,-4.671265,-4.56204,-4.44906,0.2222049999999997,16.872433334603464,16.5815,16.8621,17.1557,0.5742000000000012,0.3354825989272678,0.0119813719171357,0.3289930820465088,0.3362908959388733,0.3421121761202812,0.0131190940737724,0.3356147600104216,57697.57056507325,42290.81049019112,55151.22955426751,70246.90103975897,27956.090549567853,Al,400,53,-3.399,-0.1570924647963675,-3.09926356830396,-0.29973643169604,-0.2092616015651016,-0.0904748301309383,-0.11461347435895795,-0.32387507592405956,-3.4231386442280196,-0.11461347435895795,0.17793318626606575
355000,78732,-3.256102018413743,-3.3080419073566025,0.0519398889428597,-4.560283253315043,0.1638584558399806,-4.6738025,-4.56523,-4.45224,0.2215625000000001,16.868437180561905,16.5743,16.8594,17.1541,0.5797999999999988,0.3354542844180307,0.01198356939026,0.3290918320417404,0.3363363593816757,0.3421239927411079,0.0130321606993675,0.3355147233911841,57701.64156681718,42297.659734265544,55175.49289997308,70414.96840880728,28117.30867454174,Al,400,54,-3.399,-0.1571899222517331,-3.09891209616201,-0.3000879038379902,-0.2092616015651016,-0.0908263022728885,-0.115051374450195,-0.32431297601529663,-3.4232250721773063,-0.115051374450195,0.1780196625596972
356000,78732,-3.256346398312077,-3.3079085492557025,0.0515621509436258,-4.557004020601535,0.1626830757268412,-4.6683625,-4.5611049999999995,-4.449755000000001,0.2186074999999991,16.870923295483415,16.5763,16.8636,17.1562,0.5798999999999985,0.3354580000796944,0.0119201191549448,0.3290396630764007,0.3362793326377868,0.3420623987913131,0.0130227357149124,0.3356326912481362,57801.823014350026,42335.02225224901,55196.458556090045,70479.16491580766,28144.142663558658,Al,400,55,-3.399,-0.1570768892871893,-3.0992695090248876,-0.2997304909751124,-0.2092616015651016,-0.0904688894100107,-0.11462290289426247,-0.32388450445936406,-3.4231540134842517,-0.11462290289426247,0.17796698343995224
357000,78732,-3.256080364834634,-3.307672560585277,0.0515921957506425,-4.551521781613575,0.1630638635416302,-4.66385,-4.5561050000000005,-4.4444,0.2194500000000001,16.874842111212722,16.578274999999998,16.8664,17.1599,0.5816250000000025,0.3354209909711537,0.0120374307008971,0.3289045616984367,0.336222305893898,0.3420962244272232,0.0131916627287864,0.3353877658524939,57895.61679909673,42444.71453083652,55296.763843056935,70534.2573367093,28089.542805872778,Al,400,56,-3.399,-0.1568879201656646,-3.099192444668969,-0.2998075553310309,-0.2092616015651016,-0.0905459537659292,-0.11460150318636747,-0.32386310475146907,-3.423055549420438,-0.11460150318636747,0.17788936045303366
358000,78732,-3.2562522293584464,-3.3079379715998583,0.0516857422414113,-4.5565730450134625,0.1629076640248196,-4.66922,-4.5614349999999995,-4.448475,0.2207449999999999,16.869716623482194,16.5726,16.8618,17.1549,0.5823,0.3354746912104179,0.0119626410906419,0.3290926292538643,0.3363006114959717,0.3420781120657921,0.0129854828119277,0.335665112661012,57864.9589154042,42465.476090433745,55311.70115744192,70479.13997815675,28013.663887723,Al,400,57,-3.399,-0.1570620338461085,-3.099190195512338,-0.299809804487662,-0.2092616015651016,-0.0905482029225603,-0.11472211516565549,-0.3239837167307571,-3.423173912243095,-0.11472211516565549,0.17801062323921266
359000,78732,-3.2560125173858836,-3.307622435604329,0.0516099182184448,-4.554012394071025,0.1644752458997137,-4.66777,-4.557705,-4.44421,0.2235599999999999,16.87686023980084,16.581575,16.8703,17.1624,0.5808250000000008,0.3353114816823069,0.0119808666726042,0.3288486078381538,0.3361488133668899,0.3420194014906883,0.0131707936525344,0.3354490016736266,57794.1545331986,42361.17706795206,55285.496964249185,70445.93084608548,28084.753778133418,Al,400,58,-3.399,-0.1569737699159539,-3.0990387474699297,-0.2999612525300703,-0.2092616015651016,-0.0906996509649686,-0.11472313048479305,-0.32398473204989464,-3.4230234795198244,-0.11472313048479305,0.17779071375333852
360000,78732,-3.256136532574388,-3.307955531931108,0.0518189993567203,-4.556697152237972,0.1636421380292675,-4.67004,-4.5624,-4.44933,0.2207100000000004,16.873523360260123,16.5793,16.8655,17.159,0.579699999999999,0.3354369333879871,0.0119385356629397,0.3289374485611915,0.3362577259540558,0.3421035856008529,0.0131661370396614,0.3355630034752016,57750.32290541835,42333.4927237421,55184.26691663252,70338.78641356612,28005.293689824022,Al,400,59,-3.399,-0.1570663117393638,-3.0990702208350243,-0.2999297791649757,-0.2092616015651016,-0.0906681775998741,-0.11476471281595019,-0.3240263143810518,-3.423096535216076,-0.11476471281595019,0.17786418552970515
361000,78732,-3.2560860817347534,-3.3077917085810085,0.0517056268462556,-4.556648927119849,0.1653870200891374,-4.6714825,-4.56056,-4.44719,0.2242924999999997,16.870482430269774,16.5768,16.8605,17.1561,0.5792999999999999,0.3354370746662575,0.0120184745824997,0.3290012925863266,0.3362553268671036,0.3421293795108795,0.0131280869245529,0.3356746779494046,57740.225414965105,42235.789025893566,55254.60246692075,70422.53311645106,28186.74409055749,Al,400,60,-3.399,-0.1570646494517059,-3.0990214322830476,-0.2999785677169524,-0.2092616015651016,-0.0907169661518507,-0.11484907740666739,-0.324110678971769,-3.4231321112548168,-0.11484907740666739,0.1779898380948232
362000,78732,-3.25635913183084,-3.3079034746989793,0.0515443428681386,-4.559370471853884,0.1638982329977561,-4.672835,-4.563535,-4.45009,0.2227449999999997,16.88048579992887,16.587374999999998,16.8714,17.1667,0.5793250000000008,0.3354696354976921,0.0119587103385468,0.3291347473859787,0.3363024890422821,0.342104323208332,0.0129695758223533,0.3356100557699307,57643.854359785095,42301.62128398783,55136.75064134387,70348.49883009034,28046.877546102507,Al,400,61,-3.399,-0.1571584592835484,-3.0992006725472914,-0.2997993274527086,-0.2092616015651016,-0.090537725887607,-0.11453583962666732,-0.3237974411917689,-3.42299811373906,-0.11453583962666732,0.1776327825475266
363000,78732,-3.2557148414576886,-3.307663288878728,0.0519484474210397,-4.554757290301276,0.1631265282831392,-4.66855,-4.56032,-4.4465775,0.2219724999999996,16.873634310064524,16.5785,16.8678,17.1601,0.5816000000000017,0.3353746237424154,0.011956716792936,0.328978031873703,0.3361503481864929,0.342019721865654,0.0130416899919509,0.3355752077115092,57819.023345650814,42390.144343961736,55353.05319140718,70442.02207077923,28051.877726817496,Al,400,62,-3.399,-0.1569994459922007,-3.098715395465488,-0.3002846045345122,-0.2092616015651016,-0.0910230029694105,-0.11505472219559938,-0.32431632376070096,-3.4230317192261888,-0.11505472219559938,0.17790465066751884
364000,78732,-3.25618006459258,-3.307807086064116,0.0516270214715361,-4.555350453691002,0.1636683654725998,-4.6688125,-4.56043,-4.4479575,0.2208549999999993,16.866612587004017,16.5744,16.8605,17.1541,0.579699999999999,0.3354521102513239,0.0119689344527396,0.3291143178939819,0.3362418711185455,0.3420964181423187,0.0129821002483367,0.3356769526317607,57812.38590971693,42504.18369012586,55353.19193025516,70383.021342519,27878.837652393144,Al,400,63,-3.399,-0.157019891938633,-3.099160172653947,-0.2998398273460529,-0.2092616015651016,-0.0905782257809513,-0.11471858970784535,-0.32398019127294697,-3.423140363926894,-0.11471858970784535,0.1780814865564473
365000,78732,-3.2563175136896674,-3.3080669655286283,0.0517494518389612,-4.561349220774273,0.162508981862571,-4.6742725,-4.565125,-4.4539375,0.2203349999999995,16.87371290961743,16.579874999999998,16.8651,17.1586,0.5787250000000022,0.335462154458404,0.011906906545543,0.329051211476326,0.336263433098793,0.3420657739043236,0.0130145624279975,0.3356218635082026,57654.283259029486,42309.829806116504,55135.00004343585,70271.29596329192,27961.46615717542,Al,400,64,-3.399,-0.1572266654391037,-3.0990908482505635,-0.2999091517494365,-0.2092616015651016,-0.0906475501843349,-0.11476149271018105,-0.32402309427528264,-3.423113942525846,-0.11476149271018105,0.17785475379302537
366000,78732,-3.256039725996274,-3.307759661763959,0.051719935767684,-4.5553857992938065,0.1641498600111747,-4.6683025,-4.56002,-4.44738,0.2209225000000003,16.876838222069807,16.5861,16.8672,17.159725,0.5736250000000034,0.3354222037775187,0.0119722416023035,0.3290534242987633,0.3362224698066711,0.3420969247817993,0.013043500483036,0.3356473912084508,57901.75197380592,42410.34861382533,55415.87947644625,70563.29303641542,28152.944422590088,Al,400,65,-3.399,-0.1570211102779879,-3.099018615718286,-0.2999813842817138,-0.2092616015651016,-0.0907197827166121,-0.11468468433240955,-0.3239462858975112,-3.4229649016157975,-0.11468468433240955,0.1778476828497255
367000,78732,-3.255831833726707,-3.307749165015496,0.0519173312887885,-4.5536550909414215,0.1618950725148022,-4.6663825,-4.55798,-4.44657,0.2198124999999997,16.871055283747395,16.578075,16.8631,17.1543,0.5762250000000009,0.3353631006439169,0.012009360550176,0.328917346894741,0.3361784368753433,0.3420381993055343,0.0131208524107933,0.3354950924619017,57808.321569332256,42440.63312869902,55334.67070462619,70444.25716130568,28003.62403260666,Al,400,66,-3.399,-0.1569614539153805,-3.098870379811326,-0.3001296201886738,-0.2092616015651016,-0.0908680186235721,-0.11490665265359748,-0.3241682542186991,-3.4230386340300254,-0.11490665265359748,0.1780403244562677
368000,78732,-3.2564785843335735,-3.3080998005893414,0.0516212162557676,-4.563493693034599,0.1644304448434167,-4.676905,-4.56795,-4.45466,0.222245,16.872006463699634,16.5767,16.8618,17.1577,0.5809999999999995,0.3355261073525599,0.0119269745623728,0.329115442931652,0.3363639712333679,0.3421296775341034,0.0130142346024513,0.3357936986377827,57564.39757550611,42227.644086872584,54987.36683708083,70139.70036125355,27912.056274380964,Al,400,67,-3.399,-0.157300583967657,-3.0991780003659164,-0.2998219996340836,-0.2092616015651016,-0.0905603980689819,-0.11473635605633913,-0.32399795762144074,-3.423175957987357,-0.11473635605633913,0.17788784393549514
369000,78732,-3.256290951295938,-3.308026382792258,0.0517354314963191,-4.558155773383122,0.1632103871931276,-4.67119,-4.56414,-4.450675,0.2205149999999998,16.868276660061984,16.5776,16.86,17.153,0.5753999999999984,0.3354408922091127,0.0119878727541009,0.3289921283721924,0.3363075107336044,0.3421048745512962,0.0131127461791038,0.3357102395505317,57771.89559426749,42430.395123794005,55308.52096830818,70298.02981634281,27867.634692548803,Al,400,68,-3.399,-0.1571165894374068,-3.0991743618585312,-0.2998256381414688,-0.2092616015651016,-0.0905640365763671,-0.1146967365213553,-0.3239583380864569,-3.423132699944988,-0.1146967365213553,0.17803401487727571
370000,78732,-3.255966345548529,-3.3078691556165216,0.0519028100679926,-4.558893440405426,0.1621941918277848,-4.671815,-4.563445,-4.4514475,0.2203674999999991,16.872114492201398,16.5819,16.8638,17.1541,0.5721999999999987,0.3354528975285832,0.0119978556459869,0.3290009796619415,0.3362328112125397,0.3421131670475006,0.013112187385559,0.3355867732729798,57710.35412973283,42369.1155357185,55195.64638802496,70385.81574478046,28016.700209061957,Al,400,69,-3.399,-0.1571420163276771,-3.0988243292208515,-0.3001756707791485,-0.2092616015651016,-0.0909140692140468,-0.11496184382100409,-0.3242234453861057,-3.423047774606957,-0.11496184382100409,0.1779913227396904
371000,78732,-3.2561960406160013,-3.307869699994919,0.0516736593789183,-4.55682228649088,0.165691158928535,-4.67159,-4.56216,-4.44837,0.2232200000000004,16.867722772189197,16.5751,16.8588,17.1517,0.5766000000000027,0.3353891263388069,0.0120196649751595,0.3290156945586204,0.3362074494361877,0.342061884701252,0.0130461901426315,0.3355524688167997,57774.544428867506,42353.06438673736,55154.80537349994,70483.31444509803,28130.25005836067,Al,400,70,-3.399,-0.157070625033603,-3.099125415582398,-0.2998745844176018,-0.2092616015651016,-0.0906129828525001,-0.11475841316584713,-0.3240200147309487,-3.423145430313347,-0.11475841316584713,0.17808121163232554
372000,78732,-3.255925522717867,-3.3076232431539907,0.0516977204361238,-4.551143300563938,0.1636857302885175,-4.6642425,-4.55677,-4.44323,0.2210125000000005,16.874596477925113,16.5788,16.869,17.161025000000002,0.5822250000000011,0.3353570552213202,0.0120885259775383,0.3288744613528251,0.3362396955490112,0.3420675098896026,0.0131930485367774,0.3355983509180332,57866.61409924387,42318.61886495051,55221.00939536945,70705.44429540413,28386.825430453617,Al,400,71,-3.399,-0.1568748741763123,-3.0990506485415548,-0.2999493514584452,-0.2092616015651016,-0.0906877498933436,-0.11466291086606399,-0.3239245124311656,-3.4229751609727206,-0.11466291086606399,0.17786832433058006
373000,78732,-3.2561484051527194,-3.30782095221765,0.0516725470649303,-4.558354664812273,0.164720098368865,-4.6727225,-4.562725,-4.44946,0.2232624999999997,16.8745678542397,16.5813,16.866549999999997,17.1589,0.5776000000000003,0.3353790476263744,0.0119444105971049,0.329009510576725,0.3362315446138382,0.3420179560780525,0.0130084455013275,0.335566873517907,57678.43627921368,42189.519005079055,55166.4827167942,70360.73866931231,28171.219664233256,Al,400,72,-3.399,-0.1571234450923186,-3.099024960060401,-0.299975039939599,-0.2092616015651016,-0.0907134383744974,-0.11475241403298256,-0.3240140155980842,-3.423038975658485,-0.11475241403298256,0.17786659067333777
374000,78732,-3.256319690103741,-3.3080474806939995,0.0517277905902593,-4.558617935909161,0.1646634811670521,-4.6723025,-4.563575,-4.45052,0.2217824999999997,16.867873637148808,16.5762,16.8584,17.150725,0.5745250000000013,0.3354225017121668,0.0120089917577197,0.3289826661348343,0.3363000452518463,0.3420926705002785,0.0131100043654441,0.3355330672793222,57581.65395784699,42148.14495228208,54974.7356587385,70195.67191930854,28047.52696702646,Al,400,73,-3.399,-0.1571325198714391,-3.0991871702323017,-0.2998128297676983,-0.2092616015651016,-0.0905512282025966,-0.11469897937967014,-0.32396058094477176,-3.4231477511770736,-0.11469897937967014,0.17806976229761204
375000,78732,-3.256402570647334,-3.308075559238937,0.0516729885916031,-4.563550566478687,0.1620677336268507,-4.67576,-4.56741,-4.4563,0.2194600000000006,16.871139576030078,16.5759,16.8629,17.1554,0.5794999999999995,0.3355288148989617,0.0119150981025246,0.3291620016098022,0.3363658487796783,0.3420958444476127,0.0129338428378105,0.3355550601592407,57561.75800495845,42242.01500831972,55070.37500007688,70077.67691037848,27835.661902058753,Al,400,74,-3.399,-0.1573025443573429,-3.099100026289991,-0.299899973710009,-0.2092616015651016,-0.0906383721449073,-0.11478818287581193,-0.32404978444091354,-3.4231498107309046,-0.11478818287581193,0.177957046917116
376000,78732,-3.256210474498463,-3.307724387034497,0.0515139125360336,-4.554956102728243,0.1642196390272847,-4.66845,-4.56133,-4.44695,0.2214999999999998,16.87337647462277,16.579275,16.8643,17.1585,0.579225000000001,0.3354283140273209,0.0119827592655879,0.3289655074477196,0.3362558633089065,0.3420872017741203,0.0131216943264007,0.3356812314593543,57866.43933115416,42542.23536533007,55311.60573909397,70382.9544723572,27840.719107027136,Al,400,75,-3.399,-0.1570062989239599,-3.0992041755745032,-0.2997958244254968,-0.2092616015651016,-0.0905342228603951,-0.11456876657723968,-0.3238303681423413,-3.4230345437168443,-0.11456876657723968,0.17792967388696257
377000,78732,-3.2565865556761207,-3.308059618071433,0.051473062395312,-4.558268008179647,0.1662407715584915,-4.67289,-4.56423,-4.44956,0.2233299999999998,16.87176849057563,16.5791,16.8639,17.155,0.5759000000000007,0.3355333288445533,0.0119915163020031,0.3290457278490066,0.3363149464130401,0.342209629714489,0.0131639018654823,0.3357740741858835,57731.02887902613,42363.08639454734,55214.96862746009,70268.55924367589,27905.47284912855,Al,400,76,-3.399,-0.1571204580959878,-3.099466097580133,-0.2995339024198671,-0.2092616015651016,-0.0902723008547654,-0.11437013390670613,-0.32363173547180774,-3.4230978330519406,-0.11437013390670613,0.17790823758197286
378000,78732,-3.256371264130525,-3.307921975435655,0.0515507113051299,-4.559371397144743,0.1666187792888285,-4.6749425,-4.563655,-4.44913,0.2258124999999999,16.874296147690902,16.5794,16.8658,17.1594,0.5800000000000018,0.3354235021302366,0.0118983994665483,0.3289707377552986,0.3362659513950348,0.3420635387301445,0.0130928009748458,0.3355437925310934,57676.545041193705,42165.75306125792,55169.63377443331,70489.48342701004,28323.73036575212,Al,400,77,-3.399,-0.1571584911777072,-3.099212772952818,-0.2997872270471822,-0.2092616015651016,-0.0905256254820805,-0.11460248335294783,-0.3238640849180494,-3.4230768578708672,-0.11460248335294783,0.1778324499321869
379000,78732,-3.256242725284999,-3.308222286490881,0.0519795612058807,-4.561857644286948,0.1648794302124854,-4.6762325,-4.56841,-4.4535375,0.2226949999999998,16.86175005588579,16.5685,16.853749999999998,17.1447,0.5762,0.335507907804611,0.0119456110058674,0.3290759399533272,0.3363811522722244,0.3421371355652809,0.0130611956119537,0.3355402000131466,57757.11106282456,42305.330650110955,55361.824640662424,70444.43008553586,28139.099435424905,Al,400,78,-3.399,-0.1572441904584915,-3.098998534826507,-0.3000014651734926,-0.2092616015651016,-0.0907398636083909,-0.11500208933668817,-0.32426369090178975,-3.4232622257282967,-0.11500208933668817,0.17824240686111945
380000,78732,-3.256235376762654,-3.307926912691155,0.0516915359285004,-4.560112147030432,0.164456851204678,-4.67412,-4.56516,-4.4516775,0.2224425000000005,16.876715250469953,16.5829,16.8691,17.1634,0.5805000000000007,0.3354799762509772,0.0120060467615886,0.3290020599961281,0.3363038748502731,0.3421805799007416,0.0131785199046134,0.3355758689797785,57664.07874945877,42353.56143406889,55164.77282241597,70206.6975986817,27853.13616461281,Al,400,79,-3.399,-0.1571840243322223,-3.0990513524304317,-0.2999486475695683,-0.2092616015651016,-0.0906870460044666,-0.11470740628136193,-0.32396900784646354,-3.423020360276895,-0.11470740628136193,0.1777395774117034
381000,78732,-3.2560841739838806,-3.307743784992126,0.0516596110082449,-4.55463803320124,0.1629670196419159,-4.6678725,-4.55845,-4.445705,0.2221674999999994,16.871530554285428,16.576175,16.86195,17.1574,0.5812249999999999,0.335378191442695,0.011998226739849,0.3289016038179397,0.3362318724393844,0.3420496881008148,0.013148084282875,0.3356276975652887,57843.51579220771,42441.20290621254,55432.23456102112,70406.96008235849,27965.757176145955,Al,400,80,-3.399,-0.1569953352795012,-3.0990888387043793,-0.2999111612956207,-0.2092616015651016,-0.090649559730519,-0.11469337085599614,-0.3239549724210977,-3.423043811125477,-0.11469337085599614,0.17800069121230364
382000,78732,-3.255709168383774,-3.3077470224305237,0.0520378540467497,-4.55287492366509,0.1632012094465847,-4.66607,-4.557615,-4.4452975,0.2207725000000007,16.865371545242084,16.5713,16.860349999999997,17.1498,0.5784999999999982,0.3353925567050854,0.0119874992135775,0.3289542123675346,0.3361939489841461,0.3420679047703743,0.0131136924028396,0.3354665415183331,57886.03224589809,42504.71055963618,55376.927525643216,70546.82129272337,28042.11073308719,Al,400,81,-3.399,-0.1569345620696995,-3.098774606314074,-0.3002253936859254,-0.2092616015651016,-0.0909637921208237,-0.1150349852970037,-0.3242965868621053,-3.4230711931761792,-0.1150349852970037,0.17821020725680092
383000,78732,-3.2558668589563013,-3.3075414005741,0.0516745416177983,-4.551536321825941,0.1626322784946979,-4.66402,-4.556725,-4.4444275,0.2195925,16.879433741045574,16.5861,16.8703,17.1688,0.5827000000000027,0.335395043043473,0.0120880345573035,0.3288911879062652,0.3362234532833099,0.3420716002583504,0.0131804123520851,0.3355294289934691,57923.20444141697,42458.54235536814,55277.118177215605,70653.56458034366,28195.022224975524,Al,400,82,-3.399,-0.1568884213570872,-3.098978437599214,-0.300021562400786,-0.2092616015651016,-0.0907599608356843,-0.11462648190403406,-0.32388808346913567,-3.4228665210683498,-0.11462648190403406,0.17773597659360812
384000,78732,-3.256070281936984,-3.3077351912818167,0.0516649093448331,-4.551289439744957,0.1645961559558688,-4.66505,-4.55637,-4.4422675,0.2227825000000001,16.8759213648834,16.5804,16.8688,17.1615,0.5810999999999993,0.3354088321842205,0.0120529555696604,0.3289193212985992,0.3362566232681274,0.3421288877725601,0.0132095664739608,0.335661097011939,57925.44250207496,42450.44289439956,55393.730241991085,70650.98710229156,28200.544207892,Al,400,83,-3.399,-0.1568799114964142,-3.0991903704405694,-0.2998096295594306,-0.2092616015651016,-0.0905480279943289,-0.11448498919333691,-0.3237465907584385,-3.422936961199008,-0.11448498919333691,0.1778415497609851
385000,78732,-3.2564122130315174,-3.30800515521008,0.0515929421785627,-4.560587827947975,0.1635031123658999,-4.673545,-4.56484,-4.4528375,0.2207074999999996,16.8695031486562,16.5749,16.8636,17.1565,0.5816000000000017,0.3356312063030975,0.0119401396404372,0.3291712328791618,0.3363704681396484,0.3422115668654442,0.0130403339862823,0.3356997255529838,57762.85849492901,42377.42044101814,55261.247678366155,70494.86588433254,28117.4454433144,Al,400,84,-3.399,-0.1572004207361936,-3.099211792295324,-0.299788207704676,-0.2092616015651016,-0.0905266061395744,-0.11464274222745223,-0.32390434379255384,-3.4231161360878777,-0.11464274222745223,0.17797648443691733
386000,78732,-3.255874107362136,-3.307826376568612,0.0519522692064764,-4.5586203062287245,0.1645245976000595,-4.6726325,-4.564,-4.44959,0.2230425,16.867191443123506,16.5737,16.8625,17.152025000000002,0.5783250000000031,0.3354174991547137,0.0119726576540136,0.329013742506504,0.3362588882446289,0.3420460224151611,0.013032279908657,0.3353786464694075,57883.63427934008,42446.86250147999,55365.90919083255,70434.65192730035,27987.78942582036,Al,400,85,-3.399,-0.1571326015747736,-3.098741505787362,-0.3002584942126378,-0.2092616015651016,-0.0909968926475361,-0.11510250452561825,-0.32436410609071986,-3.423105611878082,-0.11510250452561825,0.178107160880828
387000,78732,-3.256175551020625,-3.3078595052837474,0.0516839542631222,-4.5580944491439315,0.1634978081590521,-4.67223,-4.56365,-4.4499775,0.2222524999999997,16.875369270436416,16.583375,16.8677,17.1597,0.5763250000000006,0.3354474693545843,0.0119606510708112,0.3290281444787979,0.3362809717655182,0.3421328365802765,0.0131046921014785,0.3354749686988377,57807.2512042687,42415.22383005941,55354.92698592256,70454.47434178933,28039.25051172992,Al,400,86,-3.399,-0.1571144756317822,-3.0990610753888426,-0.2999389246111574,-0.2092616015651016,-0.0906773230460558,-0.11466797944264091,-0.3239295810077425,-3.422990656396585,-0.11466797944264091,0.17786026068415714
388000,78732,-3.2559266441972694,-3.307913800741757,0.0519871565444876,-4.556903583295229,0.1648763329699886,-4.6709625,-4.56259,-4.44831,0.2226524999999997,16.869922204440382,16.5766,16.8619,17.1558,0.5792000000000002,0.3354463043416327,0.0119563968833038,0.3290413096547127,0.3362679630517959,0.3420631363987922,0.0130218267440795,0.3356092804590994,57756.704528846785,42304.920227231574,55213.25367061389,70433.97740776282,28129.05718053125,Al,400,87,-3.399,-0.1570734272802278,-3.0988532169170417,-0.3001467830829583,-0.2092616015651016,-0.0908851815178566,-0.11493684706245963,-0.3241984486275612,-3.423051665544603,-0.11493684706245963,0.17802644241679882
389000,78732,-3.2561111019708964,-3.3078943476604175,0.0517832456895214,-4.5569354794746735,0.1644798329561905,-4.6709225,-4.56139,-4.4478575000000005,0.2230649999999991,16.86680860768175,16.5723,16.8572,17.1532,0.5808999999999997,0.3354741408414081,0.0119417233445364,0.3289904147386551,0.3363116979598999,0.3421582877635956,0.0131678730249404,0.3356646558109267,57807.49878658621,42284.90716987857,55238.8277897722,70549.75199499448,28264.844825115913,Al,400,88,-3.399,-0.15707452672026,-3.0990365752506364,-0.2999634247493636,-0.2092616015651016,-0.090701823184262,-0.11482468489448712,-0.3240862864595887,-3.423122861710225,-0.11482468489448712,0.17813276888522883
390000,78732,-3.256237502221731,-3.307847029416248,0.0516095271945168,-4.558258098486003,0.1615372539693527,-4.6711525,-4.56306,-4.4511,0.2200524999999995,16.8767949855205,16.5815,16.8701,17.1639,0.5824000000000034,0.3354697495756465,0.0120125324575744,0.3291003853082657,0.3362579643726349,0.3421159833669662,0.0130155980587005,0.3355245255359679,57680.28035128917,42254.10987046094,55111.91656107234,70382.94595396038,28128.83608349945,Al,400,89,-3.399,-0.1571201165154572,-3.0991173857062737,-0.2998826142937263,-0.2092616015651016,-0.0906210127286246,-0.11460820171722541,-0.323869803282327,-3.4229871889886008,-0.11460820171722541,0.17779380816362306
391000,78732,-3.256039302294105,-3.307842862241528,0.0518035599474229,-4.558808021643042,0.16361495450829,-4.67191,-4.563305,-4.450515,0.2213949999999993,16.87107389244526,16.578,16.8632,17.1553,0.577300000000001,0.3354960576964849,0.0119670325749322,0.3290795907378196,0.3362324237823486,0.3421034663915634,0.0130238756537437,0.3356145214173407,57848.66795933517,42406.17780077465,55343.70038061557,70561.4375879021,28155.25978712745,Al,400,90,-3.399,-0.157139071999908,-3.098900230294197,-0.300099769705803,-0.2092616015651016,-0.0908381681407013,-0.1148875664273504,-0.32414916799245197,-3.423049398286649,-0.1148875664273504,0.17803186106172128
392000,78732,-3.2557741625343306,-3.307638085530661,0.0518639229963305,-4.552876301757862,0.1656700350112644,-4.6674825,-4.55757,-4.44313,0.2243525000000001,16.872539090839812,16.576674999999998,16.8628,17.1598,0.5831250000000026,0.3353629598240448,0.0120739558352434,0.3289476856589317,0.3361967355012893,0.3420944660902023,0.0131467804312706,0.3355905507604947,57871.02928476594,42302.97054749373,55314.83778709891,70560.99171275593,28258.0211652622,Al,400,91,-3.399,-0.1569346095716382,-3.0988395529626924,-0.3001604470373076,-0.2092616015651016,-0.0908988454722059,-0.11489541246326537,-0.32415701402836694,-3.4229965669910594,-0.11489541246326537,0.1779855587231642
393000,78732,-3.256476648676791,-3.307876771071483,0.0514001223946921,-4.559264401132957,0.1649319326860654,-4.672565,-4.56435,-4.4505275,0.2220374999999999,16.878609579332423,16.5857,16.8712,17.1613,0.5756000000000014,0.3354260817884427,0.0120616453119742,0.3289512991905212,0.3361985981464386,0.3421327248215675,0.0131814256310462,0.3356412766263875,57754.46825155848,42261.922858160746,55271.407632043294,70294.90357592718,28032.980717766433,Al,400,92,-3.399,-0.1571548030965421,-3.099321845580249,-0.2996781544197509,-0.2092616015651016,-0.0904165528546492,-0.11440364227675581,-0.3236652438418574,-3.4229870894221066,-0.11440364227675581,0.17775529227360318
394000,78732,-3.2559527312637124,-3.307717864146725,0.0517651328830132,-4.554134883147894,0.1627106876440492,-4.6670025,-4.558775,-4.4457375,0.2212649999999998,16.870853442056596,16.576175,16.8639,17.158525,0.5823500000000017,0.3354006903636403,0.0120397042577269,0.3289869874715805,0.3362379670143127,0.3420894891023636,0.013102501630783,0.335614872816141,57930.38711677587,42516.84824095207,55398.13651297343,70634.44369690362,28117.595455951545,Al,400,93,-3.399,-0.1569779920327393,-3.098974739230973,-0.300025260769027,-0.2092616015651016,-0.0907636592039253,-0.11477926264818157,-0.32404086421328315,-3.4230156034442563,-0.11477926264818157,0.17802299153534898
395000,78732,-3.256029671084535,-3.3078563484987047,0.05182667741417,-4.557166857313417,0.1661959485776603,-4.671914999999999,-4.56271,-4.4475575,0.2243574999999991,16.870263886348628,16.5759,16.8619,17.1548,0.5789000000000009,0.3354221870317871,0.0120341042341236,0.3289961516857147,0.3362971395254135,0.3420798704028129,0.0130837187170982,0.3356118156539984,57754.518307622864,42361.67154341491,55260.58805827443,70361.63866758658,27999.96712417167,Al,400,94,-3.399,-0.1570825021600436,-3.098947168924491,-0.3000528310755088,-0.2092616015651016,-0.0907912295104071,-0.11486459307290964,-0.32412619463801123,-3.4230733635625024,-0.11486459307290964,0.17804306610746223
396000,78732,-3.255876772887698,-3.307408157420108,0.0515313845324112,-4.55015870637098,0.1643640275107396,-4.66444,-4.556305,-4.44166,0.2227800000000002,16.879524336991313,16.5831,16.8716,17.1677,0.5845999999999982,0.3353184771124124,0.0120001332840724,0.3288035839796066,0.33618925511837,0.3420686200261116,0.0132650360465049,0.3354316837811218,58040.55975401393,42448.40992556827,55540.43049220042,70804.41602665349,28356.006101085222,Al,400,95,-3.399,-0.1568409358711581,-3.09903583701654,-0.2999641629834602,-0.2092616015651016,-0.0907025614183585,-0.11458779494072288,-0.32384939650582445,-3.422885233522364,-0.11458779494072288,0.1777847836401067
397000,78732,-3.256402807891809,-3.308048477366255,0.0516456694744462,-4.5592138754254945,0.1616248327424491,-4.6703425,-4.56426,-4.45274,0.2176024999999999,16.86609769344104,16.5726,16.8569,17.151825000000002,0.579225000000001,0.335471114327978,0.0119769847969768,0.3290202617645263,0.336274117231369,0.3421484753489494,0.013128213584423,0.335620806878241,57720.25687262337,42462.20240315308,55306.49470748676,70372.58534445244,27910.38294129936,Al,400,96,-3.399,-0.1571530615091041,-3.099249746382705,-0.2997502536172951,-0.2092616015651016,-0.0904886520521934,-0.11465452779793507,-0.32391612936303665,-3.4231658757457417,-0.11465452779793507,0.17816624728595024
398000,78732,-3.2563223779699313,-3.308258834400244,0.0519364564303129,-4.563652112863893,0.1642187905493669,-4.6772925,-4.56866,-4.4548475000000005,0.2224449999999995,16.869167300462326,16.581,16.8626,17.154225,0.5732250000000008,0.335581724718232,0.0119099262841496,0.3291815221309662,0.336355984210968,0.3421544283628464,0.0129729062318801,0.3357430932984594,57619.45248893875,42229.58602334991,55160.20804641667,70318.06394937483,28088.47792602492,Al,400,97,-3.399,-0.1573060445935143,-3.099016333376417,-0.2999836666235831,-0.2092616015651016,-0.0907220650584814,-0.11481635785618245,-0.32407795942128403,-3.423094292797701,-0.11481635785618245,0.17800390821304704
399000,78732,-3.2562159497927707,-3.307890900015242,0.0516749502224705,-4.559918982497587,0.1636642452919964,-4.67331,-4.56478,-4.4522675000000005,0.2210424999999993,16.87939388939694,16.5818,16.871,17.167325,0.5855250000000005,0.3354658596931159,0.0119495187795021,0.329090841114521,0.3363083004951477,0.3420924618840217,0.0130016207695007,0.3356287824675597,57688.40332971382,42382.57001241549,55035.09019073441,70347.76991563868,27965.19990322319,Al,400,98,-3.399,-0.1571773660796065,-3.099038583713164,-0.2999614162868358,-0.2092616015651016,-0.0906998147217341,-0.11469108806335802,-0.32395268962845963,-3.4229912733416237,-0.11469108806335802,0.17772414095849118
400000,78732,-3.2561655727020677,-3.307784386399431,0.0516188136973632,-4.555775316389779,0.1620171843154901,-4.6668,-4.559725,-4.44933,0.2174700000000005,16.871556509424376,16.5775,16.865,17.1582,0.5807000000000002,0.3354151617660486,0.0119322493106618,0.3289398849010467,0.3362598270177841,0.3421036675572395,0.0131637826561927,0.3354661172622195,57853.10161681486,42292.6961679019,55264.92881855494,70673.25190617387,28380.55573827197,Al,400,99,-3.399,-0.1570345366724968,-3.0991310360295707,-0.2998689639704293,-0.2092616015651016,-0.0906073624053276,-0.11463971488158962,-0.32390131644669123,-3.423032352476262,-0.11463971488158962,0.17802090213924499
301000,78732,-3.229346552602732,-3.2940231605954375,0.0646766079927056,-4.311459944749275,0.1822713452300609,-4.4364125,-4.316305,-4.1909875,0.245425,16.953402063963825,16.619775,16.9427,17.2751,0.6553249999999977,0.3317621248744279,0.0142125772234334,0.3240933492779732,0.3332002162933349,0.3403544127941131,0.0162610635161399,0.3318828491763099,65687.37820186271,47800.63752684967,62576.05810749489,80204.79058074766,32404.153053897993,Al,500,0,-3.4378,-0.185766435948343,-3.0435801166543888,-0.3942198833456114,-0.2092616015651016,-0.1849582817805097,-0.19785259882468068,-0.4071142003897823,-3.450694317044171,-0.19785259882468068,0.17747319521838364
302000,78732,-3.2293138355541298,-3.294100490270792,0.0647866547166618,-4.313547654956054,0.1822154285817654,-4.4381224999999995,-4.31686,-4.1926250000000005,0.245497499999999,16.952888784738096,16.621,16.9421,17.277525,0.656525000000002,0.3319119933205474,0.0142529402694832,0.3242015987634659,0.3333113491535187,0.3405162170529365,0.0163146182894706,0.3320188357035379,65614.21765574404,47714.777595634434,62605.99450076478,80099.76234678377,32384.984751149335,Al,500,1,-3.4378,-0.1858563884213745,-3.0434574471327553,-0.3943425528672448,-0.2092616015651016,-0.1850809513021432,-0.19795552856067286,-0.40721713012577443,-3.4506745772585297,-0.19795552856067286,0.1774306389216896
303000,78732,-3.229433628499616,-3.2942169002438653,0.0647832717442488,-4.315353453614794,0.1802436391729622,-4.4391825,-4.318385,-4.194915,0.2442675000000003,16.95192048214195,16.6204,16.9409,17.2723,0.6519000000000013,0.3317805786740548,0.0141397360318561,0.3242702335119247,0.333233118057251,0.340245209634304,0.0159749761223793,0.3318967520653132,65453.16448178446,47566.46129291667,62494.77479388219,79931.69429564342,32365.233002726745,Al,500,2,-3.4378,-0.1859341942656066,-3.04349943423401,-0.3943005657659908,-0.2092616015651016,-0.1850389642008891,-0.1979127179902573,-0.4071743195553589,-3.450673753789369,-0.1979127179902573,0.1775165277440467
304000,78732,-3.2298048945328137,-3.294275100848447,0.064470206315634,-4.31336851699436,0.1807036489136347,-4.4379525,-4.31784,-4.1938375,0.2441149999999998,16.95815249834883,16.6274,16.9483,17.2766,0.6491999999999969,0.3317688334952227,0.0142101571367459,0.3240377679467201,0.3331965357065201,0.3403381258249283,0.0163003578782081,0.331941274988429,65366.94416083537,47654.0564024161,62353.36891779836,79751.56839531958,32097.511992903484,Al,500,3,-3.4378,-0.1858486699637955,-3.043956224569018,-0.393843775430982,-0.2092616015651016,-0.1845821738658803,-0.19739578802813632,-0.40665738959323794,-3.450613614162256,-0.19739578802813632,0.17728293951601704
305000,78732,-3.2298117108667315,-3.294226112635269,0.0644144017685375,-4.315312740308896,0.1797629144222071,-4.438815,-4.319335000000001,-4.1962675,0.2425474999999997,16.9604630086877,16.625975,16.9535,17.283925,0.6579499999999996,0.3318888309871569,0.014194293514935,0.3242407962679863,0.3332536816596985,0.3403695374727249,0.0161287412047386,0.3321726054012978,65390.77154480206,47662.971031504734,62332.94203416997,79718.32502341003,32055.353991905293,Al,500,4,-3.4378,-0.1859324400649811,-3.0438792708017504,-0.3939207291982498,-0.2092616015651016,-0.1846591276331481,-0.19745996922125922,-0.40672157078636084,-3.4506008415881113,-0.19745996922125922,0.1771439180209147
306000,78732,-3.2296975834043513,-3.294165067571001,0.0644674841666489,-4.31417294835645,0.1840896065135558,-4.44179,-4.31823,-4.1905775,0.2512125000000003,16.96408102423411,16.6309,16.9525,17.2887,0.6577999999999982,0.331843493737688,0.0142423693148256,0.3242039307951927,0.3332131505012512,0.3403860628604889,0.0161821320652961,0.3321427157455232,65233.71420688137,47332.044015042105,62130.6983662172,79660.71976193585,32328.675746893743,Al,500,5,-3.4378,-0.1858833302294632,-3.043814253174888,-0.3939857468251122,-0.2092616015651016,-0.1847241452600105,-0.19747553880435367,-0.4067371403694553,-3.4505513935443433,-0.19747553880435367,0.17701608184865447
307000,78732,-3.229689907604054,-3.294328348701925,0.0646384410978712,-4.317078943250521,0.1808313466901802,-4.4409,-4.32093,-4.1978375,0.2430624999999997,16.969362125946247,16.6347,16.9591,17.2919,0.6571999999999996,0.3318797001153456,0.0141405334961835,0.3241994455456733,0.3332502096891403,0.340342715382576,0.0161432698369026,0.332045837601259,65257.58787535945,47470.31459858348,62132.34408477189,79545.80816156366,32075.493562980184,Al,500,6,-3.4378,-0.1860085398617626,-3.0436813677422916,-0.3941186322577086,-0.2092616015651016,-0.1848570306926069,-0.1975468509323669,-0.4068084524974685,-3.4504898202397603,-0.1975468509323669,0.17686774181325335
308000,78732,-3.2296437510623357,-3.294082529213027,0.0644387781506909,-4.31308801592745,0.18286108410234,-4.439185,-4.317055,-4.19152,0.2476650000000004,16.960404514047656,16.6313,16.9478,17.278,0.6466999999999992,0.3318176072348074,0.0142116762368087,0.3241349458694458,0.3331842869520187,0.3403764069080353,0.0162414610385894,0.3320655064576041,65405.43048530969,47618.903129993574,62338.802085863324,79808.08098539582,32189.17785540225,Al,500,7,-3.4378,-0.185836584107926,-3.0438071669544096,-0.3939928330455906,-0.2092616015651016,-0.1847312314804889,-0.19743976686207432,-0.4067013684271759,-3.4505085353815854,-0.19743976686207432,0.1772542167805887
309000,78732,-3.229707260599228,-3.2942415297464818,0.0645342691472539,-4.315623254712189,0.1814488718526435,-4.44056,-4.320425,-4.19535,0.2452099999999992,16.96055594929635,16.6246,16.948549999999997,17.2844,0.6598000000000006,0.3318736412653892,0.014162100268443,0.3242490738630295,0.3332128375768661,0.3403930366039276,0.0161439627408981,0.332125667894643,65358.039420377565,47515.76399147738,62491.02648135327,79784.30029166481,32268.53630018743,Al,500,8,-3.4378,-0.1859458190954602,-3.0437614415037677,-0.3940385584962325,-0.2092616015651016,-0.1847769569311308,-0.19755851441719127,-0.40682011598229284,-3.4505815574860605,-0.19755851441719127,0.17714606372667568
310000,78732,-3.229616561501294,-3.294109023903876,0.0644924624025821,-4.313246330335823,0.1814027771167824,-4.4392425,-4.318245,-4.1925975,0.246645,16.961782759233856,16.626974999999998,16.9534,17.2839,0.6569250000000011,0.3317592094393015,0.0141143591184659,0.32411028444767,0.3331882506608963,0.3402965292334556,0.0161862447857856,0.3318241187869315,65356.08534793418,47606.44175504939,62379.28522253191,79747.50744749513,32141.065692445736,Al,500,9,-3.4378,-0.1858434053480116,-3.043773156153282,-0.394026843846718,-0.2092616015651016,-0.1847652422816164,-0.1974875008567967,-0.4067491024218983,-3.4505222585751802,-0.1974875008567967,0.1771196082470237
311000,78732,-3.22954306425741,-3.2941208992531625,0.0645778349957526,-4.3128236931616115,0.1807051367719367,-4.4373925,-4.3165,-4.19193,0.2454624999999994,16.955707679215568,16.6259,16.9425,17.276025,0.6501249999999992,0.331799533773447,0.0142226605161621,0.3241342529654503,0.3331240117549896,0.3403784409165382,0.0162441879510879,0.3318288075684992,65425.96868867854,47532.741941767934,62308.84937453682,79848.61513309302,32315.87319132508,Al,500,10,-3.4378,-0.1858251953211162,-3.043717868936294,-0.3940821310637061,-0.2092616015651016,-0.1848205294986045,-0.19754993567639412,-0.4068115372414957,-3.4505294061777896,-0.19754993567639412,0.17736843810617217
312000,78732,-3.2294449732605446,-3.293821346212467,0.0643763729519229,-4.307016836356246,0.1827329739525123,-4.43388,-4.30979,-4.1855,0.24838,16.95266983310471,16.6186,16.9424,17.2754,0.6568000000000005,0.3317627008543117,0.0142935256945109,0.3241070806980133,0.3331373780965805,0.3403517976403236,0.0162447169423103,0.3320776302107588,65758.31842659727,47818.00275056452,62619.684911815464,80251.12060146024,32433.117850895716,Al,500,11,-3.4378,-0.1855749972196334,-3.043869976040911,-0.393930023959089,-0.2092616015651016,-0.1846684223939874,-0.19740943575495176,-0.4066710373200534,-3.4505410133609646,-0.19740943575495176,0.1774634672686496
313000,78732,-3.2298547310732646,-3.294297192501143,0.0644424614278783,-4.31541113562465,0.1815538678338263,-4.44002,-4.32016,-4.1963975,0.2436224999999998,16.95271554133008,16.6181,16.9427,17.2756,0.6575000000000024,0.3318000267489874,0.0141652003738368,0.3242982253432274,0.3331981897354126,0.3403352424502373,0.0160370171070098,0.3319563231056346,65415.86072293188,47634.38681742922,62471.2260471551,79821.38523083994,32186.99841341071,Al,500,12,-3.4378,-0.1859366795911174,-3.043918051482147,-0.3938819485178531,-0.2092616015651016,-0.1846203469527514,-0.19744358267533968,-0.4067051842404413,-3.4506232357225883,-0.19744358267533968,0.17736236969797362
314000,78732,-3.2293115497633056,-3.2942895952090643,0.0649780454457577,-4.313175327185896,0.1852248139999916,-4.4402425,-4.31815,-4.19103,0.2492125000000005,16.95314187369811,16.6206,16.9434,17.273425,0.652825,0.3317351364023631,0.0142679958597955,0.3240382894873619,0.3331660032272339,0.3403761833906173,0.0163378939032554,0.3318893343890814,65359.65259633243,47511.264168556154,62246.96096557236,79824.24856324751,32312.98439469136,Al,500,13,-3.4378,-0.1858403460589837,-3.0434712037043217,-0.3943287962956785,-0.2092616015651016,-0.1850671947305768,-0.1978249440660918,-0.4070865456311934,-3.4505577493355153,-0.1978249440660918,0.1773553674516211
315000,78732,-3.2297155345823643,-3.2940376215515923,0.0643220869692285,-4.311051258065336,0.1812470559563736,-4.4366924999999995,-4.3148800000000005,-4.189865,0.2468274999999993,16.959917271249303,16.621575,16.9493,17.2866,0.665025,0.3318550356505775,0.0141747516074073,0.3241757303476333,0.3332055509090423,0.3403557613492012,0.0161800310015678,0.3319296825298438,65452.28174966538,47706.54872474834,62434.48649067739,79927.70792666778,32221.159201919436,Al,500,14,-3.4378,-0.1857488270015668,-3.0439667075807972,-0.3938332924192029,-0.2092616015651016,-0.1845716908541013,-0.19728175973246204,-0.40654336129756363,-3.4505100688783608,-0.19728175973246204,0.17713543677524116
316000,78732,-3.229699382491096,-3.2941685216938477,0.0644691392027511,-4.312279122212061,0.1820434165297508,-4.43797,-4.31662,-4.191835,0.2461349999999997,16.95892858812173,16.6239,16.9472,17.2848,0.6609000000000016,0.3318266108189587,0.014167974202421,0.3242105543613434,0.3332165479660034,0.3403293341398239,0.0161187797784805,0.3320629583823195,65371.91098460227,47380.74758688373,62262.895718196014,79934.9056662171,32554.158079333374,Al,500,15,-3.4378,-0.1858017315743307,-3.0438976509167652,-0.3939023490832349,-0.2092616015651016,-0.1846407475181333,-0.1973331696493952,-0.40659477121449683,-3.450492422131262,-0.1973331696493952,0.17715474119713873
317000,78732,-3.229426609340238,-3.2940189327084286,0.0645923233681908,-4.309942170908906,0.1804020879449218,-4.43488,-4.31516,-4.190225,0.2446549999999998,16.957164236904944,16.6236,16.947049999999997,17.2782,0.6545999999999985,0.3317026162510303,0.0142303225962185,0.3240680024027824,0.3330807238817215,0.3402691259980201,0.0162011235952377,0.3319897698121621,65585.21620949649,47796.64915777312,62568.21813205707,79923.65363212726,32127.004474354137,Al,500,16,-3.4378,-0.185701040133349,-3.043725569206889,-0.3940744307931112,-0.2092616015651016,-0.1848128292280095,-0.1974630397897048,-0.4067246413548064,-3.450450210561695,-0.1974630397897048,0.17729994790264655
318000,78732,-3.2297945826237657,-3.2945072774729467,0.0647126948491807,-4.320217163796169,0.1807743722140142,-4.4455725,-4.32451,-4.2003975,0.2451749999999997,16.95475846415689,16.6214,16.9417,17.2749,0.6534999999999975,0.3319168835109959,0.0140615570871733,0.3243368491530418,0.3332804292440414,0.340354859828949,0.0160180106759071,0.3321175164058717,65278.131038791114,47471.58856451449,62267.12179123453,79747.72384395312,32276.135279438633,Al,500,17,-3.4378,-0.1861437553232201,-3.043650827300546,-0.3941491726994544,-0.2092616015651016,-0.1848875711343527,-0.19764160478180745,-0.406903206346909,-3.450554033647455,-0.19764160478180745,0.17730906221943832
319000,78732,-3.229678148484137,-3.294036109205914,0.0643579607217764,-4.3106117957120365,0.1824874693660991,-4.43835,-4.31567,-4.18896,0.24939,16.96173761621704,16.6266,16.9514,17.2837,0.6570999999999998,0.3317059849788292,0.0142439979589266,0.3240518122911453,0.3330952674150467,0.3402951136231422,0.0162433013319969,0.3320249750065542,65445.01829200202,47522.53223801602,62520.26358875964,79907.6006554571,32385.068417441085,Al,500,18,-3.4378,-0.1857298920337944,-3.043948256450342,-0.393851743549658,-0.2092616015651016,-0.1845901419845563,-0.19721793086682213,-0.4064795324319237,-3.4504277888822656,-0.19721793086682213,0.1770991884589955
320000,78732,-3.229694755748929,-3.29447771516029,0.0647829594113613,-4.3208784038256365,0.1839555937730368,-4.4487025,-4.32575,-4.1969,0.2518024999999992,16.961342064217853,16.627,16.9521,17.283825,0.6568250000000013,0.3319010893481491,0.014147469284229,0.3243671953678131,0.3332889229059219,0.3403866961598396,0.0160195007920265,0.3319615846414537,65162.58220647792,47354.00101187424,62116.146100885126,79530.55208794436,32176.55107607013,Al,500,19,-3.4378,-0.1861722459517206,-3.0435225097972083,-0.3942774902027919,-0.2092616015651016,-0.1850158886376902,-0.19768863845782372,-0.40695024002292535,-3.4504727498201335,-0.19768863845782372,0.17700182279002585
321000,78732,-3.229378412851228,-3.2941092597673123,0.0647308469160836,-4.313312572905553,0.1825552850930381,-4.4400224999999995,-4.318715,-4.191935,0.2480874999999995,16.95807135345222,16.6259,16.945,17.2774,0.6514999999999986,0.3318207086225411,0.0142074834377934,0.3242293894290924,0.3331622034311294,0.3403381034731865,0.016108714044094,0.3320666048042686,65525.43484783611,47676.58948249338,62348.108153484936,79960.42083394164,32283.831351448254,Al,500,20,-3.4378,-0.1858462595195091,-3.043532153331719,-0.3942678466682814,-0.2092616015651016,-0.1850062451031797,-0.19761211364472073,-0.4068737152098223,-3.450405868541541,-0.19761211364472073,0.17727421286090497
322000,78732,-3.2292846500396797,-3.2941271264543004,0.0648424764146206,-4.313699336356246,0.1845960391474387,-4.4415,-4.318525,-4.1915375,0.2499624999999996,16.961680852766342,16.6273,16.950650000000003,17.2852,0.6578999999999979,0.3318109796333515,0.0142391375879884,0.3241189569234848,0.3331951051950454,0.3403912559151649,0.0162722989916801,0.3319925993712372,65414.44261621184,47529.024040478886,62412.716679362624,79810.93915978755,32281.915119308665,Al,500,21,-3.4378,-0.18586292386725,-3.0434217261724297,-0.3943782738275705,-0.2092616015651016,-0.1851166722624688,-0.19770633818405403,-0.4069679397491556,-3.4503896659215854,-0.19770633818405403,0.17705878429462782
323000,78732,-3.2296673085111833,-3.29398863397348,0.0643213254622961,-4.310827510923131,0.1806525295806836,-4.434875,-4.31305,-4.1891,0.245775,16.959579877305288,16.6225,16.9497,17.284625000000002,0.6621250000000032,0.3317865668714382,0.0141930156527144,0.3242262080311775,0.3331788033246994,0.3403361365199089,0.0161099284887313,0.3319419044054,65513.481840428605,47685.195128562256,62490.29846769736,80003.86592060019,32318.670792037938,Al,500,22,-3.4378,-0.1857391864831128,-3.0439281220280705,-0.3938718779719297,-0.2092616015651016,-0.184610276406828,-0.19720571134152115,-0.40646731290662275,-3.450395434934693,-0.19720571134152115,0.1771533782644476
324000,78732,-3.229249561530016,-3.2938974698978813,0.0646479083678649,-4.309809950210842,0.1851406697542117,-4.43814,-4.3139,-4.1869575,0.2511824999999996,16.95983686429914,16.626,16.9475,17.282025,0.6560249999999996,0.3317768546603444,0.0142420711561948,0.3241572007536888,0.3331364542245865,0.340332843363285,0.0161756426095962,0.3321207729705037,65546.22703368234,47637.59247297072,62348.073666491415,80078.08759309293,32440.495120122217,Al,500,23,-3.4378,-0.1856953431842522,-3.043554218345764,-0.3942457816542362,-0.2092616015651016,-0.1849841800891345,-0.19753042204214794,-0.40679202360724953,-3.4503462419530138,-0.19753042204214794,0.17719166483056267
325000,78732,-3.229260708779233,-3.293758491718742,0.0644977829395087,-4.3045677818421995,0.1809377288412766,-4.427865,-4.3083849999999995,-4.1844875,0.2433774999999993,16.960954314636997,16.6247,16.9538,17.288,0.6632999999999996,0.3316712219761874,0.0142252342904429,0.323998250067234,0.3330682069063186,0.3402705490589142,0.0162722989916801,0.3319672550813975,65667.88681744614,47864.6995555382,62609.77019725347,80119.66315715756,32254.96360161935,Al,500,24,-3.4378,-0.1854694756250117,-3.0437912331542214,-0.3940087668457788,-0.2092616015651016,-0.1847471652806771,-0.197239364030108,-0.4065009655952096,-3.450292198749431,-0.197239364030108,0.17711463871283284
326000,78732,-3.228993672822164,-3.293878519661637,0.0648848468394731,-4.308401710994259,0.1830859652077157,-4.4356525,-4.31225,-4.1862375,0.2494149999999999,16.96233596758624,16.6267,16.951,17.2845,0.6578000000000017,0.3317210091151055,0.0142048452988413,0.3240931779146194,0.3331140428781509,0.3403443694114685,0.016251191496849,0.3318892757309478,65532.15474286497,47839.239912825185,62430.72603371493,79827.04416354201,31987.80425071683,Al,500,25,-3.4378,-0.1856346668510426,-3.043359005971121,-0.3944409940288791,-0.2092616015651016,-0.1851793924637774,-0.1976587188668592,-0.4069203204319608,-3.450279326403082,-0.1976587188668592,0.17712922327647318
327000,78732,-3.229590409663436,-3.294152176497485,0.0645617668340491,-4.311221623990246,0.1808498578782089,-4.43508,-4.315495,-4.192305,0.2427749999999999,16.960360722450844,16.627,16.9494,17.2832,0.6562000000000019,0.3318587476611425,0.0142200150679988,0.3242273554205894,0.3332241475582123,0.3403082937002182,0.0160809382796287,0.3319778028501414,65385.23215866871,47657.72110858836,62285.8828237791,79893.6967158984,32235.975607310043,Al,500,26,-3.4378,-0.185756167501324,-3.043834242162112,-0.3939657578378881,-0.2092616015651016,-0.1847041562727864,-0.1972219833393221,-0.4064835849044237,-3.450317827066536,-0.1972219833393221,0.17712840728028056
328000,78732,-3.229421919755303,-3.2939818937661935,0.0645599740108913,-4.31068217141696,0.1826345462266031,-4.4362825,-4.313965,-4.19018,0.2461025000000001,16.95634277549154,16.625,16.9483,17.2799,0.6549000000000014,0.3318523776596402,0.014232788662651,0.324203684926033,0.3332200795412063,0.3404354751110077,0.0162317901849746,0.3321375695625432,65501.440180350495,47605.5285497154,62404.291978131674,79906.91738841793,32301.388838702536,Al,500,27,-3.4378,-0.1857329242883087,-3.043688995466994,-0.394111004533006,-0.2092616015651016,-0.1848494029679044,-0.1973720865702555,-0.4066336881353571,-3.450322683602351,-0.1973720865702555,0.17723703469474297
329000,78732,-3.2295162789892107,-3.294404438474826,0.0648881594856157,-4.31559365289844,0.1809770577853387,-4.44061,-4.319545,-4.1951275,0.2454825000000005,16.950247495300513,16.618,16.9403,17.271125,0.6531250000000028,0.3318201103609434,0.0142178803753925,0.3241608887910843,0.33322973549366,0.3403990119695663,0.016238123178482,0.3321455856218804,65365.85317854524,47521.16577653757,62355.81246797754,79886.08265859174,32364.916882054167,Al,500,28,-3.4378,-0.185944543651989,-3.043571735337222,-0.3942282646627784,-0.2092616015651016,-0.1849666630976767,-0.19760879349524055,-0.40687039506034217,-3.450442130397564,-0.19760879349524055,0.1774038040099729
330000,78732,-3.2300090360212845,-3.2943761520093484,0.0643671159880633,-4.315756820733629,0.1821257056374209,-4.4413125,-4.320655,-4.1940475,0.2472649999999996,16.959700972920796,16.6268,16.9487,17.2805,0.6537000000000006,0.3319102834088936,0.0142441206222262,0.3241883665323257,0.3332796096801758,0.3404663056135177,0.016277939081192,0.33198759406453,65270.264699936386,47541.99436949787,62230.649820168546,79559.9737567974,32017.97938729952,Al,500,29,-3.4378,-0.1859515740100563,-3.044057462011228,-0.3937425379887722,-0.2092616015651016,-0.1844809364236705,-0.19705197977479877,-0.40631358133990036,-3.4503710433511285,-0.19705197977479877,0.17707726573449079
331000,78732,-3.2288338428949293,-3.2936899409388816,0.0648560980439516,-4.305266744271706,0.1843358986889699,-4.43203,-4.30905,-4.1819475,0.2500825000000004,16.96780027815882,16.631375,16.96,17.292225000000002,0.6608500000000035,0.3317400322135844,0.0143107012837329,0.3241069391369819,0.3331555873155594,0.3403946161270141,0.0162876769900321,0.3318665833091542,65551.97510140392,47632.49260827327,62406.11274077007,79999.89178421901,32367.399175945746,Al,500,30,-3.4378,-0.1854995915859751,-3.0433342513089543,-0.3944657486910459,-0.2092616015651016,-0.1852041471259442,-0.19753976103495793,-0.4068013626000595,-3.450135613909014,-0.19753976103495793,0.1769182205829406
332000,78732,-3.229175953191342,-3.293880297845857,0.0647043446545153,-4.311131443885586,0.1806408154310841,-4.4357625,-4.31629,-4.1914975,0.2442650000000004,16.969696115937612,16.634574999999998,16.96,17.2899,0.6553250000000013,0.3317253130213617,0.0141916111592419,0.3241994455456733,0.3331341445446014,0.3402338102459907,0.0160343647003173,0.3318457664181951,65511.85166602594,47712.842070201725,62490.75731069011,79952.432029202,32239.589959000274,Al,500,31,-3.4378,-0.1857522819412467,-3.0434236712500953,-0.3943763287499049,-0.2092616015651016,-0.1851147271848032,-0.19746323043451783,-0.4067248319996194,-3.450148503249715,-0.19746323043451783,0.1769069087115949
333000,78732,-3.229372577243469,-3.2941889784331657,0.0648164011896966,-4.313458495021084,0.1807475459150498,-4.4369024999999995,-4.31807,-4.1932675,0.2436349999999993,16.962678525885284,16.627,16.953049999999998,17.2882,0.6612000000000009,0.3318322401737749,0.0142177471891194,0.3242024034261703,0.3332293033599853,0.3403626903891563,0.0161602869629859,0.3321639737738409,65285.84143033182,47535.85304451084,62280.42468140922,79787.06012186393,32251.207077353098,Al,500,32,-3.4378,-0.1858525468170082,-3.043520030426461,-0.3942799695735393,-0.2092616015651016,-0.1850183680084376,-0.19748025117330112,-0.4067418527384027,-3.4502618831648637,-0.19748025117330112,0.17699130676793115
334000,78732,-3.2294331656863635,-3.2938179625819233,0.0643847968955596,-4.306337161255906,0.1798465389775465,-4.43038,-4.311075000000001,-4.1867775,0.2436025000000006,16.95796910785958,16.6243,16.9468,17.2792,0.6548999999999978,0.3316771343993152,0.0142451853695366,0.3240255787968635,0.3331024795770645,0.3402673304080963,0.0162417516112327,0.3317912138575692,65714.11875442628,47762.23678555858,62647.126167215014,80184.43422666122,32422.19744110264,Al,500,33,-3.4378,-0.1855457122853858,-3.043887453400978,-0.3939125465990223,-0.2092616015651016,-0.1846509450339206,-0.19710413629216328,-0.4063657378572649,-3.4502531912582426,-0.19710413629216328,0.17727489363688254
335000,78732,-3.2295206208905474,-3.294150487476502,0.0646298665859548,-4.312465554158411,0.1803621101947619,-4.4360625,-4.315455,-4.1928775,0.2431850000000004,16.952883709292287,16.620275,16.9451,17.2739,0.6536250000000017,0.3317713026862597,0.014207082190256,0.3242177292704582,0.3331898748874664,0.3403469994664192,0.016129270195961,0.3318392125463719,65518.98083971022,47724.46849029361,62454.81219742411,80074.18690397848,32349.718413684863,Al,500,34,-3.4378,-0.1858097643053927,-3.0437108565851547,-0.3940891434148454,-0.2092616015651016,-0.1848275418497438,-0.19735384693299293,-0.4066154484980945,-3.4503263050832493,-0.19735384693299293,0.1773461103915315
336000,78732,-3.2291188929012984,-3.293781622085048,0.0646627291837499,-4.307673618477874,0.1840939867172769,-4.4346825,-4.31038,-4.1840775,0.2506050000000002,16.953730263425292,16.6167,16.9428,17.278825,0.6621249999999996,0.3316838586597807,0.0141801241093013,0.323982685804367,0.3331181406974792,0.3403080180287361,0.016325332224369,0.331942325603191,65740.63236970456,47692.70472512732,62607.90939992393,80373.32808619036,32680.623361063044,Al,500,35,-3.4378,-0.1856032957717464,-3.043515597129552,-0.3942844028704479,-0.2092616015651016,-0.1850228013053463,-0.19754208727081068,-0.4068036888359123,-3.4503192859654646,-0.19754208727081068,0.17734266082924213
337000,78732,-3.229439612308351,-3.294348645150638,0.0649090328422864,-4.31457808794391,0.1819066506066941,-4.44111,-4.318325,-4.1926075,0.2485024999999998,16.949424602448815,16.615875,16.94045,17.2706,0.6547250000000027,0.3318772977342473,0.0142373598491325,0.3242227807641029,0.3332774341106415,0.3404147699475288,0.0161919891834259,0.3321080828492554,65469.469198070066,47709.26224333121,62309.32022144298,80013.11079743734,32303.84855410613,Al,500,36,-3.4378,-0.185900786343677,-3.043538825964674,-0.3942611740353263,-0.2092616015651016,-0.1849995724702247,-0.1975778203437386,-0.4068394219088402,-3.450378247873514,-0.1975778203437386,0.1774113114367651
338000,78732,-3.229294024969035,-3.2939822974140127,0.0646882724449766,-4.309091330589848,0.1834369735812825,-4.435985,-4.31339,-4.18746,0.2485249999999998,16.952989348676525,16.6197,16.9415,17.275325000000002,0.6556250000000006,0.331717602071495,0.0141734386787156,0.3240969032049179,0.3331026583909988,0.3402295708656311,0.0161326676607131,0.3319194461144016,65697.26577968143,47876.34347243447,62624.30216417149,80238.46387146889,32362.120399034426,Al,500,37,-3.4378,-0.1856643802604387,-3.0436296447085964,-0.3941703552914037,-0.2092616015651016,-0.1849087537263021,-0.1974067240247434,-0.406668325589845,-3.4502979702984415,-0.1974067240247434,0.17736865792079384
339000,78732,-3.22934820402794,-3.2938615310166135,0.0645133269886729,-4.305865703525885,0.1822920234503628,-4.43257,-4.31034,-4.1832,0.2493699999999998,16.957167069298382,16.624,16.9455,17.2795,0.6555,0.3316343688434298,0.0142486561784469,0.3238326534628868,0.3330219388008117,0.3402671217918396,0.0164344683289527,0.3318100027853182,65573.29629465705,47796.587475851295,62482.303586466034,80071.78492157294,32275.19744572164,Al,500,38,-3.4378,-0.1855253987434932,-3.0438228052844467,-0.3939771947155535,-0.2092616015651016,-0.1847155931504518,-0.19715268119506993,-0.40641428276017155,-3.4502370880446183,-0.19715268119506993,0.17724243003771012
340000,78732,-3.2301698507796233,-3.294501110476045,0.064331259696422,-4.3179747464817355,0.1825044564531392,-4.443155,-4.322395,-4.19684,0.246315,16.95838781308744,16.6244,16.9475,17.2819,0.6574999999999989,0.3318437476053486,0.0141602988787364,0.3243356123566627,0.3332833349704742,0.3403415381908417,0.0160059258341789,0.3320716858869348,65228.53365620955,47483.89404720256,62264.26962430419,79593.84430554154,32109.950258338984,Al,500,39,-3.4378,-0.1860471370366654,-3.044122713742958,-0.3936772862570423,-0.2092616015651016,-0.1844156846919407,-0.19695588093166502,-0.4062174824967666,-3.4503401962397247,-0.19695588093166502,0.1770446484231066
341000,78732,-3.229340551399707,-3.294349641949906,0.0650090905501994,-4.315917658893461,0.1817632735663879,-4.44118,-4.319355,-4.19453,0.2466499999999998,16.966698005893413,16.6358,16.9553,17.2883,0.6524999999999999,0.3318540801517527,0.014213874657073,0.3242254182696342,0.3332570493221283,0.3403748869895935,0.0161494687199592,0.3318588307794229,65116.29035522973,47376.16701499767,62109.11547657198,79616.3559460213,32240.18893102363,Al,500,40,-3.4378,-0.1859585039901789,-3.043382047409528,-0.3944179525904721,-0.2092616015651016,-0.1851563510253704,-0.19748538467709667,-0.4067469862421983,-3.4501290336517263,-0.19748538467709667,0.17686609589117847
342000,78732,-3.2298438545647015,-3.2943913976527965,0.064547543088095,-4.318337133440024,0.1811521433567424,-4.4442125,-4.32261,-4.19733,0.2468824999999999,16.962904361631868,16.6298,16.954,17.2858,0.6559999999999988,0.3318541457952553,0.0141704993753689,0.32429950684309,0.3332068175077438,0.3403218761086464,0.0160223692655563,0.332116981654578,65286.08490594584,47458.699862455134,62175.3760720145,79744.68464981901,32285.98478736388,Al,500,41,-3.4378,-0.1860627510826122,-3.043781103482089,-0.394018896517911,-0.2092616015651016,-0.1847572949528093,-0.19719578182817948,-0.4064573833932811,-3.4502384868753704,-0.19719578182817948,0.1769253701101025
343000,78732,-3.2293102236366167,-3.294232702458975,0.0649224788223581,-4.317792191358024,0.1824509722411333,-4.4433475,-4.32125,-4.1945250000000005,0.2488224999999992,16.962487523497433,16.628,16.953049999999998,17.287,0.6589999999999989,0.3318622781166575,0.0140463112569345,0.3242149651050567,0.333195760846138,0.3403017744421959,0.0160868093371391,0.332038794726365,65282.47820343659,47570.710403156656,62278.43136334862,79559.48547840652,31988.77507524987,Al,500,42,-3.4378,-0.1860392713449668,-3.0432709522916497,-0.3945290477083505,-0.2092616015651016,-0.1852674461432488,-0.1976728279068137,-0.40693442947191527,-3.450205381763565,-0.1976728279068137,0.1769690918631676
344000,78732,-3.229690850763659,-3.294153192729767,0.0644623419661078,-4.312420923766702,0.1805080577591896,-4.4379225,-4.31673,-4.19184,0.2460824999999999,16.956591700960217,16.6253,16.9469,17.2779,0.6525999999999996,0.331864981389281,0.0142759770487095,0.3242131322622299,0.3332504779100418,0.3403974249958992,0.0161842927336692,0.3319023693200807,65580.52029190985,47782.194866759826,62607.50903903137,80024.60352442013,32242.408657660308,Al,500,43,-3.4378,-0.1858078413305978,-3.043883009433061,-0.3939169905669391,-0.2092616015651016,-0.1846553890018374,-0.1970830527218012,-0.4063446542869028,-3.450227663719964,-0.1970830527218012,0.17720330921695956
345000,78732,-3.229353193149022,-3.294022077935274,0.0646688847862519,-4.3070354224457645,0.1803280723024331,-4.43125,-4.31047,-4.18669,0.2445600000000007,16.95275713813951,16.6161,16.94195,17.2774,0.6613000000000007,0.3317775723468038,0.0142073573267048,0.3240474984049797,0.3331478089094162,0.3403219655156135,0.0162744671106338,0.3319572239801169,65563.50170166114,47850.781755476746,62503.77191173936,80032.65088334493,32181.869127868187,Al,500,44,-3.4378,-0.1855757980322705,-3.0437773951167513,-0.3940226048832489,-0.2092616015651016,-0.1847610033181472,-0.1972170412228498,-0.4064786427879514,-3.450256037904703,-0.1972170412228498,0.17735033353890603
346000,78732,-3.2298639218055527,-3.294272072092669,0.0644081502871157,-4.311637833790582,0.1830315027134927,-4.4376325,-4.315715,-4.1892375,0.2483950000000003,16.947402413250014,16.616274999999998,16.9379,17.2691,0.6528250000000035,0.3318403399155897,0.014242618629373,0.3241262584924698,0.33319291472435,0.3403496891260147,0.0162234306335449,0.3318848310703049,65436.6569104406,47531.038492397834,62370.11487168481,79855.46443173404,32324.425939336208,Al,500,45,-3.4378,-0.185774100594106,-3.044089821211447,-0.3937101787885533,-0.2092616015651016,-0.1844485772234516,-0.19699040384864158,-0.4062520054137432,-3.45034182662519,-0.19699040384864158,0.1774445125575405
347000,78732,-3.229376731061309,-3.2941864974851396,0.0648097664238302,-4.31107971409338,0.1821540957457587,-4.4361625,-4.31479,-4.1903875,0.245775,16.956340780114818,16.621,16.9482,17.278425000000002,0.6574250000000035,0.3318505743766881,0.0141986661598198,0.3242156207561493,0.3332324922084808,0.3403548374772072,0.0161392167210578,0.3319072878169061,65490.954333637375,47765.15143047276,62573.993763919774,79945.97637223575,32180.824941762985,Al,500,46,-3.4378,-0.1857500530769517,-3.0436266779843573,-0.3941733220156429,-0.2092616015651016,-0.1849117204505412,-0.1973196017106109,-0.40658120327571246,-3.4502078812600696,-0.1973196017106109,0.1772024477964169
348000,78732,-3.229242474317839,-3.293983765813139,0.0647412914952992,-4.307236762180562,0.1825665345444266,-4.43265,-4.310835,-4.1852775,0.2473725,16.9669030762587,16.6345,16.9577,17.2888,0.6542999999999992,0.3317481278553654,0.0142137406814444,0.3240500316023826,0.3331093788146972,0.3403199538588524,0.0162699222564697,0.3318933943258243,65499.52989452358,47759.32689936275,62393.59107415128,79869.25300109036,32109.926101727608,Al,500,47,-3.4378,-0.1855844730902387,-3.0436580012276004,-0.3941419987723997,-0.2092616015651016,-0.1848803972072981,-0.19710443454792764,-0.40636603611302924,-3.4500240373406297,-0.19710443454792764,0.17690738414707957
349000,78732,-3.2290818124317533,-3.2935679121576995,0.0644860997259462,-4.302106556038205,0.1831977919229602,-4.42826,-4.306445,-4.180175,0.2480849999999996,16.963516674287458,16.625975,16.9528,17.287125,0.6611499999999992,0.3316448546831733,0.0143287391361884,0.3239070102572441,0.3329681605100631,0.3402649164199829,0.0163579061627388,0.332019755178921,65658.00113553362,47691.72461643292,62643.11965997301,80154.69817417716,32462.97355774424,Al,500,48,-3.4378,-0.1853634296100814,-3.043718382821672,-0.3940816171783283,-0.2092616015651016,-0.1848200156132267,-0.19709896241278121,-0.4063605639778828,-3.4500789467995547,-0.19709896241278121,0.17707836919024994
350000,78732,-3.2296128055586344,-3.29407799865366,0.0644651930950261,-4.312181766626023,0.1812899952338775,-4.437365,-4.31625,-4.19133,0.246035,16.96277096479195,16.629775,16.952,17.2861,0.6563250000000025,0.3317982004817721,0.0141861096368663,0.3241655230522156,0.3331388384103775,0.3403602987527847,0.0161947757005691,0.3319815048440796,65480.219691165534,47525.72055982312,62301.90826723123,79871.1270546483,32345.406494825176,Al,500,49,-3.4378,-0.1857975368466817,-3.0438152687119526,-0.3939847312880475,-0.2092616015651016,-0.1847231297229459,-0.1970575536550655,-0.4063191552201671,-3.45013442393212,-0.1970575536550655,0.1769989036871003
351000,78732,-3.2295145572036668,-3.29406698369151,0.0645524264878435,-4.3096305392978715,0.1831661657818211,-4.4353325,-4.314435,-4.1878675,0.247465,16.95003034344358,16.6127,16.939950000000003,17.2741,0.6614000000000004,0.3317742888044306,0.014273046213254,0.3240463361144066,0.3331364095211029,0.3403358981013298,0.0162895619869232,0.332023304264105,65517.02752653014,47627.818850359414,62524.790584957256,80070.41282123898,32442.593970879563,Al,500,50,-3.4378,-0.1856876129661127,-3.043826944237554,-0.3939730557624461,-0.2092616015651016,-0.1847114541973444,-0.1972195664599382,-0.4064811680250398,-3.450308112262594,-0.1972195664599382,0.17738573023671203
352000,78732,-3.230170717259856,-3.2945609938779663,0.0643902766181095,-4.318473577198597,0.1811587362863433,-4.44287,-4.321575,-4.1975050000000005,0.2453649999999996,16.952023284052224,16.6208,16.9413,17.2713,0.650500000000001,0.331922202868211,0.0141571137406547,0.3243075013160705,0.3332493156194687,0.3403962627053261,0.0160887613892555,0.3322340894619369,65291.5537846865,47483.33755760426,62285.87235173556,79691.30125567036,32207.9636980661,Al,500,51,-3.4378,-0.1860686299893079,-3.044102087270548,-0.393697912729452,-0.2092616015651016,-0.1844363111643503,-0.19693561327400638,-0.406197214839108,-3.450299302109656,-0.19693561327400638,0.17728969612317716
353000,78732,-3.2291792217801145,-3.294077019509221,0.0648977977291063,-4.311235403647819,0.1822117346540398,-4.43744,-4.31451,-4.18865,0.2487899999999996,16.958648897525784,16.6222,16.9481,17.2834,0.6612000000000009,0.3318127410850958,0.0141298688011169,0.3241134509444237,0.333144336938858,0.3403330072760582,0.0162195563316345,0.3319887092487193,65485.455632340345,47841.73122559601,62513.88410326961,79839.97760617296,31998.24638057695,Al,500,52,-3.4378,-0.1857567612208317,-3.043422460559283,-0.3943775394407174,-0.2092616015651016,-0.1851159378756157,-0.19747432007346952,-0.4067359216385711,-3.450158382197854,-0.19747432007346952,0.17712952233332466
354000,78732,-3.229100006917085,-3.2939212048468223,0.0648211979297375,-4.309525330996292,0.1814626861751816,-4.4340525,-4.313815,-4.18818,0.2458724999999999,16.964920518975767,16.6307,16.953249999999997,17.287325,0.6566249999999982,0.3317440608340792,0.0142545797268605,0.3240855932235718,0.3331629335880279,0.3403439372777939,0.0162583440542221,0.3320191047916487,65616.6252303895,47740.24634544994,62575.43868438399,80240.46873739998,32500.22239195004,Al,500,53,-3.4378,-0.1856830798911295,-3.0434169270259552,-0.3943830729740449,-0.2092616015651016,-0.1851214714089433,-0.19736143692379113,-0.4066230384888927,-3.450039965514848,-0.19736143692379113,0.17699936407719194
355000,78732,-3.229784671522426,-3.293932021033379,0.0641473495109536,-4.309783972209521,0.1817871165578849,-4.4363225,-4.31452,-4.1892175,0.2471050000000003,16.969424226489863,16.6315,16.9611,17.2955,0.6640000000000015,0.3318210917842532,0.0142700388267807,0.3241184428334236,0.3331580013036728,0.3403188064694404,0.0162003636360168,0.3321240888799205,65432.64220762237,47582.07105171072,62283.96228439487,79951.2176686998,32369.146616989077,Al,500,54,-3.4378,-0.1856942238787779,-3.044090447643648,-0.3937095523563521,-0.2092616015651016,-0.1844479507912504,-0.19672289964525638,-0.405984501210358,-3.450074948854006,-0.19672289964525638,0.17674728737741707
356000,78732,-3.229321610760254,-3.29403280965808,0.0647111988978268,-4.311940364908804,0.1823973830459571,-4.43747,-4.315995,-4.1905875,0.2468824999999999,16.963678857389624,16.6291,16.953,17.2903,0.6611999999999973,0.3318661428716953,0.0141727594942433,0.3242114707827568,0.3331829905509949,0.3404199257493019,0.0162084549665451,0.3320622410900977,65333.44136962156,47552.24619362623,62343.247235284936,79903.86990953595,32351.623715909715,Al,500,55,-3.4378,-0.1857871356514452,-3.043534475108809,-0.3942655248911912,-0.2092616015651016,-0.1850039233260896,-0.19728885051027603,-0.40655045207537766,-3.4500849271841867,-0.19728885051027603,0.1769419912069922
357000,78732,-3.2296085207369503,-3.294235381166488,0.0646268604295381,-4.315300755220241,0.1808531603953037,-4.43987,-4.319295,-4.1956875,0.2441824999999999,16.957736763958746,16.620475,16.9471,17.281,0.6605249999999998,0.331866422595138,0.0141979734935957,0.3242819905281067,0.333213523030281,0.3404053449630737,0.016123354434967,0.3320958392783263,65345.822678424294,47615.080887381606,62208.802162344495,79761.39802311703,32146.317135735422,Al,500,56,-3.4378,-0.1859319236674655,-3.043676597069485,-0.3941234029305156,-0.2092616015651016,-0.1848618013654139,-0.19727140337755053,-0.4065330049426521,-3.450209602012137,-0.19727140337755053,0.17713974667794607
358000,78732,-3.229452448400912,-3.2941930239292794,0.0647405755283671,-4.3133951463191575,0.1820003252963832,-4.43796,-4.3185,-4.19326,0.2446999999999999,16.95879556089011,16.6243,16.9491,17.28,0.6556999999999995,0.3318270104438307,0.014179875199985,0.3241840898990631,0.3331986218690872,0.3403381183743477,0.0161540284752845,0.3320562426491596,65427.84300720278,47496.269475953195,62284.350068265136,79842.4318059306,32346.1623299774,Al,500,57,-3.4378,-0.1858498173326271,-3.043602631068285,-0.3941973689317151,-0.2092616015651016,-0.1849357673666134,-0.19727982701431865,-0.4065414285794202,-3.4501440596477053,-0.19727982701431865,0.17713257927542359
359000,78732,-3.229641266237635,-3.2942909713966366,0.0646497051590014,-4.3106374014377895,0.1804845677593146,-4.434912499999999,-4.31569,-4.19111,0.2438024999999992,16.95824043082863,16.6264,16.9482,17.278,0.6515999999999984,0.3317884011415076,0.0141971313310583,0.3241477608680725,0.3331318646669388,0.340319000184536,0.0161712393164634,0.3319430330097569,65342.28017630825,47592.629299760345,62213.70687573761,79856.37691077334,32263.747611012994,Al,500,58,-3.4378,-0.1857309952991555,-3.0439102709384795,-0.3938897290615206,-0.2092616015651016,-0.184628127496419,-0.19694140237405428,-0.40620300393915587,-3.4501132748776353,-0.19694140237405428,0.17715841936208304
360000,78732,-3.2297742857376934,-3.2943153655438704,0.0645410798061766,-4.314080049027079,0.1822578532366871,-4.43958,-4.318685,-4.19451,0.2450700000000001,16.959846481735507,16.6263,16.9473,17.2821,0.6557999999999993,0.3318449329006255,0.0142023498347558,0.3241772949695587,0.3332076817750931,0.3403713703155517,0.016194075345993,0.3319013486528069,65438.82818189587,47657.625529474535,62399.68375972293,79905.34681086967,32247.721281395137,Al,500,59,-3.4378,-0.1858793275070581,-3.043894958230635,-0.393905041769365,-0.2092616015651016,-0.1846434402042633,-0.19700456555166668,-0.4062661671167683,-3.4501611253474036,-0.19700456555166668,0.177060942964098
361000,78732,-3.229682395924437,-3.2942078467459224,0.0645254508214855,-4.3154512068790325,0.1809361221205123,-4.44008,-4.32062,-4.1952875,0.2447924999999999,16.959272976680385,16.6249,16.95,17.2847,0.6598000000000006,0.3318556605797121,0.0142276202077963,0.3242308869957924,0.3332792073488235,0.3403467833995819,0.0161158964037895,0.3319849486017575,65441.52653957964,47662.38579200406,62339.884553063144,80025.96540211416,32363.5796101101,Al,500,60,-3.4378,-0.1859384061278836,-3.0437439897965537,-0.3940560102034465,-0.2092616015651016,-0.1847944086383448,-0.19715774999864286,-0.4064193515637444,-3.450163341360298,-0.19715774999864286,0.1770410379462746
362000,78732,-3.2297728441777234,-3.294042315068841,0.0642694708911179,-4.310881334781283,0.1817476877895001,-4.4353225,-4.31298,-4.1905775,0.244745,16.95544287710207,16.6208,16.9466,17.279225,0.6584250000000011,0.3317460893283652,0.01429221240814,0.3241231441497803,0.3332077711820602,0.340342566370964,0.0162194222211837,0.3318774073983676,65491.39915866048,47608.59764753646,62544.22387613162,79960.82492785789,32352.22728032143,Al,500,61,-3.4378,-0.1857415055737285,-3.044031338603995,-0.3937686613960052,-0.2092616015651016,-0.1845070598309035,-0.19688480545864348,-0.40614640702374505,-3.45017774562774,-0.19688480545864348,0.17720472034829154
363000,78732,-3.2291870777108875,-3.29371247828075,0.0645254005698623,-4.3065145612965505,0.1821802332293125,-4.4318925,-4.310865,-4.18389,0.2480025000000001,16.95628423639689,16.6198,16.9457,17.28,0.6601999999999997,0.3317330788559986,0.0142780860332567,0.3240061700344085,0.3330602645874023,0.3403007462620735,0.0162945762276649,0.3319437736043953,65779.16186882158,47839.310244602304,62683.36758758095,80207.27052625279,32367.960281650485,Al,500,62,-3.4378,-0.1855533558617405,-3.043633721849147,-0.3941662781508532,-0.2092616015651016,-0.1849046765857516,-0.19722118241471862,-0.4064827839798202,-3.450116505828967,-0.19722118241471862,0.17727672885365228
364000,78732,-3.2294070569704427,-3.294264349946654,0.0648572929762116,-4.313005055758777,0.1816228359584985,-4.4384325,-4.3163800000000005,-4.1907375,0.2476950000000002,16.954367705634304,16.619175,16.9438,17.278725,0.659550000000003,0.3318629558694736,0.0142254724841137,0.3241083323955536,0.3331420868635177,0.3404207602143287,0.0163124278187751,0.3319695309262153,65382.13298336136,47548.20032134723,62366.58193126667,79795.43670852238,32247.23638717515,Al,500,63,-3.4378,-0.1858330096308213,-3.0435740473396216,-0.3942259526603786,-0.2092616015651016,-0.1849643510952769,-0.19734768826861668,-0.40660928983371825,-3.45018333717334,-0.19734768826861668,0.17721982960314708
365000,78732,-3.2296286077402963,-3.2942765532439164,0.0646479455036198,-4.314084659858762,0.1812411492518788,-4.43966,-4.31905,-4.19369,0.2459699999999998,16.95880586419753,16.6225,16.9491,17.282225,0.6597250000000017,0.331858225001002,0.0141328293606342,0.3242109045386314,0.3332225680351257,0.3403322994709015,0.01612139493227,0.3321311210420736,65404.091761281925,47531.1218534362,62328.65031646841,79912.57184888225,32381.449995446048,Al,500,64,-3.4378,-0.1858795261724243,-3.043749081567872,-0.3940509184321281,-0.2092616015651016,-0.1847893168670265,-0.19713914471114172,-0.40640074627624334,-3.4501498278441156,-0.19713914471114172,0.17709113904842783
366000,78732,-3.2296038230483872,-3.2943113656454805,0.0647075425970939,-4.317360433241883,0.1821514667720027,-4.44314,-4.321445000000001,-4.19558,0.24756,16.960978599552913,16.6289,16.95,17.2819,0.6529999999999987,0.331821349340676,0.0141848213574388,0.3242435157299042,0.3332209587097168,0.340319775044918,0.0160762593150138,0.3319719792429081,65223.92779725894,47659.57813534375,62208.61552457199,79608.76372082104,31949.185585477288,Al,500,65,-3.4378,-0.18602066832709,-3.043583154721297,-0.3942168452787031,-0.2092616015651016,-0.1849552437136015,-0.1972643096296955,-0.4065259111947971,-3.4501090659160942,-0.1972643096296955,0.17703594341649417
367000,78732,-3.2291853724963597,-3.293734080805771,0.0645487083094118,-4.308242433826144,0.1822129154285351,-4.434,-4.31286,-4.1871575000000005,0.2468424999999996,16.96014926967434,16.6229,16.9504,17.2832,0.6602999999999994,0.33169728245938,0.0142406608955394,0.3241315931081772,0.3330852091312408,0.3402888104319572,0.01615721732378,0.3317883385741186,65624.50863584434,47620.99843258851,62603.98254068002,80167.43128268658,32546.432850098063,Al,500,66,-3.4378,-0.1856278041288493,-3.0435575683675102,-0.3942424316324899,-0.2092616015651016,-0.1849808300673883,-0.19725413028286576,-0.40651573184796735,-3.4500733002154775,-0.19725413028286576,0.17715752821948624
368000,78732,-3.229366994995717,-3.2939215743281007,0.0645545793323832,-4.30958477074125,0.1828556744744721,-4.4358625,-4.31503,-4.187475,0.2483874999999997,16.959340308896003,16.6238,16.950650000000003,17.2823,0.6585000000000001,0.3317080314907032,0.01422631393871,0.3240638673305511,0.3330928534269333,0.3402643650770187,0.0162004977464675,0.3319650055814209,65602.20568492316,47753.51410829592,62411.786889816954,79978.10871217313,32224.5946038772,Al,500,67,-3.4378,-0.185685640951586,-3.043681354044131,-0.394118645955869,-0.2092616015651016,-0.1848570443907673,-0.1971488106672842,-0.40641041223238583,-3.450091766276517,-0.1971488106672842,0.17712610148117508
369000,78732,-3.229155039815504,-3.2939781350657933,0.0648230952502895,-4.311846022709953,0.1818837366078869,-4.436315,-4.313695,-4.1904075,0.2459074999999995,16.95334999872987,16.6191,16.9443,17.2773,0.6582000000000008,0.3317442075135758,0.0141501364965616,0.3240805193781852,0.333143338561058,0.340267963707447,0.0161874443292617,0.3318874696073269,65589.00110924884,47783.72065179124,62589.40563467628,79998.05312528714,32214.332473495902,Al,500,68,-3.4378,-0.1857830707606044,-3.0433719690548995,-0.3944280309451007,-0.2092616015651016,-0.185166429379999,-0.1974992627221091,-0.4067608642872107,-3.45013283334211,-0.1974992627221091,0.17731945967421084
370000,78732,-3.2296797008994966,-3.294282660798659,0.0646029598991615,-4.312645506528477,0.1800046022709418,-4.4372025,-4.316985,-4.19337,0.2438324999999999,16.947784783823604,16.612675,16.9386,17.269,0.6563249999999989,0.3317813659229245,0.014292505986002,0.3241335526108742,0.3331617265939712,0.3403585478663444,0.0162249952554702,0.331946104457573,65510.62789025379,47635.61539694059,62472.33576002631,80071.33476957721,32435.719372636617,Al,500,69,-3.4378,-0.1858175178531134,-3.0438621830463832,-0.3939378169536169,-0.2092616015651016,-0.1846762153885153,-0.19713023821782974,-0.40639183978293136,-3.4502540228293146,-0.19713023821782974,0.177464548260145
371000,78732,-3.22982220758787,-3.2945033022151096,0.0646810946272392,-4.320418320505005,0.1825791684410866,-4.44678,-4.325545,-4.1992,0.2475800000000001,16.957481628816744,16.6235,16.9456,17.2777,0.6541999999999994,0.331888850708692,0.014102002390137,0.3242316842079162,0.3332525193691253,0.3403940945863724,0.0161624103784561,0.3319615993700058,65217.76512470783,47459.30821240635,62115.252203705735,79573.49030941687,32114.18209701052,Al,500,70,-3.4378,-0.1861524224952097,-3.04366978509266,-0.39413021490734,-0.2092616015651016,-0.1848686133422383,-0.19726980831700885,-0.40653140988211045,-3.4502011949747704,-0.19726980831700885,0.17712003762048498
372000,78732,-3.229568049919795,-3.2940446335670375,0.0644765836472425,-4.309970272443226,0.1802289683134261,-4.434324999999999,-4.31493,-4.1905475,0.2437774999999993,16.957510312198345,16.626,16.946150000000003,17.2774,0.6513999999999989,0.3317111341883356,0.0142277824439319,0.3240354284644127,0.3330844342708587,0.3402419686317444,0.0162065401673316,0.3318524999295236,65589.066268442,47719.73716376271,62559.232188166,80113.60077086973,32393.86360710702,Al,500,71,-3.4378,-0.185702250934781,-3.043865798985014,-0.3939342010149862,-0.2092616015651016,-0.1846725994498845,-0.1969511960568118,-0.4062127976219134,-3.4500785966069274,-0.1969511960568118,0.1772365392390986
373000,78732,-3.2297304698342866,-3.2946312376162172,0.0649007677819311,-4.323848028882792,0.1818971450128524,-4.4484725,-4.32796,-4.203175,0.2452975000000004,16.96292336661078,16.6318,16.9519,17.2842,0.6524000000000001,0.3318929206851518,0.0141051186515139,0.3243145123124122,0.3332651108503341,0.3404139280319214,0.0160994157195091,0.3321422358155962,65068.898936748046,47471.024853606985,62044.04089435313,79477.06558494069,32006.040731333705,Al,500,72,-3.4378,-0.1863001971956241,-3.0434302726386626,-0.3943697273613376,-0.2092616015651016,-0.1851081257962359,-0.1974211244533031,-0.4066827260184047,-3.450112998657067,-0.1974211244533031,0.17691236760563722
374000,78732,-3.2293271317729486,-3.293753049331911,0.064425917558962,-4.307926612559061,0.1811678146770519,-4.4335125,-4.31147,-4.1868475,0.2466650000000001,16.965813243662044,16.632475,16.956,17.2912,0.6587250000000004,0.3316767111886979,0.0142338864317432,0.3239711746573448,0.333086609840393,0.3402749076485634,0.0163037329912185,0.3318902098752646,65557.67967972186,47725.035702882946,62562.4916257954,79982.39309551776,32257.357392634814,Al,500,73,-3.4378,-0.1856141964433009,-3.0437129353296477,-0.3940870646703525,-0.2092616015651016,-0.1848254631052508,-0.1969936297544766,-0.4062552313195782,-3.449968166649226,-0.1969936297544766,0.1769401215280473
375000,78732,-3.2295597134043894,-3.294270392978713,0.064710679574323,-4.313423063811411,0.1836972699044182,-4.43974,-4.31862,-4.1909275,0.2488124999999996,16.958012454910325,16.6274,16.94545,17.2827,0.6552999999999969,0.3317494564546091,0.0141729042790538,0.3240631744265556,0.3331255316734314,0.3403417840600014,0.0162786096334457,0.3319897850343156,65315.19174072612,47623.5824107786,62274.341993299495,79734.58862436566,32111.006213587058,Al,500,74,-3.4378,-0.1858510202043,-3.0437086932000894,-0.3940913067999108,-0.2092616015651016,-0.1848297052348091,-0.19713620210479296,-0.40639780366989453,-3.450106496869984,-0.19713620210479296,0.17709680631544125
376000,78732,-3.229558491631659,-3.2940892610374437,0.0645307694057849,-4.315233220799675,0.1810956610931263,-4.4405525,-4.31981,-4.1948,0.2457525,16.955341020169687,16.6199,16.94435,17.278925,0.6590249999999997,0.3318258386915539,0.0142043589079204,0.3241758048534393,0.3331976979970932,0.3403748422861099,0.0161990374326705,0.3320562623941634,65548.54420375907,47702.92811154944,62436.196015244845,79893.33701662451,32190.408905075077,Al,500,75,-3.4378,-0.1859290138344221,-3.0436294777972366,-0.3941705222027636,-0.2092616015651016,-0.1849089206376619,-0.19727836857142197,-0.40653997013652354,-3.45016944793376,-0.19727836857142197,0.17724204803378577
377000,78732,-3.229431074367298,-3.294174160570035,0.0647430862027371,-4.31448868427069,0.1818646645131091,-4.4392625,-4.31926,-4.1939575,0.2453050000000001,16.956781358278715,16.6225,16.9446,17.2819,0.6594000000000015,0.3318035957184739,0.0142700657037088,0.3241660594940185,0.3331789970397949,0.3402934521436691,0.0161273926496505,0.3320112208912574,65354.04317810184,47437.46465389946,62436.17972654264,79992.82601197112,32555.361358071663,Al,500,76,-3.4378,-0.1858969342374421,-3.043534140129856,-0.3942658598701443,-0.2092616015651016,-0.1850042583050426,-0.197339133659403,-0.4066007352245046,-3.4501348753543604,-0.197339133659403,0.17717161895634495
378000,78732,-3.2295412118701208,-3.294143566275466,0.0646023544053459,-4.314900451531778,0.1823985574413043,-4.4407325,-4.31933,-4.192887499999999,0.2478450000000007,16.95807502540263,16.622175,16.9473,17.2833,0.661125000000002,0.3317574393124362,0.0141992425948262,0.3241543769836426,0.3331941813230514,0.3402788937091827,0.0161245167255401,0.3319249984284051,65380.41570749563,47588.681420738845,62274.12759040663,79817.43272586091,32228.751305122067,Al,500,77,-3.4378,-0.185914675916018,-3.0436265359541026,-0.3941734640458976,-0.2092616015651016,-0.1849118624807959,-0.19725381711537388,-0.40651541868047547,-3.450141954634578,-0.19725381711537388,0.17711662522683963
379000,78732,-3.22956129761205,-3.294009126657522,0.0644478290454719,-4.309553432911649,0.1809060412702078,-4.4343725,-4.31345,-4.1896725,0.2446999999999999,16.962123017324593,16.628275,16.9533,17.283525,0.6552500000000023,0.3317134514487365,0.0141641565262187,0.3240947872400284,0.3330838233232498,0.3402852565050125,0.0161904692649841,0.3320662168394058,65419.24710539185,47621.0627502532,62368.085741807656,79787.1209293559,32166.058179102693,Al,500,78,-3.4378,-0.1856842907089791,-3.0438770069030707,-0.3939229930969294,-0.2092616015651016,-0.1846613915318278,-0.19687535133643538,-0.40613695290153695,-3.4500139598046076,-0.19687535133643538,0.17707482008185044
380000,78732,-3.2292302765086127,-3.294044555834984,0.0648142793263717,-4.3091725960219485,0.180755802970465,-4.43423,-4.313905,-4.188725,0.2455050000000005,16.96552812198344,16.6309,16.9562,17.2878,0.6569000000000003,0.3317605999686811,0.0141650236370114,0.3241200447082519,0.333111822605133,0.3402445912361145,0.0161245465278625,0.3318028422767603,65427.4152236217,47640.55960118922,62425.786123130325,79960.63932277329,32320.079721584072,Al,500,79,-3.4378,-0.1856678817169941,-3.0435623947916186,-0.3942376052083816,-0.2092616015651016,-0.1849760036432799,-0.1971305751711074,-0.406392176736209,-3.4499545715278277,-0.1971305751711074,0.1769712007449348
381000,78732,-3.2296606933806538,-3.294102122643906,0.0644414292632525,-4.31324391746685,0.1842388666579498,-4.44161,-4.318035,-4.1903,0.2513100000000001,16.9569886843977,16.6235,16.9451,17.2818,0.6583000000000006,0.3317912161883597,0.014131561049361,0.3240932449698448,0.3330648243427276,0.340290404856205,0.0161971598863601,0.3318568991640716,65430.70329302951,47644.65137900091,62430.89126898155,79890.85322503236,32246.20184603145,Al,500,80,-3.4378,-0.1858433013855313,-3.0438173919951224,-0.3939826080048778,-0.2092616015651016,-0.1847210064397761,-0.19706512815497818,-0.40632672972007977,-3.4501441217152022,-0.19706512815497818,0.1771563216915518
382000,78732,-3.229647483146355,-3.2942166953716407,0.0645692122252857,-4.313589092363968,0.1802635464734443,-4.43682,-4.31816,-4.1940375,0.2427824999999996,16.953755363765687,16.6179,16.9456,17.276,0.658100000000001,0.3317723211627986,0.0142814119107284,0.3240773677825928,0.3332234919071197,0.3403593301773071,0.0162819623947143,0.3319331675276568,65360.72240056,47583.213676237,62255.288557305714,79918.43493787825,32335.22126164125,Al,500,81,-3.4378,-0.1858581738211421,-3.043789309325213,-0.3940106906747873,-0.2092616015651016,-0.1847490891096856,-0.19711989483351175,-0.4063814963986133,-3.4501708057238263,-0.19711989483351175,0.17727901216465547
383000,78732,-3.2294313899453626,-3.294234516206879,0.0648031262615163,-4.311468950236244,0.1820908988852758,-4.43665,-4.316165,-4.1912575,0.2453925000000003,16.95953559797795,16.6283,16.9516,17.281,0.6526999999999994,0.3319129919521508,0.0143230334929648,0.3243015930056572,0.3332936465740204,0.3404197618365288,0.0161181688308715,0.3320587689861082,65515.82265679312,47745.579646548176,62443.96600294927,79857.94768176804,32112.368035219864,Al,500,82,-3.4378,-0.185766823964755,-3.0436645659806074,-0.3941354340193927,-0.2092616015651016,-0.1848738324542911,-0.19708473482788144,-0.406346336392983,-3.4500109023735903,-0.19708473482788144,0.17711153331469637
384000,78732,-3.229444697480792,-3.294036581440837,0.0645918839600454,-4.309596737540009,0.1823605832929636,-4.4348624999999995,-4.31328,-4.1892,0.2456624999999999,16.959828978052126,16.6242,16.9478,17.2847,0.6605000000000025,0.3316643270393978,0.0142478138806806,0.324060395359993,0.3330520838499069,0.3402260243892669,0.0161656290292739,0.3319023607980746,65398.1334657398,47703.59258623031,62286.052866902464,79892.54196416811,32188.949377937795,Al,500,83,-3.4378,-0.185686156561051,-3.043758540919741,-0.3940414590802592,-0.2092616015651016,-0.1847798575151575,-0.19705329589120724,-0.40631489745630883,-3.45007343837605,-0.19705329589120724,0.17711940535581375
385000,78732,-3.229675468325616,-3.2942770418635368,0.064601573537921,-4.316336958034852,0.1804662427900386,-4.4406125,-4.32079,-4.19574,0.2448725000000005,16.9587573667632,16.6258,16.9479,17.282,0.6561999999999983,0.3318762544364453,0.0142239504938309,0.3242404609918594,0.3332539945840835,0.3404258638620376,0.0161854028701782,0.3320566264980905,65244.73182715476,47567.105938824934,62152.24643363802,79664.99638625963,32097.8904474347,Al,500,84,-3.4378,-0.1859765701923681,-3.043698898133248,-0.3941011018667524,-0.2092616015651016,-0.1848395003016507,-0.19714120650514735,-0.406402808070249,-3.4501017062034967,-0.19714120650514735,0.1771199952144788
386000,78732,-3.2299561249948243,-3.2941190613727582,0.064162936377934,-4.313772844332673,0.1801585010998705,-4.43651,-4.316905,-4.19324,0.2432699999999998,16.962403642737385,16.6259,16.9532,17.286,0.6600999999999999,0.3318436592497449,0.0142062404395541,0.3241993114352226,0.3332366198301315,0.3403193578124046,0.016120046377182,0.3319828440133591,65302.552900450144,47419.556903370496,62215.941387496605,79787.72917500195,32368.172271631454,Al,500,85,-3.4378,-0.1858660910809014,-3.044090033913923,-0.3937099660860772,-0.2092616015651016,-0.1844483645209755,-0.19672604597520604,-0.40598764754030764,-3.4500776814542307,-0.19672604597520604,0.17702094020863443
387000,78732,-3.2294215565559097,-3.2939192064217844,0.0644976498658753,-4.310972814230555,0.1841507608068533,-4.4380225,-4.31452,-4.18734,0.2506824999999999,16.960659830818475,16.6247,16.9501,17.2848,0.6600999999999999,0.331870449279837,0.0141723558563068,0.3241487890481949,0.333290085196495,0.3403881192207336,0.0162393301725387,0.3322053625513484,65641.14302886227,47790.11725916696,62588.64147236192,80218.42205136089,32428.30479219393,Al,500,86,-3.4378,-0.1857454471182335,-3.0436761094376763,-0.3941238905623239,-0.2092616015651016,-0.1848622889972222,-0.19711047757799885,-0.4063720791431005,-3.4500481885807766,-0.19711047757799885,0.17711494343366332
388000,78732,-3.229631526898709,-3.2944553041965148,0.0648237772978052,-4.318132880785448,0.1806836711620933,-4.44195,-4.32177,-4.19819,0.2437599999999999,16.95653064700503,16.6224,16.9449,17.2807,0.6583000000000006,0.3319147914575757,0.0140872446965426,0.3242366835474968,0.3332172483205795,0.3403815254569053,0.0161448419094085,0.3320882154088,65316.1074068658,47638.46752142885,62302.69549548361,79666.37177101143,32027.904249582574,Al,500,87,-3.4378,-0.1860539505166416,-3.0435775763820674,-0.3942224236179328,-0.2092616015651016,-0.1849608220528311,-0.19730737396678208,-0.40656897553188365,-3.450146551913951,-0.19730737396678208,0.17717360914009353
389000,78732,-3.2290422221395483,-3.2936394285678,0.0645972064282515,-4.301771613448153,0.1798377947136606,-4.4259224999999995,-4.305925,-4.18329,0.2426324999999991,16.955037470151908,16.6184,16.9438,17.2768,0.6584000000000003,0.3316624675326302,0.0143392058759462,0.3239346146583557,0.3330538868904114,0.3402608558535576,0.0163262411952018,0.3319022541869775,65805.27956792555,47967.945056043995,62801.71351285946,80197.40944581639,32229.46438977239,Al,500,88,-3.4378,-0.1853489980504709,-3.0436932240890773,-0.3941067759109229,-0.2092616015651016,-0.1848451743458212,-0.19707963902875691,-0.4063412405938585,-3.4500344646829357,-0.19707963902875691,0.1774370701597775
390000,78732,-3.2296894203572513,-3.2941775788751717,0.0644881585179202,-4.309815909287202,0.1817355342799806,-4.43443,-4.31402,-4.1892450000000006,0.2451849999999993,16.951706515775033,16.617,16.9411,17.2741,0.6570999999999998,0.3317422542876419,0.01431942872224,0.3241201788187027,0.333174929022789,0.3403065577149391,0.0161863788962364,0.3320333084296612,65481.76249686045,47634.30469617519,62307.95803583269,79969.07502125247,32334.770325077283,Al,500,89,-3.4378,-0.1856955999409869,-3.043993820416264,-0.393806179583736,-0.2092616015651016,-0.1845445780186343,-0.19690609889847,-0.4061677004635716,-3.4501615208798357,-0.19690609889847,0.17738726824890566
391000,78732,-3.229545241651617,-3.2940539694152315,0.0645087277636145,-4.311923556114413,0.1821102720255949,-4.4371625,-4.31576,-4.19066,0.2465025,16.953519302189708,16.6202,16.9423,17.2752,0.6550000000000011,0.3317264382367511,0.0141915788324741,0.3241081088781357,0.3331767469644546,0.3402795791625976,0.0161714702844619,0.3319731996794657,65588.7386613817,47737.27705879625,62572.16184828633,80178.19533370156,32440.918274905307,Al,500,90,-3.4378,-0.1857864114165303,-3.0437588302350864,-0.3940411697649137,-0.2092616015651016,-0.1847795681998121,-0.19711207454785262,-0.4063736761129542,-3.450132506348041,-0.19711207454785262,0.17736913527241996
392000,78732,-3.229436307729366,-3.2940186517553216,0.0645823440259554,-4.312605922115531,0.1829645198243296,-4.43999,-4.31759,-4.18949,0.2504999999999997,16.961928515724228,16.6268,16.9537,17.2853,0.6585000000000001,0.3318137581841687,0.0142325501186229,0.3240473866462707,0.3331501185894012,0.3403890132904053,0.0163416266441345,0.3320381428707799,65497.07013502389,47616.35713998648,62465.654737511126,79942.66648982522,32326.30934983874,Al,500,91,-3.4378,-0.1858158122927217,-3.043620495436645,-0.3941795045633554,-0.2092616015651016,-0.1849179029982537,-0.19717481386030059,-0.4064364154254022,-3.450056910862047,-0.19717481386030059,0.1770466984456293
393000,78732,-3.22982435739203,-3.294094906010263,0.0642705486182322,-4.311696217294112,0.1815820036481734,-4.43564,-4.31628,-4.1912,0.24444,16.953147730274857,16.620175,16.9418,17.2736,0.6534249999999986,0.3317133775828333,0.0141160434495727,0.3241973593831062,0.3330956995487213,0.3402184620499611,0.0160211026668548,0.3319126437032773,65624.62907747627,47747.04772539349,62708.9992016506,80093.77947651855,32346.731751125066,Al,500,92,-3.4378,-0.1857766161446406,-3.044047741247389,-0.393752258752611,-0.2092616015651016,-0.1844906571875093,-0.1968351906981599,-0.4060967922632615,-3.4501445335106506,-0.1968351906981599,0.17740182103006208
394000,78732,-3.2298231974211493,-3.294547059518366,0.0647238620972171,-4.317215203602094,0.1785273719706391,-4.44129,-4.32209,-4.19864,0.2426500000000002,16.95411159249098,16.6201,16.9456,17.2772,0.6570999999999998,0.3318380336020497,0.0141433689242847,0.3242495656013489,0.3332104384899139,0.3403537422418594,0.0161041766405105,0.3319246687743759,65118.36470725587,47413.74549260784,62170.14970743767,79420.57334827931,32006.827855671472,Al,500,93,-3.4378,-0.1860144108660621,-3.043808786555087,-0.393991213444913,-0.2092616015651016,-0.1847296118798114,-0.19711034499324526,-0.40637194655834685,-3.450180733113434,-0.19711034499324526,0.17724367922545745
395000,78732,-3.229288294849368,-3.2938554234618707,0.0645671286125026,-4.30727396014327,0.1817092546399193,-4.433115,-4.31265,-4.1871775,0.2459375000000001,16.96036441472336,16.6258,16.9501,17.283525,0.6577249999999992,0.3317216292435498,0.014302731319636,0.3240792825818062,0.3331279158592224,0.3402854055166244,0.0162061229348182,0.3320452531152674,65598.13668267969,47713.69329238415,62419.9569373252,80103.9468032957,32390.25351091154,Al,500,94,-3.4378,-0.1855860758264453,-3.0437022190229226,-0.3940977809770776,-0.2092616015651016,-0.1848361794119759,-0.1970552688618926,-0.40631687042699416,-3.450019089449917,-0.1970552688618926,0.17718698088927298
396000,78732,-3.2292091159104848,-3.2939157630950566,0.0647066471845717,-4.3082523097342875,0.1820973022261181,-4.4346225,-4.31254,-4.18648,0.2481424999999992,16.96330797134583,16.6243,16.952550000000002,17.2904,0.6661000000000001,0.3317478593814175,0.0142267070940979,0.3240407854318619,0.3330815583467483,0.3402656763792038,0.0162248909473419,0.3318223855030226,65419.298534764144,47510.06699662736,62322.065743684885,79814.52953693992,32304.46254031257,Al,500,95,-3.4378,-0.185628229648808,-3.043580886261677,-0.3942191137383233,-0.2092616015651016,-0.1849575121732216,-0.19719562704024765,-0.4064572286053493,-3.4500381148670263,-0.19719562704024765,0.17703914747720237
397000,78732,-3.2296272219872617,-3.2940416270385606,0.0644144050512993,-4.311569839201341,0.1818736655739473,-4.4367,-4.31658,-4.19114,0.2455600000000002,16.96318106487832,16.6291,16.9542,17.2867,0.6575999999999986,0.3318105356500248,0.0141980599498851,0.3240699246525764,0.3331895321607589,0.3403991833329201,0.0163292586803436,0.3320528978928269,65480.10192022579,47687.71760606052,62419.55467522375,79826.95276012347,32139.235154062953,Al,500,96,-3.4378,-0.1857711709339285,-3.043856051053333,-0.3939439489466672,-0.2092616015651016,-0.1846823473815655,-0.19691851912641584,-0.40618012069151743,-3.45003617174485,-0.19691851912641584,0.1770342985557721
398000,78732,-3.2289661927447137,-3.293897678580501,0.0649314858357872,-4.308821485545902,0.182527786058445,-4.4357025,-4.31385,-4.18657,0.2491324999999999,16.95365977366255,16.622,16.94305,17.2747,0.6526999999999994,0.3317311955335293,0.0141785456538012,0.3241428136825561,0.3331169635057449,0.3402658551931381,0.0161230415105819,0.3319230917552568,65655.25086633106,47735.04436200466,62549.48563604231,80061.31581891663,32326.27145691197,Al,500,97,-3.4378,-0.1856527535370747,-3.043313439207639,-0.3944865607923611,-0.2092616015651016,-0.1852249592272594,-0.19747951514833734,-0.40674111671343893,-3.450054555921078,-0.19747951514833734,0.1774463936478647
399000,78732,-3.2293900651832685,-3.294018104836661,0.0646280396533925,-4.310775991210689,0.1818112655870085,-4.43564,-4.31444,-4.1894775,0.2461625000000005,16.953509263069655,16.6173,16.9417,17.2769,0.6596000000000011,0.3317195056477107,0.0140866004479735,0.3240406364202499,0.3330876380205154,0.3402362242341041,0.0161955878138542,0.3318719635093708,65549.69643071204,47825.02586117137,62471.57248131996,79939.83513386203,32114.809272690654,Al,500,98,-3.4378,-0.1857369666704544,-3.0436530985128143,-0.3941469014871859,-0.2092616015651016,-0.1848852999220842,-0.19723653975655875,-0.40649814132166034,-3.4501512398344745,-0.19723653975655875,0.17740254220778603
400000,78732,-3.229376524007913,-3.2938972929685524,0.0645207689606387,-4.309198458568307,0.1787911340585319,-4.43225,-4.31288,-4.1912275,0.2410224999999997,16.9564476032617,16.6208,16.9472,17.277625,0.6568250000000013,0.3317032336754548,0.0142525225344047,0.324022926390171,0.3330952078104019,0.3403195142745971,0.0162965878844261,0.3317520132387038,65645.96352155597,47684.69445389259,62529.13806804547,80080.89492036201,32396.200466469425,Al,500,99,-3.4378,-0.185668996047899,-3.043707527960014,-0.3940924720399863,-0.2092616015651016,-0.1848308704748846,-0.19712092613571303,-0.4063825277008146,-3.4500900556608283,-0.19712092613571303,0.1773538521824703
301000,78732,-3.202353697786347,-3.280108159198293,0.0777544614119455,-4.088354998348829,0.1959461464243901,-4.2227825,-4.08933,-3.95628,0.2665025000000001,17.046521413148405,16.6722,17.0329,17.4072,0.7349999999999994,0.3281439498395465,0.0164485857954376,0.3191584274172783,0.3301190584897995,0.3385695368051529,0.0194111093878746,0.3283520677511009,72428.23269176386,52309.45586050005,68839.01941845875,88604.30613178891,36294.85027128886,Al,600,0,-3.482,-0.2113843050848119,-2.990969392701535,-0.4910306072984651,-0.2092616015651016,-0.2817690057333635,-0.283283200289809,-0.4925448018549106,-3.4835141945564456,-0.283283200289809,0.17672633945107066
302000,78732,-3.202448108219734,-3.2797309274500837,0.0772828192303497,-4.0875128812935015,0.1958266930985926,-4.22244,-4.09063,-3.95856,0.2638799999999999,17.060418773814966,16.6872,17.0474,17.418025,0.7308249999999994,0.3279220595108323,0.0164779320230904,0.3191260397434234,0.3298358172178268,0.3383311927318573,0.0192051529884338,0.3280351951739906,72552.9990597066,52331.16146922311,68989.62388522495,88730.19564636557,36399.03417714246,Al,600,1,-3.482,-0.2113407642649437,-2.9911073439547904,-0.4908926560452098,-0.2092616015651016,-0.2816310544801081,-0.28302191738896565,-0.49228351895406725,-3.4833908629088577,-0.28302191738896565,0.17637917592355348
303000,78732,-3.2019374496144324,-3.279868297134583,0.0779308475201506,-4.088481974419549,0.1965670713196014,-4.22187,-4.091425,-3.9574,0.2644700000000002,17.04373538078545,16.6718,17.0313,17.4009,0.729099999999999,0.3279938667911173,0.0163920921264707,0.3190523013472557,0.3299536257982254,0.3384477868676185,0.0193954855203628,0.3284041645982044,72644.39261437883,52597.180526010656,69156.08919003406,88795.56542050799,36198.384894497336,Al,600,2,-3.482,-0.2113908702555181,-2.9905465793589143,-0.4914534206410859,-0.2092616015651016,-0.2821918190759842,-0.28364939755261953,-0.4929109991177211,-3.4834575784766355,-0.28364939755261953,0.17688977040676346
304000,78732,-3.201621350947328,-3.279262660290606,0.0776413093432784,-4.079821718996088,0.1967268045463172,-4.214955,-4.084355,-3.948755,0.2661999999999995,17.06224007646192,16.6866,17.0503,17.4242,0.7376000000000005,0.3278759244280739,0.0165199188706949,0.3188708499073982,0.3298289328813553,0.3382823020219803,0.019411452114582,0.3281454513527868,72782.85764935418,52575.10663593715,68976.62404492425,89067.41102649405,36492.30439055691,Al,600,3,-3.482,-0.21094310041281,-2.990678250534518,-0.4913217494654822,-0.2092616015651016,-0.2820601479003806,-0.28335126842231584,-0.49261286998741743,-3.4832911205219355,-0.28335126842231584,0.1763752308927302
305000,78732,-3.2022500847273756,-3.2797339997713766,0.0774839150440011,-4.087951652187167,0.1947526191301576,-4.2216525,-4.0904,-3.9577975,0.2638549999999999,17.044538989229284,16.668775,17.0304,17.405925,0.7371499999999997,0.3280880829316613,0.0165147301600992,0.3192014545202255,0.3299884796142578,0.338445745408535,0.0192442908883094,0.328302867103241,72853.72311564694,52719.322450285195,69199.93272179949,88999.8601668409,36280.5377165557,Al,600,4,-3.482,-0.211363450475042,-2.9908866342523335,-0.4911133657476667,-0.2092616015651016,-0.2818517641825651,-0.28333912758613083,-0.49260072915123243,-3.483487363403566,-0.28333912758613083,0.17683772991772692
306000,78732,-3.2024732105635474,-3.2799915905857846,0.0775183800222374,-4.089707670705685,0.196861691728274,-4.22437,-4.09146,-3.95846,0.2659100000000003,17.05772738530712,16.685775,17.04325,17.4157,0.7299250000000015,0.3281211154916307,0.0164429691732731,0.3192176148295402,0.3299554884433746,0.3385384157299995,0.0193208009004592,0.3284215945130634,72572.0644309795,52498.095920493666,69126.54812306957,88857.36594811598,36359.27002762232,Al,600,5,-3.482,-0.2114542436557719,-2.9910189669077756,-0.4909810330922246,-0.2092616015651016,-0.281719431527123,-0.28306938546742766,-0.49233098703252925,-3.483349953940305,-0.28306938546742766,0.17640178771106232
307000,78732,-3.2027461129698165,-3.28021717548138,0.0774710625115632,-4.0906154004724895,0.1974213508705474,-4.227015,-4.093909999999999,-3.95852,0.2684949999999997,17.050920682822742,16.6786,17.0404,17.4085,0.7299000000000007,0.3280578731441258,0.0164877192497576,0.3191490992903709,0.3299473226070404,0.3385049626231193,0.0193558633327484,0.3282687778164066,72406.61935044314,52302.0060688047,68868.1101610729,88560.32144249267,36258.31537368797,Al,600,6,-3.482,-0.2115011769152462,-2.9912449360545703,-0.4907550639454299,-0.2092616015651016,-0.2814934623803282,-0.2829360623658883,-0.4921976639309899,-3.48344259998556,-0.2829360623658883,0.17651056751856695
308000,78732,-3.20254813496141,-3.280015939516334,0.0774678045549243,-4.093033164659858,0.1918268857639783,-4.2240925,-4.09496,-3.96427,0.2598225000000003,17.05013338540873,16.675675,17.03895,17.411925,0.7362500000000018,0.3281717723988665,0.0164053336810188,0.3193069100379944,0.3300385028123855,0.3385018482804298,0.0191949382424354,0.3282802144273406,72442.36680097322,52377.56526408563,68929.16193541983,88796.44936738217,36418.88410329654,Al,600,7,-3.482,-0.2116261849937551,-2.990921949967655,-0.4910780500323453,-0.2092616015651016,-0.2818164484672436,-0.28323445018888826,-0.49249605175398986,-3.483418001721645,-0.28323445018888826,0.17657821575405208
309000,78732,-3.202051972074751,-3.2799177900980547,0.0778658180233031,-4.088419406340497,0.1954747588246911,-4.22327,-4.091885,-3.956935,0.2663350000000002,17.051895309404056,16.675575,17.0395,17.4122,0.7366250000000001,0.3280009435765059,0.0164270635632023,0.3192105665802955,0.3298938572406769,0.3384106531739235,0.0192000865936279,0.3281426738272145,72593.88638966937,52364.06497022631,69018.71241890642,88793.92767207179,36429.86270184548,Al,600,8,-3.482,-0.2113876352355855,-2.990664336839165,-0.491335663160835,-0.2092616015651016,-0.2820740615957333,-0.28345046999095386,-0.49271207155605545,-3.4833764083952206,-0.28345046999095386,0.17656660514484376
310000,78732,-3.202420414194123,-3.2796368181933646,0.0772164039992417,-4.08484964652238,0.1948061039432675,-4.2173225,-4.08726,-3.95421,0.2631125000000001,17.056354218106996,16.6834,17.041249999999998,17.4165,0.7331000000000003,0.3280082320485867,0.0164169116056764,0.3191996663808822,0.3299407511949539,0.3383888080716133,0.019189141690731,0.3282615022998493,72747.66904052118,52482.32855682864,69110.38682641622,88907.60325766887,36425.27470084024,Al,600,9,-3.482,-0.2112030643754774,-2.9912173498186454,-0.4907826501813548,-0.2092616015651016,-0.2815210486162531,-0.2828035399577135,-0.4920651415228151,-3.4832824913414604,-0.2828035399577135,0.17649975891951056
311000,78732,-3.2027164194107933,-3.2799902983539098,0.0772738789431161,-4.090662684423107,0.1981844204391786,-4.227105,-4.09399,-3.95761,0.269495,17.044320191281816,16.6709,17.0299,17.4048,0.733900000000002,0.3280500798883013,0.0164537498965624,0.3192082196474075,0.3299693614244461,0.3384326323866844,0.0192244127392768,0.3284154607093122,72575.76865956259,52409.58683428693,69038.90465164633,88710.68850428751,36301.10167000058,Al,600,10,-3.482,-0.2115036216846086,-2.9912127977261846,-0.4907872022738155,-0.2092616015651016,-0.2815256007087139,-0.28299167878801423,-0.49225328035311583,-3.4834660780793003,-0.28299167878801423,0.17673334801822704
312000,78732,-3.202485247897658,-3.280054817990143,0.0775695700924859,-4.090397877483107,0.1945690793607797,-4.2235425,-4.09215,-3.958905,0.2646374999999996,17.048775088909213,16.6772,17.0361,17.4067,0.7295000000000016,0.3280702825740335,0.0164263691401978,0.3192342296242714,0.3299076557159424,0.338437557220459,0.0192033275961875,0.3282424857731966,72486.37849873726,52402.3007344681,68966.76707797582,88731.32285546378,36329.02212099567,Al,600,11,-3.482,-0.2114899301066962,-2.990995317790962,-0.4910046822090383,-0.2092616015651016,-0.2817430806439367,-0.28308637897305605,-0.49234798053815765,-3.4833432983291193,-0.28308637897305605,0.17664024977998039
313000,78732,-3.2027949954636905,-3.2798283908702945,0.0770333954066032,-4.087642212315196,0.1949067209921104,-4.22065,-4.08943,-3.956185,0.2644649999999999,17.052735340141233,16.6788,17.0404,17.41,0.7312000000000012,0.3279795548144028,0.0165815328929332,0.3189838603138923,0.3298332095146179,0.3384850397706032,0.0195011794567108,0.3280073432177525,72551.5153307519,52354.39139947915,68944.44658633684,88793.62651659537,36439.235117116215,Al,600,12,-3.482,-0.211347451196034,-2.991447544267656,-0.4905524557323439,-0.2092616015651016,-0.2812908541672423,-0.2826454622662904,-0.491907063831392,-3.483354608099048,-0.2826454622662904,0.17652327957009445
314000,78732,-3.20251232688108,-3.2800648176091043,0.0775524907280246,-4.090724616674287,0.1944106772068989,-4.22477,-4.093045,-3.96139,0.2633800000000001,17.042808813443074,16.6691,17.0273,17.4006,0.7315000000000005,0.3280763836405398,0.0164405053424564,0.3191744312644005,0.329913467168808,0.338482141494751,0.0193077102303504,0.3282627951917228,72433.86734015534,52453.2222864894,68801.7279364824,88504.61578529366,36051.39349880426,Al,600,13,-3.482,-0.2115068238296972,-2.9910055030513827,-0.4909944969486175,-0.2092616015651016,-0.2817328953835158,-0.2831441207904951,-0.4924057223555967,-3.4834112254069796,-0.2831441207904951,0.1768329417345624
315000,78732,-3.201886353293628,-3.279311390032008,0.0774250367383795,-4.0800382458212665,0.1943236797712056,-4.2139125,-4.08265,-3.94986,0.2640525,17.06270182771935,16.6913,17.0487,17.4237,0.7324000000000019,0.3279169083613663,0.0165672738582215,0.3189318403601646,0.3297876268625259,0.3383658155798912,0.0194339752197265,0.3280749206189377,72719.57145367067,52527.50571415435,69113.14797404419,89052.4389638908,36524.93324973645,Al,600,14,-3.482,-0.2109542957156864,-2.990932057577942,-0.4910679424220583,-0.2092616015651016,-0.2818063408569566,-0.28292855186187427,-0.49219015342697586,-3.483122211004918,-0.28292855186187427,0.176330288874751
316000,78732,-3.2019440817714444,-3.2795995764111168,0.0776554946396713,-4.083286105141492,0.1946264056964632,-4.21776,-4.08728,-3.95228,0.2654800000000001,17.048924156632623,16.676075,17.03635,17.407125,0.7310499999999998,0.3279759895641502,0.016447435085546,0.3190600275993347,0.329861655831337,0.3384168446063995,0.0193568170070648,0.3282452213759572,72643.31477401973,52525.35287777234,69018.12841508935,89005.78977469535,36480.43689692301,Al,600,15,-3.482,-0.2111222230325892,-2.990821858738855,-0.4911781412611451,-0.2092616015651016,-0.2819165396960434,-0.2831586468411835,-0.4924202484062851,-3.48324210714514,-0.2831586468411835,0.17672765171451696
317000,78732,-3.202023832567632,-3.2797596576995383,0.0777358251319044,-4.085910375196871,0.192907585160377,-4.2184625,-4.08931,-3.9554025,0.2630600000000003,17.05318702433572,16.6811,17.0379,17.4091,0.727999999999998,0.328055329428167,0.0164641582051152,0.3191646784543991,0.3299121707677841,0.3384829983115196,0.0193183198571205,0.3281276560186134,72647.21859194974,52569.622711005286,69145.6894580002,88823.1504373767,36253.52772637141,Al,600,16,-3.482,-0.2112579082904093,-2.990765924277223,-0.4912340757227773,-0.2092616015651016,-0.2819724741576757,-0.2831598930958623,-0.4924214946609639,-3.483187418938187,-0.2831598930958623,0.1766197323711491
318000,78732,-3.202284822074331,-3.279701197988111,0.0774163759137809,-4.085970947518163,0.1963970540506446,-4.219875,-4.08933,-3.9542275,0.2656475,17.046343156531012,16.6725,17.03125,17.405,0.7325000000000017,0.3279285887292698,0.0164885915996387,0.3191080763936043,0.3298853039741516,0.3383728563785553,0.019264779984951,0.3281903884008845,72719.36555518532,52567.41248754671,69161.27400626312,88844.26898545273,36276.85649790602,Al,600,17,-3.482,-0.2112610401216835,-2.9910237819526473,-0.4909762180473529,-0.2092616015651016,-0.2817146164822512,-0.28301944415093155,-0.49228104571603315,-3.4833048276686807,-0.28301944415093155,0.17676313368539148
319000,78732,-3.2016305985482507,-3.2795967115023115,0.0779661129540606,-4.0850803612254225,0.1967874238685756,-4.2197,-4.08804,-3.9521675,0.2675324999999993,17.05488700020322,16.6796,17.043149999999997,17.416,0.7363999999999997,0.3279727001174862,0.0165374602801065,0.3189524039626121,0.3298843652009964,0.3384602963924408,0.0195078924298286,0.3280578193319166,72708.06049744434,52471.27034332692,69071.0005366836,88898.97144105655,36427.70109772963,Al,600,18,-3.482,-0.2112149932483848,-2.990415605299866,-0.4915843947001344,-0.2092616015651016,-0.2823227931350327,-0.2835239354390304,-0.49278553700413197,-3.4832011423039977,-0.2835239354390304,0.17647242355178913
320000,78732,-3.202803430188819,-3.2798729458161873,0.0770695156273675,-4.0864436833815985,0.1938239749133526,-4.2192525,-4.08895,-3.95552,0.2637324999999997,17.057043007925618,16.6817,17.0419,17.4145,0.732800000000001,0.3279171279010153,0.0163793420033787,0.3190011754631996,0.3298001736402511,0.3382852748036384,0.0192840993404388,0.3280643262387364,72479.22744546983,52480.691031770984,69106.93249761412,88638.10425533468,36157.41322356369,Al,600,19,-3.482,-0.2112854824565642,-2.991517947732255,-0.4904820522677453,-0.2092616015651016,-0.2812204507026437,-0.2824608994014692,-0.4917225009665708,-3.4832404486988255,-0.2824608994014692,0.17641004925538775
321000,78732,-3.2022186739111747,-3.2797501384443426,0.0775314645331682,-4.085272258293959,0.1929254720175687,-4.2169725,-4.08742,-3.9558075,0.2611649999999996,17.041591394858504,16.6693,17.0302,17.3998,0.7304999999999993,0.3280020680488434,0.0165149683262361,0.3190743029117584,0.3298830837011337,0.3384964019060135,0.019422098994255,0.3280907204233764,72958.24046036723,52817.69758747382,69313.22350514395,89246.36169493137,36428.66410745755,Al,600,20,-3.482,-0.2112249150943343,-2.9909937588168405,-0.4910062411831597,-0.2092616015651016,-0.281744639618058,-0.2830140420875391,-0.4922756436526407,-3.4832694024694812,-0.2830140420875391,0.1768917076518067
322000,78732,-3.202838513535852,-3.2801587522227305,0.0773202386868782,-4.091967975918305,0.1952915548676182,-4.2252075,-4.095065,-3.9603275,0.2648799999999998,17.050852352283695,16.6779,17.0358,17.4104,0.7324999999999982,0.3280635156448656,0.0164130844503153,0.3192495852708816,0.33001908659935,0.3384236097335815,0.0191740244626998,0.3280836509513518,72384.44255856381,52278.05985045505,68676.36119571868,88523.97135486195,36245.9115044069,Al,600,21,-3.482,-0.2115711104755177,-2.991267403060334,-0.4907325969396661,-0.2092616015651016,-0.2814709953745644,-0.2827568289405916,-0.4920184305056932,-3.4832858335660273,-0.2827568289405916,0.17649496723601066
323000,78732,-3.2023786101449643,-3.28007593494386,0.0776973247988962,-4.09286493408017,0.1932738126958939,-4.22607,-4.09603,-3.9617975,0.2642724999999997,17.052573207844333,16.6779,17.04105,17.414625,0.7367249999999999,0.3281977806290096,0.0164019663422518,0.3193671926856041,0.3300899565219879,0.3385075107216835,0.0191403180360794,0.3285337231935178,72455.0667535931,52472.26941170751,68798.50391111201,88625.01235353507,36152.74294182757,Al,600,22,-3.482,-0.2116174867999349,-2.9907611233450293,-0.4912388766549709,-0.2092616015651016,-0.2819772750898692,-0.28320350668051736,-0.49246510824561895,-3.483226231590648,-0.28320350668051736,0.17643915114355732
324000,78732,-3.2026964033419447,-3.279928115124727,0.0772317117827821,-4.089010053218512,0.1920244167291973,-4.2216525,-4.09286,-3.9604875,0.2611650000000001,17.05294368236549,16.6789,17.0394,17.413,0.7341000000000015,0.3280259614979455,0.0163940915069241,0.3191606625914573,0.3298269361257553,0.338355153799057,0.0191944912075996,0.3283766542881635,72491.74981897541,52580.20654899919,69083.8537178449,88763.01689622611,36182.81034722692,Al,600,23,-3.482,-0.2114181740415136,-2.991278229300431,-0.4907217706995692,-0.2092616015651016,-0.2814601691344676,-0.28268518175164115,-0.49194678331674274,-3.4832250126171735,-0.28268518175164115,0.17648320480874036
325000,78732,-3.202326967655244,-3.2796922046944066,0.0773652370391619,-4.081409143169232,0.1945667774413647,-4.2140125,-4.08366,-3.95079,0.2632224999999999,17.05215788751715,16.6792,17.04,17.4125,0.7332999999999998,0.3279304658046905,0.0164055560388614,0.31905048340559,0.3298052102327347,0.3382793590426445,0.0192288756370544,0.3282993274339587,72619.7512937379,52583.17881678837,69063.45611134596,88589.72111739198,36006.54230060361,Al,600,24,-3.482,-0.2110251765915788,-2.9913017910636652,-0.490698208936335,-0.2092616015651016,-0.2814366073712333,-0.2825763278041911,-0.4918379293692927,-3.483139720432958,-0.2825763278041911,0.1765543069087843
326000,78732,-3.2024927232105465,-3.280006296550323,0.077513573339776,-4.090417453005132,0.1952345212665192,-4.22502,-4.0948150000000005,-3.9603575,0.2646624999999996,17.05074796016867,16.6783,17.0388,17.409,0.7306999999999988,0.3280515219492547,0.0164420285536231,0.3191710487008095,0.3299752324819565,0.3384281247854233,0.0192570760846138,0.3281897032877669,72429.15881792878,52338.62757886196,68855.93145197969,88564.30348191135,36225.67590304939,Al,600,25,-3.482,-0.2114909422394786,-2.9910017809710676,-0.4909982190289326,-0.2092616015651016,-0.2817366174638309,-0.28294868309494053,-0.49221028466004213,-3.48321206563111,-0.28294868309494053,0.1765174040993798
327000,78732,-3.20203211502089,-3.279960438576437,0.0779283235555466,-4.090447101178682,0.1953962265784959,-4.22415,-4.09421,-3.9598175,0.2643324999999996,17.053968531219837,16.6832,17.0415,17.4136,0.7303999999999995,0.3280252464267409,0.0164713500683007,0.3191808685660362,0.3299734145402908,0.3383772075176239,0.0191963389515876,0.3281896214282837,72579.78290869588,52377.979707714185,68980.53563915678,88863.32582932919,36485.346121615,Al,600,26,-3.482,-0.2114924751686312,-2.990539639852259,-0.4914603601477414,-0.2092616015651016,-0.2821987585826397,-0.28332553093765694,-0.49258713250275854,-3.483126772355017,-0.28332553093765694,0.176429426056627
328000,78732,-3.2028155188053646,-3.2800192430015747,0.0772037241962099,-4.089711679494996,0.1956857177448833,-4.2237725,-4.09367,-3.96008,0.2636924999999999,17.045219572727735,16.6711,17.0337,17.4063,0.7352000000000025,0.3280826360674289,0.0164927765488322,0.3191783055663109,0.3299848437309265,0.3384597972035408,0.0192814916372299,0.3284148739103209,72496.48606644692,52336.40336550819,68819.81606045118,88786.23996692759,36449.8366014194,Al,600,27,-3.482,-0.2114544509262126,-2.991361067879152,-0.4906389321208482,-0.2092616015651016,-0.2813773305557465,-0.28266208927734005,-0.49192369084244164,-3.483284758721594,-0.28266208927734005,0.17662903769887792
329000,78732,-3.2017952399959535,-3.279695526723569,0.0779002867276152,-4.085116049763756,0.1966609218287418,-4.2194275,-4.088865,-3.9543775,0.26505,17.05736854519128,16.6815,17.0458,17.4165,0.7349999999999994,0.3279158920844577,0.01658004062251,0.3190051391720772,0.3299191147089004,0.3383924439549446,0.0193873047828674,0.3281775943356526,72550.4541038177,52329.44518433876,69040.2362808557,88977.65285779168,36648.20767345292,Al,600,28,-3.482,-0.2112168384885555,-2.9905784015073977,-0.4914215984926025,-0.2092616015651016,-0.2821599969275008,-0.28325484345170404,-0.49251644501680564,-3.4830948465242035,-0.28325484345170404,0.176373406569321
330000,78732,-3.2022030193424644,-3.2798559543768735,0.0776529350344091,-4.084928954427678,0.1978497497663015,-4.222045,-4.088755,-3.95142,0.2706249999999994,17.04542801783265,16.6742,17.034750000000003,17.402725,0.7285250000000012,0.3278845793823625,0.0166448257661049,0.3189809694886207,0.3298352509737015,0.3384115323424339,0.0194305628538131,0.3280139503143082,72584.86248908151,52531.50173357024,68833.17272511154,88813.75823573937,36282.256502169126,Al,600,29,-3.482,-0.211207164911379,-2.9909958544310853,-0.4910041455689149,-0.2092616015651016,-0.2817425440038132,-0.28292952151238787,-0.49219112307748947,-3.483186977508575,-0.28292952151238787,0.17668060762759583
331000,78732,-3.2023949541648467,-3.2799124629121574,0.0775175087473111,-4.090001021312808,0.1934004595184486,-4.223555,-4.09476,-3.961135,0.2624200000000001,17.062264885942184,16.6909,17.0504,17.4203,0.7294000000000018,0.3280158214757857,0.0163755166614962,0.3192189633846283,0.3299911916255951,0.3383893892168998,0.0191704258322715,0.3283460114730577,72324.64017406448,52259.81548977001,68662.55583153598,88373.58867385046,36113.773184080455,Al,600,30,-3.482,-0.211469411055437,-2.9909255431094097,-0.4910744568905905,-0.2092616015651016,-0.2818128553254888,-0.28284502465089284,-0.49210662621599444,-3.483032169325404,-0.28284502465089284,0.17619734570986317
332000,78732,-3.2019278578696775,-3.2791804563582785,0.0772525984886005,-4.076616749606258,0.1924814144683403,-4.2087,-4.079655,-3.9482475,0.2604525000000004,17.051601934410407,16.679,17.0397,17.4091,0.7301000000000002,0.3278021639718207,0.0164883262301682,0.3189580738544464,0.3296220302581787,0.3382420763373375,0.019284002482891,0.3280310353567698,73028.42279053594,52879.32179311607,69480.3218731489,89222.08801032107,36342.766217205,Al,600,31,-3.482,-0.21077739067685,-2.9911504671928273,-0.4908495328071729,-0.2092616015651016,-0.2815879312420712,-0.2826048352721705,-0.4918664368372721,-3.4830169040300993,-0.2826048352721705,0.17670429801874418
333000,78732,-3.2022976054838983,-3.2797498519026567,0.0774522464187585,-4.084438059492965,0.1942028195745842,-4.2166225,-4.08819,-3.95544,0.2611824999999999,17.055995487222475,16.6797,17.0406,17.4176,0.7378999999999998,0.3280082586958723,0.0164911270351221,0.3191094994544983,0.3298961967229843,0.3383747190237045,0.0192652195692062,0.3282762906187958,72589.25379752384,52458.20946815351,69070.56591595474,88820.37952109633,36362.17005294282,Al,600,32,-3.482,-0.2111817836798847,-2.9911158218040135,-0.4908841781959867,-0.2092616015651016,-0.2816225766308851,-0.2827211370706188,-0.4919827386357204,-3.4830985604397338,-0.2827211370706188,0.1764075433494087
334000,78732,-3.202335730631563,-3.2797021651933145,0.0773664345617512,-4.086645888203018,0.1942459440580627,-4.2193825,-4.0896550000000005,-3.95631,0.2630724999999998,17.050890926179953,16.676775,17.03725,17.4118,0.7350250000000003,0.3280420315944055,0.0165293844764758,0.3190148994326591,0.3299826681613922,0.3385155946016311,0.019500695168972,0.328298224657562,72704.31060627656,52531.81515178719,69070.09228471045,88854.46385541838,36322.64870363119,Al,600,33,-3.482,-0.2112959372545644,-2.9910397933769985,-0.4909602066230016,-0.2092616015651016,-0.2816986050579,-0.2828288617808856,-0.4920904633459872,-3.4831302567229856,-0.2828288617808856,0.17654064534306405
335000,78732,-3.2018867500602513,-3.2796771018137476,0.0777903517534966,-4.084109984250367,0.1962503169248147,-4.2195825,-4.086774999999999,-3.95197,0.2676124999999993,17.047253536046334,16.673975,17.0337,17.4068,0.7328250000000018,0.3280482062226672,0.0164640395589896,0.3191763237118721,0.3298879712820053,0.3384621366858482,0.0192858129739761,0.3281955830635505,72563.46584162084,52397.64157500156,68918.27925701975,88970.01143431923,36572.36985931767,Al,600,34,-3.482,-0.2111648208776819,-2.9907219291825693,-0.4912780708174309,-0.2092616015651016,-0.2820164692523292,-0.2831050865105844,-0.492366688075686,-3.483088617258255,-0.2831050865105844,0.176697161871188
336000,78732,-3.201379139817192,-3.2792119363156025,0.0778327964984098,-4.079013388584057,0.1936430093366666,-4.2121525,-4.081135,-3.94934,0.2628125000000003,17.063273781943806,16.6855,17.0514,17.424125,0.738624999999999,0.3278212028339385,0.0165359967768794,0.3189401030540466,0.3297194987535476,0.3382585197687149,0.0193184167146682,0.3281757998211287,72629.21201801751,52463.4057055359,68971.8428599432,88833.89393923705,36370.48823370115,Al,600,35,-3.482,-0.2109013064975324,-2.99047783331966,-0.4915221666803404,-0.2092616015651016,-0.2822605651152388,-0.2831866240613713,-0.4924482256264729,-3.4829260589461333,-0.2831866240613713,0.17630287719374083
337000,78732,-3.2021936677432796,-3.279474768709038,0.0772811009657585,-4.084048136208912,0.1934774019507085,-4.2169925,-4.087785,-3.95393,0.2630624999999997,17.05086349768836,16.6736,17.036,17.409125,0.7355249999999991,0.3279751311467729,0.0165166852952156,0.3189192041754722,0.3298101127147674,0.338475152850151,0.0195559486746788,0.3282004471508485,72803.3892231853,52663.81927128441,69205.29537860614,88903.76620581129,36239.94693452688,Al,600,36,-3.482,-0.211161623086573,-2.9910320446567065,-0.4909679553432937,-0.2092616015651016,-0.2817063537781921,-0.2828169003436654,-0.492078501908767,-3.4831105465654737,-0.2828169003436654,0.17663331224488749
338000,78732,-3.202416355359854,-3.279643586724585,0.0772272313647309,-4.084746900243865,0.1967008712768335,-4.2187525,-4.088355,-3.9540575,0.2646949999999997,17.051675895442767,16.6792,17.0407,17.4082,0.7289999999999992,0.3279471579583878,0.0164389635270753,0.3190801739692688,0.329864889383316,0.3384092077612877,0.0193290337920188,0.3282178338046075,72620.10238304466,52330.995905975375,69142.06708535517,88727.85471246828,36396.858806492906,Al,600,37,-3.482,-0.2111977519819371,-2.991218603377917,-0.4907813966220833,-0.2092616015651016,-0.2815197950569816,-0.28257910642396666,-0.49184070798906826,-3.483059311366985,-0.28257910642396666,0.17654953108775187
339000,78732,-3.202455538297675,-3.2801873339938017,0.0777317956961273,-4.093048276812478,0.1933251284383443,-4.2255625,-4.096299999999999,-3.963285,0.2622774999999997,17.050701291723822,16.676475,17.037550000000003,17.4115,0.7350250000000003,0.3281384522148032,0.0164392788345215,0.3192498758435249,0.3300152868032455,0.3385158106684685,0.0192659348249435,0.3282793769231067,72400.96054584153,52194.445797200126,68989.65757676563,88449.68375540091,36255.237958200785,Al,600,38,-3.482,-0.2116269663524877,-2.9908285719451873,-0.4911714280548129,-0.2092616015651016,-0.2819098264897113,-0.2830373444546407,-0.4922989460197423,-3.4831275179649297,-0.2830373444546407,0.1764516338620053
340000,78732,-3.202319860370711,-3.279850327566936,0.0775304671962251,-4.087522165066301,0.1944786712538184,-4.22144,-4.090465,-3.95688,0.2645600000000003,17.052206905705432,16.679875,17.0383,17.4137,0.7338249999999995,0.3279903035552053,0.0164571570732652,0.3189814165234566,0.329824760556221,0.3383991047739982,0.0194176882505416,0.3282946551780081,72625.6726401707,52379.214116492105,69150.60674926097,89042.08220994267,36662.86809345057,Al,600,39,-3.482,-0.2113412442731285,-2.9909786160975824,-0.4910213839024178,-0.2092616015651016,-0.2817597823373161,-0.2828355398036102,-0.4920971413687118,-3.483075757466294,-0.2828355398036102,0.17645404243586402
341000,78732,-3.2021880937893967,-3.2797617047706145,0.0775736109812172,-4.086550219605751,0.1952075728869087,-4.2209625,-4.08893,-3.955435,0.2655274999999997,17.052382402326877,16.6797,17.0394,17.4098,0.7301000000000002,0.3280608885324078,0.0164561101406057,0.3191905170679092,0.3298663347959518,0.3384516015648842,0.0192610844969749,0.328182418648857,72685.77973154106,52583.53548080852,69146.78360609041,88833.60195903598,36250.06647822746,Al,600,40,-3.482,-0.2112909908054522,-2.9908971029839444,-0.4911028970160558,-0.2092616015651016,-0.2818412954509541,-0.28286096926319115,-0.49212257082829275,-3.483019673812237,-0.28286096926319115,0.17652420690360124
342000,78732,-3.202038299865872,-3.279571911929076,0.0775336120632042,-4.085956669206929,0.1949684105326771,-4.2188025,-4.089449999999999,-3.95714,0.2616624999999999,17.054782860844384,16.680675,17.042450000000002,17.4145,0.7338249999999995,0.3281004630280544,0.016549484954287,0.3190522119402885,0.3299958109855652,0.338546447455883,0.0194942355155944,0.3283474772459958,72724.35331501272,52359.31543407419,69149.28597291498,89089.17786836569,36729.8624342915,Al,600,41,-3.482,-0.2112603018758856,-2.9907779979899862,-0.491222002010014,-0.2092616015651016,-0.2819604004449123,-0.28296519343641363,-0.4922267950015152,-3.4830047929915016,-0.28296519343641363,0.176448666247777
343000,78732,-3.20232371236458,-3.279873503022913,0.077549790658333,-4.0901943277193515,0.1971625164601393,-4.22531,-4.09311,-3.95847,0.2668400000000002,17.052499460194074,16.6814,17.0383,17.4125,0.7311000000000014,0.3281065610761729,0.0164513780631219,0.3191152885556221,0.3299950063228607,0.338504396378994,0.0193891078233718,0.3282611042945125,72479.79857994271,52352.90051578818,68847.21269531798,88608.10899920706,36255.208483418886,Al,600,42,-3.482,-0.2114794057697982,-2.9908443065947816,-0.4911556934052186,-0.2092616015651016,-0.2818940918401169,-0.2829440649187233,-0.4922056664838249,-3.4830499730786064,-0.2829440649187233,0.17643716226076578
344000,78732,-3.2024813981546316,-3.2799832352791753,0.0775018371245435,-4.088144443936392,0.1964218188338267,-4.22384,-4.0925650000000005,-3.954865,0.2689750000000002,17.05656129655032,16.6824,17.0427,17.418625000000002,0.736225000000001,0.3281640580592753,0.0164094928547156,0.3192070350050926,0.3299930691719055,0.338585190474987,0.0193781554698944,0.3284583298635847,72429.2978228652,52387.612127814085,68806.06501608949,88490.83088966562,36103.21876185154,Al,600,43,-3.482,-0.2113734185795614,-2.9911079795750704,-0.4908920204249298,-0.2092616015651016,-0.2816304188598282,-0.28266513202922977,-0.49192673359433137,-3.4830347131694017,-0.28266513202922977,0.17627849831580963
345000,78732,-3.202475794666456,-3.279683125920845,0.0772073312543895,-4.082218425798913,0.1972742038516637,-4.21682,-4.084265,-3.948545,0.268275,17.05078861073007,16.6767,17.0363,17.410425,0.7337249999999997,0.327942882242868,0.0164741906011825,0.3188892230391502,0.3298192024230957,0.3383544385433197,0.0194652155041694,0.3281521179966402,72662.31061855404,52566.25284004083,69046.90114550617,88794.4389961188,36228.18615607797,Al,600,44,-3.482,-0.2110670197403175,-2.991408774926138,-0.490591225073862,-0.2092616015651016,-0.2813296235087603,-0.28238135450425395,-0.49164295606935554,-3.4830517309954936,-0.28238135450425395,0.17653898908698218
346000,78732,-3.2027897124553446,-3.2801266102728244,0.0773368978174795,-4.092562617868211,0.1954146558850076,-4.2266725,-4.096585,-3.96181,0.2648625000000004,17.050903400142257,16.6776,17.0365,17.410125,0.732524999999999,0.3281320481582085,0.0164788320430411,0.3192558065056801,0.3300064653158188,0.3385006710886955,0.0192448645830154,0.3282298023492568,72386.16663721464,52331.499014651214,68725.86474824767,88505.02326560792,36173.5242509567,Al,600,45,-3.482,-0.2116018558426411,-2.9911878566127035,-0.4908121433872967,-0.2092616015651016,-0.2815505418221951,-0.28265346484458287,-0.49191506640968446,-3.483102923022388,-0.28265346484458287,0.17644218569720874
347000,78732,-3.2016135761953652,-3.279538936518823,0.077925360323458,-4.086283403444597,0.194383107333903,-4.2200625,-4.089125,-3.9550375,0.265025,17.05582085048011,16.679875,17.042,17.4182,0.7383249999999997,0.328033978002811,0.0164428039440566,0.3191983848810196,0.3299129903316498,0.338465042412281,0.0192666575312614,0.3282823720358769,72656.68610655553,52502.136476635984,69044.97515632927,88905.00954507678,36402.8730684408,Al,600,46,-3.482,-0.2112771953427701,-2.990336380852595,-0.4916636191474053,-0.2092616015651016,-0.2824020175823036,-0.2833522570789707,-0.4926138586440723,-3.482950239496667,-0.2833522570789707,0.1764295107128962
348000,78732,-3.2015732550137015,-3.2794341596809424,0.077860904667242,-4.0819397422903005,0.1967606828711016,-4.216645,-4.08593,-3.95063,0.2660149999999999,17.05676812477773,16.6825,17.04515,17.4171,0.7346000000000004,0.3279049526274534,0.016598771573363,0.31894351541996,0.3298102617263794,0.3383347541093826,0.0193912386894226,0.3281941480131382,72657.1462002607,52455.71396287401,69066.36822198055,88869.7472080682,36414.033245194194,Al,600,47,-3.482,-0.2110526106883075,-2.990520644325394,-0.4914793556746062,-0.2092616015651016,-0.2822177541095045,-0.28313743635672484,-0.49239903792182643,-3.4829196822472204,-0.28313743635672484,0.17640201188851565
349000,78732,-3.2022115730213176,-3.279514799446223,0.0773032264249047,-4.080936033252045,0.1974511330553494,-4.21616,-4.0847750000000005,-3.9487,0.2674600000000002,17.054359881623736,16.677875,17.0397,17.414,0.7361250000000013,0.3278818348260731,0.0164888225815686,0.3189677819609642,0.3297677189111709,0.3383171334862709,0.0193493515253067,0.3283145722556903,72800.49795141474,52445.73736987014,69110.89784996156,89091.54480541105,36645.807435540904,Al,600,48,-3.482,-0.2110007149166231,-2.9912108581046946,-0.4907891418953056,-0.2092616015651016,-0.281527540330204,-0.2825221388813771,-0.4917837404464787,-3.482994598551173,-0.2825221388813771,0.17647659593009035
350000,78732,-3.2023965198095437,-3.2798435802469137,0.0774470604373698,-4.089804882766855,0.1955842680536318,-4.22479,-4.09304,-3.9589575,0.2658324999999997,17.05134909947671,16.6784,17.036949999999997,17.4105,0.7320999999999991,0.3280528736444276,0.0164554218702952,0.3192648217082023,0.3300166428089142,0.3384133949875831,0.0191485732793808,0.3280782400397761,72584.69671667978,52484.49931269564,68962.62228990073,88815.85877707873,36331.35946438309,Al,600,49,-3.482,-0.211459269908141,-2.9909372499014024,-0.4910627500985978,-0.2092616015651016,-0.2818011485334961,-0.28282270001705945,-0.49208430158216104,-3.4830215514835636,-0.28282270001705945,0.17650065101921786
351000,78732,-3.2028668900288406,-3.280218313392267,0.0773514233634265,-4.092842252578366,0.1931325628466303,-4.22511,-4.097605,-3.9645525,0.2605575,17.054910077223997,16.6838,17.0427,17.414025000000002,0.7302250000000008,0.328128009946364,0.0164125092789055,0.319254957139492,0.3299793303012848,0.3384369388222694,0.0191819816827774,0.3283905069023085,72342.71474172502,52305.19384684053,68948.05926680341,88574.09896086584,36268.905114025314,Al,600,50,-3.482,-0.2116163140755753,-2.991250575953265,-0.4907494240467351,-0.2092616015651016,-0.2814878224816335,-0.2824993998122596,-0.4917610013773612,-3.4830115773306263,-0.2824993998122596,0.17630292546105966
352000,78732,-3.2019422308188488,-3.2799950328964083,0.0780528020775593,-4.090761706167759,0.1964428733884805,-4.22733,-4.09455,-3.9591475,0.2681825,17.04439891784789,16.6727,17.0333,17.4054,0.7327000000000012,0.3280525304131413,0.016541918781143,0.3191123083233833,0.3300306648015976,0.3384914621710777,0.0193791538476943,0.3283710199999826,72638.3180964442,52487.49210351649,69028.30216592073,88775.47502174004,36287.982918223555,Al,600,51,-3.482,-0.2115087415048518,-2.9904334893139968,-0.4915665106860034,-0.2092616015651016,-0.2823049091209018,-0.2833596168152156,-0.4926212183803172,-3.483054707694314,-0.2833596168152156,0.17663449357644617
353000,78732,-3.2021612622927074,-3.279657494665448,0.0774962323727404,-4.083074323273891,0.1955131914100458,-4.21756,-4.08709,-3.9522675,0.2652924999999997,17.05893107249911,16.6841,17.0459,17.4208,0.736699999999999,0.3279943389882706,0.0165833471912039,0.3190670907497406,0.329921618103981,0.338468350470066,0.0194012597203254,0.3282621071304343,72630.99236421056,52513.34581951374,68973.02066740036,88867.4387825106,36354.09296299685,Al,600,52,-3.482,-0.2111112730629974,-2.99104998922971,-0.4909500107702902,-0.2092616015651016,-0.2816884092051885,-0.2826135132399174,-0.491875114805019,-3.482925104034729,-0.2826135132399174,0.17627087291736687
354000,78732,-3.202238935109959,-3.2797295985114054,0.0774906634014467,-4.0849435293146374,0.1967666016842757,-4.2187,-4.086845,-3.95369,0.2650100000000002,17.04800287303765,16.6738,17.0332,17.407725,0.7339249999999993,0.3279627713709365,0.0165405882523931,0.3191064223647117,0.3298769742250442,0.3384916260838508,0.0193852037191391,0.3282555525537908,72770.87519623652,52644.56272016523,69196.50203155502,88927.30353327011,36282.74081310488,Al,600,53,-3.482,-0.2112079184913282,-2.991031016618631,-0.4909689833813693,-0.2092616015651016,-0.2817073818162676,-0.28272114069619037,-0.49198274226129196,-3.483013758879923,-0.28272114069619037,0.1766241780383102
355000,78732,-3.202372801655313,-3.2800736581059797,0.0777008564506668,-4.090278474571965,0.1949312087702261,-4.2254249999999995,-4.09348,-3.9586075,0.2668174999999992,17.05984214169588,16.6854,17.0469,17.4181,0.7326999999999977,0.3281297314322901,0.0164563975631682,0.3191971257328987,0.3300687372684479,0.3385570719838142,0.0193599462509155,0.3283914537604583,72318.2828387529,52385.84658571893,68790.64541430946,88278.57349194778,35892.726906228854,Al,600,54,-3.482,-0.2114837564986297,-2.990889045156683,-0.4911109548433172,-0.2092616015651016,-0.2818493532782156,-0.2827808324134602,-0.4920424339785618,-3.4829314791352446,-0.2827808324134602,0.17620405328684588
356000,78732,-3.2023535774011407,-3.280175418127318,0.0778218407261774,-4.093089324925063,0.1951015904917993,-4.227175,-4.09661,-3.9622575,0.2649174999999997,17.046489873240866,16.6724,17.0332,17.4026,0.7302,0.3281737760609121,0.0163713646796386,0.3193395957350731,0.3300197422504425,0.3385565057396889,0.0192169100046157,0.3283315407236114,72514.83182095569,52492.69529304553,68909.435914328,88626.3057966102,36133.61050356467,Al,600,55,-3.482,-0.2116290887040832,-2.9907244886970576,-0.4912755113029425,-0.2092616015651016,-0.2820139097378409,-0.2830484638809826,-0.4923100654460842,-3.483034554143142,-0.2830484638809826,0.17663231262928009
357000,78732,-3.2023658912565507,-3.27994641746685,0.0775805262102994,-4.092930704541991,0.1967911432075706,-4.2288,-4.095655,-3.9618575,0.2669424999999994,17.056113948585075,16.6841,17.0416,17.4134,0.7292999999999985,0.3280890531658517,0.0165346013163903,0.3191457614302635,0.3300123363733291,0.3384939581155777,0.0193481966853141,0.3285248520442599,72415.22857645254,52272.17827091296,68777.99302288046,88584.75576553619,36312.57749462323,Al,600,56,-3.482,-0.2116208873958647,-2.990745003860686,-0.4912549961393142,-0.2092616015651016,-0.2819933945742126,-0.2829550315767613,-0.49221663314186287,-3.482961637002549,-0.2829550315767613,0.17633323269812776
358000,78732,-3.202203797732934,-3.2797388274145205,0.077535029681586,-4.084956131814257,0.1932719759707651,-4.21825,-4.08817,-3.9549375,0.2633125,17.047004061880813,16.6734,17.0368,17.4069,0.7334999999999994,0.3279803159922969,0.0163955572673556,0.3190992102026939,0.3298824280500412,0.3383834138512611,0.0192842036485672,0.3281904493110748,72776.79700796028,52558.06983048168,69141.91274931264,88976.87151352614,36418.80168304447,Al,600,57,-3.482,-0.2112085700909631,-2.990995227641971,-0.4910047723580293,-0.2092616015651016,-0.2817431707929276,-0.28271716495682214,-0.49197876652192374,-3.4829739941638946,-0.28271716495682214,0.17664850257627385
359000,78732,-3.202530763235245,-3.2799660533201243,0.0774352900848784,-4.090348146369965,0.197236564403706,-4.224925,-4.09356,-3.9581,0.2668249999999998,17.054554068231464,16.6839,17.0416,17.4135,0.7295999999999978,0.3280583638855898,0.0164706443670588,0.3191783279180527,0.3300835341215133,0.3384805247187614,0.0193021968007087,0.3283460066566585,72510.65836922805,52433.32468783674,68824.41487183794,88826.77124243538,36393.44655459864,Al,600,58,-3.482,-0.2114873588092436,-2.9910434044260015,-0.4909565955739987,-0.2092616015651016,-0.2816949940088971,-0.28264165212156056,-0.49190325368666216,-3.4829466581126636,-0.28264165212156056,0.17634897978933212
360000,78732,-3.202471141057622,-3.279848485876137,0.0773773448185147,-4.0888783770258605,0.1946824402922339,-4.2228,-4.092885,-3.9587575,0.2640425000000004,17.051309611085706,16.6765,17.0409,17.411325,0.7348250000000007,0.3280143081043764,0.0164298370047711,0.3191532716155052,0.3299455195665359,0.3384352400898933,0.0192819684743881,0.3282113127241588,72622.5341905255,52495.96239694999,69110.23475666699,88795.7420552688,36299.77965831881,Al,600,59,-3.482,-0.2114113658557051,-2.991059775201917,-0.4909402247980834,-0.2092616015651016,-0.2816786232329817,-0.2826739950284122,-0.49193559659351377,-3.4829953717954307,-0.2826739950284122,0.17646246864094584
361000,78732,-3.2019170707884346,-3.279750802342123,0.0778337315536884,-4.087494729970025,0.1968951049230287,-4.22376,-4.08898,-3.95517,0.2685900000000005,17.054177846364887,16.6796,17.0402,17.4115,0.7318999999999996,0.3279723483882305,0.0164995159440128,0.3190642893314361,0.3298195749521255,0.3384408354759216,0.0193765461444854,0.3283082518853584,72692.24461666658,52610.13864067371,69214.92892520825,88903.24053389278,36293.10189321907,Al,600,60,-3.482,-0.2113398257689224,-2.9905772450195123,-0.4914227549804879,-0.2092616015651016,-0.2821611534153863,-0.2830843918034531,-0.49234599336855467,-3.482923238388067,-0.2830843918034531,0.17645781920397205
362000,78732,-3.2023848294496897,-3.2800040096784033,0.0776191802287126,-4.0872123021135,0.1949227125060061,-4.22139,-4.090285,-3.95633,0.2650600000000005,17.05582392038815,16.6834,17.0412,17.416125,0.7327250000000021,0.3279525695660777,0.0164250454510153,0.3189608007669449,0.3298217207193374,0.3382921069860458,0.0193313062191009,0.3281080439088321,72397.9045053864,52297.05875104715,68875.46717179818,88489.4272027377,36192.36845169055,Al,600,61,-3.482,-0.2113252231191495,-2.9910596063305404,-0.4909403936694598,-0.2092616015651016,-0.2816787921043582,-0.28261310438406756,-0.49187470594916916,-3.4829343122797094,-0.28261310438406756,0.1763235506991946
363000,78732,-3.2022952931543487,-3.2797952787938827,0.0774999856395341,-4.085836631229997,0.1960982374668654,-4.2212724999999995,-4.0902449999999995,-3.9556475,0.2656249999999995,17.050455320581214,16.6811,17.03505,17.4065,0.7254000000000005,0.3279545815881191,0.0164694753757406,0.3188768625259399,0.3298716694116592,0.3384058326482773,0.0195289701223373,0.3282032658832454,72657.15886604477,52502.98969374785,69042.52813942547,88853.97406172878,36350.98436798093,Al,600,62,-3.482,-0.2112540954323777,-2.991041197721971,-0.4909588022780293,-0.2092616015651016,-0.2816972007129277,-0.28262758714640784,-0.49188918871150944,-3.4829303864334804,-0.28262758714640784,0.17657184729734984
364000,78732,-3.2019107616361135,-3.279553870726007,0.0776431090898935,-4.085536159249098,0.1982494642583273,-4.221065,-4.08909,-3.95417,0.2668950000000003,17.05812094446985,16.683875,17.0439,17.415525000000002,0.7316500000000019,0.3279393840427306,0.0165766169968486,0.3189851567149162,0.329914778470993,0.3384898230433464,0.0195046663284301,0.3281447924066019,72813.3970189826,52763.82249965023,69153.75073203054,89064.27554793608,36300.453048285846,Al,600,63,-3.482,-0.2112385598292059,-2.9906722018069076,-0.4913277981930926,-0.2092616015651016,-0.2820661966279909,-0.2829468250351431,-0.4922084266002447,-3.4828806284071523,-0.2829468250351431,0.176358444944442
365000,78732,-3.2026184886539646,-3.2797929785855815,0.0771744899316167,-4.0860808070416095,0.1921448493201355,-4.21823,-4.08754,-3.9572775,0.2609525000000001,17.049721747193008,16.6755,17.036250000000003,17.4095,0.7340000000000018,0.3280354714373024,0.0164496103736447,0.319169357419014,0.3298727124929428,0.3383963406085968,0.0192269831895828,0.3281638127473099,72574.10953403165,52455.35279622712,68933.6163332531,88821.91540067786,36366.56260445074,Al,600,64,-3.482,-0.2112667202984368,-2.991351768355528,-0.4906482316444722,-0.2092616015651016,-0.2813866300793706,-0.28234767196039023,-0.49160927352549183,-3.48296104188102,-0.28234767196039023,0.17657313738076524
366000,78732,-3.202431888331639,-3.279724478483971,0.0772925901523319,-4.087927129375603,0.1962151608389921,-4.2208825,-4.090635,-3.95723,0.2636525,17.05743868947823,16.686674999999997,17.0449,17.413925000000003,0.7272500000000051,0.3280173957208571,0.0163954826486508,0.3191449418663978,0.3298572152853012,0.3384014889597893,0.0192565470933914,0.3281482402451977,72603.65289262965,52327.21124514416,69090.8599015106,88929.01376760998,36601.80252246582,Al,600,65,-3.482,-0.2113621825476034,-2.9910697057840356,-0.4909302942159645,-0.2092616015651016,-0.2816686926508629,-0.28253061051825135,-0.49179221208335294,-3.4828619178673885,-0.28253061051825135,0.1763563217369942
367000,78732,-3.2029312241508308,-3.2803919092618,0.0774606851109688,-4.096135511100949,0.1963440085794487,-4.2308325,-4.099375,-3.9643175,0.266515,17.046270207793526,16.675,17.0336,17.403925,0.7289250000000003,0.3281362702956391,0.0163217061120222,0.3193272873759269,0.3300220966339111,0.3383833989500999,0.0190561115741729,0.3284372623610689,72360.28726679462,52333.85140962638,68772.78713996033,88475.36195783145,36141.51054820507,Al,600,66,-3.482,-0.2117865887128175,-2.991144635438013,-0.4908553645619871,-0.2092616015651016,-0.2815937629968854,-0.2826368536086941,-0.4918984551737957,-3.483043090611809,-0.2826368536086941,0.1765409755192718
368000,78732,-3.201978495820516,-3.2797400710003553,0.0777615751798392,-4.086407658512422,0.1954393872985017,-4.2210225,-4.089805,-3.9560575,0.2649650000000001,17.05726570644719,16.6813,17.0451,17.4189,0.7376000000000005,0.3279453301581311,0.0164038829053064,0.3190717101097107,0.3298005610704422,0.3383662104606628,0.0192945003509521,0.3281931988419886,72487.26953883348,52317.80097287637,68857.68077675649,88633.39856171721,36315.59758884084,Al,600,67,-3.482,-0.2112836198267438,-2.9906948759937726,-0.4913051240062276,-0.2092616015651016,-0.2820435224411259,-0.28294031367627165,-0.49220191524137324,-3.482896791235146,-0.28294031367627165,0.176319816530166
369000,78732,-3.202222522411096,-3.279781729665193,0.0775592072540974,-4.085969376238378,0.1941628860059644,-4.2195025,-4.088290000000001,-3.955365,0.2641374999999999,17.04812132677945,16.676775,17.035449999999997,17.406,0.7292249999999996,0.328021426507861,0.0164479765122443,0.3190956637263298,0.329916164278984,0.3384291231632232,0.0193334594368934,0.3283842373793595,72647.29449489318,52460.35013172263,68985.52634137454,88818.36136593396,36358.01123421133,Al,600,68,-3.482,-0.2112609588802342,-2.990961563530862,-0.4910384364691382,-0.2092616015651016,-0.2817768349040366,-0.28268505843978,-0.4919466600048816,-3.4829082235357434,-0.28268505843978,0.17664495171712988
370000,78732,-3.2022286204052075,-3.279613565132348,0.0773849447271401,-4.086256152263374,0.1966332426581825,-4.22058,-4.089345,-3.9535,0.26708,17.05650345348778,16.6849,17.0462,17.417125000000002,0.7322250000000032,0.3279179409237155,0.0165098419136662,0.3190400525927543,0.3298586159944534,0.3384048417210579,0.0193647891283035,0.3279953400572205,72747.07095989783,52534.37861922243,69207.58459309986,88905.53081018507,36371.15219096264,Al,600,69,-3.482,-0.2112757863477078,-2.9909528340574996,-0.4910471659425006,-0.2092616015651016,-0.281785564377399,-0.2826616089707885,-0.4919232105358901,-3.4828760445933895,-0.2826616089707885,0.17632838757463742
371000,78732,-3.202332954273175,-3.2798591182746537,0.0775261640014784,-4.093287176497486,0.1998817185472402,-4.2302425,-4.096965,-3.958405,0.2718375000000002,17.050555485698318,16.6772,17.03575,17.4079,0.7307000000000023,0.3281685854384722,0.0164674689738382,0.3193013519048691,0.3300300389528274,0.33857162296772,0.0192702710628509,0.3285576830505613,72645.49861562329,52591.97417854983,69081.54567005509,88850.68661262827,36258.71243407843,Al,600,70,-3.482,-0.2116393184216991,-2.9906936358514757,-0.4913063641485244,-0.2092616015651016,-0.2820447625834228,-0.2830151607471333,-0.4922767623122349,-3.482970398163711,-0.2830151607471333,0.17652139973282724
372000,78732,-3.202354773615468,-3.2800694714982472,0.0777146978827795,-4.09443737133567,0.1959056868761373,-4.2299,-4.09708,-3.96315,0.2667499999999996,17.05688702687598,16.6802,17.0462,17.420925,0.7407250000000012,0.3281237916059548,0.0163545021670742,0.3192993625998497,0.3300434350967407,0.3384353443980217,0.0191359817981719,0.3283107549550935,72402.93331935974,52222.69336265628,68653.87808497074,88647.77528325997,36425.08192060368,Al,600,71,-3.482,-0.2116987880951203,-2.9906559855203474,-0.4913440144796528,-0.2092616015651016,-0.2820824129145511,-0.2830456509445043,-0.4923072525096059,-3.4829632380299533,-0.2830456509445043,0.17620963637735035
373000,78732,-3.202666985213302,-3.280349112305035,0.0776821270917327,-4.094095305974699,0.1920645356516983,-4.225944999999999,-4.09826,-3.96563,0.2603149999999994,17.038235561144134,16.6677,17.0256,17.3948,0.7271000000000001,0.3281837469193486,0.0163586729479539,0.3193578943610191,0.3299788981676101,0.3385548442602157,0.0191969498991966,0.3284968650153511,72617.20225020476,52559.1630368613,69141.39422371137,88899.7586817365,36340.5956448752,Al,600,72,-3.482,-0.211681101947843,-2.9909858832654588,-0.4910141167345414,-0.2092616015651016,-0.2817525151694398,-0.2827886009143323,-0.4920502024794339,-3.4830360857448928,-0.2827886009143323,0.17686254807727575
374000,78732,-3.202379499876342,-3.27977479855713,0.0773952986807879,-4.090635308387949,0.194348896155593,-4.2241525,-4.09358,-3.9597975,0.2643549999999997,17.06032787557791,16.6865,17.04705,17.4203,0.7338000000000022,0.3280143327062821,0.016498724985156,0.3190872147679329,0.3299444615840912,0.3384146019816398,0.0193273872137069,0.3281947044369039,72565.31187628848,52424.28779810171,68707.01555216794,88938.27644129223,36513.98864319052,Al,600,73,-3.482,-0.2115022062340986,-2.9908772936422436,-0.4911227063577565,-0.2092616015651016,-0.2818611047926549,-0.2827411416059772,-0.4920027431710788,-3.4828800368133224,-0.2827411416059772,0.17622410218154494
375000,78732,-3.2027799648573683,-3.2802236605192294,0.0774436956618612,-4.092088341208149,0.1965085388590729,-4.2270725,-4.09494,-3.95977,0.2673025000000004,17.046157868465176,16.6769,17.03235,17.402325,0.7254250000000013,0.3279737404644677,0.0164839294758365,0.3190198317170143,0.3299291282892227,0.3383740186691284,0.0193541869521141,0.3282574705850716,72431.24482693285,52238.213723517685,68849.56836239915,88636.6211865845,36398.40746306681,Al,600,74,-3.482,-0.2115773338424123,-2.991202631014956,-0.4907973689850444,-0.2092616015651016,-0.2815357674199428,-0.28253550065476246,-0.49179710221986406,-3.4829997332348204,-0.28253550065476246,0.17659506310449324
376000,78732,-3.202188814455444,-3.279906858456536,0.0777180440010923,-4.090420276507646,0.1959038333128442,-4.224805,-4.09395,-3.96041,0.2643949999999999,17.058815274602445,16.6858,17.0455,17.4172,0.7314000000000007,0.3280879613173896,0.0164779810184619,0.3190928399562835,0.3299054056406021,0.3384363874793052,0.0193435475230216,0.3281436804020538,72538.40913922938,52245.509070354296,69020.36045491825,88772.22319001312,36526.71411965882,Al,600,75,-3.482,-0.2114910882258514,-2.9906977262295924,-0.4913022737704078,-0.2092616015651016,-0.2820406722053061,-0.28291135791241884,-0.49217295947752043,-3.482870685707113,-0.28291135791241884,0.17627237989075864
377000,78732,-3.2024944840108285,-3.280249221155312,0.0777547371444829,-4.093559629375603,0.1936049986040421,-4.2254024999999995,-4.09749,-3.9648075,0.2605949999999994,17.043202204948432,16.671,17.0308,17.4067,0.7357000000000014,0.3281749131085411,0.0164211113778426,0.3192795366048813,0.330003872513771,0.338581807911396,0.0193022713065147,0.3284570961698162,72418.89135535415,52195.68293292953,68647.37922000853,88515.5664279717,36319.88349504217,Al,600,76,-3.482,-0.2116534053251926,-2.990841078685636,-0.4911589213143643,-0.2092616015651016,-0.2818973197492627,-0.28292537204471185,-0.49218697360981345,-3.4830280522954493,-0.28292537204471185,0.17663224175562645
378000,78732,-3.2027336154248003,-3.280042719224712,0.077309103799911,-4.090038406492914,0.1980928048051667,-4.2261875,-4.09215,-3.95605,0.2701375000000001,17.05729666082406,16.6836,17.043149999999997,17.416925,0.7333250000000007,0.3280084071661882,0.0164258314491934,0.3190494254231453,0.3298783749341964,0.3384566009044647,0.0194071754813194,0.3281690417885211,72300.12093453748,52347.67225072355,68830.87793041937,88457.03412329267,36109.36187256912,Al,600,77,-3.482,-0.2114713440187731,-2.9912622714060273,-0.4907377285939729,-0.2092616015651016,-0.2814761270288712,-0.28241866483020606,-0.49168026639530765,-3.482942537801335,-0.28241866483020606,0.1762504657081705
379000,78732,-3.2014938767695496,-3.279361509932429,0.0778676331628791,-4.0828618723009695,0.1951238224578217,-4.21642,-4.086475,-3.95212,0.2643000000000004,17.05414450160037,16.6764,17.0415,17.4177,0.741299999999999,0.327976405977149,0.0164541049861851,0.3190753683447838,0.3298669755458832,0.338378481566906,0.0193031132221221,0.328107654255542,72821.242860915,52706.67548332894,69083.73321063296,88954.19474415941,36247.51926083047,Al,600,78,-3.482,-0.2111002884979844,-2.990393588271565,-0.4916064117284353,-0.2092616015651016,-0.2823448101633337,-0.2832030654681918,-0.4924646670332934,-3.4828582553048584,-0.2832030654681918,0.1765121118922438
380000,78732,-3.2028156399718855,-3.2802156228725297,0.0773999829006439,-4.093590861911294,0.193494951747269,-4.22674,-4.09676,-3.96569,0.2610500000000004,17.054306148707003,16.6801,17.0458,17.411925,0.7318250000000006,0.3281338275315839,0.016396506094644,0.3192703574895859,0.3300023972988128,0.3384771645069122,0.0192068070173263,0.3281421944821143,72314.87584420777,52289.852990792686,68629.2540483725,88496.98162457831,36207.12863378563,Al,600,79,-3.482,-0.2116550201722046,-2.9911606197996807,-0.4908393802003195,-0.2092616015651016,-0.2815777786352178,-0.28252599125584765,-0.49178759282094925,-3.48294821262063,-0.28252599125584765,0.17633487042397694
381000,78732,-3.2023937162344773,-3.279934100746837,0.0775403845123596,-4.086696802189707,0.1962858077934422,-4.22136,-4.09043,-3.95622,0.2651399999999997,17.038936122542296,16.6635,17.0249,17.3969,0.7333999999999996,0.327959904436883,0.0164575239243532,0.3190541565418243,0.3298879265785217,0.3383936956524849,0.0193395391106605,0.3282368894442534,72675.29450133302,52528.290000930465,69102.82071270581,88890.43777711438,36362.14777618391,Al,600,80,-3.482,-0.2112985697113104,-2.991095146523167,-0.4909048534768332,-0.2092616015651016,-0.2816432519117315,-0.2826945805631992,-0.4919561821283008,-3.483051328651468,-0.2826945805631992,0.1769076715845165
382000,78732,-3.2024528429400436,-3.2796330173245947,0.0771801743845513,-4.084763257887516,0.1959580004390575,-4.21928,-4.0879,-3.9524675,0.2668125000000003,17.060954031397653,16.6852,17.0486,17.422,0.7368000000000023,0.3279542904060445,0.0164125775969491,0.3190230131149292,0.3298296481370926,0.338273748755455,0.0192507356405258,0.3282647759162534,72507.6046399398,52496.86284153499,69053.68793666591,88672.36999290467,36175.507151369675,Al,600,81,-3.482,-0.2111985977375375,-2.991254245202506,-0.4907457547974942,-0.2092616015651016,-0.2814841532323926,-0.28234424446301953,-0.49160584602812113,-3.482860091230627,-0.28234424446301953,0.17623847027656775
383000,78732,-3.2023666609873236,-3.280031331224915,0.0776646702375915,-4.091123747523243,0.1933843527807819,-4.22433,-4.09531,-3.96163,0.2627000000000001,17.050491328811663,16.6791,17.0377,17.407,0.7279000000000018,0.3279911005869602,0.0164977362917604,0.3190779760479927,0.3299358785152435,0.3384054973721504,0.0193275213241577,0.3282342761732656,72637.42108237042,52343.94963333344,69003.07703039094,88810.65356207619,36466.70392874275,Al,600,82,-3.482,-0.2115274604909408,-2.990839200496383,-0.4911607995036173,-0.2092616015651016,-0.2818991979385157,-0.2828210808185699,-0.4920826823836715,-3.4829218828800546,-0.2828210808185699,0.1765443636028864
384000,78732,-3.2016745216511,-3.2794992404613117,0.0778247188102118,-4.083205162576844,0.1978471328318181,-4.21863,-4.08521,-3.9500375,0.2685925,17.05665781130925,16.681275,17.0403,17.418525000000002,0.7372500000000031,0.3280433599553654,0.0164832424790542,0.3191700428724289,0.329854816198349,0.3383783623576164,0.0192083194851875,0.3281703524014054,72684.43105186812,52610.088375052765,69077.8915958338,88854.81279263568,36244.72441758292,Al,600,83,-3.482,-0.2111180379782613,-2.990556483672839,-0.4914435163271613,-0.2092616015651016,-0.2821819147620596,-0.2830090894995507,-0.4922706910646523,-3.482827174737491,-0.2830090894995507,0.1764471076888673
385000,78732,-3.202043362563316,-3.279649523192603,0.0776061606292867,-4.087080077224001,0.1945642452424607,-4.2206125,-4.08915,-3.95614,0.2644724999999996,17.051326690545146,16.6781,17.0368,17.4107,0.7325999999999979,0.3280272702988128,0.0164838819604917,0.3191456198692322,0.3298771232366562,0.338454395532608,0.0193087756633758,0.3282509405584752,72726.22910777506,52426.87734097271,69092.72716566516,88962.18208157242,36535.30474059971,Al,600,84,-3.482,-0.2113183865635194,-2.9907249759997967,-0.4912750240002035,-0.2092616015651016,-0.2820134224351018,-0.2828958417327838,-0.4921574432978854,-3.482882419297682,-0.2828958417327838,0.1765921535148577
386000,78732,-3.20251332398421,-3.279980855433623,0.0774675314494132,-4.087597476883605,0.196151197002093,-4.2220825,-4.09157,-3.9588125,0.2632700000000003,17.05241703627496,16.678675,17.0378,17.4095,0.730825000000003,0.3279963973064551,0.0164345758250018,0.319178894162178,0.3299036622047424,0.3383677750825882,0.0191888809204101,0.3282710852104568,72618.27746797365,52540.2758712561,69114.08221215912,88658.62816694676,36118.35229569066,Al,600,85,-3.482,-0.2113451381952982,-2.9911681857889114,-0.4908318142110888,-0.2092616015651016,-0.2815702126459871,-0.2824920613839377,-0.49175366294903927,-3.4829218487379507,-0.2824920613839377,0.17651130352518085
387000,78732,-3.202223830208144,-3.279468060128029,0.0772442299198851,-4.08047221688767,0.1923288420864816,-4.213845,-4.08333,-3.9508475,0.2629975,17.048858172026623,16.674075,17.0379,17.4077,0.733625,0.3278330780267836,0.0165379809461733,0.3188102394342422,0.3297181576490402,0.3383144065737724,0.0195041671395301,0.3280721967238809,72747.85403289317,52555.492161998816,69291.91641912781,88931.61489163822,36376.122729639406,Al,600,86,-3.482,-0.2109767337555179,-2.991247096452626,-0.4907529035473743,-0.2092616015651016,-0.2814913019822727,-0.2824003824604172,-0.4916619840255188,-3.482909080478145,-0.2824003824604172,0.17668988660660592
388000,78732,-3.2022211159562364,-3.280200122313671,0.0779790063574353,-4.094682536833816,0.194977839117394,-4.228005,-4.097945,-3.963735,0.2642699999999998,17.052034760961234,16.6754,17.039,17.4124,0.7370000000000019,0.3280511405723055,0.0164273178244402,0.3191702663898468,0.3299561291933059,0.3384655565023422,0.0192952901124954,0.3285157603785598,72402.10509930407,52300.10772835743,68792.65946870731,88560.16515092482,36260.05742256739,Al,600,87,-3.482,-0.2117114641319315,-2.990509651824305,-0.4914903481756951,-0.2092616015651016,-0.2822287466105935,-0.28320596898243605,-0.49246757054753765,-3.4829772223718427,-0.28320596898243605,0.1764383164868049
389000,78732,-3.2022616625767477,-3.2799896315348267,0.0777279689580793,-4.089131317761521,0.1966593268368313,-4.22521,-4.09321,-3.957955,0.2672549999999996,17.053611525174006,16.6823,17.0401,17.4126,0.7302999999999997,0.3279898488290446,0.0164189443647665,0.3191383108496666,0.3299165815114975,0.3383403792977333,0.0192020684480667,0.328090784815463,72346.709490122,52233.23717984359,68836.00818513424,88618.286819933,36385.049640089404,Al,600,88,-3.482,-0.2114244439033935,-2.990837218673354,-0.4911627813266461,-0.2092616015651016,-0.2819011797615445,-0.2827985569225615,-0.4920601584876631,-3.482897377161017,-0.2827985569225615,0.17643989584819159
390000,78732,-3.2021190196636473,-3.2797782851953468,0.0776592655316986,-4.085341013692019,0.1950020179296203,-4.2193525,-4.08738,-3.9546875,0.2646650000000003,17.053453031804096,16.6809,17.0401,17.4163,0.7353999999999985,0.3280159928065859,0.0164682460935255,0.3191400021314621,0.3299704790115356,0.3384332209825516,0.0192932188510894,0.3279064599227198,72497.82352434495,52517.28776396971,68976.44598314926,88680.52059472192,36163.23283075221,Al,600,89,-3.482,-0.2112284700234062,-2.990890549640241,-0.491109450359759,-0.2092616015651016,-0.2818478487946574,-0.28272259248195214,-0.49198419404705374,-3.4828747436872947,-0.28272259248195214,0.17646179908505946
391000,78732,-3.202657907968619,-3.279939632169893,0.0772817242012739,-4.087432102956866,0.1959805339651159,-4.221865,-4.08948,-3.9562875,0.2655775,17.04973480414571,16.6782,17.035,17.4069,0.7286999999999999,0.3280363676184071,0.0165172868205993,0.3191289454698562,0.3299302160739898,0.338467039167881,0.0193380936980247,0.3281246753928941,72585.36293762524,52364.10771016737,69033.32379088763,88835.58792254583,36471.48021237846,Al,600,90,-3.482,-0.2113365877018608,-2.991321320266758,-0.4906786797332421,-0.2092616015651016,-0.2814170781681404,-0.2823532480872809,-0.4916148496523825,-3.4829361699191406,-0.2823532480872809,0.17659467992024108
392000,78732,-3.202050461476422,-3.2797441981659303,0.0776937366895074,-4.084615785068333,0.1947685902388099,-4.21872,-4.086715,-3.9525375,0.2661825000000002,17.051750294670526,16.6758,17.0394,17.4129,0.7371000000000016,0.327995476651198,0.0165001694219235,0.3191375955939293,0.3299238383769989,0.3384335711598396,0.0192959755659103,0.328327506501838,72549.1046140022,52274.676699113406,68980.59834933141,88785.31621674373,36510.63951763032,Al,600,91,-3.482,-0.2111909728029575,-2.9908594886734643,-0.4911405113265359,-0.2092616015651016,-0.2818789097614342,-0.2827756692835052,-0.4920372708486068,-3.4828967595220712,-0.2827756692835052,0.17655493492222699
393000,78732,-3.202060807998808,-3.279691319539704,0.0776305115408963,-4.085528073845451,0.1950296207870142,-4.21944,-4.088855000000001,-3.9552,0.2642399999999996,17.057612155159276,16.681175,17.0443,17.4199,0.7387249999999987,0.3278728937239525,0.0166047188509648,0.3188192844390869,0.3299089521169662,0.3383644968271255,0.0195452123880386,0.327940555331499,72387.02374454528,52149.73959752371,68834.07280215721,88704.57459261715,36554.834995093435,Al,600,92,-3.482,-0.2112381417814992,-2.990822666217309,-0.4911773337826912,-0.2092616015651016,-0.2819157322175896,-0.2828251751050048,-0.4920867766701064,-3.4829094428874154,-0.2828251751050048,0.17634365371011462
394000,78732,-3.202360421624677,-3.279887091271656,0.0775266696469783,-4.086465900650307,0.1944022748093096,-4.2204825,-4.08909,-3.9546175,0.2658650000000002,17.049211638215716,16.675774999999998,17.0336,17.4075,0.7317250000000008,0.3280142571899938,0.0165249412090788,0.3190608918666839,0.3298777341842651,0.338448129594326,0.019387237727642,0.3282791911007133,72588.18438547128,52477.74354379199,68985.92750947984,88788.65052790011,36310.90698410812,Al,600,93,-3.482,-0.211286631178216,-2.991073790446461,-0.4909262095535394,-0.2092616015651016,-0.2816646079884377,-0.2826005807711145,-0.4918621823362161,-3.482935972782677,-0.2826005807711145,0.17664740380342703
395000,78732,-3.202108073866435,-3.2797240344459686,0.0776159605795336,-4.087942742087081,0.1946932861403709,-4.22086,-4.090665,-3.95647,0.2643900000000001,17.056221015597213,16.6815,17.044,17.4137,0.7321999999999989,0.32797782564018,0.0164519043851242,0.3191382735967636,0.3299013674259186,0.3384088724851608,0.0192705988883972,0.3280065284791815,72470.79622692414,52529.54684743362,68880.30182738559,88614.94009311129,36085.39324567767,Al,600,94,-3.482,-0.2113629897872309,-2.990745084079204,-0.4912549159207962,-0.2092616015651016,-0.2819933143556945,-0.2828582788175698,-0.4921198803826714,-3.4828649644618754,-0.2828582788175698,0.17646132996990962
396000,78732,-3.2019673098698784,-3.279684649824722,0.077717339954843,-4.0862893197175225,0.1962332042520022,-4.22124,-4.08867,-3.9550275,0.2662124999999999,17.055754268912256,16.6796,17.0422,17.4191,0.7394999999999996,0.3279830649311916,0.01658195083209,0.319068431854248,0.3299389183521271,0.3384536132216453,0.0193851813673973,0.3283663034531447,72565.09498051109,52541.29353402059,68918.21630111127,88553.05871703055,36011.765183009964,Al,600,95,-3.482,-0.2112775012377429,-2.9906898086321356,-0.4913101913678646,-0.2092616015651016,-0.2820485898027629,-0.28295399729815457,-0.49221559886325617,-3.482905407495392,-0.28295399729815457,0.17641353109001356
397000,78732,-3.202307767263782,-3.280106278514454,0.0777985112506719,-4.091195844764518,0.1943770507669421,-4.22442,-4.094405,-3.96275,0.26167,17.04769327592339,16.6769,17.0341,17.4033,0.7264000000000017,0.3280906196120962,0.0164807275778354,0.3192150592803955,0.3300819993019104,0.3385242596268654,0.0193092003464698,0.3283355160713005,72594.89352772212,52257.36676846401,68984.57678841546,88732.84765548124,36475.48088701723,Al,600,96,-3.482,-0.2115311882066728,-2.9907765790571093,-0.4912234209428909,-0.2092616015651016,-0.2819618193777893,-0.28289003156241616,-0.49215163312751775,-3.482928212184627,-0.28289003156241616,0.17668627153208666
398000,78732,-3.2029242779439784,-3.2799353754508966,0.0770110975069184,-4.086859109383733,0.1975091487910679,-4.2223825,-4.090395,-3.9558775,0.266505,17.055628123253573,16.6816,17.042650000000002,17.4188,0.7372000000000014,0.3280294862520611,0.0164484364031439,0.3191927298903465,0.3298192620277405,0.3384035900235176,0.019210860133171,0.3282039123928696,72413.97676741541,52382.61603484134,68912.2553430325,88630.47624658445,36247.860211743115,Al,600,97,-3.482,-0.2113069616424008,-2.9916173163015776,-0.4903826836984226,-0.2092616015651016,-0.281121082133321,-0.2820902654913499,-0.4913518670564515,-3.482969183358029,-0.2820902654913499,0.1763362094844472
399000,78732,-3.202654722625593,-3.2801728878981864,0.0775181652725931,-4.09316581351928,0.1939912196904912,-4.22674,-4.09667,-3.96355,0.2631900000000002,17.048043612508256,16.674,17.0363,17.4067,0.7327000000000012,0.3281411419968528,0.0164455723911233,0.3192119225859642,0.3299990594387054,0.3386015444993973,0.019389621913433,0.3282713054278614,72481.92428642987,52360.407964722006,68846.88332367499,88725.21703519062,36364.80907046862,Al,600,98,-3.482,-0.2116330434703259,-2.991021679155267,-0.4909783208447331,-0.2092616015651016,-0.2817167192796315,-0.28273021891939687,-0.49199182048449847,-3.4830134996397657,-0.28273021891939687,0.17659661155510242
400000,78732,-3.202631167925073,-3.2797432836711886,0.0771121157461159,-4.084263746380125,0.194081609786942,-4.21681,-4.087619999999999,-3.9542075,0.2626024999999998,17.056748849260785,16.6878,17.0431,17.4151,0.7272999999999996,0.3279843880979806,0.0165542373119187,0.3189606666564941,0.3298747092485428,0.338430218398571,0.0194695517420768,0.3281568641046777,72579.89652604058,52347.627857202664,69027.00548078984,88687.61317935963,36339.985322156965,Al,600,99,-3.482,-0.2111727709947731,-2.9914583969303,-0.4905416030697003,-0.2092616015651016,-0.2812800015045986,-0.2821327912199793,-0.4913943927850809,-3.482852789715381,-0.2821327912199793,0.176430908127998
301000,78732,-3.174938358854168,-3.265433664075598,0.0904953052214296,-3.8865501665142506,0.2057537105770603,-4.0267625,-3.889395,-3.74861,0.2781525,17.162426666412642,16.750574999999998,17.1473,17.556425,0.8058500000000031,0.3241916502830789,0.0186813180736352,0.3139127492904663,0.3265846818685531,0.3363743126392364,0.0224615633487701,0.3244397894319453,78796.20045874895,56572.30895593106,74746.86802401999,96601.71158382256,40029.4026278915,Al,700,0,-3.5308,-0.2344418861703442,-2.940496472683824,-0.5903035273161761,-0.2092616015651016,-0.3810419257510744,-0.37152267627994645,-0.580784277845048,-3.521280750528872,-0.37152267627994645,0.17571340451495543
302000,78732,-3.1750457108465895,-3.2653395423715894,0.0902938315250005,-3.886188242899964,0.2053499421804452,-4.02538,-3.88721,-3.748915,0.2764649999999999,17.157066566326268,16.7444,17.13795,17.5525,0.8080999999999996,0.3242298989718882,0.0186851977144199,0.3140211105346679,0.3266248255968094,0.3364365622401237,0.0224154517054557,0.324358539332825,78972.16516716983,56782.71309401675,74865.44676318308,96806.81290700064,40024.09981298388,Al,700,1,-3.5308,-0.2344200544555463,-2.940625656391043,-0.590174343608957,-0.2092616015651016,-0.3809127420438554,-0.3714108964771792,-0.5806724980422808,-3.5212981544333237,-0.3714108964771792,0.1758985215889499
303000,78732,-3.174263263966058,-3.264891025250216,0.0906277612841576,-3.877789985774526,0.2055602706167473,-4.01951,-3.88037,-3.73917,0.2803400000000002,17.14595288192857,16.733375,17.1307,17.5431,0.8097250000000003,0.3240809436070448,0.0186731779351136,0.3137894198298454,0.326365202665329,0.3363509029150009,0.0225614830851554,0.3245140875613553,79393.9644917918,56909.50325328056,75213.13125615119,97298.34552587107,40388.842272590526,Al,700,2,-3.5308,-0.2339134603922573,-2.9403498035738007,-0.5904501964261994,-0.2092616015651016,-0.3811885948610978,-0.37166094835450997,-0.5809225499196116,-3.521272353493412,-0.37166094835450997,0.17629744566630604
304000,78732,-3.1749041330188996,-3.265058882157192,0.0901547491382919,-3.882887039196261,0.2046167544560731,-4.022654999999999,-3.884125,-3.7454875,0.2771674999999991,17.144867939338514,16.7303,17.126,17.543825000000002,0.813525000000002,0.3241596002513446,0.018774135776266,0.3139113634824753,0.3265624195337295,0.3365090191364288,0.0225976556539535,0.3243734858656056,79323.92536213431,57037.28691213154,75025.59506851995,97091.55178445522,40054.264872323685,Al,700,3,-3.5308,-0.2342209214481824,-2.9406832115707173,-0.5901167884292828,-0.2092616015651016,-0.3808551868641812,-0.37140986442610324,-0.5806714659912049,-3.521354677561922,-0.37140986442610324,0.17625867705278397
305000,78732,-3.174893878050315,-3.265569887974394,0.0906760099240791,-3.8870878856119497,0.2041324527276996,-4.02756,-3.8894,-3.74996,0.2776,17.151411822384798,16.740175,17.137,17.544825,0.8046499999999988,0.324264236151686,0.0184632341502426,0.3141276687383652,0.3265672177076339,0.336332194507122,0.0222045257687568,0.3245587768559775,79044.40473325062,56798.0209256354,74946.96140285963,96924.13639898684,40126.11547335143,Al,700,4,-3.5308,-0.2344743221030077,-2.940419555947307,-0.590380444052693,-0.2092616015651016,-0.3811188424875913,-0.37155638372548283,-0.5808179852905844,-3.5212375412378916,-0.37155638372548283,0.17603279593795812
306000,78732,-3.174420389288306,-3.2650380070365292,0.090617617748223,-3.8832637216125585,0.2058736331611858,-4.0248525,-3.88562,-3.74475,0.2801024999999999,17.158825790021847,16.7478,17.142850000000003,17.553825,0.8060249999999982,0.3241698907117912,0.0186780856310403,0.3139663636684418,0.3265485912561416,0.3363936394453048,0.022427275776863,0.3243205957688168,79070.57253677941,56590.8254986829,74899.69346097471,96929.82490635762,40338.99940767472,Al,700,5,-3.5308,-0.2342436434335886,-2.940176745854717,-0.5906232541452829,-0.2092616015651016,-0.3813616525801813,-0.3717326351468363,-0.5809942367119378,-3.5211709825666553,-0.3717326351468363,0.1758872481152069
307000,78732,-3.174305970375631,-3.2648821889447746,0.0905762185691435,-3.8780880023370425,0.2056058704548108,-4.0179325,-3.87996,-3.73901,0.2789224999999997,17.152643390235227,16.7389,17.134,17.547,0.8080999999999996,0.3239626078536866,0.0187071943584664,0.31377013027668,0.3262941241264343,0.3362060636281967,0.0224359333515167,0.3240861563739819,79149.56819309694,56674.26095414742,75048.4283632298,97106.54064453828,40432.27969039086,Al,700,6,-3.5308,-0.2339314371485149,-2.940374533227116,-0.5904254667728841,-0.2092616015651016,-0.3811638652077824,-0.3715592342435876,-0.5808208358086893,-3.521195369035805,-0.3715592342435876,0.17613745977274894
308000,78732,-3.174708130991979,-3.265335343062541,0.0906272120705621,-3.886076457221968,0.208021633262166,-4.0278925,-3.88777,-3.74652,0.2813725000000002,17.152675196870394,16.741574999999997,17.13645,17.547025,0.805450000000004,0.3242381661751827,0.0185895274155211,0.3139851689338684,0.3265645653009414,0.336470402777195,0.0224852338433265,0.324494257987398,79143.20487118549,56847.61239038233,75023.13765729216,97032.18988002272,40184.57748964039,Al,700,7,-3.5308,-0.2344133113944579,-2.940294819597521,-0.590505180402479,-0.2092616015651016,-0.3812435788373773,-0.3716583549634655,-0.5809199565285671,-3.5212147761260884,-0.3716583549634655,0.17599052968614853
309000,78732,-3.1749353266096314,-3.265242015571814,0.0903066889621818,-3.8846065327947974,0.2066303244125382,-4.02702,-3.887415,-3.7441675,0.2828525000000002,17.153555620332266,16.7391,17.1385,17.5506,0.8114999999999988,0.3241118278788011,0.0187722509651448,0.3139093816280365,0.326540544629097,0.3363783359527588,0.0224689543247222,0.3240464533492904,79152.13379364402,56764.92272565627,75054.44866960174,97028.43670723072,40263.51398157445,Al,700,8,-3.5308,-0.2343246435938457,-2.9406106830157857,-0.5901893169842145,-0.2092616015651016,-0.3809277154191128,-0.3714051625371578,-0.5806667641022594,-3.5212774471180452,-0.3714051625371578,0.1759170797953596
310000,78732,-3.174596436506657,-3.2649821157851955,0.0903856792785385,-3.8799578329014888,0.2059446000084845,-4.0210375,-3.883005,-3.7421275,0.2789100000000002,17.146889790682316,16.7332,17.1302,17.5432,0.8099999999999987,0.324052134960752,0.018615106963374,0.3138188421726227,0.3263617604970932,0.3362771794199943,0.0224583372473716,0.3243351739098863,79341.82419550938,56833.252817878856,75072.96722704245,97242.71511968592,40409.46230180706,Al,700,9,-3.5308,-0.234044227820336,-2.940552208686321,-0.5902477913136792,-0.2092616015651016,-0.3809861897485775,-0.3714129297439406,-0.5806745313090422,-3.521226739995363,-0.3714129297439406,0.17622366855817695
311000,78732,-3.174726962583049,-3.2651155470456743,0.0903885844626251,-3.8828243836051417,0.2053815078548992,-4.0222825,-3.885105,-3.74532,0.2769625000000002,17.147471552862875,16.7372,17.1315,17.5382,0.8009999999999984,0.3240941153286673,0.018788780032589,0.3138418346643448,0.3264915645122528,0.336357057094574,0.0225152224302291,0.3243826697537695,79254.25545475364,56970.40514794762,75227.02261293186,97280.58566874264,40310.18052079501,Al,700,10,-3.5308,-0.2342171419794166,-2.940509820603632,-0.590290179396368,-0.2092616015651016,-0.3810285778312663,-0.37139149711101915,-0.5806530986761207,-3.521162919279753,-0.37139149711101915,0.1762182257195244
312000,78732,-3.1740205972489264,-3.2648149141391047,0.090794316890178,-3.8728406359548857,0.2036712318128186,-4.0128025,-3.8746,-3.7337675,0.2790350000000003,17.157574213788553,16.7398,17.141550000000002,17.5545,0.814700000000002,0.3240278915279793,0.0188262602812996,0.3137614578008652,0.3264078199863434,0.336355984210968,0.0225945264101028,0.3242309426277783,79146.66237506147,56796.43508110627,75180.94305699348,97007.91192934876,40211.47684824247,Al,700,11,-3.5308,-0.2336149090144748,-2.9404056882344514,-0.5903943117655488,-0.2092616015651016,-0.3811327102004471,-0.3714427309151258,-0.5807043324802275,-3.521110020714679,-0.3714427309151258,0.17597846018623323
313000,78732,-3.1747333336219623,-3.264512379591526,0.0897790459695631,-3.872322703221054,0.2059473181448755,-4.01303,-3.874205,-3.7343475,0.2786824999999995,17.155146380124982,16.7431,17.1386,17.553525,0.8104250000000022,0.3240040805801558,0.018785845071857,0.3136923313140869,0.3263661712408066,0.336275041103363,0.0225827097892761,0.3242694781361187,79768.79872654054,57266.62087294019,75578.16410087884,97817.38724056972,40550.76636762954,Al,700,12,-3.5308,-0.2335836666216517,-2.9411496670003103,-0.5896503329996898,-0.2092616015651016,-0.3803887314345882,-0.37071412618308913,-0.5799757277481907,-3.521125394748501,-0.37071412618308913,0.17602777665570682
314000,78732,-3.174825705212508,-3.2648525236244472,0.0900268184119392,-3.878430839683991,0.2055348462392373,-4.01907,-3.879175,-3.74133,0.2777400000000001,17.1428276901387,16.7333,17.1261,17.538425,0.8051250000000003,0.324085846140936,0.0187957480313198,0.3137732520699501,0.3264894038438797,0.3363447934389114,0.0225715413689613,0.324512666648044,79484.68582653675,57049.53865704124,75393.06395703353,97317.24046948436,40267.70181244312,Al,700,13,-3.5308,-0.2339521175542281,-2.94087358765828,-0.58992641234172,-0.2092616015651016,-0.3806648107766184,-0.371023429407583,-0.5802850309726846,-3.521158618630965,-0.371023429407583,0.17634171742936566
315000,78732,-3.1741824941363355,-3.264893975892902,0.0907114817565674,-3.881857888279226,0.2105173665265066,-4.0252675,-3.885015,-3.74137,0.2838975000000001,17.156987654320986,16.7398,17.1411,17.553,0.8132000000000019,0.324151981597187,0.018654330371358,0.3138549253344536,0.3264908492565155,0.3364466428756714,0.0225917175412178,0.3247296459030701,79234.1990610803,57026.27989186632,75154.54764269998,97159.18342200524,40132.90353013892,Al,700,14,-3.5308,-0.2341588416931795,-2.940023652443156,-0.5907763475568442,-0.2092616015651016,-0.3815147459917425,-0.3718597254072244,-0.581121326972326,-3.521144979415482,-0.3718597254072244,0.1759105559665342
316000,78732,-3.1742996070235807,-3.2648781174109636,0.0905785103873827,-3.8816502278616065,0.2069640688360476,-4.02265,-3.88389,-3.74255,0.2800999999999995,17.15554174160443,16.7403,17.1381,17.553525,0.8132249999999992,0.3241191566957967,0.0188435510020685,0.3140014186501503,0.3265036791563034,0.3364412784576416,0.0224398598074913,0.3241795265764832,79234.34534742504,56862.36958066818,75042.93502874777,97101.55635349306,40239.18677282488,Al,700,15,-3.5308,-0.2341463153400119,-2.940153291683569,-0.5906467083164313,-0.2092616015651016,-0.3813851067513296,-0.37171032969946805,-0.5809719312645696,-3.5211252229481387,-0.37171032969946805,0.17594255460074876
317000,78732,-3.1744100308929064,-3.2647870287811815,0.0903769978882754,-3.8778791706040745,0.2069611625350124,-4.0187124999999995,-3.87971,-3.73836,0.2803524999999993,17.156332211807143,16.7413,17.1397,17.5528,0.8115000000000023,0.3239290877279198,0.018750945762744,0.3137937933206558,0.3263233006000519,0.3362191319465637,0.0224253386259078,0.3241251999475313,79246.19139653277,56820.56628366951,75216.67593541,97306.74151633216,40486.17523266266,Al,700,16,-3.5308,-0.2339188401400442,-2.940491190752862,-0.590308809247138,-0.2092616015651016,-0.3810472076820363,-0.3713510322238608,-0.5806126337889623,-3.5211038245418242,-0.3713510322238608,0.17595137589556936
318000,78732,-3.174575046641899,-3.2647420172229844,0.0901669705810852,-3.8780372095209064,0.205763493949213,-4.01965,-3.880585,-3.73948,0.2801700000000005,17.16407202281156,16.7486,17.1479,17.5652,0.8166000000000011,0.3240905342313103,0.0187132586954419,0.313908040523529,0.3264173120260238,0.3363624885678291,0.0224544480443,0.324328239621252,79264.20003617974,56792.97128681394,75185.93121359525,97025.70229684791,40232.731010033975,Al,700,17,-3.5308,-0.2339283732581472,-2.940646673383752,-0.5901533266162482,-0.2092616015651016,-0.3808917250511465,-0.3711760508790367,-0.5804376524441384,-3.52108432582789,-0.3711760508790367,0.17567671602329712
319000,78732,-3.1747915696053157,-3.264847629045369,0.0900560594400536,-3.8782967144236142,0.2060860000117411,-4.01914,-3.880295,-3.7398575,0.2792824999999999,17.162063924452575,16.7496,17.1475,17.5552,0.8055999999999983,0.323965381050783,0.0187642880311932,0.3136701807379722,0.3262769430875778,0.3362347781658172,0.022564597427845,0.3243627557858899,79174.38964844456,56921.32743125792,75026.91025485177,97051.03850128411,40129.71107002621,Al,700,18,-3.5308,-0.2339440269397554,-2.9408475426655603,-0.5899524573344399,-0.2092616015651016,-0.3806908557693382,-0.3709365807275746,-0.5801981822926763,-3.5210457249582365,-0.3709365807275746,0.17577003074897485
320000,78732,-3.174680125592372,-3.2655364758929024,0.0908563503005301,-3.8880793777625366,0.2038522441730462,-4.028,-3.88911,-3.74958,0.2784199999999996,17.152276663872378,16.7387,17.1363,17.547525,0.8088249999999988,0.3242020834901087,0.0185854653706525,0.3139605745673179,0.3266277313232422,0.3363271728157997,0.0223665982484817,0.3245557324894301,78919.5755498745,56738.421971524294,74851.88233983557,96669.98152986472,39931.559558340436,Al,700,19,-3.5308,-0.2345341302310256,-2.9401459953613465,-0.5906540046386537,-0.2092616015651016,-0.381392403073552,-0.37169096667812457,-0.5809525682432262,-3.5210985636045726,-0.37169096667812457,0.17593800437224297
321000,78732,-3.175197344644366,-3.265389885434131,0.090192540789764,-3.885708147386069,0.2051729578668843,-4.0255425,-3.887515,-3.7471425,0.2784000000000004,17.140083197429252,16.730674999999998,17.1255,17.535425,0.8047500000000021,0.324234612279088,0.0185618320718222,0.3140974268317222,0.3265789002180099,0.3364245295524597,0.0223271027207374,0.3245940212754071,79243.64006273168,56982.33518230018,75135.64906227955,97028.71028178404,40046.37509948387,Al,700,20,-3.5308,-0.2343910944542605,-2.940806250190106,-0.5899937498098939,-0.2092616015651016,-0.3807321482447923,-0.3710624406420966,-0.5803240422071982,-3.5211302923973045,-0.3710624406420966,0.1762845714616589
322000,78732,-3.1750721650357363,-3.2651942567189955,0.0901220916832596,-3.881642934257989,0.2056877871206206,-4.0223,-3.88427,-3.7440075,0.2782925000000005,17.142313816491388,16.7331,17.1269,17.5365,0.8033999999999999,0.3241671370747873,0.0186445259762353,0.3139109462499618,0.3264729529619217,0.3363905400037765,0.0224795937538146,0.3243311018751766,79280.2123799613,56977.34618078923,75215.27517375667,97102.55951311089,40125.21333232164,Al,700,21,-3.5308,-0.2341458753801205,-2.9409262896556156,-0.5898737103443845,-0.2092616015651016,-0.3806121087792828,-0.37091247735737565,-0.5801740789224772,-3.521100368578093,-0.37091247735737565,0.17626593030852952
323000,78732,-3.174086769522363,-3.2650243622669306,0.0909375927445676,-3.879670336457857,0.2049380083612701,-4.02007,-3.88193,-3.7430475,0.2770224999999993,17.152433568307675,16.7418,17.1359,17.5445,0.802699999999998,0.3240546391287882,0.0187388129188288,0.3138339519500732,0.3264927566051483,0.3363338261842727,0.0224998742341995,0.3243901530314871,79244.61788080841,56755.95427999968,75245.96631895873,97086.16877315464,40330.21449315496,Al,700,22,-3.5308,-0.2340268856516711,-2.940059883870692,-0.5907401161293082,-0.2092616015651016,-0.3814785145642065,-0.37163738558906,-0.5808989871541617,-3.5209588710248534,-0.37163738558906,0.17608113684125137
324000,78732,-3.1745687383226273,-3.2651566965147594,0.0905879581921315,-3.8847973371691302,0.2058412371191954,-4.02632,-3.88761,-3.747075,0.2792450000000004,17.15140917416044,16.7398,17.1373,17.549925,0.8101250000000029,0.3241475688156643,0.0186423474202725,0.3139462471008301,0.3265082538127899,0.3363485783338547,0.0224023312330245,0.3243659171144019,79090.13640448345,56723.943502630485,75052.1188948842,96905.76341095552,40181.81990832504,Al,700,23,-3.5308,-0.234336153168016,-2.9402325851546114,-0.5905674148453888,-0.2092616015651016,-0.3813058132802871,-0.37156938742435575,-0.5808309889894574,-3.521063574144069,-0.37156938742435575,0.175949436064611
325000,78732,-3.174985636325974,-3.264904142407153,0.0899185060811786,-3.8816976995376713,0.2036393332682419,-4.0217925,-3.884635,-3.7453575,0.2764350000000002,17.160070311944317,16.745575,17.1439,17.559025000000002,0.8134500000000031,0.3242331342830794,0.0187744956494846,0.3140133395791054,0.3266444206237793,0.3365588113665581,0.0225454717874526,0.3244995978374004,79199.34146789866,56883.49660626835,75062.21758073466,96962.60831334458,40079.11170707623,Al,700,24,-3.5308,-0.2341491788947839,-2.9408364574311903,-0.5899635425688099,-0.2092616015651016,-0.3807019410037082,-0.37093836837406324,-0.5801999699391649,-3.521036427370355,-0.37093836837406324,0.1757514577996045
326000,78732,-3.17456443675375,-3.2649969444444444,0.0904325076906937,-3.882033869709902,0.2049862743349804,-4.0221725,-3.883535,-3.7440775,0.278095,17.157156522125693,16.7455,17.1402,17.5502,0.8047000000000004,0.3240945570786745,0.0187456087901595,0.3137986212968826,0.3263986855745315,0.3363076746463775,0.0225090533494949,0.3244190235418626,79255.2844782199,56978.133880206384,75131.60192196057,97044.0531579481,40065.91927774172,Al,700,25,-3.5308,-0.2341694571276319,-2.9403949796261184,-0.5904050203738818,-0.2092616015651016,-0.3811434188087801,-0.3713168458931497,-0.5805784474582514,-3.5209734270843698,-0.3713168458931497,0.17589650346409597
327000,78732,-3.1746273142289363,-3.2647359531067415,0.0901086388778057,-3.877604706726617,0.2069315238570775,-4.01926,-3.88027,-3.73752,0.2817400000000001,17.1527549179495,16.7383,17.1394,17.5469,0.808600000000002,0.3240582963516755,0.0188674160182122,0.3137638494372368,0.3264610320329666,0.3364335298538208,0.022669680416584,0.324404306283543,79477.80611382671,57029.79472261989,75385.75361723389,97390.20312138477,40360.40839876488,Al,700,26,-3.5308,-0.2339022841131412,-2.9407250301157952,-0.5900749698842049,-0.2092616015651016,-0.3808133683191033,-0.37103212685879916,-0.5802937284239007,-3.5210187585396957,-0.37103212685879916,0.1760183358552249
328000,78732,-3.174733254460861,-3.2650872671848807,0.0903540127240193,-3.881714016918153,0.2060609925082396,-4.02372,-3.884945,-3.7451275,0.2785924999999998,17.147881123304373,16.7322,17.132150000000003,17.5445,0.8123000000000005,0.3241732458646042,0.0186575862266702,0.3139458075165748,0.3265182673931122,0.3363959193229675,0.0224501118063926,0.3245617217584284,79424.9716670877,57030.34372202457,75233.99379185031,97255.39237533337,40225.04865330878,Al,700,27,-3.5308,-0.234150163180923,-2.940583091279938,-0.5902169087200622,-0.2092616015651016,-0.3809553071549605,-0.37122411002112365,-0.5804857115862252,-3.5210688028661634,-0.37122411002112365,0.17609999749532246
329000,78732,-3.173797498417831,-3.264391768023167,0.0905942696053358,-3.873594487628919,0.2073915272737697,-4.01542,-3.875265,-3.73333,0.2820899999999997,17.163844196768785,16.749675,17.1513,17.561325,0.8116500000000002,0.3239667593671231,0.0187809884589468,0.3137167990207672,0.3263750225305557,0.3362463191151619,0.0225295200943946,0.3242220037078758,79516.24695914885,57059.9068221738,75264.33453176825,97544.05065189896,40484.14382972516,Al,700,28,-3.5308,-0.2336603823522117,-2.9401371160656193,-0.5906628839343808,-0.2092616015651016,-0.3814012823692791,-0.3714810255932947,-0.5807426271583963,-3.5208797432240155,-0.3714810255932947,0.1757580058408156
330000,78732,-3.174489049067522,-3.2650825809073822,0.0905935318398605,-3.879944790936341,0.2024499136773237,-4.0184524999999995,-3.882255,-3.74378,0.2746724999999994,17.154614725905606,16.7478,17.1401,17.5422,0.7943999999999996,0.3241682444202147,0.0187516141203266,0.3137387633323669,0.3265109211206436,0.336499959230423,0.022761195898056,0.3244234979637574,79391.90763981506,57091.490813862474,75321.96179624904,97333.7393145505,40242.24850068803,Al,700,29,-3.5308,-0.2340434411116155,-2.9404456079559065,-0.5903543920440937,-0.2092616015651016,-0.381092790478992,-0.3711351595024705,-0.5803967610675721,-3.5208423690234785,-0.3711351595024705,0.1760142294211883
331000,78732,-3.174535872731984,-3.2649335723720982,0.0903976996401132,-3.8789719379667735,0.2087572367831089,-4.0216825,-3.880985,-3.7380125,0.2836699999999998,17.156382719859778,16.7441,17.142850000000003,17.5528,0.8087000000000018,0.323973353030452,0.0188130065698943,0.3137796595692634,0.3263789117336273,0.3363310173153877,0.0225513577461242,0.32420090485618,79174.67620937848,56888.599539736686,74953.77683687961,97137.14196008022,40248.54242034353,Al,700,30,-3.5308,-0.2339847573238397,-2.9405511154081445,-0.5902488845918556,-0.2092616015651016,-0.380987283026754,-0.3711657008778916,-0.5804273024429931,-3.5209784178511376,-0.3711657008778916,0.17582900371348187
332000,78732,-3.1747646998637196,-3.2650324724381448,0.0902677725744246,-3.880066519585428,0.2045525660007903,-4.0205,-3.88189,-3.74161,0.2788900000000001,17.15025303688462,16.737875,17.1323,17.5471,0.8092250000000014,0.3240842353988834,0.0186723978790257,0.3137648701667785,0.326455608010292,0.3362905457615852,0.0225256755948066,0.3243530586459167,79231.86447800093,57035.876423723865,75189.20567763873,97020.29631730806,39984.4198935842,Al,700,31,-3.5308,-0.2340507839459726,-2.940713915917747,-0.590086084082253,-0.2092616015651016,-0.3808244825171514,-0.3710148310560291,-0.5802764326211307,-3.520990348538878,-0.3710148310560291,0.17604352595728082
333000,78732,-3.175396337148913,-3.2654755259614894,0.0900791888125768,-3.885766534827008,0.2030682180929017,-4.0242525,-3.888225,-3.74881,0.2754425,17.152290810597982,16.7428,17.1384,17.546725000000002,0.8039250000000031,0.3242120820574146,0.0186893321818936,0.3139270916581154,0.3265472054481506,0.3364022150635719,0.0224751234054565,0.3243348240585115,79147.02380928407,56749.21700338709,74981.52043361502,96951.86580309553,40202.64879970842,Al,700,32,-3.5308,-0.2343946164625188,-2.941001720686394,-0.5897982793136061,-0.2092616015651016,-0.3805366777485044,-0.37072655901249485,-0.5799881605775965,-3.520989881263991,-0.37072655901249485,0.17586822215824538
334000,78732,-3.1739089331354697,-3.2650914877051265,0.0911825545696565,-3.8817197251435247,0.2028940117192945,-4.019505,-3.88426,-3.74576,0.2737449999999994,17.146417177259565,16.732575,17.1288,17.5425,0.8099249999999998,0.3241151611821799,0.0188036721598824,0.3138497322797775,0.3264091908931732,0.3363878652453422,0.0225381329655647,0.3243232012441949,79349.39459837158,57147.67339058382,75300.54212489344,97190.82313563667,40043.149745052855,Al,700,33,-3.5308,-0.2341505075086855,-2.9397584256267844,-0.5910415743732158,-0.2092616015651016,-0.3817799728081141,-0.3719179939359848,-0.5811795955010863,-3.5209380211278707,-0.3719179939359848,0.17619121021637596
335000,78732,-3.174339488997432,-3.264961493674744,0.0906220046773129,-3.878472593989736,0.2033231435232287,-4.01687,-3.8798,-3.74225,0.2746200000000001,17.150269999491947,16.7409,17.1378,17.542925,0.8020250000000004,0.323959857560416,0.0187064869817012,0.3137726932764053,0.3263880759477615,0.3362325578927994,0.022459864616394,0.3242805241459267,79390.87716007308,57069.59297989792,75390.42191989136,97071.58596682634,40001.992986928424,Al,700,34,-3.5308,-0.2339546362296022,-2.94038485276783,-0.5904151472321701,-0.2092616015651016,-0.3811535456670685,-0.37121559412427346,-0.5804771956893751,-3.520862048457205,-0.37121559412427346,0.17609136865128258
336000,78732,-3.1746223418106108,-3.265205368465173,0.0905830266545623,-3.884146443123507,0.2078480025090245,-4.02695,-3.886825,-3.7436375,0.2833125000000001,17.156916739064165,16.7459,17.1434,17.5504,0.8045000000000009,0.3241120097535185,0.0186422580367606,0.3138772472739219,0.3264281153678894,0.3363930359482765,0.0225157886743545,0.3242996360175264,79068.30887456457,56687.23766168006,74878.58155512466,96937.24600621116,40250.00834453109,Al,700,35,-3.5308,-0.2342968903716503,-2.9403254514389605,-0.5904745485610396,-0.2092616015651016,-0.381212946995938,-0.37133523620695874,-0.5805968377720603,-3.520922289211021,-0.37133523620695874,0.17578835144232324
337000,78732,-3.174583291180226,-3.264991471447442,0.0904081802672166,-3.880372873672712,0.2045599741983931,-4.02126,-3.88237,-3.7423575,0.2789024999999996,17.15975531931108,16.7469,17.14515,17.5554,0.8084999999999987,0.3241757838895731,0.0187685334980497,0.3139215335249901,0.3264611959457397,0.3364639729261398,0.0225424394011497,0.3243611758850317,79130.74384662391,56735.89165594885,74927.33621891744,96839.41305329114,40103.52139734229,Al,700,36,-3.5308,-0.2340692636328367,-2.940514027547389,-0.590285972452611,-0.2092616015651016,-0.3810243708875094,-0.3711089232163902,-0.5803705247814919,-3.520884552328881,-0.3711089232163902,0.17575796058527965
338000,78732,-3.1742454807903977,-3.264816024742163,0.0905705439517654,-3.878000821013056,0.2063861693800651,-4.0191125,-3.88007,-3.73841,0.2807025000000003,17.15106147944927,16.739,17.1332,17.5484,0.8094000000000001,0.3239816223054341,0.018774889352539,0.3137833699584007,0.3263328671455383,0.3362390771508217,0.0224557071924209,0.3241118297256427,79254.84171114936,57011.80776823446,75138.91244208191,97085.68257275411,40073.87480451967,Al,700,37,-3.5308,-0.2339261782548538,-2.940319302535544,-0.5904806974644563,-0.2092616015651016,-0.3812190958993546,-0.37132908770012285,-0.5805906892652244,-3.5209099918007682,-0.37132908770012285,0.17604748646856547
339000,78732,-3.1740216251609747,-3.2645627564395667,0.0905411312785919,-3.875032554996697,0.206505073132268,-4.01625,-3.875505,-3.73561,0.2806400000000004,17.154414913885077,16.7371,17.139650000000003,17.5537,0.8165999999999976,0.324032432714768,0.0188652260805962,0.3136709108948707,0.3264320939779281,0.3364235535264015,0.0227526426315307,0.3242738795625371,79507.22678311453,57001.21908514875,75391.0847435346,97567.73038695334,40566.51130180459,Al,700,38,-3.5308,-0.2337471284925411,-2.9402744966684335,-0.5905255033315666,-0.2092616015651016,-0.3812639017664649,-0.37137962442074673,-0.5806412259858483,-3.5209157226542818,-0.37137962442074673,0.17596349576059525
340000,78732,-3.1744567830203096,-3.2650768778895496,0.0906200948692399,-3.879135468551541,0.2104948803064785,-4.0240275,-3.881625,-3.7381875,0.2858399999999998,17.15166090916019,16.739,17.1368,17.5455,0.8064999999999998,0.3240303604224391,0.0189817835388976,0.3138076290488243,0.3264442831277847,0.3365354314446449,0.0227278023958206,0.3243362322235437,79193.41968422572,56852.190113318415,74941.95272395703,96862.3856676456,40010.19555432719,Al,700,39,-3.5308,-0.233994621706672,-2.9404621613136377,-0.5903378386863625,-0.2092616015651016,-0.3810762371212608,-0.3712151445852257,-0.5804767461503273,-3.520938907463965,-0.3712151445852257,0.17594596961251785
341000,78732,-3.1742322485663097,-3.265033090992227,0.090800842425917,-3.878035181628817,0.2055247728307547,-4.0190125,-3.879845,-3.7380875,0.2809249999999994,17.156838566275464,16.7456,17.1435,17.5515,0.8059000000000012,0.3240507655795822,0.0189497755549563,0.3137436881661415,0.326504722237587,0.3364815860986709,0.0227378979325294,0.3243456067414156,79074.88420384799,56775.36667318814,74894.74406997331,96891.5636425172,40116.196969329074,Al,700,40,-3.5308,-0.2339282509329935,-2.940303997633316,-0.5904960023666841,-0.2092616015651016,-0.3812344008015824,-0.37127199906471714,-0.5805336006298187,-3.520837598263135,-0.37127199906471714,0.17582937588309602
342000,78732,-3.1744706223760395,-3.26484918368643,0.0903785613103909,-3.878983074353503,0.2046429032942402,-4.01814,-3.88144,-3.7426375,0.2755024999999995,17.16618604506427,16.751375,17.1503,17.5616,0.8102249999999991,0.3240200056111655,0.0186793595199105,0.313790999352932,0.3263510018587112,0.336204431951046,0.022413432598114,0.3242993929097336,79159.9587167549,56995.834174012685,75132.3920139233,96912.10507990063,39916.27090588795,Al,700,41,-3.5308,-0.2339854290855302,-2.940485193290509,-0.590314806709491,-0.2092616015651016,-0.3810532051443893,-0.3710785273284296,-0.5803401288935313,-3.5208253221840407,-0.3710785273284296,0.1756179301890077
343000,78732,-3.174569557989405,-3.2652835122948733,0.090713954305469,-3.8828177208758823,0.2063873708872817,-4.023605,-3.884345,-3.7419775,0.2816274999999999,17.1508347152365,16.7404,17.13495,17.5456,0.8051999999999992,0.324170436255317,0.0186924573990758,0.313957080245018,0.3265166580677032,0.3364520147442817,0.0224949344992637,0.3243562774097254,79192.37127274199,56573.93878354026,74940.12013358992,96984.09177902502,40410.152995484765,Al,700,42,-3.5308,-0.2342167400747074,-2.9403528179146976,-0.5904471820853026,-0.2092616015651016,-0.3811855805202009,-0.371258524137011,-0.5805201257021126,-3.5208729436168102,-0.371258524137011,0.17596739320714552
344000,78732,-3.174573386795688,-3.265119448762891,0.0905460619672039,-3.882230294797541,0.2082058402937821,-4.0250125,-3.885115,-3.74238,0.2826325,17.14807388482447,16.736,17.1317,17.5437,0.8077000000000005,0.3241324924518893,0.0187887803763747,0.3138474300503731,0.3265423774719238,0.3364945277571678,0.0226470977067947,0.3243748455980786,79344.382735731,56974.78071426237,75097.68936895812,97247.83305708984,40273.05234282749,Al,700,43,-3.5308,-0.2341813057507204,-2.9403920810449677,-0.5904079189550324,-0.2092616015651016,-0.3811463173899307,-0.37127340735210645,-0.5805350089172081,-3.520927089962176,-0.37127340735210645,0.1760432243129816
345000,78732,-3.17457538416868,-3.265059281867601,0.0904838976989216,-3.8836744773408527,0.2054747705563139,-4.02582,-3.88665,-3.7439275,0.2818925000000001,17.153181243966877,16.745575,17.1384,17.5466,0.8010250000000028,0.3240805726455024,0.0186949742141254,0.3139034211635589,0.3264145106077194,0.3363729938864708,0.0224695727229118,0.3243283415393501,79173.75130702496,56802.85457782097,74963.11817332334,97117.33174372371,40314.47716590275,Al,700,44,-3.5308,-0.2342684207665885,-2.9403069634020915,-0.5904930365979086,-0.2092616015651016,-0.381231435032807,-0.37125893644659425,-0.5805205380116958,-3.5208275014137875,-0.37125893644659425,0.1759296579772954
346000,78732,-3.1745611748039515,-3.26499283658487,0.0904316617809188,-3.882014917441447,0.2051788645464765,-4.0224025,-3.88271,-3.74396,0.2784425000000001,17.15860893156531,16.741374999999998,17.14535,17.556,0.814625000000003,0.3241169060821886,0.0187713390835546,0.3139099478721618,0.3265496045351028,0.3364093080163002,0.0224993601441383,0.3242319203886336,79137.44670287902,56753.65897382683,75118.2411908005,97043.87551324304,40290.21653941622,Al,700,45,-3.5308,-0.2341683139015385,-2.940392860902413,-0.5904071390975871,-0.2092616015651016,-0.3811455375324855,-0.37123413235885516,-0.5804957339239567,-3.5208885948263697,-0.37123413235885516,0.1757471575935623
347000,78732,-3.175035627286519,-3.2653044897881416,0.0902688625016228,-3.884250515038358,0.2063657288368043,-4.02597,-3.88566,-3.74574,0.28023,17.150582159731748,16.7377,17.13465,17.5432,0.8054999999999986,0.3241794826205939,0.0187112621895285,0.3139901608228683,0.3265505582094192,0.336433544754982,0.0224433839321136,0.3241970295939423,79199.31618085927,56835.09691833961,75206.62508100827,96960.30380640998,40125.206888070374,Al,700,46,-3.5308,-0.2343031681282647,-2.940732459158254,-0.590067540841746,-0.2092616015651016,-0.3808059392766443,-0.37091252865847024,-0.5801741302235719,-3.520906589381826,-0.37091252865847024,0.17596730000335972
348000,78732,-3.1744090990171134,-3.2645220303053395,0.0901129312882259,-3.8757912796575726,0.2034674971576874,-4.0154,-3.878055,-3.74086,0.2745399999999995,17.160472919524462,16.7467,17.1415,17.558,0.8112999999999992,0.3240132981352309,0.0186998828377546,0.3135309368371963,0.3263844847679138,0.3363780528306961,0.0228471159934997,0.3242615948037098,79342.54574224164,56944.27318002308,75254.33313290292,97345.36975173674,40401.09657171366,Al,700,47,-3.5308,-0.2337928957753392,-2.9406162032417744,-0.5901837967582257,-0.2092616015651016,-0.3809221951931241,-0.3709347735509446,-0.5801963751160462,-3.5208125783578206,-0.3709347735509446,0.1758287262658649
349000,78732,-3.174139630771587,-3.264784298125286,0.090644667353699,-3.874577839760199,0.204595799908911,-4.0134225,-3.87602,-3.73696,0.2764625,17.15190041660316,16.7391,17.13395,17.547025,0.8079250000000009,0.3240616492827143,0.0187005004037311,0.3138201087713241,0.3264331817626953,0.3363949730992317,0.0225748643279075,0.3240716509064502,79337.17540248933,56980.11466550543,75202.08130626383,97071.87218435352,40091.75751884808,Al,700,48,-3.5308,-0.2337196994634157,-2.940419931308171,-0.5903800686918292,-0.2092616015651016,-0.3811184671267276,-0.3710979523005863,-0.5803595538656878,-3.5207794851738585,-0.3710979523005863,0.1760851117737606
350000,78732,-3.1739631829685298,-3.2648525604582637,0.0908893774897335,-3.8791804825229894,0.2037407494032623,-4.0187925,-3.88158,-3.74178,0.2770125000000001,17.15693772544836,16.7464,17.1409,17.5482,0.8018000000000001,0.3240807704937529,0.0186499615649703,0.3139318227767944,0.3263852745294571,0.3362807855010032,0.0223489627242088,0.3243386723021269,79320.70217339654,56890.850196874904,75249.99002588002,97029.11337151942,40138.26317464451,Al,700,49,-3.5308,-0.2339973370094259,-2.9399658459591036,-0.5908341540408966,-0.2092616015651016,-0.3815725524757949,-0.3714722772822472,-0.5807338788473488,-3.5206997248064527,-0.3714722772822472,0.1759618041520766
351000,78732,-3.1743462460013663,-3.265024191180206,0.0906779451788396,-3.881883791215769,0.2064417211071876,-4.02265,-3.882775,-3.7432375,0.2794124999999994,17.157546950414062,16.7442,17.145850000000003,17.5523,0.8080999999999996,0.324214273987906,0.0186567208974987,0.3141128346323967,0.3265310376882553,0.3363460749387741,0.0222332403063774,0.3244825294006148,79339.14212543964,56927.13042854387,75217.50428054045,97292.78744744354,40365.65701889967,Al,700,50,-3.5308,-0.2341604041928361,-2.94018584180853,-0.5906141581914701,-0.2092616015651016,-0.3813525566263684,-0.3713261707082567,-0.5805877722733583,-3.5207736140818886,-0.3713261707082567,0.17581305605958417
352000,78732,-3.174431423222728,-3.2649402095717117,0.0905087863489839,-3.87662324112178,0.2063575696363394,-4.017745,-3.88082,-3.7371375,0.2806074999999994,17.15344737209775,16.7398,17.137050000000002,17.5511,0.8113000000000028,0.3240694003984516,0.0187788167139772,0.3138556331396103,0.3264535069465637,0.3363342732191086,0.0224786400794982,0.324550144041076,79218.50824158228,56783.47588555365,75148.61992943416,97198.94028094623,40415.464395392584,Al,700,51,-3.5308,-0.2338430807997267,-2.940588342423001,-0.5902116575769991,-0.2092616015651016,-0.3809500560118974,-0.37097930394696166,-0.5802409055120632,-3.5208292479350645,-0.37097930394696166,0.17593671391371105
353000,78732,-3.17467397769995,-3.264810124599909,0.090136146899958,-3.8764197251435246,0.2026658145538305,-4.01493,-3.87923,-3.7393975,0.2755324999999997,17.15700954884926,16.7489,17.141849999999998,17.552025,0.8031250000000014,0.3240126322914958,0.0187283228271955,0.3138533160090446,0.32639279961586,0.3362400159239769,0.0223866999149322,0.324131404404991,79361.78373030487,57084.265949658446,75089.01986967618,97235.85409435393,40151.58814469548,Al,700,52,-3.5308,-0.2338308044446653,-2.9408431732552853,-0.5899568267447148,-0.2092616015651016,-0.3806952251796132,-0.3706256630906002,-0.5798872646557018,-3.520730437910987,-0.3706256630906002,0.17588327369730858
354000,78732,-3.174112955525659,-3.264551037570493,0.0904380820448331,-3.876478815602298,0.2063339993949944,-4.0187325,-3.87905,-3.738445,0.2802874999999996,17.160849281105524,16.7452,17.145249999999997,17.5587,0.8135000000000012,0.3239753990061401,0.0187396878707878,0.3136649578809738,0.3263393491506576,0.3362903296947479,0.0226253718137741,0.3242733543450568,79283.78246489841,57001.50612177867,75140.35862515766,96982.0878483964,39980.58172661772,Al,700,53,-3.5308,-0.2338343688598962,-2.940278586665763,-0.5905214133342374,-0.2092616015651016,-0.3812598117691357,-0.3712539013296512,-0.5805155028947528,-3.520794089560516,-0.3712539013296512,0.175780151101965
355000,78732,-3.17430736940583,-3.264888402174465,0.0905810327686353,-3.879945519610832,0.2039530911158197,-4.0191425,-3.883685,-3.743525,0.2756175,17.148624544022763,16.7386,17.1315,17.542825,0.8042249999999989,0.3240241999083773,0.018763125473645,0.3138162419199943,0.3264753371477127,0.3363127410411834,0.0224964991211891,0.3241185231486989,79396.15534372213,56937.233063075306,75343.89344881472,97252.99722336754,40315.76416029223,Al,700,54,-3.5308,-0.2340434850662321,-2.940263884339598,-0.5905361156604023,-0.2092616015651016,-0.3812745140953006,-0.3712564704109097,-0.5805180719760112,-3.5207819563156093,-0.3712564704109097,0.17612955371931113
356000,78732,-3.174811313908204,-3.2651251957272773,0.0903138818190735,-3.881676819463496,0.2037928504006216,-4.01995,-3.88324,-3.7435275,0.2764224999999998,17.146363413859678,16.735174999999998,17.13335,17.5393,0.8041250000000026,0.3240153827848188,0.0187451452596572,0.3137420788407326,0.3264217227697372,0.3362632244825363,0.0225211456418037,0.3242224608482926,79410.41394609991,57120.87393378794,75219.25128293916,97368.36904279722,40247.49510900928,Al,700,55,-3.5308,-0.2341479193808801,-2.940663394527324,-0.5901366054726762,-0.2092616015651016,-0.3808750039075745,-0.37091140026774877,-0.5801730018328504,-3.520836396360174,-0.37091140026774877,0.17611788217498794
357000,78732,-3.173993899279517,-3.2643766244982984,0.0903827252187814,-3.8734660030229136,0.2066527504772835,-4.01462,-3.874165,-3.7327075,0.2819124999999998,17.158767297922065,16.7466,17.1433,17.5497,0.8031000000000006,0.3239451816514371,0.0188195364529925,0.3135068491101265,0.3263614475727081,0.3363309726119041,0.0228241235017776,0.3241691748646028,79452.31603594557,57062.89458128399,75321.4489410236,97316.07257204506,40253.17799076107,Al,700,56,-3.5308,-0.2336526319895288,-2.940341267289988,-0.5904587327100121,-0.2092616015651016,-0.3811971311449105,-0.3710891599035224,-0.5803507614686241,-3.520692028758612,-0.3710891599035224,0.17595421392978028
358000,78732,-3.1750068782395044,-3.265246071483005,0.0902391932435007,-3.883136811207641,0.2032705067586022,-4.022415,-3.88741,-3.7474975,0.2749174999999995,17.15402104354011,16.7437,17.1366,17.5429,0.799199999999999,0.3241910220011262,0.0186667026130656,0.3139645531773567,0.3265194296836853,0.3363792449235916,0.0224146917462348,0.3246063845779954,79080.55676961763,56793.885119332845,74982.79167555607,96737.67655091814,39943.7914315853,Al,700,57,-3.5308,-0.2342359880288135,-2.940770890210691,-0.5900291097893091,-0.2092616015651016,-0.3807675082242074,-0.37072791957132456,-0.5799895211364261,-3.5207604113471174,-0.37072791957132456,0.17595999609111426
359000,78732,-3.174362242421481,-3.264913858532744,0.0905516161112635,-3.878078310470965,0.2062211203975217,-4.01795,-3.879925,-3.7412075,0.2767424999999996,17.15441070339887,16.7387,17.1406,17.5522,0.8134999999999977,0.3240374000374439,0.0186385908977483,0.3138406500220299,0.3263943046331405,0.3362732902169227,0.0224326401948928,0.324404941181042,79184.35938086307,56826.8767610762,75146.73861227384,96960.86077768463,40133.98401660843,Al,700,58,-3.5308,-0.2339308525222354,-2.940431389899245,-0.590368610100755,-0.2092616015651016,-0.3811070085356534,-0.37111242880886874,-0.5803740303739704,-3.5208054202732155,-0.37111242880886874,0.17590540842560579
360000,78732,-3.1742518353082434,-3.265041816034141,0.0907899807258979,-3.879584831961591,0.2060043956157296,-4.0203225,-3.88168,-3.7405825,0.2797399999999999,17.158571641772088,16.7468,17.1449,17.5519,0.8050999999999995,0.3241058275240218,0.0187534805008718,0.3138426840305328,0.3265163451433182,0.3363557085394859,0.022513024508953,0.3242526774438563,79191.76194057622,57026.015483805226,75020.06281420155,97134.03064635498,40108.01516254975,Al,700,59,-3.5308,-0.2340217279064931,-2.9402301074017503,-0.5905698925982499,-0.2092616015651016,-0.3813082910331482,-0.371229138676106,-0.5804907402412076,-3.520720847642958,-0.371229138676106,0.1757988769018416
361000,78732,-3.175254194313725,-3.2652231405273584,0.0899689462136335,-3.881676841817813,0.2035201633278793,-4.0209525,-3.88433,-3.7451175,0.2758349999999998,17.153147322562617,16.741574999999997,17.136,17.5483,0.8067250000000037,0.3241035965098732,0.0187592969777908,0.3138805776834488,0.3264414966106415,0.3363842815160751,0.0225037038326263,0.3242921387809948,79289.17508307198,57017.15702493384,75071.53219941288,97149.6312795515,40132.47425461766,Al,700,60,-3.5308,-0.2341479207293222,-2.9411062735844027,-0.5896937264155975,-0.2092616015651016,-0.3804321248504958,-0.3704666171657974,-0.579728218730899,-3.5208344923153017,-0.3704666171657974,0.17588932380955663
362000,78732,-3.174766011883952,-3.265145500939897,0.0903794890559454,-3.877776840039627,0.204176799453507,-4.016554999999999,-3.87982,-3.74145,0.2751049999999995,17.150727060153432,16.7382,17.1331,17.548125000000002,0.8099250000000033,0.3240460407149544,0.0188133823466911,0.3137856721878052,0.3263831883668899,0.3363151848316192,0.022529512643814,0.3242979950448462,79179.6686246954,57029.02992402188,74977.23736342636,96958.4215539036,39929.39162988173,Al,700,61,-3.5308,-0.2339126674240071,-2.9408533444599447,-0.5899466555400554,-0.2092616015651016,-0.3806850539749538,-0.3707044356307639,-0.5799660371958655,-3.5208193816558104,-0.3707044356307639,0.17598203353746855
363000,78732,-3.173793717339066,-3.2649117283950613,0.0911180110559962,-3.8820786166996903,0.2067386817841173,-4.0246725,-3.88352,-3.7437675,0.2809050000000002,17.156674913631054,16.7422,17.139650000000003,17.5498,0.8076000000000008,0.3241056032995122,0.0186978059355107,0.3138933405280113,0.3264688998460769,0.3364308625459671,0.0225375220179557,0.3243956341088478,79217.61455925037,56980.54235215679,75021.78798477918,97198.65294403992,40218.110591883145,Al,700,62,-3.5308,-0.2341721563256963,-2.93962156101337,-0.5911784389866308,-0.2092616015651016,-0.3819168374215291,-0.37184072334557605,-0.5811023249106777,-3.5207238859240473,-0.37184072334557605,0.1759164120747109
364000,78732,-3.1742238084422767,-3.2644561944317427,0.0902323859894655,-3.87266561245745,0.2050577375949847,-4.0132625,-3.87446,-3.7339575,0.2793049999999994,17.156442126454298,16.745475,17.1418,17.551325000000002,0.8058500000000031,0.3239216365946709,0.0187449369704476,0.3135924711823463,0.3262674212455749,0.3362068757414818,0.0226144045591354,0.3243945139581726,79446.7114937199,56952.31306880755,75388.98781355277,97404.33347852874,40452.0204097212,Al,700,63,-3.5308,-0.2336043513638323,-2.9406194570784443,-0.5901805429215559,-0.2092616015651016,-0.3809189413564542,-0.3708104384873155,-0.5800720400524171,-3.520691497130861,-0.3708104384873155,0.1759711702290693
365000,78732,-3.174452911677502,-3.2649210671645585,0.0904681554870561,-3.878564792206472,0.2056691353877185,-4.0197425,-3.88079,-3.739325,0.2804174999999995,17.1544539247066,16.742,17.13945,17.551925,0.8099249999999998,0.3240531396018773,0.0188236213355256,0.3137127235531807,0.3264311254024505,0.3364042192697525,0.0226914957165718,0.3243419771225452,79192.75349317875,56843.73224986524,74993.70626805106,96854.33457547464,40010.60232560938,Al,700,64,-3.5308,-0.2339601977489206,-2.9404927139285815,-0.5903072860714187,-0.2092616015651016,-0.381045684506317,-0.37102935056202,-0.5802909521271216,-3.520783666055703,-0.37102935056202,0.17588300411439542
366000,78732,-3.173870386469258,-3.264610590611187,0.0907402041419295,-3.874552518416909,0.2062858299514411,-4.0153925,-3.877375,-3.7366375,0.2787549999999998,17.14735526850582,16.7345,17.13,17.5429,0.8083999999999989,0.3240112494680144,0.0187893950139001,0.3137912601232528,0.32642562687397,0.3362730666995048,0.0224818065762519,0.3243169272175115,79448.34783524719,56899.0296670393,75253.76773372511,97346.23718748102,40447.20752044172,Al,700,65,-3.5308,-0.2337181720462392,-2.9401522144230188,-0.5906477855769814,-0.2092616015651016,-0.3813861840118797,-0.37131669859820715,-0.5805783001633087,-3.5207305145863277,-0.37131669859820715,0.17623693265745985
367000,78732,-3.1750368835218805,-3.2654591518061276,0.0904222682842465,-3.8882196838642487,0.20615990232989,-4.02964,-3.88912,-3.749315,0.2803249999999995,17.15474928364578,16.7382,17.13655,17.552025,0.8138250000000014,0.3242595685554239,0.0186115963620181,0.3140507340431213,0.3266705721616745,0.3364681750535965,0.0224174410104751,0.3245122327530753,78947.51675559374,56686.81786272429,74992.74759549423,96650.92177845367,39964.1039157294,Al,700,66,-3.5308,-0.2345425936820856,-2.940494289839795,-0.5903057101602052,-0.2092616015651016,-0.3810441085951035,-0.3711149496099887,-0.5803765511750902,-3.5208708410148852,-0.3711149496099887,0.17578699510203777
368000,78732,-3.1736436376857613,-3.264373125793832,0.0907294881080704,-3.8753507351521623,0.2068237554758824,-4.01611,-3.877485,-3.7372775,0.2788325,17.15445645734898,16.7387,17.1396,17.550525,0.8118249999999989,0.3239765579054745,0.018806072673525,0.3136024549603462,0.3263505399227142,0.3362910374999046,0.0226885825395584,0.3244150043399191,79403.5428382195,56915.54508139829,75310.25937349242,97136.02940858043,40220.48432718216,Al,700,67,-3.5308,-0.2337663215436001,-2.939877316142161,-0.5909226838578392,-0.2092616015651016,-0.3816610822927375,-0.3715814596716858,-0.5808430612367874,-3.5207203773789484,-0.3715814596716858,0.17604208197233592
369000,78732,-3.1743911892990626,-3.2649325236244477,0.0905413343253848,-3.878254276914088,0.2055373406124984,-4.01954,-3.88126,-3.7411875,0.2783525,17.151219582888785,16.741075,17.1399,17.5436,0.8025250000000028,0.3239987887610935,0.0188426502217469,0.313694953918457,0.3263221532106399,0.336460717022419,0.0227657631039619,0.3244540824913091,79337.65860073737,56855.46643285597,75211.24532096412,97208.31528549489,40352.848852638905,Al,700,68,-3.5308,-0.2339414670526187,-2.940449722246444,-0.5903502777535561,-0.2092616015651016,-0.3810886761884544,-0.37102617005750527,-0.5802877716226069,-3.520737493869051,-0.37102617005750527,0.1760124259375978
370000,78732,-3.174813031876003,-3.265240123075751,0.0904270911997472,-3.8836681806635167,0.208417467139343,-4.0264225,-3.886075,-3.7431975,0.2832249999999998,17.153831099171875,16.742,17.1349,17.5472,0.8051999999999992,0.3240849593234959,0.0187525554266202,0.3138892278075218,0.3264494091272354,0.3364342525601387,0.0225450247526168,0.3243417312469505,79062.94237324913,56684.80209379693,74983.52287655161,96706.32746036048,40021.525366563554,Al,700,69,-3.5308,-0.2342680409426192,-2.940544990933384,-0.5902550090666163,-0.2092616015651016,-0.3809934075015146,-0.37099782996194586,-0.5802594315270475,-3.520804422460431,-0.37099782996194586,0.17588807631179917
371000,78732,-3.1745250983013213,-3.264899381064878,0.0903742827635573,-3.879411181730427,0.2066205567250162,-4.0194325,-3.880505,-3.74126,0.2781724999999997,17.16598474317939,16.7545,17.1493,17.5623,0.8078000000000003,0.3240720296344554,0.0186934455667214,0.3138184696435928,0.3264469653367996,0.3363294452428818,0.0225109755992889,0.3241366043848498,78994.50270158461,56586.71870193392,74723.79174362686,97073.86812352418,40487.149421590264,Al,700,70,-3.5308,-0.2340112530931023,-2.940513845208219,-0.590286154791781,-0.2092616015651016,-0.3810245532266794,-0.37091699876965567,-0.5801786003347573,-3.5206924455429762,-0.37091699876965567,0.17558767070179016
372000,78732,-3.174824011345707,-3.265239425011431,0.0904154136657242,-3.881992609866382,0.2055377022322506,-4.0234,-3.8839,-3.7433675,0.2800324999999994,17.15577419854697,16.7473,17.1385,17.5472,0.7999000000000009,0.3241014464565807,0.0188100885911503,0.3138690218329429,0.3265023976564407,0.3364127948880195,0.0225437730550766,0.3243259016504097,79174.08371734718,56917.52907159479,75108.51150378172,96891.8621773097,39974.333105714904,Al,700,71,-3.5308,-0.2341669682788783,-2.9406570430668286,-0.5901429569331715,-0.2092616015651016,-0.3808813553680699,-0.3708034768108212,-0.5800650783759228,-3.5207221214427515,-0.3708034768108212,0.17586404939560205
373000,78732,-3.173899825263177,-3.2648863991769543,0.0909865739137783,-3.878418203906924,0.2066965349579483,-4.020475,-3.881065,-3.73934,0.2811350000000003,17.15315424477976,16.7411,17.1344,17.5503,0.8092000000000006,0.3240532131906974,0.0187166173688418,0.313879169523716,0.3264667838811874,0.3363382890820503,0.0224591195583343,0.3245944329371135,79469.31727035965,56958.91974565038,75358.46257424065,97458.38658427216,40499.46683862179,Al,700,72,-3.5308,-0.233951355347314,-2.939948469915863,-0.5908515300841373,-0.2092616015651016,-0.3815899285190356,-0.371498795520688,-0.5807603970857895,-3.5207088670016526,-0.371498795520688,0.17600815881692158
374000,78732,-3.174401233469038,-3.2648668998628256,0.0904656663937877,-3.880477287888026,0.2053243962746518,-4.0220125,-3.884075,-3.7445,0.2775124999999998,17.1501967992684,16.735474999999997,17.13505,17.5449,0.809425000000001,0.3241362336010266,0.0187898238725641,0.3138250932097435,0.3264996111392975,0.3364652022719383,0.0226401090621948,0.3243918496897152,79458.40042263297,56997.42021427489,75370.55898795003,97409.4857365926,40412.065522317695,Al,700,73,-3.5308,-0.2340755620374712,-2.940325671431567,-0.5904743285684333,-0.2092616015651016,-0.3812127270033316,-0.37119723618391176,-0.5804588377490134,-3.5207845091805803,-0.37119723618391176,0.1760695039443649
375000,78732,-3.1751485270111184,-3.2653336694101505,0.0901851423990321,-3.885110649164254,0.2038533600470213,-4.02414,-3.88747,-3.7471775,0.2769624999999998,17.153610714830055,16.740675,17.1357,17.5515,0.8108250000000012,0.3242390955941364,0.0185701696103305,0.314074344933033,0.326580211520195,0.3363898769021034,0.0223155319690704,0.3244293713352139,78906.73575441947,56778.10471882964,74832.25721537373,96625.52263169496,39847.41791286533,Al,700,74,-3.5308,-0.2343550525651547,-2.9407934744459636,-0.5900065255540365,-0.2092616015651016,-0.3807449239889349,-0.3707518752710829,-0.5800134768361844,-3.520806951282148,-0.3707518752710829,0.17586403559806227
376000,78732,-3.1747043769668553,-3.2649320424986024,0.0902276655317482,-3.880528171391557,0.2051739766060388,-4.0204225,-3.88353,-3.74176,0.2786624999999993,17.145347290809323,16.7317,17.1294,17.540725000000002,0.8090250000000019,0.3241051231835383,0.0188058576720842,0.3139331042766571,0.3265212178230285,0.3363656476140022,0.0224325433373451,0.3242843733928325,79306.60059822646,56927.975672543034,75146.14130926633,97183.5022754478,40255.52660290476,Al,700,75,-3.5308,-0.2340786313982235,-2.9406257455686315,-0.5901742544313686,-0.2092616015651016,-0.3809126528662669,-0.3709206575313937,-0.5801822590964953,-3.5208080046651267,-0.3709206575313937,0.17619684668899596
377000,78732,-3.174942349936782,-3.265335356017883,0.0903930060811017,-3.8851664245795865,0.206117104416014,-4.026545,-3.886855,-3.74762,0.2789249999999996,17.15265131331606,16.742,17.1363,17.547525,0.8055249999999994,0.324212394206005,0.0185927424780325,0.3139452338218689,0.3264923691749573,0.3362851440906524,0.0223399102687835,0.3244707426926408,78895.05682387092,56563.74404362755,74771.36333091852,96875.87005995156,40312.12601632401,Al,700,76,-3.5308,-0.234358417012547,-2.940583932924235,-0.5902160670757652,-0.2092616015651016,-0.3809544655106636,-0.3709341603965787,-0.5801957619616803,-3.520779694885915,-0.3709341603965787,0.17590512453527765
378000,78732,-3.174812169176114,-3.265455119646395,0.0906429504702814,-3.8888478121983434,0.202975217135064,-4.02745,-3.892385,-3.75423,0.2732199999999998,17.150640875374688,16.7369,17.13565,17.5495,0.8125999999999998,0.3242160468445311,0.018564148677871,0.3140251711010933,0.3265407234430313,0.3363781496882438,0.0223529785871505,0.3244646917934907,79006.21257426852,56669.821750888135,74877.16350824352,96876.82453941682,40207.00278852868,Al,700,77,-3.5308,-0.234580483220389,-2.940231685955726,-0.5905683140442748,-0.2092616015651016,-0.3813067124791731,-0.37134003487257017,-0.5806016364376718,-3.520833322393398,-0.37134003487257017,0.17590672063023308
379000,78732,-3.174578589092929,-3.2652127585987905,0.0906341695058616,-3.8814613265254287,0.2061398802995045,-4.022525,-3.88436,-3.7416775,0.2808474999999997,17.158847929685518,16.7484,17.1451,17.5553,0.8068999999999988,0.3239611316148082,0.0188265797363359,0.3136710077524185,0.3264472633600235,0.3363503068685531,0.0226792991161346,0.3240585100029319,78950.8116531013,56655.650990992115,74802.03449047863,96763.05081436168,40107.399823369575,Al,700,78,-3.5308,-0.2341349205596395,-2.940443668533289,-0.5903563314667113,-0.2092616015651016,-0.3810947299016096,-0.3710512331158516,-0.5803128346809532,-3.5207565032142423,-0.3710512331158516,0.17569943390576653
380000,78732,-3.1741187216777305,-3.2650033314281357,0.0908846097504051,-3.8803066888939695,0.2054221585071707,-4.0210525,-3.88284,-3.7419,0.2791524999999999,17.15608614032414,16.7443,17.1418,17.5561,0.8118000000000016,0.3240732612947677,0.0186991485197943,0.3137615546584129,0.3264457881450653,0.3363323807716369,0.022570826113224,0.3242529448319945,79314.54947828793,56943.3057554693,75172.7401804229,97229.56950109836,40286.26374562905,Al,700,79,-3.5308,-0.2340652712787696,-2.940053450398961,-0.5907465496010391,-0.2092616015651016,-0.3814849480359374,-0.37142053035899986,-0.5806821319241015,-3.5207355823230624,-0.37142053035899986,0.175828961744358
381000,78732,-3.174446295433075,-3.2650014478229945,0.0905551523899189,-3.8787177559315142,0.2051700058301409,-4.0180025,-3.87991,-3.7397,0.2783024999999997,17.149808357465833,16.7384,17.1322,17.5442,0.8058000000000014,0.3240463255954722,0.0187212553769572,0.3138252049684524,0.3264311403036117,0.3363907411694526,0.0225655362010002,0.3241718348908889,79209.56214137815,56733.00927132285,75045.04514820735,97215.06946664916,40482.06019532632,Al,700,80,-3.5308,-0.2339694247246904,-2.940476870708385,-0.5903231292916153,-0.2092616015651016,-0.3810615277265137,-0.37099475707262536,-0.580256358637727,-3.5207332293461118,-0.37099475707262536,0.17610439957556587
382000,78732,-3.174253101412079,-3.2649220365289846,0.0906689351169054,-3.8804557453132142,0.2038566052065346,-4.019635,-3.8826,-3.7426375,0.2769974999999998,17.147316862266933,16.7372,17.1319,17.5412,0.8039999999999985,0.3240941373338661,0.0186792817353768,0.3139030709862709,0.3264853805303573,0.3362090289592743,0.0223059579730033,0.3242757362420739,79345.60600017507,56849.94744585843,75312.82080468244,97126.89803058564,40276.95058472721,Al,700,81,-3.5308,-0.2340742625606459,-2.940178838851433,-0.590621161148567,-0.2092616015651016,-0.3813595595834653,-0.3712604298680886,-0.5805220314331903,-3.5207008702846236,-0.3712604298680886,0.17620426043550486
383000,78732,-3.174478125050616,-3.2650118443580753,0.0905337193074594,-3.8815217870751417,0.2062547666943373,-4.02142,-3.883105,-3.7429025,0.2785175,17.14634954275263,16.7361,17.1294,17.5383,0.8021999999999991,0.3241207105349533,0.0187817425813476,0.3137526586651802,0.3265249282121658,0.3365024626255035,0.0227498039603233,0.3242392476809156,79379.3112225293,56906.69683297665,75168.47399001913,97322.11479736942,40415.41796439277,Al,700,82,-3.5308,-0.234138567620582,-2.9403395574300335,-0.5904604425699667,-0.2092616015651016,-0.381198841004865,-0.3711501482664602,-0.5804117498315617,-3.5207513072615955,-0.3711501482664602,0.176203601691536
384000,78732,-3.174858792706285,-3.265186789488391,0.0903279967821063,-3.8855197076157095,0.2022605356256261,-4.0243025,-3.88816,-3.7500575,0.274245,17.154427503429357,16.7375,17.1408,17.5533,0.8157999999999994,0.3242968717938315,0.0186598474804205,0.3140505403280258,0.3266187012195587,0.3364841789007187,0.0224336385726928,0.3244736311797406,79012.394344623,56920.62455034508,74894.71757158899,96770.7483695488,39850.12381920371,Al,700,83,-3.5308,-0.2343797275161535,-2.9404790651901314,-0.5903209348098688,-0.2092616015651016,-0.3810593332447671,-0.37107565245810975,-0.5803372540232113,-3.520816319213343,-0.37107565245810975,0.1758599975676134
385000,78732,-3.174156733853552,-3.265213474063913,0.0910567402103604,-3.882785758141543,0.2054872118279234,-4.0236725,-3.885535,-3.74568,0.2779924999999998,17.156589920235735,16.7446,17.1398,17.5507,0.8061000000000007,0.3240740778618216,0.0187894863868072,0.3137479200959205,0.326435387134552,0.3364131450653076,0.022665224969387,0.3241638282567273,79087.84642956669,56799.68261226764,74939.29399629324,97006.22622775836,40206.54361549072,Al,700,84,-3.5308,-0.234214812039971,-2.939941921813581,-0.590858078186419,-0.2092616015651016,-0.3815964766213173,-0.3715255877984513,-0.5807871893635529,-3.520729111177134,-0.3715255877984513,0.1758587777133178
386000,78732,-3.1749630768419723,-3.2650858224102017,0.0901227455682301,-3.8809860194076102,0.2045509378296275,-4.020385,-3.88217,-3.7443875,0.2759974999999999,17.151974640552766,16.7404,17.13995,17.547025,0.8066250000000004,0.3241371173291046,0.0186934767277176,0.3139001801609993,0.3264666050672531,0.336377240717411,0.0224770605564117,0.3244175862204672,79322.54166491436,56911.37861443193,75249.14382224466,97042.01375017143,40130.6351357395,Al,700,85,-3.5308,-0.2341062494007872,-2.940856827441185,-0.5899431725588151,-0.2092616015651016,-0.3806815709937134,-0.3706451173558474,-0.579906718920949,-3.520763546362134,-0.3706451173558474,0.17597147637241162
387000,78732,-3.1741139573863357,-3.2650397093938928,0.0909257520075572,-3.877819801605446,0.2035330533083377,-4.0177825,-3.88164,-3.74096,0.2768225000000002,17.14997962200884,16.7371,17.1351,17.5418,0.8046999999999969,0.3242043778177264,0.0187735958943027,0.3140004500746727,0.3266103565692901,0.3365703970193863,0.0225699469447135,0.3245671092188256,79259.25636571832,56951.76088712142,75178.31716092082,97046.43577410738,40094.67488698596,Al,700,86,-3.5308,-0.2339152589229179,-2.940198698463418,-0.5906013015365823,-0.2092616015651016,-0.3813396999714806,-0.37121877804857834,-0.5804803796136799,-3.520679078077098,-0.37121877804857834,0.1761586117798443
388000,78732,-3.1746534066572116,-3.264883956840929,0.0902305501837169,-3.881195885916781,0.2058713079063683,-4.0219,-3.88304,-3.742595,0.2793049999999999,17.160218082863388,16.7463,17.144,17.553625,0.8073249999999987,0.3240388446903726,0.0187905653412601,0.3138556554913521,0.3264772295951843,0.3363982513546943,0.0225425958633422,0.3244587700621527,79272.71597780025,56889.2798698073,75115.32847246277,97140.12235269518,40250.84248288788,Al,700,87,-3.5308,-0.2341189088283376,-2.940534497828874,-0.590265502171126,-0.2092616015651016,-0.3810039006060244,-0.3709362663593376,-0.5801978679244392,-3.520732365753313,-0.3709362663593376,0.17581550036779647
389000,78732,-3.174338398274291,-3.264706737285983,0.0903683390116915,-3.875157857669054,0.2041357891279048,-4.0145124999999995,-3.877135,-3.736665,0.2778474999999991,17.146912987095458,16.7348,17.1325,17.543225,0.8084249999999997,0.3240412839386531,0.0187433852524808,0.3138120695948601,0.3263477236032486,0.3363820761442184,0.0225700065493583,0.3242842047853571,79480.86912663734,57108.72024772167,75309.68219448216,97385.78599502429,40277.065747302615,Al,700,88,-3.5308,-0.2337546869167454,-2.940583711357546,-0.5902162886424542,-0.2092616015651016,-0.3809546870773526,-0.37089075641832736,-0.5801523579834289,-3.520736069340975,-0.37089075641832736,0.176237188318164
390000,78732,-3.1745798497553444,-3.26557352423411,0.0909936744787659,-3.891899851267591,0.2091771600238077,-4.0346925,-3.89469,-3.750615,0.2840775000000004,17.151833973479654,16.7382,17.1389,17.5466,0.8084000000000024,0.3243272397493992,0.0185314012720037,0.3142974525690079,0.326621949672699,0.3364210352301597,0.0221235826611518,0.3245238331395657,78805.68746348737,56358.246289812705,74658.14934491404,96379.55760280557,40021.311312992846,Al,700,89,-3.5308,-0.2347645862849074,-2.939815263470437,-0.5909847365295633,-0.2092616015651016,-0.3817231349644616,-0.3717305351474956,-0.5809921367125972,-3.520807400183034,-0.3717305351474956,0.17589318604944806
391000,78732,-3.1744571253493374,-3.2648428379820147,0.0903857126326779,-3.876722512701315,0.2052394390927199,-4.0161,-3.879085,-3.7391975,0.2769024999999998,17.154554756642785,16.7428,17.1407,17.5476,0.8048000000000002,0.3240051885592403,0.0187265437324919,0.3137025386095047,0.3264211118221283,0.3363284543156624,0.0226259157061576,0.3240813072499239,79289.72954850722,56719.71729652646,75107.08805480236,97141.55300590448,40421.83570937802,Al,700,90,-3.5308,-0.2338490689937168,-2.9406080563556207,-0.5901919436443794,-0.2092616015651016,-0.3809303420792778,-0.3708409775376187,-0.5801025791027203,-3.5207106354583413,-0.3708409775376187,0.17600820807900563
392000,78732,-3.1746927994926586,-3.265383143448661,0.0906903439560026,-3.886685985368084,0.2049325698156219,-4.02743,-3.88964,-3.7492075,0.2782224999999996,17.150422408931565,16.7362,17.1335,17.5462,0.8099999999999987,0.3242365652069306,0.0186938389128527,0.313993826508522,0.3266356438398361,0.3364507034420967,0.0224568769335746,0.3247533861224255,79048.95682812361,56722.269093247625,74813.01662688446,96878.58671649572,40156.31762324809,Al,700,91,-3.5308,-0.2344500789446314,-2.940242720548027,-0.5905572794519731,-0.2092616015651016,-0.3812956778868714,-0.3713109213974165,-0.580572522962518,-3.520815243510545,-0.3713109213974165,0.17600874973935818
393000,78732,-3.1739242130564738,-3.264746980262155,0.0908227672056812,-3.875858082101306,0.20630716181928,-4.0163,-3.87708,-3.7356925,0.2806075000000003,17.156127977188437,16.7431,17.1423,17.5516,0.8085000000000022,0.3240328800844124,0.0187438476771411,0.3137470781803131,0.3264417648315429,0.3363487049937248,0.0226016268134117,0.3240976288260961,79265.16945071716,56882.090913228574,75111.89224888117,97274.20041887206,40392.109505643486,Al,700,92,-3.5308,-0.2337969253877817,-2.940127287668692,-0.5906727123313082,-0.2092616015651016,-0.3814111107662066,-0.37129760312452514,-0.5805592046896267,-3.5206864923583185,-0.37129760312452514,0.17598006085044027
394000,78732,-3.174238202255473,-3.2646384273230713,0.0904002250675976,-3.8737906988263986,0.208739311110887,-4.01749,-3.875005,-3.73192,0.2855699999999994,17.162435669105317,16.7539,17.1451,17.5578,0.8038999999999987,0.3239432081501807,0.0188511212382687,0.3135410696268081,0.3262660652399063,0.3363663852214813,0.0228253155946731,0.3242118758677161,79355.79633064568,56876.17307206946,75280.63715221829,97183.77193231464,40307.59886024518,Al,700,93,-3.5308,-0.2336722180731606,-2.9405659841823124,-0.5902340158176878,-0.2092616015651016,-0.3809724142525861,-0.37084785609539295,-0.5801094576604946,-3.520675441842807,-0.37084785609539295,0.17579142956450722
395000,78732,-3.1744785062061984,-3.264714854188894,0.0902363479826957,-3.8750796590966825,0.2050820600121473,-4.0156875,-3.876285,-3.7366875,0.2790000000000003,17.155727320530403,16.7397,17.1406,17.551,0.8112999999999992,0.323989090104545,0.0188854239869421,0.3136101737618446,0.3263973146677017,0.3363580256700516,0.0227478519082069,0.324364384214318,79228.5862028698,56994.55511255846,75117.02829965667,96984.38457124868,39989.829458690205,Al,700,94,-3.5308,-0.2337499698746342,-2.940728536331564,-0.5900714636684361,-0.2092616015651016,-0.3808098621033344,-0.3707792890893352,-0.5800408906544368,-3.520769426986001,-0.3707792890893352,0.17598977521360273
396000,78732,-3.174835516995359,-3.2648138538332567,0.0899783368378981,-3.878296631357008,0.2033973118730067,-4.017525,-3.881005,-3.74102,0.2765050000000002,17.1520212683534,16.739175,17.1351,17.5478,0.8086249999999993,0.3240347489232377,0.0186608076437265,0.3138597309589386,0.3263844698667526,0.3362807184457779,0.0224209874868392,0.3241839802765809,79289.6342205782,56925.90540838637,75233.82097896565,97228.98789076894,40303.082482382575,Al,700,95,-3.5308,-0.2339440219290671,-2.9408914950662917,-0.5899085049337085,-0.2092616015651016,-0.3806469033686068,-0.37062001135070755,-0.5798816129158091,-3.5207731079821007,-0.37062001135070755,0.1760941660591905
397000,78732,-3.174717318199186,-3.265146785677996,0.0904294674788104,-3.882836006325256,0.2058540672766434,-4.02339,-3.884865,-3.74386,0.2795299999999998,17.147903856119495,16.737475,17.128,17.5452,0.8077250000000014,0.3241085949243296,0.0186184512925346,0.313790313899517,0.3263949900865555,0.3363729938864708,0.0225826799869537,0.3243942191796968,79242.8082469946,56866.22837717978,75088.52574145574,97169.0014218238,40302.773044644026,Al,700,96,-3.5308,-0.2342178430773851,-2.940499475121801,-0.5903005248781992,-0.2092616015651016,-0.3810389233130975,-0.3710560992268521,-0.5803177007919538,-3.5208171759137548,-0.3710560992268521,0.1761341895088741
398000,78732,-3.174504941612051,-3.264957150078748,0.0904522084666971,-3.8798864144185337,0.2036261738358322,-4.0189525,-3.88281,-3.74216,0.2767925,17.151779369252658,16.7392,17.1347,17.5449,0.8056999999999981,0.3241004323357717,0.0187648340052677,0.3138948231935501,0.3264731764793396,0.3363677710294723,0.0224729478359222,0.3242345303828876,79337.84330787901,56867.84769949098,75254.45877412154,97220.56220488316,40352.71450539219,Al,700,97,-3.5308,-0.2340399197622552,-2.940465021849796,-0.5903349781502043,-0.2092616015651016,-0.3810733765851026,-0.3710172522716729,-0.5802788538367745,-3.5207438756865703,-0.3710172522716729,0.17612161129771223
399000,78732,-3.175451973418038,-3.265370232561094,0.0899182591430549,-3.882301738175075,0.2063030784931924,-4.0246825,-3.884495,-3.742855,0.2818274999999999,17.146230093227658,16.7326,17.1318,17.5412,0.8085999999999984,0.3241310322546791,0.0188090210401162,0.3137874901294708,0.3265834152698517,0.3364221379160881,0.0226346477866172,0.3245226471159996,79114.15026519542,56776.8090294654,75057.49007687255,96932.8655465616,40156.0565170962,Al,700,98,-3.5308,-0.2341856153104754,-2.9412663581075624,-0.5895336418924377,-0.2092616015651016,-0.3802720403273361,-0.37038121038555705,-0.5796428119506587,-3.5209091700582213,-0.37038121038555705,0.1761009624299388
400000,78732,-3.174554575232988,-3.2651360848193867,0.0905815095863994,-3.8824209910836753,0.2050006836491552,-4.02322,-3.885825,-3.7453575,0.2778625000000003,17.153974084235124,16.7437,17.138,17.5446,0.8008999999999986,0.3240531707782589,0.0188463568825009,0.313862070441246,0.3264771997928619,0.3363941088318825,0.0225320383906364,0.3245173849086705,79235.48182471507,56932.78180589728,75210.25563756363,97218.63886009996,40285.85705420269,Al,700,99,-3.5308,-0.2341928088048665,-2.9403617664281216,-0.5904382335718785,-0.2092616015651016,-0.3811766320067768,-0.37111452428526126,-0.5803761258503628,-3.5207378922784844,-0.37111452428526126,0.17602568570055896
