snapshot_path,system,temperature,group,target,prediction,error,abs_error
/Users/yti0811/Desktop/FE_data/npj_CM01/NPJ_CM_Fig_Python/Public_Reproducibility_Package_V01/npjcm-free-energy-surrogate_Re3/Python_Codes/table/snapshots_split/Cu_300K_snap00000.extxyz,Cu,300,Cu__300,-0.0001125072225183,0.00012079972117948205,0.00023330694369778205,0.00023330694369778205
/Users/yti0811/Desktop/FE_data/npj_CM01/NPJ_CM_Fig_Python/Public_Reproducibility_Package_V01/npjcm-free-energy-surrogate_Re3/Python_Codes/table/snapshots_split/Cu_300K_snap00001.extxyz,Cu,300,Cu__300,0.0002469086613565,0.00012079972117948205,-0.00012610894017701794,0.00012610894017701794
/Users/yti0811/Desktop/FE_data/npj_CM01/NPJ_CM_Fig_Python/Public_Reproducibility_Package_V01/npjcm-free-energy-surrogate_Re3/Python_Codes/table/snapshots_split/Cu_300K_snap00002.extxyz,Cu,300,Cu__300,0.0002128000199426,0.00012079972117948205,-9.200029876311795e-05,9.200029876311795e-05
/Users/yti0811/Desktop/FE_data/npj_CM01/NPJ_CM_Fig_Python/Public_Reproducibility_Package_V01/npjcm-free-energy-surrogate_Re3/Python_Codes/table/snapshots_split/Cu_300K_snap00003.extxyz,Cu,300,Cu__300,-0.0003423516582103,0.00012079972117948205,0.00046315137938978204,0.00046315137938978204
/Users/yti0811/Desktop/FE_data/npj_CM01/NPJ_CM_Fig_Python/Public_Reproducibility_Package_V01/npjcm-free-energy-surrogate_Re3/Python_Codes/table/snapshots_split/Cu_300K_snap00004.extxyz,Cu,300,Cu__300,-0.0001083647587254,0.00012079972117948205,0.00022916447990488205,0.00022916447990488205
/Users/yti0811/Desktop/FE_data/npj_CM01/NPJ_CM_Fig_Python/Public_Reproducibility_Package_V01/npjcm-free-energy-surrogate_Re3/Python_Codes/table/snapshots_split/Cu_300K_snap00005.extxyz,Cu,300,Cu__300,-0.0001380681767288,0.00012079972117948205,0.00025886789790828204,0.00025886789790828204
/Users/yti0811/Desktop/FE_data/npj_CM01/NPJ_CM_Fig_Python/Public_Reproducibility_Package_V01/npjcm-free-energy-surrogate_Re3/Python_Codes/table/snapshots_split/Cu_300K_snap00006.extxyz,Cu,300,Cu__300,-0.0001441316835454,0.00012079972117948205,0.00026493140472488207,0.00026493140472488207
/Users/yti0811/Desktop/FE_data/npj_CM01/NPJ_CM_Fig_Python/Public_Reproducibility_Package_V01/npjcm-free-energy-surrogate_Re3/Python_Codes/table/snapshots_split/Cu_300K_snap00007.extxyz,Cu,300,Cu__300,-2.4834390695018265e-05,0.00012079972117948205,0.00014563411187450031,0.00014563411187450031
/Users/yti0811/Desktop/FE_data/npj_CM01/NPJ_CM_Fig_Python/Public_Reproducibility_Package_V01/npjcm-free-energy-surrogate_Re3/Python_Codes/table/snapshots_split/Cu_300K_snap00008.extxyz,Cu,300,Cu__300,-0.000238180985486,0.00012079972117948205,0.00035898070666548205,0.00035898070666548205
/Users/yti0811/Desktop/FE_data/npj_CM01/NPJ_CM_Fig_Python/Public_Reproducibility_Package_V01/npjcm-free-energy-surrogate_Re3/Python_Codes/table/snapshots_split/Cu_300K_snap00009.extxyz,Cu,300,Cu__300,-8.019598707466215e-05,0.00012079972117948205,0.0002009957082541442,0.0002009957082541442
/Users/yti0811/Desktop/FE_data/npj_CM01/NPJ_CM_Fig_Python/Public_Reproducibility_Package_V01/npjcm-free-energy-surrogate_Re3/Python_Codes/table/snapshots_split/Cu_300K_snap00010.extxyz,Cu,300,Cu__300,-0.0001265023137459,0.00012079972117948205,0.00024730203492538206,0.00024730203492538206
/Users/yti0811/Desktop/FE_data/npj_CM01/NPJ_CM_Fig_Python/Public_Reproducibility_Package_V01/npjcm-free-energy-surrogate_Re3/Python_Codes/table/snapshots_split/Cu_300K_snap00011.extxyz,Cu,300,Cu__300,1.827875808489808e-05,0.00012079972117948205,0.00010252096309458397,0.00010252096309458397
/Users/yti0811/Desktop/FE_data/npj_CM01/NPJ_CM_Fig_Python/Public_Reproducibility_Package_V01/npjcm-free-energy-surrogate_Re3/Python_Codes/table/snapshots_split/Cu_300K_snap00012.extxyz,Cu,300,Cu__300,0.0001495680217717,0.00012079972117948205,-2.876830059221794e-05,2.876830059221794e-05
/Users/yti0811/Desktop/FE_data/npj_CM01/NPJ_CM_Fig_Python/Public_Reproducibility_Package_V01/npjcm-free-energy-surrogate_Re3/Python_Codes/table/snapshots_split/Cu_300K_snap00013.extxyz,Cu,300,Cu__300,-4.285004580274644e-05,0.00012079972117948205,0.0001636497669822285,0.0001636497669822285
/Users/yti0811/Desktop/FE_data/npj_CM01/NPJ_CM_Fig_Python/Public_Reproducibility_Package_V01/npjcm-free-energy-surrogate_Re3/Python_Codes/table/snapshots_split/Cu_300K_snap00014.extxyz,Cu,300,Cu__300,7.135879129192945e-05,0.00012079972117948205,4.944092988755261e-05,4.944092988755261e-05
/Users/yti0811/Desktop/FE_data/npj_CM01/NPJ_CM_Fig_Python/Public_Reproducibility_Package_V01/npjcm-free-energy-surrogate_Re3/Python_Codes/table/snapshots_split/Cu_300K_snap00015.extxyz,Cu,300,Cu__300,-0.0001736835099469,0.00012079972117948205,0.00029448323112638204,0.00029448323112638204
/Users/yti0811/Desktop/FE_data/npj_CM01/NPJ_CM_Fig_Python/Public_Reproducibility_Package_V01/npjcm-free-energy-surrogate_Re3/Python_Codes/table/snapshots_split/Cu_300K_snap00016.extxyz,Cu,300,Cu__300,-2.261496888823657e-05,0.00012079972117948205,0.00014341469006771862,0.00014341469006771862
/Users/yti0811/Desktop/FE_data/npj_CM01/NPJ_CM_Fig_Python/Public_Reproducibility_Package_V01/npjcm-free-energy-surrogate_Re3/Python_Codes/table/snapshots_split/Cu_300K_snap00017.extxyz,Cu,300,Cu__300,-0.0002025064190055,0.00012079972117948205,0.00032330614018498204,0.00032330614018498204
/Users/yti0811/Desktop/FE_data/npj_CM01/NPJ_CM_Fig_Python/Public_Reproducibility_Package_V01/npjcm-free-energy-surrogate_Re3/Python_Codes/table/snapshots_split/Cu_300K_snap00018.extxyz,Cu,300,Cu__300,2.894488743341845e-06,0.00012079972117948205,0.0001179052324361402,0.0001179052324361402
/Users/yti0811/Desktop/FE_data/npj_CM01/NPJ_CM_Fig_Python/Public_Reproducibility_Package_V01/npjcm-free-energy-surrogate_Re3/Python_Codes/table/snapshots_split/Cu_300K_snap00019.extxyz,Cu,300,Cu__300,0.0001264141321812,0.00012079972117948205,-5.614411001717947e-06,5.614411001717947e-06
/Users/yti0811/Desktop/FE_data/npj_CM01/NPJ_CM_Fig_Python/Public_Reproducibility_Package_V01/npjcm-free-energy-surrogate_Re3/Python_Codes/table/snapshots_split/Cu_300K_snap00020.extxyz,Cu,300,Cu__300,6.007858174726765e-05,0.00012079972117948205,6.07211394322144e-05,6.07211394322144e-05
/Users/yti0811/Desktop/FE_data/npj_CM01/NPJ_CM_Fig_Python/Public_Reproducibility_Package_V01/npjcm-free-energy-surrogate_Re3/Python_Codes/table/snapshots_split/Cu_300K_snap00021.extxyz,Cu,300,Cu__300,-0.0001051507149045,0.00012079972117948205,0.00022595043608398207,0.00022595043608398207
/Users/yti0811/Desktop/FE_data/npj_CM01/NPJ_CM_Fig_Python/Public_Reproducibility_Package_V01/npjcm-free-energy-surrogate_Re3/Python_Codes/table/snapshots_split/Cu_300K_snap00022.extxyz,Cu,300,Cu__300,-0.0001430318746712,0.00012079972117948205,0.00026383159585068207,0.00026383159585068207
/Users/yti0811/Desktop/FE_data/npj_CM01/NPJ_CM_Fig_Python/Public_Reproducibility_Package_V01/npjcm-free-energy-surrogate_Re3/Python_Codes/table/snapshots_split/Cu_300K_snap00023.extxyz,Cu,300,Cu__300,-0.0001043699571452,0.00012079972117948205,0.00022516967832468207,0.00022516967832468207
/Users/yti0811/Desktop/FE_data/npj_CM01/NPJ_CM_Fig_Python/Public_Reproducibility_Package_V01/npjcm-free-energy-surrogate_Re3/Python_Codes/table/snapshots_split/Cu_300K_snap00024.extxyz,Cu,300,Cu__300,-0.0003433189154383,0.00012079972117948205,0.00046411863661778205,0.00046411863661778205
/Users/yti0811/Desktop/FE_data/npj_CM01/NPJ_CM_Fig_Python/Public_Reproducibility_Package_V01/npjcm-free-energy-surrogate_Re3/Python_Codes/table/snapshots_split/Cu_300K_snap00025.extxyz,Cu,300,Cu__300,4.793291855963276e-05,0.00012079972117948205,7.286680261984929e-05,7.286680261984929e-05
/Users/yti0811/Desktop/FE_data/npj_CM01/NPJ_CM_Fig_Python/Public_Reproducibility_Package_V01/npjcm-free-energy-surrogate_Re3/Python_Codes/table/snapshots_split/Cu_300K_snap00026.extxyz,Cu,300,Cu__300,4.456490136427292e-05,0.00012079972117948205,7.623481981520913e-05,7.623481981520913e-05
/Users/yti0811/Desktop/FE_data/npj_CM01/NPJ_CM_Fig_Python/Public_Reproducibility_Package_V01/npjcm-free-energy-surrogate_Re3/Python_Codes/table/snapshots_split/Cu_300K_snap00027.extxyz,Cu,300,Cu__300,8.83919920501129e-06,0.00012079972117948205,0.00011196052197447076,0.00011196052197447076
/Users/yti0811/Desktop/FE_data/npj_CM01/NPJ_CM_Fig_Python/Public_Reproducibility_Package_V01/npjcm-free-energy-surrogate_Re3/Python_Codes/table/snapshots_split/Cu_300K_snap00028.extxyz,Cu,300,Cu__300,-0.0001376801380676,0.00012079972117948205,0.00025847985924708206,0.00025847985924708206
/Users/yti0811/Desktop/FE_data/npj_CM01/NPJ_CM_Fig_Python/Public_Reproducibility_Package_V01/npjcm-free-energy-surrogate_Re3/Python_Codes/table/snapshots_split/Cu_300K_snap00029.extxyz,Cu,300,Cu__300,0.0001175157849013,0.00012079972117948205,3.2839362781820482e-06,3.2839362781820482e-06
/Users/yti0811/Desktop/FE_data/npj_CM01/NPJ_CM_Fig_Python/Public_Reproducibility_Package_V01/npjcm-free-energy-surrogate_Re3/Python_Codes/table/snapshots_split/Cu_300K_snap00030.extxyz,Cu,300,Cu__300,3.2629641190760604e-05,0.00012079972117948205,8.817007998872145e-05,8.817007998872145e-05
/Users/yti0811/Desktop/FE_data/npj_CM01/NPJ_CM_Fig_Python/Public_Reproducibility_Package_V01/npjcm-free-energy-surrogate_Re3/Python_Codes/table/snapshots_split/Cu_300K_snap00031.extxyz,Cu,300,Cu__300,0.0001166750353811,0.00012079972117948205,4.124685798382048e-06,4.124685798382048e-06
/Users/yti0811/Desktop/FE_data/npj_CM01/NPJ_CM_Fig_Python/Public_Reproducibility_Package_V01/npjcm-free-energy-surrogate_Re3/Python_Codes/table/snapshots_split/Cu_300K_snap00032.extxyz,Cu,300,Cu__300,0.0001233963545921,0.00012079972117948205,-2.596633412617943e-06,2.596633412617943e-06
/Users/yti0811/Desktop/FE_data/npj_CM01/NPJ_CM_Fig_Python/Public_Reproducibility_Package_V01/npjcm-free-energy-surrogate_Re3/Python_Codes/table/snapshots_split/Cu_300K_snap00033.extxyz,Cu,300,Cu__300,-6.804807495620792e-05,0.00012079972117948205,0.00018884779613568997,0.00018884779613568997
/Users/yti0811/Desktop/FE_data/npj_CM01/NPJ_CM_Fig_Python/Public_Reproducibility_Package_V01/npjcm-free-energy-surrogate_Re3/Python_Codes/table/snapshots_split/Cu_300K_snap00034.extxyz,Cu,300,Cu__300,-2.171091484283351e-05,0.00012079972117948205,0.00014251063602231556,0.00014251063602231556
/Users/yti0811/Desktop/FE_data/npj_CM01/NPJ_CM_Fig_Python/Public_Reproducibility_Package_V01/npjcm-free-energy-surrogate_Re3/Python_Codes/table/snapshots_split/Cu_300K_snap00035.extxyz,Cu,300,Cu__300,-7.812467143787528e-05,0.00012079972117948205,0.00019892439261735733,0.00019892439261735733
/Users/yti0811/Desktop/FE_data/npj_CM01/NPJ_CM_Fig_Python/Public_Reproducibility_Package_V01/npjcm-free-energy-surrogate_Re3/Python_Codes/table/snapshots_split/Cu_300K_snap00036.extxyz,Cu,300,Cu__300,-1.8399518180295552e-06,0.00012079972117948205,0.0001226396729975116,0.0001226396729975116
/Users/yti0811/Desktop/FE_data/npj_CM01/NPJ_CM_Fig_Python/Public_Reproducibility_Package_V01/npjcm-free-energy-surrogate_Re3/Python_Codes/table/snapshots_split/Cu_300K_snap00037.extxyz,Cu,300,Cu__300,7.006846434708222e-05,0.00012079972117948205,5.073125683239983e-05,5.073125683239983e-05
/Users/yti0811/Desktop/FE_data/npj_CM01/NPJ_CM_Fig_Python/Public_Reproducibility_Package_V01/npjcm-free-energy-surrogate_Re3/Python_Codes/table/snapshots_split/Cu_300K_snap00038.extxyz,Cu,300,Cu__300,-4.205982719530822e-05,0.00012079972117948205,0.00016285954837479027,0.00016285954837479027
/Users/yti0811/Desktop/FE_data/npj_CM01/NPJ_CM_Fig_Python/Public_Reproducibility_Package_V01/npjcm-free-energy-surrogate_Re3/Python_Codes/table/snapshots_split/Cu_300K_snap00039.extxyz,Cu,300,Cu__300,-0.0001230968265497,0.00012079972117948205,0.00024389654772918206,0.00024389654772918206
/Users/yti0811/Desktop/FE_data/npj_CM01/NPJ_CM_Fig_Python/Public_Reproducibility_Package_V01/npjcm-free-energy-surrogate_Re3/Python_Codes/table/snapshots_split/Cu_300K_snap00040.extxyz,Cu,300,Cu__300,-7.33419055888475e-06,0.00012079972117948205,0.0001281339117383668,0.0001281339117383668
/Users/yti0811/Desktop/FE_data/npj_CM01/NPJ_CM_Fig_Python/Public_Reproducibility_Package_V01/npjcm-free-energy-surrogate_Re3/Python_Codes/table/snapshots_split/Cu_300K_snap00041.extxyz,Cu,300,Cu__300,2.69367087137745e-05,0.00012079972117948205,9.386301246570755e-05,9.386301246570755e-05
/Users/yti0811/Desktop/FE_data/npj_CM01/NPJ_CM_Fig_Python/Public_Reproducibility_Package_V01/npjcm-free-energy-surrogate_Re3/Python_Codes/table/snapshots_split/Cu_300K_snap00042.extxyz,Cu,300,Cu__300,-7.934730024152253e-06,0.00012079972117948205,0.0001287344512036343,0.0001287344512036343
/Users/yti0811/Desktop/FE_data/npj_CM01/NPJ_CM_Fig_Python/Public_Reproducibility_Package_V01/npjcm-free-energy-surrogate_Re3/Python_Codes/table/snapshots_split/Cu_300K_snap00043.extxyz,Cu,300,Cu__300,3.492667422254457e-05,0.00012079972117948205,8.587304695693748e-05,8.587304695693748e-05
/Users/yti0811/Desktop/FE_data/npj_CM01/NPJ_CM_Fig_Python/Public_Reproducibility_Package_V01/npjcm-free-energy-surrogate_Re3/Python_Codes/table/snapshots_split/Cu_300K_snap00044.extxyz,Cu,300,Cu__300,-0.0002136314523063,0.00012079972117948205,0.00033443117348578205,0.00033443117348578205
/Users/yti0811/Desktop/FE_data/npj_CM01/NPJ_CM_Fig_Python/Public_Reproducibility_Package_V01/npjcm-free-energy-surrogate_Re3/Python_Codes/table/snapshots_split/Cu_300K_snap00045.extxyz,Cu,300,Cu__300,0.0003030698594383,0.00012079972117948205,-0.00018227013825881792,0.00018227013825881792
/Users/yti0811/Desktop/FE_data/npj_CM01/NPJ_CM_Fig_Python/Public_Reproducibility_Package_V01/npjcm-free-energy-surrogate_Re3/Python_Codes/table/snapshots_split/Cu_300K_snap00046.extxyz,Cu,300,Cu__300,1.394824209198618e-05,0.00012079972117948205,0.00010685147908749587,0.00010685147908749587
/Users/yti0811/Desktop/FE_data/npj_CM01/NPJ_CM_Fig_Python/Public_Reproducibility_Package_V01/npjcm-free-energy-surrogate_Re3/Python_Codes/table/snapshots_split/Cu_300K_snap00047.extxyz,Cu,300,Cu__300,-0.0001316903035458,0.00012079972117948205,0.00025249002472528206,0.00025249002472528206
/Users/yti0811/Desktop/FE_data/npj_CM01/NPJ_CM_Fig_Python/Public_Reproducibility_Package_V01/npjcm-free-energy-surrogate_Re3/Python_Codes/table/snapshots_split/Cu_300K_snap00048.extxyz,Cu,300,Cu__300,4.1243319825895305e-06,0.00012079972117948205,0.00011667538919689252,0.00011667538919689252
/Users/yti0811/Desktop/FE_data/npj_CM01/NPJ_CM_Fig_Python/Public_Reproducibility_Package_V01/npjcm-free-energy-surrogate_Re3/Python_Codes/table/snapshots_split/Cu_300K_snap00049.extxyz,Cu,300,Cu__300,0.0001310896445429,0.00012079972117948205,-1.0289923363417935e-05,1.0289923363417935e-05
/Users/yti0811/Desktop/FE_data/npj_CM01/NPJ_CM_Fig_Python/Public_Reproducibility_Package_V01/npjcm-free-energy-surrogate_Re3/Python_Codes/table/snapshots_split/Cu_300K_snap00050.extxyz,Cu,300,Cu__300,-0.00021461292713,0.00012079972117948205,0.00033541264830948205,0.00033541264830948205
/Users/yti0811/Desktop/FE_data/npj_CM01/NPJ_CM_Fig_Python/Public_Reproducibility_Package_V01/npjcm-free-energy-surrogate_Re3/Python_Codes/table/snapshots_split/Cu_300K_snap00051.extxyz,Cu,300,Cu__300,-4.2307867480623365e-06,0.00012079972117948205,0.00012503050792754439,0.00012503050792754439
/Users/yti0811/Desktop/FE_data/npj_CM01/NPJ_CM_Fig_Python/Public_Reproducibility_Package_V01/npjcm-free-energy-surrogate_Re3/Python_Codes/table/snapshots_split/Cu_300K_snap00052.extxyz,Cu,300,Cu__300,-0.0002739080936277,0.00012079972117948205,0.00039470781480718207,0.00039470781480718207
/Users/yti0811/Desktop/FE_data/npj_CM01/NPJ_CM_Fig_Python/Public_Reproducibility_Package_V01/npjcm-free-energy-surrogate_Re3/Python_Codes/table/snapshots_split/Cu_300K_snap00053.extxyz,Cu,300,Cu__300,-6.254624617697715e-05,0.00012079972117948205,0.00018334596735645922,0.00018334596735645922
/Users/yti0811/Desktop/FE_data/npj_CM01/NPJ_CM_Fig_Python/Public_Reproducibility_Package_V01/npjcm-free-energy-surrogate_Re3/Python_Codes/table/snapshots_split/Cu_300K_snap00054.extxyz,Cu,300,Cu__300,-5.6115123155743864e-05,0.00012079972117948205,0.00017691484433522592,0.00017691484433522592
/Users/yti0811/Desktop/FE_data/npj_CM01/NPJ_CM_Fig_Python/Public_Reproducibility_Package_V01/npjcm-free-energy-surrogate_Re3/Python_Codes/table/snapshots_split/Cu_300K_snap00055.extxyz,Cu,300,Cu__300,-5.77716217860086e-05,0.00012079972117948205,0.00017857134296549065,0.00017857134296549065
/Users/yti0811/Desktop/FE_data/npj_CM01/NPJ_CM_Fig_Python/Public_Reproducibility_Package_V01/npjcm-free-energy-surrogate_Re3/Python_Codes/table/snapshots_split/Cu_300K_snap00056.extxyz,Cu,300,Cu__300,-8.443066127440558e-05,0.00012079972117948205,0.00020523038245388764,0.00020523038245388764
/Users/yti0811/Desktop/FE_data/npj_CM01/NPJ_CM_Fig_Python/Public_Reproducibility_Package_V01/npjcm-free-energy-surrogate_Re3/Python_Codes/table/snapshots_split/Cu_300K_snap00057.extxyz,Cu,300,Cu__300,0.0001061966500799,0.00012079972117948205,1.4603071099582055e-05,1.4603071099582055e-05
/Users/yti0811/Desktop/FE_data/npj_CM01/NPJ_CM_Fig_Python/Public_Reproducibility_Package_V01/npjcm-free-energy-surrogate_Re3/Python_Codes/table/snapshots_split/Cu_300K_snap00058.extxyz,Cu,300,Cu__300,-0.000281622611823,0.00012079972117948205,0.0004024223330024821,0.0004024223330024821
/Users/yti0811/Desktop/FE_data/npj_CM01/NPJ_CM_Fig_Python/Public_Reproducibility_Package_V01/npjcm-free-energy-surrogate_Re3/Python_Codes/table/snapshots_split/Cu_300K_snap00059.extxyz,Cu,300,Cu__300,0.0001211885040572,0.00012079972117948205,-3.8878287771794515e-07,3.8878287771794515e-07
/Users/yti0811/Desktop/FE_data/npj_CM01/NPJ_CM_Fig_Python/Public_Reproducibility_Package_V01/npjcm-free-energy-surrogate_Re3/Python_Codes/table/snapshots_split/Cu_300K_snap00060.extxyz,Cu,300,Cu__300,9.663724984760146e-05,0.00012079972117948205,2.4162471331880592e-05,2.4162471331880592e-05
/Users/yti0811/Desktop/FE_data/npj_CM01/NPJ_CM_Fig_Python/Public_Reproducibility_Package_V01/npjcm-free-energy-surrogate_Re3/Python_Codes/table/snapshots_split/Cu_300K_snap00061.extxyz,Cu,300,Cu__300,-0.0001076420654344,0.00012079972117948205,0.00022844178661388207,0.00022844178661388207
/Users/yti0811/Desktop/FE_data/npj_CM01/NPJ_CM_Fig_Python/Public_Reproducibility_Package_V01/npjcm-free-energy-surrogate_Re3/Python_Codes/table/snapshots_split/Cu_300K_snap00062.extxyz,Cu,300,Cu__300,-2.710308841371039e-06,0.00012079972117948205,0.0001235100300208531,0.0001235100300208531
/Users/yti0811/Desktop/FE_data/npj_CM01/NPJ_CM_Fig_Python/Public_Reproducibility_Package_V01/npjcm-free-energy-surrogate_Re3/Python_Codes/table/snapshots_split/Cu_300K_snap00063.extxyz,Cu,300,Cu__300,7.061039395449387e-05,0.00012079972117948205,5.0189327224988185e-05,5.0189327224988185e-05
/Users/yti0811/Desktop/FE_data/npj_CM01/NPJ_CM_Fig_Python/Public_Reproducibility_Package_V01/npjcm-free-energy-surrogate_Re3/Python_Codes/table/snapshots_split/Cu_300K_snap00064.extxyz,Cu,300,Cu__300,1.4543819154320658e-05,0.00012079972117948205,0.0001062559020251614,0.0001062559020251614
/Users/yti0811/Desktop/FE_data/npj_CM01/NPJ_CM_Fig_Python/Public_Reproducibility_Package_V01/npjcm-free-energy-surrogate_Re3/Python_Codes/table/snapshots_split/Cu_300K_snap00065.extxyz,Cu,300,Cu__300,0.0002219039512833,0.00012079972117948205,-0.00010110423010381796,0.00010110423010381796
/Users/yti0811/Desktop/FE_data/npj_CM01/NPJ_CM_Fig_Python/Public_Reproducibility_Package_V01/npjcm-free-energy-surrogate_Re3/Python_Codes/table/snapshots_split/Cu_300K_snap00066.extxyz,Cu,300,Cu__300,1.5105463451168794e-05,0.00012079972117948205,0.00010569425772831325,0.00010569425772831325
/Users/yti0811/Desktop/FE_data/npj_CM01/NPJ_CM_Fig_Python/Public_Reproducibility_Package_V01/npjcm-free-energy-surrogate_Re3/Python_Codes/table/snapshots_split/Cu_300K_snap00067.extxyz,Cu,300,Cu__300,0.0001755975801027,0.00012079972117948205,-5.479785892321795e-05,5.479785892321795e-05
/Users/yti0811/Desktop/FE_data/npj_CM01/NPJ_CM_Fig_Python/Public_Reproducibility_Package_V01/npjcm-free-energy-surrogate_Re3/Python_Codes/table/snapshots_split/Cu_300K_snap00068.extxyz,Cu,300,Cu__300,-2.927553555755082e-05,0.00012079972117948205,0.00015007525673703287,0.00015007525673703287
/Users/yti0811/Desktop/FE_data/npj_CM01/NPJ_CM_Fig_Python/Public_Reproducibility_Package_V01/npjcm-free-energy-surrogate_Re3/Python_Codes/table/snapshots_split/Cu_300K_snap00069.extxyz,Cu,300,Cu__300,-0.00012521304789,0.00012079972117948205,0.0002460127690694821,0.0002460127690694821
/Users/yti0811/Desktop/FE_data/npj_CM01/NPJ_CM_Fig_Python/Public_Reproducibility_Package_V01/npjcm-free-energy-surrogate_Re3/Python_Codes/table/snapshots_split/Cu_300K_snap00070.extxyz,Cu,300,Cu__300,-6.844510906224456e-05,0.00012079972117948205,0.0001892448302417266,0.0001892448302417266
/Users/yti0811/Desktop/FE_data/npj_CM01/NPJ_CM_Fig_Python/Public_Reproducibility_Package_V01/npjcm-free-energy-surrogate_Re3/Python_Codes/table/snapshots_split/Cu_300K_snap00071.extxyz,Cu,300,Cu__300,-0.0002339743844487,0.00012079972117948205,0.00035477410562818207,0.00035477410562818207
/Users/yti0811/Desktop/FE_data/npj_CM01/NPJ_CM_Fig_Python/Public_Reproducibility_Package_V01/npjcm-free-energy-surrogate_Re3/Python_Codes/table/snapshots_split/Cu_300K_snap00072.extxyz,Cu,300,Cu__300,-0.0003530254535125,0.00012079972117948205,0.00047382517469198206,0.00047382517469198206
/Users/yti0811/Desktop/FE_data/npj_CM01/NPJ_CM_Fig_Python/Public_Reproducibility_Package_V01/npjcm-free-energy-surrogate_Re3/Python_Codes/table/snapshots_split/Cu_300K_snap00073.extxyz,Cu,300,Cu__300,2.9225685529863916e-05,0.00012079972117948205,9.157403564961813e-05,9.157403564961813e-05
/Users/yti0811/Desktop/FE_data/npj_CM01/NPJ_CM_Fig_Python/Public_Reproducibility_Package_V01/npjcm-free-energy-surrogate_Re3/Python_Codes/table/snapshots_split/Cu_300K_snap00074.extxyz,Cu,300,Cu__300,-6.461782898993811e-06,0.00012079972117948205,0.00012726150407847586,0.00012726150407847586
/Users/yti0811/Desktop/FE_data/npj_CM01/NPJ_CM_Fig_Python/Public_Reproducibility_Package_V01/npjcm-free-energy-surrogate_Re3/Python_Codes/table/snapshots_split/Cu_300K_snap00075.extxyz,Cu,300,Cu__300,0.0002472372943622,0.00012079972117948205,-0.00012643757318271795,0.00012643757318271795
/Users/yti0811/Desktop/FE_data/npj_CM01/NPJ_CM_Fig_Python/Public_Reproducibility_Package_V01/npjcm-free-energy-surrogate_Re3/Python_Codes/table/snapshots_split/Cu_300K_snap00076.extxyz,Cu,300,Cu__300,4.817968579916397e-05,0.00012079972117948205,7.262003538031808e-05,7.262003538031808e-05
/Users/yti0811/Desktop/FE_data/npj_CM01/NPJ_CM_Fig_Python/Public_Reproducibility_Package_V01/npjcm-free-energy-surrogate_Re3/Python_Codes/table/snapshots_split/Cu_300K_snap00077.extxyz,Cu,300,Cu__300,0.0001214583302164,0.00012079972117948205,-6.5860903691795e-07,6.5860903691795e-07
/Users/yti0811/Desktop/FE_data/npj_CM01/NPJ_CM_Fig_Python/Public_Reproducibility_Package_V01/npjcm-free-energy-surrogate_Re3/Python_Codes/table/snapshots_split/Cu_300K_snap00078.extxyz,Cu,300,Cu__300,0.0001942066155224,0.00012079972117948205,-7.340689434291794e-05,7.340689434291794e-05
/Users/yti0811/Desktop/FE_data/npj_CM01/NPJ_CM_Fig_Python/Public_Reproducibility_Package_V01/npjcm-free-energy-surrogate_Re3/Python_Codes/table/snapshots_split/Cu_300K_snap00079.extxyz,Cu,300,Cu__300,2.7314805713705687e-05,0.00012079972117948205,9.348491546577636e-05,9.348491546577636e-05
/Users/yti0811/Desktop/FE_data/npj_CM01/NPJ_CM_Fig_Python/Public_Reproducibility_Package_V01/npjcm-free-energy-surrogate_Re3/Python_Codes/table/snapshots_split/Cu_300K_snap00080.extxyz,Cu,300,Cu__300,-0.000209200222636,0.00012079972117948205,0.0003299999438154821,0.0003299999438154821
/Users/yti0811/Desktop/FE_data/npj_CM01/NPJ_CM_Fig_Python/Public_Reproducibility_Package_V01/npjcm-free-energy-surrogate_Re3/Python_Codes/table/snapshots_split/Cu_300K_snap00081.extxyz,Cu,300,Cu__300,0.0001581782702504,0.00012079972117948205,-3.7378549070917944e-05,3.7378549070917944e-05
/Users/yti0811/Desktop/FE_data/npj_CM01/NPJ_CM_Fig_Python/Public_Reproducibility_Package_V01/npjcm-free-energy-surrogate_Re3/Python_Codes/table/snapshots_split/Cu_300K_snap00082.extxyz,Cu,300,Cu__300,0.0001117284593656,0.00012079972117948205,9.071261813882052e-06,9.071261813882052e-06
/Users/yti0811/Desktop/FE_data/npj_CM01/NPJ_CM_Fig_Python/Public_Reproducibility_Package_V01/npjcm-free-energy-surrogate_Re3/Python_Codes/table/snapshots_split/Cu_300K_snap00083.extxyz,Cu,300,Cu__300,-3.4960352709236266e-05,0.00012079972117948205,0.00015576007388871832,0.00015576007388871832
/Users/yti0811/Desktop/FE_data/npj_CM01/NPJ_CM_Fig_Python/Public_Reproducibility_Package_V01/npjcm-free-energy-surrogate_Re3/Python_Codes/table/snapshots_split/Cu_300K_snap00084.extxyz,Cu,300,Cu__300,5.287408059649722e-05,0.00012079972117948205,6.792564058298483e-05,6.792564058298483e-05
/Users/yti0811/Desktop/FE_data/npj_CM01/NPJ_CM_Fig_Python/Public_Reproducibility_Package_V01/npjcm-free-energy-surrogate_Re3/Python_Codes/table/snapshots_split/Cu_300K_snap00085.extxyz,Cu,300,Cu__300,-0.0002085575574541,0.00012079972117948205,0.00032935727863358204,0.00032935727863358204
/Users/yti0811/Desktop/FE_data/npj_CM01/NPJ_CM_Fig_Python/Public_Reproducibility_Package_V01/npjcm-free-energy-surrogate_Re3/Python_Codes/table/snapshots_split/Cu_300K_snap00086.extxyz,Cu,300,Cu__300,1.1434745818648655e-05,0.00012079972117948205,0.00010936497536083339,0.00010936497536083339
/Users/yti0811/Desktop/FE_data/npj_CM01/NPJ_CM_Fig_Python/Public_Reproducibility_Package_V01/npjcm-free-energy-surrogate_Re3/Python_Codes/table/snapshots_split/Cu_300K_snap00087.extxyz,Cu,300,Cu__300,-0.0001932439146118,0.00012079972117948205,0.00031404363579128205,0.00031404363579128205
/Users/yti0811/Desktop/FE_data/npj_CM01/NPJ_CM_Fig_Python/Public_Reproducibility_Package_V01/npjcm-free-energy-surrogate_Re3/Python_Codes/table/snapshots_split/Cu_300K_snap00088.extxyz,Cu,300,Cu__300,2.7031864084024455e-05,0.00012079972117948205,9.37678570954576e-05,9.37678570954576e-05
/Users/yti0811/Desktop/FE_data/npj_CM01/NPJ_CM_Fig_Python/Public_Reproducibility_Package_V01/npjcm-free-energy-surrogate_Re3/Python_Codes/table/snapshots_split/Cu_300K_snap00089.extxyz,Cu,300,Cu__300,-1.868388845195525e-05,0.00012079972117948205,0.0001394836096314373,0.0001394836096314373
/Users/yti0811/Desktop/FE_data/npj_CM01/NPJ_CM_Fig_Python/Public_Reproducibility_Package_V01/npjcm-free-energy-surrogate_Re3/Python_Codes/table/snapshots_split/Cu_300K_snap00090.extxyz,Cu,300,Cu__300,-0.0003017237389063,0.00012079972117948205,0.0004225234600857821,0.0004225234600857821
/Users/yti0811/Desktop/FE_data/npj_CM01/NPJ_CM_Fig_Python/Public_Reproducibility_Package_V01/npjcm-free-energy-surrogate_Re3/Python_Codes/table/snapshots_split/Cu_300K_snap00091.extxyz,Cu,300,Cu__300,0.0002215322186183,0.00012079972117948205,-0.00010073249743881796,0.00010073249743881796
/Users/yti0811/Desktop/FE_data/npj_CM01/NPJ_CM_Fig_Python/Public_Reproducibility_Package_V01/npjcm-free-energy-surrogate_Re3/Python_Codes/table/snapshots_split/Cu_300K_snap00092.extxyz,Cu,300,Cu__300,-5.890745775617602e-05,0.00012079972117948205,0.00017970717893565807,0.00017970717893565807
/Users/yti0811/Desktop/FE_data/npj_CM01/NPJ_CM_Fig_Python/Public_Reproducibility_Package_V01/npjcm-free-energy-surrogate_Re3/Python_Codes/table/snapshots_split/Cu_300K_snap00093.extxyz,Cu,300,Cu__300,-0.0001929072752665,0.00012079972117948205,0.00031370699644598206,0.00031370699644598206
/Users/yti0811/Desktop/FE_data/npj_CM01/NPJ_CM_Fig_Python/Public_Reproducibility_Package_V01/npjcm-free-energy-surrogate_Re3/Python_Codes/table/snapshots_split/Cu_300K_snap00094.extxyz,Cu,300,Cu__300,0.0001337777137741,0.00012079972117948205,-1.2977992594617957e-05,1.2977992594617957e-05
/Users/yti0811/Desktop/FE_data/npj_CM01/NPJ_CM_Fig_Python/Public_Reproducibility_Package_V01/npjcm-free-energy-surrogate_Re3/Python_Codes/table/snapshots_split/Cu_300K_snap00095.extxyz,Cu,300,Cu__300,8.083608572110146e-05,0.00012079972117948205,3.996363545838059e-05,3.996363545838059e-05
/Users/yti0811/Desktop/FE_data/npj_CM01/NPJ_CM_Fig_Python/Public_Reproducibility_Package_V01/npjcm-free-energy-surrogate_Re3/Python_Codes/table/snapshots_split/Cu_300K_snap00096.extxyz,Cu,300,Cu__300,-0.0001675264147421,0.00012079972117948205,0.00028832613592158203,0.00028832613592158203
/Users/yti0811/Desktop/FE_data/npj_CM01/NPJ_CM_Fig_Python/Public_Reproducibility_Package_V01/npjcm-free-energy-surrogate_Re3/Python_Codes/table/snapshots_split/Cu_300K_snap00097.extxyz,Cu,300,Cu__300,-0.0001385576597704,0.00012079972117948205,0.00025935738094988204,0.00025935738094988204
/Users/yti0811/Desktop/FE_data/npj_CM01/NPJ_CM_Fig_Python/Public_Reproducibility_Package_V01/npjcm-free-energy-surrogate_Re3/Python_Codes/table/snapshots_split/Cu_300K_snap00098.extxyz,Cu,300,Cu__300,-0.0001113216789559,0.00012079972117948205,0.00023212140013538206,0.00023212140013538206
/Users/yti0811/Desktop/FE_data/npj_CM01/NPJ_CM_Fig_Python/Public_Reproducibility_Package_V01/npjcm-free-energy-surrogate_Re3/Python_Codes/table/snapshots_split/Cu_300K_snap00099.extxyz,Cu,300,Cu__300,0.0002775443698026,0.00012079972117948205,-0.00015674464862311795,0.00015674464862311795
/Users/yti0811/Desktop/FE_data/npj_CM01/NPJ_CM_Fig_Python/Public_Reproducibility_Package_V01/npjcm-free-energy-surrogate_Re3/Python_Codes/table/snapshots_split/Cu_400K_snap00000.extxyz,Cu,400,Cu__400,-0.0018815391135604,0.00012079972117948205,0.002002338834739882,0.002002338834739882
/Users/yti0811/Desktop/FE_data/npj_CM01/NPJ_CM_Fig_Python/Public_Reproducibility_Package_V01/npjcm-free-energy-surrogate_Re3/Python_Codes/table/snapshots_split/Cu_400K_snap00001.extxyz,Cu,400,Cu__400,-0.0019390203779696,0.00012079972117948205,0.002059820099149082,0.002059820099149082
/Users/yti0811/Desktop/FE_data/npj_CM01/NPJ_CM_Fig_Python/Public_Reproducibility_Package_V01/npjcm-free-energy-surrogate_Re3/Python_Codes/table/snapshots_split/Cu_400K_snap00002.extxyz,Cu,400,Cu__400,-0.0018311852899772,0.00012079972117948205,0.001951985011156682,0.001951985011156682
/Users/yti0811/Desktop/FE_data/npj_CM01/NPJ_CM_Fig_Python/Public_Reproducibility_Package_V01/npjcm-free-energy-surrogate_Re3/Python_Codes/table/snapshots_split/Cu_400K_snap00003.extxyz,Cu,400,Cu__400,-0.0022678517355427,0.00012079972117948205,0.002388651456722182,0.002388651456722182
/Users/yti0811/Desktop/FE_data/npj_CM01/NPJ_CM_Fig_Python/Public_Reproducibility_Package_V01/npjcm-free-energy-surrogate_Re3/Python_Codes/table/snapshots_split/Cu_400K_snap00004.extxyz,Cu,400,Cu__400,-0.0020026771923067,0.00012079972117948205,0.002123476913486182,0.002123476913486182
/Users/yti0811/Desktop/FE_data/npj_CM01/NPJ_CM_Fig_Python/Public_Reproducibility_Package_V01/npjcm-free-energy-surrogate_Re3/Python_Codes/table/snapshots_split/Cu_400K_snap00005.extxyz,Cu,400,Cu__400,-0.0022376079424515,0.00012079972117948205,0.002358407663630982,0.002358407663630982
/Users/yti0811/Desktop/FE_data/npj_CM01/NPJ_CM_Fig_Python/Public_Reproducibility_Package_V01/npjcm-free-energy-surrogate_Re3/Python_Codes/table/snapshots_split/Cu_400K_snap00006.extxyz,Cu,400,Cu__400,-0.0020077207878275,0.00012079972117948205,0.002128520509006982,0.002128520509006982
/Users/yti0811/Desktop/FE_data/npj_CM01/NPJ_CM_Fig_Python/Public_Reproducibility_Package_V01/npjcm-free-energy-surrogate_Re3/Python_Codes/table/snapshots_split/Cu_400K_snap00007.extxyz,Cu,400,Cu__400,-0.0019528601836888,0.00012079972117948205,0.002073659904868282,0.002073659904868282
/Users/yti0811/Desktop/FE_data/npj_CM01/NPJ_CM_Fig_Python/Public_Reproducibility_Package_V01/npjcm-free-energy-surrogate_Re3/Python_Codes/table/snapshots_split/Cu_400K_snap00008.extxyz,Cu,400,Cu__400,-0.0017646909626725,0.00012079972117948205,0.001885490683851982,0.001885490683851982
/Users/yti0811/Desktop/FE_data/npj_CM01/NPJ_CM_Fig_Python/Public_Reproducibility_Package_V01/npjcm-free-energy-surrogate_Re3/Python_Codes/table/snapshots_split/Cu_400K_snap00009.extxyz,Cu,400,Cu__400,-0.0020658085162441,0.00012079972117948205,0.002186608237423582,0.002186608237423582
/Users/yti0811/Desktop/FE_data/npj_CM01/NPJ_CM_Fig_Python/Public_Reproducibility_Package_V01/npjcm-free-energy-surrogate_Re3/Python_Codes/table/snapshots_split/Cu_400K_snap00010.extxyz,Cu,400,Cu__400,-0.0020241401318643,0.00012079972117948205,0.002144939853043782,0.002144939853043782
/Users/yti0811/Desktop/FE_data/npj_CM01/NPJ_CM_Fig_Python/Public_Reproducibility_Package_V01/npjcm-free-energy-surrogate_Re3/Python_Codes/table/snapshots_split/Cu_400K_snap00011.extxyz,Cu,400,Cu__400,-0.0020220638562973,0.00012079972117948205,0.002142863577476782,0.002142863577476782
/Users/yti0811/Desktop/FE_data/npj_CM01/NPJ_CM_Fig_Python/Public_Reproducibility_Package_V01/npjcm-free-energy-surrogate_Re3/Python_Codes/table/snapshots_split/Cu_400K_snap00012.extxyz,Cu,400,Cu__400,-0.001849307335906,0.00012079972117948205,0.001970107057085482,0.001970107057085482
/Users/yti0811/Desktop/FE_data/npj_CM01/NPJ_CM_Fig_Python/Public_Reproducibility_Package_V01/npjcm-free-energy-surrogate_Re3/Python_Codes/table/snapshots_split/Cu_400K_snap00013.extxyz,Cu,400,Cu__400,-0.0019242840421584,0.00012079972117948205,0.002045083763337882,0.002045083763337882
/Users/yti0811/Desktop/FE_data/npj_CM01/NPJ_CM_Fig_Python/Public_Reproducibility_Package_V01/npjcm-free-energy-surrogate_Re3/Python_Codes/table/snapshots_split/Cu_400K_snap00014.extxyz,Cu,400,Cu__400,-0.0024276883707114,0.00012079972117948205,0.002548488091890882,0.002548488091890882
/Users/yti0811/Desktop/FE_data/npj_CM01/NPJ_CM_Fig_Python/Public_Reproducibility_Package_V01/npjcm-free-energy-surrogate_Re3/Python_Codes/table/snapshots_split/Cu_400K_snap00015.extxyz,Cu,400,Cu__400,-0.0019523847583551,0.00012079972117948205,0.0020731844795345822,0.0020731844795345822
/Users/yti0811/Desktop/FE_data/npj_CM01/NPJ_CM_Fig_Python/Public_Reproducibility_Package_V01/npjcm-free-energy-surrogate_Re3/Python_Codes/table/snapshots_split/Cu_400K_snap00016.extxyz,Cu,400,Cu__400,-0.0016566878138575,0.00012079972117948205,0.001777487535036982,0.001777487535036982
/Users/yti0811/Desktop/FE_data/npj_CM01/NPJ_CM_Fig_Python/Public_Reproducibility_Package_V01/npjcm-free-energy-surrogate_Re3/Python_Codes/table/snapshots_split/Cu_400K_snap00017.extxyz,Cu,400,Cu__400,-0.0019247539980833,0.00012079972117948205,0.002045553719262782,0.002045553719262782
/Users/yti0811/Desktop/FE_data/npj_CM01/NPJ_CM_Fig_Python/Public_Reproducibility_Package_V01/npjcm-free-energy-surrogate_Re3/Python_Codes/table/snapshots_split/Cu_400K_snap00018.extxyz,Cu,400,Cu__400,-0.0021015325775741,0.00012079972117948205,0.002222332298753582,0.002222332298753582
/Users/yti0811/Desktop/FE_data/npj_CM01/NPJ_CM_Fig_Python/Public_Reproducibility_Package_V01/npjcm-free-energy-surrogate_Re3/Python_Codes/table/snapshots_split/Cu_400K_snap00019.extxyz,Cu,400,Cu__400,-0.0023563846440763,0.00012079972117948205,0.002477184365255782,0.002477184365255782
/Users/yti0811/Desktop/FE_data/npj_CM01/NPJ_CM_Fig_Python/Public_Reproducibility_Package_V01/npjcm-free-energy-surrogate_Re3/Python_Codes/table/snapshots_split/Cu_400K_snap00020.extxyz,Cu,400,Cu__400,-0.0018564365113315,0.00012079972117948205,0.001977236232510982,0.001977236232510982
/Users/yti0811/Desktop/FE_data/npj_CM01/NPJ_CM_Fig_Python/Public_Reproducibility_Package_V01/npjcm-free-energy-surrogate_Re3/Python_Codes/table/snapshots_split/Cu_400K_snap00021.extxyz,Cu,400,Cu__400,-0.0018508778397112,0.00012079972117948205,0.0019716775608906822,0.0019716775608906822
/Users/yti0811/Desktop/FE_data/npj_CM01/NPJ_CM_Fig_Python/Public_Reproducibility_Package_V01/npjcm-free-energy-surrogate_Re3/Python_Codes/table/snapshots_split/Cu_400K_snap00022.extxyz,Cu,400,Cu__400,-0.0022334071097387,0.00012079972117948205,0.002354206830918182,0.002354206830918182
/Users/yti0811/Desktop/FE_data/npj_CM01/NPJ_CM_Fig_Python/Public_Reproducibility_Package_V01/npjcm-free-energy-surrogate_Re3/Python_Codes/table/snapshots_split/Cu_400K_snap00023.extxyz,Cu,400,Cu__400,-0.0021253251424666,0.00012079972117948205,0.002246124863646082,0.002246124863646082
/Users/yti0811/Desktop/FE_data/npj_CM01/NPJ_CM_Fig_Python/Public_Reproducibility_Package_V01/npjcm-free-energy-surrogate_Re3/Python_Codes/table/snapshots_split/Cu_400K_snap00024.extxyz,Cu,400,Cu__400,-0.0021906440391305,0.00012079972117948205,0.002311443760309982,0.002311443760309982
/Users/yti0811/Desktop/FE_data/npj_CM01/NPJ_CM_Fig_Python/Public_Reproducibility_Package_V01/npjcm-free-energy-surrogate_Re3/Python_Codes/table/snapshots_split/Cu_400K_snap00025.extxyz,Cu,400,Cu__400,-0.0022509695214702,0.00012079972117948205,0.002371769242649682,0.002371769242649682
/Users/yti0811/Desktop/FE_data/npj_CM01/NPJ_CM_Fig_Python/Public_Reproducibility_Package_V01/npjcm-free-energy-surrogate_Re3/Python_Codes/table/snapshots_split/Cu_400K_snap00026.extxyz,Cu,400,Cu__400,-0.0021330865224124,0.00012079972117948205,0.002253886243591882,0.002253886243591882
/Users/yti0811/Desktop/FE_data/npj_CM01/NPJ_CM_Fig_Python/Public_Reproducibility_Package_V01/npjcm-free-energy-surrogate_Re3/Python_Codes/table/snapshots_split/Cu_400K_snap00027.extxyz,Cu,400,Cu__400,-0.0019418174696945,0.00012079972117948205,0.002062617190873982,0.002062617190873982
/Users/yti0811/Desktop/FE_data/npj_CM01/NPJ_CM_Fig_Python/Public_Reproducibility_Package_V01/npjcm-free-energy-surrogate_Re3/Python_Codes/table/snapshots_split/Cu_400K_snap00028.extxyz,Cu,400,Cu__400,-0.0019499645581908,0.00012079972117948205,0.0020707642793702822,0.0020707642793702822
/Users/yti0811/Desktop/FE_data/npj_CM01/NPJ_CM_Fig_Python/Public_Reproducibility_Package_V01/npjcm-free-energy-surrogate_Re3/Python_Codes/table/snapshots_split/Cu_400K_snap00029.extxyz,Cu,400,Cu__400,-0.0019340409741626,0.00012079972117948205,0.002054840695342082,0.002054840695342082
/Users/yti0811/Desktop/FE_data/npj_CM01/NPJ_CM_Fig_Python/Public_Reproducibility_Package_V01/npjcm-free-energy-surrogate_Re3/Python_Codes/table/snapshots_split/Cu_400K_snap00030.extxyz,Cu,400,Cu__400,-0.0018907878339677,0.00012079972117948205,0.002011587555147182,0.002011587555147182
/Users/yti0811/Desktop/FE_data/npj_CM01/NPJ_CM_Fig_Python/Public_Reproducibility_Package_V01/npjcm-free-energy-surrogate_Re3/Python_Codes/table/snapshots_split/Cu_400K_snap00031.extxyz,Cu,400,Cu__400,-0.0021800232412192,0.00012079972117948205,0.002300822962398682,0.002300822962398682
/Users/yti0811/Desktop/FE_data/npj_CM01/NPJ_CM_Fig_Python/Public_Reproducibility_Package_V01/npjcm-free-energy-surrogate_Re3/Python_Codes/table/snapshots_split/Cu_400K_snap00032.extxyz,Cu,400,Cu__400,-0.0014593574483692,0.00012079972117948205,0.001580157169548682,0.001580157169548682
/Users/yti0811/Desktop/FE_data/npj_CM01/NPJ_CM_Fig_Python/Public_Reproducibility_Package_V01/npjcm-free-energy-surrogate_Re3/Python_Codes/table/snapshots_split/Cu_400K_snap00033.extxyz,Cu,400,Cu__400,-0.0018864742892303,0.00012079972117948205,0.0020072740104097823,0.0020072740104097823
/Users/yti0811/Desktop/FE_data/npj_CM01/NPJ_CM_Fig_Python/Public_Reproducibility_Package_V01/npjcm-free-energy-surrogate_Re3/Python_Codes/table/snapshots_split/Cu_400K_snap00034.extxyz,Cu,400,Cu__400,-0.0022058419689154,0.00012079972117948205,0.002326641690094882,0.002326641690094882
/Users/yti0811/Desktop/FE_data/npj_CM01/NPJ_CM_Fig_Python/Public_Reproducibility_Package_V01/npjcm-free-energy-surrogate_Re3/Python_Codes/table/snapshots_split/Cu_400K_snap00035.extxyz,Cu,400,Cu__400,-0.0022578623667421,0.00012079972117948205,0.002378662087921582,0.002378662087921582
/Users/yti0811/Desktop/FE_data/npj_CM01/NPJ_CM_Fig_Python/Public_Reproducibility_Package_V01/npjcm-free-energy-surrogate_Re3/Python_Codes/table/snapshots_split/Cu_400K_snap00036.extxyz,Cu,400,Cu__400,-0.0021211389673529,0.00012079972117948205,0.002241938688532382,0.002241938688532382
/Users/yti0811/Desktop/FE_data/npj_CM01/NPJ_CM_Fig_Python/Public_Reproducibility_Package_V01/npjcm-free-energy-surrogate_Re3/Python_Codes/table/snapshots_split/Cu_400K_snap00037.extxyz,Cu,400,Cu__400,-0.0022791738253307,0.00012079972117948205,0.002399973546510182,0.002399973546510182
/Users/yti0811/Desktop/FE_data/npj_CM01/NPJ_CM_Fig_Python/Public_Reproducibility_Package_V01/npjcm-free-energy-surrogate_Re3/Python_Codes/table/snapshots_split/Cu_400K_snap00038.extxyz,Cu,400,Cu__400,-0.0018901123503467,0.00012079972117948205,0.0020109120715261822,0.0020109120715261822
/Users/yti0811/Desktop/FE_data/npj_CM01/NPJ_CM_Fig_Python/Public_Reproducibility_Package_V01/npjcm-free-energy-surrogate_Re3/Python_Codes/table/snapshots_split/Cu_400K_snap00039.extxyz,Cu,400,Cu__400,-0.001999795181661,0.00012079972117948205,0.002120594902840482,0.002120594902840482
/Users/yti0811/Desktop/FE_data/npj_CM01/NPJ_CM_Fig_Python/Public_Reproducibility_Package_V01/npjcm-free-energy-surrogate_Re3/Python_Codes/table/snapshots_split/Cu_400K_snap00040.extxyz,Cu,400,Cu__400,-0.0017303264824564,0.00012079972117948205,0.001851126203635882,0.001851126203635882
/Users/yti0811/Desktop/FE_data/npj_CM01/NPJ_CM_Fig_Python/Public_Reproducibility_Package_V01/npjcm-free-energy-surrogate_Re3/Python_Codes/table/snapshots_split/Cu_400K_snap00041.extxyz,Cu,400,Cu__400,-0.002046633240285,0.00012079972117948205,0.002167432961464482,0.002167432961464482
/Users/yti0811/Desktop/FE_data/npj_CM01/NPJ_CM_Fig_Python/Public_Reproducibility_Package_V01/npjcm-free-energy-surrogate_Re3/Python_Codes/table/snapshots_split/Cu_400K_snap00042.extxyz,Cu,400,Cu__400,-0.0018059081442278,0.00012079972117948205,0.001926707865407282,0.001926707865407282
/Users/yti0811/Desktop/FE_data/npj_CM01/NPJ_CM_Fig_Python/Public_Reproducibility_Package_V01/npjcm-free-energy-surrogate_Re3/Python_Codes/table/snapshots_split/Cu_400K_snap00043.extxyz,Cu,400,Cu__400,-0.0021994185055054,0.00012079972117948205,0.002320218226684882,0.002320218226684882
/Users/yti0811/Desktop/FE_data/npj_CM01/NPJ_CM_Fig_Python/Public_Reproducibility_Package_V01/npjcm-free-energy-surrogate_Re3/Python_Codes/table/snapshots_split/Cu_400K_snap00044.extxyz,Cu,400,Cu__400,-0.002124952840504,0.00012079972117948205,0.002245752561683482,0.002245752561683482
/Users/yti0811/Desktop/FE_data/npj_CM01/NPJ_CM_Fig_Python/Public_Reproducibility_Package_V01/npjcm-free-energy-surrogate_Re3/Python_Codes/table/snapshots_split/Cu_400K_snap00045.extxyz,Cu,400,Cu__400,-0.0018857676028676,0.00012079972117948205,0.002006567324047082,0.002006567324047082
/Users/yti0811/Desktop/FE_data/npj_CM01/NPJ_CM_Fig_Python/Public_Reproducibility_Package_V01/npjcm-free-energy-surrogate_Re3/Python_Codes/table/snapshots_split/Cu_400K_snap00046.extxyz,Cu,400,Cu__400,-0.0018766578339617,0.00012079972117948205,0.001997457555141182,0.001997457555141182
/Users/yti0811/Desktop/FE_data/npj_CM01/NPJ_CM_Fig_Python/Public_Reproducibility_Package_V01/npjcm-free-energy-surrogate_Re3/Python_Codes/table/snapshots_split/Cu_400K_snap00047.extxyz,Cu,400,Cu__400,-0.0022149602158201,0.00012079972117948205,0.002335759936999582,0.002335759936999582
/Users/yti0811/Desktop/FE_data/npj_CM01/NPJ_CM_Fig_Python/Public_Reproducibility_Package_V01/npjcm-free-energy-surrogate_Re3/Python_Codes/table/snapshots_split/Cu_400K_snap00048.extxyz,Cu,400,Cu__400,-0.0019291277178887,0.00012079972117948205,0.002049927439068182,0.002049927439068182
/Users/yti0811/Desktop/FE_data/npj_CM01/NPJ_CM_Fig_Python/Public_Reproducibility_Package_V01/npjcm-free-energy-surrogate_Re3/Python_Codes/table/snapshots_split/Cu_400K_snap00049.extxyz,Cu,400,Cu__400,-0.0020645221125667,0.00012079972117948205,0.002185321833746182,0.002185321833746182
/Users/yti0811/Desktop/FE_data/npj_CM01/NPJ_CM_Fig_Python/Public_Reproducibility_Package_V01/npjcm-free-energy-surrogate_Re3/Python_Codes/table/snapshots_split/Cu_400K_snap00050.extxyz,Cu,400,Cu__400,-0.0019298843618509,0.00012079972117948205,0.002050684083030382,0.002050684083030382
/Users/yti0811/Desktop/FE_data/npj_CM01/NPJ_CM_Fig_Python/Public_Reproducibility_Package_V01/npjcm-free-energy-surrogate_Re3/Python_Codes/table/snapshots_split/Cu_400K_snap00051.extxyz,Cu,400,Cu__400,-0.0020417084754011,0.00012079972117948205,0.002162508196580582,0.002162508196580582
/Users/yti0811/Desktop/FE_data/npj_CM01/NPJ_CM_Fig_Python/Public_Reproducibility_Package_V01/npjcm-free-energy-surrogate_Re3/Python_Codes/table/snapshots_split/Cu_400K_snap00052.extxyz,Cu,400,Cu__400,-0.002247649306609,0.00012079972117948205,0.002368449027788482,0.002368449027788482
/Users/yti0811/Desktop/FE_data/npj_CM01/NPJ_CM_Fig_Python/Public_Reproducibility_Package_V01/npjcm-free-energy-surrogate_Re3/Python_Codes/table/snapshots_split/Cu_400K_snap00053.extxyz,Cu,400,Cu__400,-0.0019403062353351,0.00012079972117948205,0.002061105956514582,0.002061105956514582
/Users/yti0811/Desktop/FE_data/npj_CM01/NPJ_CM_Fig_Python/Public_Reproducibility_Package_V01/npjcm-free-energy-surrogate_Re3/Python_Codes/table/snapshots_split/Cu_400K_snap00054.extxyz,Cu,400,Cu__400,-0.0017575200802433,0.00012079972117948205,0.001878319801422782,0.001878319801422782
/Users/yti0811/Desktop/FE_data/npj_CM01/NPJ_CM_Fig_Python/Public_Reproducibility_Package_V01/npjcm-free-energy-surrogate_Re3/Python_Codes/table/snapshots_split/Cu_400K_snap00055.extxyz,Cu,400,Cu__400,-0.0018673224033309,0.00012079972117948205,0.001988122124510382,0.001988122124510382
/Users/yti0811/Desktop/FE_data/npj_CM01/NPJ_CM_Fig_Python/Public_Reproducibility_Package_V01/npjcm-free-energy-surrogate_Re3/Python_Codes/table/snapshots_split/Cu_400K_snap00056.extxyz,Cu,400,Cu__400,-0.0019137905673898,0.00012079972117948205,0.002034590288569282,0.002034590288569282
/Users/yti0811/Desktop/FE_data/npj_CM01/NPJ_CM_Fig_Python/Public_Reproducibility_Package_V01/npjcm-free-energy-surrogate_Re3/Python_Codes/table/snapshots_split/Cu_400K_snap00057.extxyz,Cu,400,Cu__400,-0.0016904806149082,0.00012079972117948205,0.001811280336087682,0.001811280336087682
/Users/yti0811/Desktop/FE_data/npj_CM01/NPJ_CM_Fig_Python/Public_Reproducibility_Package_V01/npjcm-free-energy-surrogate_Re3/Python_Codes/table/snapshots_split/Cu_400K_snap00058.extxyz,Cu,400,Cu__400,-0.0018900497935629,0.00012079972117948205,0.0020108495147423823,0.0020108495147423823
/Users/yti0811/Desktop/FE_data/npj_CM01/NPJ_CM_Fig_Python/Public_Reproducibility_Package_V01/npjcm-free-energy-surrogate_Re3/Python_Codes/table/snapshots_split/Cu_400K_snap00059.extxyz,Cu,400,Cu__400,-0.0019527889337469,0.00012079972117948205,0.002073588654926382,0.002073588654926382
/Users/yti0811/Desktop/FE_data/npj_CM01/NPJ_CM_Fig_Python/Public_Reproducibility_Package_V01/npjcm-free-energy-surrogate_Re3/Python_Codes/table/snapshots_split/Cu_400K_snap00060.extxyz,Cu,400,Cu__400,-0.0019822747582525,0.00012079972117948205,0.002103074479431982,0.002103074479431982
/Users/yti0811/Desktop/FE_data/npj_CM01/NPJ_CM_Fig_Python/Public_Reproducibility_Package_V01/npjcm-free-energy-surrogate_Re3/Python_Codes/table/snapshots_split/Cu_400K_snap00061.extxyz,Cu,400,Cu__400,-0.0017785470174111,0.00012079972117948205,0.001899346738590582,0.001899346738590582
/Users/yti0811/Desktop/FE_data/npj_CM01/NPJ_CM_Fig_Python/Public_Reproducibility_Package_V01/npjcm-free-energy-surrogate_Re3/Python_Codes/table/snapshots_split/Cu_400K_snap00062.extxyz,Cu,400,Cu__400,-0.0019247389630541,0.00012079972117948205,0.002045538684233582,0.002045538684233582
/Users/yti0811/Desktop/FE_data/npj_CM01/NPJ_CM_Fig_Python/Public_Reproducibility_Package_V01/npjcm-free-energy-surrogate_Re3/Python_Codes/table/snapshots_split/Cu_400K_snap00063.extxyz,Cu,400,Cu__400,-0.0021250811894231,0.00012079972117948205,0.002245880910602582,0.002245880910602582
/Users/yti0811/Desktop/FE_data/npj_CM01/NPJ_CM_Fig_Python/Public_Reproducibility_Package_V01/npjcm-free-energy-surrogate_Re3/Python_Codes/table/snapshots_split/Cu_400K_snap00064.extxyz,Cu,400,Cu__400,-0.0022421990878651,0.00012079972117948205,0.002362998809044582,0.002362998809044582
/Users/yti0811/Desktop/FE_data/npj_CM01/NPJ_CM_Fig_Python/Public_Reproducibility_Package_V01/npjcm-free-energy-surrogate_Re3/Python_Codes/table/snapshots_split/Cu_400K_snap00065.extxyz,Cu,400,Cu__400,-0.0014169919704909,0.00012079972117948205,0.001537791691670382,0.001537791691670382
/Users/yti0811/Desktop/FE_data/npj_CM01/NPJ_CM_Fig_Python/Public_Reproducibility_Package_V01/npjcm-free-energy-surrogate_Re3/Python_Codes/table/snapshots_split/Cu_400K_snap00066.extxyz,Cu,400,Cu__400,-0.0017588514239963,0.00012079972117948205,0.001879651145175782,0.001879651145175782
/Users/yti0811/Desktop/FE_data/npj_CM01/NPJ_CM_Fig_Python/Public_Reproducibility_Package_V01/npjcm-free-energy-surrogate_Re3/Python_Codes/table/snapshots_split/Cu_400K_snap00067.extxyz,Cu,400,Cu__400,-0.0018029902994545,0.00012079972117948205,0.001923790020633982,0.001923790020633982
/Users/yti0811/Desktop/FE_data/npj_CM01/NPJ_CM_Fig_Python/Public_Reproducibility_Package_V01/npjcm-free-energy-surrogate_Re3/Python_Codes/table/snapshots_split/Cu_400K_snap00068.extxyz,Cu,400,Cu__400,-0.0018789223995159,0.00012079972117948205,0.0019997221206953823,0.0019997221206953823
/Users/yti0811/Desktop/FE_data/npj_CM01/NPJ_CM_Fig_Python/Public_Reproducibility_Package_V01/npjcm-free-energy-surrogate_Re3/Python_Codes/table/snapshots_split/Cu_400K_snap00069.extxyz,Cu,400,Cu__400,-0.0018767398139329,0.00012079972117948205,0.001997539535112382,0.001997539535112382
/Users/yti0811/Desktop/FE_data/npj_CM01/NPJ_CM_Fig_Python/Public_Reproducibility_Package_V01/npjcm-free-energy-surrogate_Re3/Python_Codes/table/snapshots_split/Cu_400K_snap00070.extxyz,Cu,400,Cu__400,-0.0019159223018805,0.00012079972117948205,0.0020367220230599822,0.0020367220230599822
/Users/yti0811/Desktop/FE_data/npj_CM01/NPJ_CM_Fig_Python/Public_Reproducibility_Package_V01/npjcm-free-energy-surrogate_Re3/Python_Codes/table/snapshots_split/Cu_400K_snap00071.extxyz,Cu,400,Cu__400,-0.0021640694281574,0.00012079972117948205,0.002284869149336882,0.002284869149336882
/Users/yti0811/Desktop/FE_data/npj_CM01/NPJ_CM_Fig_Python/Public_Reproducibility_Package_V01/npjcm-free-energy-surrogate_Re3/Python_Codes/table/snapshots_split/Cu_400K_snap00072.extxyz,Cu,400,Cu__400,-0.0018596552544742,0.00012079972117948205,0.001980454975653682,0.001980454975653682
/Users/yti0811/Desktop/FE_data/npj_CM01/NPJ_CM_Fig_Python/Public_Reproducibility_Package_V01/npjcm-free-energy-surrogate_Re3/Python_Codes/table/snapshots_split/Cu_400K_snap00073.extxyz,Cu,400,Cu__400,-0.0020566868353668,0.00012079972117948205,0.002177486556546282,0.002177486556546282
/Users/yti0811/Desktop/FE_data/npj_CM01/NPJ_CM_Fig_Python/Public_Reproducibility_Package_V01/npjcm-free-energy-surrogate_Re3/Python_Codes/table/snapshots_split/Cu_400K_snap00074.extxyz,Cu,400,Cu__400,-0.0023721297915826,0.00012079972117948205,0.002492929512762082,0.002492929512762082
/Users/yti0811/Desktop/FE_data/npj_CM01/NPJ_CM_Fig_Python/Public_Reproducibility_Package_V01/npjcm-free-energy-surrogate_Re3/Python_Codes/table/snapshots_split/Cu_400K_snap00075.extxyz,Cu,400,Cu__400,-0.0023688270722716,0.00012079972117948205,0.002489626793451082,0.002489626793451082
/Users/yti0811/Desktop/FE_data/npj_CM01/NPJ_CM_Fig_Python/Public_Reproducibility_Package_V01/npjcm-free-energy-surrogate_Re3/Python_Codes/table/snapshots_split/Cu_400K_snap00076.extxyz,Cu,400,Cu__400,-0.0018085049025913,0.00012079972117948205,0.001929304623770782,0.001929304623770782
/Users/yti0811/Desktop/FE_data/npj_CM01/NPJ_CM_Fig_Python/Public_Reproducibility_Package_V01/npjcm-free-energy-surrogate_Re3/Python_Codes/table/snapshots_split/Cu_400K_snap00077.extxyz,Cu,400,Cu__400,-0.0021133041598568,0.00012079972117948205,0.002234103881036282,0.002234103881036282
/Users/yti0811/Desktop/FE_data/npj_CM01/NPJ_CM_Fig_Python/Public_Reproducibility_Package_V01/npjcm-free-energy-surrogate_Re3/Python_Codes/table/snapshots_split/Cu_400K_snap00078.extxyz,Cu,400,Cu__400,-0.0022624166001055,0.00012079972117948205,0.002383216321284982,0.002383216321284982
/Users/yti0811/Desktop/FE_data/npj_CM01/NPJ_CM_Fig_Python/Public_Reproducibility_Package_V01/npjcm-free-energy-surrogate_Re3/Python_Codes/table/snapshots_split/Cu_400K_snap00079.extxyz,Cu,400,Cu__400,-0.0019345095796463,0.00012079972117948205,0.002055309300825782,0.002055309300825782
/Users/yti0811/Desktop/FE_data/npj_CM01/NPJ_CM_Fig_Python/Public_Reproducibility_Package_V01/npjcm-free-energy-surrogate_Re3/Python_Codes/table/snapshots_split/Cu_400K_snap00080.extxyz,Cu,400,Cu__400,-0.0019824210738708,0.00012079972117948205,0.002103220795050282,0.002103220795050282
/Users/yti0811/Desktop/FE_data/npj_CM01/NPJ_CM_Fig_Python/Public_Reproducibility_Package_V01/npjcm-free-energy-surrogate_Re3/Python_Codes/table/snapshots_split/Cu_400K_snap00081.extxyz,Cu,400,Cu__400,-0.0018796379801781,0.00012079972117948205,0.002000437701357582,0.002000437701357582
/Users/yti0811/Desktop/FE_data/npj_CM01/NPJ_CM_Fig_Python/Public_Reproducibility_Package_V01/npjcm-free-energy-surrogate_Re3/Python_Codes/table/snapshots_split/Cu_400K_snap00082.extxyz,Cu,400,Cu__400,-0.0019800227825434,0.00012079972117948205,0.002100822503722882,0.002100822503722882
/Users/yti0811/Desktop/FE_data/npj_CM01/NPJ_CM_Fig_Python/Public_Reproducibility_Package_V01/npjcm-free-energy-surrogate_Re3/Python_Codes/table/snapshots_split/Cu_400K_snap00083.extxyz,Cu,400,Cu__400,-0.0018891423778923,0.00012079972117948205,0.0020099420990717823,0.0020099420990717823
/Users/yti0811/Desktop/FE_data/npj_CM01/NPJ_CM_Fig_Python/Public_Reproducibility_Package_V01/npjcm-free-energy-surrogate_Re3/Python_Codes/table/snapshots_split/Cu_400K_snap00084.extxyz,Cu,400,Cu__400,-0.001932993536192,0.00012079972117948205,0.002053793257371482,0.002053793257371482
/Users/yti0811/Desktop/FE_data/npj_CM01/NPJ_CM_Fig_Python/Public_Reproducibility_Package_V01/npjcm-free-energy-surrogate_Re3/Python_Codes/table/snapshots_split/Cu_400K_snap00085.extxyz,Cu,400,Cu__400,-0.001881134726481,0.00012079972117948205,0.002001934447660482,0.002001934447660482
/Users/yti0811/Desktop/FE_data/npj_CM01/NPJ_CM_Fig_Python/Public_Reproducibility_Package_V01/npjcm-free-energy-surrogate_Re3/Python_Codes/table/snapshots_split/Cu_400K_snap00086.extxyz,Cu,400,Cu__400,-0.0020754687029604,0.00012079972117948205,0.002196268424139882,0.002196268424139882
/Users/yti0811/Desktop/FE_data/npj_CM01/NPJ_CM_Fig_Python/Public_Reproducibility_Package_V01/npjcm-free-energy-surrogate_Re3/Python_Codes/table/snapshots_split/Cu_400K_snap00087.extxyz,Cu,400,Cu__400,-0.0018802314251686,0.00012079972117948205,0.002001031146348082,0.002001031146348082
/Users/yti0811/Desktop/FE_data/npj_CM01/NPJ_CM_Fig_Python/Public_Reproducibility_Package_V01/npjcm-free-energy-surrogate_Re3/Python_Codes/table/snapshots_split/Cu_400K_snap00088.extxyz,Cu,400,Cu__400,-0.0019950990436408,0.00012079972117948205,0.002115898764820282,0.002115898764820282
/Users/yti0811/Desktop/FE_data/npj_CM01/NPJ_CM_Fig_Python/Public_Reproducibility_Package_V01/npjcm-free-energy-surrogate_Re3/Python_Codes/table/snapshots_split/Cu_400K_snap00089.extxyz,Cu,400,Cu__400,-0.0020782406508206,0.00012079972117948205,0.002199040372000082,0.002199040372000082
/Users/yti0811/Desktop/FE_data/npj_CM01/NPJ_CM_Fig_Python/Public_Reproducibility_Package_V01/npjcm-free-energy-surrogate_Re3/Python_Codes/table/snapshots_split/Cu_400K_snap00090.extxyz,Cu,400,Cu__400,-0.0020827365156197,0.00012079972117948205,0.002203536236799182,0.002203536236799182
/Users/yti0811/Desktop/FE_data/npj_CM01/NPJ_CM_Fig_Python/Public_Reproducibility_Package_V01/npjcm-free-energy-surrogate_Re3/Python_Codes/table/snapshots_split/Cu_400K_snap00091.extxyz,Cu,400,Cu__400,-0.0018635271039042,0.00012079972117948205,0.001984326825083682,0.001984326825083682
/Users/yti0811/Desktop/FE_data/npj_CM01/NPJ_CM_Fig_Python/Public_Reproducibility_Package_V01/npjcm-free-energy-surrogate_Re3/Python_Codes/table/snapshots_split/Cu_400K_snap00092.extxyz,Cu,400,Cu__400,-0.0017727943749643,0.00012079972117948205,0.001893594096143782,0.001893594096143782
/Users/yti0811/Desktop/FE_data/npj_CM01/NPJ_CM_Fig_Python/Public_Reproducibility_Package_V01/npjcm-free-energy-surrogate_Re3/Python_Codes/table/snapshots_split/Cu_400K_snap00093.extxyz,Cu,400,Cu__400,-0.0018093096094076,0.00012079972117948205,0.001930109330587082,0.001930109330587082
/Users/yti0811/Desktop/FE_data/npj_CM01/NPJ_CM_Fig_Python/Public_Reproducibility_Package_V01/npjcm-free-energy-surrogate_Re3/Python_Codes/table/snapshots_split/Cu_400K_snap00094.extxyz,Cu,400,Cu__400,-0.0017224771247286,0.00012079972117948205,0.001843276845908082,0.001843276845908082
/Users/yti0811/Desktop/FE_data/npj_CM01/NPJ_CM_Fig_Python/Public_Reproducibility_Package_V01/npjcm-free-energy-surrogate_Re3/Python_Codes/table/snapshots_split/Cu_400K_snap00095.extxyz,Cu,400,Cu__400,-0.0021811707753998,0.00012079972117948205,0.002301970496579282,0.002301970496579282
/Users/yti0811/Desktop/FE_data/npj_CM01/NPJ_CM_Fig_Python/Public_Reproducibility_Package_V01/npjcm-free-energy-surrogate_Re3/Python_Codes/table/snapshots_split/Cu_400K_snap00096.extxyz,Cu,400,Cu__400,-0.0018458537032199,0.00012079972117948205,0.001966653424399382,0.001966653424399382
/Users/yti0811/Desktop/FE_data/npj_CM01/NPJ_CM_Fig_Python/Public_Reproducibility_Package_V01/npjcm-free-energy-surrogate_Re3/Python_Codes/table/snapshots_split/Cu_400K_snap00097.extxyz,Cu,400,Cu__400,-0.0018251046971449,0.00012079972117948205,0.0019459044183243821,0.0019459044183243821
/Users/yti0811/Desktop/FE_data/npj_CM01/NPJ_CM_Fig_Python/Public_Reproducibility_Package_V01/npjcm-free-energy-surrogate_Re3/Python_Codes/table/snapshots_split/Cu_400K_snap00098.extxyz,Cu,400,Cu__400,-0.0022144635626162,0.00012079972117948205,0.002335263283795682,0.002335263283795682
/Users/yti0811/Desktop/FE_data/npj_CM01/NPJ_CM_Fig_Python/Public_Reproducibility_Package_V01/npjcm-free-energy-surrogate_Re3/Python_Codes/table/snapshots_split/Cu_400K_snap00099.extxyz,Cu,400,Cu__400,-0.0019960062107595,0.00012079972117948205,0.002116805931938982,0.002116805931938982
/Users/yti0811/Desktop/FE_data/npj_CM01/NPJ_CM_Fig_Python/Public_Reproducibility_Package_V01/npjcm-free-energy-surrogate_Re3/Python_Codes/table/snapshots_split/Cu_500K_snap00000.extxyz,Cu,500,Cu__500,-0.0047189271373322,0.00012079972117948205,0.004839726858511682,0.004839726858511682
/Users/yti0811/Desktop/FE_data/npj_CM01/NPJ_CM_Fig_Python/Public_Reproducibility_Package_V01/npjcm-free-energy-surrogate_Re3/Python_Codes/table/snapshots_split/Cu_500K_snap00001.extxyz,Cu,500,Cu__500,-0.0047570061883406,0.00012079972117948205,0.004877805909520082,0.004877805909520082
/Users/yti0811/Desktop/FE_data/npj_CM01/NPJ_CM_Fig_Python/Public_Reproducibility_Package_V01/npjcm-free-energy-surrogate_Re3/Python_Codes/table/snapshots_split/Cu_500K_snap00002.extxyz,Cu,500,Cu__500,-0.0041794971410505,0.00012079972117948205,0.004300296862229982,0.004300296862229982
/Users/yti0811/Desktop/FE_data/npj_CM01/NPJ_CM_Fig_Python/Public_Reproducibility_Package_V01/npjcm-free-energy-surrogate_Re3/Python_Codes/table/snapshots_split/Cu_500K_snap00003.extxyz,Cu,500,Cu__500,-0.0048354968138628,0.00012079972117948205,0.004956296535042282,0.004956296535042282
/Users/yti0811/Desktop/FE_data/npj_CM01/NPJ_CM_Fig_Python/Public_Reproducibility_Package_V01/npjcm-free-energy-surrogate_Re3/Python_Codes/table/snapshots_split/Cu_500K_snap00004.extxyz,Cu,500,Cu__500,-0.0048253917339348,0.00012079972117948205,0.004946191455114282,0.004946191455114282
/Users/yti0811/Desktop/FE_data/npj_CM01/NPJ_CM_Fig_Python/Public_Reproducibility_Package_V01/npjcm-free-energy-surrogate_Re3/Python_Codes/table/snapshots_split/Cu_500K_snap00005.extxyz,Cu,500,Cu__500,-0.0043270197642727,0.00012079972117948205,0.004447819485452182,0.004447819485452182
/Users/yti0811/Desktop/FE_data/npj_CM01/NPJ_CM_Fig_Python/Public_Reproducibility_Package_V01/npjcm-free-energy-surrogate_Re3/Python_Codes/table/snapshots_split/Cu_500K_snap00006.extxyz,Cu,500,Cu__500,-0.0044758499573384,0.00012079972117948205,0.004596649678517882,0.004596649678517882
/Users/yti0811/Desktop/FE_data/npj_CM01/NPJ_CM_Fig_Python/Public_Reproducibility_Package_V01/npjcm-free-energy-surrogate_Re3/Python_Codes/table/snapshots_split/Cu_500K_snap00007.extxyz,Cu,500,Cu__500,-0.0043989978192228,0.00012079972117948205,0.004519797540402282,0.004519797540402282
/Users/yti0811/Desktop/FE_data/npj_CM01/NPJ_CM_Fig_Python/Public_Reproducibility_Package_V01/npjcm-free-energy-surrogate_Re3/Python_Codes/table/snapshots_split/Cu_500K_snap00008.extxyz,Cu,500,Cu__500,-0.0042933279661533,0.00012079972117948205,0.004414127687332782,0.004414127687332782
/Users/yti0811/Desktop/FE_data/npj_CM01/NPJ_CM_Fig_Python/Public_Reproducibility_Package_V01/npjcm-free-energy-surrogate_Re3/Python_Codes/table/snapshots_split/Cu_500K_snap00009.extxyz,Cu,500,Cu__500,-0.0043845864389145,0.00012079972117948205,0.004505386160093982,0.004505386160093982
/Users/yti0811/Desktop/FE_data/npj_CM01/NPJ_CM_Fig_Python/Public_Reproducibility_Package_V01/npjcm-free-energy-surrogate_Re3/Python_Codes/table/snapshots_split/Cu_500K_snap00010.extxyz,Cu,500,Cu__500,-0.0044965860962759,0.00012079972117948205,0.004617385817455382,0.004617385817455382
/Users/yti0811/Desktop/FE_data/npj_CM01/NPJ_CM_Fig_Python/Public_Reproducibility_Package_V01/npjcm-free-energy-surrogate_Re3/Python_Codes/table/snapshots_split/Cu_500K_snap00011.extxyz,Cu,500,Cu__500,-0.0040465765447325,0.00012079972117948205,0.004167376265911982,0.004167376265911982
/Users/yti0811/Desktop/FE_data/npj_CM01/NPJ_CM_Fig_Python/Public_Reproducibility_Package_V01/npjcm-free-energy-surrogate_Re3/Python_Codes/table/snapshots_split/Cu_500K_snap00012.extxyz,Cu,500,Cu__500,-0.0042501172119102,0.00012079972117948205,0.004370916933089682,0.004370916933089682
/Users/yti0811/Desktop/FE_data/npj_CM01/NPJ_CM_Fig_Python/Public_Reproducibility_Package_V01/npjcm-free-energy-surrogate_Re3/Python_Codes/table/snapshots_split/Cu_500K_snap00013.extxyz,Cu,500,Cu__500,-0.0047613384787874,0.00012079972117948205,0.004882138199966882,0.004882138199966882
/Users/yti0811/Desktop/FE_data/npj_CM01/NPJ_CM_Fig_Python/Public_Reproducibility_Package_V01/npjcm-free-energy-surrogate_Re3/Python_Codes/table/snapshots_split/Cu_500K_snap00014.extxyz,Cu,500,Cu__500,-0.0046263393788041,0.00012079972117948205,0.004747139099983582,0.004747139099983582
/Users/yti0811/Desktop/FE_data/npj_CM01/NPJ_CM_Fig_Python/Public_Reproducibility_Package_V01/npjcm-free-energy-surrogate_Re3/Python_Codes/table/snapshots_split/Cu_500K_snap00015.extxyz,Cu,500,Cu__500,-0.004481808912132,0.00012079972117948205,0.004602608633311482,0.004602608633311482
/Users/yti0811/Desktop/FE_data/npj_CM01/NPJ_CM_Fig_Python/Public_Reproducibility_Package_V01/npjcm-free-energy-surrogate_Re3/Python_Codes/table/snapshots_split/Cu_500K_snap00016.extxyz,Cu,500,Cu__500,-0.0046173134449984,0.00012079972117948205,0.004738113166177882,0.004738113166177882
/Users/yti0811/Desktop/FE_data/npj_CM01/NPJ_CM_Fig_Python/Public_Reproducibility_Package_V01/npjcm-free-energy-surrogate_Re3/Python_Codes/table/snapshots_split/Cu_500K_snap00017.extxyz,Cu,500,Cu__500,-0.004490384299034,0.00012079972117948205,0.004611184020213482,0.004611184020213482
/Users/yti0811/Desktop/FE_data/npj_CM01/NPJ_CM_Fig_Python/Public_Reproducibility_Package_V01/npjcm-free-energy-surrogate_Re3/Python_Codes/table/snapshots_split/Cu_500K_snap00018.extxyz,Cu,500,Cu__500,-0.0049335013707424,0.00012079972117948205,0.005054301091921882,0.005054301091921882
/Users/yti0811/Desktop/FE_data/npj_CM01/NPJ_CM_Fig_Python/Public_Reproducibility_Package_V01/npjcm-free-energy-surrogate_Re3/Python_Codes/table/snapshots_split/Cu_500K_snap00019.extxyz,Cu,500,Cu__500,-0.0045142168506231,0.00012079972117948205,0.004635016571802582,0.004635016571802582
/Users/yti0811/Desktop/FE_data/npj_CM01/NPJ_CM_Fig_Python/Public_Reproducibility_Package_V01/npjcm-free-energy-surrogate_Re3/Python_Codes/table/snapshots_split/Cu_500K_snap00020.extxyz,Cu,500,Cu__500,-0.0045336890025921,0.00012079972117948205,0.004654488723771582,0.004654488723771582
/Users/yti0811/Desktop/FE_data/npj_CM01/NPJ_CM_Fig_Python/Public_Reproducibility_Package_V01/npjcm-free-energy-surrogate_Re3/Python_Codes/table/snapshots_split/Cu_500K_snap00021.extxyz,Cu,500,Cu__500,-0.0045126072492593,0.00012079972117948205,0.004633406970438782,0.004633406970438782
/Users/yti0811/Desktop/FE_data/npj_CM01/NPJ_CM_Fig_Python/Public_Reproducibility_Package_V01/npjcm-free-energy-surrogate_Re3/Python_Codes/table/snapshots_split/Cu_500K_snap00022.extxyz,Cu,500,Cu__500,-0.0043235923462172,0.00012079972117948205,0.004444392067396682,0.004444392067396682
/Users/yti0811/Desktop/FE_data/npj_CM01/NPJ_CM_Fig_Python/Public_Reproducibility_Package_V01/npjcm-free-energy-surrogate_Re3/Python_Codes/table/snapshots_split/Cu_500K_snap00023.extxyz,Cu,500,Cu__500,-0.004722063141207,0.00012079972117948205,0.004842862862386482,0.004842862862386482
/Users/yti0811/Desktop/FE_data/npj_CM01/NPJ_CM_Fig_Python/Public_Reproducibility_Package_V01/npjcm-free-energy-surrogate_Re3/Python_Codes/table/snapshots_split/Cu_500K_snap00024.extxyz,Cu,500,Cu__500,-0.0048148510262125,0.00012079972117948205,0.004935650747391982,0.004935650747391982
/Users/yti0811/Desktop/FE_data/npj_CM01/NPJ_CM_Fig_Python/Public_Reproducibility_Package_V01/npjcm-free-energy-surrogate_Re3/Python_Codes/table/snapshots_split/Cu_500K_snap00025.extxyz,Cu,500,Cu__500,-0.0049460419212379,0.00012079972117948205,0.005066841642417382,0.005066841642417382
/Users/yti0811/Desktop/FE_data/npj_CM01/NPJ_CM_Fig_Python/Public_Reproducibility_Package_V01/npjcm-free-energy-surrogate_Re3/Python_Codes/table/snapshots_split/Cu_500K_snap00026.extxyz,Cu,500,Cu__500,-0.0044436195117739,0.00012079972117948205,0.004564419232953382,0.004564419232953382
/Users/yti0811/Desktop/FE_data/npj_CM01/NPJ_CM_Fig_Python/Public_Reproducibility_Package_V01/npjcm-free-energy-surrogate_Re3/Python_Codes/table/snapshots_split/Cu_500K_snap00027.extxyz,Cu,500,Cu__500,-0.0047982668685526,0.00012079972117948205,0.004919066589732082,0.004919066589732082
/Users/yti0811/Desktop/FE_data/npj_CM01/NPJ_CM_Fig_Python/Public_Reproducibility_Package_V01/npjcm-free-energy-surrogate_Re3/Python_Codes/table/snapshots_split/Cu_500K_snap00028.extxyz,Cu,500,Cu__500,-0.0044302027700262,0.00012079972117948205,0.004551002491205682,0.004551002491205682
/Users/yti0811/Desktop/FE_data/npj_CM01/NPJ_CM_Fig_Python/Public_Reproducibility_Package_V01/npjcm-free-energy-surrogate_Re3/Python_Codes/table/snapshots_split/Cu_500K_snap00029.extxyz,Cu,500,Cu__500,-0.004806051160595,0.00012079972117948205,0.004926850881774482,0.004926850881774482
/Users/yti0811/Desktop/FE_data/npj_CM01/NPJ_CM_Fig_Python/Public_Reproducibility_Package_V01/npjcm-free-energy-surrogate_Re3/Python_Codes/table/snapshots_split/Cu_500K_snap00030.extxyz,Cu,500,Cu__500,-0.0045971527909282,0.00012079972117948205,0.004717952512107682,0.004717952512107682
/Users/yti0811/Desktop/FE_data/npj_CM01/NPJ_CM_Fig_Python/Public_Reproducibility_Package_V01/npjcm-free-energy-surrogate_Re3/Python_Codes/table/snapshots_split/Cu_500K_snap00031.extxyz,Cu,500,Cu__500,-0.0043092357699663,0.00012079972117948205,0.004430035491145782,0.004430035491145782
/Users/yti0811/Desktop/FE_data/npj_CM01/NPJ_CM_Fig_Python/Public_Reproducibility_Package_V01/npjcm-free-energy-surrogate_Re3/Python_Codes/table/snapshots_split/Cu_500K_snap00032.extxyz,Cu,500,Cu__500,-0.004630988937635,0.00012079972117948205,0.004751788658814482,0.004751788658814482
/Users/yti0811/Desktop/FE_data/npj_CM01/NPJ_CM_Fig_Python/Public_Reproducibility_Package_V01/npjcm-free-energy-surrogate_Re3/Python_Codes/table/snapshots_split/Cu_500K_snap00033.extxyz,Cu,500,Cu__500,-0.0048004736727786,0.00012079972117948205,0.004921273393958082,0.004921273393958082
/Users/yti0811/Desktop/FE_data/npj_CM01/NPJ_CM_Fig_Python/Public_Reproducibility_Package_V01/npjcm-free-energy-surrogate_Re3/Python_Codes/table/snapshots_split/Cu_500K_snap00034.extxyz,Cu,500,Cu__500,-0.00468822429755,0.00012079972117948205,0.004809024018729482,0.004809024018729482
/Users/yti0811/Desktop/FE_data/npj_CM01/NPJ_CM_Fig_Python/Public_Reproducibility_Package_V01/npjcm-free-energy-surrogate_Re3/Python_Codes/table/snapshots_split/Cu_500K_snap00035.extxyz,Cu,500,Cu__500,-0.0042225509181371,0.00012079972117948205,0.004343350639316582,0.004343350639316582
/Users/yti0811/Desktop/FE_data/npj_CM01/NPJ_CM_Fig_Python/Public_Reproducibility_Package_V01/npjcm-free-energy-surrogate_Re3/Python_Codes/table/snapshots_split/Cu_500K_snap00036.extxyz,Cu,500,Cu__500,-0.0046636437811788,0.00012079972117948205,0.004784443502358282,0.004784443502358282
/Users/yti0811/Desktop/FE_data/npj_CM01/NPJ_CM_Fig_Python/Public_Reproducibility_Package_V01/npjcm-free-energy-surrogate_Re3/Python_Codes/table/snapshots_split/Cu_500K_snap00037.extxyz,Cu,500,Cu__500,-0.004662963538935,0.00012079972117948205,0.004783763260114482,0.004783763260114482
/Users/yti0811/Desktop/FE_data/npj_CM01/NPJ_CM_Fig_Python/Public_Reproducibility_Package_V01/npjcm-free-energy-surrogate_Re3/Python_Codes/table/snapshots_split/Cu_500K_snap00038.extxyz,Cu,500,Cu__500,-0.0048949941346111,0.00012079972117948205,0.005015793855790582,0.005015793855790582
/Users/yti0811/Desktop/FE_data/npj_CM01/NPJ_CM_Fig_Python/Public_Reproducibility_Package_V01/npjcm-free-energy-surrogate_Re3/Python_Codes/table/snapshots_split/Cu_500K_snap00039.extxyz,Cu,500,Cu__500,-0.0046199616294839,0.00012079972117948205,0.004740761350663382,0.004740761350663382
/Users/yti0811/Desktop/FE_data/npj_CM01/NPJ_CM_Fig_Python/Public_Reproducibility_Package_V01/npjcm-free-energy-surrogate_Re3/Python_Codes/table/snapshots_split/Cu_500K_snap00040.extxyz,Cu,500,Cu__500,-0.0045705324432638,0.00012079972117948205,0.004691332164443282,0.004691332164443282
/Users/yti0811/Desktop/FE_data/npj_CM01/NPJ_CM_Fig_Python/Public_Reproducibility_Package_V01/npjcm-free-energy-surrogate_Re3/Python_Codes/table/snapshots_split/Cu_500K_snap00041.extxyz,Cu,500,Cu__500,-0.0045416407225759,0.00012079972117948205,0.004662440443755382,0.004662440443755382
/Users/yti0811/Desktop/FE_data/npj_CM01/NPJ_CM_Fig_Python/Public_Reproducibility_Package_V01/npjcm-free-energy-surrogate_Re3/Python_Codes/table/snapshots_split/Cu_500K_snap00042.extxyz,Cu,500,Cu__500,-0.0045031630688198,0.00012079972117948205,0.004623962789999282,0.004623962789999282
/Users/yti0811/Desktop/FE_data/npj_CM01/NPJ_CM_Fig_Python/Public_Reproducibility_Package_V01/npjcm-free-energy-surrogate_Re3/Python_Codes/table/snapshots_split/Cu_500K_snap00043.extxyz,Cu,500,Cu__500,-0.0044337639062942,0.00012079972117948205,0.004554563627473682,0.004554563627473682
/Users/yti0811/Desktop/FE_data/npj_CM01/NPJ_CM_Fig_Python/Public_Reproducibility_Package_V01/npjcm-free-energy-surrogate_Re3/Python_Codes/table/snapshots_split/Cu_500K_snap00044.extxyz,Cu,500,Cu__500,-0.0046548023717732,0.00012079972117948205,0.004775602092952682,0.004775602092952682
/Users/yti0811/Desktop/FE_data/npj_CM01/NPJ_CM_Fig_Python/Public_Reproducibility_Package_V01/npjcm-free-energy-surrogate_Re3/Python_Codes/table/snapshots_split/Cu_500K_snap00045.extxyz,Cu,500,Cu__500,-0.0044960861319774,0.00012079972117948205,0.004616885853156882,0.004616885853156882
/Users/yti0811/Desktop/FE_data/npj_CM01/NPJ_CM_Fig_Python/Public_Reproducibility_Package_V01/npjcm-free-energy-surrogate_Re3/Python_Codes/table/snapshots_split/Cu_500K_snap00046.extxyz,Cu,500,Cu__500,-0.0042758608305012,0.00012079972117948205,0.004396660551680682,0.004396660551680682
/Users/yti0811/Desktop/FE_data/npj_CM01/NPJ_CM_Fig_Python/Public_Reproducibility_Package_V01/npjcm-free-energy-surrogate_Re3/Python_Codes/table/snapshots_split/Cu_500K_snap00047.extxyz,Cu,500,Cu__500,-0.0044537583336756,0.00012079972117948205,0.004574558054855082,0.004574558054855082
/Users/yti0811/Desktop/FE_data/npj_CM01/NPJ_CM_Fig_Python/Public_Reproducibility_Package_V01/npjcm-free-energy-surrogate_Re3/Python_Codes/table/snapshots_split/Cu_500K_snap00048.extxyz,Cu,500,Cu__500,-0.0048399007375281,0.00012079972117948205,0.004960700458707582,0.004960700458707582
/Users/yti0811/Desktop/FE_data/npj_CM01/NPJ_CM_Fig_Python/Public_Reproducibility_Package_V01/npjcm-free-energy-surrogate_Re3/Python_Codes/table/snapshots_split/Cu_500K_snap00049.extxyz,Cu,500,Cu__500,-0.0046279788473871,0.00012079972117948205,0.004748778568566582,0.004748778568566582
/Users/yti0811/Desktop/FE_data/npj_CM01/NPJ_CM_Fig_Python/Public_Reproducibility_Package_V01/npjcm-free-energy-surrogate_Re3/Python_Codes/table/snapshots_split/Cu_500K_snap00050.extxyz,Cu,500,Cu__500,-0.0043844933809133,0.00012079972117948205,0.004505293102092782,0.004505293102092782
/Users/yti0811/Desktop/FE_data/npj_CM01/NPJ_CM_Fig_Python/Public_Reproducibility_Package_V01/npjcm-free-energy-surrogate_Re3/Python_Codes/table/snapshots_split/Cu_500K_snap00051.extxyz,Cu,500,Cu__500,-0.0045421000845607,0.00012079972117948205,0.004662899805740182,0.004662899805740182
/Users/yti0811/Desktop/FE_data/npj_CM01/NPJ_CM_Fig_Python/Public_Reproducibility_Package_V01/npjcm-free-energy-surrogate_Re3/Python_Codes/table/snapshots_split/Cu_500K_snap00052.extxyz,Cu,500,Cu__500,-0.0044811629153101,0.00012079972117948205,0.004601962636489582,0.004601962636489582
/Users/yti0811/Desktop/FE_data/npj_CM01/NPJ_CM_Fig_Python/Public_Reproducibility_Package_V01/npjcm-free-energy-surrogate_Re3/Python_Codes/table/snapshots_split/Cu_500K_snap00053.extxyz,Cu,500,Cu__500,-0.0043664320833269,0.00012079972117948205,0.004487231804506382,0.004487231804506382
/Users/yti0811/Desktop/FE_data/npj_CM01/NPJ_CM_Fig_Python/Public_Reproducibility_Package_V01/npjcm-free-energy-surrogate_Re3/Python_Codes/table/snapshots_split/Cu_500K_snap00054.extxyz,Cu,500,Cu__500,-0.0043935046732367,0.00012079972117948205,0.004514304394416182,0.004514304394416182
/Users/yti0811/Desktop/FE_data/npj_CM01/NPJ_CM_Fig_Python/Public_Reproducibility_Package_V01/npjcm-free-energy-surrogate_Re3/Python_Codes/table/snapshots_split/Cu_500K_snap00055.extxyz,Cu,500,Cu__500,-0.0045168868231585,0.00012079972117948205,0.004637686544337982,0.004637686544337982
/Users/yti0811/Desktop/FE_data/npj_CM01/NPJ_CM_Fig_Python/Public_Reproducibility_Package_V01/npjcm-free-energy-surrogate_Re3/Python_Codes/table/snapshots_split/Cu_500K_snap00056.extxyz,Cu,500,Cu__500,-0.004359838854797,0.00012079972117948205,0.004480638575976482,0.004480638575976482
/Users/yti0811/Desktop/FE_data/npj_CM01/NPJ_CM_Fig_Python/Public_Reproducibility_Package_V01/npjcm-free-energy-surrogate_Re3/Python_Codes/table/snapshots_split/Cu_500K_snap00057.extxyz,Cu,500,Cu__500,-0.0047231485847291,0.00012079972117948205,0.004843948305908582,0.004843948305908582
/Users/yti0811/Desktop/FE_data/npj_CM01/NPJ_CM_Fig_Python/Public_Reproducibility_Package_V01/npjcm-free-energy-surrogate_Re3/Python_Codes/table/snapshots_split/Cu_500K_snap00058.extxyz,Cu,500,Cu__500,-0.0046203128102652,0.00012079972117948205,0.004741112531444682,0.004741112531444682
/Users/yti0811/Desktop/FE_data/npj_CM01/NPJ_CM_Fig_Python/Public_Reproducibility_Package_V01/npjcm-free-energy-surrogate_Re3/Python_Codes/table/snapshots_split/Cu_500K_snap00059.extxyz,Cu,500,Cu__500,-0.005045327500027,0.00012079972117948205,0.005166127221206482,0.005166127221206482
/Users/yti0811/Desktop/FE_data/npj_CM01/NPJ_CM_Fig_Python/Public_Reproducibility_Package_V01/npjcm-free-energy-surrogate_Re3/Python_Codes/table/snapshots_split/Cu_500K_snap00060.extxyz,Cu,500,Cu__500,-0.0047126023225327,0.00012079972117948205,0.004833402043712182,0.004833402043712182
/Users/yti0811/Desktop/FE_data/npj_CM01/NPJ_CM_Fig_Python/Public_Reproducibility_Package_V01/npjcm-free-energy-surrogate_Re3/Python_Codes/table/snapshots_split/Cu_500K_snap00061.extxyz,Cu,500,Cu__500,-0.0039102459272929,0.00012079972117948205,0.004031045648472382,0.004031045648472382
/Users/yti0811/Desktop/FE_data/npj_CM01/NPJ_CM_Fig_Python/Public_Reproducibility_Package_V01/npjcm-free-energy-surrogate_Re3/Python_Codes/table/snapshots_split/Cu_500K_snap00062.extxyz,Cu,500,Cu__500,-0.0045678250523084,0.00012079972117948205,0.004688624773487882,0.004688624773487882
/Users/yti0811/Desktop/FE_data/npj_CM01/NPJ_CM_Fig_Python/Public_Reproducibility_Package_V01/npjcm-free-energy-surrogate_Re3/Python_Codes/table/snapshots_split/Cu_500K_snap00063.extxyz,Cu,500,Cu__500,-0.0041234371315108,0.00012079972117948205,0.004244236852690282,0.004244236852690282
/Users/yti0811/Desktop/FE_data/npj_CM01/NPJ_CM_Fig_Python/Public_Reproducibility_Package_V01/npjcm-free-energy-surrogate_Re3/Python_Codes/table/snapshots_split/Cu_500K_snap00064.extxyz,Cu,500,Cu__500,-0.0045926849571732,0.00012079972117948205,0.004713484678352682,0.004713484678352682
/Users/yti0811/Desktop/FE_data/npj_CM01/NPJ_CM_Fig_Python/Public_Reproducibility_Package_V01/npjcm-free-energy-surrogate_Re3/Python_Codes/table/snapshots_split/Cu_500K_snap00065.extxyz,Cu,500,Cu__500,-0.004566740498467,0.00012079972117948205,0.004687540219646482,0.004687540219646482
/Users/yti0811/Desktop/FE_data/npj_CM01/NPJ_CM_Fig_Python/Public_Reproducibility_Package_V01/npjcm-free-energy-surrogate_Re3/Python_Codes/table/snapshots_split/Cu_500K_snap00066.extxyz,Cu,500,Cu__500,-0.0044629395408808,0.00012079972117948205,0.004583739262060282,0.004583739262060282
/Users/yti0811/Desktop/FE_data/npj_CM01/NPJ_CM_Fig_Python/Public_Reproducibility_Package_V01/npjcm-free-energy-surrogate_Re3/Python_Codes/table/snapshots_split/Cu_500K_snap00067.extxyz,Cu,500,Cu__500,-0.0041149694486621,0.00012079972117948205,0.004235769169841582,0.004235769169841582
/Users/yti0811/Desktop/FE_data/npj_CM01/NPJ_CM_Fig_Python/Public_Reproducibility_Package_V01/npjcm-free-energy-surrogate_Re3/Python_Codes/table/snapshots_split/Cu_500K_snap00068.extxyz,Cu,500,Cu__500,-0.0044459566139231,0.00012079972117948205,0.004566756335102582,0.004566756335102582
/Users/yti0811/Desktop/FE_data/npj_CM01/NPJ_CM_Fig_Python/Public_Reproducibility_Package_V01/npjcm-free-energy-surrogate_Re3/Python_Codes/table/snapshots_split/Cu_500K_snap00069.extxyz,Cu,500,Cu__500,-0.0044495727028368,0.00012079972117948205,0.004570372424016282,0.004570372424016282
/Users/yti0811/Desktop/FE_data/npj_CM01/NPJ_CM_Fig_Python/Public_Reproducibility_Package_V01/npjcm-free-energy-surrogate_Re3/Python_Codes/table/snapshots_split/Cu_500K_snap00070.extxyz,Cu,500,Cu__500,-0.0044751004868749,0.00012079972117948205,0.004595900208054382,0.004595900208054382
/Users/yti0811/Desktop/FE_data/npj_CM01/NPJ_CM_Fig_Python/Public_Reproducibility_Package_V01/npjcm-free-energy-surrogate_Re3/Python_Codes/table/snapshots_split/Cu_500K_snap00071.extxyz,Cu,500,Cu__500,-0.0041743986173985,0.00012079972117948205,0.004295198338577982,0.004295198338577982
/Users/yti0811/Desktop/FE_data/npj_CM01/NPJ_CM_Fig_Python/Public_Reproducibility_Package_V01/npjcm-free-energy-surrogate_Re3/Python_Codes/table/snapshots_split/Cu_500K_snap00072.extxyz,Cu,500,Cu__500,-0.0046740864518244,0.00012079972117948205,0.004794886173003882,0.004794886173003882
/Users/yti0811/Desktop/FE_data/npj_CM01/NPJ_CM_Fig_Python/Public_Reproducibility_Package_V01/npjcm-free-energy-surrogate_Re3/Python_Codes/table/snapshots_split/Cu_500K_snap00073.extxyz,Cu,500,Cu__500,-0.0045492136530213,0.00012079972117948205,0.004670013374200782,0.004670013374200782
/Users/yti0811/Desktop/FE_data/npj_CM01/NPJ_CM_Fig_Python/Public_Reproducibility_Package_V01/npjcm-free-energy-surrogate_Re3/Python_Codes/table/snapshots_split/Cu_500K_snap00074.extxyz,Cu,500,Cu__500,-0.0045722195207806,0.00012079972117948205,0.004693019241960082,0.004693019241960082
/Users/yti0811/Desktop/FE_data/npj_CM01/NPJ_CM_Fig_Python/Public_Reproducibility_Package_V01/npjcm-free-energy-surrogate_Re3/Python_Codes/table/snapshots_split/Cu_500K_snap00075.extxyz,Cu,500,Cu__500,-0.0045592036420667,0.00012079972117948205,0.004680003363246182,0.004680003363246182
/Users/yti0811/Desktop/FE_data/npj_CM01/NPJ_CM_Fig_Python/Public_Reproducibility_Package_V01/npjcm-free-energy-surrogate_Re3/Python_Codes/table/snapshots_split/Cu_500K_snap00076.extxyz,Cu,500,Cu__500,-0.0043286262034296,0.00012079972117948205,0.004449425924609082,0.004449425924609082
/Users/yti0811/Desktop/FE_data/npj_CM01/NPJ_CM_Fig_Python/Public_Reproducibility_Package_V01/npjcm-free-energy-surrogate_Re3/Python_Codes/table/snapshots_split/Cu_500K_snap00077.extxyz,Cu,500,Cu__500,-0.0042921710505816,0.00012079972117948205,0.004412970771761082,0.004412970771761082
/Users/yti0811/Desktop/FE_data/npj_CM01/NPJ_CM_Fig_Python/Public_Reproducibility_Package_V01/npjcm-free-energy-surrogate_Re3/Python_Codes/table/snapshots_split/Cu_500K_snap00078.extxyz,Cu,500,Cu__500,-0.0045279642959775,0.00012079972117948205,0.004648764017156982,0.004648764017156982
/Users/yti0811/Desktop/FE_data/npj_CM01/NPJ_CM_Fig_Python/Public_Reproducibility_Package_V01/npjcm-free-energy-surrogate_Re3/Python_Codes/table/snapshots_split/Cu_500K_snap00079.extxyz,Cu,500,Cu__500,-0.0046209825258139,0.00012079972117948205,0.004741782246993382,0.004741782246993382
/Users/yti0811/Desktop/FE_data/npj_CM01/NPJ_CM_Fig_Python/Public_Reproducibility_Package_V01/npjcm-free-energy-surrogate_Re3/Python_Codes/table/snapshots_split/Cu_500K_snap00080.extxyz,Cu,500,Cu__500,-0.0044075159915072,0.00012079972117948205,0.004528315712686682,0.004528315712686682
/Users/yti0811/Desktop/FE_data/npj_CM01/NPJ_CM_Fig_Python/Public_Reproducibility_Package_V01/npjcm-free-energy-surrogate_Re3/Python_Codes/table/snapshots_split/Cu_500K_snap00081.extxyz,Cu,500,Cu__500,-0.0048081422091459,0.00012079972117948205,0.004928941930325382,0.004928941930325382
/Users/yti0811/Desktop/FE_data/npj_CM01/NPJ_CM_Fig_Python/Public_Reproducibility_Package_V01/npjcm-free-energy-surrogate_Re3/Python_Codes/table/snapshots_split/Cu_500K_snap00082.extxyz,Cu,500,Cu__500,-0.0046637566193141,0.00012079972117948205,0.004784556340493582,0.004784556340493582
/Users/yti0811/Desktop/FE_data/npj_CM01/NPJ_CM_Fig_Python/Public_Reproducibility_Package_V01/npjcm-free-energy-surrogate_Re3/Python_Codes/table/snapshots_split/Cu_500K_snap00083.extxyz,Cu,500,Cu__500,-0.0042431308548191,0.00012079972117948205,0.004363930575998582,0.004363930575998582
/Users/yti0811/Desktop/FE_data/npj_CM01/NPJ_CM_Fig_Python/Public_Reproducibility_Package_V01/npjcm-free-energy-surrogate_Re3/Python_Codes/table/snapshots_split/Cu_500K_snap00084.extxyz,Cu,500,Cu__500,-0.0041572767860444,0.00012079972117948205,0.004278076507223882,0.004278076507223882
/Users/yti0811/Desktop/FE_data/npj_CM01/NPJ_CM_Fig_Python/Public_Reproducibility_Package_V01/npjcm-free-energy-surrogate_Re3/Python_Codes/table/snapshots_split/Cu_500K_snap00085.extxyz,Cu,500,Cu__500,-0.0044084469776602,0.00012079972117948205,0.004529246698839682,0.004529246698839682
/Users/yti0811/Desktop/FE_data/npj_CM01/NPJ_CM_Fig_Python/Public_Reproducibility_Package_V01/npjcm-free-energy-surrogate_Re3/Python_Codes/table/snapshots_split/Cu_500K_snap00086.extxyz,Cu,500,Cu__500,-0.0045722712444254,0.00012079972117948205,0.004693070965604882,0.004693070965604882
/Users/yti0811/Desktop/FE_data/npj_CM01/NPJ_CM_Fig_Python/Public_Reproducibility_Package_V01/npjcm-free-energy-surrogate_Re3/Python_Codes/table/snapshots_split/Cu_500K_snap00087.extxyz,Cu,500,Cu__500,-0.0045395948961552,0.00012079972117948205,0.004660394617334682,0.004660394617334682
/Users/yti0811/Desktop/FE_data/npj_CM01/NPJ_CM_Fig_Python/Public_Reproducibility_Package_V01/npjcm-free-energy-surrogate_Re3/Python_Codes/table/snapshots_split/Cu_500K_snap00088.extxyz,Cu,500,Cu__500,-0.0049561598008364,0.00012079972117948205,0.005076959522015882,0.005076959522015882
/Users/yti0811/Desktop/FE_data/npj_CM01/NPJ_CM_Fig_Python/Public_Reproducibility_Package_V01/npjcm-free-energy-surrogate_Re3/Python_Codes/table/snapshots_split/Cu_500K_snap00089.extxyz,Cu,500,Cu__500,-0.0042552402942876,0.00012079972117948205,0.004376040015467082,0.004376040015467082
/Users/yti0811/Desktop/FE_data/npj_CM01/NPJ_CM_Fig_Python/Public_Reproducibility_Package_V01/npjcm-free-energy-surrogate_Re3/Python_Codes/table/snapshots_split/Cu_500K_snap00090.extxyz,Cu,500,Cu__500,-0.0042656790474677,0.00012079972117948205,0.0043864787686471824,0.0043864787686471824
/Users/yti0811/Desktop/FE_data/npj_CM01/NPJ_CM_Fig_Python/Public_Reproducibility_Package_V01/npjcm-free-energy-surrogate_Re3/Python_Codes/table/snapshots_split/Cu_500K_snap00091.extxyz,Cu,500,Cu__500,-0.0041827193753092,0.00012079972117948205,0.004303519096488682,0.004303519096488682
/Users/yti0811/Desktop/FE_data/npj_CM01/NPJ_CM_Fig_Python/Public_Reproducibility_Package_V01/npjcm-free-energy-surrogate_Re3/Python_Codes/table/snapshots_split/Cu_500K_snap00092.extxyz,Cu,500,Cu__500,-0.0045148504341234,0.00012079972117948205,0.004635650155302882,0.004635650155302882
/Users/yti0811/Desktop/FE_data/npj_CM01/NPJ_CM_Fig_Python/Public_Reproducibility_Package_V01/npjcm-free-energy-surrogate_Re3/Python_Codes/table/snapshots_split/Cu_500K_snap00093.extxyz,Cu,500,Cu__500,-0.0044589735341483,0.00012079972117948205,0.004579773255327782,0.004579773255327782
/Users/yti0811/Desktop/FE_data/npj_CM01/NPJ_CM_Fig_Python/Public_Reproducibility_Package_V01/npjcm-free-energy-surrogate_Re3/Python_Codes/table/snapshots_split/Cu_500K_snap00094.extxyz,Cu,500,Cu__500,-0.0045301246506927,0.00012079972117948205,0.004650924371872182,0.004650924371872182
/Users/yti0811/Desktop/FE_data/npj_CM01/NPJ_CM_Fig_Python/Public_Reproducibility_Package_V01/npjcm-free-energy-surrogate_Re3/Python_Codes/table/snapshots_split/Cu_500K_snap00095.extxyz,Cu,500,Cu__500,-0.0046160066903943,0.00012079972117948205,0.004736806411573782,0.004736806411573782
/Users/yti0811/Desktop/FE_data/npj_CM01/NPJ_CM_Fig_Python/Public_Reproducibility_Package_V01/npjcm-free-energy-surrogate_Re3/Python_Codes/table/snapshots_split/Cu_500K_snap00096.extxyz,Cu,500,Cu__500,-0.0043935658204556,0.00012079972117948205,0.004514365541635082,0.004514365541635082
/Users/yti0811/Desktop/FE_data/npj_CM01/NPJ_CM_Fig_Python/Public_Reproducibility_Package_V01/npjcm-free-energy-surrogate_Re3/Python_Codes/table/snapshots_split/Cu_500K_snap00097.extxyz,Cu,500,Cu__500,-0.004275127913825,0.00012079972117948205,0.004395927635004482,0.004395927635004482
/Users/yti0811/Desktop/FE_data/npj_CM01/NPJ_CM_Fig_Python/Public_Reproducibility_Package_V01/npjcm-free-energy-surrogate_Re3/Python_Codes/table/snapshots_split/Cu_500K_snap00098.extxyz,Cu,500,Cu__500,-0.0047403989298996,0.00012079972117948205,0.004861198651079082,0.004861198651079082
/Users/yti0811/Desktop/FE_data/npj_CM01/NPJ_CM_Fig_Python/Public_Reproducibility_Package_V01/npjcm-free-energy-surrogate_Re3/Python_Codes/table/snapshots_split/Cu_500K_snap00099.extxyz,Cu,500,Cu__500,-0.0044749777672072,0.00012079972117948205,0.004595777488386682,0.004595777488386682
/Users/yti0811/Desktop/FE_data/npj_CM01/NPJ_CM_Fig_Python/Public_Reproducibility_Package_V01/npjcm-free-energy-surrogate_Re3/Python_Codes/table/snapshots_split/Cu_600K_snap00000.extxyz,Cu,600,Cu__600,-0.0061952738233918,0.00012079972117948205,0.006316073544571282,0.006316073544571282
/Users/yti0811/Desktop/FE_data/npj_CM01/NPJ_CM_Fig_Python/Public_Reproducibility_Package_V01/npjcm-free-energy-surrogate_Re3/Python_Codes/table/snapshots_split/Cu_600K_snap00001.extxyz,Cu,600,Cu__600,-0.0065347290355201,0.00012079972117948205,0.006655528756699582,0.006655528756699582
/Users/yti0811/Desktop/FE_data/npj_CM01/NPJ_CM_Fig_Python/Public_Reproducibility_Package_V01/npjcm-free-energy-surrogate_Re3/Python_Codes/table/snapshots_split/Cu_600K_snap00002.extxyz,Cu,600,Cu__600,-0.0074955395002856,0.00012079972117948205,0.007616339221465082,0.007616339221465082
/Users/yti0811/Desktop/FE_data/npj_CM01/NPJ_CM_Fig_Python/Public_Reproducibility_Package_V01/npjcm-free-energy-surrogate_Re3/Python_Codes/table/snapshots_split/Cu_600K_snap00003.extxyz,Cu,600,Cu__600,-0.0064266824732829,0.00012079972117948205,0.006547482194462382,0.006547482194462382
/Users/yti0811/Desktop/FE_data/npj_CM01/NPJ_CM_Fig_Python/Public_Reproducibility_Package_V01/npjcm-free-energy-surrogate_Re3/Python_Codes/table/snapshots_split/Cu_600K_snap00004.extxyz,Cu,600,Cu__600,-0.0063790070284518,0.00012079972117948205,0.006499806749631282,0.006499806749631282
/Users/yti0811/Desktop/FE_data/npj_CM01/NPJ_CM_Fig_Python/Public_Reproducibility_Package_V01/npjcm-free-energy-surrogate_Re3/Python_Codes/table/snapshots_split/Cu_600K_snap00005.extxyz,Cu,600,Cu__600,-0.0062375211159756,0.00012079972117948205,0.006358320837155082,0.006358320837155082
/Users/yti0811/Desktop/FE_data/npj_CM01/NPJ_CM_Fig_Python/Public_Reproducibility_Package_V01/npjcm-free-energy-surrogate_Re3/Python_Codes/table/snapshots_split/Cu_600K_snap00006.extxyz,Cu,600,Cu__600,-0.0064193535122342,0.00012079972117948205,0.006540153233413682,0.006540153233413682
/Users/yti0811/Desktop/FE_data/npj_CM01/NPJ_CM_Fig_Python/Public_Reproducibility_Package_V01/npjcm-free-energy-surrogate_Re3/Python_Codes/table/snapshots_split/Cu_600K_snap00007.extxyz,Cu,600,Cu__600,-0.0066427182587202,0.00012079972117948205,0.006763517979899682,0.006763517979899682
/Users/yti0811/Desktop/FE_data/npj_CM01/NPJ_CM_Fig_Python/Public_Reproducibility_Package_V01/npjcm-free-energy-surrogate_Re3/Python_Codes/table/snapshots_split/Cu_600K_snap00008.extxyz,Cu,600,Cu__600,-0.0068208107593487,0.00012079972117948205,0.006941610480528182,0.006941610480528182
/Users/yti0811/Desktop/FE_data/npj_CM01/NPJ_CM_Fig_Python/Public_Reproducibility_Package_V01/npjcm-free-energy-surrogate_Re3/Python_Codes/table/snapshots_split/Cu_600K_snap00009.extxyz,Cu,600,Cu__600,-0.0068017890256316,0.00012079972117948205,0.006922588746811082,0.006922588746811082
/Users/yti0811/Desktop/FE_data/npj_CM01/NPJ_CM_Fig_Python/Public_Reproducibility_Package_V01/npjcm-free-energy-surrogate_Re3/Python_Codes/table/snapshots_split/Cu_600K_snap00010.extxyz,Cu,600,Cu__600,-0.0068713344705874,0.00012079972117948205,0.006992134191766882,0.006992134191766882
/Users/yti0811/Desktop/FE_data/npj_CM01/NPJ_CM_Fig_Python/Public_Reproducibility_Package_V01/npjcm-free-energy-surrogate_Re3/Python_Codes/table/snapshots_split/Cu_600K_snap00011.extxyz,Cu,600,Cu__600,-0.0064411779266423,0.00012079972117948205,0.006561977647821782,0.006561977647821782
/Users/yti0811/Desktop/FE_data/npj_CM01/NPJ_CM_Fig_Python/Public_Reproducibility_Package_V01/npjcm-free-energy-surrogate_Re3/Python_Codes/table/snapshots_split/Cu_600K_snap00012.extxyz,Cu,600,Cu__600,-0.0066255432196612,0.00012079972117948205,0.006746342940840682,0.006746342940840682
/Users/yti0811/Desktop/FE_data/npj_CM01/NPJ_CM_Fig_Python/Public_Reproducibility_Package_V01/npjcm-free-energy-surrogate_Re3/Python_Codes/table/snapshots_split/Cu_600K_snap00013.extxyz,Cu,600,Cu__600,-0.0066582647873246,0.00012079972117948205,0.006779064508504082,0.006779064508504082
/Users/yti0811/Desktop/FE_data/npj_CM01/NPJ_CM_Fig_Python/Public_Reproducibility_Package_V01/npjcm-free-energy-surrogate_Re3/Python_Codes/table/snapshots_split/Cu_600K_snap00014.extxyz,Cu,600,Cu__600,-0.0066530901067282,0.00012079972117948205,0.006773889827907682,0.006773889827907682
/Users/yti0811/Desktop/FE_data/npj_CM01/NPJ_CM_Fig_Python/Public_Reproducibility_Package_V01/npjcm-free-energy-surrogate_Re3/Python_Codes/table/snapshots_split/Cu_600K_snap00015.extxyz,Cu,600,Cu__600,-0.006356524497323,0.00012079972117948205,0.006477324218502482,0.006477324218502482
/Users/yti0811/Desktop/FE_data/npj_CM01/NPJ_CM_Fig_Python/Public_Reproducibility_Package_V01/npjcm-free-energy-surrogate_Re3/Python_Codes/table/snapshots_split/Cu_600K_snap00016.extxyz,Cu,600,Cu__600,-0.0065780306605066,0.00012079972117948205,0.006698830381686082,0.006698830381686082
/Users/yti0811/Desktop/FE_data/npj_CM01/NPJ_CM_Fig_Python/Public_Reproducibility_Package_V01/npjcm-free-energy-surrogate_Re3/Python_Codes/table/snapshots_split/Cu_600K_snap00017.extxyz,Cu,600,Cu__600,-0.0061674196445097,0.00012079972117948205,0.006288219365689182,0.006288219365689182
/Users/yti0811/Desktop/FE_data/npj_CM01/NPJ_CM_Fig_Python/Public_Reproducibility_Package_V01/npjcm-free-energy-surrogate_Re3/Python_Codes/table/snapshots_split/Cu_600K_snap00018.extxyz,Cu,600,Cu__600,-0.0065251643951044,0.00012079972117948205,0.006645964116283882,0.006645964116283882
/Users/yti0811/Desktop/FE_data/npj_CM01/NPJ_CM_Fig_Python/Public_Reproducibility_Package_V01/npjcm-free-energy-surrogate_Re3/Python_Codes/table/snapshots_split/Cu_600K_snap00019.extxyz,Cu,600,Cu__600,-0.0071582780664573,0.00012079972117948205,0.007279077787636782,0.007279077787636782
/Users/yti0811/Desktop/FE_data/npj_CM01/NPJ_CM_Fig_Python/Public_Reproducibility_Package_V01/npjcm-free-energy-surrogate_Re3/Python_Codes/table/snapshots_split/Cu_600K_snap00020.extxyz,Cu,600,Cu__600,-0.006603911394272,0.00012079972117948205,0.006724711115451482,0.006724711115451482
/Users/yti0811/Desktop/FE_data/npj_CM01/NPJ_CM_Fig_Python/Public_Reproducibility_Package_V01/npjcm-free-energy-surrogate_Re3/Python_Codes/table/snapshots_split/Cu_600K_snap00021.extxyz,Cu,600,Cu__600,-0.0066529335000912,0.00012079972117948205,0.006773733221270682,0.006773733221270682
/Users/yti0811/Desktop/FE_data/npj_CM01/NPJ_CM_Fig_Python/Public_Reproducibility_Package_V01/npjcm-free-energy-surrogate_Re3/Python_Codes/table/snapshots_split/Cu_600K_snap00022.extxyz,Cu,600,Cu__600,-0.00701142896933,0.00012079972117948205,0.007132228690509482,0.007132228690509482
/Users/yti0811/Desktop/FE_data/npj_CM01/NPJ_CM_Fig_Python/Public_Reproducibility_Package_V01/npjcm-free-energy-surrogate_Re3/Python_Codes/table/snapshots_split/Cu_600K_snap00023.extxyz,Cu,600,Cu__600,-0.0064382451604733,0.00012079972117948205,0.006559044881652782,0.006559044881652782
/Users/yti0811/Desktop/FE_data/npj_CM01/NPJ_CM_Fig_Python/Public_Reproducibility_Package_V01/npjcm-free-energy-surrogate_Re3/Python_Codes/table/snapshots_split/Cu_600K_snap00024.extxyz,Cu,600,Cu__600,-0.0063034396245077,0.00012079972117948205,0.006424239345687182,0.006424239345687182
/Users/yti0811/Desktop/FE_data/npj_CM01/NPJ_CM_Fig_Python/Public_Reproducibility_Package_V01/npjcm-free-energy-surrogate_Re3/Python_Codes/table/snapshots_split/Cu_600K_snap00025.extxyz,Cu,600,Cu__600,-0.0068620957557906,0.00012079972117948205,0.006982895476970082,0.006982895476970082
/Users/yti0811/Desktop/FE_data/npj_CM01/NPJ_CM_Fig_Python/Public_Reproducibility_Package_V01/npjcm-free-energy-surrogate_Re3/Python_Codes/table/snapshots_split/Cu_600K_snap00026.extxyz,Cu,600,Cu__600,-0.0064278100195357,0.00012079972117948205,0.006548609740715182,0.006548609740715182
/Users/yti0811/Desktop/FE_data/npj_CM01/NPJ_CM_Fig_Python/Public_Reproducibility_Package_V01/npjcm-free-energy-surrogate_Re3/Python_Codes/table/snapshots_split/Cu_600K_snap00027.extxyz,Cu,600,Cu__600,-0.0062442985194238,0.00012079972117948205,0.006365098240603282,0.006365098240603282
/Users/yti0811/Desktop/FE_data/npj_CM01/NPJ_CM_Fig_Python/Public_Reproducibility_Package_V01/npjcm-free-energy-surrogate_Re3/Python_Codes/table/snapshots_split/Cu_600K_snap00028.extxyz,Cu,600,Cu__600,-0.0065557757718818,0.00012079972117948205,0.006676575493061282,0.006676575493061282
/Users/yti0811/Desktop/FE_data/npj_CM01/NPJ_CM_Fig_Python/Public_Reproducibility_Package_V01/npjcm-free-energy-surrogate_Re3/Python_Codes/table/snapshots_split/Cu_600K_snap00029.extxyz,Cu,600,Cu__600,-0.0068264860874117,0.00012079972117948205,0.006947285808591182,0.006947285808591182
/Users/yti0811/Desktop/FE_data/npj_CM01/NPJ_CM_Fig_Python/Public_Reproducibility_Package_V01/npjcm-free-energy-surrogate_Re3/Python_Codes/table/snapshots_split/Cu_600K_snap00030.extxyz,Cu,600,Cu__600,-0.0069991862514869,0.00012079972117948205,0.007119985972666382,0.007119985972666382
/Users/yti0811/Desktop/FE_data/npj_CM01/NPJ_CM_Fig_Python/Public_Reproducibility_Package_V01/npjcm-free-energy-surrogate_Re3/Python_Codes/table/snapshots_split/Cu_600K_snap00031.extxyz,Cu,600,Cu__600,-0.0069498614159265,0.00012079972117948205,0.007070661137105982,0.007070661137105982
/Users/yti0811/Desktop/FE_data/npj_CM01/NPJ_CM_Fig_Python/Public_Reproducibility_Package_V01/npjcm-free-energy-surrogate_Re3/Python_Codes/table/snapshots_split/Cu_600K_snap00032.extxyz,Cu,600,Cu__600,-0.0065026063569088,0.00012079972117948205,0.006623406078088282,0.006623406078088282
/Users/yti0811/Desktop/FE_data/npj_CM01/NPJ_CM_Fig_Python/Public_Reproducibility_Package_V01/npjcm-free-energy-surrogate_Re3/Python_Codes/table/snapshots_split/Cu_600K_snap00033.extxyz,Cu,600,Cu__600,-0.0066369639469575,0.00012079972117948205,0.006757763668136982,0.006757763668136982
/Users/yti0811/Desktop/FE_data/npj_CM01/NPJ_CM_Fig_Python/Public_Reproducibility_Package_V01/npjcm-free-energy-surrogate_Re3/Python_Codes/table/snapshots_split/Cu_600K_snap00034.extxyz,Cu,600,Cu__600,-0.0070139968394306,0.00012079972117948205,0.007134796560610082,0.007134796560610082
/Users/yti0811/Desktop/FE_data/npj_CM01/NPJ_CM_Fig_Python/Public_Reproducibility_Package_V01/npjcm-free-energy-surrogate_Re3/Python_Codes/table/snapshots_split/Cu_600K_snap00035.extxyz,Cu,600,Cu__600,-0.0063894388943869,0.00012079972117948205,0.006510238615566382,0.006510238615566382
/Users/yti0811/Desktop/FE_data/npj_CM01/NPJ_CM_Fig_Python/Public_Reproducibility_Package_V01/npjcm-free-energy-surrogate_Re3/Python_Codes/table/snapshots_split/Cu_600K_snap00036.extxyz,Cu,600,Cu__600,-0.0067368878795542,0.00012079972117948205,0.006857687600733682,0.006857687600733682
/Users/yti0811/Desktop/FE_data/npj_CM01/NPJ_CM_Fig_Python/Public_Reproducibility_Package_V01/npjcm-free-energy-surrogate_Re3/Python_Codes/table/snapshots_split/Cu_600K_snap00037.extxyz,Cu,600,Cu__600,-0.0065497636768693,0.00012079972117948205,0.006670563398048782,0.006670563398048782
/Users/yti0811/Desktop/FE_data/npj_CM01/NPJ_CM_Fig_Python/Public_Reproducibility_Package_V01/npjcm-free-energy-surrogate_Re3/Python_Codes/table/snapshots_split/Cu_600K_snap00038.extxyz,Cu,600,Cu__600,-0.006377341312432,0.00012079972117948205,0.006498141033611482,0.006498141033611482
/Users/yti0811/Desktop/FE_data/npj_CM01/NPJ_CM_Fig_Python/Public_Reproducibility_Package_V01/npjcm-free-energy-surrogate_Re3/Python_Codes/table/snapshots_split/Cu_600K_snap00039.extxyz,Cu,600,Cu__600,-0.0063608783706218,0.00012079972117948205,0.006481678091801282,0.006481678091801282
/Users/yti0811/Desktop/FE_data/npj_CM01/NPJ_CM_Fig_Python/Public_Reproducibility_Package_V01/npjcm-free-energy-surrogate_Re3/Python_Codes/table/snapshots_split/Cu_600K_snap00040.extxyz,Cu,600,Cu__600,-0.0067885948707199,0.00012079972117948205,0.006909394591899382,0.006909394591899382
/Users/yti0811/Desktop/FE_data/npj_CM01/NPJ_CM_Fig_Python/Public_Reproducibility_Package_V01/npjcm-free-energy-surrogate_Re3/Python_Codes/table/snapshots_split/Cu_600K_snap00041.extxyz,Cu,600,Cu__600,-0.006393435128947,0.00012079972117948205,0.006514234850126482,0.006514234850126482
/Users/yti0811/Desktop/FE_data/npj_CM01/NPJ_CM_Fig_Python/Public_Reproducibility_Package_V01/npjcm-free-energy-surrogate_Re3/Python_Codes/table/snapshots_split/Cu_600K_snap00042.extxyz,Cu,600,Cu__600,-0.0068796785055192,0.00012079972117948205,0.007000478226698682,0.007000478226698682
/Users/yti0811/Desktop/FE_data/npj_CM01/NPJ_CM_Fig_Python/Public_Reproducibility_Package_V01/npjcm-free-energy-surrogate_Re3/Python_Codes/table/snapshots_split/Cu_600K_snap00043.extxyz,Cu,600,Cu__600,-0.0068875402813785,0.00012079972117948205,0.007008340002557982,0.007008340002557982
/Users/yti0811/Desktop/FE_data/npj_CM01/NPJ_CM_Fig_Python/Public_Reproducibility_Package_V01/npjcm-free-energy-surrogate_Re3/Python_Codes/table/snapshots_split/Cu_600K_snap00044.extxyz,Cu,600,Cu__600,-0.0068138319498299,0.00012079972117948205,0.006934631671009382,0.006934631671009382
/Users/yti0811/Desktop/FE_data/npj_CM01/NPJ_CM_Fig_Python/Public_Reproducibility_Package_V01/npjcm-free-energy-surrogate_Re3/Python_Codes/table/snapshots_split/Cu_600K_snap00045.extxyz,Cu,600,Cu__600,-0.0071594620743912,0.00012079972117948205,0.007280261795570682,0.007280261795570682
/Users/yti0811/Desktop/FE_data/npj_CM01/NPJ_CM_Fig_Python/Public_Reproducibility_Package_V01/npjcm-free-energy-surrogate_Re3/Python_Codes/table/snapshots_split/Cu_600K_snap00046.extxyz,Cu,600,Cu__600,-0.0066062462362398,0.00012079972117948205,0.006727045957419282,0.006727045957419282
/Users/yti0811/Desktop/FE_data/npj_CM01/NPJ_CM_Fig_Python/Public_Reproducibility_Package_V01/npjcm-free-energy-surrogate_Re3/Python_Codes/table/snapshots_split/Cu_600K_snap00047.extxyz,Cu,600,Cu__600,-0.0065386402077128,0.00012079972117948205,0.006659439928892282,0.006659439928892282
/Users/yti0811/Desktop/FE_data/npj_CM01/NPJ_CM_Fig_Python/Public_Reproducibility_Package_V01/npjcm-free-energy-surrogate_Re3/Python_Codes/table/snapshots_split/Cu_600K_snap00048.extxyz,Cu,600,Cu__600,-0.0068546051344754,0.00012079972117948205,0.006975404855654882,0.006975404855654882
/Users/yti0811/Desktop/FE_data/npj_CM01/NPJ_CM_Fig_Python/Public_Reproducibility_Package_V01/npjcm-free-energy-surrogate_Re3/Python_Codes/table/snapshots_split/Cu_600K_snap00049.extxyz,Cu,600,Cu__600,-0.0068238025614711,0.00012079972117948205,0.006944602282650582,0.006944602282650582
/Users/yti0811/Desktop/FE_data/npj_CM01/NPJ_CM_Fig_Python/Public_Reproducibility_Package_V01/npjcm-free-energy-surrogate_Re3/Python_Codes/table/snapshots_split/Cu_600K_snap00050.extxyz,Cu,600,Cu__600,-0.0066603795146916,0.00012079972117948205,0.006781179235871082,0.006781179235871082
/Users/yti0811/Desktop/FE_data/npj_CM01/NPJ_CM_Fig_Python/Public_Reproducibility_Package_V01/npjcm-free-energy-surrogate_Re3/Python_Codes/table/snapshots_split/Cu_600K_snap00051.extxyz,Cu,600,Cu__600,-0.0064898635343316,0.00012079972117948205,0.006610663255511082,0.006610663255511082
/Users/yti0811/Desktop/FE_data/npj_CM01/NPJ_CM_Fig_Python/Public_Reproducibility_Package_V01/npjcm-free-energy-surrogate_Re3/Python_Codes/table/snapshots_split/Cu_600K_snap00052.extxyz,Cu,600,Cu__600,-0.0062778233109778,0.00012079972117948205,0.006398623032157282,0.006398623032157282
/Users/yti0811/Desktop/FE_data/npj_CM01/NPJ_CM_Fig_Python/Public_Reproducibility_Package_V01/npjcm-free-energy-surrogate_Re3/Python_Codes/table/snapshots_split/Cu_600K_snap00053.extxyz,Cu,600,Cu__600,-0.0064368368904393,0.00012079972117948205,0.006557636611618782,0.006557636611618782
/Users/yti0811/Desktop/FE_data/npj_CM01/NPJ_CM_Fig_Python/Public_Reproducibility_Package_V01/npjcm-free-energy-surrogate_Re3/Python_Codes/table/snapshots_split/Cu_600K_snap00054.extxyz,Cu,600,Cu__600,-0.006466609805649,0.00012079972117948205,0.006587409526828482,0.006587409526828482
/Users/yti0811/Desktop/FE_data/npj_CM01/NPJ_CM_Fig_Python/Public_Reproducibility_Package_V01/npjcm-free-energy-surrogate_Re3/Python_Codes/table/snapshots_split/Cu_600K_snap00055.extxyz,Cu,600,Cu__600,-0.0066676351519928,0.00012079972117948205,0.006788434873172282,0.006788434873172282
/Users/yti0811/Desktop/FE_data/npj_CM01/NPJ_CM_Fig_Python/Public_Reproducibility_Package_V01/npjcm-free-energy-surrogate_Re3/Python_Codes/table/snapshots_split/Cu_600K_snap00056.extxyz,Cu,600,Cu__600,-0.0070399804509068,0.00012079972117948205,0.007160780172086282,0.007160780172086282
/Users/yti0811/Desktop/FE_data/npj_CM01/NPJ_CM_Fig_Python/Public_Reproducibility_Package_V01/npjcm-free-energy-surrogate_Re3/Python_Codes/table/snapshots_split/Cu_600K_snap00057.extxyz,Cu,600,Cu__600,-0.0067197739731911,0.00012079972117948205,0.006840573694370582,0.006840573694370582
/Users/yti0811/Desktop/FE_data/npj_CM01/NPJ_CM_Fig_Python/Public_Reproducibility_Package_V01/npjcm-free-energy-surrogate_Re3/Python_Codes/table/snapshots_split/Cu_600K_snap00058.extxyz,Cu,600,Cu__600,-0.0066200507966963,0.00012079972117948205,0.006740850517875782,0.006740850517875782
/Users/yti0811/Desktop/FE_data/npj_CM01/NPJ_CM_Fig_Python/Public_Reproducibility_Package_V01/npjcm-free-energy-surrogate_Re3/Python_Codes/table/snapshots_split/Cu_600K_snap00059.extxyz,Cu,600,Cu__600,-0.0064363471508429,0.00012079972117948205,0.006557146872022382,0.006557146872022382
/Users/yti0811/Desktop/FE_data/npj_CM01/NPJ_CM_Fig_Python/Public_Reproducibility_Package_V01/npjcm-free-energy-surrogate_Re3/Python_Codes/table/snapshots_split/Cu_600K_snap00060.extxyz,Cu,600,Cu__600,-0.0072682177852411,0.00012079972117948205,0.007389017506420582,0.007389017506420582
/Users/yti0811/Desktop/FE_data/npj_CM01/NPJ_CM_Fig_Python/Public_Reproducibility_Package_V01/npjcm-free-energy-surrogate_Re3/Python_Codes/table/snapshots_split/Cu_600K_snap00061.extxyz,Cu,600,Cu__600,-0.0067285245141567,0.00012079972117948205,0.006849324235336182,0.006849324235336182
/Users/yti0811/Desktop/FE_data/npj_CM01/NPJ_CM_Fig_Python/Public_Reproducibility_Package_V01/npjcm-free-energy-surrogate_Re3/Python_Codes/table/snapshots_split/Cu_600K_snap00062.extxyz,Cu,600,Cu__600,-0.0065598025162979,0.00012079972117948205,0.006680602237477382,0.006680602237477382
/Users/yti0811/Desktop/FE_data/npj_CM01/NPJ_CM_Fig_Python/Public_Reproducibility_Package_V01/npjcm-free-energy-surrogate_Re3/Python_Codes/table/snapshots_split/Cu_600K_snap00063.extxyz,Cu,600,Cu__600,-0.0062594725253622,0.00012079972117948205,0.006380272246541682,0.006380272246541682
/Users/yti0811/Desktop/FE_data/npj_CM01/NPJ_CM_Fig_Python/Public_Reproducibility_Package_V01/npjcm-free-energy-surrogate_Re3/Python_Codes/table/snapshots_split/Cu_600K_snap00064.extxyz,Cu,600,Cu__600,-0.006901237004833,0.00012079972117948205,0.007022036726012482,0.007022036726012482
/Users/yti0811/Desktop/FE_data/npj_CM01/NPJ_CM_Fig_Python/Public_Reproducibility_Package_V01/npjcm-free-energy-surrogate_Re3/Python_Codes/table/snapshots_split/Cu_600K_snap00065.extxyz,Cu,600,Cu__600,-0.0067358098656925,0.00012079972117948205,0.006856609586871982,0.006856609586871982
/Users/yti0811/Desktop/FE_data/npj_CM01/NPJ_CM_Fig_Python/Public_Reproducibility_Package_V01/npjcm-free-energy-surrogate_Re3/Python_Codes/table/snapshots_split/Cu_600K_snap00066.extxyz,Cu,600,Cu__600,-0.0064891951173188,0.00012079972117948205,0.006609994838498282,0.006609994838498282
/Users/yti0811/Desktop/FE_data/npj_CM01/NPJ_CM_Fig_Python/Public_Reproducibility_Package_V01/npjcm-free-energy-surrogate_Re3/Python_Codes/table/snapshots_split/Cu_600K_snap00067.extxyz,Cu,600,Cu__600,-0.0065523982118306,0.00012079972117948205,0.006673197933010082,0.006673197933010082
/Users/yti0811/Desktop/FE_data/npj_CM01/NPJ_CM_Fig_Python/Public_Reproducibility_Package_V01/npjcm-free-energy-surrogate_Re3/Python_Codes/table/snapshots_split/Cu_600K_snap00068.extxyz,Cu,600,Cu__600,-0.0061579259493672,0.00012079972117948205,0.006278725670546682,0.006278725670546682
/Users/yti0811/Desktop/FE_data/npj_CM01/NPJ_CM_Fig_Python/Public_Reproducibility_Package_V01/npjcm-free-energy-surrogate_Re3/Python_Codes/table/snapshots_split/Cu_600K_snap00069.extxyz,Cu,600,Cu__600,-0.0067884241287597,0.00012079972117948205,0.006909223849939182,0.006909223849939182
/Users/yti0811/Desktop/FE_data/npj_CM01/NPJ_CM_Fig_Python/Public_Reproducibility_Package_V01/npjcm-free-energy-surrogate_Re3/Python_Codes/table/snapshots_split/Cu_600K_snap00070.extxyz,Cu,600,Cu__600,-0.0063752367219253,0.00012079972117948205,0.006496036443104782,0.006496036443104782
/Users/yti0811/Desktop/FE_data/npj_CM01/NPJ_CM_Fig_Python/Public_Reproducibility_Package_V01/npjcm-free-energy-surrogate_Re3/Python_Codes/table/snapshots_split/Cu_600K_snap00071.extxyz,Cu,600,Cu__600,-0.0069023931577673,0.00012079972117948205,0.007023192878946782,0.007023192878946782
/Users/yti0811/Desktop/FE_data/npj_CM01/NPJ_CM_Fig_Python/Public_Reproducibility_Package_V01/npjcm-free-energy-surrogate_Re3/Python_Codes/table/snapshots_split/Cu_600K_snap00072.extxyz,Cu,600,Cu__600,-0.0063181368785917,0.00012079972117948205,0.006438936599771182,0.006438936599771182
/Users/yti0811/Desktop/FE_data/npj_CM01/NPJ_CM_Fig_Python/Public_Reproducibility_Package_V01/npjcm-free-energy-surrogate_Re3/Python_Codes/table/snapshots_split/Cu_600K_snap00073.extxyz,Cu,600,Cu__600,-0.0063429168541045,0.00012079972117948205,0.006463716575283982,0.006463716575283982
/Users/yti0811/Desktop/FE_data/npj_CM01/NPJ_CM_Fig_Python/Public_Reproducibility_Package_V01/npjcm-free-energy-surrogate_Re3/Python_Codes/table/snapshots_split/Cu_600K_snap00074.extxyz,Cu,600,Cu__600,-0.0069808347499539,0.00012079972117948205,0.007101634471133382,0.007101634471133382
/Users/yti0811/Desktop/FE_data/npj_CM01/NPJ_CM_Fig_Python/Public_Reproducibility_Package_V01/npjcm-free-energy-surrogate_Re3/Python_Codes/table/snapshots_split/Cu_600K_snap00075.extxyz,Cu,600,Cu__600,-0.0062229727673462,0.00012079972117948205,0.006343772488525682,0.006343772488525682
/Users/yti0811/Desktop/FE_data/npj_CM01/NPJ_CM_Fig_Python/Public_Reproducibility_Package_V01/npjcm-free-energy-surrogate_Re3/Python_Codes/table/snapshots_split/Cu_600K_snap00076.extxyz,Cu,600,Cu__600,-0.0066178398900457,0.00012079972117948205,0.006738639611225182,0.006738639611225182
/Users/yti0811/Desktop/FE_data/npj_CM01/NPJ_CM_Fig_Python/Public_Reproducibility_Package_V01/npjcm-free-energy-surrogate_Re3/Python_Codes/table/snapshots_split/Cu_600K_snap00077.extxyz,Cu,600,Cu__600,-0.0068198965274873,0.00012079972117948205,0.006940696248666782,0.006940696248666782
/Users/yti0811/Desktop/FE_data/npj_CM01/NPJ_CM_Fig_Python/Public_Reproducibility_Package_V01/npjcm-free-energy-surrogate_Re3/Python_Codes/table/snapshots_split/Cu_600K_snap00078.extxyz,Cu,600,Cu__600,-0.0064116719663153,0.00012079972117948205,0.006532471687494782,0.006532471687494782
/Users/yti0811/Desktop/FE_data/npj_CM01/NPJ_CM_Fig_Python/Public_Reproducibility_Package_V01/npjcm-free-energy-surrogate_Re3/Python_Codes/table/snapshots_split/Cu_600K_snap00079.extxyz,Cu,600,Cu__600,-0.0061396558388419,0.00012079972117948205,0.006260455560021382,0.006260455560021382
/Users/yti0811/Desktop/FE_data/npj_CM01/NPJ_CM_Fig_Python/Public_Reproducibility_Package_V01/npjcm-free-energy-surrogate_Re3/Python_Codes/table/snapshots_split/Cu_600K_snap00080.extxyz,Cu,600,Cu__600,-0.0064194524231554,0.00012079972117948205,0.006540252144334882,0.006540252144334882
/Users/yti0811/Desktop/FE_data/npj_CM01/NPJ_CM_Fig_Python/Public_Reproducibility_Package_V01/npjcm-free-energy-surrogate_Re3/Python_Codes/table/snapshots_split/Cu_600K_snap00081.extxyz,Cu,600,Cu__600,-0.0067162935096501,0.00012079972117948205,0.006837093230829582,0.006837093230829582
/Users/yti0811/Desktop/FE_data/npj_CM01/NPJ_CM_Fig_Python/Public_Reproducibility_Package_V01/npjcm-free-energy-surrogate_Re3/Python_Codes/table/snapshots_split/Cu_600K_snap00082.extxyz,Cu,600,Cu__600,-0.0067659129986122,0.00012079972117948205,0.006886712719791682,0.006886712719791682
/Users/yti0811/Desktop/FE_data/npj_CM01/NPJ_CM_Fig_Python/Public_Reproducibility_Package_V01/npjcm-free-energy-surrogate_Re3/Python_Codes/table/snapshots_split/Cu_600K_snap00083.extxyz,Cu,600,Cu__600,-0.0064131224933764,0.00012079972117948205,0.006533922214555882,0.006533922214555882
/Users/yti0811/Desktop/FE_data/npj_CM01/NPJ_CM_Fig_Python/Public_Reproducibility_Package_V01/npjcm-free-energy-surrogate_Re3/Python_Codes/table/snapshots_split/Cu_600K_snap00084.extxyz,Cu,600,Cu__600,-0.0066050069586712,0.00012079972117948205,0.006725806679850682,0.006725806679850682
/Users/yti0811/Desktop/FE_data/npj_CM01/NPJ_CM_Fig_Python/Public_Reproducibility_Package_V01/npjcm-free-energy-surrogate_Re3/Python_Codes/table/snapshots_split/Cu_600K_snap00085.extxyz,Cu,600,Cu__600,-0.0066989135488108,0.00012079972117948205,0.006819713269990282,0.006819713269990282
/Users/yti0811/Desktop/FE_data/npj_CM01/NPJ_CM_Fig_Python/Public_Reproducibility_Package_V01/npjcm-free-energy-surrogate_Re3/Python_Codes/table/snapshots_split/Cu_600K_snap00086.extxyz,Cu,600,Cu__600,-0.0067037565231941,0.00012079972117948205,0.006824556244373582,0.006824556244373582
/Users/yti0811/Desktop/FE_data/npj_CM01/NPJ_CM_Fig_Python/Public_Reproducibility_Package_V01/npjcm-free-energy-surrogate_Re3/Python_Codes/table/snapshots_split/Cu_600K_snap00087.extxyz,Cu,600,Cu__600,-0.0065082203526313,0.00012079972117948205,0.006629020073810782,0.006629020073810782
/Users/yti0811/Desktop/FE_data/npj_CM01/NPJ_CM_Fig_Python/Public_Reproducibility_Package_V01/npjcm-free-energy-surrogate_Re3/Python_Codes/table/snapshots_split/Cu_600K_snap00088.extxyz,Cu,600,Cu__600,-0.0069859173695386,0.00012079972117948205,0.007106717090718082,0.007106717090718082
/Users/yti0811/Desktop/FE_data/npj_CM01/NPJ_CM_Fig_Python/Public_Reproducibility_Package_V01/npjcm-free-energy-surrogate_Re3/Python_Codes/table/snapshots_split/Cu_600K_snap00089.extxyz,Cu,600,Cu__600,-0.0067112011159643,0.00012079972117948205,0.006832000837143782,0.006832000837143782
/Users/yti0811/Desktop/FE_data/npj_CM01/NPJ_CM_Fig_Python/Public_Reproducibility_Package_V01/npjcm-free-energy-surrogate_Re3/Python_Codes/table/snapshots_split/Cu_600K_snap00090.extxyz,Cu,600,Cu__600,-0.0069094867640159,0.00012079972117948205,0.007030286485195382,0.007030286485195382
/Users/yti0811/Desktop/FE_data/npj_CM01/NPJ_CM_Fig_Python/Public_Reproducibility_Package_V01/npjcm-free-energy-surrogate_Re3/Python_Codes/table/snapshots_split/Cu_600K_snap00091.extxyz,Cu,600,Cu__600,-0.0069262075673942,0.00012079972117948205,0.007047007288573682,0.007047007288573682
/Users/yti0811/Desktop/FE_data/npj_CM01/NPJ_CM_Fig_Python/Public_Reproducibility_Package_V01/npjcm-free-energy-surrogate_Re3/Python_Codes/table/snapshots_split/Cu_600K_snap00092.extxyz,Cu,600,Cu__600,-0.0066688028601417,0.00012079972117948205,0.006789602581321182,0.006789602581321182
/Users/yti0811/Desktop/FE_data/npj_CM01/NPJ_CM_Fig_Python/Public_Reproducibility_Package_V01/npjcm-free-energy-surrogate_Re3/Python_Codes/table/snapshots_split/Cu_600K_snap00093.extxyz,Cu,600,Cu__600,-0.006161702472556,0.00012079972117948205,0.006282502193735482,0.006282502193735482
/Users/yti0811/Desktop/FE_data/npj_CM01/NPJ_CM_Fig_Python/Public_Reproducibility_Package_V01/npjcm-free-energy-surrogate_Re3/Python_Codes/table/snapshots_split/Cu_600K_snap00094.extxyz,Cu,600,Cu__600,-0.0066574256283699,0.00012079972117948205,0.006778225349549382,0.006778225349549382
/Users/yti0811/Desktop/FE_data/npj_CM01/NPJ_CM_Fig_Python/Public_Reproducibility_Package_V01/npjcm-free-energy-surrogate_Re3/Python_Codes/table/snapshots_split/Cu_600K_snap00095.extxyz,Cu,600,Cu__600,-0.0069755101017822,0.00012079972117948205,0.007096309822961682,0.007096309822961682
/Users/yti0811/Desktop/FE_data/npj_CM01/NPJ_CM_Fig_Python/Public_Reproducibility_Package_V01/npjcm-free-energy-surrogate_Re3/Python_Codes/table/snapshots_split/Cu_600K_snap00096.extxyz,Cu,600,Cu__600,-0.0064327369261797,0.00012079972117948205,0.006553536647359182,0.006553536647359182
/Users/yti0811/Desktop/FE_data/npj_CM01/NPJ_CM_Fig_Python/Public_Reproducibility_Package_V01/npjcm-free-energy-surrogate_Re3/Python_Codes/table/snapshots_split/Cu_600K_snap00097.extxyz,Cu,600,Cu__600,-0.0071418412930323,0.00012079972117948205,0.007262641014211782,0.007262641014211782
/Users/yti0811/Desktop/FE_data/npj_CM01/NPJ_CM_Fig_Python/Public_Reproducibility_Package_V01/npjcm-free-energy-surrogate_Re3/Python_Codes/table/snapshots_split/Cu_600K_snap00098.extxyz,Cu,600,Cu__600,-0.0065570852426993,0.00012079972117948205,0.006677884963878782,0.006677884963878782
/Users/yti0811/Desktop/FE_data/npj_CM01/NPJ_CM_Fig_Python/Public_Reproducibility_Package_V01/npjcm-free-energy-surrogate_Re3/Python_Codes/table/snapshots_split/Cu_600K_snap00099.extxyz,Cu,600,Cu__600,-0.0067940284774165,0.00012079972117948205,0.006914828198595982,0.006914828198595982
/Users/yti0811/Desktop/FE_data/npj_CM01/NPJ_CM_Fig_Python/Public_Reproducibility_Package_V01/npjcm-free-energy-surrogate_Re3/Python_Codes/table/snapshots_split/Cu_700K_snap00000.extxyz,Cu,700,Cu__700,-0.0075896952242062,0.00012079972117948205,0.007710494945385682,0.007710494945385682
/Users/yti0811/Desktop/FE_data/npj_CM01/NPJ_CM_Fig_Python/Public_Reproducibility_Package_V01/npjcm-free-energy-surrogate_Re3/Python_Codes/table/snapshots_split/Cu_700K_snap00001.extxyz,Cu,700,Cu__700,-0.0071307940370622,0.00012079972117948205,0.007251593758241682,0.007251593758241682
/Users/yti0811/Desktop/FE_data/npj_CM01/NPJ_CM_Fig_Python/Public_Reproducibility_Package_V01/npjcm-free-energy-surrogate_Re3/Python_Codes/table/snapshots_split/Cu_700K_snap00002.extxyz,Cu,700,Cu__700,-0.0069147167725314,0.00012079972117948205,0.007035516493710882,0.007035516493710882
/Users/yti0811/Desktop/FE_data/npj_CM01/NPJ_CM_Fig_Python/Public_Reproducibility_Package_V01/npjcm-free-energy-surrogate_Re3/Python_Codes/table/snapshots_split/Cu_700K_snap00003.extxyz,Cu,700,Cu__700,-0.0070165193015008,0.00012079972117948205,0.007137319022680282,0.007137319022680282
/Users/yti0811/Desktop/FE_data/npj_CM01/NPJ_CM_Fig_Python/Public_Reproducibility_Package_V01/npjcm-free-energy-surrogate_Re3/Python_Codes/table/snapshots_split/Cu_700K_snap00004.extxyz,Cu,700,Cu__700,-0.007613877443753,0.00012079972117948205,0.007734677164932482,0.007734677164932482
/Users/yti0811/Desktop/FE_data/npj_CM01/NPJ_CM_Fig_Python/Public_Reproducibility_Package_V01/npjcm-free-energy-surrogate_Re3/Python_Codes/table/snapshots_split/Cu_700K_snap00005.extxyz,Cu,700,Cu__700,-0.0071451703599769,0.00012079972117948205,0.007265970081156382,0.007265970081156382
/Users/yti0811/Desktop/FE_data/npj_CM01/NPJ_CM_Fig_Python/Public_Reproducibility_Package_V01/npjcm-free-energy-surrogate_Re3/Python_Codes/table/snapshots_split/Cu_700K_snap00006.extxyz,Cu,700,Cu__700,-0.0071232945600463,0.00012079972117948205,0.007244094281225782,0.007244094281225782
/Users/yti0811/Desktop/FE_data/npj_CM01/NPJ_CM_Fig_Python/Public_Reproducibility_Package_V01/npjcm-free-energy-surrogate_Re3/Python_Codes/table/snapshots_split/Cu_700K_snap00007.extxyz,Cu,700,Cu__700,-0.0073058062945776,0.00012079972117948205,0.007426606015757082,0.007426606015757082
/Users/yti0811/Desktop/FE_data/npj_CM01/NPJ_CM_Fig_Python/Public_Reproducibility_Package_V01/npjcm-free-energy-surrogate_Re3/Python_Codes/table/snapshots_split/Cu_700K_snap00008.extxyz,Cu,700,Cu__700,-0.0072754699593573,0.00012079972117948205,0.007396269680536782,0.007396269680536782
/Users/yti0811/Desktop/FE_data/npj_CM01/NPJ_CM_Fig_Python/Public_Reproducibility_Package_V01/npjcm-free-energy-surrogate_Re3/Python_Codes/table/snapshots_split/Cu_700K_snap00009.extxyz,Cu,700,Cu__700,-0.0077921637292581,0.00012079972117948205,0.007912963450437582,0.007912963450437582
/Users/yti0811/Desktop/FE_data/npj_CM01/NPJ_CM_Fig_Python/Public_Reproducibility_Package_V01/npjcm-free-energy-surrogate_Re3/Python_Codes/table/snapshots_split/Cu_700K_snap00010.extxyz,Cu,700,Cu__700,-0.0076123397007441,0.00012079972117948205,0.007733139421923582,0.007733139421923582
/Users/yti0811/Desktop/FE_data/npj_CM01/NPJ_CM_Fig_Python/Public_Reproducibility_Package_V01/npjcm-free-energy-surrogate_Re3/Python_Codes/table/snapshots_split/Cu_700K_snap00011.extxyz,Cu,700,Cu__700,-0.0074877517154867,0.00012079972117948205,0.007608551436666182,0.007608551436666182
/Users/yti0811/Desktop/FE_data/npj_CM01/NPJ_CM_Fig_Python/Public_Reproducibility_Package_V01/npjcm-free-energy-surrogate_Re3/Python_Codes/table/snapshots_split/Cu_700K_snap00012.extxyz,Cu,700,Cu__700,-0.0072528634142765,0.00012079972117948205,0.007373663135455982,0.007373663135455982
/Users/yti0811/Desktop/FE_data/npj_CM01/NPJ_CM_Fig_Python/Public_Reproducibility_Package_V01/npjcm-free-energy-surrogate_Re3/Python_Codes/table/snapshots_split/Cu_700K_snap00013.extxyz,Cu,700,Cu__700,-0.0077899116444426,0.00012079972117948205,0.007910711365622082,0.007910711365622082
/Users/yti0811/Desktop/FE_data/npj_CM01/NPJ_CM_Fig_Python/Public_Reproducibility_Package_V01/npjcm-free-energy-surrogate_Re3/Python_Codes/table/snapshots_split/Cu_700K_snap00014.extxyz,Cu,700,Cu__700,-0.0074935790715591,0.00012079972117948205,0.007614378792738582,0.007614378792738582
/Users/yti0811/Desktop/FE_data/npj_CM01/NPJ_CM_Fig_Python/Public_Reproducibility_Package_V01/npjcm-free-energy-surrogate_Re3/Python_Codes/table/snapshots_split/Cu_700K_snap00015.extxyz,Cu,700,Cu__700,-0.0070921601755029,0.00012079972117948205,0.007212959896682382,0.007212959896682382
/Users/yti0811/Desktop/FE_data/npj_CM01/NPJ_CM_Fig_Python/Public_Reproducibility_Package_V01/npjcm-free-energy-surrogate_Re3/Python_Codes/table/snapshots_split/Cu_700K_snap00016.extxyz,Cu,700,Cu__700,-0.0067800890621001,0.00012079972117948205,0.006900888783279582,0.006900888783279582
/Users/yti0811/Desktop/FE_data/npj_CM01/NPJ_CM_Fig_Python/Public_Reproducibility_Package_V01/npjcm-free-energy-surrogate_Re3/Python_Codes/table/snapshots_split/Cu_700K_snap00017.extxyz,Cu,700,Cu__700,-0.0077398800713031,0.00012079972117948205,0.007860679792482582,0.007860679792482582
/Users/yti0811/Desktop/FE_data/npj_CM01/NPJ_CM_Fig_Python/Public_Reproducibility_Package_V01/npjcm-free-energy-surrogate_Re3/Python_Codes/table/snapshots_split/Cu_700K_snap00018.extxyz,Cu,700,Cu__700,-0.0073112546358278,0.00012079972117948205,0.007432054357007282,0.007432054357007282
/Users/yti0811/Desktop/FE_data/npj_CM01/NPJ_CM_Fig_Python/Public_Reproducibility_Package_V01/npjcm-free-energy-surrogate_Re3/Python_Codes/table/snapshots_split/Cu_700K_snap00019.extxyz,Cu,700,Cu__700,-0.0082289888748412,0.00012079972117948205,0.008349788596020683,0.008349788596020683
/Users/yti0811/Desktop/FE_data/npj_CM01/NPJ_CM_Fig_Python/Public_Reproducibility_Package_V01/npjcm-free-energy-surrogate_Re3/Python_Codes/table/snapshots_split/Cu_700K_snap00020.extxyz,Cu,700,Cu__700,-0.0073321103679726,0.00012079972117948205,0.007452910089152082,0.007452910089152082
/Users/yti0811/Desktop/FE_data/npj_CM01/NPJ_CM_Fig_Python/Public_Reproducibility_Package_V01/npjcm-free-energy-surrogate_Re3/Python_Codes/table/snapshots_split/Cu_700K_snap00021.extxyz,Cu,700,Cu__700,-0.0071353609790756,0.00012079972117948205,0.007256160700255082,0.007256160700255082
/Users/yti0811/Desktop/FE_data/npj_CM01/NPJ_CM_Fig_Python/Public_Reproducibility_Package_V01/npjcm-free-energy-surrogate_Re3/Python_Codes/table/snapshots_split/Cu_700K_snap00022.extxyz,Cu,700,Cu__700,-0.0075072088139152,0.00012079972117948205,0.007628008535094682,0.007628008535094682
/Users/yti0811/Desktop/FE_data/npj_CM01/NPJ_CM_Fig_Python/Public_Reproducibility_Package_V01/npjcm-free-energy-surrogate_Re3/Python_Codes/table/snapshots_split/Cu_700K_snap00023.extxyz,Cu,700,Cu__700,-0.0071573322307288,0.00012079972117948205,0.007278131951908282,0.007278131951908282
/Users/yti0811/Desktop/FE_data/npj_CM01/NPJ_CM_Fig_Python/Public_Reproducibility_Package_V01/npjcm-free-energy-surrogate_Re3/Python_Codes/table/snapshots_split/Cu_700K_snap00024.extxyz,Cu,700,Cu__700,-0.0072645536858113,0.00012079972117948205,0.007385353406990782,0.007385353406990782
/Users/yti0811/Desktop/FE_data/npj_CM01/NPJ_CM_Fig_Python/Public_Reproducibility_Package_V01/npjcm-free-energy-surrogate_Re3/Python_Codes/table/snapshots_split/Cu_700K_snap00025.extxyz,Cu,700,Cu__700,-0.0079010795471477,0.00012079972117948205,0.008021879268327183,0.008021879268327183
/Users/yti0811/Desktop/FE_data/npj_CM01/NPJ_CM_Fig_Python/Public_Reproducibility_Package_V01/npjcm-free-energy-surrogate_Re3/Python_Codes/table/snapshots_split/Cu_700K_snap00026.extxyz,Cu,700,Cu__700,-0.0073649430069207,0.00012079972117948205,0.007485742728100182,0.007485742728100182
/Users/yti0811/Desktop/FE_data/npj_CM01/NPJ_CM_Fig_Python/Public_Reproducibility_Package_V01/npjcm-free-energy-surrogate_Re3/Python_Codes/table/snapshots_split/Cu_700K_snap00027.extxyz,Cu,700,Cu__700,-0.0072668507945776,0.00012079972117948205,0.007387650515757082,0.007387650515757082
/Users/yti0811/Desktop/FE_data/npj_CM01/NPJ_CM_Fig_Python/Public_Reproducibility_Package_V01/npjcm-free-energy-surrogate_Re3/Python_Codes/table/snapshots_split/Cu_700K_snap00028.extxyz,Cu,700,Cu__700,-0.0074649644994522,0.00012079972117948205,0.007585764220631682,0.007585764220631682
/Users/yti0811/Desktop/FE_data/npj_CM01/NPJ_CM_Fig_Python/Public_Reproducibility_Package_V01/npjcm-free-energy-surrogate_Re3/Python_Codes/table/snapshots_split/Cu_700K_snap00029.extxyz,Cu,700,Cu__700,-0.0071159045097151,0.00012079972117948205,0.007236704230894582,0.007236704230894582
/Users/yti0811/Desktop/FE_data/npj_CM01/NPJ_CM_Fig_Python/Public_Reproducibility_Package_V01/npjcm-free-energy-surrogate_Re3/Python_Codes/table/snapshots_split/Cu_700K_snap00030.extxyz,Cu,700,Cu__700,-0.0074778013502305,0.00012079972117948205,0.007598601071409982,0.007598601071409982
/Users/yti0811/Desktop/FE_data/npj_CM01/NPJ_CM_Fig_Python/Public_Reproducibility_Package_V01/npjcm-free-energy-surrogate_Re3/Python_Codes/table/snapshots_split/Cu_700K_snap00031.extxyz,Cu,700,Cu__700,-0.0077583487036345,0.00012079972117948205,0.007879148424813982,0.007879148424813982
/Users/yti0811/Desktop/FE_data/npj_CM01/NPJ_CM_Fig_Python/Public_Reproducibility_Package_V01/npjcm-free-energy-surrogate_Re3/Python_Codes/table/snapshots_split/Cu_700K_snap00032.extxyz,Cu,700,Cu__700,-0.0074367578094787,0.00012079972117948205,0.007557557530658182,0.007557557530658182
/Users/yti0811/Desktop/FE_data/npj_CM01/NPJ_CM_Fig_Python/Public_Reproducibility_Package_V01/npjcm-free-energy-surrogate_Re3/Python_Codes/table/snapshots_split/Cu_700K_snap00033.extxyz,Cu,700,Cu__700,-0.0072440738071562,0.00012079972117948205,0.007364873528335682,0.007364873528335682
/Users/yti0811/Desktop/FE_data/npj_CM01/NPJ_CM_Fig_Python/Public_Reproducibility_Package_V01/npjcm-free-energy-surrogate_Re3/Python_Codes/table/snapshots_split/Cu_700K_snap00034.extxyz,Cu,700,Cu__700,-0.0072919577591095,0.00012079972117948205,0.007412757480288982,0.007412757480288982
/Users/yti0811/Desktop/FE_data/npj_CM01/NPJ_CM_Fig_Python/Public_Reproducibility_Package_V01/npjcm-free-energy-surrogate_Re3/Python_Codes/table/snapshots_split/Cu_700K_snap00035.extxyz,Cu,700,Cu__700,-0.0067199773814363,0.00012079972117948205,0.006840777102615782,0.006840777102615782
/Users/yti0811/Desktop/FE_data/npj_CM01/NPJ_CM_Fig_Python/Public_Reproducibility_Package_V01/npjcm-free-energy-surrogate_Re3/Python_Codes/table/snapshots_split/Cu_700K_snap00036.extxyz,Cu,700,Cu__700,-0.0073047918401292,0.00012079972117948205,0.007425591561308682,0.007425591561308682
/Users/yti0811/Desktop/FE_data/npj_CM01/NPJ_CM_Fig_Python/Public_Reproducibility_Package_V01/npjcm-free-energy-surrogate_Re3/Python_Codes/table/snapshots_split/Cu_700K_snap00037.extxyz,Cu,700,Cu__700,-0.0070455728136285,0.00012079972117948205,0.007166372534807982,0.007166372534807982
/Users/yti0811/Desktop/FE_data/npj_CM01/NPJ_CM_Fig_Python/Public_Reproducibility_Package_V01/npjcm-free-energy-surrogate_Re3/Python_Codes/table/snapshots_split/Cu_700K_snap00038.extxyz,Cu,700,Cu__700,-0.007572794024387,0.00012079972117948205,0.007693593745566482,0.007693593745566482
/Users/yti0811/Desktop/FE_data/npj_CM01/NPJ_CM_Fig_Python/Public_Reproducibility_Package_V01/npjcm-free-energy-surrogate_Re3/Python_Codes/table/snapshots_split/Cu_700K_snap00039.extxyz,Cu,700,Cu__700,-0.0069225958415615,0.00012079972117948205,0.007043395562740982,0.007043395562740982
/Users/yti0811/Desktop/FE_data/npj_CM01/NPJ_CM_Fig_Python/Public_Reproducibility_Package_V01/npjcm-free-energy-surrogate_Re3/Python_Codes/table/snapshots_split/Cu_700K_snap00040.extxyz,Cu,700,Cu__700,-0.0078737167507785,0.00012079972117948205,0.007994516471957981,0.007994516471957981
/Users/yti0811/Desktop/FE_data/npj_CM01/NPJ_CM_Fig_Python/Public_Reproducibility_Package_V01/npjcm-free-energy-surrogate_Re3/Python_Codes/table/snapshots_split/Cu_700K_snap00041.extxyz,Cu,700,Cu__700,-0.0070283253103664,0.00012079972117948205,0.007149125031545882,0.007149125031545882
/Users/yti0811/Desktop/FE_data/npj_CM01/NPJ_CM_Fig_Python/Public_Reproducibility_Package_V01/npjcm-free-energy-surrogate_Re3/Python_Codes/table/snapshots_split/Cu_700K_snap00042.extxyz,Cu,700,Cu__700,-0.0072388132990386,0.00012079972117948205,0.007359613020218082,0.007359613020218082
/Users/yti0811/Desktop/FE_data/npj_CM01/NPJ_CM_Fig_Python/Public_Reproducibility_Package_V01/npjcm-free-energy-surrogate_Re3/Python_Codes/table/snapshots_split/Cu_700K_snap00043.extxyz,Cu,700,Cu__700,-0.007253341467617,0.00012079972117948205,0.007374141188796482,0.007374141188796482
/Users/yti0811/Desktop/FE_data/npj_CM01/NPJ_CM_Fig_Python/Public_Reproducibility_Package_V01/npjcm-free-energy-surrogate_Re3/Python_Codes/table/snapshots_split/Cu_700K_snap00044.extxyz,Cu,700,Cu__700,-0.0074079282946793,0.00012079972117948205,0.007528728015858782,0.007528728015858782
/Users/yti0811/Desktop/FE_data/npj_CM01/NPJ_CM_Fig_Python/Public_Reproducibility_Package_V01/npjcm-free-energy-surrogate_Re3/Python_Codes/table/snapshots_split/Cu_700K_snap00045.extxyz,Cu,700,Cu__700,-0.0072593924271318,0.00012079972117948205,0.007380192148311282,0.007380192148311282
/Users/yti0811/Desktop/FE_data/npj_CM01/NPJ_CM_Fig_Python/Public_Reproducibility_Package_V01/npjcm-free-energy-surrogate_Re3/Python_Codes/table/snapshots_split/Cu_700K_snap00046.extxyz,Cu,700,Cu__700,-0.0070030729354704,0.00012079972117948205,0.007123872656649882,0.007123872656649882
/Users/yti0811/Desktop/FE_data/npj_CM01/NPJ_CM_Fig_Python/Public_Reproducibility_Package_V01/npjcm-free-energy-surrogate_Re3/Python_Codes/table/snapshots_split/Cu_700K_snap00047.extxyz,Cu,700,Cu__700,-0.0066335814868183,0.00012079972117948205,0.006754381207997782,0.006754381207997782
/Users/yti0811/Desktop/FE_data/npj_CM01/NPJ_CM_Fig_Python/Public_Reproducibility_Package_V01/npjcm-free-energy-surrogate_Re3/Python_Codes/table/snapshots_split/Cu_700K_snap00048.extxyz,Cu,700,Cu__700,-0.0072916068591493,0.00012079972117948205,0.007412406580328782,0.007412406580328782
/Users/yti0811/Desktop/FE_data/npj_CM01/NPJ_CM_Fig_Python/Public_Reproducibility_Package_V01/npjcm-free-energy-surrogate_Re3/Python_Codes/table/snapshots_split/Cu_700K_snap00049.extxyz,Cu,700,Cu__700,-0.0076610178165295,0.00012079972117948205,0.007781817537708982,0.007781817537708982
/Users/yti0811/Desktop/FE_data/npj_CM01/NPJ_CM_Fig_Python/Public_Reproducibility_Package_V01/npjcm-free-energy-surrogate_Re3/Python_Codes/table/snapshots_split/Cu_700K_snap00050.extxyz,Cu,700,Cu__700,-0.0074053223462928,0.00012079972117948205,0.007526122067472282,0.007526122067472282
/Users/yti0811/Desktop/FE_data/npj_CM01/NPJ_CM_Fig_Python/Public_Reproducibility_Package_V01/npjcm-free-energy-surrogate_Re3/Python_Codes/table/snapshots_split/Cu_700K_snap00051.extxyz,Cu,700,Cu__700,-0.0076423114899404,0.00012079972117948205,0.007763111211119882,0.007763111211119882
/Users/yti0811/Desktop/FE_data/npj_CM01/NPJ_CM_Fig_Python/Public_Reproducibility_Package_V01/npjcm-free-energy-surrogate_Re3/Python_Codes/table/snapshots_split/Cu_700K_snap00052.extxyz,Cu,700,Cu__700,-0.0077357974939038,0.00012079972117948205,0.007856597215083283,0.007856597215083283
/Users/yti0811/Desktop/FE_data/npj_CM01/NPJ_CM_Fig_Python/Public_Reproducibility_Package_V01/npjcm-free-energy-surrogate_Re3/Python_Codes/table/snapshots_split/Cu_700K_snap00053.extxyz,Cu,700,Cu__700,-0.0073143515816858,0.00012079972117948205,0.007435151302865282,0.007435151302865282
/Users/yti0811/Desktop/FE_data/npj_CM01/NPJ_CM_Fig_Python/Public_Reproducibility_Package_V01/npjcm-free-energy-surrogate_Re3/Python_Codes/table/snapshots_split/Cu_700K_snap00054.extxyz,Cu,700,Cu__700,-0.0071192217626017,0.00012079972117948205,0.007240021483781182,0.007240021483781182
/Users/yti0811/Desktop/FE_data/npj_CM01/NPJ_CM_Fig_Python/Public_Reproducibility_Package_V01/npjcm-free-energy-surrogate_Re3/Python_Codes/table/snapshots_split/Cu_700K_snap00055.extxyz,Cu,700,Cu__700,-0.0071849306198113,0.00012079972117948205,0.007305730340990782,0.007305730340990782
/Users/yti0811/Desktop/FE_data/npj_CM01/NPJ_CM_Fig_Python/Public_Reproducibility_Package_V01/npjcm-free-energy-surrogate_Re3/Python_Codes/table/snapshots_split/Cu_700K_snap00056.extxyz,Cu,700,Cu__700,-0.0073951594748023,0.00012079972117948205,0.007515959195981782,0.007515959195981782
/Users/yti0811/Desktop/FE_data/npj_CM01/NPJ_CM_Fig_Python/Public_Reproducibility_Package_V01/npjcm-free-energy-surrogate_Re3/Python_Codes/table/snapshots_split/Cu_700K_snap00057.extxyz,Cu,700,Cu__700,-0.0067527222624661,0.00012079972117948205,0.006873521983645582,0.006873521983645582
/Users/yti0811/Desktop/FE_data/npj_CM01/NPJ_CM_Fig_Python/Public_Reproducibility_Package_V01/npjcm-free-energy-surrogate_Re3/Python_Codes/table/snapshots_split/Cu_700K_snap00058.extxyz,Cu,700,Cu__700,-0.0073226136660909,0.00012079972117948205,0.007443413387270382,0.007443413387270382
/Users/yti0811/Desktop/FE_data/npj_CM01/NPJ_CM_Fig_Python/Public_Reproducibility_Package_V01/npjcm-free-energy-surrogate_Re3/Python_Codes/table/snapshots_split/Cu_700K_snap00059.extxyz,Cu,700,Cu__700,-0.0071951709926019,0.00012079972117948205,0.007315970713781382,0.007315970713781382
/Users/yti0811/Desktop/FE_data/npj_CM01/NPJ_CM_Fig_Python/Public_Reproducibility_Package_V01/npjcm-free-energy-surrogate_Re3/Python_Codes/table/snapshots_split/Cu_700K_snap00060.extxyz,Cu,700,Cu__700,-0.0075741495879786,0.00012079972117948205,0.007694949309158082,0.007694949309158082
/Users/yti0811/Desktop/FE_data/npj_CM01/NPJ_CM_Fig_Python/Public_Reproducibility_Package_V01/npjcm-free-energy-surrogate_Re3/Python_Codes/table/snapshots_split/Cu_700K_snap00061.extxyz,Cu,700,Cu__700,-0.0075122586722706,0.00012079972117948205,0.007633058393450082,0.007633058393450082
/Users/yti0811/Desktop/FE_data/npj_CM01/NPJ_CM_Fig_Python/Public_Reproducibility_Package_V01/npjcm-free-energy-surrogate_Re3/Python_Codes/table/snapshots_split/Cu_700K_snap00062.extxyz,Cu,700,Cu__700,-0.006632758777709,0.00012079972117948205,0.006753558498888482,0.006753558498888482
/Users/yti0811/Desktop/FE_data/npj_CM01/NPJ_CM_Fig_Python/Public_Reproducibility_Package_V01/npjcm-free-energy-surrogate_Re3/Python_Codes/table/snapshots_split/Cu_700K_snap00063.extxyz,Cu,700,Cu__700,-0.0072362685290412,0.00012079972117948205,0.007357068250220682,0.007357068250220682
/Users/yti0811/Desktop/FE_data/npj_CM01/NPJ_CM_Fig_Python/Public_Reproducibility_Package_V01/npjcm-free-energy-surrogate_Re3/Python_Codes/table/snapshots_split/Cu_700K_snap00064.extxyz,Cu,700,Cu__700,-0.0074411101233733,0.00012079972117948205,0.007561909844552782,0.007561909844552782
/Users/yti0811/Desktop/FE_data/npj_CM01/NPJ_CM_Fig_Python/Public_Reproducibility_Package_V01/npjcm-free-energy-surrogate_Re3/Python_Codes/table/snapshots_split/Cu_700K_snap00065.extxyz,Cu,700,Cu__700,-0.0070062016167254,0.00012079972117948205,0.007127001337904882,0.007127001337904882
/Users/yti0811/Desktop/FE_data/npj_CM01/NPJ_CM_Fig_Python/Public_Reproducibility_Package_V01/npjcm-free-energy-surrogate_Re3/Python_Codes/table/snapshots_split/Cu_700K_snap00066.extxyz,Cu,700,Cu__700,-0.0069676156371143,0.00012079972117948205,0.007088415358293782,0.007088415358293782
/Users/yti0811/Desktop/FE_data/npj_CM01/NPJ_CM_Fig_Python/Public_Reproducibility_Package_V01/npjcm-free-energy-surrogate_Re3/Python_Codes/table/snapshots_split/Cu_700K_snap00067.extxyz,Cu,700,Cu__700,-0.007229107991314,0.00012079972117948205,0.007349907712493482,0.007349907712493482
/Users/yti0811/Desktop/FE_data/npj_CM01/NPJ_CM_Fig_Python/Public_Reproducibility_Package_V01/npjcm-free-energy-surrogate_Re3/Python_Codes/table/snapshots_split/Cu_700K_snap00068.extxyz,Cu,700,Cu__700,-0.0064905418368537,0.00012079972117948205,0.006611341558033182,0.006611341558033182
/Users/yti0811/Desktop/FE_data/npj_CM01/NPJ_CM_Fig_Python/Public_Reproducibility_Package_V01/npjcm-free-energy-surrogate_Re3/Python_Codes/table/snapshots_split/Cu_700K_snap00069.extxyz,Cu,700,Cu__700,-0.0075616330364314,0.00012079972117948205,0.007682432757610882,0.007682432757610882
/Users/yti0811/Desktop/FE_data/npj_CM01/NPJ_CM_Fig_Python/Public_Reproducibility_Package_V01/npjcm-free-energy-surrogate_Re3/Python_Codes/table/snapshots_split/Cu_700K_snap00070.extxyz,Cu,700,Cu__700,-0.006858633506978,0.00012079972117948205,0.006979433228157482,0.006979433228157482
/Users/yti0811/Desktop/FE_data/npj_CM01/NPJ_CM_Fig_Python/Public_Reproducibility_Package_V01/npjcm-free-energy-surrogate_Re3/Python_Codes/table/snapshots_split/Cu_700K_snap00071.extxyz,Cu,700,Cu__700,-0.007714940291015,0.00012079972117948205,0.007835740012194482,0.007835740012194482
/Users/yti0811/Desktop/FE_data/npj_CM01/NPJ_CM_Fig_Python/Public_Reproducibility_Package_V01/npjcm-free-energy-surrogate_Re3/Python_Codes/table/snapshots_split/Cu_700K_snap00072.extxyz,Cu,700,Cu__700,-0.0073906881005874,0.00012079972117948205,0.007511487821766882,0.007511487821766882
/Users/yti0811/Desktop/FE_data/npj_CM01/NPJ_CM_Fig_Python/Public_Reproducibility_Package_V01/npjcm-free-energy-surrogate_Re3/Python_Codes/table/snapshots_split/Cu_700K_snap00073.extxyz,Cu,700,Cu__700,-0.0075742180194862,0.00012079972117948205,0.007695017740665682,0.007695017740665682
/Users/yti0811/Desktop/FE_data/npj_CM01/NPJ_CM_Fig_Python/Public_Reproducibility_Package_V01/npjcm-free-energy-surrogate_Re3/Python_Codes/table/snapshots_split/Cu_700K_snap00074.extxyz,Cu,700,Cu__700,-0.0070689329490132,0.00012079972117948205,0.007189732670192682,0.007189732670192682
/Users/yti0811/Desktop/FE_data/npj_CM01/NPJ_CM_Fig_Python/Public_Reproducibility_Package_V01/npjcm-free-energy-surrogate_Re3/Python_Codes/table/snapshots_split/Cu_700K_snap00075.extxyz,Cu,700,Cu__700,-0.0076338285895516,0.00012079972117948205,0.007754628310731082,0.007754628310731082
/Users/yti0811/Desktop/FE_data/npj_CM01/NPJ_CM_Fig_Python/Public_Reproducibility_Package_V01/npjcm-free-energy-surrogate_Re3/Python_Codes/table/snapshots_split/Cu_700K_snap00076.extxyz,Cu,700,Cu__700,-0.0078678716494751,0.00012079972117948205,0.007988671370654583,0.007988671370654583
/Users/yti0811/Desktop/FE_data/npj_CM01/NPJ_CM_Fig_Python/Public_Reproducibility_Package_V01/npjcm-free-energy-surrogate_Re3/Python_Codes/table/snapshots_split/Cu_700K_snap00077.extxyz,Cu,700,Cu__700,-0.0068720955100378,0.00012079972117948205,0.006992895231217282,0.006992895231217282
/Users/yti0811/Desktop/FE_data/npj_CM01/NPJ_CM_Fig_Python/Public_Reproducibility_Package_V01/npjcm-free-energy-surrogate_Re3/Python_Codes/table/snapshots_split/Cu_700K_snap00078.extxyz,Cu,700,Cu__700,-0.0071399664248488,0.00012079972117948205,0.0072607661460282824,0.0072607661460282824
/Users/yti0811/Desktop/FE_data/npj_CM01/NPJ_CM_Fig_Python/Public_Reproducibility_Package_V01/npjcm-free-energy-surrogate_Re3/Python_Codes/table/snapshots_split/Cu_700K_snap00079.extxyz,Cu,700,Cu__700,-0.0067830318823014,0.00012079972117948205,0.006903831603480882,0.006903831603480882
/Users/yti0811/Desktop/FE_data/npj_CM01/NPJ_CM_Fig_Python/Public_Reproducibility_Package_V01/npjcm-free-energy-surrogate_Re3/Python_Codes/table/snapshots_split/Cu_700K_snap00080.extxyz,Cu,700,Cu__700,-0.0072253553817931,0.00012079972117948205,0.007346155102972582,0.007346155102972582
/Users/yti0811/Desktop/FE_data/npj_CM01/NPJ_CM_Fig_Python/Public_Reproducibility_Package_V01/npjcm-free-energy-surrogate_Re3/Python_Codes/table/snapshots_split/Cu_700K_snap00081.extxyz,Cu,700,Cu__700,-0.0071488257138086,0.00012079972117948205,0.007269625434988082,0.007269625434988082
/Users/yti0811/Desktop/FE_data/npj_CM01/NPJ_CM_Fig_Python/Public_Reproducibility_Package_V01/npjcm-free-energy-surrogate_Re3/Python_Codes/table/snapshots_split/Cu_700K_snap00082.extxyz,Cu,700,Cu__700,-0.0076900860431557,0.00012079972117948205,0.007810885764335182,0.007810885764335182
/Users/yti0811/Desktop/FE_data/npj_CM01/NPJ_CM_Fig_Python/Public_Reproducibility_Package_V01/npjcm-free-energy-surrogate_Re3/Python_Codes/table/snapshots_split/Cu_700K_snap00083.extxyz,Cu,700,Cu__700,-0.0076225349775038,0.00012079972117948205,0.007743334698683282,0.007743334698683282
/Users/yti0811/Desktop/FE_data/npj_CM01/NPJ_CM_Fig_Python/Public_Reproducibility_Package_V01/npjcm-free-energy-surrogate_Re3/Python_Codes/table/snapshots_split/Cu_700K_snap00084.extxyz,Cu,700,Cu__700,-0.0072642264061755,0.00012079972117948205,0.007385026127354982,0.007385026127354982
/Users/yti0811/Desktop/FE_data/npj_CM01/NPJ_CM_Fig_Python/Public_Reproducibility_Package_V01/npjcm-free-energy-surrogate_Re3/Python_Codes/table/snapshots_split/Cu_700K_snap00085.extxyz,Cu,700,Cu__700,-0.0069428163308018,0.00012079972117948205,0.007063616051981282,0.007063616051981282
/Users/yti0811/Desktop/FE_data/npj_CM01/NPJ_CM_Fig_Python/Public_Reproducibility_Package_V01/npjcm-free-energy-surrogate_Re3/Python_Codes/table/snapshots_split/Cu_700K_snap00086.extxyz,Cu,700,Cu__700,-0.0070747646251214,0.00012079972117948205,0.007195564346300882,0.007195564346300882
/Users/yti0811/Desktop/FE_data/npj_CM01/NPJ_CM_Fig_Python/Public_Reproducibility_Package_V01/npjcm-free-energy-surrogate_Re3/Python_Codes/table/snapshots_split/Cu_700K_snap00087.extxyz,Cu,700,Cu__700,-0.0068190679395836,0.00012079972117948205,0.006939867660763082,0.006939867660763082
/Users/yti0811/Desktop/FE_data/npj_CM01/NPJ_CM_Fig_Python/Public_Reproducibility_Package_V01/npjcm-free-energy-surrogate_Re3/Python_Codes/table/snapshots_split/Cu_700K_snap00088.extxyz,Cu,700,Cu__700,-0.0076006075610821,0.00012079972117948205,0.007721407282261582,0.007721407282261582
/Users/yti0811/Desktop/FE_data/npj_CM01/NPJ_CM_Fig_Python/Public_Reproducibility_Package_V01/npjcm-free-energy-surrogate_Re3/Python_Codes/table/snapshots_split/Cu_700K_snap00089.extxyz,Cu,700,Cu__700,-0.0067584818124901,0.00012079972117948205,0.006879281533669582,0.006879281533669582
/Users/yti0811/Desktop/FE_data/npj_CM01/NPJ_CM_Fig_Python/Public_Reproducibility_Package_V01/npjcm-free-energy-surrogate_Re3/Python_Codes/table/snapshots_split/Cu_700K_snap00090.extxyz,Cu,700,Cu__700,-0.0069943246862627,0.00012079972117948205,0.007115124407442182,0.007115124407442182
/Users/yti0811/Desktop/FE_data/npj_CM01/NPJ_CM_Fig_Python/Public_Reproducibility_Package_V01/npjcm-free-energy-surrogate_Re3/Python_Codes/table/snapshots_split/Cu_700K_snap00091.extxyz,Cu,700,Cu__700,-0.0073636148835596,0.00012079972117948205,0.007484414604739082,0.007484414604739082
/Users/yti0811/Desktop/FE_data/npj_CM01/NPJ_CM_Fig_Python/Public_Reproducibility_Package_V01/npjcm-free-energy-surrogate_Re3/Python_Codes/table/snapshots_split/Cu_700K_snap00092.extxyz,Cu,700,Cu__700,-0.0075457933259788,0.00012079972117948205,0.007666593047158282,0.007666593047158282
/Users/yti0811/Desktop/FE_data/npj_CM01/NPJ_CM_Fig_Python/Public_Reproducibility_Package_V01/npjcm-free-energy-surrogate_Re3/Python_Codes/table/snapshots_split/Cu_700K_snap00093.extxyz,Cu,700,Cu__700,-0.0073521678704746,0.00012079972117948205,0.007472967591654082,0.007472967591654082
/Users/yti0811/Desktop/FE_data/npj_CM01/NPJ_CM_Fig_Python/Public_Reproducibility_Package_V01/npjcm-free-energy-surrogate_Re3/Python_Codes/table/snapshots_split/Cu_700K_snap00094.extxyz,Cu,700,Cu__700,-0.0075165343367207,0.00012079972117948205,0.007637334057900182,0.007637334057900182
/Users/yti0811/Desktop/FE_data/npj_CM01/NPJ_CM_Fig_Python/Public_Reproducibility_Package_V01/npjcm-free-energy-surrogate_Re3/Python_Codes/table/snapshots_split/Cu_700K_snap00095.extxyz,Cu,700,Cu__700,-0.0071526122486671,0.00012079972117948205,0.007273411969846582,0.007273411969846582
/Users/yti0811/Desktop/FE_data/npj_CM01/NPJ_CM_Fig_Python/Public_Reproducibility_Package_V01/npjcm-free-energy-surrogate_Re3/Python_Codes/table/snapshots_split/Cu_700K_snap00096.extxyz,Cu,700,Cu__700,-0.006851257414133,0.00012079972117948205,0.006972057135312482,0.006972057135312482
/Users/yti0811/Desktop/FE_data/npj_CM01/NPJ_CM_Fig_Python/Public_Reproducibility_Package_V01/npjcm-free-energy-surrogate_Re3/Python_Codes/table/snapshots_split/Cu_700K_snap00097.extxyz,Cu,700,Cu__700,-0.0075772884384448,0.00012079972117948205,0.007698088159624282,0.007698088159624282
/Users/yti0811/Desktop/FE_data/npj_CM01/NPJ_CM_Fig_Python/Public_Reproducibility_Package_V01/npjcm-free-energy-surrogate_Re3/Python_Codes/table/snapshots_split/Cu_700K_snap00098.extxyz,Cu,700,Cu__700,-0.0076589562813873,0.00012079972117948205,0.007779756002566782,0.007779756002566782
/Users/yti0811/Desktop/FE_data/npj_CM01/NPJ_CM_Fig_Python/Public_Reproducibility_Package_V01/npjcm-free-energy-surrogate_Re3/Python_Codes/table/snapshots_split/Cu_700K_snap00099.extxyz,Cu,700,Cu__700,-0.0072247072146252,0.00012079972117948205,0.007345506935804682,0.007345506935804682
