snapshot_path,system,temperature,group,target,prediction,error,abs_error
/Users/yti0811/Desktop/FE_data/npj_CM01/NPJ_CM_Fig_Python/Public_Reproducibility_Package_V01/npjcm-free-energy-surrogate_Re3/Python_Codes/table/snapshots_split/Al_300K_snap00000.extxyz,Al,300,Al__300,-9.384418843073784e-05,6.544911766293882e-05,0.00015929330609367666,0.00015929330609367666
/Users/yti0811/Desktop/FE_data/npj_CM01/NPJ_CM_Fig_Python/Public_Reproducibility_Package_V01/npjcm-free-energy-surrogate_Re3/Python_Codes/table/snapshots_split/Al_300K_snap00001.extxyz,Al,300,Al__300,-0.0001438238286011,-9.180314819690301e-05,5.202068040419698e-05,5.202068040419698e-05
/Users/yti0811/Desktop/FE_data/npj_CM01/NPJ_CM_Fig_Python/Public_Reproducibility_Package_V01/npjcm-free-energy-surrogate_Re3/Python_Codes/table/snapshots_split/Al_300K_snap00002.extxyz,Al,300,Al__300,-3.9668031770369606e-05,-0.0007519342280205714,-0.0007122661962502018,0.0007122661962502018
/Users/yti0811/Desktop/FE_data/npj_CM01/NPJ_CM_Fig_Python/Public_Reproducibility_Package_V01/npjcm-free-energy-surrogate_Re3/Python_Codes/table/snapshots_split/Al_300K_snap00003.extxyz,Al,300,Al__300,6.398399211492266e-05,0.0003581413976859125,0.00029415740557098985,0.00029415740557098985
/Users/yti0811/Desktop/FE_data/npj_CM01/NPJ_CM_Fig_Python/Public_Reproducibility_Package_V01/npjcm-free-energy-surrogate_Re3/Python_Codes/table/snapshots_split/Al_300K_snap00004.extxyz,Al,300,Al__300,-0.0001068266266538,-0.0004897488334232637,-0.0003829222067694637,0.0003829222067694637
/Users/yti0811/Desktop/FE_data/npj_CM01/NPJ_CM_Fig_Python/Public_Reproducibility_Package_V01/npjcm-free-energy-surrogate_Re3/Python_Codes/table/snapshots_split/Al_300K_snap00005.extxyz,Al,300,Al__300,5.1853032894220706e-05,-0.0006227549346332084,-0.0006746079675274291,0.0006746079675274291
/Users/yti0811/Desktop/FE_data/npj_CM01/NPJ_CM_Fig_Python/Public_Reproducibility_Package_V01/npjcm-free-energy-surrogate_Re3/Python_Codes/table/snapshots_split/Al_300K_snap00006.extxyz,Al,300,Al__300,-0.0001697802890017,0.0008374457141477715,0.0010072260031494715,0.0010072260031494715
/Users/yti0811/Desktop/FE_data/npj_CM01/NPJ_CM_Fig_Python/Public_Reproducibility_Package_V01/npjcm-free-energy-surrogate_Re3/Python_Codes/table/snapshots_split/Al_300K_snap00007.extxyz,Al,300,Al__300,-8.958226944589977e-05,0.0004953962626522792,0.000584978532098179,0.000584978532098179
/Users/yti0811/Desktop/FE_data/npj_CM01/NPJ_CM_Fig_Python/Public_Reproducibility_Package_V01/npjcm-free-energy-surrogate_Re3/Python_Codes/table/snapshots_split/Al_300K_snap00008.extxyz,Al,300,Al__300,0.0001975695466534,0.00032150140908091836,0.00012393186242751837,0.00012393186242751837
/Users/yti0811/Desktop/FE_data/npj_CM01/NPJ_CM_Fig_Python/Public_Reproducibility_Package_V01/npjcm-free-energy-surrogate_Re3/Python_Codes/table/snapshots_split/Al_300K_snap00009.extxyz,Al,300,Al__300,-3.432760323763996e-05,0.0002459888790327867,0.0002803164822704267,0.0002803164822704267
/Users/yti0811/Desktop/FE_data/npj_CM01/NPJ_CM_Fig_Python/Public_Reproducibility_Package_V01/npjcm-free-energy-surrogate_Re3/Python_Codes/table/snapshots_split/Al_300K_snap00010.extxyz,Al,300,Al__300,-3.554763878045487e-05,2.8069314830123694e-05,6.361695361057856e-05,6.361695361057856e-05
/Users/yti0811/Desktop/FE_data/npj_CM01/NPJ_CM_Fig_Python/Public_Reproducibility_Package_V01/npjcm-free-energy-surrogate_Re3/Python_Codes/table/snapshots_split/Al_300K_snap00011.extxyz,Al,300,Al__300,0.0001208333651662,-0.00031209162328587665,-0.00043292498845207665,0.00043292498845207665
/Users/yti0811/Desktop/FE_data/npj_CM01/NPJ_CM_Fig_Python/Public_Reproducibility_Package_V01/npjcm-free-energy-surrogate_Re3/Python_Codes/table/snapshots_split/Al_300K_snap00012.extxyz,Al,300,Al__300,-1.7392533259287817e-05,-0.00018933211431527226,-0.00017193958105598444,0.00017193958105598444
/Users/yti0811/Desktop/FE_data/npj_CM01/NPJ_CM_Fig_Python/Public_Reproducibility_Package_V01/npjcm-free-energy-surrogate_Re3/Python_Codes/table/snapshots_split/Al_300K_snap00013.extxyz,Al,300,Al__300,-5.057507104257065e-05,-0.0001772697753817057,-0.00012669470433913503,0.00012669470433913503
/Users/yti0811/Desktop/FE_data/npj_CM01/NPJ_CM_Fig_Python/Public_Reproducibility_Package_V01/npjcm-free-energy-surrogate_Re3/Python_Codes/table/snapshots_split/Al_300K_snap00014.extxyz,Al,300,Al__300,-4.577285417485423e-05,2.5676094108521353e-05,7.144894828337558e-05,7.144894828337558e-05
/Users/yti0811/Desktop/FE_data/npj_CM01/NPJ_CM_Fig_Python/Public_Reproducibility_Package_V01/npjcm-free-energy-surrogate_Re3/Python_Codes/table/snapshots_split/Al_300K_snap00015.extxyz,Al,300,Al__300,-0.0002440167447177,-0.00011086787209670681,0.00013314887262099318,0.00013314887262099318
/Users/yti0811/Desktop/FE_data/npj_CM01/NPJ_CM_Fig_Python/Public_Reproducibility_Package_V01/npjcm-free-energy-surrogate_Re3/Python_Codes/table/snapshots_split/Al_300K_snap00016.extxyz,Al,300,Al__300,-0.0001362588360989,-0.00025835229577367535,-0.00012209345967477536,0.00012209345967477536
/Users/yti0811/Desktop/FE_data/npj_CM01/NPJ_CM_Fig_Python/Public_Reproducibility_Package_V01/npjcm-free-energy-surrogate_Re3/Python_Codes/table/snapshots_split/Al_300K_snap00017.extxyz,Al,300,Al__300,7.447601885966477e-06,0.00028495830542691296,0.0002775107035409465,0.0002775107035409465
/Users/yti0811/Desktop/FE_data/npj_CM01/NPJ_CM_Fig_Python/Public_Reproducibility_Package_V01/npjcm-free-energy-surrogate_Re3/Python_Codes/table/snapshots_split/Al_300K_snap00018.extxyz,Al,300,Al__300,9.095513180450146e-05,-0.0001056837033836992,-0.00019663883518820067,0.00019663883518820067
/Users/yti0811/Desktop/FE_data/npj_CM01/NPJ_CM_Fig_Python/Public_Reproducibility_Package_V01/npjcm-free-energy-surrogate_Re3/Python_Codes/table/snapshots_split/Al_300K_snap00019.extxyz,Al,300,Al__300,-2.3082958464550345e-05,-8.418020608277061e-05,-6.109724761822027e-05,6.109724761822027e-05
/Users/yti0811/Desktop/FE_data/npj_CM01/NPJ_CM_Fig_Python/Public_Reproducibility_Package_V01/npjcm-free-energy-surrogate_Re3/Python_Codes/table/snapshots_split/Al_300K_snap00020.extxyz,Al,300,Al__300,5.585336907119985e-05,0.00023555690464618684,0.000179703535574987,0.000179703535574987
/Users/yti0811/Desktop/FE_data/npj_CM01/NPJ_CM_Fig_Python/Public_Reproducibility_Package_V01/npjcm-free-energy-surrogate_Re3/Python_Codes/table/snapshots_split/Al_300K_snap00021.extxyz,Al,300,Al__300,-4.373338851716593e-05,-0.0008798866110646745,-0.0008361532225475086,0.0008361532225475086
/Users/yti0811/Desktop/FE_data/npj_CM01/NPJ_CM_Fig_Python/Public_Reproducibility_Package_V01/npjcm-free-energy-surrogate_Re3/Python_Codes/table/snapshots_split/Al_300K_snap00022.extxyz,Al,300,Al__300,8.542791093020146e-05,0.0005768621866242735,0.000491434275694072,0.000491434275694072
/Users/yti0811/Desktop/FE_data/npj_CM01/NPJ_CM_Fig_Python/Public_Reproducibility_Package_V01/npjcm-free-energy-surrogate_Re3/Python_Codes/table/snapshots_split/Al_300K_snap00023.extxyz,Al,300,Al__300,-0.0001255180052155,-0.0009485160049050291,-0.0008229979996895291,0.0008229979996895291
/Users/yti0811/Desktop/FE_data/npj_CM01/NPJ_CM_Fig_Python/Public_Reproducibility_Package_V01/npjcm-free-energy-surrogate_Re3/Python_Codes/table/snapshots_split/Al_300K_snap00024.extxyz,Al,300,Al__300,-6.38707300816445e-06,-0.0008663212632727977,-0.0008599341902646333,0.0008599341902646333
/Users/yti0811/Desktop/FE_data/npj_CM01/NPJ_CM_Fig_Python/Public_Reproducibility_Package_V01/npjcm-free-energy-surrogate_Re3/Python_Codes/table/snapshots_split/Al_300K_snap00025.extxyz,Al,300,Al__300,6.058691620945395e-06,-0.00021318190272284768,-0.00021924059434379306,0.00021924059434379306
/Users/yti0811/Desktop/FE_data/npj_CM01/NPJ_CM_Fig_Python/Public_Reproducibility_Package_V01/npjcm-free-energy-surrogate_Re3/Python_Codes/table/snapshots_split/Al_300K_snap00026.extxyz,Al,300,Al__300,3.787198087233766e-05,-0.001382365405616845,-0.0014202373864891826,0.0014202373864891826
/Users/yti0811/Desktop/FE_data/npj_CM01/NPJ_CM_Fig_Python/Public_Reproducibility_Package_V01/npjcm-free-energy-surrogate_Re3/Python_Codes/table/snapshots_split/Al_300K_snap00027.extxyz,Al,300,Al__300,5.573822791725523e-05,-0.0001670461701225808,-0.00022278439803983602,0.00022278439803983602
/Users/yti0811/Desktop/FE_data/npj_CM01/NPJ_CM_Fig_Python/Public_Reproducibility_Package_V01/npjcm-free-energy-surrogate_Re3/Python_Codes/table/snapshots_split/Al_300K_snap00028.extxyz,Al,300,Al__300,-8.565110195659103e-06,-0.0002641411257776998,-0.0002555760155820407,0.0002555760155820407
/Users/yti0811/Desktop/FE_data/npj_CM01/NPJ_CM_Fig_Python/Public_Reproducibility_Package_V01/npjcm-free-energy-surrogate_Re3/Python_Codes/table/snapshots_split/Al_300K_snap00029.extxyz,Al,300,Al__300,-0.0001748592456019,-0.00024198130470276318,-6.712205910086317e-05,6.712205910086317e-05
/Users/yti0811/Desktop/FE_data/npj_CM01/NPJ_CM_Fig_Python/Public_Reproducibility_Package_V01/npjcm-free-energy-surrogate_Re3/Python_Codes/table/snapshots_split/Al_300K_snap00030.extxyz,Al,300,Al__300,-7.93515511880022e-05,0.0013548011559929092,0.0014341527071809114,0.0014341527071809114
/Users/yti0811/Desktop/FE_data/npj_CM01/NPJ_CM_Fig_Python/Public_Reproducibility_Package_V01/npjcm-free-energy-surrogate_Re3/Python_Codes/table/snapshots_split/Al_300K_snap00031.extxyz,Al,300,Al__300,0.0001617169447626,0.00011241129335457282,-4.9305651408027186e-05,4.9305651408027186e-05
/Users/yti0811/Desktop/FE_data/npj_CM01/NPJ_CM_Fig_Python/Public_Reproducibility_Package_V01/npjcm-free-energy-surrogate_Re3/Python_Codes/table/snapshots_split/Al_300K_snap00032.extxyz,Al,300,Al__300,-1.496750818120897e-05,-2.1629246608486784e-05,-6.661738427277813e-06,6.661738427277813e-06
/Users/yti0811/Desktop/FE_data/npj_CM01/NPJ_CM_Fig_Python/Public_Reproducibility_Package_V01/npjcm-free-energy-surrogate_Re3/Python_Codes/table/snapshots_split/Al_300K_snap00033.extxyz,Al,300,Al__300,-0.0002796196027736,-0.0006567395562567419,-0.00037711995348314187,0.00037711995348314187
/Users/yti0811/Desktop/FE_data/npj_CM01/NPJ_CM_Fig_Python/Public_Reproducibility_Package_V01/npjcm-free-energy-surrogate_Re3/Python_Codes/table/snapshots_split/Al_300K_snap00034.extxyz,Al,300,Al__300,2.857016326728133e-05,5.700833361806151e-06,-2.286932990547518e-05,2.286932990547518e-05
/Users/yti0811/Desktop/FE_data/npj_CM01/NPJ_CM_Fig_Python/Public_Reproducibility_Package_V01/npjcm-free-energy-surrogate_Re3/Python_Codes/table/snapshots_split/Al_300K_snap00035.extxyz,Al,300,Al__300,-0.0001859261856804,-0.00023326720291042154,-4.7341017230021534e-05,4.7341017230021534e-05
/Users/yti0811/Desktop/FE_data/npj_CM01/NPJ_CM_Fig_Python/Public_Reproducibility_Package_V01/npjcm-free-energy-surrogate_Re3/Python_Codes/table/snapshots_split/Al_300K_snap00036.extxyz,Al,300,Al__300,-0.0001293033461194,-0.0006488164386215723,-0.0005195130925021722,0.0005195130925021722
/Users/yti0811/Desktop/FE_data/npj_CM01/NPJ_CM_Fig_Python/Public_Reproducibility_Package_V01/npjcm-free-energy-surrogate_Re3/Python_Codes/table/snapshots_split/Al_300K_snap00037.extxyz,Al,300,Al__300,8.269051457660146e-05,1.5152048243307047e-05,-6.753846633329441e-05,6.753846633329441e-05
/Users/yti0811/Desktop/FE_data/npj_CM01/NPJ_CM_Fig_Python/Public_Reproducibility_Package_V01/npjcm-free-energy-surrogate_Re3/Python_Codes/table/snapshots_split/Al_300K_snap00038.extxyz,Al,300,Al__300,0.000196312522419,0.0003041564069829516,0.00010784388456395162,0.00010784388456395162
/Users/yti0811/Desktop/FE_data/npj_CM01/NPJ_CM_Fig_Python/Public_Reproducibility_Package_V01/npjcm-free-energy-surrogate_Re3/Python_Codes/table/snapshots_split/Al_300K_snap00039.extxyz,Al,300,Al__300,-0.0002154514610535,-0.0006106093899497977,-0.0003951579288962977,0.0003951579288962977
/Users/yti0811/Desktop/FE_data/npj_CM01/NPJ_CM_Fig_Python/Public_Reproducibility_Package_V01/npjcm-free-energy-surrogate_Re3/Python_Codes/table/snapshots_split/Al_300K_snap00040.extxyz,Al,300,Al__300,0.0002081594770407,0.00013408539885202572,-7.407407818867427e-05,7.407407818867427e-05
/Users/yti0811/Desktop/FE_data/npj_CM01/NPJ_CM_Fig_Python/Public_Reproducibility_Package_V01/npjcm-free-energy-surrogate_Re3/Python_Codes/table/snapshots_split/Al_300K_snap00041.extxyz,Al,300,Al__300,6.536437788327963e-05,-0.00037750860409301094,-0.00044287298197629056,0.00044287298197629056
/Users/yti0811/Desktop/FE_data/npj_CM01/NPJ_CM_Fig_Python/Public_Reproducibility_Package_V01/npjcm-free-energy-surrogate_Re3/Python_Codes/table/snapshots_split/Al_300K_snap00042.extxyz,Al,300,Al__300,0.0001826582927534,2.0625300291422255e-05,-0.00016203299246197775,0.00016203299246197775
/Users/yti0811/Desktop/FE_data/npj_CM01/NPJ_CM_Fig_Python/Public_Reproducibility_Package_V01/npjcm-free-energy-surrogate_Re3/Python_Codes/table/snapshots_split/Al_300K_snap00043.extxyz,Al,300,Al__300,0.0002133257651647,0.00010175780334799518,-0.00011156796181670481,0.00011156796181670481
/Users/yti0811/Desktop/FE_data/npj_CM01/NPJ_CM_Fig_Python/Public_Reproducibility_Package_V01/npjcm-free-energy-surrogate_Re3/Python_Codes/table/snapshots_split/Al_300K_snap00044.extxyz,Al,300,Al__300,-0.0001833225227401,-0.00115160662888913,-0.0009682841061490299,0.0009682841061490299
/Users/yti0811/Desktop/FE_data/npj_CM01/NPJ_CM_Fig_Python/Public_Reproducibility_Package_V01/npjcm-free-energy-surrogate_Re3/Python_Codes/table/snapshots_split/Al_300K_snap00045.extxyz,Al,300,Al__300,6.722888525222236e-05,-0.0005637882476060299,-0.0006310171328582523,0.0006310171328582523
/Users/yti0811/Desktop/FE_data/npj_CM01/NPJ_CM_Fig_Python/Public_Reproducibility_Package_V01/npjcm-free-energy-surrogate_Re3/Python_Codes/table/snapshots_split/Al_300K_snap00046.extxyz,Al,300,Al__300,-3.5279948728108036e-05,4.754659913722066e-06,4.00346086418301e-05,4.00346086418301e-05
/Users/yti0811/Desktop/FE_data/npj_CM01/NPJ_CM_Fig_Python/Public_Reproducibility_Package_V01/npjcm-free-energy-surrogate_Re3/Python_Codes/table/snapshots_split/Al_300K_snap00047.extxyz,Al,300,Al__300,0.0001107340045099,-0.0008840463634899856,-0.0009947803679998856,0.0009947803679998856
/Users/yti0811/Desktop/FE_data/npj_CM01/NPJ_CM_Fig_Python/Public_Reproducibility_Package_V01/npjcm-free-energy-surrogate_Re3/Python_Codes/table/snapshots_split/Al_300K_snap00048.extxyz,Al,300,Al__300,-0.0001466809627464,3.629095010237197e-05,0.00018297191284877195,0.00018297191284877195
/Users/yti0811/Desktop/FE_data/npj_CM01/NPJ_CM_Fig_Python/Public_Reproducibility_Package_V01/npjcm-free-energy-surrogate_Re3/Python_Codes/table/snapshots_split/Al_300K_snap00049.extxyz,Al,300,Al__300,0.0001231596770266,0.00022037599782543453,9.721632079883453e-05,9.721632079883453e-05
/Users/yti0811/Desktop/FE_data/npj_CM01/NPJ_CM_Fig_Python/Public_Reproducibility_Package_V01/npjcm-free-energy-surrogate_Re3/Python_Codes/table/snapshots_split/Al_300K_snap00050.extxyz,Al,300,Al__300,-0.0001718281790699,0.00010565304576457912,0.00027748122483447915,0.00027748122483447915
/Users/yti0811/Desktop/FE_data/npj_CM01/NPJ_CM_Fig_Python/Public_Reproducibility_Package_V01/npjcm-free-energy-surrogate_Re3/Python_Codes/table/snapshots_split/Al_300K_snap00051.extxyz,Al,300,Al__300,7.120156393468466e-05,6.106878929959681e-05,-1.013277463508785e-05,1.013277463508785e-05
/Users/yti0811/Desktop/FE_data/npj_CM01/NPJ_CM_Fig_Python/Public_Reproducibility_Package_V01/npjcm-free-energy-surrogate_Re3/Python_Codes/table/snapshots_split/Al_300K_snap00052.extxyz,Al,300,Al__300,-5.473876245955135e-05,0.0003907191753798777,0.00044545793783942907,0.00044545793783942907
/Users/yti0811/Desktop/FE_data/npj_CM01/NPJ_CM_Fig_Python/Public_Reproducibility_Package_V01/npjcm-free-energy-surrogate_Re3/Python_Codes/table/snapshots_split/Al_300K_snap00053.extxyz,Al,300,Al__300,-2.8543587558784183e-05,0.000277099541737472,0.0003056431292962562,0.0003056431292962562
/Users/yti0811/Desktop/FE_data/npj_CM01/NPJ_CM_Fig_Python/Public_Reproducibility_Package_V01/npjcm-free-energy-surrogate_Re3/Python_Codes/table/snapshots_split/Al_300K_snap00054.extxyz,Al,300,Al__300,-0.0001015405897616,0.00044289036016653146,0.0005444309499281314,0.0005444309499281314
/Users/yti0811/Desktop/FE_data/npj_CM01/NPJ_CM_Fig_Python/Public_Reproducibility_Package_V01/npjcm-free-energy-surrogate_Re3/Python_Codes/table/snapshots_split/Al_300K_snap00055.extxyz,Al,300,Al__300,4.240904803475108e-05,-0.0012488122950609262,-0.0012912213430956773,0.0012912213430956773
/Users/yti0811/Desktop/FE_data/npj_CM01/NPJ_CM_Fig_Python/Public_Reproducibility_Package_V01/npjcm-free-energy-surrogate_Re3/Python_Codes/table/snapshots_split/Al_300K_snap00056.extxyz,Al,300,Al__300,-2.8963904205160944e-05,0.00016466996358430048,0.00019363386778946143,0.00019363386778946143
/Users/yti0811/Desktop/FE_data/npj_CM01/NPJ_CM_Fig_Python/Public_Reproducibility_Package_V01/npjcm-free-energy-surrogate_Re3/Python_Codes/table/snapshots_split/Al_300K_snap00057.extxyz,Al,300,Al__300,4.506092891630563e-05,-0.0004633784271453116,-0.0005084393560616172,0.0005084393560616172
/Users/yti0811/Desktop/FE_data/npj_CM01/NPJ_CM_Fig_Python/Public_Reproducibility_Package_V01/npjcm-free-energy-surrogate_Re3/Python_Codes/table/snapshots_split/Al_300K_snap00058.extxyz,Al,300,Al__300,-0.0002475370342083,-6.613805743590744e-05,0.00018139897677239258,0.00018139897677239258
/Users/yti0811/Desktop/FE_data/npj_CM01/NPJ_CM_Fig_Python/Public_Reproducibility_Package_V01/npjcm-free-energy-surrogate_Re3/Python_Codes/table/snapshots_split/Al_300K_snap00059.extxyz,Al,300,Al__300,0.0001605673408758,0.0002893376176951564,0.0001287702768193564,0.0001287702768193564
/Users/yti0811/Desktop/FE_data/npj_CM01/NPJ_CM_Fig_Python/Public_Reproducibility_Package_V01/npjcm-free-energy-surrogate_Re3/Python_Codes/table/snapshots_split/Al_300K_snap00060.extxyz,Al,300,Al__300,-0.0003427540392515,-0.0005069620961429147,-0.0001642080568914147,0.0001642080568914147
/Users/yti0811/Desktop/FE_data/npj_CM01/NPJ_CM_Fig_Python/Public_Reproducibility_Package_V01/npjcm-free-energy-surrogate_Re3/Python_Codes/table/snapshots_split/Al_300K_snap00061.extxyz,Al,300,Al__300,-1.1701258317743952e-05,-0.0010931825108937553,-0.0010814812525760113,0.0010814812525760113
/Users/yti0811/Desktop/FE_data/npj_CM01/NPJ_CM_Fig_Python/Public_Reproducibility_Package_V01/npjcm-free-energy-surrogate_Re3/Python_Codes/table/snapshots_split/Al_300K_snap00062.extxyz,Al,300,Al__300,-2.3748401900016163e-05,0.0005883144305633795,0.0006120628324633957,0.0006120628324633957
/Users/yti0811/Desktop/FE_data/npj_CM01/NPJ_CM_Fig_Python/Public_Reproducibility_Package_V01/npjcm-free-energy-surrogate_Re3/Python_Codes/table/snapshots_split/Al_300K_snap00063.extxyz,Al,300,Al__300,-5.7400624180372074e-05,0.0010422389348696472,0.0010996395590500193,0.0010996395590500193
/Users/yti0811/Desktop/FE_data/npj_CM01/NPJ_CM_Fig_Python/Public_Reproducibility_Package_V01/npjcm-free-energy-surrogate_Re3/Python_Codes/table/snapshots_split/Al_300K_snap00064.extxyz,Al,300,Al__300,-0.0001410025026171,-0.00028978445888059467,-0.00014878195626349467,0.00014878195626349467
/Users/yti0811/Desktop/FE_data/npj_CM01/NPJ_CM_Fig_Python/Public_Reproducibility_Package_V01/npjcm-free-energy-surrogate_Re3/Python_Codes/table/snapshots_split/Al_300K_snap00065.extxyz,Al,300,Al__300,6.497022875793774e-06,-0.0007254899459458184,-0.0007319869688216121,0.0007319869688216121
/Users/yti0811/Desktop/FE_data/npj_CM01/NPJ_CM_Fig_Python/Public_Reproducibility_Package_V01/npjcm-free-energy-surrogate_Re3/Python_Codes/table/snapshots_split/Al_300K_snap00066.extxyz,Al,300,Al__300,3.062433745181058e-05,-0.0006828528639199718,-0.0007134772013717823,0.0007134772013717823
/Users/yti0811/Desktop/FE_data/npj_CM01/NPJ_CM_Fig_Python/Public_Reproducibility_Package_V01/npjcm-free-energy-surrogate_Re3/Python_Codes/table/snapshots_split/Al_300K_snap00067.extxyz,Al,300,Al__300,-8.25746375351505e-05,-0.00029516589774567864,-0.00021259126021052813,0.00021259126021052813
/Users/yti0811/Desktop/FE_data/npj_CM01/NPJ_CM_Fig_Python/Public_Reproducibility_Package_V01/npjcm-free-energy-surrogate_Re3/Python_Codes/table/snapshots_split/Al_300K_snap00068.extxyz,Al,300,Al__300,-3.12506535745788e-05,-0.0004184794731180209,-0.0003872288195434421,0.0003872288195434421
/Users/yti0811/Desktop/FE_data/npj_CM01/NPJ_CM_Fig_Python/Public_Reproducibility_Package_V01/npjcm-free-energy-surrogate_Re3/Python_Codes/table/snapshots_split/Al_300K_snap00069.extxyz,Al,300,Al__300,-2.7330297073370773e-05,-0.00022614769234815808,-0.0001988173952747873,0.0001988173952747873
/Users/yti0811/Desktop/FE_data/npj_CM01/NPJ_CM_Fig_Python/Public_Reproducibility_Package_V01/npjcm-free-energy-surrogate_Re3/Python_Codes/table/snapshots_split/Al_300K_snap00070.extxyz,Al,300,Al__300,-0.0001321970005941,-0.0005332573245409742,-0.00040106032394687417,0.00040106032394687417
/Users/yti0811/Desktop/FE_data/npj_CM01/NPJ_CM_Fig_Python/Public_Reproducibility_Package_V01/npjcm-free-energy-surrogate_Re3/Python_Codes/table/snapshots_split/Al_300K_snap00071.extxyz,Al,300,Al__300,0.0001915532219071,-6.530355704888095e-05,-0.00025685677895598096,0.00025685677895598096
/Users/yti0811/Desktop/FE_data/npj_CM01/NPJ_CM_Fig_Python/Public_Reproducibility_Package_V01/npjcm-free-energy-surrogate_Re3/Python_Codes/table/snapshots_split/Al_300K_snap00072.extxyz,Al,300,Al__300,-3.709737768033018e-05,0.00016517475530619929,0.00020227213298652948,0.00020227213298652948
/Users/yti0811/Desktop/FE_data/npj_CM01/NPJ_CM_Fig_Python/Public_Reproducibility_Package_V01/npjcm-free-energy-surrogate_Re3/Python_Codes/table/snapshots_split/Al_300K_snap00073.extxyz,Al,300,Al__300,-0.0001242306757187,-0.0003730089216205361,-0.00024877824590183607,0.00024877824590183607
/Users/yti0811/Desktop/FE_data/npj_CM01/NPJ_CM_Fig_Python/Public_Reproducibility_Package_V01/npjcm-free-energy-surrogate_Re3/Python_Codes/table/snapshots_split/Al_300K_snap00074.extxyz,Al,300,Al__300,-0.0001633953643558,0.0007323740516616869,0.0008957694160174869,0.0008957694160174869
/Users/yti0811/Desktop/FE_data/npj_CM01/NPJ_CM_Fig_Python/Public_Reproducibility_Package_V01/npjcm-free-energy-surrogate_Re3/Python_Codes/table/snapshots_split/Al_300K_snap00075.extxyz,Al,300,Al__300,9.831100965180148e-05,7.421895846623613e-05,-2.4092051185565347e-05,2.4092051185565347e-05
/Users/yti0811/Desktop/FE_data/npj_CM01/NPJ_CM_Fig_Python/Public_Reproducibility_Package_V01/npjcm-free-energy-surrogate_Re3/Python_Codes/table/snapshots_split/Al_300K_snap00076.extxyz,Al,300,Al__300,-0.0002677422654937,-0.0008299482410100263,-0.0005622059755163263,0.0005622059755163263
/Users/yti0811/Desktop/FE_data/npj_CM01/NPJ_CM_Fig_Python/Public_Reproducibility_Package_V01/npjcm-free-energy-surrogate_Re3/Python_Codes/table/snapshots_split/Al_300K_snap00077.extxyz,Al,300,Al__300,7.262824815344847e-05,-0.0002283436535132856,-0.0003009719016667341,0.0003009719016667341
/Users/yti0811/Desktop/FE_data/npj_CM01/NPJ_CM_Fig_Python/Public_Reproducibility_Package_V01/npjcm-free-energy-surrogate_Re3/Python_Codes/table/snapshots_split/Al_300K_snap00078.extxyz,Al,300,Al__300,4.62379583893041e-05,-2.0887991859396995e-05,-6.712595024870109e-05,6.712595024870109e-05
/Users/yti0811/Desktop/FE_data/npj_CM01/NPJ_CM_Fig_Python/Public_Reproducibility_Package_V01/npjcm-free-energy-surrogate_Re3/Python_Codes/table/snapshots_split/Al_300K_snap00079.extxyz,Al,300,Al__300,3.617565579904057e-05,-0.0003342683908850889,-0.0003704440466841295,0.0003704440466841295
/Users/yti0811/Desktop/FE_data/npj_CM01/NPJ_CM_Fig_Python/Public_Reproducibility_Package_V01/npjcm-free-energy-surrogate_Re3/Python_Codes/table/snapshots_split/Al_300K_snap00080.extxyz,Al,300,Al__300,8.031671200560146e-05,3.0766671327408645e-05,-4.9550040678192814e-05,4.9550040678192814e-05
/Users/yti0811/Desktop/FE_data/npj_CM01/NPJ_CM_Fig_Python/Public_Reproducibility_Package_V01/npjcm-free-energy-surrogate_Re3/Python_Codes/table/snapshots_split/Al_300K_snap00081.extxyz,Al,300,Al__300,0.0001350603687636,0.0004694898769549936,0.0003344295081913936,0.0003344295081913936
/Users/yti0811/Desktop/FE_data/npj_CM01/NPJ_CM_Fig_Python/Public_Reproducibility_Package_V01/npjcm-free-energy-surrogate_Re3/Python_Codes/table/snapshots_split/Al_300K_snap00082.extxyz,Al,300,Al__300,-2.0215028112685765e-06,-6.492386371796106e-05,-6.290236090669249e-05,6.290236090669249e-05
/Users/yti0811/Desktop/FE_data/npj_CM01/NPJ_CM_Fig_Python/Public_Reproducibility_Package_V01/npjcm-free-energy-surrogate_Re3/Python_Codes/table/snapshots_split/Al_300K_snap00083.extxyz,Al,300,Al__300,-0.0002732066576867,-0.000315841949783822,-4.2635292097122004e-05,4.2635292097122004e-05
/Users/yti0811/Desktop/FE_data/npj_CM01/NPJ_CM_Fig_Python/Public_Reproducibility_Package_V01/npjcm-free-energy-surrogate_Re3/Python_Codes/table/snapshots_split/Al_300K_snap00084.extxyz,Al,300,Al__300,2.1214734388417795e-05,-0.0003391775301480343,-0.0003603922645364521,0.0003603922645364521
/Users/yti0811/Desktop/FE_data/npj_CM01/NPJ_CM_Fig_Python/Public_Reproducibility_Package_V01/npjcm-free-energy-surrogate_Re3/Python_Codes/table/snapshots_split/Al_300K_snap00085.extxyz,Al,300,Al__300,-0.0001179211653438,0.0003596564749511526,0.0004775776402949526,0.0004775776402949526
/Users/yti0811/Desktop/FE_data/npj_CM01/NPJ_CM_Fig_Python/Public_Reproducibility_Package_V01/npjcm-free-energy-surrogate_Re3/Python_Codes/table/snapshots_split/Al_300K_snap00086.extxyz,Al,300,Al__300,-3.554744144053269e-05,-0.0005311249899485131,-0.0004955775485079804,0.0004955775485079804
/Users/yti0811/Desktop/FE_data/npj_CM01/NPJ_CM_Fig_Python/Public_Reproducibility_Package_V01/npjcm-free-energy-surrogate_Re3/Python_Codes/table/snapshots_split/Al_300K_snap00087.extxyz,Al,300,Al__300,-9.905613007078652e-05,-0.0004610727683956398,-0.00036201663832485326,0.00036201663832485326
/Users/yti0811/Desktop/FE_data/npj_CM01/NPJ_CM_Fig_Python/Public_Reproducibility_Package_V01/npjcm-free-energy-surrogate_Re3/Python_Codes/table/snapshots_split/Al_300K_snap00088.extxyz,Al,300,Al__300,6.128838498185961e-05,0.0007884307017401074,0.0007271423167582478,0.0007271423167582478
/Users/yti0811/Desktop/FE_data/npj_CM01/NPJ_CM_Fig_Python/Public_Reproducibility_Package_V01/npjcm-free-energy-surrogate_Re3/Python_Codes/table/snapshots_split/Al_300K_snap00089.extxyz,Al,300,Al__300,9.495221430770146e-05,0.00029471722603739844,0.000199765011729697,0.000199765011729697
/Users/yti0811/Desktop/FE_data/npj_CM01/NPJ_CM_Fig_Python/Public_Reproducibility_Package_V01/npjcm-free-energy-surrogate_Re3/Python_Codes/table/snapshots_split/Al_300K_snap00090.extxyz,Al,300,Al__300,-0.0001286558162061,-0.0003188956244154399,-0.0001902398082093399,0.0001902398082093399
/Users/yti0811/Desktop/FE_data/npj_CM01/NPJ_CM_Fig_Python/Public_Reproducibility_Package_V01/npjcm-free-energy-surrogate_Re3/Python_Codes/table/snapshots_split/Al_300K_snap00091.extxyz,Al,300,Al__300,-7.452788297425296e-05,-0.0010058984415436548,-0.0009313705585694018,0.0009313705585694018
/Users/yti0811/Desktop/FE_data/npj_CM01/NPJ_CM_Fig_Python/Public_Reproducibility_Package_V01/npjcm-free-energy-surrogate_Re3/Python_Codes/table/snapshots_split/Al_300K_snap00092.extxyz,Al,300,Al__300,-8.598989726617158e-05,-7.113127931841949e-05,1.485861794775209e-05,1.485861794775209e-05
/Users/yti0811/Desktop/FE_data/npj_CM01/NPJ_CM_Fig_Python/Public_Reproducibility_Package_V01/npjcm-free-energy-surrogate_Re3/Python_Codes/table/snapshots_split/Al_300K_snap00093.extxyz,Al,300,Al__300,3.86486841140604e-05,0.00048550520415852364,0.00044685652004446325,0.00044685652004446325
/Users/yti0811/Desktop/FE_data/npj_CM01/NPJ_CM_Fig_Python/Public_Reproducibility_Package_V01/npjcm-free-energy-surrogate_Re3/Python_Codes/table/snapshots_split/Al_300K_snap00094.extxyz,Al,300,Al__300,-0.0003176576397632,-0.0007662017608355523,-0.00044854412107235233,0.00044854412107235233
/Users/yti0811/Desktop/FE_data/npj_CM01/NPJ_CM_Fig_Python/Public_Reproducibility_Package_V01/npjcm-free-energy-surrogate_Re3/Python_Codes/table/snapshots_split/Al_300K_snap00095.extxyz,Al,300,Al__300,2.528663280286612e-05,-0.0007713437604134028,-0.0007966303932162689,0.0007966303932162689
/Users/yti0811/Desktop/FE_data/npj_CM01/NPJ_CM_Fig_Python/Public_Reproducibility_Package_V01/npjcm-free-energy-surrogate_Re3/Python_Codes/table/snapshots_split/Al_300K_snap00096.extxyz,Al,300,Al__300,7.868862978640146e-05,0.0002842013291444304,0.00020551269935802893,0.00020551269935802893
/Users/yti0811/Desktop/FE_data/npj_CM01/NPJ_CM_Fig_Python/Public_Reproducibility_Package_V01/npjcm-free-energy-surrogate_Re3/Python_Codes/table/snapshots_split/Al_300K_snap00097.extxyz,Al,300,Al__300,4.350017662578641e-05,0.0002279111113979704,0.000184410934772184,0.000184410934772184
/Users/yti0811/Desktop/FE_data/npj_CM01/NPJ_CM_Fig_Python/Public_Reproducibility_Package_V01/npjcm-free-energy-surrogate_Re3/Python_Codes/table/snapshots_split/Al_300K_snap00098.extxyz,Al,300,Al__300,0.0001763554300914,-0.00016798364035071006,-0.0003443390704421101,0.0003443390704421101
/Users/yti0811/Desktop/FE_data/npj_CM01/NPJ_CM_Fig_Python/Public_Reproducibility_Package_V01/npjcm-free-energy-surrogate_Re3/Python_Codes/table/snapshots_split/Al_300K_snap00099.extxyz,Al,300,Al__300,-5.549263660577121e-05,-0.0006610846631509794,-0.0006055920265452082,0.0006055920265452082
/Users/yti0811/Desktop/FE_data/npj_CM01/NPJ_CM_Fig_Python/Public_Reproducibility_Package_V01/npjcm-free-energy-surrogate_Re3/Python_Codes/table/snapshots_split/Al_400K_snap00000.extxyz,Al,400,Al__400,0.0052052600927857,-0.008368266025356794,-0.013573526118142495,0.013573526118142495
/Users/yti0811/Desktop/FE_data/npj_CM01/NPJ_CM_Fig_Python/Public_Reproducibility_Package_V01/npjcm-free-energy-surrogate_Re3/Python_Codes/table/snapshots_split/Al_400K_snap00001.extxyz,Al,400,Al__400,0.0055428737629675,-0.008503626251308247,-0.014046500014275747,0.014046500014275747
/Users/yti0811/Desktop/FE_data/npj_CM01/NPJ_CM_Fig_Python/Public_Reproducibility_Package_V01/npjcm-free-energy-surrogate_Re3/Python_Codes/table/snapshots_split/Al_400K_snap00002.extxyz,Al,400,Al__400,0.0054520838500292,-0.008915665526849659,-0.014367749376878859,0.014367749376878859
/Users/yti0811/Desktop/FE_data/npj_CM01/NPJ_CM_Fig_Python/Public_Reproducibility_Package_V01/npjcm-free-energy-surrogate_Re3/Python_Codes/table/snapshots_split/Al_400K_snap00003.extxyz,Al,400,Al__400,0.0053378525405657,-0.009267543391209656,-0.014605395931775357,0.014605395931775357
/Users/yti0811/Desktop/FE_data/npj_CM01/NPJ_CM_Fig_Python/Public_Reproducibility_Package_V01/npjcm-free-energy-surrogate_Re3/Python_Codes/table/snapshots_split/Al_400K_snap00004.extxyz,Al,400,Al__400,0.0051857956993078,-0.009973179846251162,-0.01515897554555896,0.01515897554555896
/Users/yti0811/Desktop/FE_data/npj_CM01/NPJ_CM_Fig_Python/Public_Reproducibility_Package_V01/npjcm-free-energy-surrogate_Re3/Python_Codes/table/snapshots_split/Al_400K_snap00005.extxyz,Al,400,Al__400,0.0054491380782205,-0.009383185259138274,-0.014832323337358774,0.014832323337358774
/Users/yti0811/Desktop/FE_data/npj_CM01/NPJ_CM_Fig_Python/Public_Reproducibility_Package_V01/npjcm-free-energy-surrogate_Re3/Python_Codes/table/snapshots_split/Al_400K_snap00006.extxyz,Al,400,Al__400,0.005224301130931,-0.009765471454530314,-0.014989772585461313,0.014989772585461313
/Users/yti0811/Desktop/FE_data/npj_CM01/NPJ_CM_Fig_Python/Public_Reproducibility_Package_V01/npjcm-free-energy-surrogate_Re3/Python_Codes/table/snapshots_split/Al_400K_snap00007.extxyz,Al,400,Al__400,0.0053350434492204,-0.010092811707904088,-0.015427855157124488,0.015427855157124488
/Users/yti0811/Desktop/FE_data/npj_CM01/NPJ_CM_Fig_Python/Public_Reproducibility_Package_V01/npjcm-free-energy-surrogate_Re3/Python_Codes/table/snapshots_split/Al_400K_snap00008.extxyz,Al,400,Al__400,0.0052821906831172,-0.010007244143853556,-0.015289434826970757,0.015289434826970757
/Users/yti0811/Desktop/FE_data/npj_CM01/NPJ_CM_Fig_Python/Public_Reproducibility_Package_V01/npjcm-free-energy-surrogate_Re3/Python_Codes/table/snapshots_split/Al_400K_snap00009.extxyz,Al,400,Al__400,0.0051147727793005,-0.009366297810816531,-0.01448107059011703,0.01448107059011703
/Users/yti0811/Desktop/FE_data/npj_CM01/NPJ_CM_Fig_Python/Public_Reproducibility_Package_V01/npjcm-free-energy-surrogate_Re3/Python_Codes/table/snapshots_split/Al_400K_snap00010.extxyz,Al,400,Al__400,0.0053378691890221,-0.008885428561937296,-0.014223297750959396,0.014223297750959396
/Users/yti0811/Desktop/FE_data/npj_CM01/NPJ_CM_Fig_Python/Public_Reproducibility_Package_V01/npjcm-free-energy-surrogate_Re3/Python_Codes/table/snapshots_split/Al_400K_snap00011.extxyz,Al,400,Al__400,0.0052868115536345,-0.01093660271956089,-0.01622341427319539,0.01622341427319539
/Users/yti0811/Desktop/FE_data/npj_CM01/NPJ_CM_Fig_Python/Public_Reproducibility_Package_V01/npjcm-free-energy-surrogate_Re3/Python_Codes/table/snapshots_split/Al_400K_snap00012.extxyz,Al,400,Al__400,0.005471925930741,-0.008801105594597845,-0.014273031525338844,0.014273031525338844
/Users/yti0811/Desktop/FE_data/npj_CM01/NPJ_CM_Fig_Python/Public_Reproducibility_Package_V01/npjcm-free-energy-surrogate_Re3/Python_Codes/table/snapshots_split/Al_400K_snap00013.extxyz,Al,400,Al__400,0.0057554010881252,-0.009986001497795688,-0.01574140258592089,0.01574140258592089
/Users/yti0811/Desktop/FE_data/npj_CM01/NPJ_CM_Fig_Python/Public_Reproducibility_Package_V01/npjcm-free-energy-surrogate_Re3/Python_Codes/table/snapshots_split/Al_400K_snap00014.extxyz,Al,400,Al__400,0.0051902171070118,-0.008960167719845443,-0.014150384826857244,0.014150384826857244
/Users/yti0811/Desktop/FE_data/npj_CM01/NPJ_CM_Fig_Python/Public_Reproducibility_Package_V01/npjcm-free-energy-surrogate_Re3/Python_Codes/table/snapshots_split/Al_400K_snap00015.extxyz,Al,400,Al__400,0.0057045764701341,-0.00890725657973227,-0.01461183304986637,0.01461183304986637
/Users/yti0811/Desktop/FE_data/npj_CM01/NPJ_CM_Fig_Python/Public_Reproducibility_Package_V01/npjcm-free-energy-surrogate_Re3/Python_Codes/table/snapshots_split/Al_400K_snap00016.extxyz,Al,400,Al__400,0.0051231185197299,-0.008987810098862983,-0.014110928618592884,0.014110928618592884
/Users/yti0811/Desktop/FE_data/npj_CM01/NPJ_CM_Fig_Python/Public_Reproducibility_Package_V01/npjcm-free-energy-surrogate_Re3/Python_Codes/table/snapshots_split/Al_400K_snap00017.extxyz,Al,400,Al__400,0.0052326740955363,-0.00986549148290971,-0.01509816557844601,0.01509816557844601
/Users/yti0811/Desktop/FE_data/npj_CM01/NPJ_CM_Fig_Python/Public_Reproducibility_Package_V01/npjcm-free-energy-surrogate_Re3/Python_Codes/table/snapshots_split/Al_400K_snap00018.extxyz,Al,400,Al__400,0.0055360631321611,-0.011109703619388307,-0.016645766751549405,0.016645766751549405
/Users/yti0811/Desktop/FE_data/npj_CM01/NPJ_CM_Fig_Python/Public_Reproducibility_Package_V01/npjcm-free-energy-surrogate_Re3/Python_Codes/table/snapshots_split/Al_400K_snap00019.extxyz,Al,400,Al__400,0.0056552555563286,-0.010259948021462555,-0.015915203577791154,0.015915203577791154
/Users/yti0811/Desktop/FE_data/npj_CM01/NPJ_CM_Fig_Python/Public_Reproducibility_Package_V01/npjcm-free-energy-surrogate_Re3/Python_Codes/table/snapshots_split/Al_400K_snap00020.extxyz,Al,400,Al__400,0.0054675684345563,-0.008925050521582892,-0.014392618956139192,0.014392618956139192
/Users/yti0811/Desktop/FE_data/npj_CM01/NPJ_CM_Fig_Python/Public_Reproducibility_Package_V01/npjcm-free-energy-surrogate_Re3/Python_Codes/table/snapshots_split/Al_400K_snap00021.extxyz,Al,400,Al__400,0.0050451142845348,-0.01098833398939264,-0.016033448273927442,0.016033448273927442
/Users/yti0811/Desktop/FE_data/npj_CM01/NPJ_CM_Fig_Python/Public_Reproducibility_Package_V01/npjcm-free-energy-surrogate_Re3/Python_Codes/table/snapshots_split/Al_400K_snap00022.extxyz,Al,400,Al__400,0.0052998044954223,-0.009948133315347775,-0.015247937810770076,0.015247937810770076
/Users/yti0811/Desktop/FE_data/npj_CM01/NPJ_CM_Fig_Python/Public_Reproducibility_Package_V01/npjcm-free-energy-surrogate_Re3/Python_Codes/table/snapshots_split/Al_400K_snap00023.extxyz,Al,400,Al__400,0.0054231602165378,-0.00926965465561945,-0.01469281487215725,0.01469281487215725
/Users/yti0811/Desktop/FE_data/npj_CM01/NPJ_CM_Fig_Python/Public_Reproducibility_Package_V01/npjcm-free-energy-surrogate_Re3/Python_Codes/table/snapshots_split/Al_400K_snap00024.extxyz,Al,400,Al__400,0.0051298546780419,-0.009993943179730678,-0.015123797857772578,0.015123797857772578
/Users/yti0811/Desktop/FE_data/npj_CM01/NPJ_CM_Fig_Python/Public_Reproducibility_Package_V01/npjcm-free-energy-surrogate_Re3/Python_Codes/table/snapshots_split/Al_400K_snap00025.extxyz,Al,400,Al__400,0.0048796156608054,-0.009546540860672505,-0.014426156521477905,0.014426156521477905
/Users/yti0811/Desktop/FE_data/npj_CM01/NPJ_CM_Fig_Python/Public_Reproducibility_Package_V01/npjcm-free-energy-surrogate_Re3/Python_Codes/table/snapshots_split/Al_400K_snap00026.extxyz,Al,400,Al__400,0.0052379746577498,-0.009814910292354987,-0.015052884950104787,0.015052884950104787
/Users/yti0811/Desktop/FE_data/npj_CM01/NPJ_CM_Fig_Python/Public_Reproducibility_Package_V01/npjcm-free-energy-surrogate_Re3/Python_Codes/table/snapshots_split/Al_400K_snap00027.extxyz,Al,400,Al__400,0.0053048486172829,-0.0101319036668201,-0.015436752284103,0.015436752284103
/Users/yti0811/Desktop/FE_data/npj_CM01/NPJ_CM_Fig_Python/Public_Reproducibility_Package_V01/npjcm-free-energy-surrogate_Re3/Python_Codes/table/snapshots_split/Al_400K_snap00028.extxyz,Al,400,Al__400,0.0051044390650868,-0.008785459709329597,-0.013889898774416397,0.013889898774416397
/Users/yti0811/Desktop/FE_data/npj_CM01/NPJ_CM_Fig_Python/Public_Reproducibility_Package_V01/npjcm-free-energy-surrogate_Re3/Python_Codes/table/snapshots_split/Al_400K_snap00029.extxyz,Al,400,Al__400,0.0055125897215672,-0.009922153538679958,-0.015434743260247158,0.015434743260247158
/Users/yti0811/Desktop/FE_data/npj_CM01/NPJ_CM_Fig_Python/Public_Reproducibility_Package_V01/npjcm-free-energy-surrogate_Re3/Python_Codes/table/snapshots_split/Al_400K_snap00030.extxyz,Al,400,Al__400,0.0052607907854823,-0.009803693457928263,-0.015064484243410564,0.015064484243410564
/Users/yti0811/Desktop/FE_data/npj_CM01/NPJ_CM_Fig_Python/Public_Reproducibility_Package_V01/npjcm-free-energy-surrogate_Re3/Python_Codes/table/snapshots_split/Al_400K_snap00031.extxyz,Al,400,Al__400,0.0052192941392289,-0.010844770116904812,-0.016064064256133714,0.016064064256133714
/Users/yti0811/Desktop/FE_data/npj_CM01/NPJ_CM_Fig_Python/Public_Reproducibility_Package_V01/npjcm-free-energy-surrogate_Re3/Python_Codes/table/snapshots_split/Al_400K_snap00032.extxyz,Al,400,Al__400,0.0053072012062586,-0.010305888137141405,-0.015613089343400005,0.015613089343400005
/Users/yti0811/Desktop/FE_data/npj_CM01/NPJ_CM_Fig_Python/Public_Reproducibility_Package_V01/npjcm-free-energy-surrogate_Re3/Python_Codes/table/snapshots_split/Al_400K_snap00033.extxyz,Al,400,Al__400,0.0050886753304936,-0.009337848407622251,-0.014426523738115852,0.014426523738115852
/Users/yti0811/Desktop/FE_data/npj_CM01/NPJ_CM_Fig_Python/Public_Reproducibility_Package_V01/npjcm-free-energy-surrogate_Re3/Python_Codes/table/snapshots_split/Al_400K_snap00034.extxyz,Al,400,Al__400,0.0054224819859684,-0.010210997571059997,-0.015633479557028398,0.015633479557028398
/Users/yti0811/Desktop/FE_data/npj_CM01/NPJ_CM_Fig_Python/Public_Reproducibility_Package_V01/npjcm-free-energy-surrogate_Re3/Python_Codes/table/snapshots_split/Al_400K_snap00035.extxyz,Al,400,Al__400,0.0052131950044352,-0.010099767454766198,-0.015312962459201399,0.015312962459201399
/Users/yti0811/Desktop/FE_data/npj_CM01/NPJ_CM_Fig_Python/Public_Reproducibility_Package_V01/npjcm-free-energy-surrogate_Re3/Python_Codes/table/snapshots_split/Al_400K_snap00036.extxyz,Al,400,Al__400,0.0050244723980773,-0.010041510542713239,-0.015065982940790538,0.015065982940790538
/Users/yti0811/Desktop/FE_data/npj_CM01/NPJ_CM_Fig_Python/Public_Reproducibility_Package_V01/npjcm-free-energy-surrogate_Re3/Python_Codes/table/snapshots_split/Al_400K_snap00037.extxyz,Al,400,Al__400,0.0054772540783464,-0.008711570924764387,-0.014188825003110786,0.014188825003110786
/Users/yti0811/Desktop/FE_data/npj_CM01/NPJ_CM_Fig_Python/Public_Reproducibility_Package_V01/npjcm-free-energy-surrogate_Re3/Python_Codes/table/snapshots_split/Al_400K_snap00038.extxyz,Al,400,Al__400,0.0053449485756759,-0.008933684902770316,-0.014278633478446216,0.014278633478446216
/Users/yti0811/Desktop/FE_data/npj_CM01/NPJ_CM_Fig_Python/Public_Reproducibility_Package_V01/npjcm-free-energy-surrogate_Re3/Python_Codes/table/snapshots_split/Al_400K_snap00039.extxyz,Al,400,Al__400,0.0054496560221363,-0.009760332000741768,-0.015209988022878068,0.015209988022878068
/Users/yti0811/Desktop/FE_data/npj_CM01/NPJ_CM_Fig_Python/Public_Reproducibility_Package_V01/npjcm-free-energy-surrogate_Re3/Python_Codes/table/snapshots_split/Al_400K_snap00040.extxyz,Al,400,Al__400,0.0054606880765623,-0.009703921931196145,-0.015164610007758445,0.015164610007758445
/Users/yti0811/Desktop/FE_data/npj_CM01/NPJ_CM_Fig_Python/Public_Reproducibility_Package_V01/npjcm-free-energy-surrogate_Re3/Python_Codes/table/snapshots_split/Al_400K_snap00041.extxyz,Al,400,Al__400,0.0054001391654871,-0.009767993146451317,-0.015168132311938417,0.015168132311938417
/Users/yti0811/Desktop/FE_data/npj_CM01/NPJ_CM_Fig_Python/Public_Reproducibility_Package_V01/npjcm-free-energy-surrogate_Re3/Python_Codes/table/snapshots_split/Al_400K_snap00042.extxyz,Al,400,Al__400,0.0050477526129687,-0.009816349753070058,-0.014864102366038759,0.014864102366038759
/Users/yti0811/Desktop/FE_data/npj_CM01/NPJ_CM_Fig_Python/Public_Reproducibility_Package_V01/npjcm-free-energy-surrogate_Re3/Python_Codes/table/snapshots_split/Al_400K_snap00043.extxyz,Al,400,Al__400,0.0052103603712018,-0.00852365750283078,-0.01373401787403258,0.01373401787403258
/Users/yti0811/Desktop/FE_data/npj_CM01/NPJ_CM_Fig_Python/Public_Reproducibility_Package_V01/npjcm-free-energy-surrogate_Re3/Python_Codes/table/snapshots_split/Al_400K_snap00044.extxyz,Al,400,Al__400,0.0052045810944344,-0.009923169139131927,-0.015127750233566328,0.015127750233566328
/Users/yti0811/Desktop/FE_data/npj_CM01/NPJ_CM_Fig_Python/Public_Reproducibility_Package_V01/npjcm-free-energy-surrogate_Re3/Python_Codes/table/snapshots_split/Al_400K_snap00045.extxyz,Al,400,Al__400,0.0051262255745531,-0.009693534202200994,-0.014819759776754093,0.014819759776754093
/Users/yti0811/Desktop/FE_data/npj_CM01/NPJ_CM_Fig_Python/Public_Reproducibility_Package_V01/npjcm-free-energy-surrogate_Re3/Python_Codes/table/snapshots_split/Al_400K_snap00046.extxyz,Al,400,Al__400,0.0053495949142182,-0.009449308924653689,-0.014798903838871889,0.014798903838871889
/Users/yti0811/Desktop/FE_data/npj_CM01/NPJ_CM_Fig_Python/Public_Reproducibility_Package_V01/npjcm-free-energy-surrogate_Re3/Python_Codes/table/snapshots_split/Al_400K_snap00047.extxyz,Al,400,Al__400,0.0052562605668892,-0.009623470889576184,-0.014879731456465383,0.014879731456465383
/Users/yti0811/Desktop/FE_data/npj_CM01/NPJ_CM_Fig_Python/Public_Reproducibility_Package_V01/npjcm-free-energy-surrogate_Re3/Python_Codes/table/snapshots_split/Al_400K_snap00048.extxyz,Al,400,Al__400,0.0054942183620979,-0.009805010047132794,-0.015299228409230693,0.015299228409230693
/Users/yti0811/Desktop/FE_data/npj_CM01/NPJ_CM_Fig_Python/Public_Reproducibility_Package_V01/npjcm-free-energy-surrogate_Re3/Python_Codes/table/snapshots_split/Al_400K_snap00049.extxyz,Al,400,Al__400,0.0053410186937951,-0.00907268291272945,-0.01441370160652455,0.01441370160652455
/Users/yti0811/Desktop/FE_data/npj_CM01/NPJ_CM_Fig_Python/Public_Reproducibility_Package_V01/npjcm-free-energy-surrogate_Re3/Python_Codes/table/snapshots_split/Al_400K_snap00050.extxyz,Al,400,Al__400,0.0054387068733535,-0.010014972238765915,-0.015453679112119416,0.015453679112119416
/Users/yti0811/Desktop/FE_data/npj_CM01/NPJ_CM_Fig_Python/Public_Reproducibility_Package_V01/npjcm-free-energy-surrogate_Re3/Python_Codes/table/snapshots_split/Al_400K_snap00051.extxyz,Al,400,Al__400,0.0053581455065426,-0.009408351940790621,-0.014766497447333223,0.014766497447333223
/Users/yti0811/Desktop/FE_data/npj_CM01/NPJ_CM_Fig_Python/Public_Reproducibility_Package_V01/npjcm-free-energy-surrogate_Re3/Python_Codes/table/snapshots_split/Al_400K_snap00052.extxyz,Al,400,Al__400,0.0056602434836411,-0.009410238449468065,-0.015070481933109165,0.015070481933109165
/Users/yti0811/Desktop/FE_data/npj_CM01/NPJ_CM_Fig_Python/Public_Reproducibility_Package_V01/npjcm-free-energy-surrogate_Re3/Python_Codes/table/snapshots_split/Al_400K_snap00053.extxyz,Al,400,Al__400,0.0054758706678718,-0.009550577600839778,-0.015026448268711579,0.015026448268711579
/Users/yti0811/Desktop/FE_data/npj_CM01/NPJ_CM_Fig_Python/Public_Reproducibility_Package_V01/npjcm-free-energy-surrogate_Re3/Python_Codes/table/snapshots_split/Al_400K_snap00054.extxyz,Al,400,Al__400,0.0051243985259216,-0.009182401723663197,-0.014306800249584797,0.014306800249584797
/Users/yti0811/Desktop/FE_data/npj_CM01/NPJ_CM_Fig_Python/Public_Reproducibility_Package_V01/npjcm-free-energy-surrogate_Re3/Python_Codes/table/snapshots_split/Al_400K_snap00055.extxyz,Al,400,Al__400,0.0054818113887994,-0.009512049009028089,-0.01499386039782749,0.01499386039782749
/Users/yti0811/Desktop/FE_data/npj_CM01/NPJ_CM_Fig_Python/Public_Reproducibility_Package_V01/npjcm-free-energy-surrogate_Re3/Python_Codes/table/snapshots_split/Al_400K_snap00056.extxyz,Al,400,Al__400,0.0054047470328809,-0.009087177839794932,-0.01449192487267583,0.01449192487267583
/Users/yti0811/Desktop/FE_data/npj_CM01/NPJ_CM_Fig_Python/Public_Reproducibility_Package_V01/npjcm-free-energy-surrogate_Re3/Python_Codes/table/snapshots_split/Al_400K_snap00057.extxyz,Al,400,Al__400,0.0054024978762498,-0.00928266396088123,-0.01468516183713103,0.01468516183713103
/Users/yti0811/Desktop/FE_data/npj_CM01/NPJ_CM_Fig_Python/Public_Reproducibility_Package_V01/npjcm-free-energy-surrogate_Re3/Python_Codes/table/snapshots_split/Al_400K_snap00058.extxyz,Al,400,Al__400,0.0052510498338415,-0.009476072687834538,-0.014727122521676038,0.014727122521676038
/Users/yti0811/Desktop/FE_data/npj_CM01/NPJ_CM_Fig_Python/Public_Reproducibility_Package_V01/npjcm-free-energy-surrogate_Re3/Python_Codes/table/snapshots_split/Al_400K_snap00059.extxyz,Al,400,Al__400,0.005282523198936,-0.008593473886381453,-0.013875997085317454,0.013875997085317454
/Users/yti0811/Desktop/FE_data/npj_CM01/NPJ_CM_Fig_Python/Public_Reproducibility_Package_V01/npjcm-free-energy-surrogate_Re3/Python_Codes/table/snapshots_split/Al_400K_snap00060.extxyz,Al,400,Al__400,0.0052337346469594,-0.008677429723220963,-0.013911164370180362,0.013911164370180362
/Users/yti0811/Desktop/FE_data/npj_CM01/NPJ_CM_Fig_Python/Public_Reproducibility_Package_V01/npjcm-free-energy-surrogate_Re3/Python_Codes/table/snapshots_split/Al_400K_snap00061.extxyz,Al,400,Al__400,0.0054129749112031,-0.009830594308853434,-0.015243569220056534,0.015243569220056534
/Users/yti0811/Desktop/FE_data/npj_CM01/NPJ_CM_Fig_Python/Public_Reproducibility_Package_V01/npjcm-free-energy-surrogate_Re3/Python_Codes/table/snapshots_split/Al_400K_snap00062.extxyz,Al,400,Al__400,0.0049276978293996,-0.00936048517632882,-0.01428818300572842,0.01428818300572842
/Users/yti0811/Desktop/FE_data/npj_CM01/NPJ_CM_Fig_Python/Public_Reproducibility_Package_V01/npjcm-free-energy-surrogate_Re3/Python_Codes/table/snapshots_split/Al_400K_snap00063.extxyz,Al,400,Al__400,0.0053724750178588,-0.010143815772228231,-0.015516290790087033,0.015516290790087033
/Users/yti0811/Desktop/FE_data/npj_CM01/NPJ_CM_Fig_Python/Public_Reproducibility_Package_V01/npjcm-free-energy-surrogate_Re3/Python_Codes/table/snapshots_split/Al_400K_snap00064.extxyz,Al,400,Al__400,0.0053031506144752,-0.008955552050522168,-0.014258702664997368,0.014258702664997368
/Users/yti0811/Desktop/FE_data/npj_CM01/NPJ_CM_Fig_Python/Public_Reproducibility_Package_V01/npjcm-free-energy-surrogate_Re3/Python_Codes/table/snapshots_split/Al_400K_snap00065.extxyz,Al,400,Al__400,0.005230918082198,-0.009436758931967321,-0.014667677014165322,0.014667677014165322
/Users/yti0811/Desktop/FE_data/npj_CM01/NPJ_CM_Fig_Python/Public_Reproducibility_Package_V01/npjcm-free-energy-surrogate_Re3/Python_Codes/table/snapshots_split/Al_400K_snap00066.extxyz,Al,400,Al__400,0.005082682175238,-0.010042634131640572,-0.015125316306878571,0.015125316306878571
/Users/yti0811/Desktop/FE_data/npj_CM01/NPJ_CM_Fig_Python/Public_Reproducibility_Package_V01/npjcm-free-energy-surrogate_Re3/Python_Codes/table/snapshots_split/Al_400K_snap00067.extxyz,Al,400,Al__400,0.0053903027298282,-0.00896213609344724,-0.01435243882327544,0.01435243882327544
/Users/yti0811/Desktop/FE_data/npj_CM01/NPJ_CM_Fig_Python/Public_Reproducibility_Package_V01/npjcm-free-energy-surrogate_Re3/Python_Codes/table/snapshots_split/Al_400K_snap00068.extxyz,Al,400,Al__400,0.005386664222443,-0.00917151320796966,-0.014558177430412659,0.014558177430412659
/Users/yti0811/Desktop/FE_data/npj_CM01/NPJ_CM_Fig_Python/Public_Reproducibility_Package_V01/npjcm-free-energy-surrogate_Re3/Python_Codes/table/snapshots_split/Al_400K_snap00069.extxyz,Al,400,Al__400,0.0050366315847633,-0.010173784766918234,-0.015210416351681534,0.015210416351681534
/Users/yti0811/Desktop/FE_data/npj_CM01/NPJ_CM_Fig_Python/Public_Reproducibility_Package_V01/npjcm-free-energy-surrogate_Re3/Python_Codes/table/snapshots_split/Al_400K_snap00070.extxyz,Al,400,Al__400,0.00533771794631,-0.009166311051337486,-0.014504028997647486,0.014504028997647486
/Users/yti0811/Desktop/FE_data/npj_CM01/NPJ_CM_Fig_Python/Public_Reproducibility_Package_V01/npjcm-free-energy-surrogate_Re3/Python_Codes/table/snapshots_split/Al_400K_snap00071.extxyz,Al,400,Al__400,0.0052629509054665,-0.010498920984575322,-0.01576187189004182,0.01576187189004182
/Users/yti0811/Desktop/FE_data/npj_CM01/NPJ_CM_Fig_Python/Public_Reproducibility_Package_V01/npjcm-free-energy-surrogate_Re3/Python_Codes/table/snapshots_split/Al_400K_snap00072.extxyz,Al,400,Al__400,0.0052372624243127,-0.00946415265271345,-0.014701415077026148,0.014701415077026148
/Users/yti0811/Desktop/FE_data/npj_CM01/NPJ_CM_Fig_Python/Public_Reproducibility_Package_V01/npjcm-free-energy-surrogate_Re3/Python_Codes/table/snapshots_split/Al_400K_snap00073.extxyz,Al,400,Al__400,0.0053994725962135,-0.009003541385613658,-0.014403013981827157,0.014403013981827157
/Users/yti0811/Desktop/FE_data/npj_CM01/NPJ_CM_Fig_Python/Public_Reproducibility_Package_V01/npjcm-free-energy-surrogate_Re3/Python_Codes/table/snapshots_split/Al_400K_snap00074.extxyz,Al,400,Al__400,0.0053123286539028,-0.010222865668928997,-0.015535194322831796,0.015535194322831796
/Users/yti0811/Desktop/FE_data/npj_CM01/NPJ_CM_Fig_Python/Public_Reproducibility_Package_V01/npjcm-free-energy-surrogate_Re3/Python_Codes/table/snapshots_split/Al_400K_snap00075.extxyz,Al,400,Al__400,0.005416477938415,-0.010531038557585528,-0.015947516496000527,0.015947516496000527
/Users/yti0811/Desktop/FE_data/npj_CM01/NPJ_CM_Fig_Python/Public_Reproducibility_Package_V01/npjcm-free-energy-surrogate_Re3/Python_Codes/table/snapshots_split/Al_400K_snap00076.extxyz,Al,400,Al__400,0.0056783999440447,-0.010232229774233211,-0.015910629718277912,0.015910629718277912
/Users/yti0811/Desktop/FE_data/npj_CM01/NPJ_CM_Fig_Python/Public_Reproducibility_Package_V01/npjcm-free-energy-surrogate_Re3/Python_Codes/table/snapshots_split/Al_400K_snap00077.extxyz,Al,400,Al__400,0.0054250753167296,-0.0103712075363895,-0.0157962828531191,0.0157962828531191
/Users/yti0811/Desktop/FE_data/npj_CM01/NPJ_CM_Fig_Python/Public_Reproducibility_Package_V01/npjcm-free-energy-surrogate_Re3/Python_Codes/table/snapshots_split/Al_400K_snap00078.extxyz,Al,400,Al__400,0.0052108371904192,-0.009559995084016854,-0.014770832274436055,0.014770832274436055
/Users/yti0811/Desktop/FE_data/npj_CM01/NPJ_CM_Fig_Python/Public_Reproducibility_Package_V01/npjcm-free-energy-surrogate_Re3/Python_Codes/table/snapshots_split/Al_400K_snap00079.extxyz,Al,400,Al__400,0.0052636547943435,-0.0096104505153666,-0.0148741053097101,0.0148741053097101
/Users/yti0811/Desktop/FE_data/npj_CM01/NPJ_CM_Fig_Python/Public_Reproducibility_Package_V01/npjcm-free-energy-surrogate_Re3/Python_Codes/table/snapshots_split/Al_400K_snap00080.extxyz,Al,400,Al__400,0.0053011410682911,-0.00980611392464978,-0.01510725499294088,0.01510725499294088
/Users/yti0811/Desktop/FE_data/npj_CM01/NPJ_CM_Fig_Python/Public_Reproducibility_Package_V01/npjcm-free-energy-surrogate_Re3/Python_Codes/table/snapshots_split/Al_400K_snap00081.extxyz,Al,400,Al__400,0.0049869086779864,-0.00971230388341804,-0.01469921256140444,0.01469921256140444
/Users/yti0811/Desktop/FE_data/npj_CM01/NPJ_CM_Fig_Python/Public_Reproducibility_Package_V01/npjcm-free-energy-surrogate_Re3/Python_Codes/table/snapshots_split/Al_400K_snap00082.extxyz,Al,400,Al__400,0.0051907399631258,-0.009945893329770103,-0.015136633292895902,0.015136633292895902
/Users/yti0811/Desktop/FE_data/npj_CM01/NPJ_CM_Fig_Python/Public_Reproducibility_Package_V01/npjcm-free-energy-surrogate_Re3/Python_Codes/table/snapshots_split/Al_400K_snap00083.extxyz,Al,400,Al__400,0.0054026728044812,-0.010412670744883433,-0.015815343549364633,0.015815343549364633
/Users/yti0811/Desktop/FE_data/npj_CM01/NPJ_CM_Fig_Python/Public_Reproducibility_Package_V01/npjcm-free-energy-surrogate_Re3/Python_Codes/table/snapshots_split/Al_400K_snap00084.extxyz,Al,400,Al__400,0.0054240946592357,-0.009856217816936168,-0.015280312476171868,0.015280312476171868
/Users/yti0811/Desktop/FE_data/npj_CM01/NPJ_CM_Fig_Python/Public_Reproducibility_Package_V01/npjcm-free-energy-surrogate_Re3/Python_Codes/table/snapshots_split/Al_400K_snap00085.extxyz,Al,400,Al__400,0.004953808151274,-0.009449333333934941,-0.01440314148520894,0.01440314148520894
/Users/yti0811/Desktop/FE_data/npj_CM01/NPJ_CM_Fig_Python/Public_Reproducibility_Package_V01/npjcm-free-energy-surrogate_Re3/Python_Codes/table/snapshots_split/Al_400K_snap00086.extxyz,Al,400,Al__400,0.0052733777527543,-0.009438354021730188,-0.01471173177448449,0.01471173177448449
/Users/yti0811/Desktop/FE_data/npj_CM01/NPJ_CM_Fig_Python/Public_Reproducibility_Package_V01/npjcm-free-energy-surrogate_Re3/Python_Codes/table/snapshots_split/Al_400K_snap00087.extxyz,Al,400,Al__400,0.0050655192809535,-0.009280211582318053,-0.014345730863271552,0.014345730863271552
/Users/yti0811/Desktop/FE_data/npj_CM01/NPJ_CM_Fig_Python/Public_Reproducibility_Package_V01/npjcm-free-energy-surrogate_Re3/Python_Codes/table/snapshots_split/Al_400K_snap00088.extxyz,Al,400,Al__400,0.0052488776145481,-0.009963964862743525,-0.015212842477291624,0.015212842477291624
/Users/yti0811/Desktop/FE_data/npj_CM01/NPJ_CM_Fig_Python/Public_Reproducibility_Package_V01/npjcm-free-energy-surrogate_Re3/Python_Codes/table/snapshots_split/Al_400K_snap00089.extxyz,Al,400,Al__400,0.0053296880701855,-0.009250186315060503,-0.014579874385246001,0.014579874385246001
/Users/yti0811/Desktop/FE_data/npj_CM01/NPJ_CM_Fig_Python/Public_Reproducibility_Package_V01/npjcm-free-energy-surrogate_Re3/Python_Codes/table/snapshots_split/Al_400K_snap00090.extxyz,Al,400,Al__400,0.0051125326581088,-0.009852372843543223,-0.014964905501652023,0.014964905501652023
/Users/yti0811/Desktop/FE_data/npj_CM01/NPJ_CM_Fig_Python/Public_Reproducibility_Package_V01/npjcm-free-energy-surrogate_Re3/Python_Codes/table/snapshots_split/Al_400K_snap00091.extxyz,Al,400,Al__400,0.0050518553266042,-0.00883302137035792,-0.01388487669696212,0.01388487669696212
/Users/yti0811/Desktop/FE_data/npj_CM01/NPJ_CM_Fig_Python/Public_Reproducibility_Package_V01/npjcm-free-energy-surrogate_Re3/Python_Codes/table/snapshots_split/Al_400K_snap00092.extxyz,Al,400,Al__400,0.0055341479441609,-0.00967538541053049,-0.01520953335469139,0.01520953335469139
/Users/yti0811/Desktop/FE_data/npj_CM01/NPJ_CM_Fig_Python/Public_Reproducibility_Package_V01/npjcm-free-energy-surrogate_Re3/Python_Codes/table/snapshots_split/Al_400K_snap00093.extxyz,Al,400,Al__400,0.0051870415948848,-0.009563711250557726,-0.014750752845442527,0.014750752845442527
/Users/yti0811/Desktop/FE_data/npj_CM01/NPJ_CM_Fig_Python/Public_Reproducibility_Package_V01/npjcm-free-energy-surrogate_Re3/Python_Codes/table/snapshots_split/Al_400K_snap00094.extxyz,Al,400,Al__400,0.005159471288403,-0.010030804857499635,-0.015190276145902635,0.015190276145902635
/Users/yti0811/Desktop/FE_data/npj_CM01/NPJ_CM_Fig_Python/Public_Reproducibility_Package_V01/npjcm-free-energy-surrogate_Re3/Python_Codes/table/snapshots_split/Al_400K_snap00095.extxyz,Al,400,Al__400,0.0052481393804516,-0.009933360372107672,-0.015181499752559271,0.015181499752559271
/Users/yti0811/Desktop/FE_data/npj_CM01/NPJ_CM_Fig_Python/Public_Reproducibility_Package_V01/npjcm-free-energy-surrogate_Re3/Python_Codes/table/snapshots_split/Al_400K_snap00096.extxyz,Al,400,Al__400,0.0054620487466167,-0.008942630368103012,-0.014404679114719711,0.014404679114719711
/Users/yti0811/Desktop/FE_data/npj_CM01/NPJ_CM_Fig_Python/Public_Reproducibility_Package_V01/npjcm-free-energy-surrogate_Re3/Python_Codes/table/snapshots_split/Al_400K_snap00097.extxyz,Al,400,Al__400,0.0052286357403287,-0.008805334525478097,-0.014033970265806796,0.014033970265806796
/Users/yti0811/Desktop/FE_data/npj_CM01/NPJ_CM_Fig_Python/Public_Reproducibility_Package_V01/npjcm-free-energy-surrogate_Re3/Python_Codes/table/snapshots_split/Al_400K_snap00098.extxyz,Al,400,Al__400,0.005250886077076,-0.009427070771389042,-0.014677956848465042,0.014677956848465042
/Users/yti0811/Desktop/FE_data/npj_CM01/NPJ_CM_Fig_Python/Public_Reproducibility_Package_V01/npjcm-free-energy-surrogate_Re3/Python_Codes/table/snapshots_split/Al_400K_snap00099.extxyz,Al,400,Al__400,0.0053433383934825,-0.009814077731834209,-0.015157416125316708,0.015157416125316708
/Users/yti0811/Desktop/FE_data/npj_CM01/NPJ_CM_Fig_Python/Public_Reproducibility_Package_V01/npjcm-free-energy-surrogate_Re3/Python_Codes/table/snapshots_split/Al_500K_snap00000.extxyz,Al,500,Al__500,0.0116490693637925,-0.01955417158089657,-0.03120324094468907,0.03120324094468907
/Users/yti0811/Desktop/FE_data/npj_CM01/NPJ_CM_Fig_Python/Public_Reproducibility_Package_V01/npjcm-free-energy-surrogate_Re3/Python_Codes/table/snapshots_split/Al_500K_snap00001.extxyz,Al,500,Al__500,0.011526399842159,-0.019531759044096295,-0.031058158886255294,0.031058158886255294
/Users/yti0811/Desktop/FE_data/npj_CM01/NPJ_CM_Fig_Python/Public_Reproducibility_Package_V01/npjcm-free-energy-surrogate_Re3/Python_Codes/table/snapshots_split/Al_500K_snap00002.extxyz,Al,500,Al__500,0.011568386943413,-0.01971758170099548,-0.03128596864440848,0.03128596864440848
/Users/yti0811/Desktop/FE_data/npj_CM01/NPJ_CM_Fig_Python/Public_Reproducibility_Package_V01/npjcm-free-energy-surrogate_Re3/Python_Codes/table/snapshots_split/Al_500K_snap00003.extxyz,Al,500,Al__500,0.0120251772784218,-0.018857712755035245,-0.030882890033457046,0.030882890033457046
/Users/yti0811/Desktop/FE_data/npj_CM01/NPJ_CM_Fig_Python/Public_Reproducibility_Package_V01/npjcm-free-energy-surrogate_Re3/Python_Codes/table/snapshots_split/Al_500K_snap00004.extxyz,Al,500,Al__500,0.011948223511154,-0.01987066853397369,-0.03181889204512769,0.03181889204512769
/Users/yti0811/Desktop/FE_data/npj_CM01/NPJ_CM_Fig_Python/Public_Reproducibility_Package_V01/npjcm-free-energy-surrogate_Re3/Python_Codes/table/snapshots_split/Al_500K_snap00005.extxyz,Al,500,Al__500,0.0118832058842917,-0.01893007364705975,-0.03081327953135145,0.03081327953135145
/Users/yti0811/Desktop/FE_data/npj_CM01/NPJ_CM_Fig_Python/Public_Reproducibility_Package_V01/npjcm-free-energy-surrogate_Re3/Python_Codes/table/snapshots_split/Al_500K_snap00006.extxyz,Al,500,Al__500,0.0117503204516953,-0.01832238081544144,-0.03007270126713674,0.03007270126713674
/Users/yti0811/Desktop/FE_data/npj_CM01/NPJ_CM_Fig_Python/Public_Reproducibility_Package_V01/npjcm-free-energy-surrogate_Re3/Python_Codes/table/snapshots_split/Al_500K_snap00007.extxyz,Al,500,Al__500,0.0118761196638133,-0.018960217372654863,-0.030836337036468164,0.030836337036468164
/Users/yti0811/Desktop/FE_data/npj_CM01/NPJ_CM_Fig_Python/Public_Reproducibility_Package_V01/npjcm-free-energy-surrogate_Re3/Python_Codes/table/snapshots_split/Al_500K_snap00008.extxyz,Al,500,Al__500,0.0118303942131713,-0.018483393576686397,-0.030313787789857695,0.030313787789857695
/Users/yti0811/Desktop/FE_data/npj_CM01/NPJ_CM_Fig_Python/Public_Reproducibility_Package_V01/npjcm-free-energy-surrogate_Re3/Python_Codes/table/snapshots_split/Al_500K_snap00009.extxyz,Al,500,Al__500,0.0118421088626858,-0.019446427008272087,-0.03128853587095789,0.03128853587095789
/Users/yti0811/Desktop/FE_data/npj_CM01/NPJ_CM_Fig_Python/Public_Reproducibility_Package_V01/npjcm-free-energy-surrogate_Re3/Python_Codes/table/snapshots_split/Al_500K_snap00010.extxyz,Al,500,Al__500,0.0117868216456976,-0.018368909949300197,-0.0301557315949978,0.0301557315949978
/Users/yti0811/Desktop/FE_data/npj_CM01/NPJ_CM_Fig_Python/Public_Reproducibility_Package_V01/npjcm-free-energy-surrogate_Re3/Python_Codes/table/snapshots_split/Al_500K_snap00011.extxyz,Al,500,Al__500,0.0119389287503147,-0.018654469450956605,-0.030593398201271306,0.030593398201271306
/Users/yti0811/Desktop/FE_data/npj_CM01/NPJ_CM_Fig_Python/Public_Reproducibility_Package_V01/npjcm-free-energy-surrogate_Re3/Python_Codes/table/snapshots_split/Al_500K_snap00012.extxyz,Al,500,Al__500,0.0119870041915507,-0.018010896538225376,-0.029997900729776074,0.029997900729776074
/Users/yti0811/Desktop/FE_data/npj_CM01/NPJ_CM_Fig_Python/Public_Reproducibility_Package_V01/npjcm-free-energy-surrogate_Re3/Python_Codes/table/snapshots_split/Al_500K_snap00013.extxyz,Al,500,Al__500,0.0115401564137253,-0.018310074387921593,-0.029850230801646893,0.029850230801646893
/Users/yti0811/Desktop/FE_data/npj_CM01/NPJ_CM_Fig_Python/Public_Reproducibility_Package_V01/npjcm-free-energy-surrogate_Re3/Python_Codes/table/snapshots_split/Al_500K_snap00014.extxyz,Al,500,Al__500,0.0120356602902008,-0.01873282461759197,-0.03076848490779277,0.03076848490779277
/Users/yti0811/Desktop/FE_data/npj_CM01/NPJ_CM_Fig_Python/Public_Reproducibility_Package_V01/npjcm-free-energy-surrogate_Re3/Python_Codes/table/snapshots_split/Al_500K_snap00015.extxyz,Al,500,Al__500,0.0119666036261688,-0.019194415436134506,-0.031161019062303306,0.031161019062303306
/Users/yti0811/Desktop/FE_data/npj_CM01/NPJ_CM_Fig_Python/Public_Reproducibility_Package_V01/npjcm-free-energy-surrogate_Re3/Python_Codes/table/snapshots_split/Al_500K_snap00016.extxyz,Al,500,Al__500,0.0117945219162926,-0.018073194294921647,-0.029867716211214246,0.029867716211214246
/Users/yti0811/Desktop/FE_data/npj_CM01/NPJ_CM_Fig_Python/Public_Reproducibility_Package_V01/npjcm-free-energy-surrogate_Re3/Python_Codes/table/snapshots_split/Al_500K_snap00017.extxyz,Al,500,Al__500,0.0117197800099494,-0.01805605848493038,-0.029775838494879782,0.029775838494879782
/Users/yti0811/Desktop/FE_data/npj_CM01/NPJ_CM_Fig_Python/Public_Reproducibility_Package_V01/npjcm-free-energy-surrogate_Re3/Python_Codes/table/snapshots_split/Al_500K_snap00018.extxyz,Al,500,Al__500,0.0120172091597458,-0.018361767125074074,-0.030378976284819875,0.030378976284819875
/Users/yti0811/Desktop/FE_data/npj_CM01/NPJ_CM_Fig_Python/Public_Reproducibility_Package_V01/npjcm-free-energy-surrogate_Re3/Python_Codes/table/snapshots_split/Al_500K_snap00019.extxyz,Al,500,Al__500,0.011591462506612,-0.018855034496811505,-0.030446497003423504,0.030446497003423504
/Users/yti0811/Desktop/FE_data/npj_CM01/NPJ_CM_Fig_Python/Public_Reproducibility_Package_V01/npjcm-free-energy-surrogate_Re3/Python_Codes/table/snapshots_split/Al_500K_snap00020.extxyz,Al,500,Al__500,0.0116011060411224,-0.018942601987674675,-0.030543708028797075,0.030543708028797075
/Users/yti0811/Desktop/FE_data/npj_CM01/NPJ_CM_Fig_Python/Public_Reproducibility_Package_V01/npjcm-free-energy-surrogate_Re3/Python_Codes/table/snapshots_split/Al_500K_snap00021.extxyz,Al,500,Al__500,0.0114906788818333,-0.01911656200428073,-0.03060724088611403,0.03060724088611403
/Users/yti0811/Desktop/FE_data/npj_CM01/NPJ_CM_Fig_Python/Public_Reproducibility_Package_V01/npjcm-free-energy-surrogate_Re3/Python_Codes/table/snapshots_split/Al_500K_snap00022.extxyz,Al,500,Al__500,0.0119970747374741,-0.017878397667029637,-0.029875472404503736,0.029875472404503736
/Users/yti0811/Desktop/FE_data/npj_CM01/NPJ_CM_Fig_Python/Public_Reproducibility_Package_V01/npjcm-free-energy-surrogate_Re3/Python_Codes/table/snapshots_split/Al_500K_snap00023.extxyz,Al,500,Al__500,0.0116231710551676,-0.01910845997356128,-0.030731631028728883,0.030731631028728883
/Users/yti0811/Desktop/FE_data/npj_CM01/NPJ_CM_Fig_Python/Public_Reproducibility_Package_V01/npjcm-free-energy-surrogate_Re3/Python_Codes/table/snapshots_split/Al_500K_snap00024.extxyz,Al,500,Al__500,0.011860185863625,-0.018883922052632094,-0.030744107916257094,0.030744107916257094
/Users/yti0811/Desktop/FE_data/npj_CM01/NPJ_CM_Fig_Python/Public_Reproducibility_Package_V01/npjcm-free-energy-surrogate_Re3/Python_Codes/table/snapshots_split/Al_500K_snap00025.extxyz,Al,500,Al__500,0.0114279586805247,-0.020499508095461375,-0.031927466775986076,0.031927466775986076
/Users/yti0811/Desktop/FE_data/npj_CM01/NPJ_CM_Fig_Python/Public_Reproducibility_Package_V01/npjcm-free-energy-surrogate_Re3/Python_Codes/table/snapshots_split/Al_500K_snap00026.extxyz,Al,500,Al__500,0.0119031948715157,-0.019727048446589023,-0.031630243318104725,0.031630243318104725
/Users/yti0811/Desktop/FE_data/npj_CM01/NPJ_CM_Fig_Python/Public_Reproducibility_Package_V01/npjcm-free-energy-surrogate_Re3/Python_Codes/table/snapshots_split/Al_500K_snap00027.extxyz,Al,500,Al__500,0.0117579481763978,-0.01982509233266493,-0.03158304050906273,0.03158304050906273
/Users/yti0811/Desktop/FE_data/npj_CM01/NPJ_CM_Fig_Python/Public_Reproducibility_Package_V01/npjcm-free-energy-surrogate_Re3/Python_Codes/table/snapshots_split/Al_500K_snap00028.extxyz,Al,500,Al__500,0.0116406880466254,-0.019078322287277703,-0.030719010333903105,0.030719010333903105
/Users/yti0811/Desktop/FE_data/npj_CM01/NPJ_CM_Fig_Python/Public_Reproducibility_Package_V01/npjcm-free-energy-surrogate_Re3/Python_Codes/table/snapshots_split/Al_500K_snap00029.extxyz,Al,500,Al__500,0.0121264147206316,-0.018449406508638497,-0.0305758212292701,0.0305758212292701
/Users/yti0811/Desktop/FE_data/npj_CM01/NPJ_CM_Fig_Python/Public_Reproducibility_Package_V01/npjcm-free-energy-surrogate_Re3/Python_Codes/table/snapshots_split/Al_500K_snap00030.extxyz,Al,500,Al__500,0.0114032040183579,-0.017730636604786746,-0.029133840623144648,0.029133840623144648
/Users/yti0811/Desktop/FE_data/npj_CM01/NPJ_CM_Fig_Python/Public_Reproducibility_Package_V01/npjcm-free-energy-surrogate_Re3/Python_Codes/table/snapshots_split/Al_500K_snap00031.extxyz,Al,500,Al__500,0.0114926239594989,-0.018871736940413324,-0.03036436089991222,0.03036436089991222
/Users/yti0811/Desktop/FE_data/npj_CM01/NPJ_CM_Fig_Python/Public_Reproducibility_Package_V01/npjcm-free-energy-surrogate_Re3/Python_Codes/table/snapshots_split/Al_500K_snap00032.extxyz,Al,500,Al__500,0.0115889831358645,-0.019366849239787286,-0.030955832375651787,0.030955832375651787
/Users/yti0811/Desktop/FE_data/npj_CM01/NPJ_CM_Fig_Python/Public_Reproducibility_Package_V01/npjcm-free-energy-surrogate_Re3/Python_Codes/table/snapshots_split/Al_500K_snap00033.extxyz,Al,500,Al__500,0.0119564061103815,-0.017827120585789485,-0.029783526696170987,0.029783526696170987
/Users/yti0811/Desktop/FE_data/npj_CM01/NPJ_CM_Fig_Python/Public_Reproducibility_Package_V01/npjcm-free-energy-surrogate_Re3/Python_Codes/table/snapshots_split/Al_500K_snap00034.extxyz,Al,500,Al__500,0.0117798092945584,-0.018390968073686162,-0.030170777368244563,0.030170777368244563
/Users/yti0811/Desktop/FE_data/npj_CM01/NPJ_CM_Fig_Python/Public_Reproducibility_Package_V01/npjcm-free-energy-surrogate_Re3/Python_Codes/table/snapshots_split/Al_500K_snap00035.extxyz,Al,500,Al__500,0.0115845498389559,-0.018796701599605285,-0.030381251438561185,0.030381251438561185
/Users/yti0811/Desktop/FE_data/npj_CM01/NPJ_CM_Fig_Python/Public_Reproducibility_Package_V01/npjcm-free-energy-surrogate_Re3/Python_Codes/table/snapshots_split/Al_500K_snap00036.extxyz,Al,500,Al__500,0.0116077786740775,-0.0184135104522158,-0.030021289126293302,0.030021289126293302
/Users/yti0811/Desktop/FE_data/npj_CM01/NPJ_CM_Fig_Python/Public_Reproducibility_Package_V01/npjcm-free-energy-surrogate_Re3/Python_Codes/table/snapshots_split/Al_500K_snap00037.extxyz,Al,500,Al__500,0.011698597418,-0.018573649314512084,-0.030272246732512085,0.030272246732512085
/Users/yti0811/Desktop/FE_data/npj_CM01/NPJ_CM_Fig_Python/Public_Reproducibility_Package_V01/npjcm-free-energy-surrogate_Re3/Python_Codes/table/snapshots_split/Al_500K_snap00038.extxyz,Al,500,Al__500,0.0118917579938503,-0.017858121811995014,-0.029749879805845314,0.029749879805845314
/Users/yti0811/Desktop/FE_data/npj_CM01/NPJ_CM_Fig_Python/Public_Reproducibility_Package_V01/npjcm-free-energy-surrogate_Re3/Python_Codes/table/snapshots_split/Al_500K_snap00039.extxyz,Al,500,Al__500,0.0121916664523615,-0.01946574383879803,-0.03165741029115953,0.03165741029115953
/Users/yti0811/Desktop/FE_data/npj_CM01/NPJ_CM_Fig_Python/Public_Reproducibility_Package_V01/npjcm-free-energy-surrogate_Re3/Python_Codes/table/snapshots_split/Al_500K_snap00040.extxyz,Al,500,Al__500,0.0114510001189317,-0.01705183703609234,-0.028502837155024042,0.028502837155024042
/Users/yti0811/Desktop/FE_data/npj_CM01/NPJ_CM_Fig_Python/Public_Reproducibility_Package_V01/npjcm-free-energy-surrogate_Re3/Python_Codes/table/snapshots_split/Al_500K_snap00041.extxyz,Al,500,Al__500,0.0118500561914929,-0.0178817562019479,-0.029731812393440804,0.029731812393440804
/Users/yti0811/Desktop/FE_data/npj_CM01/NPJ_CM_Fig_Python/Public_Reproducibility_Package_V01/npjcm-free-energy-surrogate_Re3/Python_Codes/table/snapshots_split/Al_500K_snap00042.extxyz,Al,500,Al__500,0.0113399050010533,-0.018591732362982012,-0.029931637364035313,0.029931637364035313
/Users/yti0811/Desktop/FE_data/npj_CM01/NPJ_CM_Fig_Python/Public_Reproducibility_Package_V01/npjcm-free-energy-surrogate_Re3/Python_Codes/table/snapshots_split/Al_500K_snap00043.extxyz,Al,500,Al__500,0.0119519621424648,-0.018624390879387206,-0.030576353021852007,0.030576353021852007
/Users/yti0811/Desktop/FE_data/npj_CM01/NPJ_CM_Fig_Python/Public_Reproducibility_Package_V01/npjcm-free-energy-surrogate_Re3/Python_Codes/table/snapshots_split/Al_500K_snap00044.extxyz,Al,500,Al__500,0.0118463478261549,-0.019348165607288748,-0.03119451343344365,0.03119451343344365
/Users/yti0811/Desktop/FE_data/npj_CM01/NPJ_CM_Fig_Python/Public_Reproducibility_Package_V01/npjcm-free-energy-surrogate_Re3/Python_Codes/table/snapshots_split/Al_500K_snap00045.extxyz,Al,500,Al__500,0.0121587739208506,-0.0187246786010437,-0.030883452521894297,0.030883452521894297
/Users/yti0811/Desktop/FE_data/npj_CM01/NPJ_CM_Fig_Python/Public_Reproducibility_Package_V01/npjcm-free-energy-surrogate_Re3/Python_Codes/table/snapshots_split/Al_500K_snap00046.extxyz,Al,500,Al__500,0.011695630693761,-0.018328632610307025,-0.030024263304068023,0.030024263304068023
/Users/yti0811/Desktop/FE_data/npj_CM01/NPJ_CM_Fig_Python/Public_Reproducibility_Package_V01/npjcm-free-energy-surrogate_Re3/Python_Codes/table/snapshots_split/Al_500K_snap00047.extxyz,Al,500,Al__500,0.011726953937004,-0.018967126314443666,-0.030694080251447667,0.030694080251447667
/Users/yti0811/Desktop/FE_data/npj_CM01/NPJ_CM_Fig_Python/Public_Reproducibility_Package_V01/npjcm-free-energy-surrogate_Re3/Python_Codes/table/snapshots_split/Al_500K_snap00048.extxyz,Al,500,Al__500,0.0117873355310754,-0.019065657506296522,-0.03085299303737192,0.03085299303737192
/Users/yti0811/Desktop/FE_data/npj_CM01/NPJ_CM_Fig_Python/Public_Reproducibility_Package_V01/npjcm-free-energy-surrogate_Re3/Python_Codes/table/snapshots_split/Al_500K_snap00049.extxyz,Al,500,Al__500,0.0118842214213562,-0.018737027061373538,-0.03062124848272974,0.03062124848272974
/Users/yti0811/Desktop/FE_data/npj_CM01/NPJ_CM_Fig_Python/Public_Reproducibility_Package_V01/npjcm-free-energy-surrogate_Re3/Python_Codes/table/snapshots_split/Al_500K_snap00050.extxyz,Al,500,Al__500,0.0118958969469578,-0.01935557899011188,-0.03125147593706968,0.03125147593706968
/Users/yti0811/Desktop/FE_data/npj_CM01/NPJ_CM_Fig_Python/Public_Reproducibility_Package_V01/npjcm-free-energy-surrogate_Re3/Python_Codes/table/snapshots_split/Al_500K_snap00051.extxyz,Al,500,Al__500,0.0121710399799518,-0.018767251301922153,-0.030938291281873954,0.030938291281873954
/Users/yti0811/Desktop/FE_data/npj_CM01/NPJ_CM_Fig_Python/Public_Reproducibility_Package_V01/npjcm-free-energy-surrogate_Re3/Python_Codes/table/snapshots_split/Al_500K_snap00052.extxyz,Al,500,Al__500,0.0114914132686864,-0.01693503455137782,-0.02842644782006422,0.02842644782006422
/Users/yti0811/Desktop/FE_data/npj_CM01/NPJ_CM_Fig_Python/Public_Reproducibility_Package_V01/npjcm-free-energy-surrogate_Re3/Python_Codes/table/snapshots_split/Al_500K_snap00053.extxyz,Al,500,Al__500,0.0114858797353588,-0.019086591276697155,-0.030572471012055957,0.030572471012055957
/Users/yti0811/Desktop/FE_data/npj_CM01/NPJ_CM_Fig_Python/Public_Reproducibility_Package_V01/npjcm-free-energy-surrogate_Re3/Python_Codes/table/snapshots_split/Al_500K_snap00054.extxyz,Al,500,Al__500,0.0121594003530517,-0.018103673102204627,-0.030263073455256327,0.030263073455256327
/Users/yti0811/Desktop/FE_data/npj_CM01/NPJ_CM_Fig_Python/Public_Reproducibility_Package_V01/npjcm-free-energy-surrogate_Re3/Python_Codes/table/snapshots_split/Al_500K_snap00055.extxyz,Al,500,Al__500,0.0116034278182126,-0.019344699910127428,-0.030948127728340026,0.030948127728340026
/Users/yti0811/Desktop/FE_data/npj_CM01/NPJ_CM_Fig_Python/Public_Reproducibility_Package_V01/npjcm-free-energy-surrogate_Re3/Python_Codes/table/snapshots_split/Al_500K_snap00056.extxyz,Al,500,Al__500,0.0117455497788882,-0.01843768211178508,-0.030183231890673283,0.030183231890673283
/Users/yti0811/Desktop/FE_data/npj_CM01/NPJ_CM_Fig_Python/Public_Reproducibility_Package_V01/npjcm-free-energy-surrogate_Re3/Python_Codes/table/snapshots_split/Al_500K_snap00057.extxyz,Al,500,Al__500,0.0116715837776887,-0.01975259015126004,-0.03142417392894874,0.03142417392894874
/Users/yti0811/Desktop/FE_data/npj_CM01/NPJ_CM_Fig_Python/Public_Reproducibility_Package_V01/npjcm-free-energy-surrogate_Re3/Python_Codes/table/snapshots_split/Al_500K_snap00058.extxyz,Al,500,Al__500,0.0119792236478832,-0.01864119105679515,-0.03062041470467835,0.03062041470467835
/Users/yti0811/Desktop/FE_data/npj_CM01/NPJ_CM_Fig_Python/Public_Reproducibility_Package_V01/npjcm-free-energy-surrogate_Re3/Python_Codes/table/snapshots_split/Al_500K_snap00059.extxyz,Al,500,Al__500,0.0119639109400389,-0.018192565390069238,-0.030156476330108137,0.030156476330108137
/Users/yti0811/Desktop/FE_data/npj_CM01/NPJ_CM_Fig_Python/Public_Reproducibility_Package_V01/npjcm-free-energy-surrogate_Re3/Python_Codes/table/snapshots_split/Al_500K_snap00060.extxyz,Al,500,Al__500,0.0118129425059574,-0.01728225373559586,-0.02909519624155326,0.02909519624155326
/Users/yti0811/Desktop/FE_data/npj_CM01/NPJ_CM_Fig_Python/Public_Reproducibility_Package_V01/npjcm-free-energy-surrogate_Re3/Python_Codes/table/snapshots_split/Al_500K_snap00061.extxyz,Al,500,Al__500,0.0121002913133986,-0.019654785916529503,-0.031755077229928104,0.031755077229928104
/Users/yti0811/Desktop/FE_data/npj_CM01/NPJ_CM_Fig_Python/Public_Reproducibility_Package_V01/npjcm-free-energy-surrogate_Re3/Python_Codes/table/snapshots_split/Al_500K_snap00062.extxyz,Al,500,Al__500,0.0117026745585505,-0.019756698998589357,-0.03145937355713986,0.03145937355713986
/Users/yti0811/Desktop/FE_data/npj_CM01/NPJ_CM_Fig_Python/Public_Reproducibility_Package_V01/npjcm-free-energy-surrogate_Re3/Python_Codes/table/snapshots_split/Al_500K_snap00063.extxyz,Al,500,Al__500,0.0116430000490252,-0.018206171510301076,-0.029849171559326274,0.029849171559326274
/Users/yti0811/Desktop/FE_data/npj_CM01/NPJ_CM_Fig_Python/Public_Reproducibility_Package_V01/npjcm-free-energy-surrogate_Re3/Python_Codes/table/snapshots_split/Al_500K_snap00064.extxyz,Al,500,Al__500,0.0118180342772757,-0.019314307757731485,-0.031132342035007185,0.031132342035007185
/Users/yti0811/Desktop/FE_data/npj_CM01/NPJ_CM_Fig_Python/Public_Reproducibility_Package_V01/npjcm-free-energy-surrogate_Re3/Python_Codes/table/snapshots_split/Al_500K_snap00065.extxyz,Al,500,Al__500,0.0116521074307006,-0.019375738722914836,-0.031027846153615438,0.031027846153615438
/Users/yti0811/Desktop/FE_data/npj_CM01/NPJ_CM_Fig_Python/Public_Reproducibility_Package_V01/npjcm-free-energy-surrogate_Re3/Python_Codes/table/snapshots_split/Al_500K_snap00066.extxyz,Al,500,Al__500,0.0116265210769138,-0.018780945161544795,-0.030407466238458594,0.030407466238458594
/Users/yti0811/Desktop/FE_data/npj_CM01/NPJ_CM_Fig_Python/Public_Reproducibility_Package_V01/npjcm-free-energy-surrogate_Re3/Python_Codes/table/snapshots_split/Al_500K_snap00067.extxyz,Al,500,Al__500,0.0117503067535348,-0.020824619936951064,-0.03257492669048587,0.03257492669048587
/Users/yti0811/Desktop/FE_data/npj_CM01/NPJ_CM_Fig_Python/Public_Reproducibility_Package_V01/npjcm-free-energy-surrogate_Re3/Python_Codes/table/snapshots_split/Al_500K_snap00068.extxyz,Al,500,Al__500,0.0114409217643031,-0.018031378385295605,-0.029472300149598705,0.029472300149598705
/Users/yti0811/Desktop/FE_data/npj_CM01/NPJ_CM_Fig_Python/Public_Reproducibility_Package_V01/npjcm-free-energy-surrogate_Re3/Python_Codes/table/snapshots_split/Al_500K_snap00069.extxyz,Al,500,Al__500,0.0119311357557868,-0.017888134545902604,-0.029819270301689405,0.029819270301689405
/Users/yti0811/Desktop/FE_data/npj_CM01/NPJ_CM_Fig_Python/Public_Reproducibility_Package_V01/npjcm-free-energy-surrogate_Re3/Python_Codes/table/snapshots_split/Al_500K_snap00070.extxyz,Al,500,Al__500,0.0117387378020638,-0.018108564805597225,-0.029847302607661025,0.029847302607661025
/Users/yti0811/Desktop/FE_data/npj_CM01/NPJ_CM_Fig_Python/Public_Reproducibility_Package_V01/npjcm-free-energy-surrogate_Re3/Python_Codes/table/snapshots_split/Al_500K_snap00071.extxyz,Al,500,Al__500,0.0119347516944176,-0.017980684040274825,-0.029915435734692426,0.029915435734692426
/Users/yti0811/Desktop/FE_data/npj_CM01/NPJ_CM_Fig_Python/Public_Reproducibility_Package_V01/npjcm-free-energy-surrogate_Re3/Python_Codes/table/snapshots_split/Al_500K_snap00072.extxyz,Al,500,Al__500,0.0114992253480663,-0.018485875156272803,-0.029985100504339102,0.029985100504339102
/Users/yti0811/Desktop/FE_data/npj_CM01/NPJ_CM_Fig_Python/Public_Reproducibility_Package_V01/npjcm-free-energy-surrogate_Re3/Python_Codes/table/snapshots_split/Al_500K_snap00073.extxyz,Al,500,Al__500,0.0117818880390513,-0.01873902041496814,-0.03052090845401944,0.03052090845401944
/Users/yti0811/Desktop/FE_data/npj_CM01/NPJ_CM_Fig_Python/Public_Reproducibility_Package_V01/npjcm-free-energy-surrogate_Re3/Python_Codes/table/snapshots_split/Al_500K_snap00074.extxyz,Al,500,Al__500,0.011777645909493,-0.019702285175047345,-0.03147993108454034,0.03147993108454034
/Users/yti0811/Desktop/FE_data/npj_CM01/NPJ_CM_Fig_Python/Public_Reproducibility_Package_V01/npjcm-free-energy-surrogate_Re3/Python_Codes/table/snapshots_split/Al_500K_snap00075.extxyz,Al,500,Al__500,0.0116984305066402,-0.019367168448900997,-0.031065598955541195,0.031065598955541195
/Users/yti0811/Desktop/FE_data/npj_CM01/NPJ_CM_Fig_Python/Public_Reproducibility_Package_V01/npjcm-free-energy-surrogate_Re3/Python_Codes/table/snapshots_split/Al_500K_snap00076.extxyz,Al,500,Al__500,0.0116030928392595,-0.01951541096709882,-0.03111850380635832,0.03111850380635832
/Users/yti0811/Desktop/FE_data/npj_CM01/NPJ_CM_Fig_Python/Public_Reproducibility_Package_V01/npjcm-free-energy-surrogate_Re3/Python_Codes/table/snapshots_split/Al_500K_snap00077.extxyz,Al,500,Al__500,0.0116954886635062,-0.01947565134525358,-0.031171140008759778,0.031171140008759778
/Users/yti0811/Desktop/FE_data/npj_CM01/NPJ_CM_Fig_Python/Public_Reproducibility_Package_V01/npjcm-free-energy-surrogate_Re3/Python_Codes/table/snapshots_split/Al_500K_snap00078.extxyz,Al,500,Al__500,0.0119459596124743,-0.01906404937245028,-0.031010008984924578,0.031010008984924578
/Users/yti0811/Desktop/FE_data/npj_CM01/NPJ_CM_Fig_Python/Public_Reproducibility_Package_V01/npjcm-free-energy-surrogate_Re3/Python_Codes/table/snapshots_split/Al_500K_snap00079.extxyz,Al,500,Al__500,0.0116313475010222,-0.01930117993675055,-0.03093252743777275,0.03093252743777275
/Users/yti0811/Desktop/FE_data/npj_CM01/NPJ_CM_Fig_Python/Public_Reproducibility_Package_V01/npjcm-free-energy-surrogate_Re3/Python_Codes/table/snapshots_split/Al_500K_snap00080.extxyz,Al,500,Al__500,0.011886344704526,-0.018822757052272824,-0.030709101756798824,0.030709101756798824
/Users/yti0811/Desktop/FE_data/npj_CM01/NPJ_CM_Fig_Python/Public_Reproducibility_Package_V01/npjcm-free-energy-surrogate_Re3/Python_Codes/table/snapshots_split/Al_500K_snap00081.extxyz,Al,500,Al__500,0.0118582620346165,-0.01887742231491425,-0.03073568434953075,0.03073568434953075
/Users/yti0811/Desktop/FE_data/npj_CM01/NPJ_CM_Fig_Python/Public_Reproducibility_Package_V01/npjcm-free-energy-surrogate_Re3/Python_Codes/table/snapshots_split/Al_500K_snap00082.extxyz,Al,500,Al__500,0.0117335186900111,-0.019454081247589156,-0.031187599937600258,0.031187599937600258
/Users/yti0811/Desktop/FE_data/npj_CM01/NPJ_CM_Fig_Python/Public_Reproducibility_Package_V01/npjcm-free-energy-surrogate_Re3/Python_Codes/table/snapshots_split/Al_500K_snap00083.extxyz,Al,500,Al__500,0.0118274936291447,-0.020204757214868432,-0.032032250844013135,0.032032250844013135
/Users/yti0811/Desktop/FE_data/npj_CM01/NPJ_CM_Fig_Python/Public_Reproducibility_Package_V01/npjcm-free-energy-surrogate_Re3/Python_Codes/table/snapshots_split/Al_500K_snap00084.extxyz,Al,500,Al__500,0.0117678508426515,-0.018196367729530517,-0.029964218572182018,0.029964218572182018
/Users/yti0811/Desktop/FE_data/npj_CM01/NPJ_CM_Fig_Python/Public_Reproducibility_Package_V01/npjcm-free-energy-surrogate_Re3/Python_Codes/table/snapshots_split/Al_500K_snap00085.extxyz,Al,500,Al__500,0.0121589866233267,-0.019580868480931435,-0.031739855104258134,0.031739855104258134
/Users/yti0811/Desktop/FE_data/npj_CM01/NPJ_CM_Fig_Python/Public_Reproducibility_Package_V01/npjcm-free-energy-surrogate_Re3/Python_Codes/table/snapshots_split/Al_500K_snap00086.extxyz,Al,500,Al__500,0.0117450621470799,-0.019869373784280206,-0.0316144359313601,0.0316144359313601
/Users/yti0811/Desktop/FE_data/npj_CM01/NPJ_CM_Fig_Python/Public_Reproducibility_Package_V01/npjcm-free-energy-surrogate_Re3/Python_Codes/table/snapshots_split/Al_500K_snap00087.extxyz,Al,500,Al__500,0.011646529091471,-0.01909852132971597,-0.03074505042118697,0.03074505042118697
/Users/yti0811/Desktop/FE_data/npj_CM01/NPJ_CM_Fig_Python/Public_Reproducibility_Package_V01/npjcm-free-energy-surrogate_Re3/Python_Codes/table/snapshots_split/Al_500K_snap00088.extxyz,Al,500,Al__500,0.0117621767984809,-0.019202419644089943,-0.030964596442570845,0.030964596442570845
/Users/yti0811/Desktop/FE_data/npj_CM01/NPJ_CM_Fig_Python/Public_Reproducibility_Package_V01/npjcm-free-energy-surrogate_Re3/Python_Codes/table/snapshots_split/Al_500K_snap00089.extxyz,Al,500,Al__500,0.0120627731256678,-0.018943654888797287,-0.031006428014465084,0.031006428014465084
/Users/yti0811/Desktop/FE_data/npj_CM01/NPJ_CM_Fig_Python/Public_Reproducibility_Package_V01/npjcm-free-energy-surrogate_Re3/Python_Codes/table/snapshots_split/Al_500K_snap00090.extxyz,Al,500,Al__500,0.0118277829444901,-0.01937795863687357,-0.031205741581363668,0.031205741581363668
/Users/yti0811/Desktop/FE_data/npj_CM01/NPJ_CM_Fig_Python/Public_Reproducibility_Package_V01/npjcm-free-energy-surrogate_Re3/Python_Codes/table/snapshots_split/Al_500K_snap00091.extxyz,Al,500,Al__500,0.0116894481460484,-0.019276474059452486,-0.030965922205500887,0.030965922205500887
/Users/yti0811/Desktop/FE_data/npj_CM01/NPJ_CM_Fig_Python/Public_Reproducibility_Package_V01/npjcm-free-energy-surrogate_Re3/Python_Codes/table/snapshots_split/Al_500K_snap00092.extxyz,Al,500,Al__500,0.0121166939567929,-0.01939035740051636,-0.03150705135730926,0.03150705135730926
/Users/yti0811/Desktop/FE_data/npj_CM01/NPJ_CM_Fig_Python/Public_Reproducibility_Package_V01/npjcm-free-energy-surrogate_Re3/Python_Codes/table/snapshots_split/Al_500K_snap00093.extxyz,Al,500,Al__500,0.0118777392644907,-0.01928746088776473,-0.031165200152255428,0.031165200152255428
/Users/yti0811/Desktop/FE_data/npj_CM01/NPJ_CM_Fig_Python/Public_Reproducibility_Package_V01/npjcm-free-energy-surrogate_Re3/Python_Codes/table/snapshots_split/Al_500K_snap00094.extxyz,Al,500,Al__500,0.0117711717323263,-0.018486691631475066,-0.030257863363801367,0.030257863363801367
/Users/yti0811/Desktop/FE_data/npj_CM01/NPJ_CM_Fig_Python/Public_Reproducibility_Package_V01/npjcm-free-energy-surrogate_Re3/Python_Codes/table/snapshots_split/Al_500K_snap00095.extxyz,Al,500,Al__500,0.0116498389710806,-0.01997390088554524,-0.03162373985662584,0.03162373985662584
/Users/yti0811/Desktop/FE_data/npj_CM01/NPJ_CM_Fig_Python/Public_Reproducibility_Package_V01/npjcm-free-energy-surrogate_Re3/Python_Codes/table/snapshots_split/Al_500K_snap00096.extxyz,Al,500,Al__500,0.0119250037627366,-0.017521941696395288,-0.029446945459131887,0.029446945459131887
/Users/yti0811/Desktop/FE_data/npj_CM01/NPJ_CM_Fig_Python/Public_Reproducibility_Package_V01/npjcm-free-energy-surrogate_Re3/Python_Codes/table/snapshots_split/Al_500K_snap00097.extxyz,Al,500,Al__500,0.0113823919170427,-0.01900181657800548,-0.030384208495048182,0.030384208495048182
/Users/yti0811/Desktop/FE_data/npj_CM01/NPJ_CM_Fig_Python/Public_Reproducibility_Package_V01/npjcm-free-energy-surrogate_Re3/Python_Codes/table/snapshots_split/Al_500K_snap00098.extxyz,Al,500,Al__500,0.011722051222218,-0.01791655309816759,-0.029638604320385592,0.029638604320385592
/Users/yti0811/Desktop/FE_data/npj_CM01/NPJ_CM_Fig_Python/Public_Reproducibility_Package_V01/npjcm-free-energy-surrogate_Re3/Python_Codes/table/snapshots_split/Al_500K_snap00099.extxyz,Al,500,Al__500,0.0117764806694175,-0.019744150755530473,-0.03152063142494797,0.03152063142494797
/Users/yti0811/Desktop/FE_data/npj_CM01/NPJ_CM_Fig_Python/Public_Reproducibility_Package_V01/npjcm-free-energy-surrogate_Re3/Python_Codes/table/snapshots_split/Al_600K_snap00000.extxyz,Al,600,Al__600,0.0201773950277954,-0.027782660791431314,-0.047960055819226716,0.047960055819226716
/Users/yti0811/Desktop/FE_data/npj_CM01/NPJ_CM_Fig_Python/Public_Reproducibility_Package_V01/npjcm-free-energy-surrogate_Re3/Python_Codes/table/snapshots_split/Al_600K_snap00001.extxyz,Al,600,Al__600,0.0203153462810508,-0.02848159478693418,-0.048796941067984975,0.048796941067984975
/Users/yti0811/Desktop/FE_data/npj_CM01/NPJ_CM_Fig_Python/Public_Reproducibility_Package_V01/npjcm-free-energy-surrogate_Re3/Python_Codes/table/snapshots_split/Al_600K_snap00002.extxyz,Al,600,Al__600,0.0197545816851748,-0.030051936027397336,-0.049806517712572135,0.049806517712572135
/Users/yti0811/Desktop/FE_data/npj_CM01/NPJ_CM_Fig_Python/Public_Reproducibility_Package_V01/npjcm-free-energy-surrogate_Re3/Python_Codes/table/snapshots_split/Al_600K_snap00003.extxyz,Al,600,Al__600,0.0198862528607783,-0.028629450026181814,-0.04851570288696011,0.04851570288696011
/Users/yti0811/Desktop/FE_data/npj_CM01/NPJ_CM_Fig_Python/Public_Reproducibility_Package_V01/npjcm-free-energy-surrogate_Re3/Python_Codes/table/snapshots_split/Al_600K_snap00004.extxyz,Al,600,Al__600,0.0200946365785938,-0.027663711970307217,-0.047758348548901014,0.047758348548901014
/Users/yti0811/Desktop/FE_data/npj_CM01/NPJ_CM_Fig_Python/Public_Reproducibility_Package_V01/npjcm-free-energy-surrogate_Re3/Python_Codes/table/snapshots_split/Al_600K_snap00005.extxyz,Al,600,Al__600,0.0202269692340359,-0.029447567270040085,-0.04967453650407598,0.04967453650407598
/Users/yti0811/Desktop/FE_data/npj_CM01/NPJ_CM_Fig_Python/Public_Reproducibility_Package_V01/npjcm-free-energy-surrogate_Re3/Python_Codes/table/snapshots_split/Al_600K_snap00006.extxyz,Al,600,Al__600,0.0204529383808307,-0.028679246527471183,-0.04913218490830189,0.04913218490830189
/Users/yti0811/Desktop/FE_data/npj_CM01/NPJ_CM_Fig_Python/Public_Reproducibility_Package_V01/npjcm-free-energy-surrogate_Re3/Python_Codes/table/snapshots_split/Al_600K_snap00007.extxyz,Al,600,Al__600,0.0201299522939154,-0.027242255599701306,-0.04737220789361671,0.04737220789361671
/Users/yti0811/Desktop/FE_data/npj_CM01/NPJ_CM_Fig_Python/Public_Reproducibility_Package_V01/npjcm-free-energy-surrogate_Re3/Python_Codes/table/snapshots_split/Al_600K_snap00008.extxyz,Al,600,Al__600,0.0198723391654256,-0.028052908877636857,-0.04792524804306246,0.04792524804306246
/Users/yti0811/Desktop/FE_data/npj_CM01/NPJ_CM_Fig_Python/Public_Reproducibility_Package_V01/npjcm-free-energy-surrogate_Re3/Python_Codes/table/snapshots_split/Al_600K_snap00009.extxyz,Al,600,Al__600,0.0204253521449058,-0.027905474828291362,-0.04833082697319716,0.04833082697319716
/Users/yti0811/Desktop/FE_data/npj_CM01/NPJ_CM_Fig_Python/Public_Reproducibility_Package_V01/npjcm-free-energy-surrogate_Re3/Python_Codes/table/snapshots_split/Al_600K_snap00010.extxyz,Al,600,Al__600,0.020420800052445,-0.02875927513338805,-0.04918007518583305,0.04918007518583305
/Users/yti0811/Desktop/FE_data/npj_CM01/NPJ_CM_Fig_Python/Public_Reproducibility_Package_V01/npjcm-free-energy-surrogate_Re3/Python_Codes/table/snapshots_split/Al_600K_snap00011.extxyz,Al,600,Al__600,0.0202033201172222,-0.030185172383130596,-0.050388492500352794,0.050388492500352794
/Users/yti0811/Desktop/FE_data/npj_CM01/NPJ_CM_Fig_Python/Public_Reproducibility_Package_V01/npjcm-free-energy-surrogate_Re3/Python_Codes/table/snapshots_split/Al_600K_snap00012.extxyz,Al,600,Al__600,0.0206555465939166,-0.028660392866453374,-0.049315939460369974,0.049315939460369974
/Users/yti0811/Desktop/FE_data/npj_CM01/NPJ_CM_Fig_Python/Public_Reproducibility_Package_V01/npjcm-free-energy-surrogate_Re3/Python_Codes/table/snapshots_split/Al_600K_snap00013.extxyz,Al,600,Al__600,0.0202135053776431,-0.02795772391019877,-0.04817122928784187,0.04817122928784187
/Users/yti0811/Desktop/FE_data/npj_CM01/NPJ_CM_Fig_Python/Public_Reproducibility_Package_V01/npjcm-free-energy-surrogate_Re3/Python_Codes/table/snapshots_split/Al_600K_snap00014.extxyz,Al,600,Al__600,0.0201400599042023,-0.028468114497989666,-0.048608174402191964,0.048608174402191964
/Users/yti0811/Desktop/FE_data/npj_CM01/NPJ_CM_Fig_Python/Public_Reproducibility_Package_V01/npjcm-free-energy-surrogate_Re3/Python_Codes/table/snapshots_split/Al_600K_snap00015.extxyz,Al,600,Al__600,0.0200298610651155,-0.027407125449470306,-0.047436986514585805,0.047436986514585805
/Users/yti0811/Desktop/FE_data/npj_CM01/NPJ_CM_Fig_Python/Public_Reproducibility_Package_V01/npjcm-free-energy-surrogate_Re3/Python_Codes/table/snapshots_split/Al_600K_snap00016.extxyz,Al,600,Al__600,0.0199739266034832,-0.02936587812255749,-0.04933980472604069,0.04933980472604069
/Users/yti0811/Desktop/FE_data/npj_CM01/NPJ_CM_Fig_Python/Public_Reproducibility_Package_V01/npjcm-free-energy-surrogate_Re3/Python_Codes/table/snapshots_split/Al_600K_snap00017.extxyz,Al,600,Al__600,0.0202317842789077,-0.02890668624614516,-0.049138470525052866,0.049138470525052866
/Users/yti0811/Desktop/FE_data/npj_CM01/NPJ_CM_Fig_Python/Public_Reproducibility_Package_V01/npjcm-free-energy-surrogate_Re3/Python_Codes/table/snapshots_split/Al_600K_snap00018.extxyz,Al,600,Al__600,0.0196236076261262,-0.02775530231557025,-0.047378909941696454,0.047378909941696454
/Users/yti0811/Desktop/FE_data/npj_CM01/NPJ_CM_Fig_Python/Public_Reproducibility_Package_V01/npjcm-free-energy-surrogate_Re3/Python_Codes/table/snapshots_split/Al_600K_snap00019.extxyz,Al,600,Al__600,0.0207259500585152,-0.02927441884763723,-0.050000368906152434,0.050000368906152434
/Users/yti0811/Desktop/FE_data/npj_CM01/NPJ_CM_Fig_Python/Public_Reproducibility_Package_V01/npjcm-free-energy-surrogate_Re3/Python_Codes/table/snapshots_split/Al_600K_snap00020.extxyz,Al,600,Al__600,0.0202017611431009,-0.028233951176507382,-0.04843571231960828,0.04843571231960828
/Users/yti0811/Desktop/FE_data/npj_CM01/NPJ_CM_Fig_Python/Public_Reproducibility_Package_V01/npjcm-free-energy-surrogate_Re3/Python_Codes/table/snapshots_split/Al_600K_snap00021.extxyz,Al,600,Al__600,0.0204754053865945,-0.027937725913261994,-0.0484131312998565,0.0484131312998565
/Users/yti0811/Desktop/FE_data/npj_CM01/NPJ_CM_Fig_Python/Public_Reproducibility_Package_V01/npjcm-free-energy-surrogate_Re3/Python_Codes/table/snapshots_split/Al_600K_snap00022.extxyz,Al,600,Al__600,0.0199691256712897,-0.027609920377517697,-0.0475790460488074,0.0475790460488074
/Users/yti0811/Desktop/FE_data/npj_CM01/NPJ_CM_Fig_Python/Public_Reproducibility_Package_V01/npjcm-free-energy-surrogate_Re3/Python_Codes/table/snapshots_split/Al_600K_snap00023.extxyz,Al,600,Al__600,0.0204862316266913,-0.02784304666824839,-0.04832927829493969,0.04832927829493969
/Users/yti0811/Desktop/FE_data/npj_CM01/NPJ_CM_Fig_Python/Public_Reproducibility_Package_V01/npjcm-free-energy-surrogate_Re3/Python_Codes/table/snapshots_split/Al_600K_snap00024.extxyz,Al,600,Al__600,0.0205097933899256,-0.028574480658203057,-0.04908427404812866,0.04908427404812866
/Users/yti0811/Desktop/FE_data/npj_CM01/NPJ_CM_Fig_Python/Public_Reproducibility_Package_V01/npjcm-free-energy-surrogate_Re3/Python_Codes/table/snapshots_split/Al_600K_snap00025.extxyz,Al,600,Al__600,0.020209783297328,-0.0277720353683037,-0.0479818186656317,0.0479818186656317
/Users/yti0811/Desktop/FE_data/npj_CM01/NPJ_CM_Fig_Python/Public_Reproducibility_Package_V01/npjcm-free-energy-surrogate_Re3/Python_Codes/table/snapshots_split/Al_600K_snap00026.extxyz,Al,600,Al__600,0.0197476421785192,-0.027173541739195086,-0.046921183917714285,0.046921183917714285
/Users/yti0811/Desktop/FE_data/npj_CM01/NPJ_CM_Fig_Python/Public_Reproducibility_Package_V01/npjcm-free-energy-surrogate_Re3/Python_Codes/table/snapshots_split/Al_600K_snap00027.extxyz,Al,600,Al__600,0.0205690702054124,-0.02918206077834128,-0.04975113098375368,0.04975113098375368
/Users/yti0811/Desktop/FE_data/npj_CM01/NPJ_CM_Fig_Python/Public_Reproducibility_Package_V01/npjcm-free-energy-surrogate_Re3/Python_Codes/table/snapshots_split/Al_600K_snap00028.extxyz,Al,600,Al__600,0.0197864038336581,-0.026652127732530527,-0.04643853156618863,0.04643853156618863
/Users/yti0811/Desktop/FE_data/npj_CM01/NPJ_CM_Fig_Python/Public_Reproducibility_Package_V01/npjcm-free-energy-surrogate_Re3/Python_Codes/table/snapshots_split/Al_600K_snap00029.extxyz,Al,600,Al__600,0.0202038567573457,-0.027755459260732734,-0.04795931601807843,0.04795931601807843
/Users/yti0811/Desktop/FE_data/npj_CM01/NPJ_CM_Fig_Python/Public_Reproducibility_Package_V01/npjcm-free-energy-surrogate_Re3/Python_Codes/table/snapshots_split/Al_600K_snap00030.extxyz,Al,600,Al__600,0.0201335454356701,-0.029374523093837437,-0.04950806852950754,0.04950806852950754
/Users/yti0811/Desktop/FE_data/npj_CM01/NPJ_CM_Fig_Python/Public_Reproducibility_Package_V01/npjcm-free-energy-surrogate_Re3/Python_Codes/table/snapshots_split/Al_600K_snap00031.extxyz,Al,600,Al__600,0.0203584695190877,-0.030190833944801612,-0.05054930346388931,0.05054930346388931
/Users/yti0811/Desktop/FE_data/npj_CM01/NPJ_CM_Fig_Python/Public_Reproducibility_Package_V01/npjcm-free-energy-surrogate_Re3/Python_Codes/table/snapshots_split/Al_600K_snap00032.extxyz,Al,600,Al__600,0.0203238241302738,-0.02871156669712851,-0.04903539082740231,0.04903539082740231
/Users/yti0811/Desktop/FE_data/npj_CM01/NPJ_CM_Fig_Python/Public_Reproducibility_Package_V01/npjcm-free-energy-surrogate_Re3/Python_Codes/table/snapshots_split/Al_600K_snap00033.extxyz,Al,600,Al__600,0.0202477957032589,-0.0288056682293366,-0.049053463932595506,0.049053463932595506
/Users/yti0811/Desktop/FE_data/npj_CM01/NPJ_CM_Fig_Python/Public_Reproducibility_Package_V01/npjcm-free-energy-surrogate_Re3/Python_Codes/table/snapshots_split/Al_600K_snap00034.extxyz,Al,600,Al__600,0.0199299315088297,-0.027615644051361986,-0.047545575560191684,0.047545575560191684
/Users/yti0811/Desktop/FE_data/npj_CM01/NPJ_CM_Fig_Python/Public_Reproducibility_Package_V01/npjcm-free-energy-surrogate_Re3/Python_Codes/table/snapshots_split/Al_600K_snap00035.extxyz,Al,600,Al__600,0.0196858356459201,-0.027919322044174605,-0.047605157690094706,0.047605157690094706
/Users/yti0811/Desktop/FE_data/npj_CM01/NPJ_CM_Fig_Python/Public_Reproducibility_Package_V01/npjcm-free-energy-surrogate_Re3/Python_Codes/table/snapshots_split/Al_600K_snap00036.extxyz,Al,600,Al__600,0.0202400469829668,-0.028105280254214462,-0.04834532723718126,0.04834532723718126
/Users/yti0811/Desktop/FE_data/npj_CM01/NPJ_CM_Fig_Python/Public_Reproducibility_Package_V01/npjcm-free-energy-surrogate_Re3/Python_Codes/table/snapshots_split/Al_600K_snap00037.extxyz,Al,600,Al__600,0.0204266057041773,-0.02800759117746135,-0.04843419688163865,0.04843419688163865
/Users/yti0811/Desktop/FE_data/npj_CM01/NPJ_CM_Fig_Python/Public_Reproducibility_Package_V01/npjcm-free-energy-surrogate_Re3/Python_Codes/table/snapshots_split/Al_600K_snap00038.extxyz,Al,600,Al__600,0.0200365742714476,-0.02648382449559988,-0.04652039876704748,0.04652039876704748
/Users/yti0811/Desktop/FE_data/npj_CM01/NPJ_CM_Fig_Python/Public_Reproducibility_Package_V01/npjcm-free-energy-surrogate_Re3/Python_Codes/table/snapshots_split/Al_600K_snap00039.extxyz,Al,600,Al__600,0.0201866184238428,-0.028977778544677438,-0.049164396968520235,0.049164396968520235
/Users/yti0811/Desktop/FE_data/npj_CM01/NPJ_CM_Fig_Python/Public_Reproducibility_Package_V01/npjcm-free-energy-surrogate_Re3/Python_Codes/table/snapshots_split/Al_600K_snap00040.extxyz,Al,600,Al__600,0.0201051053102048,-0.027974044781395566,-0.04807915009160037,0.04807915009160037
/Users/yti0811/Desktop/FE_data/npj_CM01/NPJ_CM_Fig_Python/Public_Reproducibility_Package_V01/npjcm-free-energy-surrogate_Re3/Python_Codes/table/snapshots_split/Al_600K_snap00041.extxyz,Al,600,Al__600,0.0199860003162467,-0.029159807776508073,-0.049145808092754775,0.049145808092754775
/Users/yti0811/Desktop/FE_data/npj_CM01/NPJ_CM_Fig_Python/Public_Reproducibility_Package_V01/npjcm-free-energy-surrogate_Re3/Python_Codes/table/snapshots_split/Al_600K_snap00042.extxyz,Al,600,Al__600,0.020052308921042,-0.028484556735321666,-0.04853686565636367,0.04853686565636367
/Users/yti0811/Desktop/FE_data/npj_CM01/NPJ_CM_Fig_Python/Public_Reproducibility_Package_V01/npjcm-free-energy-surrogate_Re3/Python_Codes/table/snapshots_split/Al_600K_snap00043.extxyz,Al,600,Al__600,0.0203159819013307,-0.028543391967603915,-0.048859373868934616,0.048859373868934616
/Users/yti0811/Desktop/FE_data/npj_CM01/NPJ_CM_Fig_Python/Public_Reproducibility_Package_V01/npjcm-free-energy-surrogate_Re3/Python_Codes/table/snapshots_split/Al_600K_snap00044.extxyz,Al,600,Al__600,0.0206167772523986,-0.02907493188520005,-0.049691709137598655,0.049691709137598655
/Users/yti0811/Desktop/FE_data/npj_CM01/NPJ_CM_Fig_Python/Public_Reproducibility_Package_V01/npjcm-free-energy-surrogate_Re3/Python_Codes/table/snapshots_split/Al_600K_snap00045.extxyz,Al,600,Al__600,0.0203958589389638,-0.028020029415861698,-0.04841588835482549,0.04841588835482549
/Users/yti0811/Desktop/FE_data/npj_CM01/NPJ_CM_Fig_Python/Public_Reproducibility_Package_V01/npjcm-free-energy-surrogate_Re3/Python_Codes/table/snapshots_split/Al_600K_snap00046.extxyz,Al,600,Al__600,0.0195443831788553,-0.028389726376111167,-0.047934109554966464,0.047934109554966464
/Users/yti0811/Desktop/FE_data/npj_CM01/NPJ_CM_Fig_Python/Public_Reproducibility_Package_V01/npjcm-free-energy-surrogate_Re3/Python_Codes/table/snapshots_split/Al_600K_snap00047.extxyz,Al,600,Al__600,0.0197286466516544,-0.027179522730853566,-0.04690816938250797,0.04690816938250797
/Users/yti0811/Desktop/FE_data/npj_CM01/NPJ_CM_Fig_Python/Public_Reproducibility_Package_V01/npjcm-free-energy-surrogate_Re3/Python_Codes/table/snapshots_split/Al_600K_snap00048.extxyz,Al,600,Al__600,0.0204188604309549,-0.0279049012285753,-0.0483237616595302,0.0483237616595302
/Users/yti0811/Desktop/FE_data/npj_CM01/NPJ_CM_Fig_Python/Public_Reproducibility_Package_V01/npjcm-free-energy-surrogate_Re3/Python_Codes/table/snapshots_split/Al_600K_snap00049.extxyz,Al,600,Al__600,0.0201452522276628,-0.027572911058666383,-0.047718163286329184,0.047718163286329184
/Users/yti0811/Desktop/FE_data/npj_CM01/NPJ_CM_Fig_Python/Public_Reproducibility_Package_V01/npjcm-free-energy-surrogate_Re3/Python_Codes/table/snapshots_split/Al_600K_snap00050.extxyz,Al,600,Al__600,0.0204585782795254,-0.029549032985364643,-0.05000761126489005,0.05000761126489005
/Users/yti0811/Desktop/FE_data/npj_CM01/NPJ_CM_Fig_Python/Public_Reproducibility_Package_V01/npjcm-free-energy-surrogate_Re3/Python_Codes/table/snapshots_split/Al_600K_snap00051.extxyz,Al,600,Al__600,0.0196414916402571,-0.026615450860560153,-0.04625694250081726,0.04625694250081726
/Users/yti0811/Desktop/FE_data/npj_CM01/NPJ_CM_Fig_Python/Public_Reproducibility_Package_V01/npjcm-free-energy-surrogate_Re3/Python_Codes/table/snapshots_split/Al_600K_snap00052.extxyz,Al,600,Al__600,0.0202579915559704,-0.02867277045370656,-0.048930762009676956,0.048930762009676956
/Users/yti0811/Desktop/FE_data/npj_CM01/NPJ_CM_Fig_Python/Public_Reproducibility_Package_V01/npjcm-free-energy-surrogate_Re3/Python_Codes/table/snapshots_split/Al_600K_snap00053.extxyz,Al,600,Al__600,0.0202390189448913,-0.028817379326794786,-0.04905639827168609,0.04905639827168609
/Users/yti0811/Desktop/FE_data/npj_CM01/NPJ_CM_Fig_Python/Public_Reproducibility_Package_V01/npjcm-free-energy-surrogate_Re3/Python_Codes/table/snapshots_split/Al_600K_snap00054.extxyz,Al,600,Al__600,0.0200970474829433,-0.027970767253096513,-0.04806781473603981,0.04806781473603981
/Users/yti0811/Desktop/FE_data/npj_CM01/NPJ_CM_Fig_Python/Public_Reproducibility_Package_V01/npjcm-free-energy-surrogate_Re3/Python_Codes/table/snapshots_split/Al_600K_snap00055.extxyz,Al,600,Al__600,0.019932491023318,-0.027566389059363344,-0.04749888008268134,0.04749888008268134
/Users/yti0811/Desktop/FE_data/npj_CM01/NPJ_CM_Fig_Python/Public_Reproducibility_Package_V01/npjcm-free-energy-surrogate_Re3/Python_Codes/table/snapshots_split/Al_600K_snap00056.extxyz,Al,600,Al__600,0.0199530061869463,-0.028055513315628305,-0.048008519502574606,0.048008519502574606
/Users/yti0811/Desktop/FE_data/npj_CM01/NPJ_CM_Fig_Python/Public_Reproducibility_Package_V01/npjcm-free-energy-surrogate_Re3/Python_Codes/table/snapshots_split/Al_600K_snap00057.extxyz,Al,600,Al__600,0.0202032299682313,-0.028024830728292163,-0.04822806069652347,0.04822806069652347
/Users/yti0811/Desktop/FE_data/npj_CM01/NPJ_CM_Fig_Python/Public_Reproducibility_Package_V01/npjcm-free-energy-surrogate_Re3/Python_Codes/table/snapshots_split/Al_600K_snap00058.extxyz,Al,600,Al__600,0.0202514067522618,-0.027745676894878762,-0.04799708364714056,0.04799708364714056
/Users/yti0811/Desktop/FE_data/npj_CM01/NPJ_CM_Fig_Python/Public_Reproducibility_Package_V01/npjcm-free-energy-surrogate_Re3/Python_Codes/table/snapshots_split/Al_600K_snap00059.extxyz,Al,600,Al__600,0.0202677775281772,-0.028971720401101943,-0.04923949792927915,0.04923949792927915
/Users/yti0811/Desktop/FE_data/npj_CM01/NPJ_CM_Fig_Python/Public_Reproducibility_Package_V01/npjcm-free-energy-surrogate_Re3/Python_Codes/table/snapshots_split/Al_600K_snap00060.extxyz,Al,600,Al__600,0.0197852473457726,-0.028978088309909302,-0.0487633356556819,0.0487633356556819
/Users/yti0811/Desktop/FE_data/npj_CM01/NPJ_CM_Fig_Python/Public_Reproducibility_Package_V01/npjcm-free-energy-surrogate_Re3/Python_Codes/table/snapshots_split/Al_600K_snap00061.extxyz,Al,600,Al__600,0.0202676086568007,-0.02922575036532916,-0.04949335902212986,0.04949335902212986
/Users/yti0811/Desktop/FE_data/npj_CM01/NPJ_CM_Fig_Python/Public_Reproducibility_Package_V01/npjcm-free-energy-surrogate_Re3/Python_Codes/table/snapshots_split/Al_600K_snap00062.extxyz,Al,600,Al__600,0.0202492000482312,-0.02768264655880937,-0.04793184660704057,0.04793184660704057
/Users/yti0811/Desktop/FE_data/npj_CM01/NPJ_CM_Fig_Python/Public_Reproducibility_Package_V01/npjcm-free-energy-surrogate_Re3/Python_Codes/table/snapshots_split/Al_600K_snap00063.extxyz,Al,600,Al__600,0.0198802041331681,-0.028756388442162224,-0.048636592575330324,0.048636592575330324
/Users/yti0811/Desktop/FE_data/npj_CM01/NPJ_CM_Fig_Python/Public_Reproducibility_Package_V01/npjcm-free-energy-surrogate_Re3/Python_Codes/table/snapshots_split/Al_600K_snap00064.extxyz,Al,600,Al__600,0.0205597706817883,-0.026695739534028828,-0.04725551021581713,0.04725551021581713
/Users/yti0811/Desktop/FE_data/npj_CM01/NPJ_CM_Fig_Python/Public_Reproducibility_Package_V01/npjcm-free-energy-surrogate_Re3/Python_Codes/table/snapshots_split/Al_600K_snap00065.extxyz,Al,600,Al__600,0.020277708110296,-0.02812242045426694,-0.04840012856456294,0.04840012856456294
/Users/yti0811/Desktop/FE_data/npj_CM01/NPJ_CM_Fig_Python/Public_Reproducibility_Package_V01/npjcm-free-energy-surrogate_Re3/Python_Codes/table/snapshots_split/Al_600K_snap00066.extxyz,Al,600,Al__600,0.0203526377642735,-0.028910144370908882,-0.049262782135182384,0.049262782135182384
/Users/yti0811/Desktop/FE_data/npj_CM01/NPJ_CM_Fig_Python/Public_Reproducibility_Package_V01/npjcm-free-energy-surrogate_Re3/Python_Codes/table/snapshots_split/Al_600K_snap00067.extxyz,Al,600,Al__600,0.019902878320033,-0.02767557158100803,-0.04757844990104103,0.04757844990104103
/Users/yti0811/Desktop/FE_data/npj_CM01/NPJ_CM_Fig_Python/Public_Reproducibility_Package_V01/npjcm-free-energy-surrogate_Re3/Python_Codes/table/snapshots_split/Al_600K_snap00068.extxyz,Al,600,Al__600,0.0201695658571223,-0.028993769762874873,-0.049163335619997174,0.049163335619997174
/Users/yti0811/Desktop/FE_data/npj_CM01/NPJ_CM_Fig_Python/Public_Reproducibility_Package_V01/npjcm-free-energy-surrogate_Re3/Python_Codes/table/snapshots_split/Al_600K_snap00069.extxyz,Al,600,Al__600,0.0201608363837599,-0.02848347765434031,-0.04864431403810021,0.04864431403810021
/Users/yti0811/Desktop/FE_data/npj_CM01/NPJ_CM_Fig_Python/Public_Reproducibility_Package_V01/npjcm-free-energy-surrogate_Re3/Python_Codes/table/snapshots_split/Al_600K_snap00070.extxyz,Al,600,Al__600,0.0199016381777361,-0.026986919827797575,-0.046888558005533675,0.046888558005533675
/Users/yti0811/Desktop/FE_data/npj_CM01/NPJ_CM_Fig_Python/Public_Reproducibility_Package_V01/npjcm-free-energy-surrogate_Re3/Python_Codes/table/snapshots_split/Al_600K_snap00071.extxyz,Al,600,Al__600,0.0198639878466078,-0.028265995911129733,-0.048129983757737534,0.048129983757737534
/Users/yti0811/Desktop/FE_data/npj_CM01/NPJ_CM_Fig_Python/Public_Reproducibility_Package_V01/npjcm-free-energy-surrogate_Re3/Python_Codes/table/snapshots_split/Al_600K_snap00072.extxyz,Al,600,Al__600,0.0201938855917191,-0.027973984931697393,-0.04816787052341649,0.04816787052341649
/Users/yti0811/Desktop/FE_data/npj_CM01/NPJ_CM_Fig_Python/Public_Reproducibility_Package_V01/npjcm-free-energy-surrogate_Re3/Python_Codes/table/snapshots_split/Al_600K_snap00073.extxyz,Al,600,Al__600,0.020085295968504,-0.02800949467865238,-0.04809479064715638,0.04809479064715638
/Users/yti0811/Desktop/FE_data/npj_CM01/NPJ_CM_Fig_Python/Public_Reproducibility_Package_V01/npjcm-free-energy-surrogate_Re3/Python_Codes/table/snapshots_split/Al_600K_snap00074.extxyz,Al,600,Al__600,0.0204106333412161,-0.028387359494014344,-0.048797992835230446,0.048797992835230446
/Users/yti0811/Desktop/FE_data/npj_CM01/NPJ_CM_Fig_Python/Public_Reproducibility_Package_V01/npjcm-free-energy-surrogate_Re3/Python_Codes/table/snapshots_split/Al_600K_snap00075.extxyz,Al,600,Al__600,0.0199057285558528,-0.02732659267585734,-0.04723232123171014,0.04723232123171014
/Users/yti0811/Desktop/FE_data/npj_CM01/NPJ_CM_Fig_Python/Public_Reproducibility_Package_V01/npjcm-free-energy-surrogate_Re3/Python_Codes/table/snapshots_split/Al_600K_snap00076.extxyz,Al,600,Al__600,0.0200490810118962,-0.02775237759992774,-0.047801458611823944,0.047801458611823944
/Users/yti0811/Desktop/FE_data/npj_CM01/NPJ_CM_Fig_Python/Public_Reproducibility_Package_V01/npjcm-free-energy-surrogate_Re3/Python_Codes/table/snapshots_split/Al_600K_snap00077.extxyz,Al,600,Al__600,0.0204702737322877,-0.02717603267468354,-0.04764630640697124,0.04764630640697124
/Users/yti0811/Desktop/FE_data/npj_CM01/NPJ_CM_Fig_Python/Public_Reproducibility_Package_V01/npjcm-free-energy-surrogate_Re3/Python_Codes/table/snapshots_split/Al_600K_snap00078.extxyz,Al,600,Al__600,0.0196015905978252,-0.028431956064665757,-0.04803354666249096,0.04803354666249096
/Users/yti0811/Desktop/FE_data/npj_CM01/NPJ_CM_Fig_Python/Public_Reproducibility_Package_V01/npjcm-free-energy-surrogate_Re3/Python_Codes/table/snapshots_split/Al_600K_snap00079.extxyz,Al,600,Al__600,0.0203686221259411,-0.028215964813272015,-0.048584586939213116,0.048584586939213116
/Users/yti0811/Desktop/FE_data/npj_CM01/NPJ_CM_Fig_Python/Public_Reproducibility_Package_V01/npjcm-free-energy-surrogate_Re3/Python_Codes/table/snapshots_split/Al_600K_snap00080.extxyz,Al,600,Al__600,0.0203031488494274,-0.026579407888076154,-0.04688255673750355,0.04688255673750355
/Users/yti0811/Desktop/FE_data/npj_CM01/NPJ_CM_Fig_Python/Public_Reproducibility_Package_V01/npjcm-free-energy-surrogate_Re3/Python_Codes/table/snapshots_split/Al_600K_snap00081.extxyz,Al,600,Al__600,0.0204622475287663,-0.027507251291637717,-0.04796949882040402,0.04796949882040402
/Users/yti0811/Desktop/FE_data/npj_CM01/NPJ_CM_Fig_Python/Public_Reproducibility_Package_V01/npjcm-free-energy-surrogate_Re3/Python_Codes/table/snapshots_split/Al_600K_snap00082.extxyz,Al,600,Al__600,0.0200472028226432,-0.02805114677977146,-0.04809834960241466,0.04809834960241466
/Users/yti0811/Desktop/FE_data/npj_CM01/NPJ_CM_Fig_Python/Public_Reproducibility_Package_V01/npjcm-free-energy-surrogate_Re3/Python_Codes/table/snapshots_split/Al_600K_snap00083.extxyz,Al,600,Al__600,0.0197644859990993,-0.02855849015085645,-0.04832297614995575,0.04832297614995575
/Users/yti0811/Desktop/FE_data/npj_CM01/NPJ_CM_Fig_Python/Public_Reproducibility_Package_V01/npjcm-free-energy-surrogate_Re3/Python_Codes/table/snapshots_split/Al_600K_snap00084.extxyz,Al,600,Al__600,0.0199329783260571,-0.028175670000502303,-0.0481086483265594,0.0481086483265594
/Users/yti0811/Desktop/FE_data/npj_CM01/NPJ_CM_Fig_Python/Public_Reproducibility_Package_V01/npjcm-free-energy-surrogate_Re3/Python_Codes/table/snapshots_split/Al_600K_snap00085.extxyz,Al,600,Al__600,0.0203761881151718,-0.027327801189257907,-0.047703989304429706,0.047703989304429706
/Users/yti0811/Desktop/FE_data/npj_CM01/NPJ_CM_Fig_Python/Public_Reproducibility_Package_V01/npjcm-free-energy-surrogate_Re3/Python_Codes/table/snapshots_split/Al_600K_snap00086.extxyz,Al,600,Al__600,0.0204550987788862,-0.028408687779990033,-0.04886378655887623,0.04886378655887623
/Users/yti0811/Desktop/FE_data/npj_CM01/NPJ_CM_Fig_Python/Public_Reproducibility_Package_V01/npjcm-free-energy-surrogate_Re3/Python_Codes/table/snapshots_split/Al_600K_snap00087.extxyz,Al,600,Al__600,0.0197176541505654,-0.028591776438584276,-0.048309430589149674,0.048309430589149674
/Users/yti0811/Desktop/FE_data/npj_CM01/NPJ_CM_Fig_Python/Public_Reproducibility_Package_V01/npjcm-free-energy-surrogate_Re3/Python_Codes/table/snapshots_split/Al_600K_snap00088.extxyz,Al,600,Al__600,0.0200452209996144,-0.0279201924167631,-0.0479654134163775,0.0479654134163775
/Users/yti0811/Desktop/FE_data/npj_CM01/NPJ_CM_Fig_Python/Public_Reproducibility_Package_V01/npjcm-free-energy-surrogate_Re3/Python_Codes/table/snapshots_split/Al_600K_snap00089.extxyz,Al,600,Al__600,0.0200985519665015,-0.0277237602209517,-0.0478223121874532,0.0478223121874532
/Users/yti0811/Desktop/FE_data/npj_CM01/NPJ_CM_Fig_Python/Public_Reproducibility_Package_V01/npjcm-free-energy-surrogate_Re3/Python_Codes/table/snapshots_split/Al_600K_snap00090.extxyz,Al,600,Al__600,0.0205293225930185,-0.028006118490873377,-0.04853544108389188,0.04853544108389188
/Users/yti0811/Desktop/FE_data/npj_CM01/NPJ_CM_Fig_Python/Public_Reproducibility_Package_V01/npjcm-free-energy-surrogate_Re3/Python_Codes/table/snapshots_split/Al_600K_snap00091.extxyz,Al,600,Al__600,0.0200674909997247,-0.027650313682258128,-0.04771780468198283,0.04771780468198283
/Users/yti0811/Desktop/FE_data/npj_CM01/NPJ_CM_Fig_Python/Public_Reproducibility_Package_V01/npjcm-free-energy-surrogate_Re3/Python_Codes/table/snapshots_split/Al_600K_snap00092.extxyz,Al,600,Al__600,0.0200306685435693,-0.0286168780631088,-0.048647546606678096,0.048647546606678096
/Users/yti0811/Desktop/FE_data/npj_CM01/NPJ_CM_Fig_Python/Public_Reproducibility_Package_V01/npjcm-free-energy-surrogate_Re3/Python_Codes/table/snapshots_split/Al_600K_snap00093.extxyz,Al,600,Al__600,0.0202817927727212,-0.027508000413877645,-0.047789793186598845,0.047789793186598845
/Users/yti0811/Desktop/FE_data/npj_CM01/NPJ_CM_Fig_Python/Public_Reproducibility_Package_V01/npjcm-free-energy-surrogate_Re3/Python_Codes/table/snapshots_split/Al_600K_snap00094.extxyz,Al,600,Al__600,0.0199530864054644,-0.029562329799468108,-0.04951541620493251,0.04951541620493251
/Users/yti0811/Desktop/FE_data/npj_CM01/NPJ_CM_Fig_Python/Public_Reproducibility_Package_V01/npjcm-free-energy-surrogate_Re3/Python_Codes/table/snapshots_split/Al_600K_snap00095.extxyz,Al,600,Al__600,0.0198978109583961,-0.02921377793684535,-0.04911158889524145,0.04911158889524145
/Users/yti0811/Desktop/FE_data/npj_CM01/NPJ_CM_Fig_Python/Public_Reproducibility_Package_V01/npjcm-free-energy-surrogate_Re3/Python_Codes/table/snapshots_split/Al_600K_snap00096.extxyz,Al,600,Al__600,0.0199845813833696,-0.028684162215056694,-0.048668743598426295,0.048668743598426295
/Users/yti0811/Desktop/FE_data/npj_CM01/NPJ_CM_Fig_Python/Public_Reproducibility_Package_V01/npjcm-free-energy-surrogate_Re3/Python_Codes/table/snapshots_split/Al_600K_snap00097.extxyz,Al,600,Al__600,0.0208253186278379,-0.02873175712375996,-0.04955707575159786,0.04955707575159786
/Users/yti0811/Desktop/FE_data/npj_CM01/NPJ_CM_Fig_Python/Public_Reproducibility_Package_V01/npjcm-free-energy-surrogate_Re3/Python_Codes/table/snapshots_split/Al_600K_snap00098.extxyz,Al,600,Al__600,0.0202296814815274,-0.02736483422705149,-0.047594515708578894,0.047594515708578894
/Users/yti0811/Desktop/FE_data/npj_CM01/NPJ_CM_Fig_Python/Public_Reproducibility_Package_V01/npjcm-free-energy-surrogate_Re3/Python_Codes/table/snapshots_split/Al_600K_snap00099.extxyz,Al,600,Al__600,0.0206663992565603,-0.027013585977650877,-0.04767998523421117,0.04767998523421117
/Users/yti0811/Desktop/FE_data/npj_CM01/NPJ_CM_Fig_Python/Public_Reproducibility_Package_V01/npjcm-free-energy-surrogate_Re3/Python_Codes/table/snapshots_split/Al_700K_snap00000.extxyz,Al,700,Al__700,0.030925923898306,-0.03797201511189229,-0.06889793901019829,0.06889793901019829
/Users/yti0811/Desktop/FE_data/npj_CM01/NPJ_CM_Fig_Python/Public_Reproducibility_Package_V01/npjcm-free-energy-surrogate_Re3/Python_Codes/table/snapshots_split/Al_700K_snap00001.extxyz,Al,700,Al__700,0.031055107605525,-0.03687207563302288,-0.06792718323854788,0.06792718323854788
/Users/yti0811/Desktop/FE_data/npj_CM01/NPJ_CM_Fig_Python/Public_Reproducibility_Package_V01/npjcm-free-energy-surrogate_Re3/Python_Codes/table/snapshots_split/Al_700K_snap00002.extxyz,Al,700,Al__700,0.0307792547882826,-0.036088273078364035,-0.06686752786664664,0.06686752786664664
/Users/yti0811/Desktop/FE_data/npj_CM01/NPJ_CM_Fig_Python/Public_Reproducibility_Package_V01/npjcm-free-energy-surrogate_Re3/Python_Codes/table/snapshots_split/Al_700K_snap00003.extxyz,Al,700,Al__700,0.0311126627851992,-0.03681188451764699,-0.0679245473028462,0.0679245473028462
/Users/yti0811/Desktop/FE_data/npj_CM01/NPJ_CM_Fig_Python/Public_Reproducibility_Package_V01/npjcm-free-energy-surrogate_Re3/Python_Codes/table/snapshots_split/Al_700K_snap00004.extxyz,Al,700,Al__700,0.0308490071617891,-0.036484813410226496,-0.06733382057201559,0.06733382057201559
/Users/yti0811/Desktop/FE_data/npj_CM01/NPJ_CM_Fig_Python/Public_Reproducibility_Package_V01/npjcm-free-energy-surrogate_Re3/Python_Codes/table/snapshots_split/Al_700K_snap00005.extxyz,Al,700,Al__700,0.0306061970691991,-0.03813254546384789,-0.06873874253304699,0.06873874253304699
/Users/yti0811/Desktop/FE_data/npj_CM01/NPJ_CM_Fig_Python/Public_Reproducibility_Package_V01/npjcm-free-energy-surrogate_Re3/Python_Codes/table/snapshots_split/Al_700K_snap00006.extxyz,Al,700,Al__700,0.030803984441598,-0.0370870042745558,-0.0678909887161538,0.0678909887161538
/Users/yti0811/Desktop/FE_data/npj_CM01/NPJ_CM_Fig_Python/Public_Reproducibility_Package_V01/npjcm-free-energy-surrogate_Re3/Python_Codes/table/snapshots_split/Al_700K_snap00007.extxyz,Al,700,Al__700,0.0307242708120031,-0.037554470561090805,-0.0682787413730939,0.0682787413730939
/Users/yti0811/Desktop/FE_data/npj_CM01/NPJ_CM_Fig_Python/Public_Reproducibility_Package_V01/npjcm-free-energy-surrogate_Re3/Python_Codes/table/snapshots_split/Al_700K_snap00008.extxyz,Al,700,Al__700,0.0310401342302676,-0.0354393733971082,-0.0664795076273758,0.0664795076273758
/Users/yti0811/Desktop/FE_data/npj_CM01/NPJ_CM_Fig_Python/Public_Reproducibility_Package_V01/npjcm-free-energy-surrogate_Re3/Python_Codes/table/snapshots_split/Al_700K_snap00009.extxyz,Al,700,Al__700,0.0309816599008029,-0.03823826410340543,-0.06921992400420833,0.06921992400420833
/Users/yti0811/Desktop/FE_data/npj_CM01/NPJ_CM_Fig_Python/Public_Reproducibility_Package_V01/npjcm-free-energy-surrogate_Re3/Python_Codes/table/snapshots_split/Al_700K_snap00010.extxyz,Al,700,Al__700,0.0309392718181141,-0.03631539471734687,-0.06725466653546097,0.06725466653546097
/Users/yti0811/Desktop/FE_data/npj_CM01/NPJ_CM_Fig_Python/Public_Reproducibility_Package_V01/npjcm-free-energy-surrogate_Re3/Python_Codes/table/snapshots_split/Al_700K_snap00011.extxyz,Al,700,Al__700,0.0308351394489333,-0.03768908203041462,-0.06852422147934792,0.06852422147934792
/Users/yti0811/Desktop/FE_data/npj_CM01/NPJ_CM_Fig_Python/Public_Reproducibility_Package_V01/npjcm-free-energy-surrogate_Re3/Python_Codes/table/snapshots_split/Al_700K_snap00012.extxyz,Al,700,Al__700,0.0315791182147922,-0.03671250938678901,-0.06829162760158121,0.06829162760158121
/Users/yti0811/Desktop/FE_data/npj_CM01/NPJ_CM_Fig_Python/Public_Reproducibility_Package_V01/npjcm-free-energy-surrogate_Re3/Python_Codes/table/snapshots_split/Al_700K_snap00013.extxyz,Al,700,Al__700,0.031303038872762,-0.03680017417910432,-0.06810321305186631,0.06810321305186631
/Users/yti0811/Desktop/FE_data/npj_CM01/NPJ_CM_Fig_Python/Public_Reproducibility_Package_V01/npjcm-free-energy-surrogate_Re3/Python_Codes/table/snapshots_split/Al_700K_snap00014.extxyz,Al,700,Al__700,0.0304531036576379,-0.03712616662658477,-0.06757927028422267,0.06757927028422267
/Users/yti0811/Desktop/FE_data/npj_CM01/NPJ_CM_Fig_Python/Public_Reproducibility_Package_V01/npjcm-free-energy-surrogate_Re3/Python_Codes/table/snapshots_split/Al_700K_snap00015.extxyz,Al,700,Al__700,0.0305827428980508,-0.035795425856940837,-0.06637816875499164,0.06637816875499164
/Users/yti0811/Desktop/FE_data/npj_CM01/NPJ_CM_Fig_Python/Public_Reproducibility_Package_V01/npjcm-free-energy-surrogate_Re3/Python_Codes/table/snapshots_split/Al_700K_snap00016.extxyz,Al,700,Al__700,0.0309206419673441,-0.037915422273088785,-0.06883606424043288,0.06883606424043288
/Users/yti0811/Desktop/FE_data/npj_CM01/NPJ_CM_Fig_Python/Public_Reproducibility_Package_V01/npjcm-free-energy-surrogate_Re3/Python_Codes/table/snapshots_split/Al_700K_snap00017.extxyz,Al,700,Al__700,0.0310761245982339,-0.037355604725350725,-0.06843172932358463,0.06843172932358463
/Users/yti0811/Desktop/FE_data/npj_CM01/NPJ_CM_Fig_Python/Public_Reproducibility_Package_V01/npjcm-free-energy-surrogate_Re3/Python_Codes/table/snapshots_split/Al_700K_snap00018.extxyz,Al,700,Al__700,0.0312769938800422,-0.03914541065732012,-0.07042240453736232,0.07042240453736232
/Users/yti0811/Desktop/FE_data/npj_CM01/NPJ_CM_Fig_Python/Public_Reproducibility_Package_V01/npjcm-free-energy-surrogate_Re3/Python_Codes/table/snapshots_split/Al_700K_snap00019.extxyz,Al,700,Al__700,0.0305754465758284,-0.03653935842952212,-0.06711480500535053,0.06711480500535053
/Users/yti0811/Desktop/FE_data/npj_CM01/NPJ_CM_Fig_Python/Public_Reproducibility_Package_V01/npjcm-free-energy-surrogate_Re3/Python_Codes/table/snapshots_split/Al_700K_snap00020.extxyz,Al,700,Al__700,0.0312357014045881,-0.03820533672007327,-0.06944103812466138,0.06944103812466138
/Users/yti0811/Desktop/FE_data/npj_CM01/NPJ_CM_Fig_Python/Public_Reproducibility_Package_V01/npjcm-free-energy-surrogate_Re3/Python_Codes/table/snapshots_split/Al_700K_snap00021.extxyz,Al,700,Al__700,0.0313557408700976,-0.038228685995369396,-0.069584426865467,0.069584426865467
/Users/yti0811/Desktop/FE_data/npj_CM01/NPJ_CM_Fig_Python/Public_Reproducibility_Package_V01/npjcm-free-energy-surrogate_Re3/Python_Codes/table/snapshots_split/Al_700K_snap00022.extxyz,Al,700,Al__700,0.0304893350851739,-0.03680771758586656,-0.06729705267104046,0.06729705267104046
/Users/yti0811/Desktop/FE_data/npj_CM01/NPJ_CM_Fig_Python/Public_Reproducibility_Package_V01/npjcm-free-energy-surrogate_Re3/Python_Codes/table/snapshots_split/Al_700K_snap00023.extxyz,Al,700,Al__700,0.0306620363690933,-0.03878534501266529,-0.0694473813817586,0.0694473813817586
/Users/yti0811/Desktop/FE_data/npj_CM01/NPJ_CM_Fig_Python/Public_Reproducibility_Package_V01/npjcm-free-energy-surrogate_Re3/Python_Codes/table/snapshots_split/Al_700K_snap00024.extxyz,Al,700,Al__700,0.0312659086456722,-0.03795387189538677,-0.06921978054105897,0.06921978054105897
/Users/yti0811/Desktop/FE_data/npj_CM01/NPJ_CM_Fig_Python/Public_Reproducibility_Package_V01/npjcm-free-energy-surrogate_Re3/Python_Codes/table/snapshots_split/Al_700K_snap00025.extxyz,Al,700,Al__700,0.0308244308406003,-0.03788345863284009,-0.06870788947344039,0.06870788947344039
/Users/yti0811/Desktop/FE_data/npj_CM01/NPJ_CM_Fig_Python/Public_Reproducibility_Package_V01/npjcm-free-energy-surrogate_Re3/Python_Codes/table/snapshots_split/Al_700K_snap00026.extxyz,Al,700,Al__700,0.0311544813302771,-0.03760927930270362,-0.06876376063298072,0.06876376063298072
/Users/yti0811/Desktop/FE_data/npj_CM01/NPJ_CM_Fig_Python/Public_Reproducibility_Package_V01/npjcm-free-energy-surrogate_Re3/Python_Codes/table/snapshots_split/Al_700K_snap00027.extxyz,Al,700,Al__700,0.0310125424944199,-0.03812301548467163,-0.06913555797909153,0.06913555797909153
/Users/yti0811/Desktop/FE_data/npj_CM01/NPJ_CM_Fig_Python/Public_Reproducibility_Package_V01/npjcm-free-energy-surrogate_Re3/Python_Codes/table/snapshots_split/Al_700K_snap00028.extxyz,Al,700,Al__700,0.0305665672801013,-0.038113771662950706,-0.068680338943052,0.068680338943052
/Users/yti0811/Desktop/FE_data/npj_CM01/NPJ_CM_Fig_Python/Public_Reproducibility_Package_V01/npjcm-free-energy-surrogate_Re3/Python_Codes/table/snapshots_split/Al_700K_snap00029.extxyz,Al,700,Al__700,0.0308750591703884,-0.03710553370776467,-0.06798059287815307,0.06798059287815307
/Users/yti0811/Desktop/FE_data/npj_CM01/NPJ_CM_Fig_Python/Public_Reproducibility_Package_V01/npjcm-free-energy-surrogate_Re3/Python_Codes/table/snapshots_split/Al_700K_snap00030.extxyz,Al,700,Al__700,0.0309805666226264,-0.035779818157331195,-0.06676038477995759,0.06676038477995759
/Users/yti0811/Desktop/FE_data/npj_CM01/NPJ_CM_Fig_Python/Public_Reproducibility_Package_V01/npjcm-free-energy-surrogate_Re3/Python_Codes/table/snapshots_split/Al_700K_snap00031.extxyz,Al,700,Al__700,0.031143367132229,-0.03790314126272465,-0.06904650839495365,0.06904650839495365
/Users/yti0811/Desktop/FE_data/npj_CM01/NPJ_CM_Fig_Python/Public_Reproducibility_Package_V01/npjcm-free-energy-surrogate_Re3/Python_Codes/table/snapshots_split/Al_700K_snap00032.extxyz,Al,700,Al__700,0.031431171900876,-0.036141546105807346,-0.06757271800668335,0.06757271800668335
/Users/yti0811/Desktop/FE_data/npj_CM01/NPJ_CM_Fig_Python/Public_Reproducibility_Package_V01/npjcm-free-energy-surrogate_Re3/Python_Codes/table/snapshots_split/Al_700K_snap00033.extxyz,Al,700,Al__700,0.0301878768412663,-0.03702073773653227,-0.06720861457779857,0.06720861457779857
/Users/yti0811/Desktop/FE_data/npj_CM01/NPJ_CM_Fig_Python/Public_Reproducibility_Package_V01/npjcm-free-energy-surrogate_Re3/Python_Codes/table/snapshots_split/Al_700K_snap00034.extxyz,Al,700,Al__700,0.0308143039823119,-0.039213035116520946,-0.07002733909883285,0.07002733909883285
/Users/yti0811/Desktop/FE_data/npj_CM01/NPJ_CM_Fig_Python/Public_Reproducibility_Package_V01/npjcm-free-energy-surrogate_Re3/Python_Codes/table/snapshots_split/Al_700K_snap00035.extxyz,Al,700,Al__700,0.0307549026534424,-0.03507586879227949,-0.06583077144572189,0.06583077144572189
/Users/yti0811/Desktop/FE_data/npj_CM01/NPJ_CM_Fig_Python/Public_Reproducibility_Package_V01/npjcm-free-energy-surrogate_Re3/Python_Codes/table/snapshots_split/Al_700K_snap00036.extxyz,Al,700,Al__700,0.030943478761871,-0.03782996064687819,-0.06877343940874919,0.06877343940874919
/Users/yti0811/Desktop/FE_data/npj_CM01/NPJ_CM_Fig_Python/Public_Reproducibility_Package_V01/npjcm-free-energy-surrogate_Re3/Python_Codes/table/snapshots_split/Al_700K_snap00037.extxyz,Al,700,Al__700,0.0307487537500258,-0.038461978278991914,-0.06921073202901772,0.06921073202901772
/Users/yti0811/Desktop/FE_data/npj_CM01/NPJ_CM_Fig_Python/Public_Reproducibility_Package_V01/npjcm-free-energy-surrogate_Re3/Python_Codes/table/snapshots_split/Al_700K_snap00038.extxyz,Al,700,Al__700,0.0307039478829155,-0.03836218107740091,-0.06906612896031641,0.06906612896031641
/Users/yti0811/Desktop/FE_data/npj_CM01/NPJ_CM_Fig_Python/Public_Reproducibility_Package_V01/npjcm-free-energy-surrogate_Re3/Python_Codes/table/snapshots_split/Al_700K_snap00039.extxyz,Al,700,Al__700,0.0308916125281196,-0.037364786350110896,-0.0682563988782305,0.0682563988782305
/Users/yti0811/Desktop/FE_data/npj_CM01/NPJ_CM_Fig_Python/Public_Reproducibility_Package_V01/npjcm-free-energy-surrogate_Re3/Python_Codes/table/snapshots_split/Al_700K_snap00040.extxyz,Al,700,Al__700,0.030733448847798,-0.037755365868682965,-0.06848881471648097,0.06848881471648097
/Users/yti0811/Desktop/FE_data/npj_CM01/NPJ_CM_Fig_Python/Public_Reproducibility_Package_V01/npjcm-free-energy-surrogate_Re3/Python_Codes/table/snapshots_split/Al_700K_snap00041.extxyz,Al,700,Al__700,0.0309146445049911,-0.03683295738088563,-0.06774760188587672,0.06774760188587672
/Users/yti0811/Desktop/FE_data/npj_CM01/NPJ_CM_Fig_Python/Public_Reproducibility_Package_V01/npjcm-free-energy-surrogate_Re3/Python_Codes/table/snapshots_split/Al_700K_snap00042.extxyz,Al,700,Al__700,0.0307822691291795,-0.037047273676348226,-0.06782954280552772,0.06782954280552772
/Users/yti0811/Desktop/FE_data/npj_CM01/NPJ_CM_Fig_Python/Public_Reproducibility_Package_V01/npjcm-free-energy-surrogate_Re3/Python_Codes/table/snapshots_split/Al_700K_snap00043.extxyz,Al,700,Al__700,0.0308215322594497,-0.03680342719993237,-0.06762495945938207,0.06762495945938207
/Users/yti0811/Desktop/FE_data/npj_CM01/NPJ_CM_Fig_Python/Public_Reproducibility_Package_V01/npjcm-free-energy-surrogate_Re3/Python_Codes/table/snapshots_split/Al_700K_snap00044.extxyz,Al,700,Al__700,0.0307364146165734,-0.03767106723638054,-0.06840748185295395,0.06840748185295395
/Users/yti0811/Desktop/FE_data/npj_CM01/NPJ_CM_Fig_Python/Public_Reproducibility_Package_V01/npjcm-free-energy-surrogate_Re3/Python_Codes/table/snapshots_split/Al_700K_snap00045.extxyz,Al,700,Al__700,0.0308223121168949,-0.03795959206062527,-0.06878190417752017,0.06878190417752017
/Users/yti0811/Desktop/FE_data/npj_CM01/NPJ_CM_Fig_Python/Public_Reproducibility_Package_V01/npjcm-free-energy-surrogate_Re3/Python_Codes/table/snapshots_split/Al_700K_snap00046.extxyz,Al,700,Al__700,0.0311619103727361,-0.03667252456426223,-0.06783443493699834,0.06783443493699834
/Users/yti0811/Desktop/FE_data/npj_CM01/NPJ_CM_Fig_Python/Public_Reproducibility_Package_V01/npjcm-free-energy-surrogate_Re3/Python_Codes/table/snapshots_split/Al_700K_snap00047.extxyz,Al,700,Al__700,0.0310456544562563,-0.038575085194726015,-0.06962073965098231,0.06962073965098231
/Users/yti0811/Desktop/FE_data/npj_CM01/NPJ_CM_Fig_Python/Public_Reproducibility_Package_V01/npjcm-free-energy-surrogate_Re3/Python_Codes/table/snapshots_split/Al_700K_snap00048.extxyz,Al,700,Al__700,0.0308493825226528,-0.03747926867971849,-0.06832865120237129,0.06832865120237129
/Users/yti0811/Desktop/FE_data/npj_CM01/NPJ_CM_Fig_Python/Public_Reproducibility_Package_V01/npjcm-free-energy-surrogate_Re3/Python_Codes/table/snapshots_split/Al_700K_snap00049.extxyz,Al,700,Al__700,0.0303952971735855,-0.037555132692404104,-0.0679504298659896,0.0679504298659896
/Users/yti0811/Desktop/FE_data/npj_CM01/NPJ_CM_Fig_Python/Public_Reproducibility_Package_V01/npjcm-free-energy-surrogate_Re3/Python_Codes/table/snapshots_split/Al_700K_snap00050.extxyz,Al,700,Al__700,0.030615293023012,-0.03748993047516301,-0.06810522349817501,0.06810522349817501
/Users/yti0811/Desktop/FE_data/npj_CM01/NPJ_CM_Fig_Python/Public_Reproducibility_Package_V01/npjcm-free-energy-surrogate_Re3/Python_Codes/table/snapshots_split/Al_700K_snap00051.extxyz,Al,700,Al__700,0.031017793637483,-0.038114952242413735,-0.06913274587989673,0.06913274587989673
/Users/yti0811/Desktop/FE_data/npj_CM01/NPJ_CM_Fig_Python/Public_Reproducibility_Package_V01/npjcm-free-energy-surrogate_Re3/Python_Codes/table/snapshots_split/Al_700K_snap00052.extxyz,Al,700,Al__700,0.0312726244697672,-0.03703140837976923,-0.06830403284953643,0.06830403284953643
/Users/yti0811/Desktop/FE_data/npj_CM01/NPJ_CM_Fig_Python/Public_Reproducibility_Package_V01/npjcm-free-energy-surrogate_Re3/Python_Codes/table/snapshots_split/Al_700K_snap00053.extxyz,Al,700,Al__700,0.0307080378802447,-0.03698693720134528,-0.06769497508158998,0.06769497508158998
/Users/yti0811/Desktop/FE_data/npj_CM01/NPJ_CM_Fig_Python/Public_Reproducibility_Package_V01/npjcm-free-energy-surrogate_Re3/Python_Codes/table/snapshots_split/Al_700K_snap00054.extxyz,Al,700,Al__700,0.0306933355540798,-0.03474961181335614,-0.06544294736743594,0.06544294736743594
/Users/yti0811/Desktop/FE_data/npj_CM01/NPJ_CM_Fig_Python/Public_Reproducibility_Package_V01/npjcm-free-energy-surrogate_Re3/Python_Codes/table/snapshots_split/Al_700K_snap00055.extxyz,Al,700,Al__700,0.0310928457418059,-0.03822717152990191,-0.0693200172717078,0.0693200172717078
/Users/yti0811/Desktop/FE_data/npj_CM01/NPJ_CM_Fig_Python/Public_Reproducibility_Package_V01/npjcm-free-energy-surrogate_Re3/Python_Codes/table/snapshots_split/Al_700K_snap00056.extxyz,Al,700,Al__700,0.0307707185044699,-0.03771047989794127,-0.06848119840241117,0.06848119840241117
/Users/yti0811/Desktop/FE_data/npj_CM01/NPJ_CM_Fig_Python/Public_Reproducibility_Package_V01/npjcm-free-energy-surrogate_Re3/Python_Codes/table/snapshots_split/Al_700K_snap00057.extxyz,Al,700,Al__700,0.031200341425173,-0.036251848780386946,-0.06745219020555995,0.06745219020555995
/Users/yti0811/Desktop/FE_data/npj_CM01/NPJ_CM_Fig_Python/Public_Reproducibility_Package_V01/npjcm-free-energy-surrogate_Re3/Python_Codes/table/snapshots_split/Al_700K_snap00058.extxyz,Al,700,Al__700,0.030860841113727,-0.03742710499222775,-0.06828794610595475,0.06828794610595475
/Users/yti0811/Desktop/FE_data/npj_CM01/NPJ_CM_Fig_Python/Public_Reproducibility_Package_V01/npjcm-free-energy-surrogate_Re3/Python_Codes/table/snapshots_split/Al_700K_snap00059.extxyz,Al,700,Al__700,0.0306595586162322,-0.03973146469781244,-0.07039102331404465,0.07039102331404465
/Users/yti0811/Desktop/FE_data/npj_CM01/NPJ_CM_Fig_Python/Public_Reproducibility_Package_V01/npjcm-free-energy-surrogate_Re3/Python_Codes/table/snapshots_split/Al_700K_snap00060.extxyz,Al,700,Al__700,0.0315357247988846,-0.037446799437703966,-0.06898252423658857,0.06898252423658857
/Users/yti0811/Desktop/FE_data/npj_CM01/NPJ_CM_Fig_Python/Public_Reproducibility_Package_V01/npjcm-free-energy-surrogate_Re3/Python_Codes/table/snapshots_split/Al_700K_snap00061.extxyz,Al,700,Al__700,0.0312827956744266,-0.03878239249612926,-0.07006518817055586,0.07006518817055586
/Users/yti0811/Desktop/FE_data/npj_CM01/NPJ_CM_Fig_Python/Public_Reproducibility_Package_V01/npjcm-free-energy-surrogate_Re3/Python_Codes/table/snapshots_split/Al_700K_snap00062.extxyz,Al,700,Al__700,0.0300510122278513,-0.03844282529637182,-0.06849383752422313,0.06849383752422313
/Users/yti0811/Desktop/FE_data/npj_CM01/NPJ_CM_Fig_Python/Public_Reproducibility_Package_V01/npjcm-free-energy-surrogate_Re3/Python_Codes/table/snapshots_split/Al_700K_snap00063.extxyz,Al,700,Al__700,0.0310489082929262,-0.03966157400438579,-0.07071048229731199,0.07071048229731199
/Users/yti0811/Desktop/FE_data/npj_CM01/NPJ_CM_Fig_Python/Public_Reproducibility_Package_V01/npjcm-free-energy-surrogate_Re3/Python_Codes/table/snapshots_split/Al_700K_snap00064.extxyz,Al,700,Al__700,0.0309221651430634,-0.03808493433892538,-0.06900709948198878,0.06900709948198878
/Users/yti0811/Desktop/FE_data/npj_CM01/NPJ_CM_Fig_Python/Public_Reproducibility_Package_V01/npjcm-free-energy-surrogate_Re3/Python_Codes/table/snapshots_split/Al_700K_snap00065.extxyz,Al,700,Al__700,0.0305816656375007,-0.037773818815342544,-0.06835548445284324,0.06835548445284324
/Users/yti0811/Desktop/FE_data/npj_CM01/NPJ_CM_Fig_Python/Public_Reproducibility_Package_V01/npjcm-free-energy-surrogate_Re3/Python_Codes/table/snapshots_split/Al_700K_snap00066.extxyz,Al,700,Al__700,0.0309237410542769,-0.03747527502419174,-0.06839901607846864,0.06839901607846864
/Users/yti0811/Desktop/FE_data/npj_CM01/NPJ_CM_Fig_Python/Public_Reproducibility_Package_V01/npjcm-free-energy-surrogate_Re3/Python_Codes/table/snapshots_split/Al_700K_snap00067.extxyz,Al,700,Al__700,0.0303067673566429,-0.03891611515247023,-0.06922288250911313,0.06922288250911313
/Users/yti0811/Desktop/FE_data/npj_CM01/NPJ_CM_Fig_Python/Public_Reproducibility_Package_V01/npjcm-free-energy-surrogate_Re3/Python_Codes/table/snapshots_split/Al_700K_snap00068.extxyz,Al,700,Al__700,0.030879173460926,-0.03707121601039223,-0.06795038947131823,0.06795038947131823
/Users/yti0811/Desktop/FE_data/npj_CM01/NPJ_CM_Fig_Python/Public_Reproducibility_Package_V01/npjcm-free-energy-surrogate_Re3/Python_Codes/table/snapshots_split/Al_700K_snap00069.extxyz,Al,700,Al__700,0.0309744421478658,-0.03566242366363565,-0.06663686581150145,0.06663686581150145
/Users/yti0811/Desktop/FE_data/npj_CM01/NPJ_CM_Fig_Python/Public_Reproducibility_Package_V01/npjcm-free-energy-surrogate_Re3/Python_Codes/table/snapshots_split/Al_700K_snap00070.extxyz,Al,700,Al__700,0.030943296422701,-0.03713266498222604,-0.06807596140492704,0.06807596140492704
/Users/yti0811/Desktop/FE_data/npj_CM01/NPJ_CM_Fig_Python/Public_Reproducibility_Package_V01/npjcm-free-energy-surrogate_Re3/Python_Codes/table/snapshots_split/Al_700K_snap00071.extxyz,Al,700,Al__700,0.0310864942813105,-0.035024629487505406,-0.06611112376881591,0.06611112376881591
/Users/yti0811/Desktop/FE_data/npj_CM01/NPJ_CM_Fig_Python/Public_Reproducibility_Package_V01/npjcm-free-energy-surrogate_Re3/Python_Codes/table/snapshots_split/Al_700K_snap00072.extxyz,Al,700,Al__700,0.0303779211303448,-0.03659728103386561,-0.0669752021642104,0.0669752021642104
/Users/yti0811/Desktop/FE_data/npj_CM01/NPJ_CM_Fig_Python/Public_Reproducibility_Package_V01/npjcm-free-energy-surrogate_Re3/Python_Codes/table/snapshots_split/Al_700K_snap00073.extxyz,Al,700,Al__700,0.0307551226460488,-0.03575608774178705,-0.06651121038783585,0.06651121038783585
/Users/yti0811/Desktop/FE_data/npj_CM01/NPJ_CM_Fig_Python/Public_Reproducibility_Package_V01/npjcm-free-energy-surrogate_Re3/Python_Codes/table/snapshots_split/Al_700K_snap00074.extxyz,Al,700,Al__700,0.0312229256604455,-0.03825011544845797,-0.06947304110890347,0.06947304110890347
/Users/yti0811/Desktop/FE_data/npj_CM01/NPJ_CM_Fig_Python/Public_Reproducibility_Package_V01/npjcm-free-energy-surrogate_Re3/Python_Codes/table/snapshots_split/Al_700K_snap00075.extxyz,Al,700,Al__700,0.0310551967831135,-0.03842037583823726,-0.06947557262135076,0.06947557262135076
/Users/yti0811/Desktop/FE_data/npj_CM01/NPJ_CM_Fig_Python/Public_Reproducibility_Package_V01/npjcm-free-energy-surrogate_Re3/Python_Codes/table/snapshots_split/Al_700K_snap00076.extxyz,Al,700,Al__700,0.0310133841387168,-0.03637354770151816,-0.06738693184023496,0.06738693184023496
/Users/yti0811/Desktop/FE_data/npj_CM01/NPJ_CM_Fig_Python/Public_Reproducibility_Package_V01/npjcm-free-energy-surrogate_Re3/Python_Codes/table/snapshots_split/Al_700K_snap00077.extxyz,Al,700,Al__700,0.0306611371702073,-0.0379520899736259,-0.0686132271438332,0.0686132271438332
/Users/yti0811/Desktop/FE_data/npj_CM01/NPJ_CM_Fig_Python/Public_Reproducibility_Package_V01/npjcm-free-energy-surrogate_Re3/Python_Codes/table/snapshots_split/Al_700K_snap00078.extxyz,Al,700,Al__700,0.0308731197477708,-0.03857106429667941,-0.06944418404445021,0.06944418404445021
/Users/yti0811/Desktop/FE_data/npj_CM01/NPJ_CM_Fig_Python/Public_Reproducibility_Package_V01/npjcm-free-energy-surrogate_Re3/Python_Codes/table/snapshots_split/Al_700K_snap00079.extxyz,Al,700,Al__700,0.030482901613443,-0.037005704748760804,-0.0674886063622038,0.0674886063622038
/Users/yti0811/Desktop/FE_data/npj_CM01/NPJ_CM_Fig_Python/Public_Reproducibility_Package_V01/npjcm-free-energy-surrogate_Re3/Python_Codes/table/snapshots_split/Al_700K_snap00080.extxyz,Al,700,Al__700,0.0309063219228667,-0.03653175677248023,-0.06743807869534693,0.06743807869534693
/Users/yti0811/Desktop/FE_data/npj_CM01/NPJ_CM_Fig_Python/Public_Reproducibility_Package_V01/npjcm-free-energy-surrogate_Re3/Python_Codes/table/snapshots_split/Al_700K_snap00081.extxyz,Al,700,Al__700,0.0306082900659151,-0.03861519508972539,-0.06922348515564049,0.06922348515564049
/Users/yti0811/Desktop/FE_data/npj_CM01/NPJ_CM_Fig_Python/Public_Reproducibility_Package_V01/npjcm-free-energy-surrogate_Re3/Python_Codes/table/snapshots_split/Al_700K_snap00082.extxyz,Al,700,Al__700,0.0307690086445154,-0.03818130896026641,-0.06895031760478182,0.06895031760478182
/Users/yti0811/Desktop/FE_data/npj_CM01/NPJ_CM_Fig_Python/Public_Reproducibility_Package_V01/npjcm-free-energy-surrogate_Re3/Python_Codes/table/snapshots_split/Al_700K_snap00083.extxyz,Al,700,Al__700,0.0309085164046133,-0.03727483393340997,-0.06818335033802327,0.06818335033802327
/Users/yti0811/Desktop/FE_data/npj_CM01/NPJ_CM_Fig_Python/Public_Reproducibility_Package_V01/npjcm-free-energy-surrogate_Re3/Python_Codes/table/snapshots_split/Al_700K_snap00084.extxyz,Al,700,Al__700,0.0303713730280631,-0.03782469584443122,-0.06819606887249433,0.06819606887249433
/Users/yti0811/Desktop/FE_data/npj_CM01/NPJ_CM_Fig_Python/Public_Reproducibility_Package_V01/npjcm-free-energy-surrogate_Re3/Python_Codes/table/snapshots_split/Al_700K_snap00085.extxyz,Al,700,Al__700,0.031286278655667,-0.03756232261359826,-0.06884860126926526,0.06884860126926526
/Users/yti0811/Desktop/FE_data/npj_CM01/NPJ_CM_Fig_Python/Public_Reproducibility_Package_V01/npjcm-free-energy-surrogate_Re3/Python_Codes/table/snapshots_split/Al_700K_snap00086.extxyz,Al,700,Al__700,0.0306281496778998,-0.03926674145261723,-0.06989489113051703,0.06989489113051703
/Users/yti0811/Desktop/FE_data/npj_CM01/NPJ_CM_Fig_Python/Public_Reproducibility_Package_V01/npjcm-free-energy-surrogate_Re3/Python_Codes/table/snapshots_split/Al_700K_snap00087.extxyz,Al,700,Al__700,0.030963949043356,-0.03822780340688308,-0.06919175245023908,0.06919175245023908
/Users/yti0811/Desktop/FE_data/npj_CM01/NPJ_CM_Fig_Python/Public_Reproducibility_Package_V01/npjcm-free-energy-surrogate_Re3/Python_Codes/table/snapshots_split/Al_700K_snap00088.extxyz,Al,700,Al__700,0.0310131625720278,-0.036233165117600684,-0.06724632768962849,0.06724632768962849
/Users/yti0811/Desktop/FE_data/npj_CM01/NPJ_CM_Fig_Python/Public_Reproducibility_Package_V01/npjcm-free-energy-surrogate_Re3/Python_Codes/table/snapshots_split/Al_700K_snap00089.extxyz,Al,700,Al__700,0.0302447146849188,-0.03647009758447235,-0.06671481226939116,0.06671481226939116
/Users/yti0811/Desktop/FE_data/npj_CM01/NPJ_CM_Fig_Python/Public_Reproducibility_Package_V01/npjcm-free-energy-surrogate_Re3/Python_Codes/table/snapshots_split/Al_700K_snap00090.extxyz,Al,700,Al__700,0.0310375075701026,-0.03781659369405064,-0.06885410126415324,0.06885410126415324
/Users/yti0811/Desktop/FE_data/npj_CM01/NPJ_CM_Fig_Python/Public_Reproducibility_Package_V01/npjcm-free-energy-surrogate_Re3/Python_Codes/table/snapshots_split/Al_700K_snap00091.extxyz,Al,700,Al__700,0.030672171762509,-0.03731558272376182,-0.06798775448627081,0.06798775448627081
/Users/yti0811/Desktop/FE_data/npj_CM01/NPJ_CM_Fig_Python/Public_Reproducibility_Package_V01/npjcm-free-energy-surrogate_Re3/Python_Codes/table/snapshots_split/Al_700K_snap00092.extxyz,Al,700,Al__700,0.0305567388831738,-0.037390695853341586,-0.06794743473651539,0.06794743473651539
/Users/yti0811/Desktop/FE_data/npj_CM01/NPJ_CM_Fig_Python/Public_Reproducibility_Package_V01/npjcm-free-energy-surrogate_Re3/Python_Codes/table/snapshots_split/Al_700K_snap00093.extxyz,Al,700,Al__700,0.0309954353967943,-0.03908987737438762,-0.07008531277118192,0.07008531277118192
/Users/yti0811/Desktop/FE_data/npj_CM01/NPJ_CM_Fig_Python/Public_Reproducibility_Package_V01/npjcm-free-energy-surrogate_Re3/Python_Codes/table/snapshots_split/Al_700K_snap00094.extxyz,Al,700,Al__700,0.031157987546046,-0.03659121351386235,-0.06774920105990835,0.06774920105990835
/Users/yti0811/Desktop/FE_data/npj_CM01/NPJ_CM_Fig_Python/Public_Reproducibility_Package_V01/npjcm-free-energy-surrogate_Re3/Python_Codes/table/snapshots_split/Al_700K_snap00095.extxyz,Al,700,Al__700,0.0313209462807736,-0.03780192687619904,-0.06912287315697264,0.06912287315697264
/Users/yti0811/Desktop/FE_data/npj_CM01/NPJ_CM_Fig_Python/Public_Reproducibility_Package_V01/npjcm-free-energy-surrogate_Re3/Python_Codes/table/snapshots_split/Al_700K_snap00096.extxyz,Al,700,Al__700,0.0309289263362829,-0.037456462325694176,-0.06838538866197708,0.06838538866197708
/Users/yti0811/Desktop/FE_data/npj_CM01/NPJ_CM_Fig_Python/Public_Reproducibility_Package_V01/npjcm-free-energy-surrogate_Re3/Python_Codes/table/snapshots_split/Al_700K_snap00097.extxyz,Al,700,Al__700,0.0308944730642778,-0.035210965776152896,-0.0661054388404307,0.0661054388404307
/Users/yti0811/Desktop/FE_data/npj_CM01/NPJ_CM_Fig_Python/Public_Reproducibility_Package_V01/npjcm-free-energy-surrogate_Re3/Python_Codes/table/snapshots_split/Al_700K_snap00098.extxyz,Al,700,Al__700,0.0316958093220443,-0.03679598830115087,-0.06849179762319517,0.06849179762319517
/Users/yti0811/Desktop/FE_data/npj_CM01/NPJ_CM_Fig_Python/Public_Reproducibility_Package_V01/npjcm-free-energy-surrogate_Re3/Python_Codes/table/snapshots_split/Al_700K_snap00099.extxyz,Al,700,Al__700,0.0307912176426036,-0.038420946428859015,-0.06921216407146262,0.06921216407146262
