snapshot_path,system,temperature,group,target,prediction,error,abs_error
/Users/yti0811/Desktop/FE_data/npj_CM01/NPJ_CM_Fig_Python/Public_Reproducibility_Package_V01/npjcm-free-energy-surrogate_Re3/Python_Codes/table/snapshots_split/Al_300K_snap00000.extxyz,Al,300,Al__300,-9.384418843073784e-05,6.799567168057611e-05,0.00016183986011131395,0.00016183986011131395
/Users/yti0811/Desktop/FE_data/npj_CM01/NPJ_CM_Fig_Python/Public_Reproducibility_Package_V01/npjcm-free-energy-surrogate_Re3/Python_Codes/table/snapshots_split/Al_300K_snap00001.extxyz,Al,300,Al__300,-0.0001438238286011,-1.7160612163286904e-05,0.0001266632164378131,0.0001266632164378131
/Users/yti0811/Desktop/FE_data/npj_CM01/NPJ_CM_Fig_Python/Public_Reproducibility_Package_V01/npjcm-free-energy-surrogate_Re3/Python_Codes/table/snapshots_split/Al_300K_snap00002.extxyz,Al,300,Al__300,-3.9668031770369606e-05,-0.000934256817191916,-0.0008945887854215464,0.0008945887854215464
/Users/yti0811/Desktop/FE_data/npj_CM01/NPJ_CM_Fig_Python/Public_Reproducibility_Package_V01/npjcm-free-energy-surrogate_Re3/Python_Codes/table/snapshots_split/Al_300K_snap00003.extxyz,Al,300,Al__300,6.398399211492266e-05,0.0009332228790029361,0.0008692388868880135,0.0008692388868880135
/Users/yti0811/Desktop/FE_data/npj_CM01/NPJ_CM_Fig_Python/Public_Reproducibility_Package_V01/npjcm-free-energy-surrogate_Re3/Python_Codes/table/snapshots_split/Al_300K_snap00004.extxyz,Al,300,Al__300,-0.0001068266266538,0.0003487676280989392,0.0004555942547527392,0.0004555942547527392
/Users/yti0811/Desktop/FE_data/npj_CM01/NPJ_CM_Fig_Python/Public_Reproducibility_Package_V01/npjcm-free-energy-surrogate_Re3/Python_Codes/table/snapshots_split/Al_300K_snap00005.extxyz,Al,300,Al__300,5.1853032894220706e-05,-5.379753444005022e-05,-0.00010565056733427092,0.00010565056733427092
/Users/yti0811/Desktop/FE_data/npj_CM01/NPJ_CM_Fig_Python/Public_Reproducibility_Package_V01/npjcm-free-energy-surrogate_Re3/Python_Codes/table/snapshots_split/Al_300K_snap00006.extxyz,Al,300,Al__300,-0.0001697802890017,0.0006269227963485732,0.0007967030853502731,0.0007967030853502731
/Users/yti0811/Desktop/FE_data/npj_CM01/NPJ_CM_Fig_Python/Public_Reproducibility_Package_V01/npjcm-free-energy-surrogate_Re3/Python_Codes/table/snapshots_split/Al_300K_snap00007.extxyz,Al,300,Al__300,-8.958226944589977e-05,-0.0003813877141610361,-0.0002918054447151363,0.0002918054447151363
/Users/yti0811/Desktop/FE_data/npj_CM01/NPJ_CM_Fig_Python/Public_Reproducibility_Package_V01/npjcm-free-energy-surrogate_Re3/Python_Codes/table/snapshots_split/Al_300K_snap00008.extxyz,Al,300,Al__300,0.0001975695466534,-0.00037297720167075646,-0.0005705467483241564,0.0005705467483241564
/Users/yti0811/Desktop/FE_data/npj_CM01/NPJ_CM_Fig_Python/Public_Reproducibility_Package_V01/npjcm-free-energy-surrogate_Re3/Python_Codes/table/snapshots_split/Al_300K_snap00009.extxyz,Al,300,Al__300,-3.432760323763996e-05,0.0007246520661625146,0.0007589796694001546,0.0007589796694001546
/Users/yti0811/Desktop/FE_data/npj_CM01/NPJ_CM_Fig_Python/Public_Reproducibility_Package_V01/npjcm-free-energy-surrogate_Re3/Python_Codes/table/snapshots_split/Al_300K_snap00010.extxyz,Al,300,Al__300,-3.554763878045487e-05,-6.733492523492175e-06,2.8814146256962696e-05,2.8814146256962696e-05
/Users/yti0811/Desktop/FE_data/npj_CM01/NPJ_CM_Fig_Python/Public_Reproducibility_Package_V01/npjcm-free-energy-surrogate_Re3/Python_Codes/table/snapshots_split/Al_300K_snap00011.extxyz,Al,300,Al__300,0.0001208333651662,0.0005913823548297793,0.00047054898966357927,0.00047054898966357927
/Users/yti0811/Desktop/FE_data/npj_CM01/NPJ_CM_Fig_Python/Public_Reproducibility_Package_V01/npjcm-free-energy-surrogate_Re3/Python_Codes/table/snapshots_split/Al_300K_snap00012.extxyz,Al,300,Al__300,-1.7392533259287817e-05,-0.00015667900562832355,-0.00013928647236903573,0.00013928647236903573
/Users/yti0811/Desktop/FE_data/npj_CM01/NPJ_CM_Fig_Python/Public_Reproducibility_Package_V01/npjcm-free-energy-surrogate_Re3/Python_Codes/table/snapshots_split/Al_300K_snap00013.extxyz,Al,300,Al__300,-5.057507104257065e-05,0.0004447654246578535,0.0004953404957004241,0.0004953404957004241
/Users/yti0811/Desktop/FE_data/npj_CM01/NPJ_CM_Fig_Python/Public_Reproducibility_Package_V01/npjcm-free-energy-surrogate_Re3/Python_Codes/table/snapshots_split/Al_300K_snap00014.extxyz,Al,300,Al__300,-4.577285417485423e-05,-4.122543602120274e-06,4.1650310572733956e-05,4.1650310572733956e-05
/Users/yti0811/Desktop/FE_data/npj_CM01/NPJ_CM_Fig_Python/Public_Reproducibility_Package_V01/npjcm-free-energy-surrogate_Re3/Python_Codes/table/snapshots_split/Al_300K_snap00015.extxyz,Al,300,Al__300,-0.0002440167447177,0.0006590425885928907,0.0009030593333105906,0.0009030593333105906
/Users/yti0811/Desktop/FE_data/npj_CM01/NPJ_CM_Fig_Python/Public_Reproducibility_Package_V01/npjcm-free-energy-surrogate_Re3/Python_Codes/table/snapshots_split/Al_300K_snap00016.extxyz,Al,300,Al__300,-0.0001362588360989,0.0002832247401153072,0.0004194835762142072,0.0004194835762142072
/Users/yti0811/Desktop/FE_data/npj_CM01/NPJ_CM_Fig_Python/Public_Reproducibility_Package_V01/npjcm-free-energy-surrogate_Re3/Python_Codes/table/snapshots_split/Al_300K_snap00017.extxyz,Al,300,Al__300,7.447601885966477e-06,0.0010265906611241344,0.0010191430592381679,0.0010191430592381679
/Users/yti0811/Desktop/FE_data/npj_CM01/NPJ_CM_Fig_Python/Public_Reproducibility_Package_V01/npjcm-free-energy-surrogate_Re3/Python_Codes/table/snapshots_split/Al_300K_snap00018.extxyz,Al,300,Al__300,9.095513180450146e-05,0.0005064962080090989,0.0004155410762045975,0.0004155410762045975
/Users/yti0811/Desktop/FE_data/npj_CM01/NPJ_CM_Fig_Python/Public_Reproducibility_Package_V01/npjcm-free-energy-surrogate_Re3/Python_Codes/table/snapshots_split/Al_300K_snap00019.extxyz,Al,300,Al__300,-2.3082958464550345e-05,-0.0006019108477565457,-0.0005788278892919954,0.0005788278892919954
/Users/yti0811/Desktop/FE_data/npj_CM01/NPJ_CM_Fig_Python/Public_Reproducibility_Package_V01/npjcm-free-energy-surrogate_Re3/Python_Codes/table/snapshots_split/Al_300K_snap00020.extxyz,Al,300,Al__300,5.585336907119985e-05,0.0007210785228671626,0.0006652251537959628,0.0006652251537959628
/Users/yti0811/Desktop/FE_data/npj_CM01/NPJ_CM_Fig_Python/Public_Reproducibility_Package_V01/npjcm-free-energy-surrogate_Re3/Python_Codes/table/snapshots_split/Al_300K_snap00021.extxyz,Al,300,Al__300,-4.373338851716593e-05,-0.0006158692389239537,-0.0005721358504067877,0.0005721358504067877
/Users/yti0811/Desktop/FE_data/npj_CM01/NPJ_CM_Fig_Python/Public_Reproducibility_Package_V01/npjcm-free-energy-surrogate_Re3/Python_Codes/table/snapshots_split/Al_300K_snap00022.extxyz,Al,300,Al__300,8.542791093020146e-05,-0.00011699671485488616,-0.00020242462578508763,0.00020242462578508763
/Users/yti0811/Desktop/FE_data/npj_CM01/NPJ_CM_Fig_Python/Public_Reproducibility_Package_V01/npjcm-free-energy-surrogate_Re3/Python_Codes/table/snapshots_split/Al_300K_snap00023.extxyz,Al,300,Al__300,-0.0001255180052155,-7.915761913128007e-05,4.6360386084219916e-05,4.6360386084219916e-05
/Users/yti0811/Desktop/FE_data/npj_CM01/NPJ_CM_Fig_Python/Public_Reproducibility_Package_V01/npjcm-free-energy-surrogate_Re3/Python_Codes/table/snapshots_split/Al_300K_snap00024.extxyz,Al,300,Al__300,-6.38707300816445e-06,-0.00018839022122850983,-0.00018200314822034537,0.00018200314822034537
/Users/yti0811/Desktop/FE_data/npj_CM01/NPJ_CM_Fig_Python/Public_Reproducibility_Package_V01/npjcm-free-energy-surrogate_Re3/Python_Codes/table/snapshots_split/Al_300K_snap00025.extxyz,Al,300,Al__300,6.058691620945395e-06,0.000763185050605746,0.0007571263589848007,0.0007571263589848007
/Users/yti0811/Desktop/FE_data/npj_CM01/NPJ_CM_Fig_Python/Public_Reproducibility_Package_V01/npjcm-free-energy-surrogate_Re3/Python_Codes/table/snapshots_split/Al_300K_snap00026.extxyz,Al,300,Al__300,3.787198087233766e-05,-0.0010345905808221234,-0.001072462561694461,0.001072462561694461
/Users/yti0811/Desktop/FE_data/npj_CM01/NPJ_CM_Fig_Python/Public_Reproducibility_Package_V01/npjcm-free-energy-surrogate_Re3/Python_Codes/table/snapshots_split/Al_300K_snap00027.extxyz,Al,300,Al__300,5.573822791725523e-05,-6.383775569096069e-05,-0.00011957598360821592,0.00011957598360821592
/Users/yti0811/Desktop/FE_data/npj_CM01/NPJ_CM_Fig_Python/Public_Reproducibility_Package_V01/npjcm-free-energy-surrogate_Re3/Python_Codes/table/snapshots_split/Al_300K_snap00028.extxyz,Al,300,Al__300,-8.565110195659103e-06,-0.0005169814836410383,-0.0005084163734453791,0.0005084163734453791
/Users/yti0811/Desktop/FE_data/npj_CM01/NPJ_CM_Fig_Python/Public_Reproducibility_Package_V01/npjcm-free-energy-surrogate_Re3/Python_Codes/table/snapshots_split/Al_300K_snap00029.extxyz,Al,300,Al__300,-0.0001748592456019,0.0003744411169398997,0.0005493003625417997,0.0005493003625417997
/Users/yti0811/Desktop/FE_data/npj_CM01/NPJ_CM_Fig_Python/Public_Reproducibility_Package_V01/npjcm-free-energy-surrogate_Re3/Python_Codes/table/snapshots_split/Al_300K_snap00030.extxyz,Al,300,Al__300,-7.93515511880022e-05,0.0009773496297768313,0.0010567011809648336,0.0010567011809648336
/Users/yti0811/Desktop/FE_data/npj_CM01/NPJ_CM_Fig_Python/Public_Reproducibility_Package_V01/npjcm-free-energy-surrogate_Re3/Python_Codes/table/snapshots_split/Al_300K_snap00031.extxyz,Al,300,Al__300,0.0001617169447626,0.00032967088217036064,0.00016795393740776064,0.00016795393740776064
/Users/yti0811/Desktop/FE_data/npj_CM01/NPJ_CM_Fig_Python/Public_Reproducibility_Package_V01/npjcm-free-energy-surrogate_Re3/Python_Codes/table/snapshots_split/Al_300K_snap00032.extxyz,Al,300,Al__300,-1.496750818120897e-05,-0.000722224527020974,-0.000707257018839765,0.000707257018839765
/Users/yti0811/Desktop/FE_data/npj_CM01/NPJ_CM_Fig_Python/Public_Reproducibility_Package_V01/npjcm-free-energy-surrogate_Re3/Python_Codes/table/snapshots_split/Al_300K_snap00033.extxyz,Al,300,Al__300,-0.0002796196027736,-0.0009028996451563684,-0.0006232800423827684,0.0006232800423827684
/Users/yti0811/Desktop/FE_data/npj_CM01/NPJ_CM_Fig_Python/Public_Reproducibility_Package_V01/npjcm-free-energy-surrogate_Re3/Python_Codes/table/snapshots_split/Al_300K_snap00034.extxyz,Al,300,Al__300,2.857016326728133e-05,-0.0003978258352730874,-0.0004263959985403687,0.0004263959985403687
/Users/yti0811/Desktop/FE_data/npj_CM01/NPJ_CM_Fig_Python/Public_Reproducibility_Package_V01/npjcm-free-energy-surrogate_Re3/Python_Codes/table/snapshots_split/Al_300K_snap00035.extxyz,Al,300,Al__300,-0.0001859261856804,0.00019751763105936893,0.00038344381673976894,0.00038344381673976894
/Users/yti0811/Desktop/FE_data/npj_CM01/NPJ_CM_Fig_Python/Public_Reproducibility_Package_V01/npjcm-free-energy-surrogate_Re3/Python_Codes/table/snapshots_split/Al_300K_snap00036.extxyz,Al,300,Al__300,-0.0001293033461194,0.0002915596735071243,0.0004208630196265243,0.0004208630196265243
/Users/yti0811/Desktop/FE_data/npj_CM01/NPJ_CM_Fig_Python/Public_Reproducibility_Package_V01/npjcm-free-energy-surrogate_Re3/Python_Codes/table/snapshots_split/Al_300K_snap00037.extxyz,Al,300,Al__300,8.269051457660146e-05,0.0005057684618112333,0.0004230779472346319,0.0004230779472346319
/Users/yti0811/Desktop/FE_data/npj_CM01/NPJ_CM_Fig_Python/Public_Reproducibility_Package_V01/npjcm-free-energy-surrogate_Re3/Python_Codes/table/snapshots_split/Al_300K_snap00038.extxyz,Al,300,Al__300,0.000196312522419,0.0007795706576992179,0.0005832581352802179,0.0005832581352802179
/Users/yti0811/Desktop/FE_data/npj_CM01/NPJ_CM_Fig_Python/Public_Reproducibility_Package_V01/npjcm-free-energy-surrogate_Re3/Python_Codes/table/snapshots_split/Al_300K_snap00039.extxyz,Al,300,Al__300,-0.0002154514610535,0.0004565246593081817,0.0006719761203616817,0.0006719761203616817
/Users/yti0811/Desktop/FE_data/npj_CM01/NPJ_CM_Fig_Python/Public_Reproducibility_Package_V01/npjcm-free-energy-surrogate_Re3/Python_Codes/table/snapshots_split/Al_300K_snap00040.extxyz,Al,300,Al__300,0.0002081594770407,0.00046508629713031766,0.0002569268200896177,0.0002569268200896177
/Users/yti0811/Desktop/FE_data/npj_CM01/NPJ_CM_Fig_Python/Public_Reproducibility_Package_V01/npjcm-free-energy-surrogate_Re3/Python_Codes/table/snapshots_split/Al_300K_snap00041.extxyz,Al,300,Al__300,6.536437788327963e-05,0.00021260856891538185,0.00014724419103210223,0.00014724419103210223
/Users/yti0811/Desktop/FE_data/npj_CM01/NPJ_CM_Fig_Python/Public_Reproducibility_Package_V01/npjcm-free-energy-surrogate_Re3/Python_Codes/table/snapshots_split/Al_300K_snap00042.extxyz,Al,300,Al__300,0.0001826582927534,-8.177975977899157e-06,-0.00019083626873129918,0.00019083626873129918
/Users/yti0811/Desktop/FE_data/npj_CM01/NPJ_CM_Fig_Python/Public_Reproducibility_Package_V01/npjcm-free-energy-surrogate_Re3/Python_Codes/table/snapshots_split/Al_300K_snap00043.extxyz,Al,300,Al__300,0.0002133257651647,0.00040494313342051916,0.00019161736825581917,0.00019161736825581917
/Users/yti0811/Desktop/FE_data/npj_CM01/NPJ_CM_Fig_Python/Public_Reproducibility_Package_V01/npjcm-free-energy-surrogate_Re3/Python_Codes/table/snapshots_split/Al_300K_snap00044.extxyz,Al,300,Al__300,-0.0001833225227401,-0.0005284240172151926,-0.0003451014944750926,0.0003451014944750926
/Users/yti0811/Desktop/FE_data/npj_CM01/NPJ_CM_Fig_Python/Public_Reproducibility_Package_V01/npjcm-free-energy-surrogate_Re3/Python_Codes/table/snapshots_split/Al_300K_snap00045.extxyz,Al,300,Al__300,6.722888525222236e-05,-0.000669533329673594,-0.0007367622149258164,0.0007367622149258164
/Users/yti0811/Desktop/FE_data/npj_CM01/NPJ_CM_Fig_Python/Public_Reproducibility_Package_V01/npjcm-free-energy-surrogate_Re3/Python_Codes/table/snapshots_split/Al_300K_snap00046.extxyz,Al,300,Al__300,-3.5279948728108036e-05,2.754825047803239e-05,6.282819920614042e-05,6.282819920614042e-05
/Users/yti0811/Desktop/FE_data/npj_CM01/NPJ_CM_Fig_Python/Public_Reproducibility_Package_V01/npjcm-free-energy-surrogate_Re3/Python_Codes/table/snapshots_split/Al_300K_snap00047.extxyz,Al,300,Al__300,0.0001107340045099,-0.0013383382508639432,-0.0014490722553738432,0.0014490722553738432
/Users/yti0811/Desktop/FE_data/npj_CM01/NPJ_CM_Fig_Python/Public_Reproducibility_Package_V01/npjcm-free-energy-surrogate_Re3/Python_Codes/table/snapshots_split/Al_300K_snap00048.extxyz,Al,300,Al__300,-0.0001466809627464,0.0005458838817904194,0.0006925648445368194,0.0006925648445368194
/Users/yti0811/Desktop/FE_data/npj_CM01/NPJ_CM_Fig_Python/Public_Reproducibility_Package_V01/npjcm-free-energy-surrogate_Re3/Python_Codes/table/snapshots_split/Al_300K_snap00049.extxyz,Al,300,Al__300,0.0001231596770266,-8.446882052104989e-05,-0.0002076284975476499,0.0002076284975476499
/Users/yti0811/Desktop/FE_data/npj_CM01/NPJ_CM_Fig_Python/Public_Reproducibility_Package_V01/npjcm-free-energy-surrogate_Re3/Python_Codes/table/snapshots_split/Al_300K_snap00050.extxyz,Al,300,Al__300,-0.0001718281790699,0.0003138605800364883,0.0004856887591063883,0.0004856887591063883
/Users/yti0811/Desktop/FE_data/npj_CM01/NPJ_CM_Fig_Python/Public_Reproducibility_Package_V01/npjcm-free-energy-surrogate_Re3/Python_Codes/table/snapshots_split/Al_300K_snap00051.extxyz,Al,300,Al__300,7.120156393468466e-05,0.0007549505552717487,0.0006837489913370641,0.0006837489913370641
/Users/yti0811/Desktop/FE_data/npj_CM01/NPJ_CM_Fig_Python/Public_Reproducibility_Package_V01/npjcm-free-energy-surrogate_Re3/Python_Codes/table/snapshots_split/Al_300K_snap00052.extxyz,Al,300,Al__300,-5.473876245955135e-05,-8.050595126299711e-05,-2.5767188803445763e-05,2.5767188803445763e-05
/Users/yti0811/Desktop/FE_data/npj_CM01/NPJ_CM_Fig_Python/Public_Reproducibility_Package_V01/npjcm-free-energy-surrogate_Re3/Python_Codes/table/snapshots_split/Al_300K_snap00053.extxyz,Al,300,Al__300,-2.8543587558784183e-05,0.0007055568008296454,0.0007341003883884296,0.0007341003883884296
/Users/yti0811/Desktop/FE_data/npj_CM01/NPJ_CM_Fig_Python/Public_Reproducibility_Package_V01/npjcm-free-energy-surrogate_Re3/Python_Codes/table/snapshots_split/Al_300K_snap00054.extxyz,Al,300,Al__300,-0.0001015405897616,-0.00016532210687216712,-6.378151711056713e-05,6.378151711056713e-05
/Users/yti0811/Desktop/FE_data/npj_CM01/NPJ_CM_Fig_Python/Public_Reproducibility_Package_V01/npjcm-free-energy-surrogate_Re3/Python_Codes/table/snapshots_split/Al_300K_snap00055.extxyz,Al,300,Al__300,4.240904803475108e-05,-0.0007126491676444625,-0.0007550582156792136,0.0007550582156792136
/Users/yti0811/Desktop/FE_data/npj_CM01/NPJ_CM_Fig_Python/Public_Reproducibility_Package_V01/npjcm-free-energy-surrogate_Re3/Python_Codes/table/snapshots_split/Al_300K_snap00056.extxyz,Al,300,Al__300,-2.8963904205160944e-05,0.0011812958867176927,0.0012102597909228537,0.0012102597909228537
/Users/yti0811/Desktop/FE_data/npj_CM01/NPJ_CM_Fig_Python/Public_Reproducibility_Package_V01/npjcm-free-energy-surrogate_Re3/Python_Codes/table/snapshots_split/Al_300K_snap00057.extxyz,Al,300,Al__300,4.506092891630563e-05,-6.120724426009603e-06,-5.1181653342315236e-05,5.1181653342315236e-05
/Users/yti0811/Desktop/FE_data/npj_CM01/NPJ_CM_Fig_Python/Public_Reproducibility_Package_V01/npjcm-free-energy-surrogate_Re3/Python_Codes/table/snapshots_split/Al_300K_snap00058.extxyz,Al,300,Al__300,-0.0002475370342083,-0.0001402877808106861,0.00010724925339761392,0.00010724925339761392
/Users/yti0811/Desktop/FE_data/npj_CM01/NPJ_CM_Fig_Python/Public_Reproducibility_Package_V01/npjcm-free-energy-surrogate_Re3/Python_Codes/table/snapshots_split/Al_300K_snap00059.extxyz,Al,300,Al__300,0.0001605673408758,0.0009115215597912479,0.0007509542189154479,0.0007509542189154479
/Users/yti0811/Desktop/FE_data/npj_CM01/NPJ_CM_Fig_Python/Public_Reproducibility_Package_V01/npjcm-free-energy-surrogate_Re3/Python_Codes/table/snapshots_split/Al_300K_snap00060.extxyz,Al,300,Al__300,-0.0003427540392515,0.00043315076040106827,0.0007759047996525683,0.0007759047996525683
/Users/yti0811/Desktop/FE_data/npj_CM01/NPJ_CM_Fig_Python/Public_Reproducibility_Package_V01/npjcm-free-energy-surrogate_Re3/Python_Codes/table/snapshots_split/Al_300K_snap00061.extxyz,Al,300,Al__300,-1.1701258317743952e-05,-0.0012001718234323883,-0.0011884705651146444,0.0011884705651146444
/Users/yti0811/Desktop/FE_data/npj_CM01/NPJ_CM_Fig_Python/Public_Reproducibility_Package_V01/npjcm-free-energy-surrogate_Re3/Python_Codes/table/snapshots_split/Al_300K_snap00062.extxyz,Al,300,Al__300,-2.3748401900016163e-05,-0.00012085839430152589,-9.710999240150973e-05,9.710999240150973e-05
/Users/yti0811/Desktop/FE_data/npj_CM01/NPJ_CM_Fig_Python/Public_Reproducibility_Package_V01/npjcm-free-energy-surrogate_Re3/Python_Codes/table/snapshots_split/Al_300K_snap00063.extxyz,Al,300,Al__300,-5.7400624180372074e-05,0.0005167310577817724,0.0005741316819621445,0.0005741316819621445
/Users/yti0811/Desktop/FE_data/npj_CM01/NPJ_CM_Fig_Python/Public_Reproducibility_Package_V01/npjcm-free-energy-surrogate_Re3/Python_Codes/table/snapshots_split/Al_300K_snap00064.extxyz,Al,300,Al__300,-0.0001410025026171,-0.001273848588752661,-0.001132846086135561,0.001132846086135561
/Users/yti0811/Desktop/FE_data/npj_CM01/NPJ_CM_Fig_Python/Public_Reproducibility_Package_V01/npjcm-free-energy-surrogate_Re3/Python_Codes/table/snapshots_split/Al_300K_snap00065.extxyz,Al,300,Al__300,6.497022875793774e-06,-0.00029521761235278444,-0.0003017146352285782,0.0003017146352285782
/Users/yti0811/Desktop/FE_data/npj_CM01/NPJ_CM_Fig_Python/Public_Reproducibility_Package_V01/npjcm-free-energy-surrogate_Re3/Python_Codes/table/snapshots_split/Al_300K_snap00066.extxyz,Al,300,Al__300,3.062433745181058e-05,0.00026098722775323355,0.00023036289030142299,0.00023036289030142299
/Users/yti0811/Desktop/FE_data/npj_CM01/NPJ_CM_Fig_Python/Public_Reproducibility_Package_V01/npjcm-free-energy-surrogate_Re3/Python_Codes/table/snapshots_split/Al_300K_snap00067.extxyz,Al,300,Al__300,-8.25746375351505e-05,-0.00025393616618346403,-0.00017136152864831352,0.00017136152864831352
/Users/yti0811/Desktop/FE_data/npj_CM01/NPJ_CM_Fig_Python/Public_Reproducibility_Package_V01/npjcm-free-energy-surrogate_Re3/Python_Codes/table/snapshots_split/Al_300K_snap00068.extxyz,Al,300,Al__300,-3.12506535745788e-05,0.0003580722970397022,0.00038932295061428103,0.00038932295061428103
/Users/yti0811/Desktop/FE_data/npj_CM01/NPJ_CM_Fig_Python/Public_Reproducibility_Package_V01/npjcm-free-energy-surrogate_Re3/Python_Codes/table/snapshots_split/Al_300K_snap00069.extxyz,Al,300,Al__300,-2.7330297073370773e-05,0.00024257746672767024,0.000269907763801041,0.000269907763801041
/Users/yti0811/Desktop/FE_data/npj_CM01/NPJ_CM_Fig_Python/Public_Reproducibility_Package_V01/npjcm-free-energy-surrogate_Re3/Python_Codes/table/snapshots_split/Al_300K_snap00070.extxyz,Al,300,Al__300,-0.0001321970005941,0.00011517307785003527,0.00024737007844413526,0.00024737007844413526
/Users/yti0811/Desktop/FE_data/npj_CM01/NPJ_CM_Fig_Python/Public_Reproducibility_Package_V01/npjcm-free-energy-surrogate_Re3/Python_Codes/table/snapshots_split/Al_300K_snap00071.extxyz,Al,300,Al__300,0.0001915532219071,-0.0005773330758302888,-0.0007688862977373889,0.0007688862977373889
/Users/yti0811/Desktop/FE_data/npj_CM01/NPJ_CM_Fig_Python/Public_Reproducibility_Package_V01/npjcm-free-energy-surrogate_Re3/Python_Codes/table/snapshots_split/Al_300K_snap00072.extxyz,Al,300,Al__300,-3.709737768033018e-05,-0.00029676524164514616,-0.00025966786396481597,0.00025966786396481597
/Users/yti0811/Desktop/FE_data/npj_CM01/NPJ_CM_Fig_Python/Public_Reproducibility_Package_V01/npjcm-free-energy-surrogate_Re3/Python_Codes/table/snapshots_split/Al_300K_snap00073.extxyz,Al,300,Al__300,-0.0001242306757187,-0.0007525544787281344,-0.0006283238030094344,0.0006283238030094344
/Users/yti0811/Desktop/FE_data/npj_CM01/NPJ_CM_Fig_Python/Public_Reproducibility_Package_V01/npjcm-free-energy-surrogate_Re3/Python_Codes/table/snapshots_split/Al_300K_snap00074.extxyz,Al,300,Al__300,-0.0001633953643558,0.001124798555317669,0.001288193919673469,0.001288193919673469
/Users/yti0811/Desktop/FE_data/npj_CM01/NPJ_CM_Fig_Python/Public_Reproducibility_Package_V01/npjcm-free-energy-surrogate_Re3/Python_Codes/table/snapshots_split/Al_300K_snap00075.extxyz,Al,300,Al__300,9.831100965180148e-05,0.0010066722449874259,0.0009083612353356244,0.0009083612353356244
/Users/yti0811/Desktop/FE_data/npj_CM01/NPJ_CM_Fig_Python/Public_Reproducibility_Package_V01/npjcm-free-energy-surrogate_Re3/Python_Codes/table/snapshots_split/Al_300K_snap00076.extxyz,Al,300,Al__300,-0.0002677422654937,0.00022132102952934974,0.0004890632950230497,0.0004890632950230497
/Users/yti0811/Desktop/FE_data/npj_CM01/NPJ_CM_Fig_Python/Public_Reproducibility_Package_V01/npjcm-free-energy-surrogate_Re3/Python_Codes/table/snapshots_split/Al_300K_snap00077.extxyz,Al,300,Al__300,7.262824815344847e-05,0.0001890093302261236,0.00011638108207267512,0.00011638108207267512
/Users/yti0811/Desktop/FE_data/npj_CM01/NPJ_CM_Fig_Python/Public_Reproducibility_Package_V01/npjcm-free-energy-surrogate_Re3/Python_Codes/table/snapshots_split/Al_300K_snap00078.extxyz,Al,300,Al__300,4.62379583893041e-05,9.293911793698932e-05,4.6701159547685216e-05,4.6701159547685216e-05
/Users/yti0811/Desktop/FE_data/npj_CM01/NPJ_CM_Fig_Python/Public_Reproducibility_Package_V01/npjcm-free-energy-surrogate_Re3/Python_Codes/table/snapshots_split/Al_300K_snap00079.extxyz,Al,300,Al__300,3.617565579904057e-05,-0.00044201330706311826,-0.0004781889628621588,0.0004781889628621588
/Users/yti0811/Desktop/FE_data/npj_CM01/NPJ_CM_Fig_Python/Public_Reproducibility_Package_V01/npjcm-free-energy-surrogate_Re3/Python_Codes/table/snapshots_split/Al_300K_snap00080.extxyz,Al,300,Al__300,8.031671200560146e-05,0.00038525308985872187,0.00030493637785312044,0.00030493637785312044
/Users/yti0811/Desktop/FE_data/npj_CM01/NPJ_CM_Fig_Python/Public_Reproducibility_Package_V01/npjcm-free-energy-surrogate_Re3/Python_Codes/table/snapshots_split/Al_300K_snap00081.extxyz,Al,300,Al__300,0.0001350603687636,0.0004980299800177153,0.0003629696112541153,0.0003629696112541153
/Users/yti0811/Desktop/FE_data/npj_CM01/NPJ_CM_Fig_Python/Public_Reproducibility_Package_V01/npjcm-free-energy-surrogate_Re3/Python_Codes/table/snapshots_split/Al_300K_snap00082.extxyz,Al,300,Al__300,-2.0215028112685765e-06,0.0007196673897667835,0.0007216888925780521,0.0007216888925780521
/Users/yti0811/Desktop/FE_data/npj_CM01/NPJ_CM_Fig_Python/Public_Reproducibility_Package_V01/npjcm-free-energy-surrogate_Re3/Python_Codes/table/snapshots_split/Al_300K_snap00083.extxyz,Al,300,Al__300,-0.0002732066576867,1.0280718041269765e-05,0.00028348737572796975,0.00028348737572796975
/Users/yti0811/Desktop/FE_data/npj_CM01/NPJ_CM_Fig_Python/Public_Reproducibility_Package_V01/npjcm-free-energy-surrogate_Re3/Python_Codes/table/snapshots_split/Al_300K_snap00084.extxyz,Al,300,Al__300,2.1214734388417795e-05,7.266778948868268e-05,5.145305510026488e-05,5.145305510026488e-05
/Users/yti0811/Desktop/FE_data/npj_CM01/NPJ_CM_Fig_Python/Public_Reproducibility_Package_V01/npjcm-free-energy-surrogate_Re3/Python_Codes/table/snapshots_split/Al_300K_snap00085.extxyz,Al,300,Al__300,-0.0001179211653438,-1.1220081769645245e-05,0.00010670108357415475,0.00010670108357415475
/Users/yti0811/Desktop/FE_data/npj_CM01/NPJ_CM_Fig_Python/Public_Reproducibility_Package_V01/npjcm-free-energy-surrogate_Re3/Python_Codes/table/snapshots_split/Al_300K_snap00086.extxyz,Al,300,Al__300,-3.554744144053269e-05,1.87227256498059e-05,5.427016709033859e-05,5.427016709033859e-05
/Users/yti0811/Desktop/FE_data/npj_CM01/NPJ_CM_Fig_Python/Public_Reproducibility_Package_V01/npjcm-free-energy-surrogate_Re3/Python_Codes/table/snapshots_split/Al_300K_snap00087.extxyz,Al,300,Al__300,-9.905613007078652e-05,8.553624285856287e-05,0.00018459237292934937,0.00018459237292934937
/Users/yti0811/Desktop/FE_data/npj_CM01/NPJ_CM_Fig_Python/Public_Reproducibility_Package_V01/npjcm-free-energy-surrogate_Re3/Python_Codes/table/snapshots_split/Al_300K_snap00088.extxyz,Al,300,Al__300,6.128838498185961e-05,0.0010782668585738915,0.0010169784735920319,0.0010169784735920319
/Users/yti0811/Desktop/FE_data/npj_CM01/NPJ_CM_Fig_Python/Public_Reproducibility_Package_V01/npjcm-free-energy-surrogate_Re3/Python_Codes/table/snapshots_split/Al_300K_snap00089.extxyz,Al,300,Al__300,9.495221430770146e-05,0.0007207597537952424,0.0006258075394875409,0.0006258075394875409
/Users/yti0811/Desktop/FE_data/npj_CM01/NPJ_CM_Fig_Python/Public_Reproducibility_Package_V01/npjcm-free-energy-surrogate_Re3/Python_Codes/table/snapshots_split/Al_300K_snap00090.extxyz,Al,300,Al__300,-0.0001286558162061,0.0007210290255507629,0.0008496848417568629,0.0008496848417568629
/Users/yti0811/Desktop/FE_data/npj_CM01/NPJ_CM_Fig_Python/Public_Reproducibility_Package_V01/npjcm-free-energy-surrogate_Re3/Python_Codes/table/snapshots_split/Al_300K_snap00091.extxyz,Al,300,Al__300,-7.452788297425296e-05,-0.000559550400059279,-0.00048502251708502605,0.00048502251708502605
/Users/yti0811/Desktop/FE_data/npj_CM01/NPJ_CM_Fig_Python/Public_Reproducibility_Package_V01/npjcm-free-energy-surrogate_Re3/Python_Codes/table/snapshots_split/Al_300K_snap00092.extxyz,Al,300,Al__300,-8.598989726617158e-05,-0.00028369184566460044,-0.00019770194839842885,0.00019770194839842885
/Users/yti0811/Desktop/FE_data/npj_CM01/NPJ_CM_Fig_Python/Public_Reproducibility_Package_V01/npjcm-free-energy-surrogate_Re3/Python_Codes/table/snapshots_split/Al_300K_snap00093.extxyz,Al,300,Al__300,3.86486841140604e-05,0.0009193402797276348,0.0008806915956135744,0.0008806915956135744
/Users/yti0811/Desktop/FE_data/npj_CM01/NPJ_CM_Fig_Python/Public_Reproducibility_Package_V01/npjcm-free-energy-surrogate_Re3/Python_Codes/table/snapshots_split/Al_300K_snap00094.extxyz,Al,300,Al__300,-0.0003176576397632,0.0001183516189649034,0.0004360092587281034,0.0004360092587281034
/Users/yti0811/Desktop/FE_data/npj_CM01/NPJ_CM_Fig_Python/Public_Reproducibility_Package_V01/npjcm-free-energy-surrogate_Re3/Python_Codes/table/snapshots_split/Al_300K_snap00095.extxyz,Al,300,Al__300,2.528663280286612e-05,-0.00028981352178002575,-0.00031510015458289186,0.00031510015458289186
/Users/yti0811/Desktop/FE_data/npj_CM01/NPJ_CM_Fig_Python/Public_Reproducibility_Package_V01/npjcm-free-energy-surrogate_Re3/Python_Codes/table/snapshots_split/Al_300K_snap00096.extxyz,Al,300,Al__300,7.868862978640146e-05,0.0007131428056631554,0.0006344541758767539,0.0006344541758767539
/Users/yti0811/Desktop/FE_data/npj_CM01/NPJ_CM_Fig_Python/Public_Reproducibility_Package_V01/npjcm-free-energy-surrogate_Re3/Python_Codes/table/snapshots_split/Al_300K_snap00097.extxyz,Al,300,Al__300,4.350017662578641e-05,0.0006612775841243591,0.0006177774074985727,0.0006177774074985727
/Users/yti0811/Desktop/FE_data/npj_CM01/NPJ_CM_Fig_Python/Public_Reproducibility_Package_V01/npjcm-free-energy-surrogate_Re3/Python_Codes/table/snapshots_split/Al_300K_snap00098.extxyz,Al,300,Al__300,0.0001763554300914,0.0004331331428692321,0.0002567777127778321,0.0002567777127778321
/Users/yti0811/Desktop/FE_data/npj_CM01/NPJ_CM_Fig_Python/Public_Reproducibility_Package_V01/npjcm-free-energy-surrogate_Re3/Python_Codes/table/snapshots_split/Al_300K_snap00099.extxyz,Al,300,Al__300,-5.549263660577121e-05,0.0004886981824091636,0.0005441908190149348,0.0005441908190149348
/Users/yti0811/Desktop/FE_data/npj_CM01/NPJ_CM_Fig_Python/Public_Reproducibility_Package_V01/npjcm-free-energy-surrogate_Re3/Python_Codes/table/snapshots_split/Al_400K_snap00000.extxyz,Al,400,Al__400,0.0052052600927857,-0.006067975834553587,-0.011273235927339286,0.011273235927339286
/Users/yti0811/Desktop/FE_data/npj_CM01/NPJ_CM_Fig_Python/Public_Reproducibility_Package_V01/npjcm-free-energy-surrogate_Re3/Python_Codes/table/snapshots_split/Al_400K_snap00001.extxyz,Al,400,Al__400,0.0055428737629675,-0.005278241050201338,-0.010821114813168838,0.010821114813168838
/Users/yti0811/Desktop/FE_data/npj_CM01/NPJ_CM_Fig_Python/Public_Reproducibility_Package_V01/npjcm-free-energy-surrogate_Re3/Python_Codes/table/snapshots_split/Al_400K_snap00002.extxyz,Al,400,Al__400,0.0054520838500292,-0.005817445796936545,-0.011269529646965745,0.011269529646965745
/Users/yti0811/Desktop/FE_data/npj_CM01/NPJ_CM_Fig_Python/Public_Reproducibility_Package_V01/npjcm-free-energy-surrogate_Re3/Python_Codes/table/snapshots_split/Al_400K_snap00003.extxyz,Al,400,Al__400,0.0053378525405657,-0.006358176195527245,-0.011696028736092944,0.011696028736092944
/Users/yti0811/Desktop/FE_data/npj_CM01/NPJ_CM_Fig_Python/Public_Reproducibility_Package_V01/npjcm-free-energy-surrogate_Re3/Python_Codes/table/snapshots_split/Al_400K_snap00004.extxyz,Al,400,Al__400,0.0051857956993078,-0.0055260226086443,-0.0107118183079521,0.0107118183079521
/Users/yti0811/Desktop/FE_data/npj_CM01/NPJ_CM_Fig_Python/Public_Reproducibility_Package_V01/npjcm-free-energy-surrogate_Re3/Python_Codes/table/snapshots_split/Al_400K_snap00005.extxyz,Al,400,Al__400,0.0054491380782205,-0.004279275917381045,-0.009728413995601544,0.009728413995601544
/Users/yti0811/Desktop/FE_data/npj_CM01/NPJ_CM_Fig_Python/Public_Reproducibility_Package_V01/npjcm-free-energy-surrogate_Re3/Python_Codes/table/snapshots_split/Al_400K_snap00006.extxyz,Al,400,Al__400,0.005224301130931,-0.006120600180021047,-0.011344901310952046,0.011344901310952046
/Users/yti0811/Desktop/FE_data/npj_CM01/NPJ_CM_Fig_Python/Public_Reproducibility_Package_V01/npjcm-free-energy-surrogate_Re3/Python_Codes/table/snapshots_split/Al_400K_snap00007.extxyz,Al,400,Al__400,0.0053350434492204,-0.005852489624509174,-0.011187533073729574,0.011187533073729574
/Users/yti0811/Desktop/FE_data/npj_CM01/NPJ_CM_Fig_Python/Public_Reproducibility_Package_V01/npjcm-free-energy-surrogate_Re3/Python_Codes/table/snapshots_split/Al_400K_snap00008.extxyz,Al,400,Al__400,0.0052821906831172,-0.005000728228147155,-0.010282918911264354,0.010282918911264354
/Users/yti0811/Desktop/FE_data/npj_CM01/NPJ_CM_Fig_Python/Public_Reproducibility_Package_V01/npjcm-free-energy-surrogate_Re3/Python_Codes/table/snapshots_split/Al_400K_snap00009.extxyz,Al,400,Al__400,0.0051147727793005,-0.004984799463080641,-0.01009957224238114,0.01009957224238114
/Users/yti0811/Desktop/FE_data/npj_CM01/NPJ_CM_Fig_Python/Public_Reproducibility_Package_V01/npjcm-free-energy-surrogate_Re3/Python_Codes/table/snapshots_split/Al_400K_snap00010.extxyz,Al,400,Al__400,0.0053378691890221,-0.004311212922947646,-0.009649082111969746,0.009649082111969746
/Users/yti0811/Desktop/FE_data/npj_CM01/NPJ_CM_Fig_Python/Public_Reproducibility_Package_V01/npjcm-free-energy-surrogate_Re3/Python_Codes/table/snapshots_split/Al_400K_snap00011.extxyz,Al,400,Al__400,0.0052868115536345,-0.006283084185748045,-0.011569895739382545,0.011569895739382545
/Users/yti0811/Desktop/FE_data/npj_CM01/NPJ_CM_Fig_Python/Public_Reproducibility_Package_V01/npjcm-free-energy-surrogate_Re3/Python_Codes/table/snapshots_split/Al_400K_snap00012.extxyz,Al,400,Al__400,0.005471925930741,-0.005551381926117963,-0.011023307856858962,0.011023307856858962
/Users/yti0811/Desktop/FE_data/npj_CM01/NPJ_CM_Fig_Python/Public_Reproducibility_Package_V01/npjcm-free-energy-surrogate_Re3/Python_Codes/table/snapshots_split/Al_400K_snap00013.extxyz,Al,400,Al__400,0.0057554010881252,-0.005631539151371337,-0.011386940239496537,0.011386940239496537
/Users/yti0811/Desktop/FE_data/npj_CM01/NPJ_CM_Fig_Python/Public_Reproducibility_Package_V01/npjcm-free-energy-surrogate_Re3/Python_Codes/table/snapshots_split/Al_400K_snap00014.extxyz,Al,400,Al__400,0.0051902171070118,-0.0044445041340893145,-0.009634721241101114,0.009634721241101114
/Users/yti0811/Desktop/FE_data/npj_CM01/NPJ_CM_Fig_Python/Public_Reproducibility_Package_V01/npjcm-free-energy-surrogate_Re3/Python_Codes/table/snapshots_split/Al_400K_snap00015.extxyz,Al,400,Al__400,0.0057045764701341,-0.005377984396635909,-0.011082560866770008,0.011082560866770008
/Users/yti0811/Desktop/FE_data/npj_CM01/NPJ_CM_Fig_Python/Public_Reproducibility_Package_V01/npjcm-free-energy-surrogate_Re3/Python_Codes/table/snapshots_split/Al_400K_snap00016.extxyz,Al,400,Al__400,0.0051231185197299,-0.006317124574054771,-0.01144024309378467,0.01144024309378467
/Users/yti0811/Desktop/FE_data/npj_CM01/NPJ_CM_Fig_Python/Public_Reproducibility_Package_V01/npjcm-free-energy-surrogate_Re3/Python_Codes/table/snapshots_split/Al_400K_snap00017.extxyz,Al,400,Al__400,0.0052326740955363,-0.005545297973068956,-0.010777972068605257,0.010777972068605257
/Users/yti0811/Desktop/FE_data/npj_CM01/NPJ_CM_Fig_Python/Public_Reproducibility_Package_V01/npjcm-free-energy-surrogate_Re3/Python_Codes/table/snapshots_split/Al_400K_snap00018.extxyz,Al,400,Al__400,0.0055360631321611,-0.006569743809737631,-0.012105806941898731,0.012105806941898731
/Users/yti0811/Desktop/FE_data/npj_CM01/NPJ_CM_Fig_Python/Public_Reproducibility_Package_V01/npjcm-free-energy-surrogate_Re3/Python_Codes/table/snapshots_split/Al_400K_snap00019.extxyz,Al,400,Al__400,0.0056552555563286,-0.005286855410232823,-0.010942110966561423,0.010942110966561423
/Users/yti0811/Desktop/FE_data/npj_CM01/NPJ_CM_Fig_Python/Public_Reproducibility_Package_V01/npjcm-free-energy-surrogate_Re3/Python_Codes/table/snapshots_split/Al_400K_snap00020.extxyz,Al,400,Al__400,0.0054675684345563,-0.005669024660835674,-0.011136593095391974,0.011136593095391974
/Users/yti0811/Desktop/FE_data/npj_CM01/NPJ_CM_Fig_Python/Public_Reproducibility_Package_V01/npjcm-free-energy-surrogate_Re3/Python_Codes/table/snapshots_split/Al_400K_snap00021.extxyz,Al,400,Al__400,0.0050451142845348,-0.007188006540806011,-0.012233120825340811,0.012233120825340811
/Users/yti0811/Desktop/FE_data/npj_CM01/NPJ_CM_Fig_Python/Public_Reproducibility_Package_V01/npjcm-free-energy-surrogate_Re3/Python_Codes/table/snapshots_split/Al_400K_snap00022.extxyz,Al,400,Al__400,0.0052998044954223,-0.005298073123354163,-0.010597877618776463,0.010597877618776463
/Users/yti0811/Desktop/FE_data/npj_CM01/NPJ_CM_Fig_Python/Public_Reproducibility_Package_V01/npjcm-free-energy-surrogate_Re3/Python_Codes/table/snapshots_split/Al_400K_snap00023.extxyz,Al,400,Al__400,0.0054231602165378,-0.005551532654813401,-0.0109746928713512,0.0109746928713512
/Users/yti0811/Desktop/FE_data/npj_CM01/NPJ_CM_Fig_Python/Public_Reproducibility_Package_V01/npjcm-free-energy-surrogate_Re3/Python_Codes/table/snapshots_split/Al_400K_snap00024.extxyz,Al,400,Al__400,0.0051298546780419,-0.005877765961617397,-0.011007620639659297,0.011007620639659297
/Users/yti0811/Desktop/FE_data/npj_CM01/NPJ_CM_Fig_Python/Public_Reproducibility_Package_V01/npjcm-free-energy-surrogate_Re3/Python_Codes/table/snapshots_split/Al_400K_snap00025.extxyz,Al,400,Al__400,0.0048796156608054,-0.00528330313681171,-0.010162918797617111,0.010162918797617111
/Users/yti0811/Desktop/FE_data/npj_CM01/NPJ_CM_Fig_Python/Public_Reproducibility_Package_V01/npjcm-free-energy-surrogate_Re3/Python_Codes/table/snapshots_split/Al_400K_snap00026.extxyz,Al,400,Al__400,0.0052379746577498,-0.005409075964506082,-0.010647050622255882,0.010647050622255882
/Users/yti0811/Desktop/FE_data/npj_CM01/NPJ_CM_Fig_Python/Public_Reproducibility_Package_V01/npjcm-free-energy-surrogate_Re3/Python_Codes/table/snapshots_split/Al_400K_snap00027.extxyz,Al,400,Al__400,0.0053048486172829,-0.0049416079571000335,-0.010246456574382935,0.010246456574382935
/Users/yti0811/Desktop/FE_data/npj_CM01/NPJ_CM_Fig_Python/Public_Reproducibility_Package_V01/npjcm-free-energy-surrogate_Re3/Python_Codes/table/snapshots_split/Al_400K_snap00028.extxyz,Al,400,Al__400,0.0051044390650868,-0.0051955242320615375,-0.010299963297148338,0.010299963297148338
/Users/yti0811/Desktop/FE_data/npj_CM01/NPJ_CM_Fig_Python/Public_Reproducibility_Package_V01/npjcm-free-energy-surrogate_Re3/Python_Codes/table/snapshots_split/Al_400K_snap00029.extxyz,Al,400,Al__400,0.0055125897215672,-0.006625799416511684,-0.012138389138078885,0.012138389138078885
/Users/yti0811/Desktop/FE_data/npj_CM01/NPJ_CM_Fig_Python/Public_Reproducibility_Package_V01/npjcm-free-energy-surrogate_Re3/Python_Codes/table/snapshots_split/Al_400K_snap00030.extxyz,Al,400,Al__400,0.0052607907854823,-0.0072263990969320836,-0.012487189882414384,0.012487189882414384
/Users/yti0811/Desktop/FE_data/npj_CM01/NPJ_CM_Fig_Python/Public_Reproducibility_Package_V01/npjcm-free-energy-surrogate_Re3/Python_Codes/table/snapshots_split/Al_400K_snap00031.extxyz,Al,400,Al__400,0.0052192941392289,-0.005381749143553398,-0.010601043282782299,0.010601043282782299
/Users/yti0811/Desktop/FE_data/npj_CM01/NPJ_CM_Fig_Python/Public_Reproducibility_Package_V01/npjcm-free-energy-surrogate_Re3/Python_Codes/table/snapshots_split/Al_400K_snap00032.extxyz,Al,400,Al__400,0.0053072012062586,-0.006270883805760579,-0.01157808501201918,0.01157808501201918
/Users/yti0811/Desktop/FE_data/npj_CM01/NPJ_CM_Fig_Python/Public_Reproducibility_Package_V01/npjcm-free-energy-surrogate_Re3/Python_Codes/table/snapshots_split/Al_400K_snap00033.extxyz,Al,400,Al__400,0.0050886753304936,-0.005918755884825781,-0.011007431215319382,0.011007431215319382
/Users/yti0811/Desktop/FE_data/npj_CM01/NPJ_CM_Fig_Python/Public_Reproducibility_Package_V01/npjcm-free-energy-surrogate_Re3/Python_Codes/table/snapshots_split/Al_400K_snap00034.extxyz,Al,400,Al__400,0.0054224819859684,-0.006973652667814505,-0.012396134653782906,0.012396134653782906
/Users/yti0811/Desktop/FE_data/npj_CM01/NPJ_CM_Fig_Python/Public_Reproducibility_Package_V01/npjcm-free-energy-surrogate_Re3/Python_Codes/table/snapshots_split/Al_400K_snap00035.extxyz,Al,400,Al__400,0.0052131950044352,-0.004785654049607721,-0.00999884905404292,0.00999884905404292
/Users/yti0811/Desktop/FE_data/npj_CM01/NPJ_CM_Fig_Python/Public_Reproducibility_Package_V01/npjcm-free-energy-surrogate_Re3/Python_Codes/table/snapshots_split/Al_400K_snap00036.extxyz,Al,400,Al__400,0.0050244723980773,-0.005335625897578789,-0.010360098295656088,0.010360098295656088
/Users/yti0811/Desktop/FE_data/npj_CM01/NPJ_CM_Fig_Python/Public_Reproducibility_Package_V01/npjcm-free-energy-surrogate_Re3/Python_Codes/table/snapshots_split/Al_400K_snap00037.extxyz,Al,400,Al__400,0.0054772540783464,-0.004342448128671376,-0.009819702207017776,0.009819702207017776
/Users/yti0811/Desktop/FE_data/npj_CM01/NPJ_CM_Fig_Python/Public_Reproducibility_Package_V01/npjcm-free-energy-surrogate_Re3/Python_Codes/table/snapshots_split/Al_400K_snap00038.extxyz,Al,400,Al__400,0.0053449485756759,-0.005562427521442514,-0.010907376097118414,0.010907376097118414
/Users/yti0811/Desktop/FE_data/npj_CM01/NPJ_CM_Fig_Python/Public_Reproducibility_Package_V01/npjcm-free-energy-surrogate_Re3/Python_Codes/table/snapshots_split/Al_400K_snap00039.extxyz,Al,400,Al__400,0.0054496560221363,-0.00518441575340541,-0.010634071775541709,0.010634071775541709
/Users/yti0811/Desktop/FE_data/npj_CM01/NPJ_CM_Fig_Python/Public_Reproducibility_Package_V01/npjcm-free-energy-surrogate_Re3/Python_Codes/table/snapshots_split/Al_400K_snap00040.extxyz,Al,400,Al__400,0.0054606880765623,-0.006098591709872038,-0.011559279786434338,0.011559279786434338
/Users/yti0811/Desktop/FE_data/npj_CM01/NPJ_CM_Fig_Python/Public_Reproducibility_Package_V01/npjcm-free-energy-surrogate_Re3/Python_Codes/table/snapshots_split/Al_400K_snap00041.extxyz,Al,400,Al__400,0.0054001391654871,-0.005563675579531301,-0.0109638147450184,0.0109638147450184
/Users/yti0811/Desktop/FE_data/npj_CM01/NPJ_CM_Fig_Python/Public_Reproducibility_Package_V01/npjcm-free-energy-surrogate_Re3/Python_Codes/table/snapshots_split/Al_400K_snap00042.extxyz,Al,400,Al__400,0.0050477526129687,-0.0061986449128641555,-0.011246397525832855,0.011246397525832855
/Users/yti0811/Desktop/FE_data/npj_CM01/NPJ_CM_Fig_Python/Public_Reproducibility_Package_V01/npjcm-free-energy-surrogate_Re3/Python_Codes/table/snapshots_split/Al_400K_snap00043.extxyz,Al,400,Al__400,0.0052103603712018,-0.005779260568347846,-0.010989620939549645,0.010989620939549645
/Users/yti0811/Desktop/FE_data/npj_CM01/NPJ_CM_Fig_Python/Public_Reproducibility_Package_V01/npjcm-free-energy-surrogate_Re3/Python_Codes/table/snapshots_split/Al_400K_snap00044.extxyz,Al,400,Al__400,0.0052045810944344,-0.005536204798309966,-0.010740785892744367,0.010740785892744367
/Users/yti0811/Desktop/FE_data/npj_CM01/NPJ_CM_Fig_Python/Public_Reproducibility_Package_V01/npjcm-free-energy-surrogate_Re3/Python_Codes/table/snapshots_split/Al_400K_snap00045.extxyz,Al,400,Al__400,0.0051262255745531,-0.007333711197689123,-0.012459936772242223,0.012459936772242223
/Users/yti0811/Desktop/FE_data/npj_CM01/NPJ_CM_Fig_Python/Public_Reproducibility_Package_V01/npjcm-free-energy-surrogate_Re3/Python_Codes/table/snapshots_split/Al_400K_snap00046.extxyz,Al,400,Al__400,0.0053495949142182,-0.004947593166775015,-0.010297188080993214,0.010297188080993214
/Users/yti0811/Desktop/FE_data/npj_CM01/NPJ_CM_Fig_Python/Public_Reproducibility_Package_V01/npjcm-free-energy-surrogate_Re3/Python_Codes/table/snapshots_split/Al_400K_snap00047.extxyz,Al,400,Al__400,0.0052562605668892,-0.0064940705608004835,-0.011750331127689684,0.011750331127689684
/Users/yti0811/Desktop/FE_data/npj_CM01/NPJ_CM_Fig_Python/Public_Reproducibility_Package_V01/npjcm-free-energy-surrogate_Re3/Python_Codes/table/snapshots_split/Al_400K_snap00048.extxyz,Al,400,Al__400,0.0054942183620979,-0.00685914461439347,-0.01235336297649137,0.01235336297649137
/Users/yti0811/Desktop/FE_data/npj_CM01/NPJ_CM_Fig_Python/Public_Reproducibility_Package_V01/npjcm-free-energy-surrogate_Re3/Python_Codes/table/snapshots_split/Al_400K_snap00049.extxyz,Al,400,Al__400,0.0053410186937951,-0.005579869123437502,-0.010920887817232602,0.010920887817232602
/Users/yti0811/Desktop/FE_data/npj_CM01/NPJ_CM_Fig_Python/Public_Reproducibility_Package_V01/npjcm-free-energy-surrogate_Re3/Python_Codes/table/snapshots_split/Al_400K_snap00050.extxyz,Al,400,Al__400,0.0054387068733535,-0.00537757697315489,-0.01081628384650839,0.01081628384650839
/Users/yti0811/Desktop/FE_data/npj_CM01/NPJ_CM_Fig_Python/Public_Reproducibility_Package_V01/npjcm-free-energy-surrogate_Re3/Python_Codes/table/snapshots_split/Al_400K_snap00051.extxyz,Al,400,Al__400,0.0053581455065426,-0.00549305463961231,-0.01085120014615491,0.01085120014615491
/Users/yti0811/Desktop/FE_data/npj_CM01/NPJ_CM_Fig_Python/Public_Reproducibility_Package_V01/npjcm-free-energy-surrogate_Re3/Python_Codes/table/snapshots_split/Al_400K_snap00052.extxyz,Al,400,Al__400,0.0056602434836411,-0.005292059735671738,-0.010952303219312839,0.010952303219312839
/Users/yti0811/Desktop/FE_data/npj_CM01/NPJ_CM_Fig_Python/Public_Reproducibility_Package_V01/npjcm-free-energy-surrogate_Re3/Python_Codes/table/snapshots_split/Al_400K_snap00053.extxyz,Al,400,Al__400,0.0054758706678718,-0.005212473557212765,-0.010688344225084564,0.010688344225084564
/Users/yti0811/Desktop/FE_data/npj_CM01/NPJ_CM_Fig_Python/Public_Reproducibility_Package_V01/npjcm-free-energy-surrogate_Re3/Python_Codes/table/snapshots_split/Al_400K_snap00054.extxyz,Al,400,Al__400,0.0051243985259216,-0.004789954333179125,-0.009914352859100726,0.009914352859100726
/Users/yti0811/Desktop/FE_data/npj_CM01/NPJ_CM_Fig_Python/Public_Reproducibility_Package_V01/npjcm-free-energy-surrogate_Re3/Python_Codes/table/snapshots_split/Al_400K_snap00055.extxyz,Al,400,Al__400,0.0054818113887994,-0.00455088678099408,-0.010032698169793481,0.010032698169793481
/Users/yti0811/Desktop/FE_data/npj_CM01/NPJ_CM_Fig_Python/Public_Reproducibility_Package_V01/npjcm-free-energy-surrogate_Re3/Python_Codes/table/snapshots_split/Al_400K_snap00056.extxyz,Al,400,Al__400,0.0054047470328809,-0.0055085093858322515,-0.01091325641871315,0.01091325641871315
/Users/yti0811/Desktop/FE_data/npj_CM01/NPJ_CM_Fig_Python/Public_Reproducibility_Package_V01/npjcm-free-energy-surrogate_Re3/Python_Codes/table/snapshots_split/Al_400K_snap00057.extxyz,Al,400,Al__400,0.0054024978762498,-0.0056387246428512075,-0.011041222519101009,0.011041222519101009
/Users/yti0811/Desktop/FE_data/npj_CM01/NPJ_CM_Fig_Python/Public_Reproducibility_Package_V01/npjcm-free-energy-surrogate_Re3/Python_Codes/table/snapshots_split/Al_400K_snap00058.extxyz,Al,400,Al__400,0.0052510498338415,-0.005532643694079437,-0.010783693527920937,0.010783693527920937
/Users/yti0811/Desktop/FE_data/npj_CM01/NPJ_CM_Fig_Python/Public_Reproducibility_Package_V01/npjcm-free-energy-surrogate_Re3/Python_Codes/table/snapshots_split/Al_400K_snap00059.extxyz,Al,400,Al__400,0.005282523198936,-0.0049974571925894915,-0.010279980391525492,0.010279980391525492
/Users/yti0811/Desktop/FE_data/npj_CM01/NPJ_CM_Fig_Python/Public_Reproducibility_Package_V01/npjcm-free-energy-surrogate_Re3/Python_Codes/table/snapshots_split/Al_400K_snap00060.extxyz,Al,400,Al__400,0.0052337346469594,-0.005015014095537802,-0.010248748742497203,0.010248748742497203
/Users/yti0811/Desktop/FE_data/npj_CM01/NPJ_CM_Fig_Python/Public_Reproducibility_Package_V01/npjcm-free-energy-surrogate_Re3/Python_Codes/table/snapshots_split/Al_400K_snap00061.extxyz,Al,400,Al__400,0.0054129749112031,-0.0047948689729418225,-0.010207843884144922,0.010207843884144922
/Users/yti0811/Desktop/FE_data/npj_CM01/NPJ_CM_Fig_Python/Public_Reproducibility_Package_V01/npjcm-free-energy-surrogate_Re3/Python_Codes/table/snapshots_split/Al_400K_snap00062.extxyz,Al,400,Al__400,0.0049276978293996,-0.005096875597747469,-0.01002457342714707,0.01002457342714707
/Users/yti0811/Desktop/FE_data/npj_CM01/NPJ_CM_Fig_Python/Public_Reproducibility_Package_V01/npjcm-free-energy-surrogate_Re3/Python_Codes/table/snapshots_split/Al_400K_snap00063.extxyz,Al,400,Al__400,0.0053724750178588,-0.006155420971285904,-0.011527895989144703,0.011527895989144703
/Users/yti0811/Desktop/FE_data/npj_CM01/NPJ_CM_Fig_Python/Public_Reproducibility_Package_V01/npjcm-free-energy-surrogate_Re3/Python_Codes/table/snapshots_split/Al_400K_snap00064.extxyz,Al,400,Al__400,0.0053031506144752,-0.005795984653803468,-0.011099135268278668,0.011099135268278668
/Users/yti0811/Desktop/FE_data/npj_CM01/NPJ_CM_Fig_Python/Public_Reproducibility_Package_V01/npjcm-free-energy-surrogate_Re3/Python_Codes/table/snapshots_split/Al_400K_snap00065.extxyz,Al,400,Al__400,0.005230918082198,-0.0064996265308635455,-0.011730544613061545,0.011730544613061545
/Users/yti0811/Desktop/FE_data/npj_CM01/NPJ_CM_Fig_Python/Public_Reproducibility_Package_V01/npjcm-free-energy-surrogate_Re3/Python_Codes/table/snapshots_split/Al_400K_snap00066.extxyz,Al,400,Al__400,0.005082682175238,-0.006142748923536646,-0.011225431098774646,0.011225431098774646
/Users/yti0811/Desktop/FE_data/npj_CM01/NPJ_CM_Fig_Python/Public_Reproducibility_Package_V01/npjcm-free-energy-surrogate_Re3/Python_Codes/table/snapshots_split/Al_400K_snap00067.extxyz,Al,400,Al__400,0.0053903027298282,-0.005501133654453197,-0.010891436384281398,0.010891436384281398
/Users/yti0811/Desktop/FE_data/npj_CM01/NPJ_CM_Fig_Python/Public_Reproducibility_Package_V01/npjcm-free-energy-surrogate_Re3/Python_Codes/table/snapshots_split/Al_400K_snap00068.extxyz,Al,400,Al__400,0.005386664222443,-0.005690217174321832,-0.011076881396764833,0.011076881396764833
/Users/yti0811/Desktop/FE_data/npj_CM01/NPJ_CM_Fig_Python/Public_Reproducibility_Package_V01/npjcm-free-energy-surrogate_Re3/Python_Codes/table/snapshots_split/Al_400K_snap00069.extxyz,Al,400,Al__400,0.0050366315847633,-0.005699876473171468,-0.010736508057934767,0.010736508057934767
/Users/yti0811/Desktop/FE_data/npj_CM01/NPJ_CM_Fig_Python/Public_Reproducibility_Package_V01/npjcm-free-energy-surrogate_Re3/Python_Codes/table/snapshots_split/Al_400K_snap00070.extxyz,Al,400,Al__400,0.00533771794631,-0.005713167694630535,-0.011050885640940535,0.011050885640940535
/Users/yti0811/Desktop/FE_data/npj_CM01/NPJ_CM_Fig_Python/Public_Reproducibility_Package_V01/npjcm-free-energy-surrogate_Re3/Python_Codes/table/snapshots_split/Al_400K_snap00071.extxyz,Al,400,Al__400,0.0052629509054665,-0.0064899830655963785,-0.01175293397106288,0.01175293397106288
/Users/yti0811/Desktop/FE_data/npj_CM01/NPJ_CM_Fig_Python/Public_Reproducibility_Package_V01/npjcm-free-energy-surrogate_Re3/Python_Codes/table/snapshots_split/Al_400K_snap00072.extxyz,Al,400,Al__400,0.0052372624243127,-0.005475632958401319,-0.010712895382714019,0.010712895382714019
/Users/yti0811/Desktop/FE_data/npj_CM01/NPJ_CM_Fig_Python/Public_Reproducibility_Package_V01/npjcm-free-energy-surrogate_Re3/Python_Codes/table/snapshots_split/Al_400K_snap00073.extxyz,Al,400,Al__400,0.0053994725962135,-0.005700349470062083,-0.011099822066275584,0.011099822066275584
/Users/yti0811/Desktop/FE_data/npj_CM01/NPJ_CM_Fig_Python/Public_Reproducibility_Package_V01/npjcm-free-energy-surrogate_Re3/Python_Codes/table/snapshots_split/Al_400K_snap00074.extxyz,Al,400,Al__400,0.0053123286539028,-0.006952286807500653,-0.012264615461403453,0.012264615461403453
/Users/yti0811/Desktop/FE_data/npj_CM01/NPJ_CM_Fig_Python/Public_Reproducibility_Package_V01/npjcm-free-energy-surrogate_Re3/Python_Codes/table/snapshots_split/Al_400K_snap00075.extxyz,Al,400,Al__400,0.005416477938415,-0.005895154420460297,-0.011311632358875296,0.011311632358875296
/Users/yti0811/Desktop/FE_data/npj_CM01/NPJ_CM_Fig_Python/Public_Reproducibility_Package_V01/npjcm-free-energy-surrogate_Re3/Python_Codes/table/snapshots_split/Al_400K_snap00076.extxyz,Al,400,Al__400,0.0056783999440447,-0.005448034888343153,-0.011126434832387854,0.011126434832387854
/Users/yti0811/Desktop/FE_data/npj_CM01/NPJ_CM_Fig_Python/Public_Reproducibility_Package_V01/npjcm-free-energy-surrogate_Re3/Python_Codes/table/snapshots_split/Al_400K_snap00077.extxyz,Al,400,Al__400,0.0054250753167296,-0.006786216745981899,-0.012211292062711498,0.012211292062711498
/Users/yti0811/Desktop/FE_data/npj_CM01/NPJ_CM_Fig_Python/Public_Reproducibility_Package_V01/npjcm-free-energy-surrogate_Re3/Python_Codes/table/snapshots_split/Al_400K_snap00078.extxyz,Al,400,Al__400,0.0052108371904192,-0.005924958292369995,-0.011135795482789194,0.011135795482789194
/Users/yti0811/Desktop/FE_data/npj_CM01/NPJ_CM_Fig_Python/Public_Reproducibility_Package_V01/npjcm-free-energy-surrogate_Re3/Python_Codes/table/snapshots_split/Al_400K_snap00079.extxyz,Al,400,Al__400,0.0052636547943435,-0.005131502314337339,-0.010395157108680839,0.010395157108680839
/Users/yti0811/Desktop/FE_data/npj_CM01/NPJ_CM_Fig_Python/Public_Reproducibility_Package_V01/npjcm-free-energy-surrogate_Re3/Python_Codes/table/snapshots_split/Al_400K_snap00080.extxyz,Al,400,Al__400,0.0053011410682911,-0.006049599118872483,-0.011350740187163583,0.011350740187163583
/Users/yti0811/Desktop/FE_data/npj_CM01/NPJ_CM_Fig_Python/Public_Reproducibility_Package_V01/npjcm-free-energy-surrogate_Re3/Python_Codes/table/snapshots_split/Al_400K_snap00081.extxyz,Al,400,Al__400,0.0049869086779864,-0.006129298559951134,-0.011116207237937534,0.011116207237937534
/Users/yti0811/Desktop/FE_data/npj_CM01/NPJ_CM_Fig_Python/Public_Reproducibility_Package_V01/npjcm-free-energy-surrogate_Re3/Python_Codes/table/snapshots_split/Al_400K_snap00082.extxyz,Al,400,Al__400,0.0051907399631258,-0.005871005477233893,-0.011061745440359694,0.011061745440359694
/Users/yti0811/Desktop/FE_data/npj_CM01/NPJ_CM_Fig_Python/Public_Reproducibility_Package_V01/npjcm-free-energy-surrogate_Re3/Python_Codes/table/snapshots_split/Al_400K_snap00083.extxyz,Al,400,Al__400,0.0054026728044812,-0.00618359391012306,-0.011586266714604259,0.011586266714604259
/Users/yti0811/Desktop/FE_data/npj_CM01/NPJ_CM_Fig_Python/Public_Reproducibility_Package_V01/npjcm-free-energy-surrogate_Re3/Python_Codes/table/snapshots_split/Al_400K_snap00084.extxyz,Al,400,Al__400,0.0054240946592357,-0.006089840958830999,-0.011513935618066698,0.011513935618066698
/Users/yti0811/Desktop/FE_data/npj_CM01/NPJ_CM_Fig_Python/Public_Reproducibility_Package_V01/npjcm-free-energy-surrogate_Re3/Python_Codes/table/snapshots_split/Al_400K_snap00085.extxyz,Al,400,Al__400,0.004953808151274,-0.005935180742282094,-0.010888988893556094,0.010888988893556094
/Users/yti0811/Desktop/FE_data/npj_CM01/NPJ_CM_Fig_Python/Public_Reproducibility_Package_V01/npjcm-free-energy-surrogate_Re3/Python_Codes/table/snapshots_split/Al_400K_snap00086.extxyz,Al,400,Al__400,0.0052733777527543,-0.005542823301551803,-0.010816201054306102,0.010816201054306102
/Users/yti0811/Desktop/FE_data/npj_CM01/NPJ_CM_Fig_Python/Public_Reproducibility_Package_V01/npjcm-free-energy-surrogate_Re3/Python_Codes/table/snapshots_split/Al_400K_snap00087.extxyz,Al,400,Al__400,0.0050655192809535,-0.004210292936531206,-0.009275812217484705,0.009275812217484705
/Users/yti0811/Desktop/FE_data/npj_CM01/NPJ_CM_Fig_Python/Public_Reproducibility_Package_V01/npjcm-free-energy-surrogate_Re3/Python_Codes/table/snapshots_split/Al_400K_snap00088.extxyz,Al,400,Al__400,0.0052488776145481,-0.005384617266893772,-0.010633494881441871,0.010633494881441871
/Users/yti0811/Desktop/FE_data/npj_CM01/NPJ_CM_Fig_Python/Public_Reproducibility_Package_V01/npjcm-free-energy-surrogate_Re3/Python_Codes/table/snapshots_split/Al_400K_snap00089.extxyz,Al,400,Al__400,0.0053296880701855,-0.006080609125108645,-0.011410297195294145,0.011410297195294145
/Users/yti0811/Desktop/FE_data/npj_CM01/NPJ_CM_Fig_Python/Public_Reproducibility_Package_V01/npjcm-free-energy-surrogate_Re3/Python_Codes/table/snapshots_split/Al_400K_snap00090.extxyz,Al,400,Al__400,0.0051125326581088,-0.005182630270356204,-0.010295162928465003,0.010295162928465003
/Users/yti0811/Desktop/FE_data/npj_CM01/NPJ_CM_Fig_Python/Public_Reproducibility_Package_V01/npjcm-free-energy-surrogate_Re3/Python_Codes/table/snapshots_split/Al_400K_snap00091.extxyz,Al,400,Al__400,0.0050518553266042,-0.005243661980578471,-0.010295517307182672,0.010295517307182672
/Users/yti0811/Desktop/FE_data/npj_CM01/NPJ_CM_Fig_Python/Public_Reproducibility_Package_V01/npjcm-free-energy-surrogate_Re3/Python_Codes/table/snapshots_split/Al_400K_snap00092.extxyz,Al,400,Al__400,0.0055341479441609,-0.0058975072175740965,-0.011431655161734996,0.011431655161734996
/Users/yti0811/Desktop/FE_data/npj_CM01/NPJ_CM_Fig_Python/Public_Reproducibility_Package_V01/npjcm-free-energy-surrogate_Re3/Python_Codes/table/snapshots_split/Al_400K_snap00093.extxyz,Al,400,Al__400,0.0051870415948848,-0.004882006263903198,-0.010069047858787998,0.010069047858787998
/Users/yti0811/Desktop/FE_data/npj_CM01/NPJ_CM_Fig_Python/Public_Reproducibility_Package_V01/npjcm-free-energy-surrogate_Re3/Python_Codes/table/snapshots_split/Al_400K_snap00094.extxyz,Al,400,Al__400,0.005159471288403,-0.006099544186579821,-0.011259015474982821,0.011259015474982821
/Users/yti0811/Desktop/FE_data/npj_CM01/NPJ_CM_Fig_Python/Public_Reproducibility_Package_V01/npjcm-free-energy-surrogate_Re3/Python_Codes/table/snapshots_split/Al_400K_snap00095.extxyz,Al,400,Al__400,0.0052481393804516,-0.005839659722125906,-0.011087799102577504,0.011087799102577504
/Users/yti0811/Desktop/FE_data/npj_CM01/NPJ_CM_Fig_Python/Public_Reproducibility_Package_V01/npjcm-free-energy-surrogate_Re3/Python_Codes/table/snapshots_split/Al_400K_snap00096.extxyz,Al,400,Al__400,0.0054620487466167,-0.005713060250638751,-0.011175108997255451,0.011175108997255451
/Users/yti0811/Desktop/FE_data/npj_CM01/NPJ_CM_Fig_Python/Public_Reproducibility_Package_V01/npjcm-free-energy-surrogate_Re3/Python_Codes/table/snapshots_split/Al_400K_snap00097.extxyz,Al,400,Al__400,0.0052286357403287,-0.006233451644454632,-0.011462087384783333,0.011462087384783333
/Users/yti0811/Desktop/FE_data/npj_CM01/NPJ_CM_Fig_Python/Public_Reproducibility_Package_V01/npjcm-free-energy-surrogate_Re3/Python_Codes/table/snapshots_split/Al_400K_snap00098.extxyz,Al,400,Al__400,0.005250886077076,-0.0060133866049847445,-0.011264272682060743,0.011264272682060743
/Users/yti0811/Desktop/FE_data/npj_CM01/NPJ_CM_Fig_Python/Public_Reproducibility_Package_V01/npjcm-free-energy-surrogate_Re3/Python_Codes/table/snapshots_split/Al_400K_snap00099.extxyz,Al,400,Al__400,0.0053433383934825,-0.006105555092362949,-0.011448893485845449,0.011448893485845449
/Users/yti0811/Desktop/FE_data/npj_CM01/NPJ_CM_Fig_Python/Public_Reproducibility_Package_V01/npjcm-free-energy-surrogate_Re3/Python_Codes/table/snapshots_split/Al_500K_snap00000.extxyz,Al,500,Al__500,0.0116490693637925,-0.010887449024277225,-0.022536518388069724,0.022536518388069724
/Users/yti0811/Desktop/FE_data/npj_CM01/NPJ_CM_Fig_Python/Public_Reproducibility_Package_V01/npjcm-free-energy-surrogate_Re3/Python_Codes/table/snapshots_split/Al_500K_snap00001.extxyz,Al,500,Al__500,0.011526399842159,-0.009998368553226968,-0.021524768395385967,0.021524768395385967
/Users/yti0811/Desktop/FE_data/npj_CM01/NPJ_CM_Fig_Python/Public_Reproducibility_Package_V01/npjcm-free-energy-surrogate_Re3/Python_Codes/table/snapshots_split/Al_500K_snap00002.extxyz,Al,500,Al__500,0.011568386943413,-0.012003048902596602,-0.023571435846009604,0.023571435846009604
/Users/yti0811/Desktop/FE_data/npj_CM01/NPJ_CM_Fig_Python/Public_Reproducibility_Package_V01/npjcm-free-energy-surrogate_Re3/Python_Codes/table/snapshots_split/Al_500K_snap00003.extxyz,Al,500,Al__500,0.0120251772784218,-0.011056433523644342,-0.02308161080206614,0.02308161080206614
/Users/yti0811/Desktop/FE_data/npj_CM01/NPJ_CM_Fig_Python/Public_Reproducibility_Package_V01/npjcm-free-energy-surrogate_Re3/Python_Codes/table/snapshots_split/Al_500K_snap00004.extxyz,Al,500,Al__500,0.011948223511154,-0.01163277394843549,-0.02358099745958949,0.02358099745958949
/Users/yti0811/Desktop/FE_data/npj_CM01/NPJ_CM_Fig_Python/Public_Reproducibility_Package_V01/npjcm-free-energy-surrogate_Re3/Python_Codes/table/snapshots_split/Al_500K_snap00005.extxyz,Al,500,Al__500,0.0118832058842917,-0.010442427467842238,-0.022325633352133938,0.022325633352133938
/Users/yti0811/Desktop/FE_data/npj_CM01/NPJ_CM_Fig_Python/Public_Reproducibility_Package_V01/npjcm-free-energy-surrogate_Re3/Python_Codes/table/snapshots_split/Al_500K_snap00006.extxyz,Al,500,Al__500,0.0117503204516953,-0.010353324200553005,-0.022103644652248306,0.022103644652248306
/Users/yti0811/Desktop/FE_data/npj_CM01/NPJ_CM_Fig_Python/Public_Reproducibility_Package_V01/npjcm-free-energy-surrogate_Re3/Python_Codes/table/snapshots_split/Al_500K_snap00007.extxyz,Al,500,Al__500,0.0118761196638133,-0.010638662753651874,-0.022514782417465174,0.022514782417465174
/Users/yti0811/Desktop/FE_data/npj_CM01/NPJ_CM_Fig_Python/Public_Reproducibility_Package_V01/npjcm-free-energy-surrogate_Re3/Python_Codes/table/snapshots_split/Al_500K_snap00008.extxyz,Al,500,Al__500,0.0118303942131713,-0.012104670382656639,-0.023935064595827938,0.023935064595827938
/Users/yti0811/Desktop/FE_data/npj_CM01/NPJ_CM_Fig_Python/Public_Reproducibility_Package_V01/npjcm-free-energy-surrogate_Re3/Python_Codes/table/snapshots_split/Al_500K_snap00009.extxyz,Al,500,Al__500,0.0118421088626858,-0.010847064324867194,-0.022689173187552994,0.022689173187552994
/Users/yti0811/Desktop/FE_data/npj_CM01/NPJ_CM_Fig_Python/Public_Reproducibility_Package_V01/npjcm-free-energy-surrogate_Re3/Python_Codes/table/snapshots_split/Al_500K_snap00010.extxyz,Al,500,Al__500,0.0117868216456976,-0.01064451303712843,-0.02243133468282603,0.02243133468282603
/Users/yti0811/Desktop/FE_data/npj_CM01/NPJ_CM_Fig_Python/Public_Reproducibility_Package_V01/npjcm-free-energy-surrogate_Re3/Python_Codes/table/snapshots_split/Al_500K_snap00011.extxyz,Al,500,Al__500,0.0119389287503147,-0.010068345459002159,-0.02200727420931686,0.02200727420931686
/Users/yti0811/Desktop/FE_data/npj_CM01/NPJ_CM_Fig_Python/Public_Reproducibility_Package_V01/npjcm-free-energy-surrogate_Re3/Python_Codes/table/snapshots_split/Al_500K_snap00012.extxyz,Al,500,Al__500,0.0119870041915507,-0.009840230762851109,-0.02182723495440181,0.02182723495440181
/Users/yti0811/Desktop/FE_data/npj_CM01/NPJ_CM_Fig_Python/Public_Reproducibility_Package_V01/npjcm-free-energy-surrogate_Re3/Python_Codes/table/snapshots_split/Al_500K_snap00013.extxyz,Al,500,Al__500,0.0115401564137253,-0.010667907142562827,-0.022208063556288127,0.022208063556288127
/Users/yti0811/Desktop/FE_data/npj_CM01/NPJ_CM_Fig_Python/Public_Reproducibility_Package_V01/npjcm-free-energy-surrogate_Re3/Python_Codes/table/snapshots_split/Al_500K_snap00014.extxyz,Al,500,Al__500,0.0120356602902008,-0.011559369234623905,-0.023595029524824705,0.023595029524824705
/Users/yti0811/Desktop/FE_data/npj_CM01/NPJ_CM_Fig_Python/Public_Reproducibility_Package_V01/npjcm-free-energy-surrogate_Re3/Python_Codes/table/snapshots_split/Al_500K_snap00015.extxyz,Al,500,Al__500,0.0119666036261688,-0.010808666671181983,-0.022775270297350783,0.022775270297350783
/Users/yti0811/Desktop/FE_data/npj_CM01/NPJ_CM_Fig_Python/Public_Reproducibility_Package_V01/npjcm-free-energy-surrogate_Re3/Python_Codes/table/snapshots_split/Al_500K_snap00016.extxyz,Al,500,Al__500,0.0117945219162926,-0.010374348437451806,-0.022168870353744406,0.022168870353744406
/Users/yti0811/Desktop/FE_data/npj_CM01/NPJ_CM_Fig_Python/Public_Reproducibility_Package_V01/npjcm-free-energy-surrogate_Re3/Python_Codes/table/snapshots_split/Al_500K_snap00017.extxyz,Al,500,Al__500,0.0117197800099494,-0.009950978196201216,-0.021670758206150616,0.021670758206150616
/Users/yti0811/Desktop/FE_data/npj_CM01/NPJ_CM_Fig_Python/Public_Reproducibility_Package_V01/npjcm-free-energy-surrogate_Re3/Python_Codes/table/snapshots_split/Al_500K_snap00018.extxyz,Al,500,Al__500,0.0120172091597458,-0.010521601223835053,-0.022538810383580854,0.022538810383580854
/Users/yti0811/Desktop/FE_data/npj_CM01/NPJ_CM_Fig_Python/Public_Reproducibility_Package_V01/npjcm-free-energy-surrogate_Re3/Python_Codes/table/snapshots_split/Al_500K_snap00019.extxyz,Al,500,Al__500,0.011591462506612,-0.010012937562040532,-0.02160440006865253,0.02160440006865253
/Users/yti0811/Desktop/FE_data/npj_CM01/NPJ_CM_Fig_Python/Public_Reproducibility_Package_V01/npjcm-free-energy-surrogate_Re3/Python_Codes/table/snapshots_split/Al_500K_snap00020.extxyz,Al,500,Al__500,0.0116011060411224,-0.010948563024089102,-0.022549669065211504,0.022549669065211504
/Users/yti0811/Desktop/FE_data/npj_CM01/NPJ_CM_Fig_Python/Public_Reproducibility_Package_V01/npjcm-free-energy-surrogate_Re3/Python_Codes/table/snapshots_split/Al_500K_snap00021.extxyz,Al,500,Al__500,0.0114906788818333,-0.012348916062180172,-0.02383959494401347,0.02383959494401347
/Users/yti0811/Desktop/FE_data/npj_CM01/NPJ_CM_Fig_Python/Public_Reproducibility_Package_V01/npjcm-free-energy-surrogate_Re3/Python_Codes/table/snapshots_split/Al_500K_snap00022.extxyz,Al,500,Al__500,0.0119970747374741,-0.010436557552988147,-0.022433632290462246,0.022433632290462246
/Users/yti0811/Desktop/FE_data/npj_CM01/NPJ_CM_Fig_Python/Public_Reproducibility_Package_V01/npjcm-free-energy-surrogate_Re3/Python_Codes/table/snapshots_split/Al_500K_snap00023.extxyz,Al,500,Al__500,0.0116231710551676,-0.011465150562761841,-0.02308832161792944,0.02308832161792944
/Users/yti0811/Desktop/FE_data/npj_CM01/NPJ_CM_Fig_Python/Public_Reproducibility_Package_V01/npjcm-free-energy-surrogate_Re3/Python_Codes/table/snapshots_split/Al_500K_snap00024.extxyz,Al,500,Al__500,0.011860185863625,-0.011088112692262262,-0.022948298555887262,0.022948298555887262
/Users/yti0811/Desktop/FE_data/npj_CM01/NPJ_CM_Fig_Python/Public_Reproducibility_Package_V01/npjcm-free-energy-surrogate_Re3/Python_Codes/table/snapshots_split/Al_500K_snap00025.extxyz,Al,500,Al__500,0.0114279586805247,-0.011955088552390055,-0.023383047232914754,0.023383047232914754
/Users/yti0811/Desktop/FE_data/npj_CM01/NPJ_CM_Fig_Python/Public_Reproducibility_Package_V01/npjcm-free-energy-surrogate_Re3/Python_Codes/table/snapshots_split/Al_500K_snap00026.extxyz,Al,500,Al__500,0.0119031948715157,-0.011102370779922563,-0.023005565651438263,0.023005565651438263
/Users/yti0811/Desktop/FE_data/npj_CM01/NPJ_CM_Fig_Python/Public_Reproducibility_Package_V01/npjcm-free-energy-surrogate_Re3/Python_Codes/table/snapshots_split/Al_500K_snap00027.extxyz,Al,500,Al__500,0.0117579481763978,-0.012429877234972303,-0.0241878254113701,0.0241878254113701
/Users/yti0811/Desktop/FE_data/npj_CM01/NPJ_CM_Fig_Python/Public_Reproducibility_Package_V01/npjcm-free-energy-surrogate_Re3/Python_Codes/table/snapshots_split/Al_500K_snap00028.extxyz,Al,500,Al__500,0.0116406880466254,-0.010535872205120436,-0.022176560251745837,0.022176560251745837
/Users/yti0811/Desktop/FE_data/npj_CM01/NPJ_CM_Fig_Python/Public_Reproducibility_Package_V01/npjcm-free-energy-surrogate_Re3/Python_Codes/table/snapshots_split/Al_500K_snap00029.extxyz,Al,500,Al__500,0.0121264147206316,-0.010246308310392239,-0.02237272303102384,0.02237272303102384
/Users/yti0811/Desktop/FE_data/npj_CM01/NPJ_CM_Fig_Python/Public_Reproducibility_Package_V01/npjcm-free-energy-surrogate_Re3/Python_Codes/table/snapshots_split/Al_500K_snap00030.extxyz,Al,500,Al__500,0.0114032040183579,-0.00890142824840421,-0.02030463226676211,0.02030463226676211
/Users/yti0811/Desktop/FE_data/npj_CM01/NPJ_CM_Fig_Python/Public_Reproducibility_Package_V01/npjcm-free-energy-surrogate_Re3/Python_Codes/table/snapshots_split/Al_500K_snap00031.extxyz,Al,500,Al__500,0.0114926239594989,-0.011896550355945175,-0.023389174315444072,0.023389174315444072
/Users/yti0811/Desktop/FE_data/npj_CM01/NPJ_CM_Fig_Python/Public_Reproducibility_Package_V01/npjcm-free-energy-surrogate_Re3/Python_Codes/table/snapshots_split/Al_500K_snap00032.extxyz,Al,500,Al__500,0.0115889831358645,-0.011113562305236205,-0.022702545441100706,0.022702545441100706
/Users/yti0811/Desktop/FE_data/npj_CM01/NPJ_CM_Fig_Python/Public_Reproducibility_Package_V01/npjcm-free-energy-surrogate_Re3/Python_Codes/table/snapshots_split/Al_500K_snap00033.extxyz,Al,500,Al__500,0.0119564061103815,-0.010812248246484621,-0.02276865435686612,0.02276865435686612
/Users/yti0811/Desktop/FE_data/npj_CM01/NPJ_CM_Fig_Python/Public_Reproducibility_Package_V01/npjcm-free-energy-surrogate_Re3/Python_Codes/table/snapshots_split/Al_500K_snap00034.extxyz,Al,500,Al__500,0.0117798092945584,-0.010713108617801148,-0.02249291791235955,0.02249291791235955
/Users/yti0811/Desktop/FE_data/npj_CM01/NPJ_CM_Fig_Python/Public_Reproducibility_Package_V01/npjcm-free-energy-surrogate_Re3/Python_Codes/table/snapshots_split/Al_500K_snap00035.extxyz,Al,500,Al__500,0.0115845498389559,-0.010999942400250907,-0.02258449223920681,0.02258449223920681
/Users/yti0811/Desktop/FE_data/npj_CM01/NPJ_CM_Fig_Python/Public_Reproducibility_Package_V01/npjcm-free-energy-surrogate_Re3/Python_Codes/table/snapshots_split/Al_500K_snap00036.extxyz,Al,500,Al__500,0.0116077786740775,-0.010995444960024959,-0.022603223634102457,0.022603223634102457
/Users/yti0811/Desktop/FE_data/npj_CM01/NPJ_CM_Fig_Python/Public_Reproducibility_Package_V01/npjcm-free-energy-surrogate_Re3/Python_Codes/table/snapshots_split/Al_500K_snap00037.extxyz,Al,500,Al__500,0.011698597418,-0.010908384925438505,-0.022606982343438504,0.022606982343438504
/Users/yti0811/Desktop/FE_data/npj_CM01/NPJ_CM_Fig_Python/Public_Reproducibility_Package_V01/npjcm-free-energy-surrogate_Re3/Python_Codes/table/snapshots_split/Al_500K_snap00038.extxyz,Al,500,Al__500,0.0118917579938503,-0.009754200474252066,-0.021645958468102366,0.021645958468102366
/Users/yti0811/Desktop/FE_data/npj_CM01/NPJ_CM_Fig_Python/Public_Reproducibility_Package_V01/npjcm-free-energy-surrogate_Re3/Python_Codes/table/snapshots_split/Al_500K_snap00039.extxyz,Al,500,Al__500,0.0121916664523615,-0.009370406477513377,-0.021562072929874877,0.021562072929874877
/Users/yti0811/Desktop/FE_data/npj_CM01/NPJ_CM_Fig_Python/Public_Reproducibility_Package_V01/npjcm-free-energy-surrogate_Re3/Python_Codes/table/snapshots_split/Al_500K_snap00040.extxyz,Al,500,Al__500,0.0114510001189317,-0.009785985977976999,-0.0212369860969087,0.0212369860969087
/Users/yti0811/Desktop/FE_data/npj_CM01/NPJ_CM_Fig_Python/Public_Reproducibility_Package_V01/npjcm-free-energy-surrogate_Re3/Python_Codes/table/snapshots_split/Al_500K_snap00041.extxyz,Al,500,Al__500,0.0118500561914929,-0.009672907601789191,-0.021522963793282092,0.021522963793282092
/Users/yti0811/Desktop/FE_data/npj_CM01/NPJ_CM_Fig_Python/Public_Reproducibility_Package_V01/npjcm-free-energy-surrogate_Re3/Python_Codes/table/snapshots_split/Al_500K_snap00042.extxyz,Al,500,Al__500,0.0113399050010533,-0.01109365637863127,-0.022433561379684573,0.022433561379684573
/Users/yti0811/Desktop/FE_data/npj_CM01/NPJ_CM_Fig_Python/Public_Reproducibility_Package_V01/npjcm-free-energy-surrogate_Re3/Python_Codes/table/snapshots_split/Al_500K_snap00043.extxyz,Al,500,Al__500,0.0119519621424648,-0.010195146432283902,-0.022147108574748702,0.022147108574748702
/Users/yti0811/Desktop/FE_data/npj_CM01/NPJ_CM_Fig_Python/Public_Reproducibility_Package_V01/npjcm-free-energy-surrogate_Re3/Python_Codes/table/snapshots_split/Al_500K_snap00044.extxyz,Al,500,Al__500,0.0118463478261549,-0.01055062813326099,-0.02239697595941589,0.02239697595941589
/Users/yti0811/Desktop/FE_data/npj_CM01/NPJ_CM_Fig_Python/Public_Reproducibility_Package_V01/npjcm-free-energy-surrogate_Re3/Python_Codes/table/snapshots_split/Al_500K_snap00045.extxyz,Al,500,Al__500,0.0121587739208506,-0.010946805929150955,-0.023105579850001556,0.023105579850001556
/Users/yti0811/Desktop/FE_data/npj_CM01/NPJ_CM_Fig_Python/Public_Reproducibility_Package_V01/npjcm-free-energy-surrogate_Re3/Python_Codes/table/snapshots_split/Al_500K_snap00046.extxyz,Al,500,Al__500,0.011695630693761,-0.009369874466030315,-0.021065505159791317,0.021065505159791317
/Users/yti0811/Desktop/FE_data/npj_CM01/NPJ_CM_Fig_Python/Public_Reproducibility_Package_V01/npjcm-free-energy-surrogate_Re3/Python_Codes/table/snapshots_split/Al_500K_snap00047.extxyz,Al,500,Al__500,0.011726953937004,-0.01019771759645786,-0.02192467153346186,0.02192467153346186
/Users/yti0811/Desktop/FE_data/npj_CM01/NPJ_CM_Fig_Python/Public_Reproducibility_Package_V01/npjcm-free-energy-surrogate_Re3/Python_Codes/table/snapshots_split/Al_500K_snap00048.extxyz,Al,500,Al__500,0.0117873355310754,-0.01128304711128723,-0.02307038264236263,0.02307038264236263
/Users/yti0811/Desktop/FE_data/npj_CM01/NPJ_CM_Fig_Python/Public_Reproducibility_Package_V01/npjcm-free-energy-surrogate_Re3/Python_Codes/table/snapshots_split/Al_500K_snap00049.extxyz,Al,500,Al__500,0.0118842214213562,-0.011397323323816188,-0.02328154474517239,0.02328154474517239
/Users/yti0811/Desktop/FE_data/npj_CM01/NPJ_CM_Fig_Python/Public_Reproducibility_Package_V01/npjcm-free-energy-surrogate_Re3/Python_Codes/table/snapshots_split/Al_500K_snap00050.extxyz,Al,500,Al__500,0.0118958969469578,-0.012197965256608248,-0.024093862203566047,0.024093862203566047
/Users/yti0811/Desktop/FE_data/npj_CM01/NPJ_CM_Fig_Python/Public_Reproducibility_Package_V01/npjcm-free-energy-surrogate_Re3/Python_Codes/table/snapshots_split/Al_500K_snap00051.extxyz,Al,500,Al__500,0.0121710399799518,-0.011156717941232235,-0.023327757921184036,0.023327757921184036
/Users/yti0811/Desktop/FE_data/npj_CM01/NPJ_CM_Fig_Python/Public_Reproducibility_Package_V01/npjcm-free-energy-surrogate_Re3/Python_Codes/table/snapshots_split/Al_500K_snap00052.extxyz,Al,500,Al__500,0.0114914132686864,-0.008521073501254368,-0.020012486769940767,0.020012486769940767
/Users/yti0811/Desktop/FE_data/npj_CM01/NPJ_CM_Fig_Python/Public_Reproducibility_Package_V01/npjcm-free-energy-surrogate_Re3/Python_Codes/table/snapshots_split/Al_500K_snap00053.extxyz,Al,500,Al__500,0.0114858797353588,-0.010041741396542526,-0.021527621131901327,0.021527621131901327
/Users/yti0811/Desktop/FE_data/npj_CM01/NPJ_CM_Fig_Python/Public_Reproducibility_Package_V01/npjcm-free-energy-surrogate_Re3/Python_Codes/table/snapshots_split/Al_500K_snap00054.extxyz,Al,500,Al__500,0.0121594003530517,-0.009508975175967991,-0.021668375529019693,0.021668375529019693
/Users/yti0811/Desktop/FE_data/npj_CM01/NPJ_CM_Fig_Python/Public_Reproducibility_Package_V01/npjcm-free-energy-surrogate_Re3/Python_Codes/table/snapshots_split/Al_500K_snap00055.extxyz,Al,500,Al__500,0.0116034278182126,-0.012163885002260497,-0.023767312820473098,0.023767312820473098
/Users/yti0811/Desktop/FE_data/npj_CM01/NPJ_CM_Fig_Python/Public_Reproducibility_Package_V01/npjcm-free-energy-surrogate_Re3/Python_Codes/table/snapshots_split/Al_500K_snap00056.extxyz,Al,500,Al__500,0.0117455497788882,-0.010449992704015322,-0.02219554248290352,0.02219554248290352
/Users/yti0811/Desktop/FE_data/npj_CM01/NPJ_CM_Fig_Python/Public_Reproducibility_Package_V01/npjcm-free-energy-surrogate_Re3/Python_Codes/table/snapshots_split/Al_500K_snap00057.extxyz,Al,500,Al__500,0.0116715837776887,-0.011494611446363306,-0.023166195224052007,0.023166195224052007
/Users/yti0811/Desktop/FE_data/npj_CM01/NPJ_CM_Fig_Python/Public_Reproducibility_Package_V01/npjcm-free-energy-surrogate_Re3/Python_Codes/table/snapshots_split/Al_500K_snap00058.extxyz,Al,500,Al__500,0.0119792236478832,-0.00996156344643736,-0.02194078709432056,0.02194078709432056
/Users/yti0811/Desktop/FE_data/npj_CM01/NPJ_CM_Fig_Python/Public_Reproducibility_Package_V01/npjcm-free-energy-surrogate_Re3/Python_Codes/table/snapshots_split/Al_500K_snap00059.extxyz,Al,500,Al__500,0.0119639109400389,-0.010506391487495468,-0.022470302427534367,0.022470302427534367
/Users/yti0811/Desktop/FE_data/npj_CM01/NPJ_CM_Fig_Python/Public_Reproducibility_Package_V01/npjcm-free-energy-surrogate_Re3/Python_Codes/table/snapshots_split/Al_500K_snap00060.extxyz,Al,500,Al__500,0.0118129425059574,-0.00945825940416437,-0.021271201910121773,0.021271201910121773
/Users/yti0811/Desktop/FE_data/npj_CM01/NPJ_CM_Fig_Python/Public_Reproducibility_Package_V01/npjcm-free-energy-surrogate_Re3/Python_Codes/table/snapshots_split/Al_500K_snap00061.extxyz,Al,500,Al__500,0.0121002913133986,-0.011505631430777336,-0.023605922744175938,0.023605922744175938
/Users/yti0811/Desktop/FE_data/npj_CM01/NPJ_CM_Fig_Python/Public_Reproducibility_Package_V01/npjcm-free-energy-surrogate_Re3/Python_Codes/table/snapshots_split/Al_500K_snap00062.extxyz,Al,500,Al__500,0.0117026745585505,-0.009841019530858886,-0.021543694089409385,0.021543694089409385
/Users/yti0811/Desktop/FE_data/npj_CM01/NPJ_CM_Fig_Python/Public_Reproducibility_Package_V01/npjcm-free-energy-surrogate_Re3/Python_Codes/table/snapshots_split/Al_500K_snap00063.extxyz,Al,500,Al__500,0.0116430000490252,-0.010814608980390833,-0.022457609029416032,0.022457609029416032
/Users/yti0811/Desktop/FE_data/npj_CM01/NPJ_CM_Fig_Python/Public_Reproducibility_Package_V01/npjcm-free-energy-surrogate_Re3/Python_Codes/table/snapshots_split/Al_500K_snap00064.extxyz,Al,500,Al__500,0.0118180342772757,-0.01205775964367136,-0.02387579392094706,0.02387579392094706
/Users/yti0811/Desktop/FE_data/npj_CM01/NPJ_CM_Fig_Python/Public_Reproducibility_Package_V01/npjcm-free-energy-surrogate_Re3/Python_Codes/table/snapshots_split/Al_500K_snap00065.extxyz,Al,500,Al__500,0.0116521074307006,-0.010923544805088307,-0.022575652235788907,0.022575652235788907
/Users/yti0811/Desktop/FE_data/npj_CM01/NPJ_CM_Fig_Python/Public_Reproducibility_Package_V01/npjcm-free-energy-surrogate_Re3/Python_Codes/table/snapshots_split/Al_500K_snap00066.extxyz,Al,500,Al__500,0.0116265210769138,-0.01268592330284407,-0.02431244437975787,0.02431244437975787
/Users/yti0811/Desktop/FE_data/npj_CM01/NPJ_CM_Fig_Python/Public_Reproducibility_Package_V01/npjcm-free-energy-surrogate_Re3/Python_Codes/table/snapshots_split/Al_500K_snap00067.extxyz,Al,500,Al__500,0.0117503067535348,-0.01143485835335786,-0.023185165106892662,0.023185165106892662
/Users/yti0811/Desktop/FE_data/npj_CM01/NPJ_CM_Fig_Python/Public_Reproducibility_Package_V01/npjcm-free-energy-surrogate_Re3/Python_Codes/table/snapshots_split/Al_500K_snap00068.extxyz,Al,500,Al__500,0.0114409217643031,-0.009528443166564045,-0.020969364930867145,0.020969364930867145
/Users/yti0811/Desktop/FE_data/npj_CM01/NPJ_CM_Fig_Python/Public_Reproducibility_Package_V01/npjcm-free-energy-surrogate_Re3/Python_Codes/table/snapshots_split/Al_500K_snap00069.extxyz,Al,500,Al__500,0.0119311357557868,-0.010619967317638836,-0.022551103073425637,0.022551103073425637
/Users/yti0811/Desktop/FE_data/npj_CM01/NPJ_CM_Fig_Python/Public_Reproducibility_Package_V01/npjcm-free-energy-surrogate_Re3/Python_Codes/table/snapshots_split/Al_500K_snap00070.extxyz,Al,500,Al__500,0.0117387378020638,-0.009989858775529582,-0.021728596577593382,0.021728596577593382
/Users/yti0811/Desktop/FE_data/npj_CM01/NPJ_CM_Fig_Python/Public_Reproducibility_Package_V01/npjcm-free-energy-surrogate_Re3/Python_Codes/table/snapshots_split/Al_500K_snap00071.extxyz,Al,500,Al__500,0.0119347516944176,-0.010712691964403241,-0.02264744365882084,0.02264744365882084
/Users/yti0811/Desktop/FE_data/npj_CM01/NPJ_CM_Fig_Python/Public_Reproducibility_Package_V01/npjcm-free-energy-surrogate_Re3/Python_Codes/table/snapshots_split/Al_500K_snap00072.extxyz,Al,500,Al__500,0.0114992253480663,-0.011089062477119372,-0.022588287825185672,0.022588287825185672
/Users/yti0811/Desktop/FE_data/npj_CM01/NPJ_CM_Fig_Python/Public_Reproducibility_Package_V01/npjcm-free-energy-surrogate_Re3/Python_Codes/table/snapshots_split/Al_500K_snap00073.extxyz,Al,500,Al__500,0.0117818880390513,-0.010753514054192979,-0.022535402093244276,0.022535402093244276
/Users/yti0811/Desktop/FE_data/npj_CM01/NPJ_CM_Fig_Python/Public_Reproducibility_Package_V01/npjcm-free-energy-surrogate_Re3/Python_Codes/table/snapshots_split/Al_500K_snap00074.extxyz,Al,500,Al__500,0.011777645909493,-0.010590636926519879,-0.02236828283601288,0.02236828283601288
/Users/yti0811/Desktop/FE_data/npj_CM01/NPJ_CM_Fig_Python/Public_Reproducibility_Package_V01/npjcm-free-energy-surrogate_Re3/Python_Codes/table/snapshots_split/Al_500K_snap00075.extxyz,Al,500,Al__500,0.0116984305066402,-0.010939218887275712,-0.02263764939391591,0.02263764939391591
/Users/yti0811/Desktop/FE_data/npj_CM01/NPJ_CM_Fig_Python/Public_Reproducibility_Package_V01/npjcm-free-energy-surrogate_Re3/Python_Codes/table/snapshots_split/Al_500K_snap00076.extxyz,Al,500,Al__500,0.0116030928392595,-0.010727918202730412,-0.02233101104198991,0.02233101104198991
/Users/yti0811/Desktop/FE_data/npj_CM01/NPJ_CM_Fig_Python/Public_Reproducibility_Package_V01/npjcm-free-energy-surrogate_Re3/Python_Codes/table/snapshots_split/Al_500K_snap00077.extxyz,Al,500,Al__500,0.0116954886635062,-0.011681229877394918,-0.02337671854090112,0.02337671854090112
/Users/yti0811/Desktop/FE_data/npj_CM01/NPJ_CM_Fig_Python/Public_Reproducibility_Package_V01/npjcm-free-energy-surrogate_Re3/Python_Codes/table/snapshots_split/Al_500K_snap00078.extxyz,Al,500,Al__500,0.0119459596124743,-0.011829193224688245,-0.023775152837162545,0.023775152837162545
/Users/yti0811/Desktop/FE_data/npj_CM01/NPJ_CM_Fig_Python/Public_Reproducibility_Package_V01/npjcm-free-energy-surrogate_Re3/Python_Codes/table/snapshots_split/Al_500K_snap00079.extxyz,Al,500,Al__500,0.0116313475010222,-0.011463122890143543,-0.023094470391165745,0.023094470391165745
/Users/yti0811/Desktop/FE_data/npj_CM01/NPJ_CM_Fig_Python/Public_Reproducibility_Package_V01/npjcm-free-energy-surrogate_Re3/Python_Codes/table/snapshots_split/Al_500K_snap00080.extxyz,Al,500,Al__500,0.011886344704526,-0.010067577916132015,-0.021953922620658015,0.021953922620658015
/Users/yti0811/Desktop/FE_data/npj_CM01/NPJ_CM_Fig_Python/Public_Reproducibility_Package_V01/npjcm-free-energy-surrogate_Re3/Python_Codes/table/snapshots_split/Al_500K_snap00081.extxyz,Al,500,Al__500,0.0118582620346165,-0.012169378063354691,-0.02402764009797119,0.02402764009797119
/Users/yti0811/Desktop/FE_data/npj_CM01/NPJ_CM_Fig_Python/Public_Reproducibility_Package_V01/npjcm-free-energy-surrogate_Re3/Python_Codes/table/snapshots_split/Al_500K_snap00082.extxyz,Al,500,Al__500,0.0117335186900111,-0.011640401639772915,-0.023373920329784015,0.023373920329784015
/Users/yti0811/Desktop/FE_data/npj_CM01/NPJ_CM_Fig_Python/Public_Reproducibility_Package_V01/npjcm-free-energy-surrogate_Re3/Python_Codes/table/snapshots_split/Al_500K_snap00083.extxyz,Al,500,Al__500,0.0118274936291447,-0.011610635038709452,-0.02343812866785415,0.02343812866785415
/Users/yti0811/Desktop/FE_data/npj_CM01/NPJ_CM_Fig_Python/Public_Reproducibility_Package_V01/npjcm-free-energy-surrogate_Re3/Python_Codes/table/snapshots_split/Al_500K_snap00084.extxyz,Al,500,Al__500,0.0117678508426515,-0.011777890973700664,-0.023545741816352165,0.023545741816352165
/Users/yti0811/Desktop/FE_data/npj_CM01/NPJ_CM_Fig_Python/Public_Reproducibility_Package_V01/npjcm-free-energy-surrogate_Re3/Python_Codes/table/snapshots_split/Al_500K_snap00085.extxyz,Al,500,Al__500,0.0121589866233267,-0.01194771912313771,-0.02410670574646441,0.02410670574646441
/Users/yti0811/Desktop/FE_data/npj_CM01/NPJ_CM_Fig_Python/Public_Reproducibility_Package_V01/npjcm-free-energy-surrogate_Re3/Python_Codes/table/snapshots_split/Al_500K_snap00086.extxyz,Al,500,Al__500,0.0117450621470799,-0.012733624926651681,-0.024478687073731582,0.024478687073731582
/Users/yti0811/Desktop/FE_data/npj_CM01/NPJ_CM_Fig_Python/Public_Reproducibility_Package_V01/npjcm-free-energy-surrogate_Re3/Python_Codes/table/snapshots_split/Al_500K_snap00087.extxyz,Al,500,Al__500,0.011646529091471,-0.011083410808446058,-0.02272993989991706,0.02272993989991706
/Users/yti0811/Desktop/FE_data/npj_CM01/NPJ_CM_Fig_Python/Public_Reproducibility_Package_V01/npjcm-free-energy-surrogate_Re3/Python_Codes/table/snapshots_split/Al_500K_snap00088.extxyz,Al,500,Al__500,0.0117621767984809,-0.012138223208429168,-0.02390040000691007,0.02390040000691007
/Users/yti0811/Desktop/FE_data/npj_CM01/NPJ_CM_Fig_Python/Public_Reproducibility_Package_V01/npjcm-free-energy-surrogate_Re3/Python_Codes/table/snapshots_split/Al_500K_snap00089.extxyz,Al,500,Al__500,0.0120627731256678,-0.011518827088312792,-0.02358160021398059,0.02358160021398059
/Users/yti0811/Desktop/FE_data/npj_CM01/NPJ_CM_Fig_Python/Public_Reproducibility_Package_V01/npjcm-free-energy-surrogate_Re3/Python_Codes/table/snapshots_split/Al_500K_snap00090.extxyz,Al,500,Al__500,0.0118277829444901,-0.010195389847519177,-0.022023172792009278,0.022023172792009278
/Users/yti0811/Desktop/FE_data/npj_CM01/NPJ_CM_Fig_Python/Public_Reproducibility_Package_V01/npjcm-free-energy-surrogate_Re3/Python_Codes/table/snapshots_split/Al_500K_snap00091.extxyz,Al,500,Al__500,0.0116894481460484,-0.012178078667902536,-0.023867526813950934,0.023867526813950934
/Users/yti0811/Desktop/FE_data/npj_CM01/NPJ_CM_Fig_Python/Public_Reproducibility_Package_V01/npjcm-free-energy-surrogate_Re3/Python_Codes/table/snapshots_split/Al_500K_snap00092.extxyz,Al,500,Al__500,0.0121166939567929,-0.012412455591731191,-0.02452914954852409,0.02452914954852409
/Users/yti0811/Desktop/FE_data/npj_CM01/NPJ_CM_Fig_Python/Public_Reproducibility_Package_V01/npjcm-free-energy-surrogate_Re3/Python_Codes/table/snapshots_split/Al_500K_snap00093.extxyz,Al,500,Al__500,0.0118777392644907,-0.011105723455231694,-0.022983462719722396,0.022983462719722396
/Users/yti0811/Desktop/FE_data/npj_CM01/NPJ_CM_Fig_Python/Public_Reproducibility_Package_V01/npjcm-free-energy-surrogate_Re3/Python_Codes/table/snapshots_split/Al_500K_snap00094.extxyz,Al,500,Al__500,0.0117711717323263,-0.010884701368226227,-0.022655873100552528,0.022655873100552528
/Users/yti0811/Desktop/FE_data/npj_CM01/NPJ_CM_Fig_Python/Public_Reproducibility_Package_V01/npjcm-free-energy-surrogate_Re3/Python_Codes/table/snapshots_split/Al_500K_snap00095.extxyz,Al,500,Al__500,0.0116498389710806,-0.011900715523874984,-0.023550554494955585,0.023550554494955585
/Users/yti0811/Desktop/FE_data/npj_CM01/NPJ_CM_Fig_Python/Public_Reproducibility_Package_V01/npjcm-free-energy-surrogate_Re3/Python_Codes/table/snapshots_split/Al_500K_snap00096.extxyz,Al,500,Al__500,0.0119250037627366,-0.010031744722333065,-0.021956748485069663,0.021956748485069663
/Users/yti0811/Desktop/FE_data/npj_CM01/NPJ_CM_Fig_Python/Public_Reproducibility_Package_V01/npjcm-free-energy-surrogate_Re3/Python_Codes/table/snapshots_split/Al_500K_snap00097.extxyz,Al,500,Al__500,0.0113823919170427,-0.011558127871953776,-0.02294051978899648,0.02294051978899648
/Users/yti0811/Desktop/FE_data/npj_CM01/NPJ_CM_Fig_Python/Public_Reproducibility_Package_V01/npjcm-free-energy-surrogate_Re3/Python_Codes/table/snapshots_split/Al_500K_snap00098.extxyz,Al,500,Al__500,0.011722051222218,-0.01118627118291932,-0.02290832240513732,0.02290832240513732
/Users/yti0811/Desktop/FE_data/npj_CM01/NPJ_CM_Fig_Python/Public_Reproducibility_Package_V01/npjcm-free-energy-surrogate_Re3/Python_Codes/table/snapshots_split/Al_500K_snap00099.extxyz,Al,500,Al__500,0.0117764806694175,-0.010490674495513606,-0.022267155164931107,0.022267155164931107
/Users/yti0811/Desktop/FE_data/npj_CM01/NPJ_CM_Fig_Python/Public_Reproducibility_Package_V01/npjcm-free-energy-surrogate_Re3/Python_Codes/table/snapshots_split/Al_600K_snap00000.extxyz,Al,600,Al__600,0.0201773950277954,-0.013881656187514899,-0.0340590512153103,0.0340590512153103
/Users/yti0811/Desktop/FE_data/npj_CM01/NPJ_CM_Fig_Python/Public_Reproducibility_Package_V01/npjcm-free-energy-surrogate_Re3/Python_Codes/table/snapshots_split/Al_600K_snap00001.extxyz,Al,600,Al__600,0.0203153462810508,-0.015908854550030497,-0.0362242008310813,0.0362242008310813
/Users/yti0811/Desktop/FE_data/npj_CM01/NPJ_CM_Fig_Python/Public_Reproducibility_Package_V01/npjcm-free-energy-surrogate_Re3/Python_Codes/table/snapshots_split/Al_600K_snap00002.extxyz,Al,600,Al__600,0.0197545816851748,-0.016072826475255153,-0.03582740816042995,0.03582740816042995
/Users/yti0811/Desktop/FE_data/npj_CM01/NPJ_CM_Fig_Python/Public_Reproducibility_Package_V01/npjcm-free-energy-surrogate_Re3/Python_Codes/table/snapshots_split/Al_600K_snap00003.extxyz,Al,600,Al__600,0.0198862528607783,-0.015037443075421033,-0.03492369593619933,0.03492369593619933
/Users/yti0811/Desktop/FE_data/npj_CM01/NPJ_CM_Fig_Python/Public_Reproducibility_Package_V01/npjcm-free-energy-surrogate_Re3/Python_Codes/table/snapshots_split/Al_600K_snap00004.extxyz,Al,600,Al__600,0.0200946365785938,-0.016242149010503307,-0.03633678558909711,0.03633678558909711
/Users/yti0811/Desktop/FE_data/npj_CM01/NPJ_CM_Fig_Python/Public_Reproducibility_Package_V01/npjcm-free-energy-surrogate_Re3/Python_Codes/table/snapshots_split/Al_600K_snap00005.extxyz,Al,600,Al__600,0.0202269692340359,-0.016446778859229506,-0.0366737480932654,0.0366737480932654
/Users/yti0811/Desktop/FE_data/npj_CM01/NPJ_CM_Fig_Python/Public_Reproducibility_Package_V01/npjcm-free-energy-surrogate_Re3/Python_Codes/table/snapshots_split/Al_600K_snap00006.extxyz,Al,600,Al__600,0.0204529383808307,-0.014909340778488968,-0.035362279159319665,0.035362279159319665
/Users/yti0811/Desktop/FE_data/npj_CM01/NPJ_CM_Fig_Python/Public_Reproducibility_Package_V01/npjcm-free-energy-surrogate_Re3/Python_Codes/table/snapshots_split/Al_600K_snap00007.extxyz,Al,600,Al__600,0.0201299522939154,-0.016224935730274573,-0.03635488802418997,0.03635488802418997
/Users/yti0811/Desktop/FE_data/npj_CM01/NPJ_CM_Fig_Python/Public_Reproducibility_Package_V01/npjcm-free-energy-surrogate_Re3/Python_Codes/table/snapshots_split/Al_600K_snap00008.extxyz,Al,600,Al__600,0.0198723391654256,-0.016957173042933694,-0.0368295122083593,0.0368295122083593
/Users/yti0811/Desktop/FE_data/npj_CM01/NPJ_CM_Fig_Python/Public_Reproducibility_Package_V01/npjcm-free-energy-surrogate_Re3/Python_Codes/table/snapshots_split/Al_600K_snap00009.extxyz,Al,600,Al__600,0.0204253521449058,-0.016039741304310556,-0.036465093449216356,0.036465093449216356
/Users/yti0811/Desktop/FE_data/npj_CM01/NPJ_CM_Fig_Python/Public_Reproducibility_Package_V01/npjcm-free-energy-surrogate_Re3/Python_Codes/table/snapshots_split/Al_600K_snap00010.extxyz,Al,600,Al__600,0.020420800052445,-0.017092876683877878,-0.037513676736322873,0.037513676736322873
/Users/yti0811/Desktop/FE_data/npj_CM01/NPJ_CM_Fig_Python/Public_Reproducibility_Package_V01/npjcm-free-energy-surrogate_Re3/Python_Codes/table/snapshots_split/Al_600K_snap00011.extxyz,Al,600,Al__600,0.0202033201172222,-0.016226532358214456,-0.03642985247543666,0.03642985247543666
/Users/yti0811/Desktop/FE_data/npj_CM01/NPJ_CM_Fig_Python/Public_Reproducibility_Package_V01/npjcm-free-energy-surrogate_Re3/Python_Codes/table/snapshots_split/Al_600K_snap00012.extxyz,Al,600,Al__600,0.0206555465939166,-0.016149721129716528,-0.03680526772363313,0.03680526772363313
/Users/yti0811/Desktop/FE_data/npj_CM01/NPJ_CM_Fig_Python/Public_Reproducibility_Package_V01/npjcm-free-energy-surrogate_Re3/Python_Codes/table/snapshots_split/Al_600K_snap00013.extxyz,Al,600,Al__600,0.0202135053776431,-0.014091261130254266,-0.034304766507897363,0.034304766507897363
/Users/yti0811/Desktop/FE_data/npj_CM01/NPJ_CM_Fig_Python/Public_Reproducibility_Package_V01/npjcm-free-energy-surrogate_Re3/Python_Codes/table/snapshots_split/Al_600K_snap00014.extxyz,Al,600,Al__600,0.0201400599042023,-0.013814824048433809,-0.033954883952636114,0.033954883952636114
/Users/yti0811/Desktop/FE_data/npj_CM01/NPJ_CM_Fig_Python/Public_Reproducibility_Package_V01/npjcm-free-energy-surrogate_Re3/Python_Codes/table/snapshots_split/Al_600K_snap00015.extxyz,Al,600,Al__600,0.0200298610651155,-0.014783719422945787,-0.03481358048806128,0.03481358048806128
/Users/yti0811/Desktop/FE_data/npj_CM01/NPJ_CM_Fig_Python/Public_Reproducibility_Package_V01/npjcm-free-energy-surrogate_Re3/Python_Codes/table/snapshots_split/Al_600K_snap00016.extxyz,Al,600,Al__600,0.0199739266034832,-0.015708788518815138,-0.03568271512229834,0.03568271512229834
/Users/yti0811/Desktop/FE_data/npj_CM01/NPJ_CM_Fig_Python/Public_Reproducibility_Package_V01/npjcm-free-energy-surrogate_Re3/Python_Codes/table/snapshots_split/Al_600K_snap00017.extxyz,Al,600,Al__600,0.0202317842789077,-0.016411959034877688,-0.03664374331378539,0.03664374331378539
/Users/yti0811/Desktop/FE_data/npj_CM01/NPJ_CM_Fig_Python/Public_Reproducibility_Package_V01/npjcm-free-energy-surrogate_Re3/Python_Codes/table/snapshots_split/Al_600K_snap00018.extxyz,Al,600,Al__600,0.0196236076261262,-0.015434791402198101,-0.035058399028324305,0.035058399028324305
/Users/yti0811/Desktop/FE_data/npj_CM01/NPJ_CM_Fig_Python/Public_Reproducibility_Package_V01/npjcm-free-energy-surrogate_Re3/Python_Codes/table/snapshots_split/Al_600K_snap00019.extxyz,Al,600,Al__600,0.0207259500585152,-0.015400841329373555,-0.036126791387888754,0.036126791387888754
/Users/yti0811/Desktop/FE_data/npj_CM01/NPJ_CM_Fig_Python/Public_Reproducibility_Package_V01/npjcm-free-energy-surrogate_Re3/Python_Codes/table/snapshots_split/Al_600K_snap00020.extxyz,Al,600,Al__600,0.0202017611431009,-0.016226714650352095,-0.036428475793453,0.036428475793453
/Users/yti0811/Desktop/FE_data/npj_CM01/NPJ_CM_Fig_Python/Public_Reproducibility_Package_V01/npjcm-free-energy-surrogate_Re3/Python_Codes/table/snapshots_split/Al_600K_snap00021.extxyz,Al,600,Al__600,0.0204754053865945,-0.017560080941976225,-0.038035486328570726,0.038035486328570726
/Users/yti0811/Desktop/FE_data/npj_CM01/NPJ_CM_Fig_Python/Public_Reproducibility_Package_V01/npjcm-free-energy-surrogate_Re3/Python_Codes/table/snapshots_split/Al_600K_snap00022.extxyz,Al,600,Al__600,0.0199691256712897,-0.015074049706026505,-0.03504317537731621,0.03504317537731621
/Users/yti0811/Desktop/FE_data/npj_CM01/NPJ_CM_Fig_Python/Public_Reproducibility_Package_V01/npjcm-free-energy-surrogate_Re3/Python_Codes/table/snapshots_split/Al_600K_snap00023.extxyz,Al,600,Al__600,0.0204862316266913,-0.016361617959912467,-0.03684784958660377,0.03684784958660377
/Users/yti0811/Desktop/FE_data/npj_CM01/NPJ_CM_Fig_Python/Public_Reproducibility_Package_V01/npjcm-free-energy-surrogate_Re3/Python_Codes/table/snapshots_split/Al_600K_snap00024.extxyz,Al,600,Al__600,0.0205097933899256,-0.015697886586140113,-0.036207679976065714,0.036207679976065714
/Users/yti0811/Desktop/FE_data/npj_CM01/NPJ_CM_Fig_Python/Public_Reproducibility_Package_V01/npjcm-free-energy-surrogate_Re3/Python_Codes/table/snapshots_split/Al_600K_snap00025.extxyz,Al,600,Al__600,0.020209783297328,-0.015095865912577455,-0.035305649209905456,0.035305649209905456
/Users/yti0811/Desktop/FE_data/npj_CM01/NPJ_CM_Fig_Python/Public_Reproducibility_Package_V01/npjcm-free-energy-surrogate_Re3/Python_Codes/table/snapshots_split/Al_600K_snap00026.extxyz,Al,600,Al__600,0.0197476421785192,-0.014424085866468558,-0.034171728044987755,0.034171728044987755
/Users/yti0811/Desktop/FE_data/npj_CM01/NPJ_CM_Fig_Python/Public_Reproducibility_Package_V01/npjcm-free-energy-surrogate_Re3/Python_Codes/table/snapshots_split/Al_600K_snap00027.extxyz,Al,600,Al__600,0.0205690702054124,-0.016214495155864598,-0.036783565361277,0.036783565361277
/Users/yti0811/Desktop/FE_data/npj_CM01/NPJ_CM_Fig_Python/Public_Reproducibility_Package_V01/npjcm-free-energy-surrogate_Re3/Python_Codes/table/snapshots_split/Al_600K_snap00028.extxyz,Al,600,Al__600,0.0197864038336581,-0.014763712802100967,-0.03455011663575906,0.03455011663575906
/Users/yti0811/Desktop/FE_data/npj_CM01/NPJ_CM_Fig_Python/Public_Reproducibility_Package_V01/npjcm-free-energy-surrogate_Re3/Python_Codes/table/snapshots_split/Al_600K_snap00029.extxyz,Al,600,Al__600,0.0202038567573457,-0.01456548283383888,-0.03476933959118458,0.03476933959118458
/Users/yti0811/Desktop/FE_data/npj_CM01/NPJ_CM_Fig_Python/Public_Reproducibility_Package_V01/npjcm-free-energy-surrogate_Re3/Python_Codes/table/snapshots_split/Al_600K_snap00030.extxyz,Al,600,Al__600,0.0201335454356701,-0.015440753665347863,-0.03557429910101796,0.03557429910101796
/Users/yti0811/Desktop/FE_data/npj_CM01/NPJ_CM_Fig_Python/Public_Reproducibility_Package_V01/npjcm-free-energy-surrogate_Re3/Python_Codes/table/snapshots_split/Al_600K_snap00031.extxyz,Al,600,Al__600,0.0203584695190877,-0.016401463431712723,-0.03675993295080042,0.03675993295080042
/Users/yti0811/Desktop/FE_data/npj_CM01/NPJ_CM_Fig_Python/Public_Reproducibility_Package_V01/npjcm-free-energy-surrogate_Re3/Python_Codes/table/snapshots_split/Al_600K_snap00032.extxyz,Al,600,Al__600,0.0203238241302738,-0.015670466536959048,-0.03599429066723285,0.03599429066723285
/Users/yti0811/Desktop/FE_data/npj_CM01/NPJ_CM_Fig_Python/Public_Reproducibility_Package_V01/npjcm-free-energy-surrogate_Re3/Python_Codes/table/snapshots_split/Al_600K_snap00033.extxyz,Al,600,Al__600,0.0202477957032589,-0.015557953183308949,-0.03580574888656785,0.03580574888656785
/Users/yti0811/Desktop/FE_data/npj_CM01/NPJ_CM_Fig_Python/Public_Reproducibility_Package_V01/npjcm-free-energy-surrogate_Re3/Python_Codes/table/snapshots_split/Al_600K_snap00034.extxyz,Al,600,Al__600,0.0199299315088297,-0.01525569715922582,-0.03518562866805552,0.03518562866805552
/Users/yti0811/Desktop/FE_data/npj_CM01/NPJ_CM_Fig_Python/Public_Reproducibility_Package_V01/npjcm-free-energy-surrogate_Re3/Python_Codes/table/snapshots_split/Al_600K_snap00035.extxyz,Al,600,Al__600,0.0196858356459201,-0.015708619825302046,-0.03539445547122215,0.03539445547122215
/Users/yti0811/Desktop/FE_data/npj_CM01/NPJ_CM_Fig_Python/Public_Reproducibility_Package_V01/npjcm-free-energy-surrogate_Re3/Python_Codes/table/snapshots_split/Al_600K_snap00036.extxyz,Al,600,Al__600,0.0202400469829668,-0.01617246901186664,-0.036412515994833444,0.036412515994833444
/Users/yti0811/Desktop/FE_data/npj_CM01/NPJ_CM_Fig_Python/Public_Reproducibility_Package_V01/npjcm-free-energy-surrogate_Re3/Python_Codes/table/snapshots_split/Al_600K_snap00037.extxyz,Al,600,Al__600,0.0204266057041773,-0.015200241066274758,-0.03562684677045206,0.03562684677045206
/Users/yti0811/Desktop/FE_data/npj_CM01/NPJ_CM_Fig_Python/Public_Reproducibility_Package_V01/npjcm-free-energy-surrogate_Re3/Python_Codes/table/snapshots_split/Al_600K_snap00038.extxyz,Al,600,Al__600,0.0200365742714476,-0.01495019115865984,-0.03498676543010744,0.03498676543010744
/Users/yti0811/Desktop/FE_data/npj_CM01/NPJ_CM_Fig_Python/Public_Reproducibility_Package_V01/npjcm-free-energy-surrogate_Re3/Python_Codes/table/snapshots_split/Al_600K_snap00039.extxyz,Al,600,Al__600,0.0201866184238428,-0.016551663725740632,-0.03673828214958343,0.03673828214958343
/Users/yti0811/Desktop/FE_data/npj_CM01/NPJ_CM_Fig_Python/Public_Reproducibility_Package_V01/npjcm-free-energy-surrogate_Re3/Python_Codes/table/snapshots_split/Al_600K_snap00040.extxyz,Al,600,Al__600,0.0201051053102048,-0.013899220991999044,-0.03400432630220385,0.03400432630220385
/Users/yti0811/Desktop/FE_data/npj_CM01/NPJ_CM_Fig_Python/Public_Reproducibility_Package_V01/npjcm-free-energy-surrogate_Re3/Python_Codes/table/snapshots_split/Al_600K_snap00041.extxyz,Al,600,Al__600,0.0199860003162467,-0.01719432901846375,-0.03718032933471045,0.03718032933471045
/Users/yti0811/Desktop/FE_data/npj_CM01/NPJ_CM_Fig_Python/Public_Reproducibility_Package_V01/npjcm-free-energy-surrogate_Re3/Python_Codes/table/snapshots_split/Al_600K_snap00042.extxyz,Al,600,Al__600,0.020052308921042,-0.0161649071902598,-0.0362172161113018,0.0362172161113018
/Users/yti0811/Desktop/FE_data/npj_CM01/NPJ_CM_Fig_Python/Public_Reproducibility_Package_V01/npjcm-free-energy-surrogate_Re3/Python_Codes/table/snapshots_split/Al_600K_snap00043.extxyz,Al,600,Al__600,0.0203159819013307,-0.01577720387468813,-0.03609318577601883,0.03609318577601883
/Users/yti0811/Desktop/FE_data/npj_CM01/NPJ_CM_Fig_Python/Public_Reproducibility_Package_V01/npjcm-free-energy-surrogate_Re3/Python_Codes/table/snapshots_split/Al_600K_snap00044.extxyz,Al,600,Al__600,0.0206167772523986,-0.014534412357981238,-0.03515118961037984,0.03515118961037984
/Users/yti0811/Desktop/FE_data/npj_CM01/NPJ_CM_Fig_Python/Public_Reproducibility_Package_V01/npjcm-free-energy-surrogate_Re3/Python_Codes/table/snapshots_split/Al_600K_snap00045.extxyz,Al,600,Al__600,0.0203958589389638,-0.016247606309036634,-0.03664346524800043,0.03664346524800043
/Users/yti0811/Desktop/FE_data/npj_CM01/NPJ_CM_Fig_Python/Public_Reproducibility_Package_V01/npjcm-free-energy-surrogate_Re3/Python_Codes/table/snapshots_split/Al_600K_snap00046.extxyz,Al,600,Al__600,0.0195443831788553,-0.015960928304511925,-0.035505311483367226,0.035505311483367226
/Users/yti0811/Desktop/FE_data/npj_CM01/NPJ_CM_Fig_Python/Public_Reproducibility_Package_V01/npjcm-free-energy-surrogate_Re3/Python_Codes/table/snapshots_split/Al_600K_snap00047.extxyz,Al,600,Al__600,0.0197286466516544,-0.015523994360290476,-0.03525264101194488,0.03525264101194488
/Users/yti0811/Desktop/FE_data/npj_CM01/NPJ_CM_Fig_Python/Public_Reproducibility_Package_V01/npjcm-free-energy-surrogate_Re3/Python_Codes/table/snapshots_split/Al_600K_snap00048.extxyz,Al,600,Al__600,0.0204188604309549,-0.014104410577329854,-0.034523271008284756,0.034523271008284756
/Users/yti0811/Desktop/FE_data/npj_CM01/NPJ_CM_Fig_Python/Public_Reproducibility_Package_V01/npjcm-free-energy-surrogate_Re3/Python_Codes/table/snapshots_split/Al_600K_snap00049.extxyz,Al,600,Al__600,0.0201452522276628,-0.015950130988215933,-0.03609538321587873,0.03609538321587873
/Users/yti0811/Desktop/FE_data/npj_CM01/NPJ_CM_Fig_Python/Public_Reproducibility_Package_V01/npjcm-free-energy-surrogate_Re3/Python_Codes/table/snapshots_split/Al_600K_snap00050.extxyz,Al,600,Al__600,0.0204585782795254,-0.018352710621593736,-0.03881128890111914,0.03881128890111914
/Users/yti0811/Desktop/FE_data/npj_CM01/NPJ_CM_Fig_Python/Public_Reproducibility_Package_V01/npjcm-free-energy-surrogate_Re3/Python_Codes/table/snapshots_split/Al_600K_snap00051.extxyz,Al,600,Al__600,0.0196414916402571,-0.01500727559488126,-0.034648767235138364,0.034648767235138364
/Users/yti0811/Desktop/FE_data/npj_CM01/NPJ_CM_Fig_Python/Public_Reproducibility_Package_V01/npjcm-free-energy-surrogate_Re3/Python_Codes/table/snapshots_split/Al_600K_snap00052.extxyz,Al,600,Al__600,0.0202579915559704,-0.01664220588262279,-0.03690019743859319,0.03690019743859319
/Users/yti0811/Desktop/FE_data/npj_CM01/NPJ_CM_Fig_Python/Public_Reproducibility_Package_V01/npjcm-free-energy-surrogate_Re3/Python_Codes/table/snapshots_split/Al_600K_snap00053.extxyz,Al,600,Al__600,0.0202390189448913,-0.016134244559468082,-0.036373263504359384,0.036373263504359384
/Users/yti0811/Desktop/FE_data/npj_CM01/NPJ_CM_Fig_Python/Public_Reproducibility_Package_V01/npjcm-free-energy-surrogate_Re3/Python_Codes/table/snapshots_split/Al_600K_snap00054.extxyz,Al,600,Al__600,0.0200970474829433,-0.01650488995166176,-0.03660193743460506,0.03660193743460506
/Users/yti0811/Desktop/FE_data/npj_CM01/NPJ_CM_Fig_Python/Public_Reproducibility_Package_V01/npjcm-free-energy-surrogate_Re3/Python_Codes/table/snapshots_split/Al_600K_snap00055.extxyz,Al,600,Al__600,0.019932491023318,-0.01611539586030365,-0.03604788688362165,0.03604788688362165
/Users/yti0811/Desktop/FE_data/npj_CM01/NPJ_CM_Fig_Python/Public_Reproducibility_Package_V01/npjcm-free-energy-surrogate_Re3/Python_Codes/table/snapshots_split/Al_600K_snap00056.extxyz,Al,600,Al__600,0.0199530061869463,-0.015201134683025029,-0.03515414086997133,0.03515414086997133
/Users/yti0811/Desktop/FE_data/npj_CM01/NPJ_CM_Fig_Python/Public_Reproducibility_Package_V01/npjcm-free-energy-surrogate_Re3/Python_Codes/table/snapshots_split/Al_600K_snap00057.extxyz,Al,600,Al__600,0.0202032299682313,-0.01565864675256344,-0.035861876720794744,0.035861876720794744
/Users/yti0811/Desktop/FE_data/npj_CM01/NPJ_CM_Fig_Python/Public_Reproducibility_Package_V01/npjcm-free-energy-surrogate_Re3/Python_Codes/table/snapshots_split/Al_600K_snap00058.extxyz,Al,600,Al__600,0.0202514067522618,-0.01566510784114847,-0.035916514593410276,0.035916514593410276
/Users/yti0811/Desktop/FE_data/npj_CM01/NPJ_CM_Fig_Python/Public_Reproducibility_Package_V01/npjcm-free-energy-surrogate_Re3/Python_Codes/table/snapshots_split/Al_600K_snap00059.extxyz,Al,600,Al__600,0.0202677775281772,-0.016791984756958343,-0.03705976228513554,0.03705976228513554
/Users/yti0811/Desktop/FE_data/npj_CM01/NPJ_CM_Fig_Python/Public_Reproducibility_Package_V01/npjcm-free-energy-surrogate_Re3/Python_Codes/table/snapshots_split/Al_600K_snap00060.extxyz,Al,600,Al__600,0.0197852473457726,-0.017085917236482343,-0.036871164582254944,0.036871164582254944
/Users/yti0811/Desktop/FE_data/npj_CM01/NPJ_CM_Fig_Python/Public_Reproducibility_Package_V01/npjcm-free-energy-surrogate_Re3/Python_Codes/table/snapshots_split/Al_600K_snap00061.extxyz,Al,600,Al__600,0.0202676086568007,-0.017658042909853268,-0.037925651566653965,0.037925651566653965
/Users/yti0811/Desktop/FE_data/npj_CM01/NPJ_CM_Fig_Python/Public_Reproducibility_Package_V01/npjcm-free-energy-surrogate_Re3/Python_Codes/table/snapshots_split/Al_600K_snap00062.extxyz,Al,600,Al__600,0.0202492000482312,-0.01560711998461893,-0.03585632003285013,0.03585632003285013
/Users/yti0811/Desktop/FE_data/npj_CM01/NPJ_CM_Fig_Python/Public_Reproducibility_Package_V01/npjcm-free-energy-surrogate_Re3/Python_Codes/table/snapshots_split/Al_600K_snap00063.extxyz,Al,600,Al__600,0.0198802041331681,-0.016563795227200494,-0.036443999360368594,0.036443999360368594
/Users/yti0811/Desktop/FE_data/npj_CM01/NPJ_CM_Fig_Python/Public_Reproducibility_Package_V01/npjcm-free-energy-surrogate_Re3/Python_Codes/table/snapshots_split/Al_600K_snap00064.extxyz,Al,600,Al__600,0.0205597706817883,-0.015979611753046515,-0.036539382434834816,0.036539382434834816
/Users/yti0811/Desktop/FE_data/npj_CM01/NPJ_CM_Fig_Python/Public_Reproducibility_Package_V01/npjcm-free-energy-surrogate_Re3/Python_Codes/table/snapshots_split/Al_600K_snap00065.extxyz,Al,600,Al__600,0.020277708110296,-0.015963972402854635,-0.03624168051315063,0.03624168051315063
/Users/yti0811/Desktop/FE_data/npj_CM01/NPJ_CM_Fig_Python/Public_Reproducibility_Package_V01/npjcm-free-energy-surrogate_Re3/Python_Codes/table/snapshots_split/Al_600K_snap00066.extxyz,Al,600,Al__600,0.0203526377642735,-0.017560585783448525,-0.03791322354772202,0.03791322354772202
/Users/yti0811/Desktop/FE_data/npj_CM01/NPJ_CM_Fig_Python/Public_Reproducibility_Package_V01/npjcm-free-energy-surrogate_Re3/Python_Codes/table/snapshots_split/Al_600K_snap00067.extxyz,Al,600,Al__600,0.019902878320033,-0.015106565405524873,-0.03500944372555787,0.03500944372555787
/Users/yti0811/Desktop/FE_data/npj_CM01/NPJ_CM_Fig_Python/Public_Reproducibility_Package_V01/npjcm-free-energy-surrogate_Re3/Python_Codes/table/snapshots_split/Al_600K_snap00068.extxyz,Al,600,Al__600,0.0201695658571223,-0.015559588812446278,-0.03572915466956858,0.03572915466956858
/Users/yti0811/Desktop/FE_data/npj_CM01/NPJ_CM_Fig_Python/Public_Reproducibility_Package_V01/npjcm-free-energy-surrogate_Re3/Python_Codes/table/snapshots_split/Al_600K_snap00069.extxyz,Al,600,Al__600,0.0201608363837599,-0.015987209767201794,-0.03614804615096169,0.03614804615096169
/Users/yti0811/Desktop/FE_data/npj_CM01/NPJ_CM_Fig_Python/Public_Reproducibility_Package_V01/npjcm-free-energy-surrogate_Re3/Python_Codes/table/snapshots_split/Al_600K_snap00070.extxyz,Al,600,Al__600,0.0199016381777361,-0.015427459814713562,-0.03532909799244966,0.03532909799244966
/Users/yti0811/Desktop/FE_data/npj_CM01/NPJ_CM_Fig_Python/Public_Reproducibility_Package_V01/npjcm-free-energy-surrogate_Re3/Python_Codes/table/snapshots_split/Al_600K_snap00071.extxyz,Al,600,Al__600,0.0198639878466078,-0.015400513751381724,-0.03526450159798952,0.03526450159798952
/Users/yti0811/Desktop/FE_data/npj_CM01/NPJ_CM_Fig_Python/Public_Reproducibility_Package_V01/npjcm-free-energy-surrogate_Re3/Python_Codes/table/snapshots_split/Al_600K_snap00072.extxyz,Al,600,Al__600,0.0201938855917191,-0.01494030873975708,-0.03513419433147618,0.03513419433147618
/Users/yti0811/Desktop/FE_data/npj_CM01/NPJ_CM_Fig_Python/Public_Reproducibility_Package_V01/npjcm-free-energy-surrogate_Re3/Python_Codes/table/snapshots_split/Al_600K_snap00073.extxyz,Al,600,Al__600,0.020085295968504,-0.015674362057040737,-0.03575965802554473,0.03575965802554473
/Users/yti0811/Desktop/FE_data/npj_CM01/NPJ_CM_Fig_Python/Public_Reproducibility_Package_V01/npjcm-free-energy-surrogate_Re3/Python_Codes/table/snapshots_split/Al_600K_snap00074.extxyz,Al,600,Al__600,0.0204106333412161,-0.01592332607220555,-0.03633395941342165,0.03633395941342165
/Users/yti0811/Desktop/FE_data/npj_CM01/NPJ_CM_Fig_Python/Public_Reproducibility_Package_V01/npjcm-free-energy-surrogate_Re3/Python_Codes/table/snapshots_split/Al_600K_snap00075.extxyz,Al,600,Al__600,0.0199057285558528,-0.015606134858841157,-0.03551186341469396,0.03551186341469396
/Users/yti0811/Desktop/FE_data/npj_CM01/NPJ_CM_Fig_Python/Public_Reproducibility_Package_V01/npjcm-free-energy-surrogate_Re3/Python_Codes/table/snapshots_split/Al_600K_snap00076.extxyz,Al,600,Al__600,0.0200490810118962,-0.014940929977495826,-0.03499001098939203,0.03499001098939203
/Users/yti0811/Desktop/FE_data/npj_CM01/NPJ_CM_Fig_Python/Public_Reproducibility_Package_V01/npjcm-free-energy-surrogate_Re3/Python_Codes/table/snapshots_split/Al_600K_snap00077.extxyz,Al,600,Al__600,0.0204702737322877,-0.015405769645088127,-0.03587604337737583,0.03587604337737583
/Users/yti0811/Desktop/FE_data/npj_CM01/NPJ_CM_Fig_Python/Public_Reproducibility_Package_V01/npjcm-free-energy-surrogate_Re3/Python_Codes/table/snapshots_split/Al_600K_snap00078.extxyz,Al,600,Al__600,0.0196015905978252,-0.01670767864908387,-0.03630926924690907,0.03630926924690907
/Users/yti0811/Desktop/FE_data/npj_CM01/NPJ_CM_Fig_Python/Public_Reproducibility_Package_V01/npjcm-free-energy-surrogate_Re3/Python_Codes/table/snapshots_split/Al_600K_snap00079.extxyz,Al,600,Al__600,0.0203686221259411,-0.013673066516644008,-0.03404168864258511,0.03404168864258511
/Users/yti0811/Desktop/FE_data/npj_CM01/NPJ_CM_Fig_Python/Public_Reproducibility_Package_V01/npjcm-free-energy-surrogate_Re3/Python_Codes/table/snapshots_split/Al_600K_snap00080.extxyz,Al,600,Al__600,0.0203031488494274,-0.015564412181396115,-0.03586756103082352,0.03586756103082352
/Users/yti0811/Desktop/FE_data/npj_CM01/NPJ_CM_Fig_Python/Public_Reproducibility_Package_V01/npjcm-free-energy-surrogate_Re3/Python_Codes/table/snapshots_split/Al_600K_snap00081.extxyz,Al,600,Al__600,0.0204622475287663,-0.014657988276071773,-0.03512023580483807,0.03512023580483807
/Users/yti0811/Desktop/FE_data/npj_CM01/NPJ_CM_Fig_Python/Public_Reproducibility_Package_V01/npjcm-free-energy-surrogate_Re3/Python_Codes/table/snapshots_split/Al_600K_snap00082.extxyz,Al,600,Al__600,0.0200472028226432,-0.016047173990400128,-0.036094376813043325,0.036094376813043325
/Users/yti0811/Desktop/FE_data/npj_CM01/NPJ_CM_Fig_Python/Public_Reproducibility_Package_V01/npjcm-free-energy-surrogate_Re3/Python_Codes/table/snapshots_split/Al_600K_snap00083.extxyz,Al,600,Al__600,0.0197644859990993,-0.016789429957560793,-0.03655391595666009,0.03655391595666009
/Users/yti0811/Desktop/FE_data/npj_CM01/NPJ_CM_Fig_Python/Public_Reproducibility_Package_V01/npjcm-free-energy-surrogate_Re3/Python_Codes/table/snapshots_split/Al_600K_snap00084.extxyz,Al,600,Al__600,0.0199329783260571,-0.016535180807208873,-0.03646815913326597,0.03646815913326597
/Users/yti0811/Desktop/FE_data/npj_CM01/NPJ_CM_Fig_Python/Public_Reproducibility_Package_V01/npjcm-free-energy-surrogate_Re3/Python_Codes/table/snapshots_split/Al_600K_snap00085.extxyz,Al,600,Al__600,0.0203761881151718,-0.014347103405310117,-0.03472329152048192,0.03472329152048192
/Users/yti0811/Desktop/FE_data/npj_CM01/NPJ_CM_Fig_Python/Public_Reproducibility_Package_V01/npjcm-free-energy-surrogate_Re3/Python_Codes/table/snapshots_split/Al_600K_snap00086.extxyz,Al,600,Al__600,0.0204550987788862,-0.01603668299001944,-0.03649178176890564,0.03649178176890564
/Users/yti0811/Desktop/FE_data/npj_CM01/NPJ_CM_Fig_Python/Public_Reproducibility_Package_V01/npjcm-free-energy-surrogate_Re3/Python_Codes/table/snapshots_split/Al_600K_snap00087.extxyz,Al,600,Al__600,0.0197176541505654,-0.016513117443947994,-0.03623077159451339,0.03623077159451339
/Users/yti0811/Desktop/FE_data/npj_CM01/NPJ_CM_Fig_Python/Public_Reproducibility_Package_V01/npjcm-free-energy-surrogate_Re3/Python_Codes/table/snapshots_split/Al_600K_snap00088.extxyz,Al,600,Al__600,0.0200452209996144,-0.016019800380348285,-0.03606502137996269,0.03606502137996269
/Users/yti0811/Desktop/FE_data/npj_CM01/NPJ_CM_Fig_Python/Public_Reproducibility_Package_V01/npjcm-free-energy-surrogate_Re3/Python_Codes/table/snapshots_split/Al_600K_snap00089.extxyz,Al,600,Al__600,0.0200985519665015,-0.015830886864467698,-0.0359294388309692,0.0359294388309692
/Users/yti0811/Desktop/FE_data/npj_CM01/NPJ_CM_Fig_Python/Public_Reproducibility_Package_V01/npjcm-free-energy-surrogate_Re3/Python_Codes/table/snapshots_split/Al_600K_snap00090.extxyz,Al,600,Al__600,0.0205293225930185,-0.01644415208236712,-0.03697347467538562,0.03697347467538562
/Users/yti0811/Desktop/FE_data/npj_CM01/NPJ_CM_Fig_Python/Public_Reproducibility_Package_V01/npjcm-free-energy-surrogate_Re3/Python_Codes/table/snapshots_split/Al_600K_snap00091.extxyz,Al,600,Al__600,0.0200674909997247,-0.013872575304553908,-0.03394006630427861,0.03394006630427861
/Users/yti0811/Desktop/FE_data/npj_CM01/NPJ_CM_Fig_Python/Public_Reproducibility_Package_V01/npjcm-free-energy-surrogate_Re3/Python_Codes/table/snapshots_split/Al_600K_snap00092.extxyz,Al,600,Al__600,0.0200306685435693,-0.015487111142032106,-0.03551777968560141,0.03551777968560141
/Users/yti0811/Desktop/FE_data/npj_CM01/NPJ_CM_Fig_Python/Public_Reproducibility_Package_V01/npjcm-free-energy-surrogate_Re3/Python_Codes/table/snapshots_split/Al_600K_snap00093.extxyz,Al,600,Al__600,0.0202817927727212,-0.014576336805034288,-0.034858129577755484,0.034858129577755484
/Users/yti0811/Desktop/FE_data/npj_CM01/NPJ_CM_Fig_Python/Public_Reproducibility_Package_V01/npjcm-free-energy-surrogate_Re3/Python_Codes/table/snapshots_split/Al_600K_snap00094.extxyz,Al,600,Al__600,0.0199530864054644,-0.014037639765969813,-0.03399072617143421,0.03399072617143421
/Users/yti0811/Desktop/FE_data/npj_CM01/NPJ_CM_Fig_Python/Public_Reproducibility_Package_V01/npjcm-free-energy-surrogate_Re3/Python_Codes/table/snapshots_split/Al_600K_snap00095.extxyz,Al,600,Al__600,0.0198978109583961,-0.014956551278381122,-0.03485436223677722,0.03485436223677722
/Users/yti0811/Desktop/FE_data/npj_CM01/NPJ_CM_Fig_Python/Public_Reproducibility_Package_V01/npjcm-free-energy-surrogate_Re3/Python_Codes/table/snapshots_split/Al_600K_snap00096.extxyz,Al,600,Al__600,0.0199845813833696,-0.015615061156007918,-0.035599642539377516,0.035599642539377516
/Users/yti0811/Desktop/FE_data/npj_CM01/NPJ_CM_Fig_Python/Public_Reproducibility_Package_V01/npjcm-free-energy-surrogate_Re3/Python_Codes/table/snapshots_split/Al_600K_snap00097.extxyz,Al,600,Al__600,0.0208253186278379,-0.015654945472508116,-0.036480264100346015,0.036480264100346015
/Users/yti0811/Desktop/FE_data/npj_CM01/NPJ_CM_Fig_Python/Public_Reproducibility_Package_V01/npjcm-free-energy-surrogate_Re3/Python_Codes/table/snapshots_split/Al_600K_snap00098.extxyz,Al,600,Al__600,0.0202296814815274,-0.015258056854105579,-0.03548773833563298,0.03548773833563298
/Users/yti0811/Desktop/FE_data/npj_CM01/NPJ_CM_Fig_Python/Public_Reproducibility_Package_V01/npjcm-free-energy-surrogate_Re3/Python_Codes/table/snapshots_split/Al_600K_snap00099.extxyz,Al,600,Al__600,0.0206663992565603,-0.01470609113283634,-0.03537249038939664,0.03537249038939664
/Users/yti0811/Desktop/FE_data/npj_CM01/NPJ_CM_Fig_Python/Public_Reproducibility_Package_V01/npjcm-free-energy-surrogate_Re3/Python_Codes/table/snapshots_split/Al_700K_snap00000.extxyz,Al,700,Al__700,0.030925923898306,-0.019683896237714566,-0.05060982013602057,0.05060982013602057
/Users/yti0811/Desktop/FE_data/npj_CM01/NPJ_CM_Fig_Python/Public_Reproducibility_Package_V01/npjcm-free-energy-surrogate_Re3/Python_Codes/table/snapshots_split/Al_700K_snap00001.extxyz,Al,700,Al__700,0.031055107605525,-0.01909668954428275,-0.05015179714980775,0.05015179714980775
/Users/yti0811/Desktop/FE_data/npj_CM01/NPJ_CM_Fig_Python/Public_Reproducibility_Package_V01/npjcm-free-energy-surrogate_Re3/Python_Codes/table/snapshots_split/Al_700K_snap00002.extxyz,Al,700,Al__700,0.0307792547882826,-0.020619575290838674,-0.05139883007912127,0.05139883007912127
/Users/yti0811/Desktop/FE_data/npj_CM01/NPJ_CM_Fig_Python/Public_Reproducibility_Package_V01/npjcm-free-energy-surrogate_Re3/Python_Codes/table/snapshots_split/Al_700K_snap00003.extxyz,Al,700,Al__700,0.0311126627851992,-0.019330066395691077,-0.05044272918089028,0.05044272918089028
/Users/yti0811/Desktop/FE_data/npj_CM01/NPJ_CM_Fig_Python/Public_Reproducibility_Package_V01/npjcm-free-energy-surrogate_Re3/Python_Codes/table/snapshots_split/Al_700K_snap00004.extxyz,Al,700,Al__700,0.0308490071617891,-0.01883198835988817,-0.04968099552167727,0.04968099552167727
/Users/yti0811/Desktop/FE_data/npj_CM01/NPJ_CM_Fig_Python/Public_Reproducibility_Package_V01/npjcm-free-energy-surrogate_Re3/Python_Codes/table/snapshots_split/Al_700K_snap00005.extxyz,Al,700,Al__700,0.0306061970691991,-0.019818268592754408,-0.05042446566195351,0.05042446566195351
/Users/yti0811/Desktop/FE_data/npj_CM01/NPJ_CM_Fig_Python/Public_Reproducibility_Package_V01/npjcm-free-energy-surrogate_Re3/Python_Codes/table/snapshots_split/Al_700K_snap00006.extxyz,Al,700,Al__700,0.030803984441598,-0.02012231640890071,-0.05092630085049871,0.05092630085049871
/Users/yti0811/Desktop/FE_data/npj_CM01/NPJ_CM_Fig_Python/Public_Reproducibility_Package_V01/npjcm-free-energy-surrogate_Re3/Python_Codes/table/snapshots_split/Al_700K_snap00007.extxyz,Al,700,Al__700,0.0307242708120031,-0.01859653437316297,-0.04932080518516607,0.04932080518516607
/Users/yti0811/Desktop/FE_data/npj_CM01/NPJ_CM_Fig_Python/Public_Reproducibility_Package_V01/npjcm-free-energy-surrogate_Re3/Python_Codes/table/snapshots_split/Al_700K_snap00008.extxyz,Al,700,Al__700,0.0310401342302676,-0.017264660192085137,-0.048304794422352734,0.048304794422352734
/Users/yti0811/Desktop/FE_data/npj_CM01/NPJ_CM_Fig_Python/Public_Reproducibility_Package_V01/npjcm-free-energy-surrogate_Re3/Python_Codes/table/snapshots_split/Al_700K_snap00009.extxyz,Al,700,Al__700,0.0309816599008029,-0.02085660065892706,-0.05183826055972996,0.05183826055972996
/Users/yti0811/Desktop/FE_data/npj_CM01/NPJ_CM_Fig_Python/Public_Reproducibility_Package_V01/npjcm-free-energy-surrogate_Re3/Python_Codes/table/snapshots_split/Al_700K_snap00010.extxyz,Al,700,Al__700,0.0309392718181141,-0.017177275073487912,-0.04811654689160201,0.04811654689160201
/Users/yti0811/Desktop/FE_data/npj_CM01/NPJ_CM_Fig_Python/Public_Reproducibility_Package_V01/npjcm-free-energy-surrogate_Re3/Python_Codes/table/snapshots_split/Al_700K_snap00011.extxyz,Al,700,Al__700,0.0308351394489333,-0.019334076419437848,-0.05016921586837115,0.05016921586837115
/Users/yti0811/Desktop/FE_data/npj_CM01/NPJ_CM_Fig_Python/Public_Reproducibility_Package_V01/npjcm-free-energy-surrogate_Re3/Python_Codes/table/snapshots_split/Al_700K_snap00012.extxyz,Al,700,Al__700,0.0315791182147922,-0.01994481019255895,-0.05152392840735115,0.05152392840735115
/Users/yti0811/Desktop/FE_data/npj_CM01/NPJ_CM_Fig_Python/Public_Reproducibility_Package_V01/npjcm-free-energy-surrogate_Re3/Python_Codes/table/snapshots_split/Al_700K_snap00013.extxyz,Al,700,Al__700,0.031303038872762,-0.018662864582937526,-0.049965903455699526,0.049965903455699526
/Users/yti0811/Desktop/FE_data/npj_CM01/NPJ_CM_Fig_Python/Public_Reproducibility_Package_V01/npjcm-free-energy-surrogate_Re3/Python_Codes/table/snapshots_split/Al_700K_snap00014.extxyz,Al,700,Al__700,0.0304531036576379,-0.019287954951758,-0.0497410586093959,0.0497410586093959
/Users/yti0811/Desktop/FE_data/npj_CM01/NPJ_CM_Fig_Python/Public_Reproducibility_Package_V01/npjcm-free-energy-surrogate_Re3/Python_Codes/table/snapshots_split/Al_700K_snap00015.extxyz,Al,700,Al__700,0.0305827428980508,-0.018251079395702318,-0.04883382229375312,0.04883382229375312
/Users/yti0811/Desktop/FE_data/npj_CM01/NPJ_CM_Fig_Python/Public_Reproducibility_Package_V01/npjcm-free-energy-surrogate_Re3/Python_Codes/table/snapshots_split/Al_700K_snap00016.extxyz,Al,700,Al__700,0.0309206419673441,-0.017920334034401873,-0.04884097600174597,0.04884097600174597
/Users/yti0811/Desktop/FE_data/npj_CM01/NPJ_CM_Fig_Python/Public_Reproducibility_Package_V01/npjcm-free-energy-surrogate_Re3/Python_Codes/table/snapshots_split/Al_700K_snap00017.extxyz,Al,700,Al__700,0.0310761245982339,-0.019652511779573775,-0.050728636377807675,0.050728636377807675
/Users/yti0811/Desktop/FE_data/npj_CM01/NPJ_CM_Fig_Python/Public_Reproducibility_Package_V01/npjcm-free-energy-surrogate_Re3/Python_Codes/table/snapshots_split/Al_700K_snap00018.extxyz,Al,700,Al__700,0.0312769938800422,-0.02067740935761737,-0.05195440323765957,0.05195440323765957
/Users/yti0811/Desktop/FE_data/npj_CM01/NPJ_CM_Fig_Python/Public_Reproducibility_Package_V01/npjcm-free-energy-surrogate_Re3/Python_Codes/table/snapshots_split/Al_700K_snap00019.extxyz,Al,700,Al__700,0.0305754465758284,-0.018114235350719116,-0.04868968192654752,0.04868968192654752
/Users/yti0811/Desktop/FE_data/npj_CM01/NPJ_CM_Fig_Python/Public_Reproducibility_Package_V01/npjcm-free-energy-surrogate_Re3/Python_Codes/table/snapshots_split/Al_700K_snap00020.extxyz,Al,700,Al__700,0.0312357014045881,-0.019871501563271204,-0.051107202967859304,0.051107202967859304
/Users/yti0811/Desktop/FE_data/npj_CM01/NPJ_CM_Fig_Python/Public_Reproducibility_Package_V01/npjcm-free-energy-surrogate_Re3/Python_Codes/table/snapshots_split/Al_700K_snap00021.extxyz,Al,700,Al__700,0.0313557408700976,-0.02008887231419873,-0.05144461318429633,0.05144461318429633
/Users/yti0811/Desktop/FE_data/npj_CM01/NPJ_CM_Fig_Python/Public_Reproducibility_Package_V01/npjcm-free-energy-surrogate_Re3/Python_Codes/table/snapshots_split/Al_700K_snap00022.extxyz,Al,700,Al__700,0.0304893350851739,-0.018783590229408564,-0.049272925314582466,0.049272925314582466
/Users/yti0811/Desktop/FE_data/npj_CM01/NPJ_CM_Fig_Python/Public_Reproducibility_Package_V01/npjcm-free-energy-surrogate_Re3/Python_Codes/table/snapshots_split/Al_700K_snap00023.extxyz,Al,700,Al__700,0.0306620363690933,-0.018720838568651185,-0.049382874937744486,0.049382874937744486
/Users/yti0811/Desktop/FE_data/npj_CM01/NPJ_CM_Fig_Python/Public_Reproducibility_Package_V01/npjcm-free-energy-surrogate_Re3/Python_Codes/table/snapshots_split/Al_700K_snap00024.extxyz,Al,700,Al__700,0.0312659086456722,-0.020553197847461496,-0.05181910649313369,0.05181910649313369
/Users/yti0811/Desktop/FE_data/npj_CM01/NPJ_CM_Fig_Python/Public_Reproducibility_Package_V01/npjcm-free-energy-surrogate_Re3/Python_Codes/table/snapshots_split/Al_700K_snap00025.extxyz,Al,700,Al__700,0.0308244308406003,-0.018602159738888537,-0.04942659057948884,0.04942659057948884
/Users/yti0811/Desktop/FE_data/npj_CM01/NPJ_CM_Fig_Python/Public_Reproducibility_Package_V01/npjcm-free-energy-surrogate_Re3/Python_Codes/table/snapshots_split/Al_700K_snap00026.extxyz,Al,700,Al__700,0.0311544813302771,-0.018716818432236104,-0.0498712997625132,0.0498712997625132
/Users/yti0811/Desktop/FE_data/npj_CM01/NPJ_CM_Fig_Python/Public_Reproducibility_Package_V01/npjcm-free-energy-surrogate_Re3/Python_Codes/table/snapshots_split/Al_700K_snap00027.extxyz,Al,700,Al__700,0.0310125424944199,-0.020691514952550775,-0.05170405744697068,0.05170405744697068
/Users/yti0811/Desktop/FE_data/npj_CM01/NPJ_CM_Fig_Python/Public_Reproducibility_Package_V01/npjcm-free-energy-surrogate_Re3/Python_Codes/table/snapshots_split/Al_700K_snap00028.extxyz,Al,700,Al__700,0.0305665672801013,-0.018944987742980493,-0.04951155502308179,0.04951155502308179
/Users/yti0811/Desktop/FE_data/npj_CM01/NPJ_CM_Fig_Python/Public_Reproducibility_Package_V01/npjcm-free-energy-surrogate_Re3/Python_Codes/table/snapshots_split/Al_700K_snap00029.extxyz,Al,700,Al__700,0.0308750591703884,-0.01992076233033334,-0.05079582150072174,0.05079582150072174
/Users/yti0811/Desktop/FE_data/npj_CM01/NPJ_CM_Fig_Python/Public_Reproducibility_Package_V01/npjcm-free-energy-surrogate_Re3/Python_Codes/table/snapshots_split/Al_700K_snap00030.extxyz,Al,700,Al__700,0.0309805666226264,-0.018321250714611916,-0.04930181733723832,0.04930181733723832
/Users/yti0811/Desktop/FE_data/npj_CM01/NPJ_CM_Fig_Python/Public_Reproducibility_Package_V01/npjcm-free-energy-surrogate_Re3/Python_Codes/table/snapshots_split/Al_700K_snap00031.extxyz,Al,700,Al__700,0.031143367132229,-0.022260206330484537,-0.05340357346271354,0.05340357346271354
/Users/yti0811/Desktop/FE_data/npj_CM01/NPJ_CM_Fig_Python/Public_Reproducibility_Package_V01/npjcm-free-energy-surrogate_Re3/Python_Codes/table/snapshots_split/Al_700K_snap00032.extxyz,Al,700,Al__700,0.031431171900876,-0.017579021648925323,-0.04901019354980132,0.04901019354980132
/Users/yti0811/Desktop/FE_data/npj_CM01/NPJ_CM_Fig_Python/Public_Reproducibility_Package_V01/npjcm-free-energy-surrogate_Re3/Python_Codes/table/snapshots_split/Al_700K_snap00033.extxyz,Al,700,Al__700,0.0301878768412663,-0.019306265051310157,-0.049494141892576456,0.049494141892576456
/Users/yti0811/Desktop/FE_data/npj_CM01/NPJ_CM_Fig_Python/Public_Reproducibility_Package_V01/npjcm-free-energy-surrogate_Re3/Python_Codes/table/snapshots_split/Al_700K_snap00034.extxyz,Al,700,Al__700,0.0308143039823119,-0.02163221957655998,-0.05244652355887188,0.05244652355887188
/Users/yti0811/Desktop/FE_data/npj_CM01/NPJ_CM_Fig_Python/Public_Reproducibility_Package_V01/npjcm-free-energy-surrogate_Re3/Python_Codes/table/snapshots_split/Al_700K_snap00035.extxyz,Al,700,Al__700,0.0307549026534424,-0.018504257481676643,-0.049259160135119044,0.049259160135119044
/Users/yti0811/Desktop/FE_data/npj_CM01/NPJ_CM_Fig_Python/Public_Reproducibility_Package_V01/npjcm-free-energy-surrogate_Re3/Python_Codes/table/snapshots_split/Al_700K_snap00036.extxyz,Al,700,Al__700,0.030943478761871,-0.018496844454864277,-0.04944032321673528,0.04944032321673528
/Users/yti0811/Desktop/FE_data/npj_CM01/NPJ_CM_Fig_Python/Public_Reproducibility_Package_V01/npjcm-free-energy-surrogate_Re3/Python_Codes/table/snapshots_split/Al_700K_snap00037.extxyz,Al,700,Al__700,0.0307487537500258,-0.020432565708523857,-0.05118131945854966,0.05118131945854966
/Users/yti0811/Desktop/FE_data/npj_CM01/NPJ_CM_Fig_Python/Public_Reproducibility_Package_V01/npjcm-free-energy-surrogate_Re3/Python_Codes/table/snapshots_split/Al_700K_snap00038.extxyz,Al,700,Al__700,0.0307039478829155,-0.02078462179042932,-0.05148856967334482,0.05148856967334482
/Users/yti0811/Desktop/FE_data/npj_CM01/NPJ_CM_Fig_Python/Public_Reproducibility_Package_V01/npjcm-free-energy-surrogate_Re3/Python_Codes/table/snapshots_split/Al_700K_snap00039.extxyz,Al,700,Al__700,0.0308916125281196,-0.019786276627373187,-0.05067788915549279,0.05067788915549279
/Users/yti0811/Desktop/FE_data/npj_CM01/NPJ_CM_Fig_Python/Public_Reproducibility_Package_V01/npjcm-free-energy-surrogate_Re3/Python_Codes/table/snapshots_split/Al_700K_snap00040.extxyz,Al,700,Al__700,0.030733448847798,-0.01898615741218946,-0.04971960625998746,0.04971960625998746
/Users/yti0811/Desktop/FE_data/npj_CM01/NPJ_CM_Fig_Python/Public_Reproducibility_Package_V01/npjcm-free-energy-surrogate_Re3/Python_Codes/table/snapshots_split/Al_700K_snap00041.extxyz,Al,700,Al__700,0.0309146445049911,-0.02025652856326086,-0.05117117306825196,0.05117117306825196
/Users/yti0811/Desktop/FE_data/npj_CM01/NPJ_CM_Fig_Python/Public_Reproducibility_Package_V01/npjcm-free-energy-surrogate_Re3/Python_Codes/table/snapshots_split/Al_700K_snap00042.extxyz,Al,700,Al__700,0.0307822691291795,-0.019639930112725187,-0.05042219924190469,0.05042219924190469
/Users/yti0811/Desktop/FE_data/npj_CM01/NPJ_CM_Fig_Python/Public_Reproducibility_Package_V01/npjcm-free-energy-surrogate_Re3/Python_Codes/table/snapshots_split/Al_700K_snap00043.extxyz,Al,700,Al__700,0.0308215322594497,-0.01939891758266561,-0.05022044984211531,0.05022044984211531
/Users/yti0811/Desktop/FE_data/npj_CM01/NPJ_CM_Fig_Python/Public_Reproducibility_Package_V01/npjcm-free-energy-surrogate_Re3/Python_Codes/table/snapshots_split/Al_700K_snap00044.extxyz,Al,700,Al__700,0.0307364146165734,-0.018153642131478544,-0.04889005674805194,0.04889005674805194
/Users/yti0811/Desktop/FE_data/npj_CM01/NPJ_CM_Fig_Python/Public_Reproducibility_Package_V01/npjcm-free-energy-surrogate_Re3/Python_Codes/table/snapshots_split/Al_700K_snap00045.extxyz,Al,700,Al__700,0.0308223121168949,-0.02080375230528454,-0.05162606442217944,0.05162606442217944
/Users/yti0811/Desktop/FE_data/npj_CM01/NPJ_CM_Fig_Python/Public_Reproducibility_Package_V01/npjcm-free-energy-surrogate_Re3/Python_Codes/table/snapshots_split/Al_700K_snap00046.extxyz,Al,700,Al__700,0.0311619103727361,-0.01845331921219148,-0.049615229584927575,0.049615229584927575
/Users/yti0811/Desktop/FE_data/npj_CM01/NPJ_CM_Fig_Python/Public_Reproducibility_Package_V01/npjcm-free-energy-surrogate_Re3/Python_Codes/table/snapshots_split/Al_700K_snap00047.extxyz,Al,700,Al__700,0.0310456544562563,-0.019798683058151967,-0.05084433751440827,0.05084433751440827
/Users/yti0811/Desktop/FE_data/npj_CM01/NPJ_CM_Fig_Python/Public_Reproducibility_Package_V01/npjcm-free-energy-surrogate_Re3/Python_Codes/table/snapshots_split/Al_700K_snap00048.extxyz,Al,700,Al__700,0.0308493825226528,-0.02128005089531965,-0.05212943341797245,0.05212943341797245
/Users/yti0811/Desktop/FE_data/npj_CM01/NPJ_CM_Fig_Python/Public_Reproducibility_Package_V01/npjcm-free-energy-surrogate_Re3/Python_Codes/table/snapshots_split/Al_700K_snap00049.extxyz,Al,700,Al__700,0.0303952971735855,-0.019908144227640343,-0.05030344140122584,0.05030344140122584
/Users/yti0811/Desktop/FE_data/npj_CM01/NPJ_CM_Fig_Python/Public_Reproducibility_Package_V01/npjcm-free-energy-surrogate_Re3/Python_Codes/table/snapshots_split/Al_700K_snap00050.extxyz,Al,700,Al__700,0.030615293023012,-0.020453146165446,-0.051068439188458,0.051068439188458
/Users/yti0811/Desktop/FE_data/npj_CM01/NPJ_CM_Fig_Python/Public_Reproducibility_Package_V01/npjcm-free-energy-surrogate_Re3/Python_Codes/table/snapshots_split/Al_700K_snap00051.extxyz,Al,700,Al__700,0.031017793637483,-0.020595150133678245,-0.05161294377116124,0.05161294377116124
/Users/yti0811/Desktop/FE_data/npj_CM01/NPJ_CM_Fig_Python/Public_Reproducibility_Package_V01/npjcm-free-energy-surrogate_Re3/Python_Codes/table/snapshots_split/Al_700K_snap00052.extxyz,Al,700,Al__700,0.0312726244697672,-0.018847358129320296,-0.050119982599087495,0.050119982599087495
/Users/yti0811/Desktop/FE_data/npj_CM01/NPJ_CM_Fig_Python/Public_Reproducibility_Package_V01/npjcm-free-energy-surrogate_Re3/Python_Codes/table/snapshots_split/Al_700K_snap00053.extxyz,Al,700,Al__700,0.0307080378802447,-0.018757144902716193,-0.049465182782960894,0.049465182782960894
/Users/yti0811/Desktop/FE_data/npj_CM01/NPJ_CM_Fig_Python/Public_Reproducibility_Package_V01/npjcm-free-energy-surrogate_Re3/Python_Codes/table/snapshots_split/Al_700K_snap00054.extxyz,Al,700,Al__700,0.0306933355540798,-0.019985842092999223,-0.05067917764707902,0.05067917764707902
/Users/yti0811/Desktop/FE_data/npj_CM01/NPJ_CM_Fig_Python/Public_Reproducibility_Package_V01/npjcm-free-energy-surrogate_Re3/Python_Codes/table/snapshots_split/Al_700K_snap00055.extxyz,Al,700,Al__700,0.0310928457418059,-0.020242988738924245,-0.05133583448073015,0.05133583448073015
/Users/yti0811/Desktop/FE_data/npj_CM01/NPJ_CM_Fig_Python/Public_Reproducibility_Package_V01/npjcm-free-energy-surrogate_Re3/Python_Codes/table/snapshots_split/Al_700K_snap00056.extxyz,Al,700,Al__700,0.0307707185044699,-0.01934890167944988,-0.05011962018391978,0.05011962018391978
/Users/yti0811/Desktop/FE_data/npj_CM01/NPJ_CM_Fig_Python/Public_Reproducibility_Package_V01/npjcm-free-energy-surrogate_Re3/Python_Codes/table/snapshots_split/Al_700K_snap00057.extxyz,Al,700,Al__700,0.031200341425173,-0.018310719989339343,-0.04951106141451234,0.04951106141451234
/Users/yti0811/Desktop/FE_data/npj_CM01/NPJ_CM_Fig_Python/Public_Reproducibility_Package_V01/npjcm-free-energy-surrogate_Re3/Python_Codes/table/snapshots_split/Al_700K_snap00058.extxyz,Al,700,Al__700,0.030860841113727,-0.02073580698767842,-0.05159664810140542,0.05159664810140542
/Users/yti0811/Desktop/FE_data/npj_CM01/NPJ_CM_Fig_Python/Public_Reproducibility_Package_V01/npjcm-free-energy-surrogate_Re3/Python_Codes/table/snapshots_split/Al_700K_snap00059.extxyz,Al,700,Al__700,0.0306595586162322,-0.0214893985987432,-0.0521489572149754,0.0521489572149754
/Users/yti0811/Desktop/FE_data/npj_CM01/NPJ_CM_Fig_Python/Public_Reproducibility_Package_V01/npjcm-free-energy-surrogate_Re3/Python_Codes/table/snapshots_split/Al_700K_snap00060.extxyz,Al,700,Al__700,0.0315357247988846,-0.01943370978592671,-0.050969434584811305,0.050969434584811305
/Users/yti0811/Desktop/FE_data/npj_CM01/NPJ_CM_Fig_Python/Public_Reproducibility_Package_V01/npjcm-free-energy-surrogate_Re3/Python_Codes/table/snapshots_split/Al_700K_snap00061.extxyz,Al,700,Al__700,0.0312827956744266,-0.021784522114062975,-0.053067317788489575,0.053067317788489575
/Users/yti0811/Desktop/FE_data/npj_CM01/NPJ_CM_Fig_Python/Public_Reproducibility_Package_V01/npjcm-free-energy-surrogate_Re3/Python_Codes/table/snapshots_split/Al_700K_snap00062.extxyz,Al,700,Al__700,0.0300510122278513,-0.019697061942850307,-0.04974807417070161,0.04974807417070161
/Users/yti0811/Desktop/FE_data/npj_CM01/NPJ_CM_Fig_Python/Public_Reproducibility_Package_V01/npjcm-free-energy-surrogate_Re3/Python_Codes/table/snapshots_split/Al_700K_snap00063.extxyz,Al,700,Al__700,0.0310489082929262,-0.019819992776445437,-0.05086890106937164,0.05086890106937164
/Users/yti0811/Desktop/FE_data/npj_CM01/NPJ_CM_Fig_Python/Public_Reproducibility_Package_V01/npjcm-free-energy-surrogate_Re3/Python_Codes/table/snapshots_split/Al_700K_snap00064.extxyz,Al,700,Al__700,0.0309221651430634,-0.0188433881977543,-0.0497655533408177,0.0497655533408177
/Users/yti0811/Desktop/FE_data/npj_CM01/NPJ_CM_Fig_Python/Public_Reproducibility_Package_V01/npjcm-free-energy-surrogate_Re3/Python_Codes/table/snapshots_split/Al_700K_snap00065.extxyz,Al,700,Al__700,0.0305816656375007,-0.020237992386392237,-0.05081965802389293,0.05081965802389293
/Users/yti0811/Desktop/FE_data/npj_CM01/NPJ_CM_Fig_Python/Public_Reproducibility_Package_V01/npjcm-free-energy-surrogate_Re3/Python_Codes/table/snapshots_split/Al_700K_snap00066.extxyz,Al,700,Al__700,0.0309237410542769,-0.019885255414442162,-0.05080899646871906,0.05080899646871906
/Users/yti0811/Desktop/FE_data/npj_CM01/NPJ_CM_Fig_Python/Public_Reproducibility_Package_V01/npjcm-free-energy-surrogate_Re3/Python_Codes/table/snapshots_split/Al_700K_snap00067.extxyz,Al,700,Al__700,0.0303067673566429,-0.020168090841794297,-0.050474858198437195,0.050474858198437195
/Users/yti0811/Desktop/FE_data/npj_CM01/NPJ_CM_Fig_Python/Public_Reproducibility_Package_V01/npjcm-free-energy-surrogate_Re3/Python_Codes/table/snapshots_split/Al_700K_snap00068.extxyz,Al,700,Al__700,0.030879173460926,-0.01646852636456106,-0.04734769982548706,0.04734769982548706
/Users/yti0811/Desktop/FE_data/npj_CM01/NPJ_CM_Fig_Python/Public_Reproducibility_Package_V01/npjcm-free-energy-surrogate_Re3/Python_Codes/table/snapshots_split/Al_700K_snap00069.extxyz,Al,700,Al__700,0.0309744421478658,-0.01967780176363945,-0.050652243911505246,0.050652243911505246
/Users/yti0811/Desktop/FE_data/npj_CM01/NPJ_CM_Fig_Python/Public_Reproducibility_Package_V01/npjcm-free-energy-surrogate_Re3/Python_Codes/table/snapshots_split/Al_700K_snap00070.extxyz,Al,700,Al__700,0.030943296422701,-0.018813410056919933,-0.04975670647962094,0.04975670647962094
/Users/yti0811/Desktop/FE_data/npj_CM01/NPJ_CM_Fig_Python/Public_Reproducibility_Package_V01/npjcm-free-energy-surrogate_Re3/Python_Codes/table/snapshots_split/Al_700K_snap00071.extxyz,Al,700,Al__700,0.0310864942813105,-0.0182732771996196,-0.0493597714809301,0.0493597714809301
/Users/yti0811/Desktop/FE_data/npj_CM01/NPJ_CM_Fig_Python/Public_Reproducibility_Package_V01/npjcm-free-energy-surrogate_Re3/Python_Codes/table/snapshots_split/Al_700K_snap00072.extxyz,Al,700,Al__700,0.0303779211303448,-0.02134530860773538,-0.051723229738080176,0.051723229738080176
/Users/yti0811/Desktop/FE_data/npj_CM01/NPJ_CM_Fig_Python/Public_Reproducibility_Package_V01/npjcm-free-energy-surrogate_Re3/Python_Codes/table/snapshots_split/Al_700K_snap00073.extxyz,Al,700,Al__700,0.0307551226460488,-0.01909326328522544,-0.04984838593127424,0.04984838593127424
/Users/yti0811/Desktop/FE_data/npj_CM01/NPJ_CM_Fig_Python/Public_Reproducibility_Package_V01/npjcm-free-energy-surrogate_Re3/Python_Codes/table/snapshots_split/Al_700K_snap00074.extxyz,Al,700,Al__700,0.0312229256604455,-0.020874341878925836,-0.052097267539371335,0.052097267539371335
/Users/yti0811/Desktop/FE_data/npj_CM01/NPJ_CM_Fig_Python/Public_Reproducibility_Package_V01/npjcm-free-energy-surrogate_Re3/Python_Codes/table/snapshots_split/Al_700K_snap00075.extxyz,Al,700,Al__700,0.0310551967831135,-0.01945975223529528,-0.05051494901840878,0.05051494901840878
/Users/yti0811/Desktop/FE_data/npj_CM01/NPJ_CM_Fig_Python/Public_Reproducibility_Package_V01/npjcm-free-energy-surrogate_Re3/Python_Codes/table/snapshots_split/Al_700K_snap00076.extxyz,Al,700,Al__700,0.0310133841387168,-0.018609589842840533,-0.049622973981557336,0.049622973981557336
/Users/yti0811/Desktop/FE_data/npj_CM01/NPJ_CM_Fig_Python/Public_Reproducibility_Package_V01/npjcm-free-energy-surrogate_Re3/Python_Codes/table/snapshots_split/Al_700K_snap00077.extxyz,Al,700,Al__700,0.0306611371702073,-0.01924412278763879,-0.04990525995784609,0.04990525995784609
/Users/yti0811/Desktop/FE_data/npj_CM01/NPJ_CM_Fig_Python/Public_Reproducibility_Package_V01/npjcm-free-energy-surrogate_Re3/Python_Codes/table/snapshots_split/Al_700K_snap00078.extxyz,Al,700,Al__700,0.0308731197477708,-0.018575764780108348,-0.04944888452787915,0.04944888452787915
/Users/yti0811/Desktop/FE_data/npj_CM01/NPJ_CM_Fig_Python/Public_Reproducibility_Package_V01/npjcm-free-energy-surrogate_Re3/Python_Codes/table/snapshots_split/Al_700K_snap00079.extxyz,Al,700,Al__700,0.030482901613443,-0.019463605979962394,-0.049946507593405395,0.049946507593405395
/Users/yti0811/Desktop/FE_data/npj_CM01/NPJ_CM_Fig_Python/Public_Reproducibility_Package_V01/npjcm-free-energy-surrogate_Re3/Python_Codes/table/snapshots_split/Al_700K_snap00080.extxyz,Al,700,Al__700,0.0309063219228667,-0.01941109634593423,-0.05031741826880093,0.05031741826880093
/Users/yti0811/Desktop/FE_data/npj_CM01/NPJ_CM_Fig_Python/Public_Reproducibility_Package_V01/npjcm-free-energy-surrogate_Re3/Python_Codes/table/snapshots_split/Al_700K_snap00081.extxyz,Al,700,Al__700,0.0306082900659151,-0.019360513739978224,-0.04996880380589332,0.04996880380589332
/Users/yti0811/Desktop/FE_data/npj_CM01/NPJ_CM_Fig_Python/Public_Reproducibility_Package_V01/npjcm-free-energy-surrogate_Re3/Python_Codes/table/snapshots_split/Al_700K_snap00082.extxyz,Al,700,Al__700,0.0307690086445154,-0.020112878619208893,-0.05088188726372429,0.05088188726372429
/Users/yti0811/Desktop/FE_data/npj_CM01/NPJ_CM_Fig_Python/Public_Reproducibility_Package_V01/npjcm-free-energy-surrogate_Re3/Python_Codes/table/snapshots_split/Al_700K_snap00083.extxyz,Al,700,Al__700,0.0309085164046133,-0.017992811007666757,-0.04890132741228006,0.04890132741228006
/Users/yti0811/Desktop/FE_data/npj_CM01/NPJ_CM_Fig_Python/Public_Reproducibility_Package_V01/npjcm-free-energy-surrogate_Re3/Python_Codes/table/snapshots_split/Al_700K_snap00084.extxyz,Al,700,Al__700,0.0303713730280631,-0.019414279801782487,-0.04978565282984559,0.04978565282984559
/Users/yti0811/Desktop/FE_data/npj_CM01/NPJ_CM_Fig_Python/Public_Reproducibility_Package_V01/npjcm-free-energy-surrogate_Re3/Python_Codes/table/snapshots_split/Al_700K_snap00085.extxyz,Al,700,Al__700,0.031286278655667,-0.017384376579356018,-0.04867065523502302,0.04867065523502302
/Users/yti0811/Desktop/FE_data/npj_CM01/NPJ_CM_Fig_Python/Public_Reproducibility_Package_V01/npjcm-free-energy-surrogate_Re3/Python_Codes/table/snapshots_split/Al_700K_snap00086.extxyz,Al,700,Al__700,0.0306281496778998,-0.019820017393424413,-0.05044816707132421,0.05044816707132421
/Users/yti0811/Desktop/FE_data/npj_CM01/NPJ_CM_Fig_Python/Public_Reproducibility_Package_V01/npjcm-free-energy-surrogate_Re3/Python_Codes/table/snapshots_split/Al_700K_snap00087.extxyz,Al,700,Al__700,0.030963949043356,-0.01996962696925381,-0.05093357601260981,0.05093357601260981
/Users/yti0811/Desktop/FE_data/npj_CM01/NPJ_CM_Fig_Python/Public_Reproducibility_Package_V01/npjcm-free-energy-surrogate_Re3/Python_Codes/table/snapshots_split/Al_700K_snap00088.extxyz,Al,700,Al__700,0.0310131625720278,-0.01950123226995992,-0.05051439484198772,0.05051439484198772
/Users/yti0811/Desktop/FE_data/npj_CM01/NPJ_CM_Fig_Python/Public_Reproducibility_Package_V01/npjcm-free-energy-surrogate_Re3/Python_Codes/table/snapshots_split/Al_700K_snap00089.extxyz,Al,700,Al__700,0.0302447146849188,-0.01893425076897669,-0.049178965453895496,0.049178965453895496
/Users/yti0811/Desktop/FE_data/npj_CM01/NPJ_CM_Fig_Python/Public_Reproducibility_Package_V01/npjcm-free-energy-surrogate_Re3/Python_Codes/table/snapshots_split/Al_700K_snap00090.extxyz,Al,700,Al__700,0.0310375075701026,-0.019035051273039817,-0.05007255884314242,0.05007255884314242
/Users/yti0811/Desktop/FE_data/npj_CM01/NPJ_CM_Fig_Python/Public_Reproducibility_Package_V01/npjcm-free-energy-surrogate_Re3/Python_Codes/table/snapshots_split/Al_700K_snap00091.extxyz,Al,700,Al__700,0.030672171762509,-0.019213932517201094,-0.04988610427971009,0.04988610427971009
/Users/yti0811/Desktop/FE_data/npj_CM01/NPJ_CM_Fig_Python/Public_Reproducibility_Package_V01/npjcm-free-energy-surrogate_Re3/Python_Codes/table/snapshots_split/Al_700K_snap00092.extxyz,Al,700,Al__700,0.0305567388831738,-0.021317523550744365,-0.05187426243391817,0.05187426243391817
/Users/yti0811/Desktop/FE_data/npj_CM01/NPJ_CM_Fig_Python/Public_Reproducibility_Package_V01/npjcm-free-energy-surrogate_Re3/Python_Codes/table/snapshots_split/Al_700K_snap00093.extxyz,Al,700,Al__700,0.0309954353967943,-0.01995037160020326,-0.050945806996997564,0.050945806996997564
/Users/yti0811/Desktop/FE_data/npj_CM01/NPJ_CM_Fig_Python/Public_Reproducibility_Package_V01/npjcm-free-energy-surrogate_Re3/Python_Codes/table/snapshots_split/Al_700K_snap00094.extxyz,Al,700,Al__700,0.031157987546046,-0.019701434375593723,-0.050859421921639725,0.050859421921639725
/Users/yti0811/Desktop/FE_data/npj_CM01/NPJ_CM_Fig_Python/Public_Reproducibility_Package_V01/npjcm-free-energy-surrogate_Re3/Python_Codes/table/snapshots_split/Al_700K_snap00095.extxyz,Al,700,Al__700,0.0313209462807736,-0.019035156582548465,-0.050356102863322066,0.050356102863322066
/Users/yti0811/Desktop/FE_data/npj_CM01/NPJ_CM_Fig_Python/Public_Reproducibility_Package_V01/npjcm-free-energy-surrogate_Re3/Python_Codes/table/snapshots_split/Al_700K_snap00096.extxyz,Al,700,Al__700,0.0309289263362829,-0.019266898640121093,-0.05019582497640399,0.05019582497640399
/Users/yti0811/Desktop/FE_data/npj_CM01/NPJ_CM_Fig_Python/Public_Reproducibility_Package_V01/npjcm-free-energy-surrogate_Re3/Python_Codes/table/snapshots_split/Al_700K_snap00097.extxyz,Al,700,Al__700,0.0308944730642778,-0.019254722141465157,-0.05014919520574296,0.05014919520574296
/Users/yti0811/Desktop/FE_data/npj_CM01/NPJ_CM_Fig_Python/Public_Reproducibility_Package_V01/npjcm-free-energy-surrogate_Re3/Python_Codes/table/snapshots_split/Al_700K_snap00098.extxyz,Al,700,Al__700,0.0316958093220443,-0.020140053994084972,-0.05183586331612927,0.05183586331612927
/Users/yti0811/Desktop/FE_data/npj_CM01/NPJ_CM_Fig_Python/Public_Reproducibility_Package_V01/npjcm-free-energy-surrogate_Re3/Python_Codes/table/snapshots_split/Al_700K_snap00099.extxyz,Al,700,Al__700,0.0307912176426036,-0.020169143106439205,-0.05096036074904281,0.05096036074904281
