snapshot_path,system,temperature,group,target,prediction,error,abs_error
/Users/yti0811/Desktop/FE_data/npj_CM01/NPJ_CM_Fig_Python/Public_Reproducibility_Package_V01/npjcm-free-energy-surrogate_Re3/Python_Codes/table/snapshots_split/Cu_300K_snap00000.extxyz,Cu,300,Cu__300,-0.0001125072225183,-0.003449313789407171,-0.003336806566888871,0.003336806566888871
/Users/yti0811/Desktop/FE_data/npj_CM01/NPJ_CM_Fig_Python/Public_Reproducibility_Package_V01/npjcm-free-energy-surrogate_Re3/Python_Codes/table/snapshots_split/Cu_300K_snap00001.extxyz,Cu,300,Cu__300,0.0002469086613565,-0.0034480341552558186,-0.0036949428166123187,0.0036949428166123187
/Users/yti0811/Desktop/FE_data/npj_CM01/NPJ_CM_Fig_Python/Public_Reproducibility_Package_V01/npjcm-free-energy-surrogate_Re3/Python_Codes/table/snapshots_split/Cu_300K_snap00002.extxyz,Cu,300,Cu__300,0.0002128000199426,-0.0034505583943118105,-0.0036633584142544105,0.0036633584142544105
/Users/yti0811/Desktop/FE_data/npj_CM01/NPJ_CM_Fig_Python/Public_Reproducibility_Package_V01/npjcm-free-energy-surrogate_Re3/Python_Codes/table/snapshots_split/Cu_300K_snap00003.extxyz,Cu,300,Cu__300,-0.0003423516582103,-0.003439730068021303,-0.003097378409811003,0.003097378409811003
/Users/yti0811/Desktop/FE_data/npj_CM01/NPJ_CM_Fig_Python/Public_Reproducibility_Package_V01/npjcm-free-energy-surrogate_Re3/Python_Codes/table/snapshots_split/Cu_300K_snap00004.extxyz,Cu,300,Cu__300,-0.0001083647587254,-0.0034422118470954924,-0.0033338470883700925,0.0033338470883700925
/Users/yti0811/Desktop/FE_data/npj_CM01/NPJ_CM_Fig_Python/Public_Reproducibility_Package_V01/npjcm-free-energy-surrogate_Re3/Python_Codes/table/snapshots_split/Cu_300K_snap00005.extxyz,Cu,300,Cu__300,-0.0001380681767288,-0.0034472152213603827,-0.003309147044631583,0.003309147044631583
/Users/yti0811/Desktop/FE_data/npj_CM01/NPJ_CM_Fig_Python/Public_Reproducibility_Package_V01/npjcm-free-energy-surrogate_Re3/Python_Codes/table/snapshots_split/Cu_300K_snap00006.extxyz,Cu,300,Cu__300,-0.0001441316835454,-0.00344873232002872,-0.00330460063648332,0.00330460063648332
/Users/yti0811/Desktop/FE_data/npj_CM01/NPJ_CM_Fig_Python/Public_Reproducibility_Package_V01/npjcm-free-energy-surrogate_Re3/Python_Codes/table/snapshots_split/Cu_300K_snap00007.extxyz,Cu,300,Cu__300,-2.4834390695018265e-05,-0.003442664603071713,-0.003417830212376695,0.003417830212376695
/Users/yti0811/Desktop/FE_data/npj_CM01/NPJ_CM_Fig_Python/Public_Reproducibility_Package_V01/npjcm-free-energy-surrogate_Re3/Python_Codes/table/snapshots_split/Cu_300K_snap00008.extxyz,Cu,300,Cu__300,-0.000238180985486,-0.003441633586296588,-0.003203452600810588,0.003203452600810588
/Users/yti0811/Desktop/FE_data/npj_CM01/NPJ_CM_Fig_Python/Public_Reproducibility_Package_V01/npjcm-free-energy-surrogate_Re3/Python_Codes/table/snapshots_split/Cu_300K_snap00009.extxyz,Cu,300,Cu__300,-8.019598707466215e-05,-0.0034484959983838858,-0.003368300011309224,0.003368300011309224
/Users/yti0811/Desktop/FE_data/npj_CM01/NPJ_CM_Fig_Python/Public_Reproducibility_Package_V01/npjcm-free-energy-surrogate_Re3/Python_Codes/table/snapshots_split/Cu_300K_snap00010.extxyz,Cu,300,Cu__300,-0.0001265023137459,-0.0034416657310047867,-0.0033151634172588866,0.0033151634172588866
/Users/yti0811/Desktop/FE_data/npj_CM01/NPJ_CM_Fig_Python/Public_Reproducibility_Package_V01/npjcm-free-energy-surrogate_Re3/Python_Codes/table/snapshots_split/Cu_300K_snap00011.extxyz,Cu,300,Cu__300,1.827875808489808e-05,-0.0034493218968074738,-0.003467600654892372,0.003467600654892372
/Users/yti0811/Desktop/FE_data/npj_CM01/NPJ_CM_Fig_Python/Public_Reproducibility_Package_V01/npjcm-free-energy-surrogate_Re3/Python_Codes/table/snapshots_split/Cu_300K_snap00012.extxyz,Cu,300,Cu__300,0.0001495680217717,-0.003448430725279984,-0.003597998747051684,0.003597998747051684
/Users/yti0811/Desktop/FE_data/npj_CM01/NPJ_CM_Fig_Python/Public_Reproducibility_Package_V01/npjcm-free-energy-surrogate_Re3/Python_Codes/table/snapshots_split/Cu_300K_snap00013.extxyz,Cu,300,Cu__300,-4.285004580274644e-05,-0.003445485629723021,-0.0034026355839202748,0.0034026355839202748
/Users/yti0811/Desktop/FE_data/npj_CM01/NPJ_CM_Fig_Python/Public_Reproducibility_Package_V01/npjcm-free-energy-surrogate_Re3/Python_Codes/table/snapshots_split/Cu_300K_snap00014.extxyz,Cu,300,Cu__300,7.135879129192945e-05,-0.0034449747131368377,-0.0035163335044287674,0.0035163335044287674
/Users/yti0811/Desktop/FE_data/npj_CM01/NPJ_CM_Fig_Python/Public_Reproducibility_Package_V01/npjcm-free-energy-surrogate_Re3/Python_Codes/table/snapshots_split/Cu_300K_snap00015.extxyz,Cu,300,Cu__300,-0.0001736835099469,-0.0034413497065450913,-0.0032676661965981915,0.0032676661965981915
/Users/yti0811/Desktop/FE_data/npj_CM01/NPJ_CM_Fig_Python/Public_Reproducibility_Package_V01/npjcm-free-energy-surrogate_Re3/Python_Codes/table/snapshots_split/Cu_300K_snap00016.extxyz,Cu,300,Cu__300,-2.261496888823657e-05,-0.0034461918557637263,-0.00342357688687549,0.00342357688687549
/Users/yti0811/Desktop/FE_data/npj_CM01/NPJ_CM_Fig_Python/Public_Reproducibility_Package_V01/npjcm-free-energy-surrogate_Re3/Python_Codes/table/snapshots_split/Cu_300K_snap00017.extxyz,Cu,300,Cu__300,-0.0002025064190055,-0.003442859491657084,-0.003240353072651584,0.003240353072651584
/Users/yti0811/Desktop/FE_data/npj_CM01/NPJ_CM_Fig_Python/Public_Reproducibility_Package_V01/npjcm-free-energy-surrogate_Re3/Python_Codes/table/snapshots_split/Cu_300K_snap00018.extxyz,Cu,300,Cu__300,2.894488743341845e-06,-0.0034405570527865437,-0.0034434515415298858,0.0034434515415298858
/Users/yti0811/Desktop/FE_data/npj_CM01/NPJ_CM_Fig_Python/Public_Reproducibility_Package_V01/npjcm-free-energy-surrogate_Re3/Python_Codes/table/snapshots_split/Cu_300K_snap00019.extxyz,Cu,300,Cu__300,0.0001264141321812,-0.0034422792603233197,-0.0035686933925045197,0.0035686933925045197
/Users/yti0811/Desktop/FE_data/npj_CM01/NPJ_CM_Fig_Python/Public_Reproducibility_Package_V01/npjcm-free-energy-surrogate_Re3/Python_Codes/table/snapshots_split/Cu_300K_snap00020.extxyz,Cu,300,Cu__300,6.007858174726765e-05,-0.003451091124737921,-0.0035111697064851887,0.0035111697064851887
/Users/yti0811/Desktop/FE_data/npj_CM01/NPJ_CM_Fig_Python/Public_Reproducibility_Package_V01/npjcm-free-energy-surrogate_Re3/Python_Codes/table/snapshots_split/Cu_300K_snap00021.extxyz,Cu,300,Cu__300,-0.0001051507149045,-0.0034397490662706307,-0.003334598351366131,0.003334598351366131
/Users/yti0811/Desktop/FE_data/npj_CM01/NPJ_CM_Fig_Python/Public_Reproducibility_Package_V01/npjcm-free-energy-surrogate_Re3/Python_Codes/table/snapshots_split/Cu_300K_snap00022.extxyz,Cu,300,Cu__300,-0.0001430318746712,-0.003448556681974156,-0.003305524807302956,0.003305524807302956
/Users/yti0811/Desktop/FE_data/npj_CM01/NPJ_CM_Fig_Python/Public_Reproducibility_Package_V01/npjcm-free-energy-surrogate_Re3/Python_Codes/table/snapshots_split/Cu_300K_snap00023.extxyz,Cu,300,Cu__300,-0.0001043699571452,-0.0034427502508754503,-0.0033383802937302504,0.0033383802937302504
/Users/yti0811/Desktop/FE_data/npj_CM01/NPJ_CM_Fig_Python/Public_Reproducibility_Package_V01/npjcm-free-energy-surrogate_Re3/Python_Codes/table/snapshots_split/Cu_300K_snap00024.extxyz,Cu,300,Cu__300,-0.0003433189154383,-0.0034380192921655128,-0.003094700376727213,0.003094700376727213
/Users/yti0811/Desktop/FE_data/npj_CM01/NPJ_CM_Fig_Python/Public_Reproducibility_Package_V01/npjcm-free-energy-surrogate_Re3/Python_Codes/table/snapshots_split/Cu_300K_snap00025.extxyz,Cu,300,Cu__300,4.793291855963276e-05,-0.0034479716706394908,-0.0034959045891991237,0.0034959045891991237
/Users/yti0811/Desktop/FE_data/npj_CM01/NPJ_CM_Fig_Python/Public_Reproducibility_Package_V01/npjcm-free-energy-surrogate_Re3/Python_Codes/table/snapshots_split/Cu_300K_snap00026.extxyz,Cu,300,Cu__300,4.456490136427292e-05,-0.003440634480845545,-0.003485199382209818,0.003485199382209818
/Users/yti0811/Desktop/FE_data/npj_CM01/NPJ_CM_Fig_Python/Public_Reproducibility_Package_V01/npjcm-free-energy-surrogate_Re3/Python_Codes/table/snapshots_split/Cu_300K_snap00027.extxyz,Cu,300,Cu__300,8.83919920501129e-06,-0.003442680456367708,-0.0034515196555727195,0.0034515196555727195
/Users/yti0811/Desktop/FE_data/npj_CM01/NPJ_CM_Fig_Python/Public_Reproducibility_Package_V01/npjcm-free-energy-surrogate_Re3/Python_Codes/table/snapshots_split/Cu_300K_snap00028.extxyz,Cu,300,Cu__300,-0.0001376801380676,-0.003442181231327668,-0.0033045010932600677,0.0033045010932600677
/Users/yti0811/Desktop/FE_data/npj_CM01/NPJ_CM_Fig_Python/Public_Reproducibility_Package_V01/npjcm-free-energy-surrogate_Re3/Python_Codes/table/snapshots_split/Cu_300K_snap00029.extxyz,Cu,300,Cu__300,0.0001175157849013,-0.003451497217905746,-0.003569013002807046,0.003569013002807046
/Users/yti0811/Desktop/FE_data/npj_CM01/NPJ_CM_Fig_Python/Public_Reproducibility_Package_V01/npjcm-free-energy-surrogate_Re3/Python_Codes/table/snapshots_split/Cu_300K_snap00030.extxyz,Cu,300,Cu__300,3.2629641190760604e-05,-0.00343930213472107,-0.0034719317759118306,0.0034719317759118306
/Users/yti0811/Desktop/FE_data/npj_CM01/NPJ_CM_Fig_Python/Public_Reproducibility_Package_V01/npjcm-free-energy-surrogate_Re3/Python_Codes/table/snapshots_split/Cu_300K_snap00031.extxyz,Cu,300,Cu__300,0.0001166750353811,-0.0034500137400826913,-0.0035666887754637914,0.0035666887754637914
/Users/yti0811/Desktop/FE_data/npj_CM01/NPJ_CM_Fig_Python/Public_Reproducibility_Package_V01/npjcm-free-energy-surrogate_Re3/Python_Codes/table/snapshots_split/Cu_300K_snap00032.extxyz,Cu,300,Cu__300,0.0001233963545921,-0.003440008383410205,-0.003563404738002305,0.003563404738002305
/Users/yti0811/Desktop/FE_data/npj_CM01/NPJ_CM_Fig_Python/Public_Reproducibility_Package_V01/npjcm-free-energy-surrogate_Re3/Python_Codes/table/snapshots_split/Cu_300K_snap00033.extxyz,Cu,300,Cu__300,-6.804807495620792e-05,-0.0034444818967465035,-0.003376433821790296,0.003376433821790296
/Users/yti0811/Desktop/FE_data/npj_CM01/NPJ_CM_Fig_Python/Public_Reproducibility_Package_V01/npjcm-free-energy-surrogate_Re3/Python_Codes/table/snapshots_split/Cu_300K_snap00034.extxyz,Cu,300,Cu__300,-2.171091484283351e-05,-0.0034449047353741734,-0.00342319382053134,0.00342319382053134
/Users/yti0811/Desktop/FE_data/npj_CM01/NPJ_CM_Fig_Python/Public_Reproducibility_Package_V01/npjcm-free-energy-surrogate_Re3/Python_Codes/table/snapshots_split/Cu_300K_snap00035.extxyz,Cu,300,Cu__300,-7.812467143787528e-05,-0.0034412292581450545,-0.0033631045867071794,0.0033631045867071794
/Users/yti0811/Desktop/FE_data/npj_CM01/NPJ_CM_Fig_Python/Public_Reproducibility_Package_V01/npjcm-free-energy-surrogate_Re3/Python_Codes/table/snapshots_split/Cu_300K_snap00036.extxyz,Cu,300,Cu__300,-1.8399518180295552e-06,-0.00344462023000743,-0.0034427802781894007,0.0034427802781894007
/Users/yti0811/Desktop/FE_data/npj_CM01/NPJ_CM_Fig_Python/Public_Reproducibility_Package_V01/npjcm-free-energy-surrogate_Re3/Python_Codes/table/snapshots_split/Cu_300K_snap00037.extxyz,Cu,300,Cu__300,7.006846434708222e-05,-0.003445835101371546,-0.003515903565718628,0.003515903565718628
/Users/yti0811/Desktop/FE_data/npj_CM01/NPJ_CM_Fig_Python/Public_Reproducibility_Package_V01/npjcm-free-energy-surrogate_Re3/Python_Codes/table/snapshots_split/Cu_300K_snap00038.extxyz,Cu,300,Cu__300,-4.205982719530822e-05,-0.0034457590071564643,-0.0034036991799611563,0.0034036991799611563
/Users/yti0811/Desktop/FE_data/npj_CM01/NPJ_CM_Fig_Python/Public_Reproducibility_Package_V01/npjcm-free-energy-surrogate_Re3/Python_Codes/table/snapshots_split/Cu_300K_snap00039.extxyz,Cu,300,Cu__300,-0.0001230968265497,-0.0034412438372189496,-0.00331814701066925,0.00331814701066925
/Users/yti0811/Desktop/FE_data/npj_CM01/NPJ_CM_Fig_Python/Public_Reproducibility_Package_V01/npjcm-free-energy-surrogate_Re3/Python_Codes/table/snapshots_split/Cu_300K_snap00040.extxyz,Cu,300,Cu__300,-7.33419055888475e-06,-0.0034405043243796386,-0.003433170133820754,0.003433170133820754
/Users/yti0811/Desktop/FE_data/npj_CM01/NPJ_CM_Fig_Python/Public_Reproducibility_Package_V01/npjcm-free-energy-surrogate_Re3/Python_Codes/table/snapshots_split/Cu_300K_snap00041.extxyz,Cu,300,Cu__300,2.69367087137745e-05,-0.003449252433784041,-0.003476189142497816,0.003476189142497816
/Users/yti0811/Desktop/FE_data/npj_CM01/NPJ_CM_Fig_Python/Public_Reproducibility_Package_V01/npjcm-free-energy-surrogate_Re3/Python_Codes/table/snapshots_split/Cu_300K_snap00042.extxyz,Cu,300,Cu__300,-7.934730024152253e-06,-0.0034410598496474416,-0.0034331251196232896,0.0034331251196232896
/Users/yti0811/Desktop/FE_data/npj_CM01/NPJ_CM_Fig_Python/Public_Reproducibility_Package_V01/npjcm-free-energy-surrogate_Re3/Python_Codes/table/snapshots_split/Cu_300K_snap00043.extxyz,Cu,300,Cu__300,3.492667422254457e-05,-0.0034415457877222636,-0.0034764724619448083,0.0034764724619448083
/Users/yti0811/Desktop/FE_data/npj_CM01/NPJ_CM_Fig_Python/Public_Reproducibility_Package_V01/npjcm-free-energy-surrogate_Re3/Python_Codes/table/snapshots_split/Cu_300K_snap00044.extxyz,Cu,300,Cu__300,-0.0002136314523063,-0.0034406345779724903,-0.00322700312566619,0.00322700312566619
/Users/yti0811/Desktop/FE_data/npj_CM01/NPJ_CM_Fig_Python/Public_Reproducibility_Package_V01/npjcm-free-energy-surrogate_Re3/Python_Codes/table/snapshots_split/Cu_300K_snap00045.extxyz,Cu,300,Cu__300,0.0003030698594383,-0.0034437367709366385,-0.0037468066303749385,0.0037468066303749385
/Users/yti0811/Desktop/FE_data/npj_CM01/NPJ_CM_Fig_Python/Public_Reproducibility_Package_V01/npjcm-free-energy-surrogate_Re3/Python_Codes/table/snapshots_split/Cu_300K_snap00046.extxyz,Cu,300,Cu__300,1.394824209198618e-05,-0.0034407603923026597,-0.003454708634394646,0.003454708634394646
/Users/yti0811/Desktop/FE_data/npj_CM01/NPJ_CM_Fig_Python/Public_Reproducibility_Package_V01/npjcm-free-energy-surrogate_Re3/Python_Codes/table/snapshots_split/Cu_300K_snap00047.extxyz,Cu,300,Cu__300,-0.0001316903035458,-0.00344199234885968,-0.00331030204531388,0.00331030204531388
/Users/yti0811/Desktop/FE_data/npj_CM01/NPJ_CM_Fig_Python/Public_Reproducibility_Package_V01/npjcm-free-energy-surrogate_Re3/Python_Codes/table/snapshots_split/Cu_300K_snap00048.extxyz,Cu,300,Cu__300,4.1243319825895305e-06,-0.003441099566185877,-0.0034452238981684665,0.0034452238981684665
/Users/yti0811/Desktop/FE_data/npj_CM01/NPJ_CM_Fig_Python/Public_Reproducibility_Package_V01/npjcm-free-energy-surrogate_Re3/Python_Codes/table/snapshots_split/Cu_300K_snap00049.extxyz,Cu,300,Cu__300,0.0001310896445429,-0.0034419649773624254,-0.0035730546219053254,0.0035730546219053254
/Users/yti0811/Desktop/FE_data/npj_CM01/NPJ_CM_Fig_Python/Public_Reproducibility_Package_V01/npjcm-free-energy-surrogate_Re3/Python_Codes/table/snapshots_split/Cu_300K_snap00050.extxyz,Cu,300,Cu__300,-0.00021461292713,-0.003438196852973568,-0.0032235839258435684,0.0032235839258435684
/Users/yti0811/Desktop/FE_data/npj_CM01/NPJ_CM_Fig_Python/Public_Reproducibility_Package_V01/npjcm-free-energy-surrogate_Re3/Python_Codes/table/snapshots_split/Cu_300K_snap00051.extxyz,Cu,300,Cu__300,-4.2307867480623365e-06,-0.00344616625147058,-0.003441935464722518,0.003441935464722518
/Users/yti0811/Desktop/FE_data/npj_CM01/NPJ_CM_Fig_Python/Public_Reproducibility_Package_V01/npjcm-free-energy-surrogate_Re3/Python_Codes/table/snapshots_split/Cu_300K_snap00052.extxyz,Cu,300,Cu__300,-0.0002739080936277,-0.0034355596641145497,-0.0031616515704868497,0.0031616515704868497
/Users/yti0811/Desktop/FE_data/npj_CM01/NPJ_CM_Fig_Python/Public_Reproducibility_Package_V01/npjcm-free-energy-surrogate_Re3/Python_Codes/table/snapshots_split/Cu_300K_snap00053.extxyz,Cu,300,Cu__300,-6.254624617697715e-05,-0.0034488444126719274,-0.00338629816649495,0.00338629816649495
/Users/yti0811/Desktop/FE_data/npj_CM01/NPJ_CM_Fig_Python/Public_Reproducibility_Package_V01/npjcm-free-energy-surrogate_Re3/Python_Codes/table/snapshots_split/Cu_300K_snap00054.extxyz,Cu,300,Cu__300,-5.6115123155743864e-05,-0.003440879111464866,-0.0033847639883091223,0.0033847639883091223
/Users/yti0811/Desktop/FE_data/npj_CM01/NPJ_CM_Fig_Python/Public_Reproducibility_Package_V01/npjcm-free-energy-surrogate_Re3/Python_Codes/table/snapshots_split/Cu_300K_snap00055.extxyz,Cu,300,Cu__300,-5.77716217860086e-05,-0.0034430408658461535,-0.003385269244060145,0.003385269244060145
/Users/yti0811/Desktop/FE_data/npj_CM01/NPJ_CM_Fig_Python/Public_Reproducibility_Package_V01/npjcm-free-energy-surrogate_Re3/Python_Codes/table/snapshots_split/Cu_300K_snap00056.extxyz,Cu,300,Cu__300,-8.443066127440558e-05,-0.0034355438158071507,-0.0033511131545327453,0.0033511131545327453
/Users/yti0811/Desktop/FE_data/npj_CM01/NPJ_CM_Fig_Python/Public_Reproducibility_Package_V01/npjcm-free-energy-surrogate_Re3/Python_Codes/table/snapshots_split/Cu_300K_snap00057.extxyz,Cu,300,Cu__300,0.0001061966500799,-0.0034438569664438116,-0.0035500536165237115,0.0035500536165237115
/Users/yti0811/Desktop/FE_data/npj_CM01/NPJ_CM_Fig_Python/Public_Reproducibility_Package_V01/npjcm-free-energy-surrogate_Re3/Python_Codes/table/snapshots_split/Cu_300K_snap00058.extxyz,Cu,300,Cu__300,-0.000281622611823,-0.003439534540907282,-0.003157911929084282,0.003157911929084282
/Users/yti0811/Desktop/FE_data/npj_CM01/NPJ_CM_Fig_Python/Public_Reproducibility_Package_V01/npjcm-free-energy-surrogate_Re3/Python_Codes/table/snapshots_split/Cu_300K_snap00059.extxyz,Cu,300,Cu__300,0.0001211885040572,-0.0034520718468148462,-0.0035732603508720462,0.0035732603508720462
/Users/yti0811/Desktop/FE_data/npj_CM01/NPJ_CM_Fig_Python/Public_Reproducibility_Package_V01/npjcm-free-energy-surrogate_Re3/Python_Codes/table/snapshots_split/Cu_300K_snap00060.extxyz,Cu,300,Cu__300,9.663724984760146e-05,-0.0034451817350635056,-0.003541818984911107,0.003541818984911107
/Users/yti0811/Desktop/FE_data/npj_CM01/NPJ_CM_Fig_Python/Public_Reproducibility_Package_V01/npjcm-free-energy-surrogate_Re3/Python_Codes/table/snapshots_split/Cu_300K_snap00061.extxyz,Cu,300,Cu__300,-0.0001076420654344,-0.0034404457744593832,-0.0033328037090249833,0.0033328037090249833
/Users/yti0811/Desktop/FE_data/npj_CM01/NPJ_CM_Fig_Python/Public_Reproducibility_Package_V01/npjcm-free-energy-surrogate_Re3/Python_Codes/table/snapshots_split/Cu_300K_snap00062.extxyz,Cu,300,Cu__300,-2.710308841371039e-06,-0.003436820119651194,-0.0034341098108098232,0.0034341098108098232
/Users/yti0811/Desktop/FE_data/npj_CM01/NPJ_CM_Fig_Python/Public_Reproducibility_Package_V01/npjcm-free-energy-surrogate_Re3/Python_Codes/table/snapshots_split/Cu_300K_snap00063.extxyz,Cu,300,Cu__300,7.061039395449387e-05,-0.003447323470570635,-0.003517933864525129,0.003517933864525129
/Users/yti0811/Desktop/FE_data/npj_CM01/NPJ_CM_Fig_Python/Public_Reproducibility_Package_V01/npjcm-free-energy-surrogate_Re3/Python_Codes/table/snapshots_split/Cu_300K_snap00064.extxyz,Cu,300,Cu__300,1.4543819154320658e-05,-0.003439631151008818,-0.003454174970163139,0.003454174970163139
/Users/yti0811/Desktop/FE_data/npj_CM01/NPJ_CM_Fig_Python/Public_Reproducibility_Package_V01/npjcm-free-energy-surrogate_Re3/Python_Codes/table/snapshots_split/Cu_300K_snap00065.extxyz,Cu,300,Cu__300,0.0002219039512833,-0.00344278094258538,-0.0036646848938686797,0.0036646848938686797
/Users/yti0811/Desktop/FE_data/npj_CM01/NPJ_CM_Fig_Python/Public_Reproducibility_Package_V01/npjcm-free-energy-surrogate_Re3/Python_Codes/table/snapshots_split/Cu_300K_snap00066.extxyz,Cu,300,Cu__300,1.5105463451168794e-05,-0.003440269551634345,-0.003455375015085514,0.003455375015085514
/Users/yti0811/Desktop/FE_data/npj_CM01/NPJ_CM_Fig_Python/Public_Reproducibility_Package_V01/npjcm-free-energy-surrogate_Re3/Python_Codes/table/snapshots_split/Cu_300K_snap00067.extxyz,Cu,300,Cu__300,0.0001755975801027,-0.0034432109928402414,-0.003618808572942941,0.003618808572942941
/Users/yti0811/Desktop/FE_data/npj_CM01/NPJ_CM_Fig_Python/Public_Reproducibility_Package_V01/npjcm-free-energy-surrogate_Re3/Python_Codes/table/snapshots_split/Cu_300K_snap00068.extxyz,Cu,300,Cu__300,-2.927553555755082e-05,-0.003439712693212238,-0.0034104371576546876,0.0034104371576546876
/Users/yti0811/Desktop/FE_data/npj_CM01/NPJ_CM_Fig_Python/Public_Reproducibility_Package_V01/npjcm-free-energy-surrogate_Re3/Python_Codes/table/snapshots_split/Cu_300K_snap00069.extxyz,Cu,300,Cu__300,-0.00012521304789,-0.003440379973421429,-0.003315166925531429,0.003315166925531429
/Users/yti0811/Desktop/FE_data/npj_CM01/NPJ_CM_Fig_Python/Public_Reproducibility_Package_V01/npjcm-free-energy-surrogate_Re3/Python_Codes/table/snapshots_split/Cu_300K_snap00070.extxyz,Cu,300,Cu__300,-6.844510906224456e-05,-0.003438211161624934,-0.0033697660525626896,0.0033697660525626896
/Users/yti0811/Desktop/FE_data/npj_CM01/NPJ_CM_Fig_Python/Public_Reproducibility_Package_V01/npjcm-free-energy-surrogate_Re3/Python_Codes/table/snapshots_split/Cu_300K_snap00071.extxyz,Cu,300,Cu__300,-0.0002339743844487,-0.0034411387141238194,-0.0032071643296751194,0.0032071643296751194
/Users/yti0811/Desktop/FE_data/npj_CM01/NPJ_CM_Fig_Python/Public_Reproducibility_Package_V01/npjcm-free-energy-surrogate_Re3/Python_Codes/table/snapshots_split/Cu_300K_snap00072.extxyz,Cu,300,Cu__300,-0.0003530254535125,-0.003439359741238199,-0.003086334287725699,0.003086334287725699
/Users/yti0811/Desktop/FE_data/npj_CM01/NPJ_CM_Fig_Python/Public_Reproducibility_Package_V01/npjcm-free-energy-surrogate_Re3/Python_Codes/table/snapshots_split/Cu_300K_snap00073.extxyz,Cu,300,Cu__300,2.9225685529863916e-05,-0.003445804409447067,-0.0034750300949769313,0.0034750300949769313
/Users/yti0811/Desktop/FE_data/npj_CM01/NPJ_CM_Fig_Python/Public_Reproducibility_Package_V01/npjcm-free-energy-surrogate_Re3/Python_Codes/table/snapshots_split/Cu_300K_snap00074.extxyz,Cu,300,Cu__300,-6.461782898993811e-06,-0.0034388059989726412,-0.0034323442160736476,0.0034323442160736476
/Users/yti0811/Desktop/FE_data/npj_CM01/NPJ_CM_Fig_Python/Public_Reproducibility_Package_V01/npjcm-free-energy-surrogate_Re3/Python_Codes/table/snapshots_split/Cu_300K_snap00075.extxyz,Cu,300,Cu__300,0.0002472372943622,-0.003447910952834574,-0.003695148247196774,0.003695148247196774
/Users/yti0811/Desktop/FE_data/npj_CM01/NPJ_CM_Fig_Python/Public_Reproducibility_Package_V01/npjcm-free-energy-surrogate_Re3/Python_Codes/table/snapshots_split/Cu_300K_snap00076.extxyz,Cu,300,Cu__300,4.817968579916397e-05,-0.0034465640954919816,-0.0034947437812911457,0.0034947437812911457
/Users/yti0811/Desktop/FE_data/npj_CM01/NPJ_CM_Fig_Python/Public_Reproducibility_Package_V01/npjcm-free-energy-surrogate_Re3/Python_Codes/table/snapshots_split/Cu_300K_snap00077.extxyz,Cu,300,Cu__300,0.0001214583302164,-0.0034432392083311517,-0.0035646975385475515,0.0035646975385475515
/Users/yti0811/Desktop/FE_data/npj_CM01/NPJ_CM_Fig_Python/Public_Reproducibility_Package_V01/npjcm-free-energy-surrogate_Re3/Python_Codes/table/snapshots_split/Cu_300K_snap00078.extxyz,Cu,300,Cu__300,0.0001942066155224,-0.0034422466473894666,-0.0036364532629118668,0.0036364532629118668
/Users/yti0811/Desktop/FE_data/npj_CM01/NPJ_CM_Fig_Python/Public_Reproducibility_Package_V01/npjcm-free-energy-surrogate_Re3/Python_Codes/table/snapshots_split/Cu_300K_snap00079.extxyz,Cu,300,Cu__300,2.7314805713705687e-05,-0.003443992444430091,-0.003471307250143797,0.003471307250143797
/Users/yti0811/Desktop/FE_data/npj_CM01/NPJ_CM_Fig_Python/Public_Reproducibility_Package_V01/npjcm-free-energy-surrogate_Re3/Python_Codes/table/snapshots_split/Cu_300K_snap00080.extxyz,Cu,300,Cu__300,-0.000209200222636,-0.0034354310123138137,-0.0032262307896778137,0.0032262307896778137
/Users/yti0811/Desktop/FE_data/npj_CM01/NPJ_CM_Fig_Python/Public_Reproducibility_Package_V01/npjcm-free-energy-surrogate_Re3/Python_Codes/table/snapshots_split/Cu_300K_snap00081.extxyz,Cu,300,Cu__300,0.0001581782702504,-0.0034476703985277285,-0.0036058486687781284,0.0036058486687781284
/Users/yti0811/Desktop/FE_data/npj_CM01/NPJ_CM_Fig_Python/Public_Reproducibility_Package_V01/npjcm-free-energy-surrogate_Re3/Python_Codes/table/snapshots_split/Cu_300K_snap00082.extxyz,Cu,300,Cu__300,0.0001117284593656,-0.0034376812702518206,-0.0035494097296174206,0.0035494097296174206
/Users/yti0811/Desktop/FE_data/npj_CM01/NPJ_CM_Fig_Python/Public_Reproducibility_Package_V01/npjcm-free-energy-surrogate_Re3/Python_Codes/table/snapshots_split/Cu_300K_snap00083.extxyz,Cu,300,Cu__300,-3.4960352709236266e-05,-0.00344033984495176,-0.003405379492242524,0.003405379492242524
/Users/yti0811/Desktop/FE_data/npj_CM01/NPJ_CM_Fig_Python/Public_Reproducibility_Package_V01/npjcm-free-energy-surrogate_Re3/Python_Codes/table/snapshots_split/Cu_300K_snap00084.extxyz,Cu,300,Cu__300,5.287408059649722e-05,-0.0034340594344121804,-0.003486933515008678,0.003486933515008678
/Users/yti0811/Desktop/FE_data/npj_CM01/NPJ_CM_Fig_Python/Public_Reproducibility_Package_V01/npjcm-free-energy-surrogate_Re3/Python_Codes/table/snapshots_split/Cu_300K_snap00085.extxyz,Cu,300,Cu__300,-0.0002085575574541,-0.0034313957073258622,-0.003222838149871762,0.003222838149871762
/Users/yti0811/Desktop/FE_data/npj_CM01/NPJ_CM_Fig_Python/Public_Reproducibility_Package_V01/npjcm-free-energy-surrogate_Re3/Python_Codes/table/snapshots_split/Cu_300K_snap00086.extxyz,Cu,300,Cu__300,1.1434745818648655e-05,-0.003443278329936874,-0.003454713075755523,0.003454713075755523
/Users/yti0811/Desktop/FE_data/npj_CM01/NPJ_CM_Fig_Python/Public_Reproducibility_Package_V01/npjcm-free-energy-surrogate_Re3/Python_Codes/table/snapshots_split/Cu_300K_snap00087.extxyz,Cu,300,Cu__300,-0.0001932439146118,-0.003438127171096652,-0.003244883256484852,0.003244883256484852
/Users/yti0811/Desktop/FE_data/npj_CM01/NPJ_CM_Fig_Python/Public_Reproducibility_Package_V01/npjcm-free-energy-surrogate_Re3/Python_Codes/table/snapshots_split/Cu_300K_snap00088.extxyz,Cu,300,Cu__300,2.7031864084024455e-05,-0.0034402070641661024,-0.003467238928250127,0.003467238928250127
/Users/yti0811/Desktop/FE_data/npj_CM01/NPJ_CM_Fig_Python/Public_Reproducibility_Package_V01/npjcm-free-energy-surrogate_Re3/Python_Codes/table/snapshots_split/Cu_300K_snap00089.extxyz,Cu,300,Cu__300,-1.868388845195525e-05,-0.0034427355545964436,-0.0034240516661444885,0.0034240516661444885
/Users/yti0811/Desktop/FE_data/npj_CM01/NPJ_CM_Fig_Python/Public_Reproducibility_Package_V01/npjcm-free-energy-surrogate_Re3/Python_Codes/table/snapshots_split/Cu_300K_snap00090.extxyz,Cu,300,Cu__300,-0.0003017237389063,-0.003434734926440163,-0.003133011187533863,0.003133011187533863
/Users/yti0811/Desktop/FE_data/npj_CM01/NPJ_CM_Fig_Python/Public_Reproducibility_Package_V01/npjcm-free-energy-surrogate_Re3/Python_Codes/table/snapshots_split/Cu_300K_snap00091.extxyz,Cu,300,Cu__300,0.0002215322186183,-0.003442193958998838,-0.003663726177617138,0.003663726177617138
/Users/yti0811/Desktop/FE_data/npj_CM01/NPJ_CM_Fig_Python/Public_Reproducibility_Package_V01/npjcm-free-energy-surrogate_Re3/Python_Codes/table/snapshots_split/Cu_300K_snap00092.extxyz,Cu,300,Cu__300,-5.890745775617602e-05,-0.003438394231011289,-0.0033794867732551133,0.0033794867732551133
/Users/yti0811/Desktop/FE_data/npj_CM01/NPJ_CM_Fig_Python/Public_Reproducibility_Package_V01/npjcm-free-energy-surrogate_Re3/Python_Codes/table/snapshots_split/Cu_300K_snap00093.extxyz,Cu,300,Cu__300,-0.0001929072752665,-0.003434982394033969,-0.003242075118767469,0.003242075118767469
/Users/yti0811/Desktop/FE_data/npj_CM01/NPJ_CM_Fig_Python/Public_Reproducibility_Package_V01/npjcm-free-energy-surrogate_Re3/Python_Codes/table/snapshots_split/Cu_300K_snap00094.extxyz,Cu,300,Cu__300,0.0001337777137741,-0.0034457911624616666,-0.0035795688762357667,0.0035795688762357667
/Users/yti0811/Desktop/FE_data/npj_CM01/NPJ_CM_Fig_Python/Public_Reproducibility_Package_V01/npjcm-free-energy-surrogate_Re3/Python_Codes/table/snapshots_split/Cu_300K_snap00095.extxyz,Cu,300,Cu__300,8.083608572110146e-05,-0.0034336670722437505,-0.003514503157964852,0.003514503157964852
/Users/yti0811/Desktop/FE_data/npj_CM01/NPJ_CM_Fig_Python/Public_Reproducibility_Package_V01/npjcm-free-energy-surrogate_Re3/Python_Codes/table/snapshots_split/Cu_300K_snap00096.extxyz,Cu,300,Cu__300,-0.0001675264147421,-0.00344002567719786,-0.00327249926245576,0.00327249926245576
/Users/yti0811/Desktop/FE_data/npj_CM01/NPJ_CM_Fig_Python/Public_Reproducibility_Package_V01/npjcm-free-energy-surrogate_Re3/Python_Codes/table/snapshots_split/Cu_300K_snap00097.extxyz,Cu,300,Cu__300,-0.0001385576597704,-0.003434392555276736,-0.0032958348955063363,0.0032958348955063363
/Users/yti0811/Desktop/FE_data/npj_CM01/NPJ_CM_Fig_Python/Public_Reproducibility_Package_V01/npjcm-free-energy-surrogate_Re3/Python_Codes/table/snapshots_split/Cu_300K_snap00098.extxyz,Cu,300,Cu__300,-0.0001113216789559,-0.0034393537161675316,-0.0033280320372116316,0.0033280320372116316
/Users/yti0811/Desktop/FE_data/npj_CM01/NPJ_CM_Fig_Python/Public_Reproducibility_Package_V01/npjcm-free-energy-surrogate_Re3/Python_Codes/table/snapshots_split/Cu_300K_snap00099.extxyz,Cu,300,Cu__300,0.0002775443698026,-0.003440389239945203,-0.003717933609747803,0.003717933609747803
/Users/yti0811/Desktop/FE_data/npj_CM01/NPJ_CM_Fig_Python/Public_Reproducibility_Package_V01/npjcm-free-energy-surrogate_Re3/Python_Codes/table/snapshots_split/Cu_400K_snap00000.extxyz,Cu,400,Cu__400,-0.0018815391135604,-0.0031676626284506066,-0.0012861235148902066,0.0012861235148902066
/Users/yti0811/Desktop/FE_data/npj_CM01/NPJ_CM_Fig_Python/Public_Reproducibility_Package_V01/npjcm-free-energy-surrogate_Re3/Python_Codes/table/snapshots_split/Cu_400K_snap00001.extxyz,Cu,400,Cu__400,-0.0019390203779696,-0.003157399990167198,-0.0012183796121975983,0.0012183796121975983
/Users/yti0811/Desktop/FE_data/npj_CM01/NPJ_CM_Fig_Python/Public_Reproducibility_Package_V01/npjcm-free-energy-surrogate_Re3/Python_Codes/table/snapshots_split/Cu_400K_snap00002.extxyz,Cu,400,Cu__400,-0.0018311852899772,-0.003172773786808353,-0.0013415884968311532,0.0013415884968311532
/Users/yti0811/Desktop/FE_data/npj_CM01/NPJ_CM_Fig_Python/Public_Reproducibility_Package_V01/npjcm-free-energy-surrogate_Re3/Python_Codes/table/snapshots_split/Cu_400K_snap00003.extxyz,Cu,400,Cu__400,-0.0022678517355427,-0.003165945920134563,-0.000898094184591863,0.000898094184591863
/Users/yti0811/Desktop/FE_data/npj_CM01/NPJ_CM_Fig_Python/Public_Reproducibility_Package_V01/npjcm-free-energy-surrogate_Re3/Python_Codes/table/snapshots_split/Cu_400K_snap00004.extxyz,Cu,400,Cu__400,-0.0020026771923067,-0.0031663640615326115,-0.0011636868692259114,0.0011636868692259114
/Users/yti0811/Desktop/FE_data/npj_CM01/NPJ_CM_Fig_Python/Public_Reproducibility_Package_V01/npjcm-free-energy-surrogate_Re3/Python_Codes/table/snapshots_split/Cu_400K_snap00005.extxyz,Cu,400,Cu__400,-0.0022376079424515,-0.0031584035970054106,-0.0009207956545539105,0.0009207956545539105
/Users/yti0811/Desktop/FE_data/npj_CM01/NPJ_CM_Fig_Python/Public_Reproducibility_Package_V01/npjcm-free-energy-surrogate_Re3/Python_Codes/table/snapshots_split/Cu_400K_snap00006.extxyz,Cu,400,Cu__400,-0.0020077207878275,-0.003164838640638542,-0.0011571178528110419,0.0011571178528110419
/Users/yti0811/Desktop/FE_data/npj_CM01/NPJ_CM_Fig_Python/Public_Reproducibility_Package_V01/npjcm-free-energy-surrogate_Re3/Python_Codes/table/snapshots_split/Cu_400K_snap00007.extxyz,Cu,400,Cu__400,-0.0019528601836888,-0.0031727214788552947,-0.0012198612951664948,0.0012198612951664948
/Users/yti0811/Desktop/FE_data/npj_CM01/NPJ_CM_Fig_Python/Public_Reproducibility_Package_V01/npjcm-free-energy-surrogate_Re3/Python_Codes/table/snapshots_split/Cu_400K_snap00008.extxyz,Cu,400,Cu__400,-0.0017646909626725,-0.003162947341463412,-0.001398256378790912,0.001398256378790912
/Users/yti0811/Desktop/FE_data/npj_CM01/NPJ_CM_Fig_Python/Public_Reproducibility_Package_V01/npjcm-free-energy-surrogate_Re3/Python_Codes/table/snapshots_split/Cu_400K_snap00009.extxyz,Cu,400,Cu__400,-0.0020658085162441,-0.003165184411295667,-0.0010993758950515668,0.0010993758950515668
/Users/yti0811/Desktop/FE_data/npj_CM01/NPJ_CM_Fig_Python/Public_Reproducibility_Package_V01/npjcm-free-energy-surrogate_Re3/Python_Codes/table/snapshots_split/Cu_400K_snap00010.extxyz,Cu,400,Cu__400,-0.0020241401318643,-0.003167278169598273,-0.0011431380377339728,0.0011431380377339728
/Users/yti0811/Desktop/FE_data/npj_CM01/NPJ_CM_Fig_Python/Public_Reproducibility_Package_V01/npjcm-free-energy-surrogate_Re3/Python_Codes/table/snapshots_split/Cu_400K_snap00011.extxyz,Cu,400,Cu__400,-0.0020220638562973,-0.003160926437725034,-0.0011388625814277337,0.0011388625814277337
/Users/yti0811/Desktop/FE_data/npj_CM01/NPJ_CM_Fig_Python/Public_Reproducibility_Package_V01/npjcm-free-energy-surrogate_Re3/Python_Codes/table/snapshots_split/Cu_400K_snap00012.extxyz,Cu,400,Cu__400,-0.001849307335906,-0.003159488075843949,-0.001310180739937949,0.001310180739937949
/Users/yti0811/Desktop/FE_data/npj_CM01/NPJ_CM_Fig_Python/Public_Reproducibility_Package_V01/npjcm-free-energy-surrogate_Re3/Python_Codes/table/snapshots_split/Cu_400K_snap00013.extxyz,Cu,400,Cu__400,-0.0019242840421584,-0.0031646685057903396,-0.0012403844636319395,0.0012403844636319395
/Users/yti0811/Desktop/FE_data/npj_CM01/NPJ_CM_Fig_Python/Public_Reproducibility_Package_V01/npjcm-free-energy-surrogate_Re3/Python_Codes/table/snapshots_split/Cu_400K_snap00014.extxyz,Cu,400,Cu__400,-0.0024276883707114,-0.0031525874621117925,-0.0007248990914003927,0.0007248990914003927
/Users/yti0811/Desktop/FE_data/npj_CM01/NPJ_CM_Fig_Python/Public_Reproducibility_Package_V01/npjcm-free-energy-surrogate_Re3/Python_Codes/table/snapshots_split/Cu_400K_snap00015.extxyz,Cu,400,Cu__400,-0.0019523847583551,-0.003168798781833526,-0.0012164140234784259,0.0012164140234784259
/Users/yti0811/Desktop/FE_data/npj_CM01/NPJ_CM_Fig_Python/Public_Reproducibility_Package_V01/npjcm-free-energy-surrogate_Re3/Python_Codes/table/snapshots_split/Cu_400K_snap00016.extxyz,Cu,400,Cu__400,-0.0016566878138575,-0.0031688970330639343,-0.0015122092192064343,0.0015122092192064343
/Users/yti0811/Desktop/FE_data/npj_CM01/NPJ_CM_Fig_Python/Public_Reproducibility_Package_V01/npjcm-free-energy-surrogate_Re3/Python_Codes/table/snapshots_split/Cu_400K_snap00017.extxyz,Cu,400,Cu__400,-0.0019247539980833,-0.0031567068013413327,-0.0012319528032580327,0.0012319528032580327
/Users/yti0811/Desktop/FE_data/npj_CM01/NPJ_CM_Fig_Python/Public_Reproducibility_Package_V01/npjcm-free-energy-surrogate_Re3/Python_Codes/table/snapshots_split/Cu_400K_snap00018.extxyz,Cu,400,Cu__400,-0.0021015325775741,-0.003155042925870272,-0.0010535103482961724,0.0010535103482961724
/Users/yti0811/Desktop/FE_data/npj_CM01/NPJ_CM_Fig_Python/Public_Reproducibility_Package_V01/npjcm-free-energy-surrogate_Re3/Python_Codes/table/snapshots_split/Cu_400K_snap00019.extxyz,Cu,400,Cu__400,-0.0023563846440763,-0.0031663956517871397,-0.0008100110077108396,0.0008100110077108396
/Users/yti0811/Desktop/FE_data/npj_CM01/NPJ_CM_Fig_Python/Public_Reproducibility_Package_V01/npjcm-free-energy-surrogate_Re3/Python_Codes/table/snapshots_split/Cu_400K_snap00020.extxyz,Cu,400,Cu__400,-0.0018564365113315,-0.003170347363028759,-0.0013139108516972589,0.0013139108516972589
/Users/yti0811/Desktop/FE_data/npj_CM01/NPJ_CM_Fig_Python/Public_Reproducibility_Package_V01/npjcm-free-energy-surrogate_Re3/Python_Codes/table/snapshots_split/Cu_400K_snap00021.extxyz,Cu,400,Cu__400,-0.0018508778397112,-0.003163663639901679,-0.001312785800190479,0.001312785800190479
/Users/yti0811/Desktop/FE_data/npj_CM01/NPJ_CM_Fig_Python/Public_Reproducibility_Package_V01/npjcm-free-energy-surrogate_Re3/Python_Codes/table/snapshots_split/Cu_400K_snap00022.extxyz,Cu,400,Cu__400,-0.0022334071097387,-0.0031587370644784478,-0.0009253299547397477,0.0009253299547397477
/Users/yti0811/Desktop/FE_data/npj_CM01/NPJ_CM_Fig_Python/Public_Reproducibility_Package_V01/npjcm-free-energy-surrogate_Re3/Python_Codes/table/snapshots_split/Cu_400K_snap00023.extxyz,Cu,400,Cu__400,-0.0021253251424666,-0.003151595956090732,-0.0010262708136241317,0.0010262708136241317
/Users/yti0811/Desktop/FE_data/npj_CM01/NPJ_CM_Fig_Python/Public_Reproducibility_Package_V01/npjcm-free-energy-surrogate_Re3/Python_Codes/table/snapshots_split/Cu_400K_snap00024.extxyz,Cu,400,Cu__400,-0.0021906440391305,-0.0031556563232496343,-0.0009650122841191344,0.0009650122841191344
/Users/yti0811/Desktop/FE_data/npj_CM01/NPJ_CM_Fig_Python/Public_Reproducibility_Package_V01/npjcm-free-energy-surrogate_Re3/Python_Codes/table/snapshots_split/Cu_400K_snap00025.extxyz,Cu,400,Cu__400,-0.0022509695214702,-0.0031623767752283543,-0.0009114072537581542,0.0009114072537581542
/Users/yti0811/Desktop/FE_data/npj_CM01/NPJ_CM_Fig_Python/Public_Reproducibility_Package_V01/npjcm-free-energy-surrogate_Re3/Python_Codes/table/snapshots_split/Cu_400K_snap00026.extxyz,Cu,400,Cu__400,-0.0021330865224124,-0.0031585249009222775,-0.0010254383785098776,0.0010254383785098776
/Users/yti0811/Desktop/FE_data/npj_CM01/NPJ_CM_Fig_Python/Public_Reproducibility_Package_V01/npjcm-free-energy-surrogate_Re3/Python_Codes/table/snapshots_split/Cu_400K_snap00027.extxyz,Cu,400,Cu__400,-0.0019418174696945,-0.003161202016912669,-0.0012193845472181688,0.0012193845472181688
/Users/yti0811/Desktop/FE_data/npj_CM01/NPJ_CM_Fig_Python/Public_Reproducibility_Package_V01/npjcm-free-energy-surrogate_Re3/Python_Codes/table/snapshots_split/Cu_400K_snap00028.extxyz,Cu,400,Cu__400,-0.0019499645581908,-0.003157580218505206,-0.0012076156603144058,0.0012076156603144058
/Users/yti0811/Desktop/FE_data/npj_CM01/NPJ_CM_Fig_Python/Public_Reproducibility_Package_V01/npjcm-free-energy-surrogate_Re3/Python_Codes/table/snapshots_split/Cu_400K_snap00029.extxyz,Cu,400,Cu__400,-0.0019340409741626,-0.003162240911440748,-0.0012281999372781482,0.0012281999372781482
/Users/yti0811/Desktop/FE_data/npj_CM01/NPJ_CM_Fig_Python/Public_Reproducibility_Package_V01/npjcm-free-energy-surrogate_Re3/Python_Codes/table/snapshots_split/Cu_400K_snap00030.extxyz,Cu,400,Cu__400,-0.0018907878339677,-0.0031568261844680365,-0.0012660383505003366,0.0012660383505003366
/Users/yti0811/Desktop/FE_data/npj_CM01/NPJ_CM_Fig_Python/Public_Reproducibility_Package_V01/npjcm-free-energy-surrogate_Re3/Python_Codes/table/snapshots_split/Cu_400K_snap00031.extxyz,Cu,400,Cu__400,-0.0021800232412192,-0.0031593940646010487,-0.0009793708233818486,0.0009793708233818486
/Users/yti0811/Desktop/FE_data/npj_CM01/NPJ_CM_Fig_Python/Public_Reproducibility_Package_V01/npjcm-free-energy-surrogate_Re3/Python_Codes/table/snapshots_split/Cu_400K_snap00032.extxyz,Cu,400,Cu__400,-0.0014593574483692,-0.0031699398929540042,-0.0017105824445848043,0.0017105824445848043
/Users/yti0811/Desktop/FE_data/npj_CM01/NPJ_CM_Fig_Python/Public_Reproducibility_Package_V01/npjcm-free-energy-surrogate_Re3/Python_Codes/table/snapshots_split/Cu_400K_snap00033.extxyz,Cu,400,Cu__400,-0.0018864742892303,-0.0031611476619306774,-0.0012746733727003773,0.0012746733727003773
/Users/yti0811/Desktop/FE_data/npj_CM01/NPJ_CM_Fig_Python/Public_Reproducibility_Package_V01/npjcm-free-energy-surrogate_Re3/Python_Codes/table/snapshots_split/Cu_400K_snap00034.extxyz,Cu,400,Cu__400,-0.0022058419689154,-0.003160177679035655,-0.0009543357101202553,0.0009543357101202553
/Users/yti0811/Desktop/FE_data/npj_CM01/NPJ_CM_Fig_Python/Public_Reproducibility_Package_V01/npjcm-free-energy-surrogate_Re3/Python_Codes/table/snapshots_split/Cu_400K_snap00035.extxyz,Cu,400,Cu__400,-0.0022578623667421,-0.003162675496323628,-0.0009048131295815278,0.0009048131295815278
/Users/yti0811/Desktop/FE_data/npj_CM01/NPJ_CM_Fig_Python/Public_Reproducibility_Package_V01/npjcm-free-energy-surrogate_Re3/Python_Codes/table/snapshots_split/Cu_400K_snap00036.extxyz,Cu,400,Cu__400,-0.0021211389673529,-0.003164575785776169,-0.0010434368184232693,0.0010434368184232693
/Users/yti0811/Desktop/FE_data/npj_CM01/NPJ_CM_Fig_Python/Public_Reproducibility_Package_V01/npjcm-free-energy-surrogate_Re3/Python_Codes/table/snapshots_split/Cu_400K_snap00037.extxyz,Cu,400,Cu__400,-0.0022791738253307,-0.003150491291346328,-0.0008713174660156284,0.0008713174660156284
/Users/yti0811/Desktop/FE_data/npj_CM01/NPJ_CM_Fig_Python/Public_Reproducibility_Package_V01/npjcm-free-energy-surrogate_Re3/Python_Codes/table/snapshots_split/Cu_400K_snap00038.extxyz,Cu,400,Cu__400,-0.0018901123503467,-0.003160619368514633,-0.0012705070181679328,0.0012705070181679328
/Users/yti0811/Desktop/FE_data/npj_CM01/NPJ_CM_Fig_Python/Public_Reproducibility_Package_V01/npjcm-free-energy-surrogate_Re3/Python_Codes/table/snapshots_split/Cu_400K_snap00039.extxyz,Cu,400,Cu__400,-0.001999795181661,-0.0031673068204481733,-0.0011675116387871733,0.0011675116387871733
/Users/yti0811/Desktop/FE_data/npj_CM01/NPJ_CM_Fig_Python/Public_Reproducibility_Package_V01/npjcm-free-energy-surrogate_Re3/Python_Codes/table/snapshots_split/Cu_400K_snap00040.extxyz,Cu,400,Cu__400,-0.0017303264824564,-0.00315720558302012,-0.0014268791005637201,0.0014268791005637201
/Users/yti0811/Desktop/FE_data/npj_CM01/NPJ_CM_Fig_Python/Public_Reproducibility_Package_V01/npjcm-free-energy-surrogate_Re3/Python_Codes/table/snapshots_split/Cu_400K_snap00041.extxyz,Cu,400,Cu__400,-0.002046633240285,-0.003160360550137443,-0.0011137273098524429,0.0011137273098524429
/Users/yti0811/Desktop/FE_data/npj_CM01/NPJ_CM_Fig_Python/Public_Reproducibility_Package_V01/npjcm-free-energy-surrogate_Re3/Python_Codes/table/snapshots_split/Cu_400K_snap00042.extxyz,Cu,400,Cu__400,-0.0018059081442278,-0.003164251263947142,-0.0013583431197193418,0.0013583431197193418
/Users/yti0811/Desktop/FE_data/npj_CM01/NPJ_CM_Fig_Python/Public_Reproducibility_Package_V01/npjcm-free-energy-surrogate_Re3/Python_Codes/table/snapshots_split/Cu_400K_snap00043.extxyz,Cu,400,Cu__400,-0.0021994185055054,-0.0031574677486868384,-0.0009580492431814384,0.0009580492431814384
/Users/yti0811/Desktop/FE_data/npj_CM01/NPJ_CM_Fig_Python/Public_Reproducibility_Package_V01/npjcm-free-energy-surrogate_Re3/Python_Codes/table/snapshots_split/Cu_400K_snap00044.extxyz,Cu,400,Cu__400,-0.002124952840504,-0.0031619119656202646,-0.0010369591251162646,0.0010369591251162646
/Users/yti0811/Desktop/FE_data/npj_CM01/NPJ_CM_Fig_Python/Public_Reproducibility_Package_V01/npjcm-free-energy-surrogate_Re3/Python_Codes/table/snapshots_split/Cu_400K_snap00045.extxyz,Cu,400,Cu__400,-0.0018857676028676,-0.0031623505248178437,-0.0012765829219502436,0.0012765829219502436
/Users/yti0811/Desktop/FE_data/npj_CM01/NPJ_CM_Fig_Python/Public_Reproducibility_Package_V01/npjcm-free-energy-surrogate_Re3/Python_Codes/table/snapshots_split/Cu_400K_snap00046.extxyz,Cu,400,Cu__400,-0.0018766578339617,-0.0031666629019336642,-0.0012900050679719643,0.0012900050679719643
/Users/yti0811/Desktop/FE_data/npj_CM01/NPJ_CM_Fig_Python/Public_Reproducibility_Package_V01/npjcm-free-energy-surrogate_Re3/Python_Codes/table/snapshots_split/Cu_400K_snap00047.extxyz,Cu,400,Cu__400,-0.0022149602158201,-0.0031513398783657924,-0.0009363796625456926,0.0009363796625456926
/Users/yti0811/Desktop/FE_data/npj_CM01/NPJ_CM_Fig_Python/Public_Reproducibility_Package_V01/npjcm-free-energy-surrogate_Re3/Python_Codes/table/snapshots_split/Cu_400K_snap00048.extxyz,Cu,400,Cu__400,-0.0019291277178887,-0.0031579761052899303,-0.0012288483874012303,0.0012288483874012303
/Users/yti0811/Desktop/FE_data/npj_CM01/NPJ_CM_Fig_Python/Public_Reproducibility_Package_V01/npjcm-free-energy-surrogate_Re3/Python_Codes/table/snapshots_split/Cu_400K_snap00049.extxyz,Cu,400,Cu__400,-0.0020645221125667,-0.0031522802829054915,-0.0010877581703387916,0.0010877581703387916
/Users/yti0811/Desktop/FE_data/npj_CM01/NPJ_CM_Fig_Python/Public_Reproducibility_Package_V01/npjcm-free-energy-surrogate_Re3/Python_Codes/table/snapshots_split/Cu_400K_snap00050.extxyz,Cu,400,Cu__400,-0.0019298843618509,-0.003157599006404942,-0.0012277146445540423,0.0012277146445540423
/Users/yti0811/Desktop/FE_data/npj_CM01/NPJ_CM_Fig_Python/Public_Reproducibility_Package_V01/npjcm-free-energy-surrogate_Re3/Python_Codes/table/snapshots_split/Cu_400K_snap00051.extxyz,Cu,400,Cu__400,-0.0020417084754011,-0.0031570012607969188,-0.0011152927853958186,0.0011152927853958186
/Users/yti0811/Desktop/FE_data/npj_CM01/NPJ_CM_Fig_Python/Public_Reproducibility_Package_V01/npjcm-free-energy-surrogate_Re3/Python_Codes/table/snapshots_split/Cu_400K_snap00052.extxyz,Cu,400,Cu__400,-0.002247649306609,-0.0031580919551225297,-0.0009104426485135298,0.0009104426485135298
/Users/yti0811/Desktop/FE_data/npj_CM01/NPJ_CM_Fig_Python/Public_Reproducibility_Package_V01/npjcm-free-energy-surrogate_Re3/Python_Codes/table/snapshots_split/Cu_400K_snap00053.extxyz,Cu,400,Cu__400,-0.0019403062353351,-0.003153140381008899,-0.0012128341456737989,0.0012128341456737989
/Users/yti0811/Desktop/FE_data/npj_CM01/NPJ_CM_Fig_Python/Public_Reproducibility_Package_V01/npjcm-free-energy-surrogate_Re3/Python_Codes/table/snapshots_split/Cu_400K_snap00054.extxyz,Cu,400,Cu__400,-0.0017575200802433,-0.0031616738132142124,-0.0014041537329709125,0.0014041537329709125
/Users/yti0811/Desktop/FE_data/npj_CM01/NPJ_CM_Fig_Python/Public_Reproducibility_Package_V01/npjcm-free-energy-surrogate_Re3/Python_Codes/table/snapshots_split/Cu_400K_snap00055.extxyz,Cu,400,Cu__400,-0.0018673224033309,-0.003163291969193218,-0.0012959695658623178,0.0012959695658623178
/Users/yti0811/Desktop/FE_data/npj_CM01/NPJ_CM_Fig_Python/Public_Reproducibility_Package_V01/npjcm-free-energy-surrogate_Re3/Python_Codes/table/snapshots_split/Cu_400K_snap00056.extxyz,Cu,400,Cu__400,-0.0019137905673898,-0.003156390974651476,-0.0012426004072616762,0.0012426004072616762
/Users/yti0811/Desktop/FE_data/npj_CM01/NPJ_CM_Fig_Python/Public_Reproducibility_Package_V01/npjcm-free-energy-surrogate_Re3/Python_Codes/table/snapshots_split/Cu_400K_snap00057.extxyz,Cu,400,Cu__400,-0.0016904806149082,-0.0031570085704811087,-0.0014665279555729088,0.0014665279555729088
/Users/yti0811/Desktop/FE_data/npj_CM01/NPJ_CM_Fig_Python/Public_Reproducibility_Package_V01/npjcm-free-energy-surrogate_Re3/Python_Codes/table/snapshots_split/Cu_400K_snap00058.extxyz,Cu,400,Cu__400,-0.0018900497935629,-0.0031610339257462914,-0.0012709841321833914,0.0012709841321833914
/Users/yti0811/Desktop/FE_data/npj_CM01/NPJ_CM_Fig_Python/Public_Reproducibility_Package_V01/npjcm-free-energy-surrogate_Re3/Python_Codes/table/snapshots_split/Cu_400K_snap00059.extxyz,Cu,400,Cu__400,-0.0019527889337469,-0.003155921044934788,-0.001203132111187888,0.001203132111187888
/Users/yti0811/Desktop/FE_data/npj_CM01/NPJ_CM_Fig_Python/Public_Reproducibility_Package_V01/npjcm-free-energy-surrogate_Re3/Python_Codes/table/snapshots_split/Cu_400K_snap00060.extxyz,Cu,400,Cu__400,-0.0019822747582525,-0.0031658755838710577,-0.0011836008256185578,0.0011836008256185578
/Users/yti0811/Desktop/FE_data/npj_CM01/NPJ_CM_Fig_Python/Public_Reproducibility_Package_V01/npjcm-free-energy-surrogate_Re3/Python_Codes/table/snapshots_split/Cu_400K_snap00061.extxyz,Cu,400,Cu__400,-0.0017785470174111,-0.0031570369106355125,-0.0013784898932244125,0.0013784898932244125
/Users/yti0811/Desktop/FE_data/npj_CM01/NPJ_CM_Fig_Python/Public_Reproducibility_Package_V01/npjcm-free-energy-surrogate_Re3/Python_Codes/table/snapshots_split/Cu_400K_snap00062.extxyz,Cu,400,Cu__400,-0.0019247389630541,-0.0031595016970791773,-0.0012347627340250772,0.0012347627340250772
/Users/yti0811/Desktop/FE_data/npj_CM01/NPJ_CM_Fig_Python/Public_Reproducibility_Package_V01/npjcm-free-energy-surrogate_Re3/Python_Codes/table/snapshots_split/Cu_400K_snap00063.extxyz,Cu,400,Cu__400,-0.0021250811894231,-0.003152840491121731,-0.001027759301698631,0.001027759301698631
/Users/yti0811/Desktop/FE_data/npj_CM01/NPJ_CM_Fig_Python/Public_Reproducibility_Package_V01/npjcm-free-energy-surrogate_Re3/Python_Codes/table/snapshots_split/Cu_400K_snap00064.extxyz,Cu,400,Cu__400,-0.0022421990878651,-0.0031580557214230046,-0.0009158566335579045,0.0009158566335579045
/Users/yti0811/Desktop/FE_data/npj_CM01/NPJ_CM_Fig_Python/Public_Reproducibility_Package_V01/npjcm-free-energy-surrogate_Re3/Python_Codes/table/snapshots_split/Cu_400K_snap00065.extxyz,Cu,400,Cu__400,-0.0014169919704909,-0.0031709969189485667,-0.0017540049484576668,0.0017540049484576668
/Users/yti0811/Desktop/FE_data/npj_CM01/NPJ_CM_Fig_Python/Public_Reproducibility_Package_V01/npjcm-free-energy-surrogate_Re3/Python_Codes/table/snapshots_split/Cu_400K_snap00066.extxyz,Cu,400,Cu__400,-0.0017588514239963,-0.003166625572741091,-0.0014077741487447909,0.0014077741487447909
/Users/yti0811/Desktop/FE_data/npj_CM01/NPJ_CM_Fig_Python/Public_Reproducibility_Package_V01/npjcm-free-energy-surrogate_Re3/Python_Codes/table/snapshots_split/Cu_400K_snap00067.extxyz,Cu,400,Cu__400,-0.0018029902994545,-0.003160741072910871,-0.0013577507734563708,0.0013577507734563708
/Users/yti0811/Desktop/FE_data/npj_CM01/NPJ_CM_Fig_Python/Public_Reproducibility_Package_V01/npjcm-free-energy-surrogate_Re3/Python_Codes/table/snapshots_split/Cu_400K_snap00068.extxyz,Cu,400,Cu__400,-0.0018789223995159,-0.0031541587771413276,-0.0012752363776254276,0.0012752363776254276
/Users/yti0811/Desktop/FE_data/npj_CM01/NPJ_CM_Fig_Python/Public_Reproducibility_Package_V01/npjcm-free-energy-surrogate_Re3/Python_Codes/table/snapshots_split/Cu_400K_snap00069.extxyz,Cu,400,Cu__400,-0.0018767398139329,-0.0031600657428887805,-0.0012833259289558806,0.0012833259289558806
/Users/yti0811/Desktop/FE_data/npj_CM01/NPJ_CM_Fig_Python/Public_Reproducibility_Package_V01/npjcm-free-energy-surrogate_Re3/Python_Codes/table/snapshots_split/Cu_400K_snap00070.extxyz,Cu,400,Cu__400,-0.0019159223018805,-0.00315251968296432,-0.00123659738108382,0.00123659738108382
/Users/yti0811/Desktop/FE_data/npj_CM01/NPJ_CM_Fig_Python/Public_Reproducibility_Package_V01/npjcm-free-energy-surrogate_Re3/Python_Codes/table/snapshots_split/Cu_400K_snap00071.extxyz,Cu,400,Cu__400,-0.0021640694281574,-0.0031566718735885455,-0.0009926024454311455,0.0009926024454311455
/Users/yti0811/Desktop/FE_data/npj_CM01/NPJ_CM_Fig_Python/Public_Reproducibility_Package_V01/npjcm-free-energy-surrogate_Re3/Python_Codes/table/snapshots_split/Cu_400K_snap00072.extxyz,Cu,400,Cu__400,-0.0018596552544742,-0.0031534257296473756,-0.0012937704751731756,0.0012937704751731756
/Users/yti0811/Desktop/FE_data/npj_CM01/NPJ_CM_Fig_Python/Public_Reproducibility_Package_V01/npjcm-free-energy-surrogate_Re3/Python_Codes/table/snapshots_split/Cu_400K_snap00073.extxyz,Cu,400,Cu__400,-0.0020566868353668,-0.003147820313870849,-0.001091133478504049,0.001091133478504049
/Users/yti0811/Desktop/FE_data/npj_CM01/NPJ_CM_Fig_Python/Public_Reproducibility_Package_V01/npjcm-free-energy-surrogate_Re3/Python_Codes/table/snapshots_split/Cu_400K_snap00074.extxyz,Cu,400,Cu__400,-0.0023721297915826,-0.003155021849413269,-0.000782892057830669,0.000782892057830669
/Users/yti0811/Desktop/FE_data/npj_CM01/NPJ_CM_Fig_Python/Public_Reproducibility_Package_V01/npjcm-free-energy-surrogate_Re3/Python_Codes/table/snapshots_split/Cu_400K_snap00075.extxyz,Cu,400,Cu__400,-0.0023688270722716,-0.0031532712732724247,-0.0007844442010008245,0.0007844442010008245
/Users/yti0811/Desktop/FE_data/npj_CM01/NPJ_CM_Fig_Python/Public_Reproducibility_Package_V01/npjcm-free-energy-surrogate_Re3/Python_Codes/table/snapshots_split/Cu_400K_snap00076.extxyz,Cu,400,Cu__400,-0.0018085049025913,-0.0031618685798883036,-0.0013533636772970036,0.0013533636772970036
/Users/yti0811/Desktop/FE_data/npj_CM01/NPJ_CM_Fig_Python/Public_Reproducibility_Package_V01/npjcm-free-energy-surrogate_Re3/Python_Codes/table/snapshots_split/Cu_400K_snap00077.extxyz,Cu,400,Cu__400,-0.0021133041598568,-0.0031497071840455326,-0.0010364030241887326,0.0010364030241887326
/Users/yti0811/Desktop/FE_data/npj_CM01/NPJ_CM_Fig_Python/Public_Reproducibility_Package_V01/npjcm-free-energy-surrogate_Re3/Python_Codes/table/snapshots_split/Cu_400K_snap00078.extxyz,Cu,400,Cu__400,-0.0022624166001055,-0.003156941833310917,-0.000894525233205417,0.000894525233205417
/Users/yti0811/Desktop/FE_data/npj_CM01/NPJ_CM_Fig_Python/Public_Reproducibility_Package_V01/npjcm-free-energy-surrogate_Re3/Python_Codes/table/snapshots_split/Cu_400K_snap00079.extxyz,Cu,400,Cu__400,-0.0019345095796463,-0.0031584396821498833,-0.0012239301025035833,0.0012239301025035833
/Users/yti0811/Desktop/FE_data/npj_CM01/NPJ_CM_Fig_Python/Public_Reproducibility_Package_V01/npjcm-free-energy-surrogate_Re3/Python_Codes/table/snapshots_split/Cu_400K_snap00080.extxyz,Cu,400,Cu__400,-0.0019824210738708,-0.0031510373509433323,-0.0011686162770725324,0.0011686162770725324
/Users/yti0811/Desktop/FE_data/npj_CM01/NPJ_CM_Fig_Python/Public_Reproducibility_Package_V01/npjcm-free-energy-surrogate_Re3/Python_Codes/table/snapshots_split/Cu_400K_snap00081.extxyz,Cu,400,Cu__400,-0.0018796379801781,-0.0031648569496611594,-0.0012852189694830595,0.0012852189694830595
/Users/yti0811/Desktop/FE_data/npj_CM01/NPJ_CM_Fig_Python/Public_Reproducibility_Package_V01/npjcm-free-energy-surrogate_Re3/Python_Codes/table/snapshots_split/Cu_400K_snap00082.extxyz,Cu,400,Cu__400,-0.0019800227825434,-0.003154223345849069,-0.0011742005633056688,0.0011742005633056688
/Users/yti0811/Desktop/FE_data/npj_CM01/NPJ_CM_Fig_Python/Public_Reproducibility_Package_V01/npjcm-free-energy-surrogate_Re3/Python_Codes/table/snapshots_split/Cu_400K_snap00083.extxyz,Cu,400,Cu__400,-0.0018891423778923,-0.0031612269537513124,-0.0012720845758590123,0.0012720845758590123
/Users/yti0811/Desktop/FE_data/npj_CM01/NPJ_CM_Fig_Python/Public_Reproducibility_Package_V01/npjcm-free-energy-surrogate_Re3/Python_Codes/table/snapshots_split/Cu_400K_snap00084.extxyz,Cu,400,Cu__400,-0.001932993536192,-0.0031506233110369123,-0.0012176297748449124,0.0012176297748449124
/Users/yti0811/Desktop/FE_data/npj_CM01/NPJ_CM_Fig_Python/Public_Reproducibility_Package_V01/npjcm-free-energy-surrogate_Re3/Python_Codes/table/snapshots_split/Cu_400K_snap00085.extxyz,Cu,400,Cu__400,-0.001881134726481,-0.003156593208274864,-0.001275458481793864,0.001275458481793864
/Users/yti0811/Desktop/FE_data/npj_CM01/NPJ_CM_Fig_Python/Public_Reproducibility_Package_V01/npjcm-free-energy-surrogate_Re3/Python_Codes/table/snapshots_split/Cu_400K_snap00086.extxyz,Cu,400,Cu__400,-0.0020754687029604,-0.003159112835517303,-0.0010836441325569029,0.0010836441325569029
/Users/yti0811/Desktop/FE_data/npj_CM01/NPJ_CM_Fig_Python/Public_Reproducibility_Package_V01/npjcm-free-energy-surrogate_Re3/Python_Codes/table/snapshots_split/Cu_400K_snap00087.extxyz,Cu,400,Cu__400,-0.0018802314251686,-0.0031512297275515426,-0.0012709983023829426,0.0012709983023829426
/Users/yti0811/Desktop/FE_data/npj_CM01/NPJ_CM_Fig_Python/Public_Reproducibility_Package_V01/npjcm-free-energy-surrogate_Re3/Python_Codes/table/snapshots_split/Cu_400K_snap00088.extxyz,Cu,400,Cu__400,-0.0019950990436408,-0.0031583338068645176,-0.0011632347632237177,0.0011632347632237177
/Users/yti0811/Desktop/FE_data/npj_CM01/NPJ_CM_Fig_Python/Public_Reproducibility_Package_V01/npjcm-free-energy-surrogate_Re3/Python_Codes/table/snapshots_split/Cu_400K_snap00089.extxyz,Cu,400,Cu__400,-0.0020782406508206,-0.0031570740272654618,-0.0010788333764448618,0.0010788333764448618
/Users/yti0811/Desktop/FE_data/npj_CM01/NPJ_CM_Fig_Python/Public_Reproducibility_Package_V01/npjcm-free-energy-surrogate_Re3/Python_Codes/table/snapshots_split/Cu_400K_snap00090.extxyz,Cu,400,Cu__400,-0.0020827365156197,-0.003156841092668711,-0.0010741045770490108,0.0010741045770490108
/Users/yti0811/Desktop/FE_data/npj_CM01/NPJ_CM_Fig_Python/Public_Reproducibility_Package_V01/npjcm-free-energy-surrogate_Re3/Python_Codes/table/snapshots_split/Cu_400K_snap00091.extxyz,Cu,400,Cu__400,-0.0018635271039042,-0.0031541171616099495,-0.0012905900577057496,0.0012905900577057496
/Users/yti0811/Desktop/FE_data/npj_CM01/NPJ_CM_Fig_Python/Public_Reproducibility_Package_V01/npjcm-free-energy-surrogate_Re3/Python_Codes/table/snapshots_split/Cu_400K_snap00092.extxyz,Cu,400,Cu__400,-0.0017727943749643,-0.0031581198043958716,-0.0013853254294315717,0.0013853254294315717
/Users/yti0811/Desktop/FE_data/npj_CM01/NPJ_CM_Fig_Python/Public_Reproducibility_Package_V01/npjcm-free-energy-surrogate_Re3/Python_Codes/table/snapshots_split/Cu_400K_snap00093.extxyz,Cu,400,Cu__400,-0.0018093096094076,-0.003153796534160167,-0.001344486924752567,0.001344486924752567
/Users/yti0811/Desktop/FE_data/npj_CM01/NPJ_CM_Fig_Python/Public_Reproducibility_Package_V01/npjcm-free-energy-surrogate_Re3/Python_Codes/table/snapshots_split/Cu_400K_snap00094.extxyz,Cu,400,Cu__400,-0.0017224771247286,-0.003156824601335831,-0.0014343474766072308,0.0014343474766072308
/Users/yti0811/Desktop/FE_data/npj_CM01/NPJ_CM_Fig_Python/Public_Reproducibility_Package_V01/npjcm-free-energy-surrogate_Re3/Python_Codes/table/snapshots_split/Cu_400K_snap00095.extxyz,Cu,400,Cu__400,-0.0021811707753998,-0.003151492395109737,-0.0009703216197099371,0.0009703216197099371
/Users/yti0811/Desktop/FE_data/npj_CM01/NPJ_CM_Fig_Python/Public_Reproducibility_Package_V01/npjcm-free-energy-surrogate_Re3/Python_Codes/table/snapshots_split/Cu_400K_snap00096.extxyz,Cu,400,Cu__400,-0.0018458537032199,-0.003157484146049219,-0.001311630442829319,0.001311630442829319
/Users/yti0811/Desktop/FE_data/npj_CM01/NPJ_CM_Fig_Python/Public_Reproducibility_Package_V01/npjcm-free-energy-surrogate_Re3/Python_Codes/table/snapshots_split/Cu_400K_snap00097.extxyz,Cu,400,Cu__400,-0.0018251046971449,-0.003159342169942251,-0.001334237472797351,0.001334237472797351
/Users/yti0811/Desktop/FE_data/npj_CM01/NPJ_CM_Fig_Python/Public_Reproducibility_Package_V01/npjcm-free-energy-surrogate_Re3/Python_Codes/table/snapshots_split/Cu_400K_snap00098.extxyz,Cu,400,Cu__400,-0.0022144635626162,-0.0031475044659599123,-0.0009330409033437123,0.0009330409033437123
/Users/yti0811/Desktop/FE_data/npj_CM01/NPJ_CM_Fig_Python/Public_Reproducibility_Package_V01/npjcm-free-energy-surrogate_Re3/Python_Codes/table/snapshots_split/Cu_400K_snap00099.extxyz,Cu,400,Cu__400,-0.0019960062107595,-0.0031532123109961735,-0.0011572061002366736,0.0011572061002366736
/Users/yti0811/Desktop/FE_data/npj_CM01/NPJ_CM_Fig_Python/Public_Reproducibility_Package_V01/npjcm-free-energy-surrogate_Re3/Python_Codes/table/snapshots_split/Cu_500K_snap00000.extxyz,Cu,500,Cu__500,-0.0047189271373322,-0.002885382134751186,0.0018335450025810138,0.0018335450025810138
/Users/yti0811/Desktop/FE_data/npj_CM01/NPJ_CM_Fig_Python/Public_Reproducibility_Package_V01/npjcm-free-energy-surrogate_Re3/Python_Codes/table/snapshots_split/Cu_500K_snap00001.extxyz,Cu,500,Cu__500,-0.0047570061883406,-0.002887379039643615,0.0018696271486969853,0.0018696271486969853
/Users/yti0811/Desktop/FE_data/npj_CM01/NPJ_CM_Fig_Python/Public_Reproducibility_Package_V01/npjcm-free-energy-surrogate_Re3/Python_Codes/table/snapshots_split/Cu_500K_snap00002.extxyz,Cu,500,Cu__500,-0.0041794971410505,-0.002886971114314484,0.0012925260267360162,0.0012925260267360162
/Users/yti0811/Desktop/FE_data/npj_CM01/NPJ_CM_Fig_Python/Public_Reproducibility_Package_V01/npjcm-free-energy-surrogate_Re3/Python_Codes/table/snapshots_split/Cu_500K_snap00003.extxyz,Cu,500,Cu__500,-0.0048354968138628,-0.0028795458164524437,0.0019559509974103563,0.0019559509974103563
/Users/yti0811/Desktop/FE_data/npj_CM01/NPJ_CM_Fig_Python/Public_Reproducibility_Package_V01/npjcm-free-energy-surrogate_Re3/Python_Codes/table/snapshots_split/Cu_500K_snap00004.extxyz,Cu,500,Cu__500,-0.0048253917339348,-0.002874939060206488,0.001950452673728312,0.001950452673728312
/Users/yti0811/Desktop/FE_data/npj_CM01/NPJ_CM_Fig_Python/Public_Reproducibility_Package_V01/npjcm-free-energy-surrogate_Re3/Python_Codes/table/snapshots_split/Cu_500K_snap00005.extxyz,Cu,500,Cu__500,-0.0043270197642727,-0.0028782485990659894,0.001448771165206711,0.001448771165206711
/Users/yti0811/Desktop/FE_data/npj_CM01/NPJ_CM_Fig_Python/Public_Reproducibility_Package_V01/npjcm-free-energy-surrogate_Re3/Python_Codes/table/snapshots_split/Cu_500K_snap00006.extxyz,Cu,500,Cu__500,-0.0044758499573384,-0.0028848393018725167,0.0015910106554658833,0.0015910106554658833
/Users/yti0811/Desktop/FE_data/npj_CM01/NPJ_CM_Fig_Python/Public_Reproducibility_Package_V01/npjcm-free-energy-surrogate_Re3/Python_Codes/table/snapshots_split/Cu_500K_snap00007.extxyz,Cu,500,Cu__500,-0.0043989978192228,-0.002876860369716529,0.001522137449506271,0.001522137449506271
/Users/yti0811/Desktop/FE_data/npj_CM01/NPJ_CM_Fig_Python/Public_Reproducibility_Package_V01/npjcm-free-energy-surrogate_Re3/Python_Codes/table/snapshots_split/Cu_500K_snap00008.extxyz,Cu,500,Cu__500,-0.0042933279661533,-0.0028779941734684744,0.0014153337926848257,0.0014153337926848257
/Users/yti0811/Desktop/FE_data/npj_CM01/NPJ_CM_Fig_Python/Public_Reproducibility_Package_V01/npjcm-free-energy-surrogate_Re3/Python_Codes/table/snapshots_split/Cu_500K_snap00009.extxyz,Cu,500,Cu__500,-0.0043845864389145,-0.0028802541744321233,0.0015043322644823763,0.0015043322644823763
/Users/yti0811/Desktop/FE_data/npj_CM01/NPJ_CM_Fig_Python/Public_Reproducibility_Package_V01/npjcm-free-energy-surrogate_Re3/Python_Codes/table/snapshots_split/Cu_500K_snap00010.extxyz,Cu,500,Cu__500,-0.0044965860962759,-0.0028702182091896967,0.0016263678870862032,0.0016263678870862032
/Users/yti0811/Desktop/FE_data/npj_CM01/NPJ_CM_Fig_Python/Public_Reproducibility_Package_V01/npjcm-free-energy-surrogate_Re3/Python_Codes/table/snapshots_split/Cu_500K_snap00011.extxyz,Cu,500,Cu__500,-0.0040465765447325,-0.0028840593170578804,0.0011625172276746197,0.0011625172276746197
/Users/yti0811/Desktop/FE_data/npj_CM01/NPJ_CM_Fig_Python/Public_Reproducibility_Package_V01/npjcm-free-energy-surrogate_Re3/Python_Codes/table/snapshots_split/Cu_500K_snap00012.extxyz,Cu,500,Cu__500,-0.0042501172119102,-0.0028841622674513337,0.001365954944458866,0.001365954944458866
/Users/yti0811/Desktop/FE_data/npj_CM01/NPJ_CM_Fig_Python/Public_Reproducibility_Package_V01/npjcm-free-energy-surrogate_Re3/Python_Codes/table/snapshots_split/Cu_500K_snap00013.extxyz,Cu,500,Cu__500,-0.0047613384787874,-0.0028669545488977373,0.0018943839298896626,0.0018943839298896626
/Users/yti0811/Desktop/FE_data/npj_CM01/NPJ_CM_Fig_Python/Public_Reproducibility_Package_V01/npjcm-free-energy-surrogate_Re3/Python_Codes/table/snapshots_split/Cu_500K_snap00014.extxyz,Cu,500,Cu__500,-0.0046263393788041,-0.0028781249606414554,0.0017482144181626448,0.0017482144181626448
/Users/yti0811/Desktop/FE_data/npj_CM01/NPJ_CM_Fig_Python/Public_Reproducibility_Package_V01/npjcm-free-energy-surrogate_Re3/Python_Codes/table/snapshots_split/Cu_500K_snap00015.extxyz,Cu,500,Cu__500,-0.004481808912132,-0.0028792980142131885,0.001602510897918811,0.001602510897918811
/Users/yti0811/Desktop/FE_data/npj_CM01/NPJ_CM_Fig_Python/Public_Reproducibility_Package_V01/npjcm-free-energy-surrogate_Re3/Python_Codes/table/snapshots_split/Cu_500K_snap00016.extxyz,Cu,500,Cu__500,-0.0046173134449984,-0.0028732698207156768,0.001744043624282723,0.001744043624282723
/Users/yti0811/Desktop/FE_data/npj_CM01/NPJ_CM_Fig_Python/Public_Reproducibility_Package_V01/npjcm-free-energy-surrogate_Re3/Python_Codes/table/snapshots_split/Cu_500K_snap00017.extxyz,Cu,500,Cu__500,-0.004490384299034,-0.0028753926784525602,0.0016149916205814396,0.0016149916205814396
/Users/yti0811/Desktop/FE_data/npj_CM01/NPJ_CM_Fig_Python/Public_Reproducibility_Package_V01/npjcm-free-energy-surrogate_Re3/Python_Codes/table/snapshots_split/Cu_500K_snap00018.extxyz,Cu,500,Cu__500,-0.0049335013707424,-0.002877698201007626,0.002055803169734774,0.002055803169734774
/Users/yti0811/Desktop/FE_data/npj_CM01/NPJ_CM_Fig_Python/Public_Reproducibility_Package_V01/npjcm-free-energy-surrogate_Re3/Python_Codes/table/snapshots_split/Cu_500K_snap00019.extxyz,Cu,500,Cu__500,-0.0045142168506231,-0.0028720752351361098,0.0016421416154869905,0.0016421416154869905
/Users/yti0811/Desktop/FE_data/npj_CM01/NPJ_CM_Fig_Python/Public_Reproducibility_Package_V01/npjcm-free-energy-surrogate_Re3/Python_Codes/table/snapshots_split/Cu_500K_snap00020.extxyz,Cu,500,Cu__500,-0.0045336890025921,-0.0028820417002816037,0.001651647302310496,0.001651647302310496
/Users/yti0811/Desktop/FE_data/npj_CM01/NPJ_CM_Fig_Python/Public_Reproducibility_Package_V01/npjcm-free-energy-surrogate_Re3/Python_Codes/table/snapshots_split/Cu_500K_snap00021.extxyz,Cu,500,Cu__500,-0.0045126072492593,-0.002881342353713749,0.0016312648955455508,0.0016312648955455508
/Users/yti0811/Desktop/FE_data/npj_CM01/NPJ_CM_Fig_Python/Public_Reproducibility_Package_V01/npjcm-free-energy-surrogate_Re3/Python_Codes/table/snapshots_split/Cu_500K_snap00022.extxyz,Cu,500,Cu__500,-0.0043235923462172,-0.0028751350710842925,0.0014484572751329076,0.0014484572751329076
/Users/yti0811/Desktop/FE_data/npj_CM01/NPJ_CM_Fig_Python/Public_Reproducibility_Package_V01/npjcm-free-energy-surrogate_Re3/Python_Codes/table/snapshots_split/Cu_500K_snap00023.extxyz,Cu,500,Cu__500,-0.004722063141207,-0.0028747452511076414,0.001847317890099359,0.001847317890099359
/Users/yti0811/Desktop/FE_data/npj_CM01/NPJ_CM_Fig_Python/Public_Reproducibility_Package_V01/npjcm-free-energy-surrogate_Re3/Python_Codes/table/snapshots_split/Cu_500K_snap00024.extxyz,Cu,500,Cu__500,-0.0048148510262125,-0.0028733852275459816,0.0019414657986665186,0.0019414657986665186
/Users/yti0811/Desktop/FE_data/npj_CM01/NPJ_CM_Fig_Python/Public_Reproducibility_Package_V01/npjcm-free-energy-surrogate_Re3/Python_Codes/table/snapshots_split/Cu_500K_snap00025.extxyz,Cu,500,Cu__500,-0.0049460419212379,-0.002881597155280821,0.0020644447659570794,0.0020644447659570794
/Users/yti0811/Desktop/FE_data/npj_CM01/NPJ_CM_Fig_Python/Public_Reproducibility_Package_V01/npjcm-free-energy-surrogate_Re3/Python_Codes/table/snapshots_split/Cu_500K_snap00026.extxyz,Cu,500,Cu__500,-0.0044436195117739,-0.002873980411957366,0.0015696390998165342,0.0015696390998165342
/Users/yti0811/Desktop/FE_data/npj_CM01/NPJ_CM_Fig_Python/Public_Reproducibility_Package_V01/npjcm-free-energy-surrogate_Re3/Python_Codes/table/snapshots_split/Cu_500K_snap00027.extxyz,Cu,500,Cu__500,-0.0047982668685526,-0.0028742029579707186,0.0019240639105818818,0.0019240639105818818
/Users/yti0811/Desktop/FE_data/npj_CM01/NPJ_CM_Fig_Python/Public_Reproducibility_Package_V01/npjcm-free-energy-surrogate_Re3/Python_Codes/table/snapshots_split/Cu_500K_snap00028.extxyz,Cu,500,Cu__500,-0.0044302027700262,-0.0028766991968508467,0.0015535035731753534,0.0015535035731753534
/Users/yti0811/Desktop/FE_data/npj_CM01/NPJ_CM_Fig_Python/Public_Reproducibility_Package_V01/npjcm-free-energy-surrogate_Re3/Python_Codes/table/snapshots_split/Cu_500K_snap00029.extxyz,Cu,500,Cu__500,-0.004806051160595,-0.0028761380852733278,0.0019299130753216726,0.0019299130753216726
/Users/yti0811/Desktop/FE_data/npj_CM01/NPJ_CM_Fig_Python/Public_Reproducibility_Package_V01/npjcm-free-energy-surrogate_Re3/Python_Codes/table/snapshots_split/Cu_500K_snap00030.extxyz,Cu,500,Cu__500,-0.0045971527909282,-0.0028712306873664157,0.001725922103561784,0.001725922103561784
/Users/yti0811/Desktop/FE_data/npj_CM01/NPJ_CM_Fig_Python/Public_Reproducibility_Package_V01/npjcm-free-energy-surrogate_Re3/Python_Codes/table/snapshots_split/Cu_500K_snap00031.extxyz,Cu,500,Cu__500,-0.0043092357699663,-0.002881429774201026,0.001427805995765274,0.001427805995765274
/Users/yti0811/Desktop/FE_data/npj_CM01/NPJ_CM_Fig_Python/Public_Reproducibility_Package_V01/npjcm-free-energy-surrogate_Re3/Python_Codes/table/snapshots_split/Cu_500K_snap00032.extxyz,Cu,500,Cu__500,-0.004630988937635,-0.0028836257678606005,0.0017473631697743994,0.0017473631697743994
/Users/yti0811/Desktop/FE_data/npj_CM01/NPJ_CM_Fig_Python/Public_Reproducibility_Package_V01/npjcm-free-energy-surrogate_Re3/Python_Codes/table/snapshots_split/Cu_500K_snap00033.extxyz,Cu,500,Cu__500,-0.0048004736727786,-0.002876680934338605,0.0019237927384399946,0.0019237927384399946
/Users/yti0811/Desktop/FE_data/npj_CM01/NPJ_CM_Fig_Python/Public_Reproducibility_Package_V01/npjcm-free-energy-surrogate_Re3/Python_Codes/table/snapshots_split/Cu_500K_snap00034.extxyz,Cu,500,Cu__500,-0.00468822429755,-0.002864988944860441,0.0018232353526895589,0.0018232353526895589
/Users/yti0811/Desktop/FE_data/npj_CM01/NPJ_CM_Fig_Python/Public_Reproducibility_Package_V01/npjcm-free-energy-surrogate_Re3/Python_Codes/table/snapshots_split/Cu_500K_snap00035.extxyz,Cu,500,Cu__500,-0.0042225509181371,-0.0028815620235369227,0.001340988894600177,0.001340988894600177
/Users/yti0811/Desktop/FE_data/npj_CM01/NPJ_CM_Fig_Python/Public_Reproducibility_Package_V01/npjcm-free-energy-surrogate_Re3/Python_Codes/table/snapshots_split/Cu_500K_snap00036.extxyz,Cu,500,Cu__500,-0.0046636437811788,-0.0028701841908411905,0.0017934595903376094,0.0017934595903376094
/Users/yti0811/Desktop/FE_data/npj_CM01/NPJ_CM_Fig_Python/Public_Reproducibility_Package_V01/npjcm-free-energy-surrogate_Re3/Python_Codes/table/snapshots_split/Cu_500K_snap00037.extxyz,Cu,500,Cu__500,-0.004662963538935,-0.002876162067929913,0.0017868014710050871,0.0017868014710050871
/Users/yti0811/Desktop/FE_data/npj_CM01/NPJ_CM_Fig_Python/Public_Reproducibility_Package_V01/npjcm-free-energy-surrogate_Re3/Python_Codes/table/snapshots_split/Cu_500K_snap00038.extxyz,Cu,500,Cu__500,-0.0048949941346111,-0.0028734064382020742,0.0020215876964090255,0.0020215876964090255
/Users/yti0811/Desktop/FE_data/npj_CM01/NPJ_CM_Fig_Python/Public_Reproducibility_Package_V01/npjcm-free-energy-surrogate_Re3/Python_Codes/table/snapshots_split/Cu_500K_snap00039.extxyz,Cu,500,Cu__500,-0.0046199616294839,-0.00287778181415007,0.0017421798153338295,0.0017421798153338295
/Users/yti0811/Desktop/FE_data/npj_CM01/NPJ_CM_Fig_Python/Public_Reproducibility_Package_V01/npjcm-free-energy-surrogate_Re3/Python_Codes/table/snapshots_split/Cu_500K_snap00040.extxyz,Cu,500,Cu__500,-0.0045705324432638,-0.0028727066314561175,0.0016978258118076827,0.0016978258118076827
/Users/yti0811/Desktop/FE_data/npj_CM01/NPJ_CM_Fig_Python/Public_Reproducibility_Package_V01/npjcm-free-energy-surrogate_Re3/Python_Codes/table/snapshots_split/Cu_500K_snap00041.extxyz,Cu,500,Cu__500,-0.0045416407225759,-0.0028713566574678304,0.0016702840651080693,0.0016702840651080693
/Users/yti0811/Desktop/FE_data/npj_CM01/NPJ_CM_Fig_Python/Public_Reproducibility_Package_V01/npjcm-free-energy-surrogate_Re3/Python_Codes/table/snapshots_split/Cu_500K_snap00042.extxyz,Cu,500,Cu__500,-0.0045031630688198,-0.0028795981404761695,0.0016235649283436304,0.0016235649283436304
/Users/yti0811/Desktop/FE_data/npj_CM01/NPJ_CM_Fig_Python/Public_Reproducibility_Package_V01/npjcm-free-energy-surrogate_Re3/Python_Codes/table/snapshots_split/Cu_500K_snap00043.extxyz,Cu,500,Cu__500,-0.0044337639062942,-0.0028840166922255153,0.0015497472140686844,0.0015497472140686844
/Users/yti0811/Desktop/FE_data/npj_CM01/NPJ_CM_Fig_Python/Public_Reproducibility_Package_V01/npjcm-free-energy-surrogate_Re3/Python_Codes/table/snapshots_split/Cu_500K_snap00044.extxyz,Cu,500,Cu__500,-0.0046548023717732,-0.002883983666515477,0.0017708187052577233,0.0017708187052577233
/Users/yti0811/Desktop/FE_data/npj_CM01/NPJ_CM_Fig_Python/Public_Reproducibility_Package_V01/npjcm-free-energy-surrogate_Re3/Python_Codes/table/snapshots_split/Cu_500K_snap00045.extxyz,Cu,500,Cu__500,-0.0044960861319774,-0.0028796031856305813,0.0016164829463468189,0.0016164829463468189
/Users/yti0811/Desktop/FE_data/npj_CM01/NPJ_CM_Fig_Python/Public_Reproducibility_Package_V01/npjcm-free-energy-surrogate_Re3/Python_Codes/table/snapshots_split/Cu_500K_snap00046.extxyz,Cu,500,Cu__500,-0.0042758608305012,-0.0028776334051977335,0.0013982274253034666,0.0013982274253034666
/Users/yti0811/Desktop/FE_data/npj_CM01/NPJ_CM_Fig_Python/Public_Reproducibility_Package_V01/npjcm-free-energy-surrogate_Re3/Python_Codes/table/snapshots_split/Cu_500K_snap00047.extxyz,Cu,500,Cu__500,-0.0044537583336756,-0.0028740212824116184,0.0015797370512639812,0.0015797370512639812
/Users/yti0811/Desktop/FE_data/npj_CM01/NPJ_CM_Fig_Python/Public_Reproducibility_Package_V01/npjcm-free-energy-surrogate_Re3/Python_Codes/table/snapshots_split/Cu_500K_snap00048.extxyz,Cu,500,Cu__500,-0.0048399007375281,-0.0028763445679115198,0.00196355616961658,0.00196355616961658
/Users/yti0811/Desktop/FE_data/npj_CM01/NPJ_CM_Fig_Python/Public_Reproducibility_Package_V01/npjcm-free-energy-surrogate_Re3/Python_Codes/table/snapshots_split/Cu_500K_snap00049.extxyz,Cu,500,Cu__500,-0.0046279788473871,-0.002873679835315571,0.001754299012071529,0.001754299012071529
/Users/yti0811/Desktop/FE_data/npj_CM01/NPJ_CM_Fig_Python/Public_Reproducibility_Package_V01/npjcm-free-energy-surrogate_Re3/Python_Codes/table/snapshots_split/Cu_500K_snap00050.extxyz,Cu,500,Cu__500,-0.0043844933809133,-0.002878792781010084,0.0015057005999032157,0.0015057005999032157
/Users/yti0811/Desktop/FE_data/npj_CM01/NPJ_CM_Fig_Python/Public_Reproducibility_Package_V01/npjcm-free-energy-surrogate_Re3/Python_Codes/table/snapshots_split/Cu_500K_snap00051.extxyz,Cu,500,Cu__500,-0.0045421000845607,-0.002877840231851379,0.001664259852709321,0.001664259852709321
/Users/yti0811/Desktop/FE_data/npj_CM01/NPJ_CM_Fig_Python/Public_Reproducibility_Package_V01/npjcm-free-energy-surrogate_Re3/Python_Codes/table/snapshots_split/Cu_500K_snap00052.extxyz,Cu,500,Cu__500,-0.0044811629153101,-0.002872770542752835,0.0016083923725572647,0.0016083923725572647
/Users/yti0811/Desktop/FE_data/npj_CM01/NPJ_CM_Fig_Python/Public_Reproducibility_Package_V01/npjcm-free-energy-surrogate_Re3/Python_Codes/table/snapshots_split/Cu_500K_snap00053.extxyz,Cu,500,Cu__500,-0.0043664320833269,-0.0028680738675514916,0.0014983582157754084,0.0014983582157754084
/Users/yti0811/Desktop/FE_data/npj_CM01/NPJ_CM_Fig_Python/Public_Reproducibility_Package_V01/npjcm-free-energy-surrogate_Re3/Python_Codes/table/snapshots_split/Cu_500K_snap00054.extxyz,Cu,500,Cu__500,-0.0043935046732367,-0.002876571642097829,0.0015169330311388713,0.0015169330311388713
/Users/yti0811/Desktop/FE_data/npj_CM01/NPJ_CM_Fig_Python/Public_Reproducibility_Package_V01/npjcm-free-energy-surrogate_Re3/Python_Codes/table/snapshots_split/Cu_500K_snap00055.extxyz,Cu,500,Cu__500,-0.0045168868231585,-0.0028755346186271863,0.0016413522045313138,0.0016413522045313138
/Users/yti0811/Desktop/FE_data/npj_CM01/NPJ_CM_Fig_Python/Public_Reproducibility_Package_V01/npjcm-free-energy-surrogate_Re3/Python_Codes/table/snapshots_split/Cu_500K_snap00056.extxyz,Cu,500,Cu__500,-0.004359838854797,-0.002876471082313102,0.0014833677724838982,0.0014833677724838982
/Users/yti0811/Desktop/FE_data/npj_CM01/NPJ_CM_Fig_Python/Public_Reproducibility_Package_V01/npjcm-free-energy-surrogate_Re3/Python_Codes/table/snapshots_split/Cu_500K_snap00057.extxyz,Cu,500,Cu__500,-0.0047231485847291,-0.0028723605464110657,0.0018507880383180344,0.0018507880383180344
/Users/yti0811/Desktop/FE_data/npj_CM01/NPJ_CM_Fig_Python/Public_Reproducibility_Package_V01/npjcm-free-energy-surrogate_Re3/Python_Codes/table/snapshots_split/Cu_500K_snap00058.extxyz,Cu,500,Cu__500,-0.0046203128102652,-0.0028735585370467526,0.0017467542732184475,0.0017467542732184475
/Users/yti0811/Desktop/FE_data/npj_CM01/NPJ_CM_Fig_Python/Public_Reproducibility_Package_V01/npjcm-free-energy-surrogate_Re3/Python_Codes/table/snapshots_split/Cu_500K_snap00059.extxyz,Cu,500,Cu__500,-0.005045327500027,-0.0028675961164323594,0.002177731383594641,0.002177731383594641
/Users/yti0811/Desktop/FE_data/npj_CM01/NPJ_CM_Fig_Python/Public_Reproducibility_Package_V01/npjcm-free-energy-surrogate_Re3/Python_Codes/table/snapshots_split/Cu_500K_snap00060.extxyz,Cu,500,Cu__500,-0.0047126023225327,-0.0028774751032622998,0.0018351272192704002,0.0018351272192704002
/Users/yti0811/Desktop/FE_data/npj_CM01/NPJ_CM_Fig_Python/Public_Reproducibility_Package_V01/npjcm-free-energy-surrogate_Re3/Python_Codes/table/snapshots_split/Cu_500K_snap00061.extxyz,Cu,500,Cu__500,-0.0039102459272929,-0.002880725372380569,0.0010295205549123313,0.0010295205549123313
/Users/yti0811/Desktop/FE_data/npj_CM01/NPJ_CM_Fig_Python/Public_Reproducibility_Package_V01/npjcm-free-energy-surrogate_Re3/Python_Codes/table/snapshots_split/Cu_500K_snap00062.extxyz,Cu,500,Cu__500,-0.0045678250523084,-0.0028743757371016937,0.0016934493152067063,0.0016934493152067063
/Users/yti0811/Desktop/FE_data/npj_CM01/NPJ_CM_Fig_Python/Public_Reproducibility_Package_V01/npjcm-free-energy-surrogate_Re3/Python_Codes/table/snapshots_split/Cu_500K_snap00063.extxyz,Cu,500,Cu__500,-0.0041234371315108,-0.002879243957121806,0.0012441931743889943,0.0012441931743889943
/Users/yti0811/Desktop/FE_data/npj_CM01/NPJ_CM_Fig_Python/Public_Reproducibility_Package_V01/npjcm-free-energy-surrogate_Re3/Python_Codes/table/snapshots_split/Cu_500K_snap00064.extxyz,Cu,500,Cu__500,-0.0045926849571732,-0.0028758314651202194,0.0017168534920529803,0.0017168534920529803
/Users/yti0811/Desktop/FE_data/npj_CM01/NPJ_CM_Fig_Python/Public_Reproducibility_Package_V01/npjcm-free-energy-surrogate_Re3/Python_Codes/table/snapshots_split/Cu_500K_snap00065.extxyz,Cu,500,Cu__500,-0.004566740498467,-0.002872740060435367,0.0016940004380316329,0.0016940004380316329
/Users/yti0811/Desktop/FE_data/npj_CM01/NPJ_CM_Fig_Python/Public_Reproducibility_Package_V01/npjcm-free-energy-surrogate_Re3/Python_Codes/table/snapshots_split/Cu_500K_snap00066.extxyz,Cu,500,Cu__500,-0.0044629395408808,-0.002875004837342193,0.0015879347035386072,0.0015879347035386072
/Users/yti0811/Desktop/FE_data/npj_CM01/NPJ_CM_Fig_Python/Public_Reproducibility_Package_V01/npjcm-free-energy-surrogate_Re3/Python_Codes/table/snapshots_split/Cu_500K_snap00067.extxyz,Cu,500,Cu__500,-0.0041149694486621,-0.0028799064474827854,0.0012350630011793147,0.0012350630011793147
/Users/yti0811/Desktop/FE_data/npj_CM01/NPJ_CM_Fig_Python/Public_Reproducibility_Package_V01/npjcm-free-energy-surrogate_Re3/Python_Codes/table/snapshots_split/Cu_500K_snap00068.extxyz,Cu,500,Cu__500,-0.0044459566139231,-0.002881674424833256,0.0015642821890898438,0.0015642821890898438
/Users/yti0811/Desktop/FE_data/npj_CM01/NPJ_CM_Fig_Python/Public_Reproducibility_Package_V01/npjcm-free-energy-surrogate_Re3/Python_Codes/table/snapshots_split/Cu_500K_snap00069.extxyz,Cu,500,Cu__500,-0.0044495727028368,-0.002871431373408554,0.0015781413294282459,0.0015781413294282459
/Users/yti0811/Desktop/FE_data/npj_CM01/NPJ_CM_Fig_Python/Public_Reproducibility_Package_V01/npjcm-free-energy-surrogate_Re3/Python_Codes/table/snapshots_split/Cu_500K_snap00070.extxyz,Cu,500,Cu__500,-0.0044751004868749,-0.002878073146009009,0.001597027340865891,0.001597027340865891
/Users/yti0811/Desktop/FE_data/npj_CM01/NPJ_CM_Fig_Python/Public_Reproducibility_Package_V01/npjcm-free-energy-surrogate_Re3/Python_Codes/table/snapshots_split/Cu_500K_snap00071.extxyz,Cu,500,Cu__500,-0.0041743986173985,-0.002876905959886775,0.0012974926575117247,0.0012974926575117247
/Users/yti0811/Desktop/FE_data/npj_CM01/NPJ_CM_Fig_Python/Public_Reproducibility_Package_V01/npjcm-free-energy-surrogate_Re3/Python_Codes/table/snapshots_split/Cu_500K_snap00072.extxyz,Cu,500,Cu__500,-0.0046740864518244,-0.002875879335137938,0.0017982071166864622,0.0017982071166864622
/Users/yti0811/Desktop/FE_data/npj_CM01/NPJ_CM_Fig_Python/Public_Reproducibility_Package_V01/npjcm-free-energy-surrogate_Re3/Python_Codes/table/snapshots_split/Cu_500K_snap00073.extxyz,Cu,500,Cu__500,-0.0045492136530213,-0.002871299331879587,0.001677914321141713,0.001677914321141713
/Users/yti0811/Desktop/FE_data/npj_CM01/NPJ_CM_Fig_Python/Public_Reproducibility_Package_V01/npjcm-free-energy-surrogate_Re3/Python_Codes/table/snapshots_split/Cu_500K_snap00074.extxyz,Cu,500,Cu__500,-0.0045722195207806,-0.0028751503144923414,0.0016970692062882584,0.0016970692062882584
/Users/yti0811/Desktop/FE_data/npj_CM01/NPJ_CM_Fig_Python/Public_Reproducibility_Package_V01/npjcm-free-energy-surrogate_Re3/Python_Codes/table/snapshots_split/Cu_500K_snap00075.extxyz,Cu,500,Cu__500,-0.0045592036420667,-0.002876043826561119,0.0016831598155055806,0.0016831598155055806
/Users/yti0811/Desktop/FE_data/npj_CM01/NPJ_CM_Fig_Python/Public_Reproducibility_Package_V01/npjcm-free-energy-surrogate_Re3/Python_Codes/table/snapshots_split/Cu_500K_snap00076.extxyz,Cu,500,Cu__500,-0.0043286262034296,-0.002875112131449784,0.0014535140719798157,0.0014535140719798157
/Users/yti0811/Desktop/FE_data/npj_CM01/NPJ_CM_Fig_Python/Public_Reproducibility_Package_V01/npjcm-free-energy-surrogate_Re3/Python_Codes/table/snapshots_split/Cu_500K_snap00077.extxyz,Cu,500,Cu__500,-0.0042921710505816,-0.0028814975353974497,0.00141067351518415,0.00141067351518415
/Users/yti0811/Desktop/FE_data/npj_CM01/NPJ_CM_Fig_Python/Public_Reproducibility_Package_V01/npjcm-free-energy-surrogate_Re3/Python_Codes/table/snapshots_split/Cu_500K_snap00078.extxyz,Cu,500,Cu__500,-0.0045279642959775,-0.002871482493426959,0.0016564818025505412,0.0016564818025505412
/Users/yti0811/Desktop/FE_data/npj_CM01/NPJ_CM_Fig_Python/Public_Reproducibility_Package_V01/npjcm-free-energy-surrogate_Re3/Python_Codes/table/snapshots_split/Cu_500K_snap00079.extxyz,Cu,500,Cu__500,-0.0046209825258139,-0.002882944468848154,0.0017380380569657463,0.0017380380569657463
/Users/yti0811/Desktop/FE_data/npj_CM01/NPJ_CM_Fig_Python/Public_Reproducibility_Package_V01/npjcm-free-energy-surrogate_Re3/Python_Codes/table/snapshots_split/Cu_500K_snap00080.extxyz,Cu,500,Cu__500,-0.0044075159915072,-0.0028744798897122116,0.0015330361017949884,0.0015330361017949884
/Users/yti0811/Desktop/FE_data/npj_CM01/NPJ_CM_Fig_Python/Public_Reproducibility_Package_V01/npjcm-free-energy-surrogate_Re3/Python_Codes/table/snapshots_split/Cu_500K_snap00081.extxyz,Cu,500,Cu__500,-0.0048081422091459,-0.0028725295246701415,0.0019356126844757584,0.0019356126844757584
/Users/yti0811/Desktop/FE_data/npj_CM01/NPJ_CM_Fig_Python/Public_Reproducibility_Package_V01/npjcm-free-energy-surrogate_Re3/Python_Codes/table/snapshots_split/Cu_500K_snap00082.extxyz,Cu,500,Cu__500,-0.0046637566193141,-0.0028757142417354456,0.0017880423775786542,0.0017880423775786542
/Users/yti0811/Desktop/FE_data/npj_CM01/NPJ_CM_Fig_Python/Public_Reproducibility_Package_V01/npjcm-free-energy-surrogate_Re3/Python_Codes/table/snapshots_split/Cu_500K_snap00083.extxyz,Cu,500,Cu__500,-0.0042431308548191,-0.002879684639324572,0.0013634462154945284,0.0013634462154945284
/Users/yti0811/Desktop/FE_data/npj_CM01/NPJ_CM_Fig_Python/Public_Reproducibility_Package_V01/npjcm-free-energy-surrogate_Re3/Python_Codes/table/snapshots_split/Cu_500K_snap00084.extxyz,Cu,500,Cu__500,-0.0041572767860444,-0.0028730507819325858,0.0012842260041118145,0.0012842260041118145
/Users/yti0811/Desktop/FE_data/npj_CM01/NPJ_CM_Fig_Python/Public_Reproducibility_Package_V01/npjcm-free-energy-surrogate_Re3/Python_Codes/table/snapshots_split/Cu_500K_snap00085.extxyz,Cu,500,Cu__500,-0.0044084469776602,-0.0028732026245080616,0.0015352443531521385,0.0015352443531521385
/Users/yti0811/Desktop/FE_data/npj_CM01/NPJ_CM_Fig_Python/Public_Reproducibility_Package_V01/npjcm-free-energy-surrogate_Re3/Python_Codes/table/snapshots_split/Cu_500K_snap00086.extxyz,Cu,500,Cu__500,-0.0045722712444254,-0.0028707966720771983,0.001701474572348202,0.001701474572348202
/Users/yti0811/Desktop/FE_data/npj_CM01/NPJ_CM_Fig_Python/Public_Reproducibility_Package_V01/npjcm-free-energy-surrogate_Re3/Python_Codes/table/snapshots_split/Cu_500K_snap00087.extxyz,Cu,500,Cu__500,-0.0045395948961552,-0.002867004086716724,0.0016725908094384757,0.0016725908094384757
/Users/yti0811/Desktop/FE_data/npj_CM01/NPJ_CM_Fig_Python/Public_Reproducibility_Package_V01/npjcm-free-energy-surrogate_Re3/Python_Codes/table/snapshots_split/Cu_500K_snap00088.extxyz,Cu,500,Cu__500,-0.0049561598008364,-0.002865324863342487,0.0020908349374939125,0.0020908349374939125
/Users/yti0811/Desktop/FE_data/npj_CM01/NPJ_CM_Fig_Python/Public_Reproducibility_Package_V01/npjcm-free-energy-surrogate_Re3/Python_Codes/table/snapshots_split/Cu_500K_snap00089.extxyz,Cu,500,Cu__500,-0.0042552402942876,-0.0028772618889756378,0.0013779784053119621,0.0013779784053119621
/Users/yti0811/Desktop/FE_data/npj_CM01/NPJ_CM_Fig_Python/Public_Reproducibility_Package_V01/npjcm-free-energy-surrogate_Re3/Python_Codes/table/snapshots_split/Cu_500K_snap00090.extxyz,Cu,500,Cu__500,-0.0042656790474677,-0.002881937599092389,0.0013837414483753112,0.0013837414483753112
/Users/yti0811/Desktop/FE_data/npj_CM01/NPJ_CM_Fig_Python/Public_Reproducibility_Package_V01/npjcm-free-energy-surrogate_Re3/Python_Codes/table/snapshots_split/Cu_500K_snap00091.extxyz,Cu,500,Cu__500,-0.0041827193753092,-0.002873450198546065,0.001309269176763135,0.001309269176763135
/Users/yti0811/Desktop/FE_data/npj_CM01/NPJ_CM_Fig_Python/Public_Reproducibility_Package_V01/npjcm-free-energy-surrogate_Re3/Python_Codes/table/snapshots_split/Cu_500K_snap00092.extxyz,Cu,500,Cu__500,-0.0045148504341234,-0.0028738697006096053,0.001640980733513795,0.001640980733513795
/Users/yti0811/Desktop/FE_data/npj_CM01/NPJ_CM_Fig_Python/Public_Reproducibility_Package_V01/npjcm-free-energy-surrogate_Re3/Python_Codes/table/snapshots_split/Cu_500K_snap00093.extxyz,Cu,500,Cu__500,-0.0044589735341483,-0.0028696668909992005,0.0015893066431490995,0.0015893066431490995
/Users/yti0811/Desktop/FE_data/npj_CM01/NPJ_CM_Fig_Python/Public_Reproducibility_Package_V01/npjcm-free-energy-surrogate_Re3/Python_Codes/table/snapshots_split/Cu_500K_snap00094.extxyz,Cu,500,Cu__500,-0.0045301246506927,-0.00287513926966433,0.0016549853810283702,0.0016549853810283702
/Users/yti0811/Desktop/FE_data/npj_CM01/NPJ_CM_Fig_Python/Public_Reproducibility_Package_V01/npjcm-free-energy-surrogate_Re3/Python_Codes/table/snapshots_split/Cu_500K_snap00095.extxyz,Cu,500,Cu__500,-0.0046160066903943,-0.002863288365066844,0.0017527183253274558,0.0017527183253274558
/Users/yti0811/Desktop/FE_data/npj_CM01/NPJ_CM_Fig_Python/Public_Reproducibility_Package_V01/npjcm-free-energy-surrogate_Re3/Python_Codes/table/snapshots_split/Cu_500K_snap00096.extxyz,Cu,500,Cu__500,-0.0043935658204556,-0.0028699428791183284,0.0015236229413372712,0.0015236229413372712
/Users/yti0811/Desktop/FE_data/npj_CM01/NPJ_CM_Fig_Python/Public_Reproducibility_Package_V01/npjcm-free-energy-surrogate_Re3/Python_Codes/table/snapshots_split/Cu_500K_snap00097.extxyz,Cu,500,Cu__500,-0.004275127913825,-0.0028723917936404014,0.0014027361201845987,0.0014027361201845987
/Users/yti0811/Desktop/FE_data/npj_CM01/NPJ_CM_Fig_Python/Public_Reproducibility_Package_V01/npjcm-free-energy-surrogate_Re3/Python_Codes/table/snapshots_split/Cu_500K_snap00098.extxyz,Cu,500,Cu__500,-0.0047403989298996,-0.0028733376054253293,0.0018670613244742705,0.0018670613244742705
/Users/yti0811/Desktop/FE_data/npj_CM01/NPJ_CM_Fig_Python/Public_Reproducibility_Package_V01/npjcm-free-energy-surrogate_Re3/Python_Codes/table/snapshots_split/Cu_500K_snap00099.extxyz,Cu,500,Cu__500,-0.0044749777672072,-0.0028647887179003243,0.001610189049306876,0.001610189049306876
/Users/yti0811/Desktop/FE_data/npj_CM01/NPJ_CM_Fig_Python/Public_Reproducibility_Package_V01/npjcm-free-energy-surrogate_Re3/Python_Codes/table/snapshots_split/Cu_600K_snap00000.extxyz,Cu,600,Cu__600,-0.0061952738233918,-0.002590197763725208,0.0036050760596665924,0.0036050760596665924
/Users/yti0811/Desktop/FE_data/npj_CM01/NPJ_CM_Fig_Python/Public_Reproducibility_Package_V01/npjcm-free-energy-surrogate_Re3/Python_Codes/table/snapshots_split/Cu_600K_snap00001.extxyz,Cu,600,Cu__600,-0.0065347290355201,-0.002595909163994544,0.003938819871525556,0.003938819871525556
/Users/yti0811/Desktop/FE_data/npj_CM01/NPJ_CM_Fig_Python/Public_Reproducibility_Package_V01/npjcm-free-energy-surrogate_Re3/Python_Codes/table/snapshots_split/Cu_600K_snap00002.extxyz,Cu,600,Cu__600,-0.0074955395002856,-0.00259434150459572,0.004901197995689881,0.004901197995689881
/Users/yti0811/Desktop/FE_data/npj_CM01/NPJ_CM_Fig_Python/Public_Reproducibility_Package_V01/npjcm-free-energy-surrogate_Re3/Python_Codes/table/snapshots_split/Cu_600K_snap00003.extxyz,Cu,600,Cu__600,-0.0064266824732829,-0.0025920336761549624,0.003834648797127938,0.003834648797127938
/Users/yti0811/Desktop/FE_data/npj_CM01/NPJ_CM_Fig_Python/Public_Reproducibility_Package_V01/npjcm-free-energy-surrogate_Re3/Python_Codes/table/snapshots_split/Cu_600K_snap00004.extxyz,Cu,600,Cu__600,-0.0063790070284518,-0.0025935470162533414,0.0037854600121984584,0.0037854600121984584
/Users/yti0811/Desktop/FE_data/npj_CM01/NPJ_CM_Fig_Python/Public_Reproducibility_Package_V01/npjcm-free-energy-surrogate_Re3/Python_Codes/table/snapshots_split/Cu_600K_snap00005.extxyz,Cu,600,Cu__600,-0.0062375211159756,-0.002592396522244183,0.003645124593731417,0.003645124593731417
/Users/yti0811/Desktop/FE_data/npj_CM01/NPJ_CM_Fig_Python/Public_Reproducibility_Package_V01/npjcm-free-energy-surrogate_Re3/Python_Codes/table/snapshots_split/Cu_600K_snap00006.extxyz,Cu,600,Cu__600,-0.0064193535122342,-0.0025971380299652565,0.003822215482268944,0.003822215482268944
/Users/yti0811/Desktop/FE_data/npj_CM01/NPJ_CM_Fig_Python/Public_Reproducibility_Package_V01/npjcm-free-energy-surrogate_Re3/Python_Codes/table/snapshots_split/Cu_600K_snap00007.extxyz,Cu,600,Cu__600,-0.0066427182587202,-0.0025931558980745732,0.0040495623606456276,0.0040495623606456276
/Users/yti0811/Desktop/FE_data/npj_CM01/NPJ_CM_Fig_Python/Public_Reproducibility_Package_V01/npjcm-free-energy-surrogate_Re3/Python_Codes/table/snapshots_split/Cu_600K_snap00008.extxyz,Cu,600,Cu__600,-0.0068208107593487,-0.002582008491339614,0.004238802268009086,0.004238802268009086
/Users/yti0811/Desktop/FE_data/npj_CM01/NPJ_CM_Fig_Python/Public_Reproducibility_Package_V01/npjcm-free-energy-surrogate_Re3/Python_Codes/table/snapshots_split/Cu_600K_snap00009.extxyz,Cu,600,Cu__600,-0.0068017890256316,-0.002592286070449953,0.004209502955181648,0.004209502955181648
/Users/yti0811/Desktop/FE_data/npj_CM01/NPJ_CM_Fig_Python/Public_Reproducibility_Package_V01/npjcm-free-energy-surrogate_Re3/Python_Codes/table/snapshots_split/Cu_600K_snap00010.extxyz,Cu,600,Cu__600,-0.0068713344705874,-0.002586164992618476,0.004285169477968925,0.004285169477968925
/Users/yti0811/Desktop/FE_data/npj_CM01/NPJ_CM_Fig_Python/Public_Reproducibility_Package_V01/npjcm-free-energy-surrogate_Re3/Python_Codes/table/snapshots_split/Cu_600K_snap00011.extxyz,Cu,600,Cu__600,-0.0064411779266423,-0.0025899174753517486,0.003851260451290552,0.003851260451290552
/Users/yti0811/Desktop/FE_data/npj_CM01/NPJ_CM_Fig_Python/Public_Reproducibility_Package_V01/npjcm-free-energy-surrogate_Re3/Python_Codes/table/snapshots_split/Cu_600K_snap00012.extxyz,Cu,600,Cu__600,-0.0066255432196612,-0.0025782844767240653,0.004047258742937135,0.004047258742937135
/Users/yti0811/Desktop/FE_data/npj_CM01/NPJ_CM_Fig_Python/Public_Reproducibility_Package_V01/npjcm-free-energy-surrogate_Re3/Python_Codes/table/snapshots_split/Cu_600K_snap00013.extxyz,Cu,600,Cu__600,-0.0066582647873246,-0.0025909171153381074,0.004067347671986493,0.004067347671986493
/Users/yti0811/Desktop/FE_data/npj_CM01/NPJ_CM_Fig_Python/Public_Reproducibility_Package_V01/npjcm-free-energy-surrogate_Re3/Python_Codes/table/snapshots_split/Cu_600K_snap00014.extxyz,Cu,600,Cu__600,-0.0066530901067282,-0.0025842745343883583,0.004068815572339841,0.004068815572339841
/Users/yti0811/Desktop/FE_data/npj_CM01/NPJ_CM_Fig_Python/Public_Reproducibility_Package_V01/npjcm-free-energy-surrogate_Re3/Python_Codes/table/snapshots_split/Cu_600K_snap00015.extxyz,Cu,600,Cu__600,-0.006356524497323,-0.0025927453403053837,0.0037637791570176164,0.0037637791570176164
/Users/yti0811/Desktop/FE_data/npj_CM01/NPJ_CM_Fig_Python/Public_Reproducibility_Package_V01/npjcm-free-energy-surrogate_Re3/Python_Codes/table/snapshots_split/Cu_600K_snap00016.extxyz,Cu,600,Cu__600,-0.0065780306605066,-0.0025907967031732243,0.0039872339573333755,0.0039872339573333755
/Users/yti0811/Desktop/FE_data/npj_CM01/NPJ_CM_Fig_Python/Public_Reproducibility_Package_V01/npjcm-free-energy-surrogate_Re3/Python_Codes/table/snapshots_split/Cu_600K_snap00017.extxyz,Cu,600,Cu__600,-0.0061674196445097,-0.002593269724029332,0.003574149920480368,0.003574149920480368
/Users/yti0811/Desktop/FE_data/npj_CM01/NPJ_CM_Fig_Python/Public_Reproducibility_Package_V01/npjcm-free-energy-surrogate_Re3/Python_Codes/table/snapshots_split/Cu_600K_snap00018.extxyz,Cu,600,Cu__600,-0.0065251643951044,-0.0025974748058791484,0.003927689589225252,0.003927689589225252
/Users/yti0811/Desktop/FE_data/npj_CM01/NPJ_CM_Fig_Python/Public_Reproducibility_Package_V01/npjcm-free-energy-surrogate_Re3/Python_Codes/table/snapshots_split/Cu_600K_snap00019.extxyz,Cu,600,Cu__600,-0.0071582780664573,-0.0025855109310019744,0.004572767135455326,0.004572767135455326
/Users/yti0811/Desktop/FE_data/npj_CM01/NPJ_CM_Fig_Python/Public_Reproducibility_Package_V01/npjcm-free-energy-surrogate_Re3/Python_Codes/table/snapshots_split/Cu_600K_snap00020.extxyz,Cu,600,Cu__600,-0.006603911394272,-0.0025941829959324012,0.004009728398339599,0.004009728398339599
/Users/yti0811/Desktop/FE_data/npj_CM01/NPJ_CM_Fig_Python/Public_Reproducibility_Package_V01/npjcm-free-energy-surrogate_Re3/Python_Codes/table/snapshots_split/Cu_600K_snap00021.extxyz,Cu,600,Cu__600,-0.0066529335000912,-0.0025970280780052337,0.004055905422085966,0.004055905422085966
/Users/yti0811/Desktop/FE_data/npj_CM01/NPJ_CM_Fig_Python/Public_Reproducibility_Package_V01/npjcm-free-energy-surrogate_Re3/Python_Codes/table/snapshots_split/Cu_600K_snap00022.extxyz,Cu,600,Cu__600,-0.00701142896933,-0.0025890416217378546,0.004422387347592146,0.004422387347592146
/Users/yti0811/Desktop/FE_data/npj_CM01/NPJ_CM_Fig_Python/Public_Reproducibility_Package_V01/npjcm-free-energy-surrogate_Re3/Python_Codes/table/snapshots_split/Cu_600K_snap00023.extxyz,Cu,600,Cu__600,-0.0064382451604733,-0.0025880872652156535,0.0038501578952576465,0.0038501578952576465
/Users/yti0811/Desktop/FE_data/npj_CM01/NPJ_CM_Fig_Python/Public_Reproducibility_Package_V01/npjcm-free-energy-surrogate_Re3/Python_Codes/table/snapshots_split/Cu_600K_snap00024.extxyz,Cu,600,Cu__600,-0.0063034396245077,-0.0025845851396907936,0.0037188544848169064,0.0037188544848169064
/Users/yti0811/Desktop/FE_data/npj_CM01/NPJ_CM_Fig_Python/Public_Reproducibility_Package_V01/npjcm-free-energy-surrogate_Re3/Python_Codes/table/snapshots_split/Cu_600K_snap00025.extxyz,Cu,600,Cu__600,-0.0068620957557906,-0.002584361855502076,0.004277733900288523,0.004277733900288523
/Users/yti0811/Desktop/FE_data/npj_CM01/NPJ_CM_Fig_Python/Public_Reproducibility_Package_V01/npjcm-free-energy-surrogate_Re3/Python_Codes/table/snapshots_split/Cu_600K_snap00026.extxyz,Cu,600,Cu__600,-0.0064278100195357,-0.0025956499100219183,0.003832160109513782,0.003832160109513782
/Users/yti0811/Desktop/FE_data/npj_CM01/NPJ_CM_Fig_Python/Public_Reproducibility_Package_V01/npjcm-free-energy-surrogate_Re3/Python_Codes/table/snapshots_split/Cu_600K_snap00027.extxyz,Cu,600,Cu__600,-0.0062442985194238,-0.002585944366555755,0.0036583541528680446,0.0036583541528680446
/Users/yti0811/Desktop/FE_data/npj_CM01/NPJ_CM_Fig_Python/Public_Reproducibility_Package_V01/npjcm-free-energy-surrogate_Re3/Python_Codes/table/snapshots_split/Cu_600K_snap00028.extxyz,Cu,600,Cu__600,-0.0065557757718818,-0.0025876817594530574,0.003968094012428742,0.003968094012428742
/Users/yti0811/Desktop/FE_data/npj_CM01/NPJ_CM_Fig_Python/Public_Reproducibility_Package_V01/npjcm-free-energy-surrogate_Re3/Python_Codes/table/snapshots_split/Cu_600K_snap00029.extxyz,Cu,600,Cu__600,-0.0068264860874117,-0.0025904904431722276,0.004235995644239472,0.004235995644239472
/Users/yti0811/Desktop/FE_data/npj_CM01/NPJ_CM_Fig_Python/Public_Reproducibility_Package_V01/npjcm-free-energy-surrogate_Re3/Python_Codes/table/snapshots_split/Cu_600K_snap00030.extxyz,Cu,600,Cu__600,-0.0069991862514869,-0.002597244350823602,0.004401941900663299,0.004401941900663299
/Users/yti0811/Desktop/FE_data/npj_CM01/NPJ_CM_Fig_Python/Public_Reproducibility_Package_V01/npjcm-free-energy-surrogate_Re3/Python_Codes/table/snapshots_split/Cu_600K_snap00031.extxyz,Cu,600,Cu__600,-0.0069498614159265,-0.0025864519747541797,0.0043634094411723195,0.0043634094411723195
/Users/yti0811/Desktop/FE_data/npj_CM01/NPJ_CM_Fig_Python/Public_Reproducibility_Package_V01/npjcm-free-energy-surrogate_Re3/Python_Codes/table/snapshots_split/Cu_600K_snap00032.extxyz,Cu,600,Cu__600,-0.0065026063569088,-0.0025857713366859653,0.003916835020222834,0.003916835020222834
/Users/yti0811/Desktop/FE_data/npj_CM01/NPJ_CM_Fig_Python/Public_Reproducibility_Package_V01/npjcm-free-energy-surrogate_Re3/Python_Codes/table/snapshots_split/Cu_600K_snap00033.extxyz,Cu,600,Cu__600,-0.0066369639469575,-0.002592746088058347,0.004044217858899153,0.004044217858899153
/Users/yti0811/Desktop/FE_data/npj_CM01/NPJ_CM_Fig_Python/Public_Reproducibility_Package_V01/npjcm-free-energy-surrogate_Re3/Python_Codes/table/snapshots_split/Cu_600K_snap00034.extxyz,Cu,600,Cu__600,-0.0070139968394306,-0.002578940815127423,0.004435056024303177,0.004435056024303177
/Users/yti0811/Desktop/FE_data/npj_CM01/NPJ_CM_Fig_Python/Public_Reproducibility_Package_V01/npjcm-free-energy-surrogate_Re3/Python_Codes/table/snapshots_split/Cu_600K_snap00035.extxyz,Cu,600,Cu__600,-0.0063894388943869,-0.0025910256499785452,0.003798413244408355,0.003798413244408355
/Users/yti0811/Desktop/FE_data/npj_CM01/NPJ_CM_Fig_Python/Public_Reproducibility_Package_V01/npjcm-free-energy-surrogate_Re3/Python_Codes/table/snapshots_split/Cu_600K_snap00036.extxyz,Cu,600,Cu__600,-0.0067368878795542,-0.002590524020650546,0.004146363858903654,0.004146363858903654
/Users/yti0811/Desktop/FE_data/npj_CM01/NPJ_CM_Fig_Python/Public_Reproducibility_Package_V01/npjcm-free-energy-surrogate_Re3/Python_Codes/table/snapshots_split/Cu_600K_snap00037.extxyz,Cu,600,Cu__600,-0.0065497636768693,-0.002594091701073711,0.003955671975795589,0.003955671975795589
/Users/yti0811/Desktop/FE_data/npj_CM01/NPJ_CM_Fig_Python/Public_Reproducibility_Package_V01/npjcm-free-energy-surrogate_Re3/Python_Codes/table/snapshots_split/Cu_600K_snap00038.extxyz,Cu,600,Cu__600,-0.006377341312432,-0.002601744228187984,0.003775597084244016,0.003775597084244016
/Users/yti0811/Desktop/FE_data/npj_CM01/NPJ_CM_Fig_Python/Public_Reproducibility_Package_V01/npjcm-free-energy-surrogate_Re3/Python_Codes/table/snapshots_split/Cu_600K_snap00039.extxyz,Cu,600,Cu__600,-0.0063608783706218,-0.002587043141848277,0.0037738352287735233,0.0037738352287735233
/Users/yti0811/Desktop/FE_data/npj_CM01/NPJ_CM_Fig_Python/Public_Reproducibility_Package_V01/npjcm-free-energy-surrogate_Re3/Python_Codes/table/snapshots_split/Cu_600K_snap00040.extxyz,Cu,600,Cu__600,-0.0067885948707199,-0.0025868254593846046,0.004201769411335295,0.004201769411335295
/Users/yti0811/Desktop/FE_data/npj_CM01/NPJ_CM_Fig_Python/Public_Reproducibility_Package_V01/npjcm-free-energy-surrogate_Re3/Python_Codes/table/snapshots_split/Cu_600K_snap00041.extxyz,Cu,600,Cu__600,-0.006393435128947,-0.0025909188913667423,0.0038025162375802577,0.0038025162375802577
/Users/yti0811/Desktop/FE_data/npj_CM01/NPJ_CM_Fig_Python/Public_Reproducibility_Package_V01/npjcm-free-energy-surrogate_Re3/Python_Codes/table/snapshots_split/Cu_600K_snap00042.extxyz,Cu,600,Cu__600,-0.0068796785055192,-0.0025820673762595244,0.004297611129259676,0.004297611129259676
/Users/yti0811/Desktop/FE_data/npj_CM01/NPJ_CM_Fig_Python/Public_Reproducibility_Package_V01/npjcm-free-energy-surrogate_Re3/Python_Codes/table/snapshots_split/Cu_600K_snap00043.extxyz,Cu,600,Cu__600,-0.0068875402813785,-0.0025852158742902948,0.004302324407088205,0.004302324407088205
/Users/yti0811/Desktop/FE_data/npj_CM01/NPJ_CM_Fig_Python/Public_Reproducibility_Package_V01/npjcm-free-energy-surrogate_Re3/Python_Codes/table/snapshots_split/Cu_600K_snap00044.extxyz,Cu,600,Cu__600,-0.0068138319498299,-0.0025862882217603266,0.004227543728069574,0.004227543728069574
/Users/yti0811/Desktop/FE_data/npj_CM01/NPJ_CM_Fig_Python/Public_Reproducibility_Package_V01/npjcm-free-energy-surrogate_Re3/Python_Codes/table/snapshots_split/Cu_600K_snap00045.extxyz,Cu,600,Cu__600,-0.0071594620743912,-0.002575728231022189,0.004583733843369011,0.004583733843369011
/Users/yti0811/Desktop/FE_data/npj_CM01/NPJ_CM_Fig_Python/Public_Reproducibility_Package_V01/npjcm-free-energy-surrogate_Re3/Python_Codes/table/snapshots_split/Cu_600K_snap00046.extxyz,Cu,600,Cu__600,-0.0066062462362398,-0.002596180903986805,0.004010065332252994,0.004010065332252994
/Users/yti0811/Desktop/FE_data/npj_CM01/NPJ_CM_Fig_Python/Public_Reproducibility_Package_V01/npjcm-free-energy-surrogate_Re3/Python_Codes/table/snapshots_split/Cu_600K_snap00047.extxyz,Cu,600,Cu__600,-0.0065386402077128,-0.0025842170663526198,0.003954423141360181,0.003954423141360181
/Users/yti0811/Desktop/FE_data/npj_CM01/NPJ_CM_Fig_Python/Public_Reproducibility_Package_V01/npjcm-free-energy-surrogate_Re3/Python_Codes/table/snapshots_split/Cu_600K_snap00048.extxyz,Cu,600,Cu__600,-0.0068546051344754,-0.0025807039401592566,0.004273901194316143,0.004273901194316143
/Users/yti0811/Desktop/FE_data/npj_CM01/NPJ_CM_Fig_Python/Public_Reproducibility_Package_V01/npjcm-free-energy-surrogate_Re3/Python_Codes/table/snapshots_split/Cu_600K_snap00049.extxyz,Cu,600,Cu__600,-0.0068238025614711,-0.0025695299582128546,0.004254272603258245,0.004254272603258245
/Users/yti0811/Desktop/FE_data/npj_CM01/NPJ_CM_Fig_Python/Public_Reproducibility_Package_V01/npjcm-free-energy-surrogate_Re3/Python_Codes/table/snapshots_split/Cu_600K_snap00050.extxyz,Cu,600,Cu__600,-0.0066603795146916,-0.0025883069715329212,0.004072072543158679,0.004072072543158679
/Users/yti0811/Desktop/FE_data/npj_CM01/NPJ_CM_Fig_Python/Public_Reproducibility_Package_V01/npjcm-free-energy-surrogate_Re3/Python_Codes/table/snapshots_split/Cu_600K_snap00051.extxyz,Cu,600,Cu__600,-0.0064898635343316,-0.0025917610086318432,0.003898102525699757,0.003898102525699757
/Users/yti0811/Desktop/FE_data/npj_CM01/NPJ_CM_Fig_Python/Public_Reproducibility_Package_V01/npjcm-free-energy-surrogate_Re3/Python_Codes/table/snapshots_split/Cu_600K_snap00052.extxyz,Cu,600,Cu__600,-0.0062778233109778,-0.002599853895647494,0.003677969415330306,0.003677969415330306
/Users/yti0811/Desktop/FE_data/npj_CM01/NPJ_CM_Fig_Python/Public_Reproducibility_Package_V01/npjcm-free-energy-surrogate_Re3/Python_Codes/table/snapshots_split/Cu_600K_snap00053.extxyz,Cu,600,Cu__600,-0.0064368368904393,-0.0025928875351992173,0.0038439493552400827,0.0038439493552400827
/Users/yti0811/Desktop/FE_data/npj_CM01/NPJ_CM_Fig_Python/Public_Reproducibility_Package_V01/npjcm-free-energy-surrogate_Re3/Python_Codes/table/snapshots_split/Cu_600K_snap00054.extxyz,Cu,600,Cu__600,-0.006466609805649,-0.002590407048496979,0.003876202757152021,0.003876202757152021
/Users/yti0811/Desktop/FE_data/npj_CM01/NPJ_CM_Fig_Python/Public_Reproducibility_Package_V01/npjcm-free-energy-surrogate_Re3/Python_Codes/table/snapshots_split/Cu_600K_snap00055.extxyz,Cu,600,Cu__600,-0.0066676351519928,-0.0025862493815230576,0.004081385770469743,0.004081385770469743
/Users/yti0811/Desktop/FE_data/npj_CM01/NPJ_CM_Fig_Python/Public_Reproducibility_Package_V01/npjcm-free-energy-surrogate_Re3/Python_Codes/table/snapshots_split/Cu_600K_snap00056.extxyz,Cu,600,Cu__600,-0.0070399804509068,-0.002583134489642409,0.004456845961264391,0.004456845961264391
/Users/yti0811/Desktop/FE_data/npj_CM01/NPJ_CM_Fig_Python/Public_Reproducibility_Package_V01/npjcm-free-energy-surrogate_Re3/Python_Codes/table/snapshots_split/Cu_600K_snap00057.extxyz,Cu,600,Cu__600,-0.0067197739731911,-0.0025799895745253904,0.0041397843986657095,0.0041397843986657095
/Users/yti0811/Desktop/FE_data/npj_CM01/NPJ_CM_Fig_Python/Public_Reproducibility_Package_V01/npjcm-free-energy-surrogate_Re3/Python_Codes/table/snapshots_split/Cu_600K_snap00058.extxyz,Cu,600,Cu__600,-0.0066200507966963,-0.002592910945280707,0.004027139851415593,0.004027139851415593
/Users/yti0811/Desktop/FE_data/npj_CM01/NPJ_CM_Fig_Python/Public_Reproducibility_Package_V01/npjcm-free-energy-surrogate_Re3/Python_Codes/table/snapshots_split/Cu_600K_snap00059.extxyz,Cu,600,Cu__600,-0.0064363471508429,-0.00259469687733819,0.00384165027350471,0.00384165027350471
/Users/yti0811/Desktop/FE_data/npj_CM01/NPJ_CM_Fig_Python/Public_Reproducibility_Package_V01/npjcm-free-energy-surrogate_Re3/Python_Codes/table/snapshots_split/Cu_600K_snap00060.extxyz,Cu,600,Cu__600,-0.0072682177852411,-0.002579301486666003,0.0046889162985750965,0.0046889162985750965
/Users/yti0811/Desktop/FE_data/npj_CM01/NPJ_CM_Fig_Python/Public_Reproducibility_Package_V01/npjcm-free-energy-surrogate_Re3/Python_Codes/table/snapshots_split/Cu_600K_snap00061.extxyz,Cu,600,Cu__600,-0.0067285245141567,-0.0025872048536975454,0.004141319660459155,0.004141319660459155
/Users/yti0811/Desktop/FE_data/npj_CM01/NPJ_CM_Fig_Python/Public_Reproducibility_Package_V01/npjcm-free-energy-surrogate_Re3/Python_Codes/table/snapshots_split/Cu_600K_snap00062.extxyz,Cu,600,Cu__600,-0.0065598025162979,-0.002587985201022363,0.003971817315275537,0.003971817315275537
/Users/yti0811/Desktop/FE_data/npj_CM01/NPJ_CM_Fig_Python/Public_Reproducibility_Package_V01/npjcm-free-energy-surrogate_Re3/Python_Codes/table/snapshots_split/Cu_600K_snap00063.extxyz,Cu,600,Cu__600,-0.0062594725253622,-0.002598003970017626,0.0036614685553445743,0.0036614685553445743
/Users/yti0811/Desktop/FE_data/npj_CM01/NPJ_CM_Fig_Python/Public_Reproducibility_Package_V01/npjcm-free-energy-surrogate_Re3/Python_Codes/table/snapshots_split/Cu_600K_snap00064.extxyz,Cu,600,Cu__600,-0.006901237004833,-0.0025929493335099946,0.004308287671323005,0.004308287671323005
/Users/yti0811/Desktop/FE_data/npj_CM01/NPJ_CM_Fig_Python/Public_Reproducibility_Package_V01/npjcm-free-energy-surrogate_Re3/Python_Codes/table/snapshots_split/Cu_600K_snap00065.extxyz,Cu,600,Cu__600,-0.0067358098656925,-0.0025855062547203538,0.004150303610972146,0.004150303610972146
/Users/yti0811/Desktop/FE_data/npj_CM01/NPJ_CM_Fig_Python/Public_Reproducibility_Package_V01/npjcm-free-energy-surrogate_Re3/Python_Codes/table/snapshots_split/Cu_600K_snap00066.extxyz,Cu,600,Cu__600,-0.0064891951173188,-0.0025865523635550227,0.0039026427537637775,0.0039026427537637775
/Users/yti0811/Desktop/FE_data/npj_CM01/NPJ_CM_Fig_Python/Public_Reproducibility_Package_V01/npjcm-free-energy-surrogate_Re3/Python_Codes/table/snapshots_split/Cu_600K_snap00067.extxyz,Cu,600,Cu__600,-0.0065523982118306,-0.0025771933608365895,0.003975204850994011,0.003975204850994011
/Users/yti0811/Desktop/FE_data/npj_CM01/NPJ_CM_Fig_Python/Public_Reproducibility_Package_V01/npjcm-free-energy-surrogate_Re3/Python_Codes/table/snapshots_split/Cu_600K_snap00068.extxyz,Cu,600,Cu__600,-0.0061579259493672,-0.002602904509270264,0.003555021440096936,0.003555021440096936
/Users/yti0811/Desktop/FE_data/npj_CM01/NPJ_CM_Fig_Python/Public_Reproducibility_Package_V01/npjcm-free-energy-surrogate_Re3/Python_Codes/table/snapshots_split/Cu_600K_snap00069.extxyz,Cu,600,Cu__600,-0.0067884241287597,-0.0025885341666315566,0.004199889962128144,0.004199889962128144
/Users/yti0811/Desktop/FE_data/npj_CM01/NPJ_CM_Fig_Python/Public_Reproducibility_Package_V01/npjcm-free-energy-surrogate_Re3/Python_Codes/table/snapshots_split/Cu_600K_snap00070.extxyz,Cu,600,Cu__600,-0.0063752367219253,-0.0025919489697825253,0.003783287752142775,0.003783287752142775
/Users/yti0811/Desktop/FE_data/npj_CM01/NPJ_CM_Fig_Python/Public_Reproducibility_Package_V01/npjcm-free-energy-surrogate_Re3/Python_Codes/table/snapshots_split/Cu_600K_snap00071.extxyz,Cu,600,Cu__600,-0.0069023931577673,-0.002581369072989731,0.004321024084777568,0.004321024084777568
/Users/yti0811/Desktop/FE_data/npj_CM01/NPJ_CM_Fig_Python/Public_Reproducibility_Package_V01/npjcm-free-energy-surrogate_Re3/Python_Codes/table/snapshots_split/Cu_600K_snap00072.extxyz,Cu,600,Cu__600,-0.0063181368785917,-0.0025925395893200698,0.00372559728927163,0.00372559728927163
/Users/yti0811/Desktop/FE_data/npj_CM01/NPJ_CM_Fig_Python/Public_Reproducibility_Package_V01/npjcm-free-energy-surrogate_Re3/Python_Codes/table/snapshots_split/Cu_600K_snap00073.extxyz,Cu,600,Cu__600,-0.0063429168541045,-0.002590122580819862,0.0037527942732846382,0.0037527942732846382
/Users/yti0811/Desktop/FE_data/npj_CM01/NPJ_CM_Fig_Python/Public_Reproducibility_Package_V01/npjcm-free-energy-surrogate_Re3/Python_Codes/table/snapshots_split/Cu_600K_snap00074.extxyz,Cu,600,Cu__600,-0.0069808347499539,-0.00257981426310005,0.00440102048685385,0.00440102048685385
/Users/yti0811/Desktop/FE_data/npj_CM01/NPJ_CM_Fig_Python/Public_Reproducibility_Package_V01/npjcm-free-energy-surrogate_Re3/Python_Codes/table/snapshots_split/Cu_600K_snap00075.extxyz,Cu,600,Cu__600,-0.0062229727673462,-0.0026050297717925453,0.0036179429955536546,0.0036179429955536546
/Users/yti0811/Desktop/FE_data/npj_CM01/NPJ_CM_Fig_Python/Public_Reproducibility_Package_V01/npjcm-free-energy-surrogate_Re3/Python_Codes/table/snapshots_split/Cu_600K_snap00076.extxyz,Cu,600,Cu__600,-0.0066178398900457,-0.0025743359766529587,0.004043503913392741,0.004043503913392741
/Users/yti0811/Desktop/FE_data/npj_CM01/NPJ_CM_Fig_Python/Public_Reproducibility_Package_V01/npjcm-free-energy-surrogate_Re3/Python_Codes/table/snapshots_split/Cu_600K_snap00077.extxyz,Cu,600,Cu__600,-0.0068198965274873,-0.002583872340724373,0.004236024186762928,0.004236024186762928
/Users/yti0811/Desktop/FE_data/npj_CM01/NPJ_CM_Fig_Python/Public_Reproducibility_Package_V01/npjcm-free-energy-surrogate_Re3/Python_Codes/table/snapshots_split/Cu_600K_snap00078.extxyz,Cu,600,Cu__600,-0.0064116719663153,-0.0025925874898199528,0.0038190844764953475,0.0038190844764953475
/Users/yti0811/Desktop/FE_data/npj_CM01/NPJ_CM_Fig_Python/Public_Reproducibility_Package_V01/npjcm-free-energy-surrogate_Re3/Python_Codes/table/snapshots_split/Cu_600K_snap00079.extxyz,Cu,600,Cu__600,-0.0061396558388419,-0.0026022566156879605,0.00353739922315394,0.00353739922315394
/Users/yti0811/Desktop/FE_data/npj_CM01/NPJ_CM_Fig_Python/Public_Reproducibility_Package_V01/npjcm-free-energy-surrogate_Re3/Python_Codes/table/snapshots_split/Cu_600K_snap00080.extxyz,Cu,600,Cu__600,-0.0064194524231554,-0.002593566532545113,0.0038258858906102867,0.0038258858906102867
/Users/yti0811/Desktop/FE_data/npj_CM01/NPJ_CM_Fig_Python/Public_Reproducibility_Package_V01/npjcm-free-energy-surrogate_Re3/Python_Codes/table/snapshots_split/Cu_600K_snap00081.extxyz,Cu,600,Cu__600,-0.0067162935096501,-0.0025745019978928815,0.004141791511757219,0.004141791511757219
/Users/yti0811/Desktop/FE_data/npj_CM01/NPJ_CM_Fig_Python/Public_Reproducibility_Package_V01/npjcm-free-energy-surrogate_Re3/Python_Codes/table/snapshots_split/Cu_600K_snap00082.extxyz,Cu,600,Cu__600,-0.0067659129986122,-0.0025805664904441942,0.0041853465081680054,0.0041853465081680054
/Users/yti0811/Desktop/FE_data/npj_CM01/NPJ_CM_Fig_Python/Public_Reproducibility_Package_V01/npjcm-free-energy-surrogate_Re3/Python_Codes/table/snapshots_split/Cu_600K_snap00083.extxyz,Cu,600,Cu__600,-0.0064131224933764,-0.0025840415866327446,0.0038290809067436553,0.0038290809067436553
/Users/yti0811/Desktop/FE_data/npj_CM01/NPJ_CM_Fig_Python/Public_Reproducibility_Package_V01/npjcm-free-energy-surrogate_Re3/Python_Codes/table/snapshots_split/Cu_600K_snap00084.extxyz,Cu,600,Cu__600,-0.0066050069586712,-0.002592217755971129,0.004012789202700071,0.004012789202700071
/Users/yti0811/Desktop/FE_data/npj_CM01/NPJ_CM_Fig_Python/Public_Reproducibility_Package_V01/npjcm-free-energy-surrogate_Re3/Python_Codes/table/snapshots_split/Cu_600K_snap00085.extxyz,Cu,600,Cu__600,-0.0066989135488108,-0.0025844326444066294,0.00411448090440417,0.00411448090440417
/Users/yti0811/Desktop/FE_data/npj_CM01/NPJ_CM_Fig_Python/Public_Reproducibility_Package_V01/npjcm-free-energy-surrogate_Re3/Python_Codes/table/snapshots_split/Cu_600K_snap00086.extxyz,Cu,600,Cu__600,-0.0067037565231941,-0.0025750117765213744,0.0041287447466727255,0.0041287447466727255
/Users/yti0811/Desktop/FE_data/npj_CM01/NPJ_CM_Fig_Python/Public_Reproducibility_Package_V01/npjcm-free-energy-surrogate_Re3/Python_Codes/table/snapshots_split/Cu_600K_snap00087.extxyz,Cu,600,Cu__600,-0.0065082203526313,-0.002588339131060711,0.003919881221570589,0.003919881221570589
/Users/yti0811/Desktop/FE_data/npj_CM01/NPJ_CM_Fig_Python/Public_Reproducibility_Package_V01/npjcm-free-energy-surrogate_Re3/Python_Codes/table/snapshots_split/Cu_600K_snap00088.extxyz,Cu,600,Cu__600,-0.0069859173695386,-0.0025884465929102668,0.004397470776628333,0.004397470776628333
/Users/yti0811/Desktop/FE_data/npj_CM01/NPJ_CM_Fig_Python/Public_Reproducibility_Package_V01/npjcm-free-energy-surrogate_Re3/Python_Codes/table/snapshots_split/Cu_600K_snap00089.extxyz,Cu,600,Cu__600,-0.0067112011159643,-0.0025885354625404568,0.004122665653423843,0.004122665653423843
/Users/yti0811/Desktop/FE_data/npj_CM01/NPJ_CM_Fig_Python/Public_Reproducibility_Package_V01/npjcm-free-energy-surrogate_Re3/Python_Codes/table/snapshots_split/Cu_600K_snap00090.extxyz,Cu,600,Cu__600,-0.0069094867640159,-0.002580800107728606,0.0043286866562872945,0.0043286866562872945
/Users/yti0811/Desktop/FE_data/npj_CM01/NPJ_CM_Fig_Python/Public_Reproducibility_Package_V01/npjcm-free-energy-surrogate_Re3/Python_Codes/table/snapshots_split/Cu_600K_snap00091.extxyz,Cu,600,Cu__600,-0.0069262075673942,-0.0025760625782989322,0.004350144989095268,0.004350144989095268
/Users/yti0811/Desktop/FE_data/npj_CM01/NPJ_CM_Fig_Python/Public_Reproducibility_Package_V01/npjcm-free-energy-surrogate_Re3/Python_Codes/table/snapshots_split/Cu_600K_snap00092.extxyz,Cu,600,Cu__600,-0.0066688028601417,-0.002580408779383208,0.004088394080758492,0.004088394080758492
/Users/yti0811/Desktop/FE_data/npj_CM01/NPJ_CM_Fig_Python/Public_Reproducibility_Package_V01/npjcm-free-energy-surrogate_Re3/Python_Codes/table/snapshots_split/Cu_600K_snap00093.extxyz,Cu,600,Cu__600,-0.006161702472556,-0.002591904060137805,0.0035697984124181954,0.0035697984124181954
/Users/yti0811/Desktop/FE_data/npj_CM01/NPJ_CM_Fig_Python/Public_Reproducibility_Package_V01/npjcm-free-energy-surrogate_Re3/Python_Codes/table/snapshots_split/Cu_600K_snap00094.extxyz,Cu,600,Cu__600,-0.0066574256283699,-0.002596678952198442,0.004060746676171458,0.004060746676171458
/Users/yti0811/Desktop/FE_data/npj_CM01/NPJ_CM_Fig_Python/Public_Reproducibility_Package_V01/npjcm-free-energy-surrogate_Re3/Python_Codes/table/snapshots_split/Cu_600K_snap00095.extxyz,Cu,600,Cu__600,-0.0069755101017822,-0.002572150472043364,0.004403359629738836,0.004403359629738836
/Users/yti0811/Desktop/FE_data/npj_CM01/NPJ_CM_Fig_Python/Public_Reproducibility_Package_V01/npjcm-free-energy-surrogate_Re3/Python_Codes/table/snapshots_split/Cu_600K_snap00096.extxyz,Cu,600,Cu__600,-0.0064327369261797,-0.0025746308656510917,0.0038581060605286086,0.0038581060605286086
/Users/yti0811/Desktop/FE_data/npj_CM01/NPJ_CM_Fig_Python/Public_Reproducibility_Package_V01/npjcm-free-energy-surrogate_Re3/Python_Codes/table/snapshots_split/Cu_600K_snap00097.extxyz,Cu,600,Cu__600,-0.0071418412930323,-0.0025779449676034574,0.004563896325428843,0.004563896325428843
/Users/yti0811/Desktop/FE_data/npj_CM01/NPJ_CM_Fig_Python/Public_Reproducibility_Package_V01/npjcm-free-energy-surrogate_Re3/Python_Codes/table/snapshots_split/Cu_600K_snap00098.extxyz,Cu,600,Cu__600,-0.0065570852426993,-0.002582610769734416,0.003974474472964884,0.003974474472964884
/Users/yti0811/Desktop/FE_data/npj_CM01/NPJ_CM_Fig_Python/Public_Reproducibility_Package_V01/npjcm-free-energy-surrogate_Re3/Python_Codes/table/snapshots_split/Cu_600K_snap00099.extxyz,Cu,600,Cu__600,-0.0067940284774165,-0.0025799578510563004,0.0042140706263602,0.0042140706263602
/Users/yti0811/Desktop/FE_data/npj_CM01/NPJ_CM_Fig_Python/Public_Reproducibility_Package_V01/npjcm-free-energy-surrogate_Re3/Python_Codes/table/snapshots_split/Cu_700K_snap00000.extxyz,Cu,700,Cu__700,-0.0075896952242062,-0.0022930374235180626,0.005296657800688137,0.005296657800688137
/Users/yti0811/Desktop/FE_data/npj_CM01/NPJ_CM_Fig_Python/Public_Reproducibility_Package_V01/npjcm-free-energy-surrogate_Re3/Python_Codes/table/snapshots_split/Cu_700K_snap00001.extxyz,Cu,700,Cu__700,-0.0071307940370622,-0.0023096226376306383,0.004821171399431562,0.004821171399431562
/Users/yti0811/Desktop/FE_data/npj_CM01/NPJ_CM_Fig_Python/Public_Reproducibility_Package_V01/npjcm-free-energy-surrogate_Re3/Python_Codes/table/snapshots_split/Cu_700K_snap00002.extxyz,Cu,700,Cu__700,-0.0069147167725314,-0.0022995438701932966,0.004615172902338104,0.004615172902338104
/Users/yti0811/Desktop/FE_data/npj_CM01/NPJ_CM_Fig_Python/Public_Reproducibility_Package_V01/npjcm-free-energy-surrogate_Re3/Python_Codes/table/snapshots_split/Cu_700K_snap00003.extxyz,Cu,700,Cu__700,-0.0070165193015008,-0.002303377714612118,0.004713141586888682,0.004713141586888682
/Users/yti0811/Desktop/FE_data/npj_CM01/NPJ_CM_Fig_Python/Public_Reproducibility_Package_V01/npjcm-free-energy-surrogate_Re3/Python_Codes/table/snapshots_split/Cu_700K_snap00004.extxyz,Cu,700,Cu__700,-0.007613877443753,-0.002293254954234363,0.005320622489518637,0.005320622489518637
/Users/yti0811/Desktop/FE_data/npj_CM01/NPJ_CM_Fig_Python/Public_Reproducibility_Package_V01/npjcm-free-energy-surrogate_Re3/Python_Codes/table/snapshots_split/Cu_700K_snap00005.extxyz,Cu,700,Cu__700,-0.0071451703599769,-0.002307057939362193,0.004838112420614707,0.004838112420614707
/Users/yti0811/Desktop/FE_data/npj_CM01/NPJ_CM_Fig_Python/Public_Reproducibility_Package_V01/npjcm-free-energy-surrogate_Re3/Python_Codes/table/snapshots_split/Cu_700K_snap00006.extxyz,Cu,700,Cu__700,-0.0071232945600463,-0.0023111452840867785,0.004812149275959521,0.004812149275959521
/Users/yti0811/Desktop/FE_data/npj_CM01/NPJ_CM_Fig_Python/Public_Reproducibility_Package_V01/npjcm-free-energy-surrogate_Re3/Python_Codes/table/snapshots_split/Cu_700K_snap00007.extxyz,Cu,700,Cu__700,-0.0073058062945776,-0.002314219060600247,0.004991587233977353,0.004991587233977353
/Users/yti0811/Desktop/FE_data/npj_CM01/NPJ_CM_Fig_Python/Public_Reproducibility_Package_V01/npjcm-free-energy-surrogate_Re3/Python_Codes/table/snapshots_split/Cu_700K_snap00008.extxyz,Cu,700,Cu__700,-0.0072754699593573,-0.002299772785894586,0.004975697173462714,0.004975697173462714
/Users/yti0811/Desktop/FE_data/npj_CM01/NPJ_CM_Fig_Python/Public_Reproducibility_Package_V01/npjcm-free-energy-surrogate_Re3/Python_Codes/table/snapshots_split/Cu_700K_snap00009.extxyz,Cu,700,Cu__700,-0.0077921637292581,-0.002304836657480233,0.005487327071777867,0.005487327071777867
/Users/yti0811/Desktop/FE_data/npj_CM01/NPJ_CM_Fig_Python/Public_Reproducibility_Package_V01/npjcm-free-energy-surrogate_Re3/Python_Codes/table/snapshots_split/Cu_700K_snap00010.extxyz,Cu,700,Cu__700,-0.0076123397007441,-0.0022923782821553805,0.005319961418588719,0.005319961418588719
/Users/yti0811/Desktop/FE_data/npj_CM01/NPJ_CM_Fig_Python/Public_Reproducibility_Package_V01/npjcm-free-energy-surrogate_Re3/Python_Codes/table/snapshots_split/Cu_700K_snap00011.extxyz,Cu,700,Cu__700,-0.0074877517154867,-0.002293169807464413,0.005194581908022288,0.005194581908022288
/Users/yti0811/Desktop/FE_data/npj_CM01/NPJ_CM_Fig_Python/Public_Reproducibility_Package_V01/npjcm-free-energy-surrogate_Re3/Python_Codes/table/snapshots_split/Cu_700K_snap00012.extxyz,Cu,700,Cu__700,-0.0072528634142765,-0.0022999793292700203,0.00495288408500648,0.00495288408500648
/Users/yti0811/Desktop/FE_data/npj_CM01/NPJ_CM_Fig_Python/Public_Reproducibility_Package_V01/npjcm-free-energy-surrogate_Re3/Python_Codes/table/snapshots_split/Cu_700K_snap00013.extxyz,Cu,700,Cu__700,-0.0077899116444426,-0.00230333466965702,0.00548657697478558,0.00548657697478558
/Users/yti0811/Desktop/FE_data/npj_CM01/NPJ_CM_Fig_Python/Public_Reproducibility_Package_V01/npjcm-free-energy-surrogate_Re3/Python_Codes/table/snapshots_split/Cu_700K_snap00014.extxyz,Cu,700,Cu__700,-0.0074935790715591,-0.002285411938713513,0.005208167132845587,0.005208167132845587
/Users/yti0811/Desktop/FE_data/npj_CM01/NPJ_CM_Fig_Python/Public_Reproducibility_Package_V01/npjcm-free-energy-surrogate_Re3/Python_Codes/table/snapshots_split/Cu_700K_snap00015.extxyz,Cu,700,Cu__700,-0.0070921601755029,-0.0023057725274474887,0.004786387648055411,0.004786387648055411
/Users/yti0811/Desktop/FE_data/npj_CM01/NPJ_CM_Fig_Python/Public_Reproducibility_Package_V01/npjcm-free-energy-surrogate_Re3/Python_Codes/table/snapshots_split/Cu_700K_snap00016.extxyz,Cu,700,Cu__700,-0.0067800890621001,-0.0023058108458583657,0.0044742782162417345,0.0044742782162417345
/Users/yti0811/Desktop/FE_data/npj_CM01/NPJ_CM_Fig_Python/Public_Reproducibility_Package_V01/npjcm-free-energy-surrogate_Re3/Python_Codes/table/snapshots_split/Cu_700K_snap00017.extxyz,Cu,700,Cu__700,-0.0077398800713031,-0.002306050996825749,0.005433829074477351,0.005433829074477351
/Users/yti0811/Desktop/FE_data/npj_CM01/NPJ_CM_Fig_Python/Public_Reproducibility_Package_V01/npjcm-free-energy-surrogate_Re3/Python_Codes/table/snapshots_split/Cu_700K_snap00018.extxyz,Cu,700,Cu__700,-0.0073112546358278,-0.0022962161112897467,0.005015038524538053,0.005015038524538053
/Users/yti0811/Desktop/FE_data/npj_CM01/NPJ_CM_Fig_Python/Public_Reproducibility_Package_V01/npjcm-free-energy-surrogate_Re3/Python_Codes/table/snapshots_split/Cu_700K_snap00019.extxyz,Cu,700,Cu__700,-0.0082289888748412,-0.0022902460307162326,0.005938742844124968,0.005938742844124968
/Users/yti0811/Desktop/FE_data/npj_CM01/NPJ_CM_Fig_Python/Public_Reproducibility_Package_V01/npjcm-free-energy-surrogate_Re3/Python_Codes/table/snapshots_split/Cu_700K_snap00020.extxyz,Cu,700,Cu__700,-0.0073321103679726,-0.0022891526850951187,0.005042957682877481,0.005042957682877481
/Users/yti0811/Desktop/FE_data/npj_CM01/NPJ_CM_Fig_Python/Public_Reproducibility_Package_V01/npjcm-free-energy-surrogate_Re3/Python_Codes/table/snapshots_split/Cu_700K_snap00021.extxyz,Cu,700,Cu__700,-0.0071353609790756,-0.002314233164112975,0.004821127814962625,0.004821127814962625
/Users/yti0811/Desktop/FE_data/npj_CM01/NPJ_CM_Fig_Python/Public_Reproducibility_Package_V01/npjcm-free-energy-surrogate_Re3/Python_Codes/table/snapshots_split/Cu_700K_snap00022.extxyz,Cu,700,Cu__700,-0.0075072088139152,-0.002288076377094051,0.005219132436821148,0.005219132436821148
/Users/yti0811/Desktop/FE_data/npj_CM01/NPJ_CM_Fig_Python/Public_Reproducibility_Package_V01/npjcm-free-energy-surrogate_Re3/Python_Codes/table/snapshots_split/Cu_700K_snap00023.extxyz,Cu,700,Cu__700,-0.0071573322307288,-0.0023028894851820727,0.004854442745546727,0.004854442745546727
/Users/yti0811/Desktop/FE_data/npj_CM01/NPJ_CM_Fig_Python/Public_Reproducibility_Package_V01/npjcm-free-energy-surrogate_Re3/Python_Codes/table/snapshots_split/Cu_700K_snap00024.extxyz,Cu,700,Cu__700,-0.0072645536858113,-0.002295244052375529,0.004969309633435771,0.004969309633435771
/Users/yti0811/Desktop/FE_data/npj_CM01/NPJ_CM_Fig_Python/Public_Reproducibility_Package_V01/npjcm-free-energy-surrogate_Re3/Python_Codes/table/snapshots_split/Cu_700K_snap00025.extxyz,Cu,700,Cu__700,-0.0079010795471477,-0.0023044281440529556,0.0055966514030947444,0.0055966514030947444
/Users/yti0811/Desktop/FE_data/npj_CM01/NPJ_CM_Fig_Python/Public_Reproducibility_Package_V01/npjcm-free-energy-surrogate_Re3/Python_Codes/table/snapshots_split/Cu_700K_snap00026.extxyz,Cu,700,Cu__700,-0.0073649430069207,-0.002302515903677392,0.0050624271032433076,0.0050624271032433076
/Users/yti0811/Desktop/FE_data/npj_CM01/NPJ_CM_Fig_Python/Public_Reproducibility_Package_V01/npjcm-free-energy-surrogate_Re3/Python_Codes/table/snapshots_split/Cu_700K_snap00027.extxyz,Cu,700,Cu__700,-0.0072668507945776,-0.002292839995311938,0.0049740107992656615,0.0049740107992656615
/Users/yti0811/Desktop/FE_data/npj_CM01/NPJ_CM_Fig_Python/Public_Reproducibility_Package_V01/npjcm-free-energy-surrogate_Re3/Python_Codes/table/snapshots_split/Cu_700K_snap00028.extxyz,Cu,700,Cu__700,-0.0074649644994522,-0.0022998803588243797,0.0051650841406278205,0.0051650841406278205
/Users/yti0811/Desktop/FE_data/npj_CM01/NPJ_CM_Fig_Python/Public_Reproducibility_Package_V01/npjcm-free-energy-surrogate_Re3/Python_Codes/table/snapshots_split/Cu_700K_snap00029.extxyz,Cu,700,Cu__700,-0.0071159045097151,-0.002312557201350847,0.004803347308364254,0.004803347308364254
/Users/yti0811/Desktop/FE_data/npj_CM01/NPJ_CM_Fig_Python/Public_Reproducibility_Package_V01/npjcm-free-energy-surrogate_Re3/Python_Codes/table/snapshots_split/Cu_700K_snap00030.extxyz,Cu,700,Cu__700,-0.0074778013502305,-0.002296710479149457,0.005181090871081043,0.005181090871081043
/Users/yti0811/Desktop/FE_data/npj_CM01/NPJ_CM_Fig_Python/Public_Reproducibility_Package_V01/npjcm-free-energy-surrogate_Re3/Python_Codes/table/snapshots_split/Cu_700K_snap00031.extxyz,Cu,700,Cu__700,-0.0077583487036345,-0.002291418393796727,0.005466930309837773,0.005466930309837773
/Users/yti0811/Desktop/FE_data/npj_CM01/NPJ_CM_Fig_Python/Public_Reproducibility_Package_V01/npjcm-free-energy-surrogate_Re3/Python_Codes/table/snapshots_split/Cu_700K_snap00032.extxyz,Cu,700,Cu__700,-0.0074367578094787,-0.002297972327511005,0.005138785481967695,0.005138785481967695
/Users/yti0811/Desktop/FE_data/npj_CM01/NPJ_CM_Fig_Python/Public_Reproducibility_Package_V01/npjcm-free-energy-surrogate_Re3/Python_Codes/table/snapshots_split/Cu_700K_snap00033.extxyz,Cu,700,Cu__700,-0.0072440738071562,-0.0022956232433505993,0.0049484505638056,0.0049484505638056
/Users/yti0811/Desktop/FE_data/npj_CM01/NPJ_CM_Fig_Python/Public_Reproducibility_Package_V01/npjcm-free-energy-surrogate_Re3/Python_Codes/table/snapshots_split/Cu_700K_snap00034.extxyz,Cu,700,Cu__700,-0.0072919577591095,-0.002298206582765113,0.004993751176344386,0.004993751176344386
/Users/yti0811/Desktop/FE_data/npj_CM01/NPJ_CM_Fig_Python/Public_Reproducibility_Package_V01/npjcm-free-energy-surrogate_Re3/Python_Codes/table/snapshots_split/Cu_700K_snap00035.extxyz,Cu,700,Cu__700,-0.0067199773814363,-0.0023063726825797446,0.004413604698856556,0.004413604698856556
/Users/yti0811/Desktop/FE_data/npj_CM01/NPJ_CM_Fig_Python/Public_Reproducibility_Package_V01/npjcm-free-energy-surrogate_Re3/Python_Codes/table/snapshots_split/Cu_700K_snap00036.extxyz,Cu,700,Cu__700,-0.0073047918401292,-0.002289497591011068,0.005015294249118132,0.005015294249118132
/Users/yti0811/Desktop/FE_data/npj_CM01/NPJ_CM_Fig_Python/Public_Reproducibility_Package_V01/npjcm-free-energy-surrogate_Re3/Python_Codes/table/snapshots_split/Cu_700K_snap00037.extxyz,Cu,700,Cu__700,-0.0070455728136285,-0.002287868544305593,0.004757704269322907,0.004757704269322907
/Users/yti0811/Desktop/FE_data/npj_CM01/NPJ_CM_Fig_Python/Public_Reproducibility_Package_V01/npjcm-free-energy-surrogate_Re3/Python_Codes/table/snapshots_split/Cu_700K_snap00038.extxyz,Cu,700,Cu__700,-0.007572794024387,-0.0022865394664342465,0.005286254557952754,0.005286254557952754
/Users/yti0811/Desktop/FE_data/npj_CM01/NPJ_CM_Fig_Python/Public_Reproducibility_Package_V01/npjcm-free-energy-surrogate_Re3/Python_Codes/table/snapshots_split/Cu_700K_snap00039.extxyz,Cu,700,Cu__700,-0.0069225958415615,-0.00231194172318914,0.00461065411837236,0.00461065411837236
/Users/yti0811/Desktop/FE_data/npj_CM01/NPJ_CM_Fig_Python/Public_Reproducibility_Package_V01/npjcm-free-energy-surrogate_Re3/Python_Codes/table/snapshots_split/Cu_700K_snap00040.extxyz,Cu,700,Cu__700,-0.0078737167507785,-0.002281190229849936,0.005592526520928563,0.005592526520928563
/Users/yti0811/Desktop/FE_data/npj_CM01/NPJ_CM_Fig_Python/Public_Reproducibility_Package_V01/npjcm-free-energy-surrogate_Re3/Python_Codes/table/snapshots_split/Cu_700K_snap00041.extxyz,Cu,700,Cu__700,-0.0070283253103664,-0.002306379105898593,0.004721946204467807,0.004721946204467807
/Users/yti0811/Desktop/FE_data/npj_CM01/NPJ_CM_Fig_Python/Public_Reproducibility_Package_V01/npjcm-free-energy-surrogate_Re3/Python_Codes/table/snapshots_split/Cu_700K_snap00042.extxyz,Cu,700,Cu__700,-0.0072388132990386,-0.0022881381883979694,0.00495067511064063,0.00495067511064063
/Users/yti0811/Desktop/FE_data/npj_CM01/NPJ_CM_Fig_Python/Public_Reproducibility_Package_V01/npjcm-free-energy-surrogate_Re3/Python_Codes/table/snapshots_split/Cu_700K_snap00043.extxyz,Cu,700,Cu__700,-0.007253341467617,-0.002302342954592343,0.004950998513024657,0.004950998513024657
/Users/yti0811/Desktop/FE_data/npj_CM01/NPJ_CM_Fig_Python/Public_Reproducibility_Package_V01/npjcm-free-energy-surrogate_Re3/Python_Codes/table/snapshots_split/Cu_700K_snap00044.extxyz,Cu,700,Cu__700,-0.0074079282946793,-0.0022949787860071296,0.005112949508672171,0.005112949508672171
/Users/yti0811/Desktop/FE_data/npj_CM01/NPJ_CM_Fig_Python/Public_Reproducibility_Package_V01/npjcm-free-energy-surrogate_Re3/Python_Codes/table/snapshots_split/Cu_700K_snap00045.extxyz,Cu,700,Cu__700,-0.0072593924271318,-0.0022970793606280843,0.004962313066503716,0.004962313066503716
/Users/yti0811/Desktop/FE_data/npj_CM01/NPJ_CM_Fig_Python/Public_Reproducibility_Package_V01/npjcm-free-energy-surrogate_Re3/Python_Codes/table/snapshots_split/Cu_700K_snap00046.extxyz,Cu,700,Cu__700,-0.0070030729354704,-0.0022874970923147013,0.0047155758431556985,0.0047155758431556985
/Users/yti0811/Desktop/FE_data/npj_CM01/NPJ_CM_Fig_Python/Public_Reproducibility_Package_V01/npjcm-free-energy-surrogate_Re3/Python_Codes/table/snapshots_split/Cu_700K_snap00047.extxyz,Cu,700,Cu__700,-0.0066335814868183,-0.0023085860438010427,0.0043249954430172564,0.0043249954430172564
/Users/yti0811/Desktop/FE_data/npj_CM01/NPJ_CM_Fig_Python/Public_Reproducibility_Package_V01/npjcm-free-energy-surrogate_Re3/Python_Codes/table/snapshots_split/Cu_700K_snap00048.extxyz,Cu,700,Cu__700,-0.0072916068591493,-0.0023069734257667555,0.004984633433382545,0.004984633433382545
/Users/yti0811/Desktop/FE_data/npj_CM01/NPJ_CM_Fig_Python/Public_Reproducibility_Package_V01/npjcm-free-energy-surrogate_Re3/Python_Codes/table/snapshots_split/Cu_700K_snap00049.extxyz,Cu,700,Cu__700,-0.0076610178165295,-0.0022966620283988957,0.0053643557881306045,0.0053643557881306045
/Users/yti0811/Desktop/FE_data/npj_CM01/NPJ_CM_Fig_Python/Public_Reproducibility_Package_V01/npjcm-free-energy-surrogate_Re3/Python_Codes/table/snapshots_split/Cu_700K_snap00050.extxyz,Cu,700,Cu__700,-0.0074053223462928,-0.0022944757037890217,0.005110846642503778,0.005110846642503778
/Users/yti0811/Desktop/FE_data/npj_CM01/NPJ_CM_Fig_Python/Public_Reproducibility_Package_V01/npjcm-free-energy-surrogate_Re3/Python_Codes/table/snapshots_split/Cu_700K_snap00051.extxyz,Cu,700,Cu__700,-0.0076423114899404,-0.0022937929291136417,0.005348518560826758,0.005348518560826758
/Users/yti0811/Desktop/FE_data/npj_CM01/NPJ_CM_Fig_Python/Public_Reproducibility_Package_V01/npjcm-free-energy-surrogate_Re3/Python_Codes/table/snapshots_split/Cu_700K_snap00052.extxyz,Cu,700,Cu__700,-0.0077357974939038,-0.00228512810132748,0.00545066939257632,0.00545066939257632
/Users/yti0811/Desktop/FE_data/npj_CM01/NPJ_CM_Fig_Python/Public_Reproducibility_Package_V01/npjcm-free-energy-surrogate_Re3/Python_Codes/table/snapshots_split/Cu_700K_snap00053.extxyz,Cu,700,Cu__700,-0.0073143515816858,-0.00229163875967926,0.0050227128220065404,0.0050227128220065404
/Users/yti0811/Desktop/FE_data/npj_CM01/NPJ_CM_Fig_Python/Public_Reproducibility_Package_V01/npjcm-free-energy-surrogate_Re3/Python_Codes/table/snapshots_split/Cu_700K_snap00054.extxyz,Cu,700,Cu__700,-0.0071192217626017,-0.0023012001715115708,0.004818021591090129,0.004818021591090129
/Users/yti0811/Desktop/FE_data/npj_CM01/NPJ_CM_Fig_Python/Public_Reproducibility_Package_V01/npjcm-free-energy-surrogate_Re3/Python_Codes/table/snapshots_split/Cu_700K_snap00055.extxyz,Cu,700,Cu__700,-0.0071849306198113,-0.0022950963011475005,0.004889834318663799,0.004889834318663799
/Users/yti0811/Desktop/FE_data/npj_CM01/NPJ_CM_Fig_Python/Public_Reproducibility_Package_V01/npjcm-free-energy-surrogate_Re3/Python_Codes/table/snapshots_split/Cu_700K_snap00056.extxyz,Cu,700,Cu__700,-0.0073951594748023,-0.0023002764057198114,0.0050948830690824886,0.0050948830690824886
/Users/yti0811/Desktop/FE_data/npj_CM01/NPJ_CM_Fig_Python/Public_Reproducibility_Package_V01/npjcm-free-energy-surrogate_Re3/Python_Codes/table/snapshots_split/Cu_700K_snap00057.extxyz,Cu,700,Cu__700,-0.0067527222624661,-0.002307204478069623,0.004445517784396477,0.004445517784396477
/Users/yti0811/Desktop/FE_data/npj_CM01/NPJ_CM_Fig_Python/Public_Reproducibility_Package_V01/npjcm-free-energy-surrogate_Re3/Python_Codes/table/snapshots_split/Cu_700K_snap00058.extxyz,Cu,700,Cu__700,-0.0073226136660909,-0.002302315883710225,0.005020297782380675,0.005020297782380675
/Users/yti0811/Desktop/FE_data/npj_CM01/NPJ_CM_Fig_Python/Public_Reproducibility_Package_V01/npjcm-free-energy-surrogate_Re3/Python_Codes/table/snapshots_split/Cu_700K_snap00059.extxyz,Cu,700,Cu__700,-0.0071951709926019,-0.0022985980686657114,0.004896572923936188,0.004896572923936188
/Users/yti0811/Desktop/FE_data/npj_CM01/NPJ_CM_Fig_Python/Public_Reproducibility_Package_V01/npjcm-free-energy-surrogate_Re3/Python_Codes/table/snapshots_split/Cu_700K_snap00060.extxyz,Cu,700,Cu__700,-0.0075741495879786,-0.0023018595921451596,0.005272289995833441,0.005272289995833441
/Users/yti0811/Desktop/FE_data/npj_CM01/NPJ_CM_Fig_Python/Public_Reproducibility_Package_V01/npjcm-free-energy-surrogate_Re3/Python_Codes/table/snapshots_split/Cu_700K_snap00061.extxyz,Cu,700,Cu__700,-0.0075122586722706,-0.0022967116306386683,0.0052155470416319315,0.0052155470416319315
/Users/yti0811/Desktop/FE_data/npj_CM01/NPJ_CM_Fig_Python/Public_Reproducibility_Package_V01/npjcm-free-energy-surrogate_Re3/Python_Codes/table/snapshots_split/Cu_700K_snap00062.extxyz,Cu,700,Cu__700,-0.006632758777709,-0.0023142597518772522,0.004318499025831748,0.004318499025831748
/Users/yti0811/Desktop/FE_data/npj_CM01/NPJ_CM_Fig_Python/Public_Reproducibility_Package_V01/npjcm-free-energy-surrogate_Re3/Python_Codes/table/snapshots_split/Cu_700K_snap00063.extxyz,Cu,700,Cu__700,-0.0072362685290412,-0.0022871246463105534,0.004949143882730647,0.004949143882730647
/Users/yti0811/Desktop/FE_data/npj_CM01/NPJ_CM_Fig_Python/Public_Reproducibility_Package_V01/npjcm-free-energy-surrogate_Re3/Python_Codes/table/snapshots_split/Cu_700K_snap00064.extxyz,Cu,700,Cu__700,-0.0074411101233733,-0.0022825409317585406,0.00515856919161476,0.00515856919161476
/Users/yti0811/Desktop/FE_data/npj_CM01/NPJ_CM_Fig_Python/Public_Reproducibility_Package_V01/npjcm-free-energy-surrogate_Re3/Python_Codes/table/snapshots_split/Cu_700K_snap00065.extxyz,Cu,700,Cu__700,-0.0070062016167254,-0.002303864319239356,0.004702337297486044,0.004702337297486044
/Users/yti0811/Desktop/FE_data/npj_CM01/NPJ_CM_Fig_Python/Public_Reproducibility_Package_V01/npjcm-free-energy-surrogate_Re3/Python_Codes/table/snapshots_split/Cu_700K_snap00066.extxyz,Cu,700,Cu__700,-0.0069676156371143,-0.002300902368945114,0.004666713268169186,0.004666713268169186
/Users/yti0811/Desktop/FE_data/npj_CM01/NPJ_CM_Fig_Python/Public_Reproducibility_Package_V01/npjcm-free-energy-surrogate_Re3/Python_Codes/table/snapshots_split/Cu_700K_snap00067.extxyz,Cu,700,Cu__700,-0.007229107991314,-0.0022850315969854397,0.00494407639432856,0.00494407639432856
/Users/yti0811/Desktop/FE_data/npj_CM01/NPJ_CM_Fig_Python/Public_Reproducibility_Package_V01/npjcm-free-energy-surrogate_Re3/Python_Codes/table/snapshots_split/Cu_700K_snap00068.extxyz,Cu,700,Cu__700,-0.0064905418368537,-0.0023126407387991446,0.004177901098054555,0.004177901098054555
/Users/yti0811/Desktop/FE_data/npj_CM01/NPJ_CM_Fig_Python/Public_Reproducibility_Package_V01/npjcm-free-energy-surrogate_Re3/Python_Codes/table/snapshots_split/Cu_700K_snap00069.extxyz,Cu,700,Cu__700,-0.0075616330364314,-0.0022758268134348814,0.005285806222996519,0.005285806222996519
/Users/yti0811/Desktop/FE_data/npj_CM01/NPJ_CM_Fig_Python/Public_Reproducibility_Package_V01/npjcm-free-energy-surrogate_Re3/Python_Codes/table/snapshots_split/Cu_700K_snap00070.extxyz,Cu,700,Cu__700,-0.006858633506978,-0.0023039933075029266,0.004554640199475073,0.004554640199475073
/Users/yti0811/Desktop/FE_data/npj_CM01/NPJ_CM_Fig_Python/Public_Reproducibility_Package_V01/npjcm-free-energy-surrogate_Re3/Python_Codes/table/snapshots_split/Cu_700K_snap00071.extxyz,Cu,700,Cu__700,-0.007714940291015,-0.0022983188371885443,0.0054166214538264555,0.0054166214538264555
/Users/yti0811/Desktop/FE_data/npj_CM01/NPJ_CM_Fig_Python/Public_Reproducibility_Package_V01/npjcm-free-energy-surrogate_Re3/Python_Codes/table/snapshots_split/Cu_700K_snap00072.extxyz,Cu,700,Cu__700,-0.0073906881005874,-0.0022932517311096364,0.005097436369477763,0.005097436369477763
/Users/yti0811/Desktop/FE_data/npj_CM01/NPJ_CM_Fig_Python/Public_Reproducibility_Package_V01/npjcm-free-energy-surrogate_Re3/Python_Codes/table/snapshots_split/Cu_700K_snap00073.extxyz,Cu,700,Cu__700,-0.0075742180194862,-0.002290334023766567,0.005283883995719633,0.005283883995719633
/Users/yti0811/Desktop/FE_data/npj_CM01/NPJ_CM_Fig_Python/Public_Reproducibility_Package_V01/npjcm-free-energy-surrogate_Re3/Python_Codes/table/snapshots_split/Cu_700K_snap00074.extxyz,Cu,700,Cu__700,-0.0070689329490132,-0.002282050575211023,0.004786882373802177,0.004786882373802177
/Users/yti0811/Desktop/FE_data/npj_CM01/NPJ_CM_Fig_Python/Public_Reproducibility_Package_V01/npjcm-free-energy-surrogate_Re3/Python_Codes/table/snapshots_split/Cu_700K_snap00075.extxyz,Cu,700,Cu__700,-0.0076338285895516,-0.0022906481938039873,0.005343180395747613,0.005343180395747613
/Users/yti0811/Desktop/FE_data/npj_CM01/NPJ_CM_Fig_Python/Public_Reproducibility_Package_V01/npjcm-free-energy-surrogate_Re3/Python_Codes/table/snapshots_split/Cu_700K_snap00076.extxyz,Cu,700,Cu__700,-0.0078678716494751,-0.0022833873372975176,0.005584484312177583,0.005584484312177583
/Users/yti0811/Desktop/FE_data/npj_CM01/NPJ_CM_Fig_Python/Public_Reproducibility_Package_V01/npjcm-free-energy-surrogate_Re3/Python_Codes/table/snapshots_split/Cu_700K_snap00077.extxyz,Cu,700,Cu__700,-0.0068720955100378,-0.002304832264840914,0.004567263245196886,0.004567263245196886
/Users/yti0811/Desktop/FE_data/npj_CM01/NPJ_CM_Fig_Python/Public_Reproducibility_Package_V01/npjcm-free-energy-surrogate_Re3/Python_Codes/table/snapshots_split/Cu_700K_snap00078.extxyz,Cu,700,Cu__700,-0.0071399664248488,-0.002289438505531311,0.00485052791931749,0.00485052791931749
/Users/yti0811/Desktop/FE_data/npj_CM01/NPJ_CM_Fig_Python/Public_Reproducibility_Package_V01/npjcm-free-energy-surrogate_Re3/Python_Codes/table/snapshots_split/Cu_700K_snap00079.extxyz,Cu,700,Cu__700,-0.0067830318823014,-0.0023084926742564004,0.004474539208044999,0.004474539208044999
/Users/yti0811/Desktop/FE_data/npj_CM01/NPJ_CM_Fig_Python/Public_Reproducibility_Package_V01/npjcm-free-energy-surrogate_Re3/Python_Codes/table/snapshots_split/Cu_700K_snap00080.extxyz,Cu,700,Cu__700,-0.0072253553817931,-0.0022957221382987137,0.004929633243494386,0.004929633243494386
/Users/yti0811/Desktop/FE_data/npj_CM01/NPJ_CM_Fig_Python/Public_Reproducibility_Package_V01/npjcm-free-energy-surrogate_Re3/Python_Codes/table/snapshots_split/Cu_700K_snap00081.extxyz,Cu,700,Cu__700,-0.0071488257138086,-0.00230290315258116,0.00484592256122744,0.00484592256122744
/Users/yti0811/Desktop/FE_data/npj_CM01/NPJ_CM_Fig_Python/Public_Reproducibility_Package_V01/npjcm-free-energy-surrogate_Re3/Python_Codes/table/snapshots_split/Cu_700K_snap00082.extxyz,Cu,700,Cu__700,-0.0076900860431557,-0.0022962699558589502,0.00539381608729675,0.00539381608729675
/Users/yti0811/Desktop/FE_data/npj_CM01/NPJ_CM_Fig_Python/Public_Reproducibility_Package_V01/npjcm-free-energy-surrogate_Re3/Python_Codes/table/snapshots_split/Cu_700K_snap00083.extxyz,Cu,700,Cu__700,-0.0076225349775038,-0.002296051007224909,0.005326483970278892,0.005326483970278892
/Users/yti0811/Desktop/FE_data/npj_CM01/NPJ_CM_Fig_Python/Public_Reproducibility_Package_V01/npjcm-free-energy-surrogate_Re3/Python_Codes/table/snapshots_split/Cu_700K_snap00084.extxyz,Cu,700,Cu__700,-0.0072642264061755,-0.002272190508480405,0.004992035897695095,0.004992035897695095
/Users/yti0811/Desktop/FE_data/npj_CM01/NPJ_CM_Fig_Python/Public_Reproducibility_Package_V01/npjcm-free-energy-surrogate_Re3/Python_Codes/table/snapshots_split/Cu_700K_snap00085.extxyz,Cu,700,Cu__700,-0.0069428163308018,-0.002303622874406453,0.004639193456395347,0.004639193456395347
/Users/yti0811/Desktop/FE_data/npj_CM01/NPJ_CM_Fig_Python/Public_Reproducibility_Package_V01/npjcm-free-energy-surrogate_Re3/Python_Codes/table/snapshots_split/Cu_700K_snap00086.extxyz,Cu,700,Cu__700,-0.0070747646251214,-0.0022899509536948525,0.004784813671426547,0.004784813671426547
/Users/yti0811/Desktop/FE_data/npj_CM01/NPJ_CM_Fig_Python/Public_Reproducibility_Package_V01/npjcm-free-energy-surrogate_Re3/Python_Codes/table/snapshots_split/Cu_700K_snap00087.extxyz,Cu,700,Cu__700,-0.0068190679395836,-0.0022901388727175204,0.00452892906686608,0.00452892906686608
/Users/yti0811/Desktop/FE_data/npj_CM01/NPJ_CM_Fig_Python/Public_Reproducibility_Package_V01/npjcm-free-energy-surrogate_Re3/Python_Codes/table/snapshots_split/Cu_700K_snap00088.extxyz,Cu,700,Cu__700,-0.0076006075610821,-0.002286883333552107,0.005313724227529993,0.005313724227529993
/Users/yti0811/Desktop/FE_data/npj_CM01/NPJ_CM_Fig_Python/Public_Reproducibility_Package_V01/npjcm-free-energy-surrogate_Re3/Python_Codes/table/snapshots_split/Cu_700K_snap00089.extxyz,Cu,700,Cu__700,-0.0067584818124901,-0.0022852956921769496,0.004473186120313151,0.004473186120313151
/Users/yti0811/Desktop/FE_data/npj_CM01/NPJ_CM_Fig_Python/Public_Reproducibility_Package_V01/npjcm-free-energy-surrogate_Re3/Python_Codes/table/snapshots_split/Cu_700K_snap00090.extxyz,Cu,700,Cu__700,-0.0069943246862627,-0.002300268019429566,0.004694056666833134,0.004694056666833134
/Users/yti0811/Desktop/FE_data/npj_CM01/NPJ_CM_Fig_Python/Public_Reproducibility_Package_V01/npjcm-free-energy-surrogate_Re3/Python_Codes/table/snapshots_split/Cu_700K_snap00091.extxyz,Cu,700,Cu__700,-0.0073636148835596,-0.002300862376378063,0.005062752507181537,0.005062752507181537
/Users/yti0811/Desktop/FE_data/npj_CM01/NPJ_CM_Fig_Python/Public_Reproducibility_Package_V01/npjcm-free-energy-surrogate_Re3/Python_Codes/table/snapshots_split/Cu_700K_snap00092.extxyz,Cu,700,Cu__700,-0.0075457933259788,-0.0022915515934567358,0.005254241732522064,0.005254241732522064
/Users/yti0811/Desktop/FE_data/npj_CM01/NPJ_CM_Fig_Python/Public_Reproducibility_Package_V01/npjcm-free-energy-surrogate_Re3/Python_Codes/table/snapshots_split/Cu_700K_snap00093.extxyz,Cu,700,Cu__700,-0.0073521678704746,-0.0022958994998711533,0.005056268370603446,0.005056268370603446
/Users/yti0811/Desktop/FE_data/npj_CM01/NPJ_CM_Fig_Python/Public_Reproducibility_Package_V01/npjcm-free-energy-surrogate_Re3/Python_Codes/table/snapshots_split/Cu_700K_snap00094.extxyz,Cu,700,Cu__700,-0.0075165343367207,-0.002292139777954969,0.005224394558765731,0.005224394558765731
/Users/yti0811/Desktop/FE_data/npj_CM01/NPJ_CM_Fig_Python/Public_Reproducibility_Package_V01/npjcm-free-energy-surrogate_Re3/Python_Codes/table/snapshots_split/Cu_700K_snap00095.extxyz,Cu,700,Cu__700,-0.0071526122486671,-0.002286028603114819,0.004866583645552281,0.004866583645552281
/Users/yti0811/Desktop/FE_data/npj_CM01/NPJ_CM_Fig_Python/Public_Reproducibility_Package_V01/npjcm-free-energy-surrogate_Re3/Python_Codes/table/snapshots_split/Cu_700K_snap00096.extxyz,Cu,700,Cu__700,-0.006851257414133,-0.002298890567661565,0.004552366846471435,0.004552366846471435
/Users/yti0811/Desktop/FE_data/npj_CM01/NPJ_CM_Fig_Python/Public_Reproducibility_Package_V01/npjcm-free-energy-surrogate_Re3/Python_Codes/table/snapshots_split/Cu_700K_snap00097.extxyz,Cu,700,Cu__700,-0.0075772884384448,-0.002296788150120604,0.005280500288324197,0.005280500288324197
/Users/yti0811/Desktop/FE_data/npj_CM01/NPJ_CM_Fig_Python/Public_Reproducibility_Package_V01/npjcm-free-energy-surrogate_Re3/Python_Codes/table/snapshots_split/Cu_700K_snap00098.extxyz,Cu,700,Cu__700,-0.0076589562813873,-0.002288927691729499,0.0053700285896578015,0.0053700285896578015
/Users/yti0811/Desktop/FE_data/npj_CM01/NPJ_CM_Fig_Python/Public_Reproducibility_Package_V01/npjcm-free-energy-surrogate_Re3/Python_Codes/table/snapshots_split/Cu_700K_snap00099.extxyz,Cu,700,Cu__700,-0.0072247072146252,-0.0022798409179562926,0.004944866296668907,0.004944866296668907
