snapshot_path,system,temperature,group,target,prediction,error,abs_error
/Users/yti0811/Desktop/FE_data/npj_CM01/NPJ_CM_Fig_Python/Public_Reproducibility_Package_V01/npjcm-free-energy-surrogate_Re3/Python_Codes/table/snapshots_split/Cu_300K_snap00000.extxyz,Cu,300,Cu__300,-0.0001125072225183,-0.001074918984315892,-0.0009624117617975921,0.0009624117617975921
/Users/yti0811/Desktop/FE_data/npj_CM01/NPJ_CM_Fig_Python/Public_Reproducibility_Package_V01/npjcm-free-energy-surrogate_Re3/Python_Codes/table/snapshots_split/Cu_300K_snap00001.extxyz,Cu,300,Cu__300,0.0002469086613565,-0.0010752251957336456,-0.0013221338570901457,0.0013221338570901457
/Users/yti0811/Desktop/FE_data/npj_CM01/NPJ_CM_Fig_Python/Public_Reproducibility_Package_V01/npjcm-free-energy-surrogate_Re3/Python_Codes/table/snapshots_split/Cu_300K_snap00002.extxyz,Cu,300,Cu__300,0.0002128000199426,-0.0010745973241958566,-0.0012873973441384567,0.0012873973441384567
/Users/yti0811/Desktop/FE_data/npj_CM01/NPJ_CM_Fig_Python/Public_Reproducibility_Package_V01/npjcm-free-energy-surrogate_Re3/Python_Codes/table/snapshots_split/Cu_300K_snap00003.extxyz,Cu,300,Cu__300,-0.0003423516582103,-0.0010714015528948235,-0.0007290498946845236,0.0007290498946845236
/Users/yti0811/Desktop/FE_data/npj_CM01/NPJ_CM_Fig_Python/Public_Reproducibility_Package_V01/npjcm-free-energy-surrogate_Re3/Python_Codes/table/snapshots_split/Cu_300K_snap00004.extxyz,Cu,300,Cu__300,-0.0001083647587254,-0.0010698873351804024,-0.0009615225764550024,0.0009615225764550024
/Users/yti0811/Desktop/FE_data/npj_CM01/NPJ_CM_Fig_Python/Public_Reproducibility_Package_V01/npjcm-free-energy-surrogate_Re3/Python_Codes/table/snapshots_split/Cu_300K_snap00005.extxyz,Cu,300,Cu__300,-0.0001380681767288,-0.0010765790047527778,-0.0009385108280239779,0.0009385108280239779
/Users/yti0811/Desktop/FE_data/npj_CM01/NPJ_CM_Fig_Python/Public_Reproducibility_Package_V01/npjcm-free-energy-surrogate_Re3/Python_Codes/table/snapshots_split/Cu_300K_snap00006.extxyz,Cu,300,Cu__300,-0.0001441316835454,-0.0010744821445320657,-0.0009303504609866657,0.0009303504609866657
/Users/yti0811/Desktop/FE_data/npj_CM01/NPJ_CM_Fig_Python/Public_Reproducibility_Package_V01/npjcm-free-energy-surrogate_Re3/Python_Codes/table/snapshots_split/Cu_300K_snap00007.extxyz,Cu,300,Cu__300,-2.4834390695018265e-05,-0.0010712796853339112,-0.001046445294638893,0.001046445294638893
/Users/yti0811/Desktop/FE_data/npj_CM01/NPJ_CM_Fig_Python/Public_Reproducibility_Package_V01/npjcm-free-energy-surrogate_Re3/Python_Codes/table/snapshots_split/Cu_300K_snap00008.extxyz,Cu,300,Cu__300,-0.000238180985486,-0.0010702980975594019,-0.0008321171120734018,0.0008321171120734018
/Users/yti0811/Desktop/FE_data/npj_CM01/NPJ_CM_Fig_Python/Public_Reproducibility_Package_V01/npjcm-free-energy-surrogate_Re3/Python_Codes/table/snapshots_split/Cu_300K_snap00009.extxyz,Cu,300,Cu__300,-8.019598707466215e-05,-0.0010761340875566914,-0.0009959381004820292,0.0009959381004820292
/Users/yti0811/Desktop/FE_data/npj_CM01/NPJ_CM_Fig_Python/Public_Reproducibility_Package_V01/npjcm-free-energy-surrogate_Re3/Python_Codes/table/snapshots_split/Cu_300K_snap00010.extxyz,Cu,300,Cu__300,-0.0001265023137459,-0.0010702605667113005,-0.0009437582529654004,0.0009437582529654004
/Users/yti0811/Desktop/FE_data/npj_CM01/NPJ_CM_Fig_Python/Public_Reproducibility_Package_V01/npjcm-free-energy-surrogate_Re3/Python_Codes/table/snapshots_split/Cu_300K_snap00011.extxyz,Cu,300,Cu__300,1.827875808489808e-05,-0.0010764086837004795,-0.0010946874417853776,0.0010946874417853776
/Users/yti0811/Desktop/FE_data/npj_CM01/NPJ_CM_Fig_Python/Public_Reproducibility_Package_V01/npjcm-free-energy-surrogate_Re3/Python_Codes/table/snapshots_split/Cu_300K_snap00012.extxyz,Cu,300,Cu__300,0.0001495680217717,-0.0010752490875653997,-0.0012248171093370997,0.0012248171093370997
/Users/yti0811/Desktop/FE_data/npj_CM01/NPJ_CM_Fig_Python/Public_Reproducibility_Package_V01/npjcm-free-energy-surrogate_Re3/Python_Codes/table/snapshots_split/Cu_300K_snap00013.extxyz,Cu,300,Cu__300,-4.285004580274644e-05,-0.0010730186999189308,-0.0010301686541161843,0.0010301686541161843
/Users/yti0811/Desktop/FE_data/npj_CM01/NPJ_CM_Fig_Python/Public_Reproducibility_Package_V01/npjcm-free-energy-surrogate_Re3/Python_Codes/table/snapshots_split/Cu_300K_snap00014.extxyz,Cu,300,Cu__300,7.135879129192945e-05,-0.00107319249666079,-0.0011445512879527193,0.0011445512879527193
/Users/yti0811/Desktop/FE_data/npj_CM01/NPJ_CM_Fig_Python/Public_Reproducibility_Package_V01/npjcm-free-energy-surrogate_Re3/Python_Codes/table/snapshots_split/Cu_300K_snap00015.extxyz,Cu,300,Cu__300,-0.0001736835099469,-0.0010720243516003734,-0.0008983408416534733,0.0008983408416534733
/Users/yti0811/Desktop/FE_data/npj_CM01/NPJ_CM_Fig_Python/Public_Reproducibility_Package_V01/npjcm-free-energy-surrogate_Re3/Python_Codes/table/snapshots_split/Cu_300K_snap00016.extxyz,Cu,300,Cu__300,-2.261496888823657e-05,-0.001075289504017698,-0.0010526745351294613,0.0010526745351294613
/Users/yti0811/Desktop/FE_data/npj_CM01/NPJ_CM_Fig_Python/Public_Reproducibility_Package_V01/npjcm-free-energy-surrogate_Re3/Python_Codes/table/snapshots_split/Cu_300K_snap00017.extxyz,Cu,300,Cu__300,-0.0002025064190055,-0.0010738095937390638,-0.0008713031747335638,0.0008713031747335638
/Users/yti0811/Desktop/FE_data/npj_CM01/NPJ_CM_Fig_Python/Public_Reproducibility_Package_V01/npjcm-free-energy-surrogate_Re3/Python_Codes/table/snapshots_split/Cu_300K_snap00018.extxyz,Cu,300,Cu__300,2.894488743341845e-06,-0.0010702222394562632,-0.001073116728199605,0.001073116728199605
/Users/yti0811/Desktop/FE_data/npj_CM01/NPJ_CM_Fig_Python/Public_Reproducibility_Package_V01/npjcm-free-energy-surrogate_Re3/Python_Codes/table/snapshots_split/Cu_300K_snap00019.extxyz,Cu,300,Cu__300,0.0001264141321812,-0.001073199373184684,-0.001199613505365884,0.001199613505365884
/Users/yti0811/Desktop/FE_data/npj_CM01/NPJ_CM_Fig_Python/Public_Reproducibility_Package_V01/npjcm-free-energy-surrogate_Re3/Python_Codes/table/snapshots_split/Cu_300K_snap00020.extxyz,Cu,300,Cu__300,6.007858174726765e-05,-0.0010760427448791685,-0.001136121326626436,0.001136121326626436
/Users/yti0811/Desktop/FE_data/npj_CM01/NPJ_CM_Fig_Python/Public_Reproducibility_Package_V01/npjcm-free-energy-surrogate_Re3/Python_Codes/table/snapshots_split/Cu_300K_snap00021.extxyz,Cu,300,Cu__300,-0.0001051507149045,-0.0010751091401268126,-0.0009699584252223126,0.0009699584252223126
/Users/yti0811/Desktop/FE_data/npj_CM01/NPJ_CM_Fig_Python/Public_Reproducibility_Package_V01/npjcm-free-energy-surrogate_Re3/Python_Codes/table/snapshots_split/Cu_300K_snap00022.extxyz,Cu,300,Cu__300,-0.0001430318746712,-0.0010761202461848811,-0.0009330883715136811,0.0009330883715136811
/Users/yti0811/Desktop/FE_data/npj_CM01/NPJ_CM_Fig_Python/Public_Reproducibility_Package_V01/npjcm-free-energy-surrogate_Re3/Python_Codes/table/snapshots_split/Cu_300K_snap00023.extxyz,Cu,300,Cu__300,-0.0001043699571452,-0.0010729829455022972,-0.0009686129883570972,0.0009686129883570972
/Users/yti0811/Desktop/FE_data/npj_CM01/NPJ_CM_Fig_Python/Public_Reproducibility_Package_V01/npjcm-free-energy-surrogate_Re3/Python_Codes/table/snapshots_split/Cu_300K_snap00024.extxyz,Cu,300,Cu__300,-0.0003433189154383,-0.0010713439266635226,-0.0007280250112252226,0.0007280250112252226
/Users/yti0811/Desktop/FE_data/npj_CM01/NPJ_CM_Fig_Python/Public_Reproducibility_Package_V01/npjcm-free-energy-surrogate_Re3/Python_Codes/table/snapshots_split/Cu_300K_snap00025.extxyz,Cu,300,Cu__300,4.793291855963276e-05,-0.0010748817329532265,-0.0011228146515128593,0.0011228146515128593
/Users/yti0811/Desktop/FE_data/npj_CM01/NPJ_CM_Fig_Python/Public_Reproducibility_Package_V01/npjcm-free-energy-surrogate_Re3/Python_Codes/table/snapshots_split/Cu_300K_snap00026.extxyz,Cu,300,Cu__300,4.456490136427292e-05,-0.0010723138145498088,-0.0011168787159140817,0.0011168787159140817
/Users/yti0811/Desktop/FE_data/npj_CM01/NPJ_CM_Fig_Python/Public_Reproducibility_Package_V01/npjcm-free-energy-surrogate_Re3/Python_Codes/table/snapshots_split/Cu_300K_snap00027.extxyz,Cu,300,Cu__300,8.83919920501129e-06,-0.001072431240611524,-0.0010812704398165352,0.0010812704398165352
/Users/yti0811/Desktop/FE_data/npj_CM01/NPJ_CM_Fig_Python/Public_Reproducibility_Package_V01/npjcm-free-energy-surrogate_Re3/Python_Codes/table/snapshots_split/Cu_300K_snap00028.extxyz,Cu,300,Cu__300,-0.0001376801380676,-0.001074628961920844,-0.000936948823853244,0.000936948823853244
/Users/yti0811/Desktop/FE_data/npj_CM01/NPJ_CM_Fig_Python/Public_Reproducibility_Package_V01/npjcm-free-energy-surrogate_Re3/Python_Codes/table/snapshots_split/Cu_300K_snap00029.extxyz,Cu,300,Cu__300,0.0001175157849013,-0.0010769323635586373,-0.0011944481484599373,0.0011944481484599373
/Users/yti0811/Desktop/FE_data/npj_CM01/NPJ_CM_Fig_Python/Public_Reproducibility_Package_V01/npjcm-free-energy-surrogate_Re3/Python_Codes/table/snapshots_split/Cu_300K_snap00030.extxyz,Cu,300,Cu__300,3.2629641190760604e-05,-0.0010737496082873876,-0.0011063792494781482,0.0011063792494781482
/Users/yti0811/Desktop/FE_data/npj_CM01/NPJ_CM_Fig_Python/Public_Reproducibility_Package_V01/npjcm-free-energy-surrogate_Re3/Python_Codes/table/snapshots_split/Cu_300K_snap00031.extxyz,Cu,300,Cu__300,0.0001166750353811,-0.0010779057128749781,-0.0011945807482560782,0.0011945807482560782
/Users/yti0811/Desktop/FE_data/npj_CM01/NPJ_CM_Fig_Python/Public_Reproducibility_Package_V01/npjcm-free-energy-surrogate_Re3/Python_Codes/table/snapshots_split/Cu_300K_snap00032.extxyz,Cu,300,Cu__300,0.0001233963545921,-0.0010720213144513682,-0.0011954176690434682,0.0011954176690434682
/Users/yti0811/Desktop/FE_data/npj_CM01/NPJ_CM_Fig_Python/Public_Reproducibility_Package_V01/npjcm-free-energy-surrogate_Re3/Python_Codes/table/snapshots_split/Cu_300K_snap00033.extxyz,Cu,300,Cu__300,-6.804807495620792e-05,-0.0010745142562527436,-0.0010064661812965356,0.0010064661812965356
/Users/yti0811/Desktop/FE_data/npj_CM01/NPJ_CM_Fig_Python/Public_Reproducibility_Package_V01/npjcm-free-energy-surrogate_Re3/Python_Codes/table/snapshots_split/Cu_300K_snap00034.extxyz,Cu,300,Cu__300,-2.171091484283351e-05,-0.0010757619823023236,-0.0010540510674594901,0.0010540510674594901
/Users/yti0811/Desktop/FE_data/npj_CM01/NPJ_CM_Fig_Python/Public_Reproducibility_Package_V01/npjcm-free-energy-surrogate_Re3/Python_Codes/table/snapshots_split/Cu_300K_snap00035.extxyz,Cu,300,Cu__300,-7.812467143787528e-05,-0.0010739756141770627,-0.0009958509427391874,0.0009958509427391874
/Users/yti0811/Desktop/FE_data/npj_CM01/NPJ_CM_Fig_Python/Public_Reproducibility_Package_V01/npjcm-free-energy-surrogate_Re3/Python_Codes/table/snapshots_split/Cu_300K_snap00036.extxyz,Cu,300,Cu__300,-1.8399518180295552e-06,-0.0010747618864553128,-0.0010729219346372833,0.0010729219346372833
/Users/yti0811/Desktop/FE_data/npj_CM01/NPJ_CM_Fig_Python/Public_Reproducibility_Package_V01/npjcm-free-energy-surrogate_Re3/Python_Codes/table/snapshots_split/Cu_300K_snap00037.extxyz,Cu,300,Cu__300,7.006846434708222e-05,-0.0010785074890223558,-0.001148575953369438,0.001148575953369438
/Users/yti0811/Desktop/FE_data/npj_CM01/NPJ_CM_Fig_Python/Public_Reproducibility_Package_V01/npjcm-free-energy-surrogate_Re3/Python_Codes/table/snapshots_split/Cu_300K_snap00038.extxyz,Cu,300,Cu__300,-4.205982719530822e-05,-0.0010770487469024476,-0.0010349889197071394,0.0010349889197071394
/Users/yti0811/Desktop/FE_data/npj_CM01/NPJ_CM_Fig_Python/Public_Reproducibility_Package_V01/npjcm-free-energy-surrogate_Re3/Python_Codes/table/snapshots_split/Cu_300K_snap00039.extxyz,Cu,300,Cu__300,-0.0001230968265497,-0.0010728657535087642,-0.0009497689269590641,0.0009497689269590641
/Users/yti0811/Desktop/FE_data/npj_CM01/NPJ_CM_Fig_Python/Public_Reproducibility_Package_V01/npjcm-free-energy-surrogate_Re3/Python_Codes/table/snapshots_split/Cu_300K_snap00040.extxyz,Cu,300,Cu__300,-7.33419055888475e-06,-0.0010733197949087411,-0.0010659856043498564,0.0010659856043498564
/Users/yti0811/Desktop/FE_data/npj_CM01/NPJ_CM_Fig_Python/Public_Reproducibility_Package_V01/npjcm-free-energy-surrogate_Re3/Python_Codes/table/snapshots_split/Cu_300K_snap00041.extxyz,Cu,300,Cu__300,2.69367087137745e-05,-0.0010794910501991724,-0.001106427758912947,0.001106427758912947
/Users/yti0811/Desktop/FE_data/npj_CM01/NPJ_CM_Fig_Python/Public_Reproducibility_Package_V01/npjcm-free-energy-surrogate_Re3/Python_Codes/table/snapshots_split/Cu_300K_snap00042.extxyz,Cu,300,Cu__300,-7.934730024152253e-06,-0.0010728130984662713,-0.001064878368442119,0.001064878368442119
/Users/yti0811/Desktop/FE_data/npj_CM01/NPJ_CM_Fig_Python/Public_Reproducibility_Package_V01/npjcm-free-energy-surrogate_Re3/Python_Codes/table/snapshots_split/Cu_300K_snap00043.extxyz,Cu,300,Cu__300,3.492667422254457e-05,-0.0010745244227633153,-0.00110945109698586,0.00110945109698586
/Users/yti0811/Desktop/FE_data/npj_CM01/NPJ_CM_Fig_Python/Public_Reproducibility_Package_V01/npjcm-free-energy-surrogate_Re3/Python_Codes/table/snapshots_split/Cu_300K_snap00044.extxyz,Cu,300,Cu__300,-0.0002136314523063,-0.0010730251185659654,-0.0008593936662596655,0.0008593936662596655
/Users/yti0811/Desktop/FE_data/npj_CM01/NPJ_CM_Fig_Python/Public_Reproducibility_Package_V01/npjcm-free-energy-surrogate_Re3/Python_Codes/table/snapshots_split/Cu_300K_snap00045.extxyz,Cu,300,Cu__300,0.0003030698594383,-0.001073047559719962,-0.001376117419158262,0.001376117419158262
/Users/yti0811/Desktop/FE_data/npj_CM01/NPJ_CM_Fig_Python/Public_Reproducibility_Package_V01/npjcm-free-energy-surrogate_Re3/Python_Codes/table/snapshots_split/Cu_300K_snap00046.extxyz,Cu,300,Cu__300,1.394824209198618e-05,-0.0010753138638971464,-0.0010892621059891325,0.0010892621059891325
/Users/yti0811/Desktop/FE_data/npj_CM01/NPJ_CM_Fig_Python/Public_Reproducibility_Package_V01/npjcm-free-energy-surrogate_Re3/Python_Codes/table/snapshots_split/Cu_300K_snap00047.extxyz,Cu,300,Cu__300,-0.0001316903035458,-0.0010738528689538177,-0.0009421625654080177,0.0009421625654080177
/Users/yti0811/Desktop/FE_data/npj_CM01/NPJ_CM_Fig_Python/Public_Reproducibility_Package_V01/npjcm-free-energy-surrogate_Re3/Python_Codes/table/snapshots_split/Cu_300K_snap00048.extxyz,Cu,300,Cu__300,4.1243319825895305e-06,-0.0010745993015153798,-0.0010787236334979693,0.0010787236334979693
/Users/yti0811/Desktop/FE_data/npj_CM01/NPJ_CM_Fig_Python/Public_Reproducibility_Package_V01/npjcm-free-energy-surrogate_Re3/Python_Codes/table/snapshots_split/Cu_300K_snap00049.extxyz,Cu,300,Cu__300,0.0001310896445429,-0.0010738147151674352,-0.0012049043597103352,0.0012049043597103352
/Users/yti0811/Desktop/FE_data/npj_CM01/NPJ_CM_Fig_Python/Public_Reproducibility_Package_V01/npjcm-free-energy-surrogate_Re3/Python_Codes/table/snapshots_split/Cu_300K_snap00050.extxyz,Cu,300,Cu__300,-0.00021461292713,-0.0010747961670788543,-0.0008601832399488542,0.0008601832399488542
/Users/yti0811/Desktop/FE_data/npj_CM01/NPJ_CM_Fig_Python/Public_Reproducibility_Package_V01/npjcm-free-energy-surrogate_Re3/Python_Codes/table/snapshots_split/Cu_300K_snap00051.extxyz,Cu,300,Cu__300,-4.2307867480623365e-06,-0.001075655903083291,-0.0010714251163352288,0.0010714251163352288
/Users/yti0811/Desktop/FE_data/npj_CM01/NPJ_CM_Fig_Python/Public_Reproducibility_Package_V01/npjcm-free-energy-surrogate_Re3/Python_Codes/table/snapshots_split/Cu_300K_snap00052.extxyz,Cu,300,Cu__300,-0.0002739080936277,-0.001071768472093117,-0.000797860378465417,0.000797860378465417
/Users/yti0811/Desktop/FE_data/npj_CM01/NPJ_CM_Fig_Python/Public_Reproducibility_Package_V01/npjcm-free-energy-surrogate_Re3/Python_Codes/table/snapshots_split/Cu_300K_snap00053.extxyz,Cu,300,Cu__300,-6.254624617697715e-05,-0.0010782109014433221,-0.001015664655266345,0.001015664655266345
/Users/yti0811/Desktop/FE_data/npj_CM01/NPJ_CM_Fig_Python/Public_Reproducibility_Package_V01/npjcm-free-energy-surrogate_Re3/Python_Codes/table/snapshots_split/Cu_300K_snap00054.extxyz,Cu,300,Cu__300,-5.6115123155743864e-05,-0.0010766774832473081,-0.0010205623600915642,0.0010205623600915642
/Users/yti0811/Desktop/FE_data/npj_CM01/NPJ_CM_Fig_Python/Public_Reproducibility_Package_V01/npjcm-free-energy-surrogate_Re3/Python_Codes/table/snapshots_split/Cu_300K_snap00055.extxyz,Cu,300,Cu__300,-5.77716217860086e-05,-0.0010749495659628308,-0.0010171779441768222,0.0010171779441768222
/Users/yti0811/Desktop/FE_data/npj_CM01/NPJ_CM_Fig_Python/Public_Reproducibility_Package_V01/npjcm-free-energy-surrogate_Re3/Python_Codes/table/snapshots_split/Cu_300K_snap00056.extxyz,Cu,300,Cu__300,-8.443066127440558e-05,-0.0010720734765050823,-0.0009876428152306767,0.0009876428152306767
/Users/yti0811/Desktop/FE_data/npj_CM01/NPJ_CM_Fig_Python/Public_Reproducibility_Package_V01/npjcm-free-energy-surrogate_Re3/Python_Codes/table/snapshots_split/Cu_300K_snap00057.extxyz,Cu,300,Cu__300,0.0001061966500799,-0.001074374424236204,-0.001180571074316104,0.001180571074316104
/Users/yti0811/Desktop/FE_data/npj_CM01/NPJ_CM_Fig_Python/Public_Reproducibility_Package_V01/npjcm-free-energy-surrogate_Re3/Python_Codes/table/snapshots_split/Cu_300K_snap00058.extxyz,Cu,300,Cu__300,-0.000281622611823,-0.0010763018327809854,-0.0007946792209579854,0.0007946792209579854
/Users/yti0811/Desktop/FE_data/npj_CM01/NPJ_CM_Fig_Python/Public_Reproducibility_Package_V01/npjcm-free-energy-surrogate_Re3/Python_Codes/table/snapshots_split/Cu_300K_snap00059.extxyz,Cu,300,Cu__300,0.0001211885040572,-0.0010806406659721551,-0.0012018291700293551,0.0012018291700293551
/Users/yti0811/Desktop/FE_data/npj_CM01/NPJ_CM_Fig_Python/Public_Reproducibility_Package_V01/npjcm-free-energy-surrogate_Re3/Python_Codes/table/snapshots_split/Cu_300K_snap00060.extxyz,Cu,300,Cu__300,9.663724984760146e-05,-0.0010794124583909856,-0.0011760497082385871,0.0011760497082385871
/Users/yti0811/Desktop/FE_data/npj_CM01/NPJ_CM_Fig_Python/Public_Reproducibility_Package_V01/npjcm-free-energy-surrogate_Re3/Python_Codes/table/snapshots_split/Cu_300K_snap00061.extxyz,Cu,300,Cu__300,-0.0001076420654344,-0.0010729595187994412,-0.0009653174533650412,0.0009653174533650412
/Users/yti0811/Desktop/FE_data/npj_CM01/NPJ_CM_Fig_Python/Public_Reproducibility_Package_V01/npjcm-free-energy-surrogate_Re3/Python_Codes/table/snapshots_split/Cu_300K_snap00062.extxyz,Cu,300,Cu__300,-2.710308841371039e-06,-0.0010739100817726659,-0.0010711997729312948,0.0010711997729312948
/Users/yti0811/Desktop/FE_data/npj_CM01/NPJ_CM_Fig_Python/Public_Reproducibility_Package_V01/npjcm-free-energy-surrogate_Re3/Python_Codes/table/snapshots_split/Cu_300K_snap00063.extxyz,Cu,300,Cu__300,7.061039395449387e-05,-0.0010772174402066377,-0.0011478278341611316,0.0011478278341611316
/Users/yti0811/Desktop/FE_data/npj_CM01/NPJ_CM_Fig_Python/Public_Reproducibility_Package_V01/npjcm-free-energy-surrogate_Re3/Python_Codes/table/snapshots_split/Cu_300K_snap00064.extxyz,Cu,300,Cu__300,1.4543819154320658e-05,-0.0010755670503671212,-0.0010901108695214419,0.0010901108695214419
/Users/yti0811/Desktop/FE_data/npj_CM01/NPJ_CM_Fig_Python/Public_Reproducibility_Package_V01/npjcm-free-energy-surrogate_Re3/Python_Codes/table/snapshots_split/Cu_300K_snap00065.extxyz,Cu,300,Cu__300,0.0002219039512833,-0.00107500473253742,-0.00129690868382072,0.00129690868382072
/Users/yti0811/Desktop/FE_data/npj_CM01/NPJ_CM_Fig_Python/Public_Reproducibility_Package_V01/npjcm-free-energy-surrogate_Re3/Python_Codes/table/snapshots_split/Cu_300K_snap00066.extxyz,Cu,300,Cu__300,1.5105463451168794e-05,-0.0010766382178024059,-0.0010917436812535747,0.0010917436812535747
/Users/yti0811/Desktop/FE_data/npj_CM01/NPJ_CM_Fig_Python/Public_Reproducibility_Package_V01/npjcm-free-energy-surrogate_Re3/Python_Codes/table/snapshots_split/Cu_300K_snap00067.extxyz,Cu,300,Cu__300,0.0001755975801027,-0.0010747230479617018,-0.0012503206280644018,0.0012503206280644018
/Users/yti0811/Desktop/FE_data/npj_CM01/NPJ_CM_Fig_Python/Public_Reproducibility_Package_V01/npjcm-free-energy-surrogate_Re3/Python_Codes/table/snapshots_split/Cu_300K_snap00068.extxyz,Cu,300,Cu__300,-2.927553555755082e-05,-0.001074911135566954,-0.0010456356000094031,0.0010456356000094031
/Users/yti0811/Desktop/FE_data/npj_CM01/NPJ_CM_Fig_Python/Public_Reproducibility_Package_V01/npjcm-free-energy-surrogate_Re3/Python_Codes/table/snapshots_split/Cu_300K_snap00069.extxyz,Cu,300,Cu__300,-0.00012521304789,-0.0010750027935065808,-0.0009497897456165808,0.0009497897456165808
/Users/yti0811/Desktop/FE_data/npj_CM01/NPJ_CM_Fig_Python/Public_Reproducibility_Package_V01/npjcm-free-energy-surrogate_Re3/Python_Codes/table/snapshots_split/Cu_300K_snap00070.extxyz,Cu,300,Cu__300,-6.844510906224456e-05,-0.0010751505213516034,-0.0010067054122893588,0.0010067054122893588
/Users/yti0811/Desktop/FE_data/npj_CM01/NPJ_CM_Fig_Python/Public_Reproducibility_Package_V01/npjcm-free-energy-surrogate_Re3/Python_Codes/table/snapshots_split/Cu_300K_snap00071.extxyz,Cu,300,Cu__300,-0.0002339743844487,-0.0010756641642656057,-0.0008416897798169058,0.0008416897798169058
/Users/yti0811/Desktop/FE_data/npj_CM01/NPJ_CM_Fig_Python/Public_Reproducibility_Package_V01/npjcm-free-energy-surrogate_Re3/Python_Codes/table/snapshots_split/Cu_300K_snap00072.extxyz,Cu,300,Cu__300,-0.0003530254535125,-0.0010760206729243309,-0.0007229952194118309,0.0007229952194118309
/Users/yti0811/Desktop/FE_data/npj_CM01/NPJ_CM_Fig_Python/Public_Reproducibility_Package_V01/npjcm-free-energy-surrogate_Re3/Python_Codes/table/snapshots_split/Cu_300K_snap00073.extxyz,Cu,300,Cu__300,2.9225685529863916e-05,-0.0010793970856586457,-0.0011086227711885096,0.0011086227711885096
/Users/yti0811/Desktop/FE_data/npj_CM01/NPJ_CM_Fig_Python/Public_Reproducibility_Package_V01/npjcm-free-energy-surrogate_Re3/Python_Codes/table/snapshots_split/Cu_300K_snap00074.extxyz,Cu,300,Cu__300,-6.461782898993811e-06,-0.0010759160148222464,-0.0010694542319232526,0.0010694542319232526
/Users/yti0811/Desktop/FE_data/npj_CM01/NPJ_CM_Fig_Python/Public_Reproducibility_Package_V01/npjcm-free-energy-surrogate_Re3/Python_Codes/table/snapshots_split/Cu_300K_snap00075.extxyz,Cu,300,Cu__300,0.0002472372943622,-0.0010805869620222927,-0.0013278242563844926,0.0013278242563844926
/Users/yti0811/Desktop/FE_data/npj_CM01/NPJ_CM_Fig_Python/Public_Reproducibility_Package_V01/npjcm-free-energy-surrogate_Re3/Python_Codes/table/snapshots_split/Cu_300K_snap00076.extxyz,Cu,300,Cu__300,4.817968579916397e-05,-0.0010815634921048421,-0.001129743177904006,0.001129743177904006
/Users/yti0811/Desktop/FE_data/npj_CM01/NPJ_CM_Fig_Python/Public_Reproducibility_Package_V01/npjcm-free-energy-surrogate_Re3/Python_Codes/table/snapshots_split/Cu_300K_snap00077.extxyz,Cu,300,Cu__300,0.0001214583302164,-0.001079169074413945,-0.0012006274046303452,0.0012006274046303452
/Users/yti0811/Desktop/FE_data/npj_CM01/NPJ_CM_Fig_Python/Public_Reproducibility_Package_V01/npjcm-free-energy-surrogate_Re3/Python_Codes/table/snapshots_split/Cu_300K_snap00078.extxyz,Cu,300,Cu__300,0.0001942066155224,-0.0010786044266678713,-0.0012728110421902712,0.0012728110421902712
/Users/yti0811/Desktop/FE_data/npj_CM01/NPJ_CM_Fig_Python/Public_Reproducibility_Package_V01/npjcm-free-energy-surrogate_Re3/Python_Codes/table/snapshots_split/Cu_300K_snap00079.extxyz,Cu,300,Cu__300,2.7314805713705687e-05,-0.0010765041867372472,-0.001103818992450953,0.001103818992450953
/Users/yti0811/Desktop/FE_data/npj_CM01/NPJ_CM_Fig_Python/Public_Reproducibility_Package_V01/npjcm-free-energy-surrogate_Re3/Python_Codes/table/snapshots_split/Cu_300K_snap00080.extxyz,Cu,300,Cu__300,-0.000209200222636,-0.0010741480704230407,-0.0008649478477870407,0.0008649478477870407
/Users/yti0811/Desktop/FE_data/npj_CM01/NPJ_CM_Fig_Python/Public_Reproducibility_Package_V01/npjcm-free-energy-surrogate_Re3/Python_Codes/table/snapshots_split/Cu_300K_snap00081.extxyz,Cu,300,Cu__300,0.0001581782702504,-0.0010808606349263367,-0.0012390389051767365,0.0012390389051767365
/Users/yti0811/Desktop/FE_data/npj_CM01/NPJ_CM_Fig_Python/Public_Reproducibility_Package_V01/npjcm-free-energy-surrogate_Re3/Python_Codes/table/snapshots_split/Cu_300K_snap00082.extxyz,Cu,300,Cu__300,0.0001117284593656,-0.0010752781245197116,-0.0011870065838853116,0.0011870065838853116
/Users/yti0811/Desktop/FE_data/npj_CM01/NPJ_CM_Fig_Python/Public_Reproducibility_Package_V01/npjcm-free-energy-surrogate_Re3/Python_Codes/table/snapshots_split/Cu_300K_snap00083.extxyz,Cu,300,Cu__300,-3.4960352709236266e-05,-0.001075529122502389,-0.0010405687697931528,0.0010405687697931528
/Users/yti0811/Desktop/FE_data/npj_CM01/NPJ_CM_Fig_Python/Public_Reproducibility_Package_V01/npjcm-free-energy-surrogate_Re3/Python_Codes/table/snapshots_split/Cu_300K_snap00084.extxyz,Cu,300,Cu__300,5.287408059649722e-05,-0.0010726250305344736,-0.0011254991111309708,0.0011254991111309708
/Users/yti0811/Desktop/FE_data/npj_CM01/NPJ_CM_Fig_Python/Public_Reproducibility_Package_V01/npjcm-free-energy-surrogate_Re3/Python_Codes/table/snapshots_split/Cu_300K_snap00085.extxyz,Cu,300,Cu__300,-0.0002085575574541,-0.0010713890792678348,-0.0008628315218137348,0.0008628315218137348
/Users/yti0811/Desktop/FE_data/npj_CM01/NPJ_CM_Fig_Python/Public_Reproducibility_Package_V01/npjcm-free-energy-surrogate_Re3/Python_Codes/table/snapshots_split/Cu_300K_snap00086.extxyz,Cu,300,Cu__300,1.1434745818648655e-05,-0.00107812594232743,-0.0010895606881460786,0.0010895606881460786
/Users/yti0811/Desktop/FE_data/npj_CM01/NPJ_CM_Fig_Python/Public_Reproducibility_Package_V01/npjcm-free-energy-surrogate_Re3/Python_Codes/table/snapshots_split/Cu_300K_snap00087.extxyz,Cu,300,Cu__300,-0.0001932439146118,-0.0010769815352647115,-0.0008837376206529116,0.0008837376206529116
/Users/yti0811/Desktop/FE_data/npj_CM01/NPJ_CM_Fig_Python/Public_Reproducibility_Package_V01/npjcm-free-energy-surrogate_Re3/Python_Codes/table/snapshots_split/Cu_300K_snap00088.extxyz,Cu,300,Cu__300,2.7031864084024455e-05,-0.0010772461543522805,-0.001104278018436305,0.001104278018436305
/Users/yti0811/Desktop/FE_data/npj_CM01/NPJ_CM_Fig_Python/Public_Reproducibility_Package_V01/npjcm-free-energy-surrogate_Re3/Python_Codes/table/snapshots_split/Cu_300K_snap00089.extxyz,Cu,300,Cu__300,-1.868388845195525e-05,-0.0010787993704072798,-0.0010601154819553245,0.0010601154819553245
/Users/yti0811/Desktop/FE_data/npj_CM01/NPJ_CM_Fig_Python/Public_Reproducibility_Package_V01/npjcm-free-energy-surrogate_Re3/Python_Codes/table/snapshots_split/Cu_300K_snap00090.extxyz,Cu,300,Cu__300,-0.0003017237389063,-0.0010749419431713546,-0.0007732182042650546,0.0007732182042650546
/Users/yti0811/Desktop/FE_data/npj_CM01/NPJ_CM_Fig_Python/Public_Reproducibility_Package_V01/npjcm-free-energy-surrogate_Re3/Python_Codes/table/snapshots_split/Cu_300K_snap00091.extxyz,Cu,300,Cu__300,0.0002215322186183,-0.0010768871725832364,-0.0012984193912015365,0.0012984193912015365
/Users/yti0811/Desktop/FE_data/npj_CM01/NPJ_CM_Fig_Python/Public_Reproducibility_Package_V01/npjcm-free-energy-surrogate_Re3/Python_Codes/table/snapshots_split/Cu_300K_snap00092.extxyz,Cu,300,Cu__300,-5.890745775617602e-05,-0.0010761827815688133,-0.0010172753238126373,0.0010172753238126373
/Users/yti0811/Desktop/FE_data/npj_CM01/NPJ_CM_Fig_Python/Public_Reproducibility_Package_V01/npjcm-free-energy-surrogate_Re3/Python_Codes/table/snapshots_split/Cu_300K_snap00093.extxyz,Cu,300,Cu__300,-0.0001929072752665,-0.0010739568863917122,-0.0008810496111252122,0.0008810496111252122
/Users/yti0811/Desktop/FE_data/npj_CM01/NPJ_CM_Fig_Python/Public_Reproducibility_Package_V01/npjcm-free-energy-surrogate_Re3/Python_Codes/table/snapshots_split/Cu_300K_snap00094.extxyz,Cu,300,Cu__300,0.0001337777137741,-0.001081478219431245,-0.001215255933205345,0.001215255933205345
/Users/yti0811/Desktop/FE_data/npj_CM01/NPJ_CM_Fig_Python/Public_Reproducibility_Package_V01/npjcm-free-energy-surrogate_Re3/Python_Codes/table/snapshots_split/Cu_300K_snap00095.extxyz,Cu,300,Cu__300,8.083608572110146e-05,-0.001072868449656642,-0.0011537045353777434,0.0011537045353777434
/Users/yti0811/Desktop/FE_data/npj_CM01/NPJ_CM_Fig_Python/Public_Reproducibility_Package_V01/npjcm-free-energy-surrogate_Re3/Python_Codes/table/snapshots_split/Cu_300K_snap00096.extxyz,Cu,300,Cu__300,-0.0001675264147421,-0.0010787509147450688,-0.0009112245000029688,0.0009112245000029688
/Users/yti0811/Desktop/FE_data/npj_CM01/NPJ_CM_Fig_Python/Public_Reproducibility_Package_V01/npjcm-free-energy-surrogate_Re3/Python_Codes/table/snapshots_split/Cu_300K_snap00097.extxyz,Cu,300,Cu__300,-0.0001385576597704,-0.0010726810183121177,-0.0009341233585417177,0.0009341233585417177
/Users/yti0811/Desktop/FE_data/npj_CM01/NPJ_CM_Fig_Python/Public_Reproducibility_Package_V01/npjcm-free-energy-surrogate_Re3/Python_Codes/table/snapshots_split/Cu_300K_snap00098.extxyz,Cu,300,Cu__300,-0.0001113216789559,-0.0010777465836265387,-0.0009664249046706387,0.0009664249046706387
/Users/yti0811/Desktop/FE_data/npj_CM01/NPJ_CM_Fig_Python/Public_Reproducibility_Package_V01/npjcm-free-energy-surrogate_Re3/Python_Codes/table/snapshots_split/Cu_300K_snap00099.extxyz,Cu,300,Cu__300,0.0002775443698026,-0.0010763954374685746,-0.0013539398072711746,0.0013539398072711746
/Users/yti0811/Desktop/FE_data/npj_CM01/NPJ_CM_Fig_Python/Public_Reproducibility_Package_V01/npjcm-free-energy-surrogate_Re3/Python_Codes/table/snapshots_split/Cu_400K_snap00000.extxyz,Cu,400,Cu__400,-0.0018815391135604,-0.0009212682896824224,0.0009602708238779776,0.0009602708238779776
/Users/yti0811/Desktop/FE_data/npj_CM01/NPJ_CM_Fig_Python/Public_Reproducibility_Package_V01/npjcm-free-energy-surrogate_Re3/Python_Codes/table/snapshots_split/Cu_400K_snap00001.extxyz,Cu,400,Cu__400,-0.0019390203779696,-0.0009158309721444478,0.001023189405825152,0.001023189405825152
/Users/yti0811/Desktop/FE_data/npj_CM01/NPJ_CM_Fig_Python/Public_Reproducibility_Package_V01/npjcm-free-energy-surrogate_Re3/Python_Codes/table/snapshots_split/Cu_400K_snap00002.extxyz,Cu,400,Cu__400,-0.0018311852899772,-0.0009234926688772231,0.0009076926210999769,0.0009076926210999769
/Users/yti0811/Desktop/FE_data/npj_CM01/NPJ_CM_Fig_Python/Public_Reproducibility_Package_V01/npjcm-free-energy-surrogate_Re3/Python_Codes/table/snapshots_split/Cu_400K_snap00003.extxyz,Cu,400,Cu__400,-0.0022678517355427,-0.000919245728808032,0.001348606006734668,0.001348606006734668
/Users/yti0811/Desktop/FE_data/npj_CM01/NPJ_CM_Fig_Python/Public_Reproducibility_Package_V01/npjcm-free-energy-surrogate_Re3/Python_Codes/table/snapshots_split/Cu_400K_snap00004.extxyz,Cu,400,Cu__400,-0.0020026771923067,-0.0009213951438858666,0.0010812820484208336,0.0010812820484208336
/Users/yti0811/Desktop/FE_data/npj_CM01/NPJ_CM_Fig_Python/Public_Reproducibility_Package_V01/npjcm-free-energy-surrogate_Re3/Python_Codes/table/snapshots_split/Cu_400K_snap00005.extxyz,Cu,400,Cu__400,-0.0022376079424515,-0.0009152013329844676,0.0013224066094670323,0.0013224066094670323
/Users/yti0811/Desktop/FE_data/npj_CM01/NPJ_CM_Fig_Python/Public_Reproducibility_Package_V01/npjcm-free-energy-surrogate_Re3/Python_Codes/table/snapshots_split/Cu_400K_snap00006.extxyz,Cu,400,Cu__400,-0.0020077207878275,-0.0009163524990263975,0.0010913682888011025,0.0010913682888011025
/Users/yti0811/Desktop/FE_data/npj_CM01/NPJ_CM_Fig_Python/Public_Reproducibility_Package_V01/npjcm-free-energy-surrogate_Re3/Python_Codes/table/snapshots_split/Cu_400K_snap00007.extxyz,Cu,400,Cu__400,-0.0019528601836888,-0.0009221341946164221,0.001030725989072378,0.001030725989072378
/Users/yti0811/Desktop/FE_data/npj_CM01/NPJ_CM_Fig_Python/Public_Reproducibility_Package_V01/npjcm-free-energy-surrogate_Re3/Python_Codes/table/snapshots_split/Cu_400K_snap00008.extxyz,Cu,400,Cu__400,-0.0017646909626725,-0.0009179021550415946,0.0008467888076309054,0.0008467888076309054
/Users/yti0811/Desktop/FE_data/npj_CM01/NPJ_CM_Fig_Python/Public_Reproducibility_Package_V01/npjcm-free-energy-surrogate_Re3/Python_Codes/table/snapshots_split/Cu_400K_snap00009.extxyz,Cu,400,Cu__400,-0.0020658085162441,-0.000919184533754934,0.0011466239824891662,0.0011466239824891662
/Users/yti0811/Desktop/FE_data/npj_CM01/NPJ_CM_Fig_Python/Public_Reproducibility_Package_V01/npjcm-free-energy-surrogate_Re3/Python_Codes/table/snapshots_split/Cu_400K_snap00010.extxyz,Cu,400,Cu__400,-0.0020241401318643,-0.0009209349534272856,0.0011032051784370146,0.0011032051784370146
/Users/yti0811/Desktop/FE_data/npj_CM01/NPJ_CM_Fig_Python/Public_Reproducibility_Package_V01/npjcm-free-energy-surrogate_Re3/Python_Codes/table/snapshots_split/Cu_400K_snap00011.extxyz,Cu,400,Cu__400,-0.0020220638562973,-0.0009148837491123127,0.0011071801071849876,0.0011071801071849876
/Users/yti0811/Desktop/FE_data/npj_CM01/NPJ_CM_Fig_Python/Public_Reproducibility_Package_V01/npjcm-free-energy-surrogate_Re3/Python_Codes/table/snapshots_split/Cu_400K_snap00012.extxyz,Cu,400,Cu__400,-0.001849307335906,-0.0009141483120347058,0.0009351590238712941,0.0009351590238712941
/Users/yti0811/Desktop/FE_data/npj_CM01/NPJ_CM_Fig_Python/Public_Reproducibility_Package_V01/npjcm-free-energy-surrogate_Re3/Python_Codes/table/snapshots_split/Cu_400K_snap00013.extxyz,Cu,400,Cu__400,-0.0019242840421584,-0.0009208401807948082,0.001003443861363592,0.001003443861363592
/Users/yti0811/Desktop/FE_data/npj_CM01/NPJ_CM_Fig_Python/Public_Reproducibility_Package_V01/npjcm-free-energy-surrogate_Re3/Python_Codes/table/snapshots_split/Cu_400K_snap00014.extxyz,Cu,400,Cu__400,-0.0024276883707114,-0.0009139182109825268,0.0015137701597288731,0.0015137701597288731
/Users/yti0811/Desktop/FE_data/npj_CM01/NPJ_CM_Fig_Python/Public_Reproducibility_Package_V01/npjcm-free-energy-surrogate_Re3/Python_Codes/table/snapshots_split/Cu_400K_snap00015.extxyz,Cu,400,Cu__400,-0.0019523847583551,-0.0009214162228873788,0.001030968535467721,0.001030968535467721
/Users/yti0811/Desktop/FE_data/npj_CM01/NPJ_CM_Fig_Python/Public_Reproducibility_Package_V01/npjcm-free-energy-surrogate_Re3/Python_Codes/table/snapshots_split/Cu_400K_snap00016.extxyz,Cu,400,Cu__400,-0.0016566878138575,-0.0009219788980303049,0.0007347089158271952,0.0007347089158271952
/Users/yti0811/Desktop/FE_data/npj_CM01/NPJ_CM_Fig_Python/Public_Reproducibility_Package_V01/npjcm-free-energy-surrogate_Re3/Python_Codes/table/snapshots_split/Cu_400K_snap00017.extxyz,Cu,400,Cu__400,-0.0019247539980833,-0.0009156533831630937,0.0010091006149202063,0.0010091006149202063
/Users/yti0811/Desktop/FE_data/npj_CM01/NPJ_CM_Fig_Python/Public_Reproducibility_Package_V01/npjcm-free-energy-surrogate_Re3/Python_Codes/table/snapshots_split/Cu_400K_snap00018.extxyz,Cu,400,Cu__400,-0.0021015325775741,-0.0009144165996114029,0.0011871159779626968,0.0011871159779626968
/Users/yti0811/Desktop/FE_data/npj_CM01/NPJ_CM_Fig_Python/Public_Reproducibility_Package_V01/npjcm-free-energy-surrogate_Re3/Python_Codes/table/snapshots_split/Cu_400K_snap00019.extxyz,Cu,400,Cu__400,-0.0023563846440763,-0.0009210030646645944,0.0014353815794117056,0.0014353815794117056
/Users/yti0811/Desktop/FE_data/npj_CM01/NPJ_CM_Fig_Python/Public_Reproducibility_Package_V01/npjcm-free-energy-surrogate_Re3/Python_Codes/table/snapshots_split/Cu_400K_snap00020.extxyz,Cu,400,Cu__400,-0.0018564365113315,-0.0009231214571906277,0.0009333150541408723,0.0009333150541408723
/Users/yti0811/Desktop/FE_data/npj_CM01/NPJ_CM_Fig_Python/Public_Reproducibility_Package_V01/npjcm-free-energy-surrogate_Re3/Python_Codes/table/snapshots_split/Cu_400K_snap00021.extxyz,Cu,400,Cu__400,-0.0018508778397112,-0.0009179962583758135,0.0009328815813353865,0.0009328815813353865
/Users/yti0811/Desktop/FE_data/npj_CM01/NPJ_CM_Fig_Python/Public_Reproducibility_Package_V01/npjcm-free-energy-surrogate_Re3/Python_Codes/table/snapshots_split/Cu_400K_snap00022.extxyz,Cu,400,Cu__400,-0.0022334071097387,-0.0009182219393411843,0.001315185170397516,0.001315185170397516
/Users/yti0811/Desktop/FE_data/npj_CM01/NPJ_CM_Fig_Python/Public_Reproducibility_Package_V01/npjcm-free-energy-surrogate_Re3/Python_Codes/table/snapshots_split/Cu_400K_snap00023.extxyz,Cu,400,Cu__400,-0.0021253251424666,-0.0009118132725816706,0.0012135118698849295,0.0012135118698849295
/Users/yti0811/Desktop/FE_data/npj_CM01/NPJ_CM_Fig_Python/Public_Reproducibility_Package_V01/npjcm-free-energy-surrogate_Re3/Python_Codes/table/snapshots_split/Cu_400K_snap00024.extxyz,Cu,400,Cu__400,-0.0021906440391305,-0.0009141403979146498,0.00127650364121585,0.00127650364121585
/Users/yti0811/Desktop/FE_data/npj_CM01/NPJ_CM_Fig_Python/Public_Reproducibility_Package_V01/npjcm-free-energy-surrogate_Re3/Python_Codes/table/snapshots_split/Cu_400K_snap00025.extxyz,Cu,400,Cu__400,-0.0022509695214702,-0.0009189354006102144,0.0013320341208599858,0.0013320341208599858
/Users/yti0811/Desktop/FE_data/npj_CM01/NPJ_CM_Fig_Python/Public_Reproducibility_Package_V01/npjcm-free-energy-surrogate_Re3/Python_Codes/table/snapshots_split/Cu_400K_snap00026.extxyz,Cu,400,Cu__400,-0.0021330865224124,-0.000916972285061798,0.001216114237350602,0.001216114237350602
/Users/yti0811/Desktop/FE_data/npj_CM01/NPJ_CM_Fig_Python/Public_Reproducibility_Package_V01/npjcm-free-energy-surrogate_Re3/Python_Codes/table/snapshots_split/Cu_400K_snap00027.extxyz,Cu,400,Cu__400,-0.0019418174696945,-0.0009179799850294415,0.0010238374846650586,0.0010238374846650586
/Users/yti0811/Desktop/FE_data/npj_CM01/NPJ_CM_Fig_Python/Public_Reproducibility_Package_V01/npjcm-free-energy-surrogate_Re3/Python_Codes/table/snapshots_split/Cu_400K_snap00028.extxyz,Cu,400,Cu__400,-0.0019499645581908,-0.0009170825618489656,0.0010328819963418344,0.0010328819963418344
/Users/yti0811/Desktop/FE_data/npj_CM01/NPJ_CM_Fig_Python/Public_Reproducibility_Package_V01/npjcm-free-energy-surrogate_Re3/Python_Codes/table/snapshots_split/Cu_400K_snap00029.extxyz,Cu,400,Cu__400,-0.0019340409741626,-0.000918264182674459,0.001015776791488141,0.001015776791488141
/Users/yti0811/Desktop/FE_data/npj_CM01/NPJ_CM_Fig_Python/Public_Reproducibility_Package_V01/npjcm-free-energy-surrogate_Re3/Python_Codes/table/snapshots_split/Cu_400K_snap00030.extxyz,Cu,400,Cu__400,-0.0018907878339677,-0.0009158510855531671,0.0009749367484145329,0.0009749367484145329
/Users/yti0811/Desktop/FE_data/npj_CM01/NPJ_CM_Fig_Python/Public_Reproducibility_Package_V01/npjcm-free-energy-surrogate_Re3/Python_Codes/table/snapshots_split/Cu_400K_snap00031.extxyz,Cu,400,Cu__400,-0.0021800232412192,-0.0009186614914766307,0.0012613617497425694,0.0012613617497425694
/Users/yti0811/Desktop/FE_data/npj_CM01/NPJ_CM_Fig_Python/Public_Reproducibility_Package_V01/npjcm-free-energy-surrogate_Re3/Python_Codes/table/snapshots_split/Cu_400K_snap00032.extxyz,Cu,400,Cu__400,-0.0014593574483692,-0.0009231398980331549,0.000536217550336045,0.000536217550336045
/Users/yti0811/Desktop/FE_data/npj_CM01/NPJ_CM_Fig_Python/Public_Reproducibility_Package_V01/npjcm-free-energy-surrogate_Re3/Python_Codes/table/snapshots_split/Cu_400K_snap00033.extxyz,Cu,400,Cu__400,-0.0018864742892303,-0.0009182125608166779,0.0009682617284136222,0.0009682617284136222
/Users/yti0811/Desktop/FE_data/npj_CM01/NPJ_CM_Fig_Python/Public_Reproducibility_Package_V01/npjcm-free-energy-surrogate_Re3/Python_Codes/table/snapshots_split/Cu_400K_snap00034.extxyz,Cu,400,Cu__400,-0.0022058419689154,-0.0009202686027363417,0.0012855733661790581,0.0012855733661790581
/Users/yti0811/Desktop/FE_data/npj_CM01/NPJ_CM_Fig_Python/Public_Reproducibility_Package_V01/npjcm-free-energy-surrogate_Re3/Python_Codes/table/snapshots_split/Cu_400K_snap00035.extxyz,Cu,400,Cu__400,-0.0022578623667421,-0.0009212648860533462,0.0013365974806887537,0.0013365974806887537
/Users/yti0811/Desktop/FE_data/npj_CM01/NPJ_CM_Fig_Python/Public_Reproducibility_Package_V01/npjcm-free-energy-surrogate_Re3/Python_Codes/table/snapshots_split/Cu_400K_snap00036.extxyz,Cu,400,Cu__400,-0.0021211389673529,-0.0009205065332802606,0.0012006324340726392,0.0012006324340726392
/Users/yti0811/Desktop/FE_data/npj_CM01/NPJ_CM_Fig_Python/Public_Reproducibility_Package_V01/npjcm-free-energy-surrogate_Re3/Python_Codes/table/snapshots_split/Cu_400K_snap00037.extxyz,Cu,400,Cu__400,-0.0022791738253307,-0.0009103218374702717,0.0013688519878604281,0.0013688519878604281
/Users/yti0811/Desktop/FE_data/npj_CM01/NPJ_CM_Fig_Python/Public_Reproducibility_Package_V01/npjcm-free-energy-surrogate_Re3/Python_Codes/table/snapshots_split/Cu_400K_snap00038.extxyz,Cu,400,Cu__400,-0.0018901123503467,-0.0009172063514136222,0.0009729059989330778,0.0009729059989330778
/Users/yti0811/Desktop/FE_data/npj_CM01/NPJ_CM_Fig_Python/Public_Reproducibility_Package_V01/npjcm-free-energy-surrogate_Re3/Python_Codes/table/snapshots_split/Cu_400K_snap00039.extxyz,Cu,400,Cu__400,-0.001999795181661,-0.0009251329033229237,0.0010746622783380762,0.0010746622783380762
/Users/yti0811/Desktop/FE_data/npj_CM01/NPJ_CM_Fig_Python/Public_Reproducibility_Package_V01/npjcm-free-energy-surrogate_Re3/Python_Codes/table/snapshots_split/Cu_400K_snap00040.extxyz,Cu,400,Cu__400,-0.0017303264824564,-0.0009154615960496555,0.0008148648864067446,0.0008148648864067446
/Users/yti0811/Desktop/FE_data/npj_CM01/NPJ_CM_Fig_Python/Public_Reproducibility_Package_V01/npjcm-free-energy-surrogate_Re3/Python_Codes/table/snapshots_split/Cu_400K_snap00041.extxyz,Cu,400,Cu__400,-0.002046633240285,-0.0009195658196566732,0.0011270674206283271,0.0011270674206283271
/Users/yti0811/Desktop/FE_data/npj_CM01/NPJ_CM_Fig_Python/Public_Reproducibility_Package_V01/npjcm-free-energy-surrogate_Re3/Python_Codes/table/snapshots_split/Cu_400K_snap00042.extxyz,Cu,400,Cu__400,-0.0018059081442278,-0.0009194263543564852,0.0008864817898713148,0.0008864817898713148
/Users/yti0811/Desktop/FE_data/npj_CM01/NPJ_CM_Fig_Python/Public_Reproducibility_Package_V01/npjcm-free-energy-surrogate_Re3/Python_Codes/table/snapshots_split/Cu_400K_snap00043.extxyz,Cu,400,Cu__400,-0.0021994185055054,-0.0009189206162435786,0.0012804978892618215,0.0012804978892618215
/Users/yti0811/Desktop/FE_data/npj_CM01/NPJ_CM_Fig_Python/Public_Reproducibility_Package_V01/npjcm-free-energy-surrogate_Re3/Python_Codes/table/snapshots_split/Cu_400K_snap00044.extxyz,Cu,400,Cu__400,-0.002124952840504,-0.0009241253783606468,0.0012008274621433533,0.0012008274621433533
/Users/yti0811/Desktop/FE_data/npj_CM01/NPJ_CM_Fig_Python/Public_Reproducibility_Package_V01/npjcm-free-energy-surrogate_Re3/Python_Codes/table/snapshots_split/Cu_400K_snap00045.extxyz,Cu,400,Cu__400,-0.0018857676028676,-0.0009176583925765247,0.0009681092102910753,0.0009681092102910753
/Users/yti0811/Desktop/FE_data/npj_CM01/NPJ_CM_Fig_Python/Public_Reproducibility_Package_V01/npjcm-free-energy-surrogate_Re3/Python_Codes/table/snapshots_split/Cu_400K_snap00046.extxyz,Cu,400,Cu__400,-0.0018766578339617,-0.0009231367570223845,0.0009535210769393154,0.0009535210769393154
/Users/yti0811/Desktop/FE_data/npj_CM01/NPJ_CM_Fig_Python/Public_Reproducibility_Package_V01/npjcm-free-energy-surrogate_Re3/Python_Codes/table/snapshots_split/Cu_400K_snap00047.extxyz,Cu,400,Cu__400,-0.0022149602158201,-0.0009124983841769079,0.0013024618316431918,0.0013024618316431918
/Users/yti0811/Desktop/FE_data/npj_CM01/NPJ_CM_Fig_Python/Public_Reproducibility_Package_V01/npjcm-free-energy-surrogate_Re3/Python_Codes/table/snapshots_split/Cu_400K_snap00048.extxyz,Cu,400,Cu__400,-0.0019291277178887,-0.0009176958372307364,0.0010114318806579636,0.0010114318806579636
/Users/yti0811/Desktop/FE_data/npj_CM01/NPJ_CM_Fig_Python/Public_Reproducibility_Package_V01/npjcm-free-energy-surrogate_Re3/Python_Codes/table/snapshots_split/Cu_400K_snap00049.extxyz,Cu,400,Cu__400,-0.0020645221125667,-0.0009127332529544296,0.0011517888596122702,0.0011517888596122702
/Users/yti0811/Desktop/FE_data/npj_CM01/NPJ_CM_Fig_Python/Public_Reproducibility_Package_V01/npjcm-free-energy-surrogate_Re3/Python_Codes/table/snapshots_split/Cu_400K_snap00050.extxyz,Cu,400,Cu__400,-0.0019298843618509,-0.0009174450463683688,0.0010124393154825311,0.0010124393154825311
/Users/yti0811/Desktop/FE_data/npj_CM01/NPJ_CM_Fig_Python/Public_Reproducibility_Package_V01/npjcm-free-energy-surrogate_Re3/Python_Codes/table/snapshots_split/Cu_400K_snap00051.extxyz,Cu,400,Cu__400,-0.0020417084754011,-0.0009184355197328092,0.0011232729556682908,0.0011232729556682908
/Users/yti0811/Desktop/FE_data/npj_CM01/NPJ_CM_Fig_Python/Public_Reproducibility_Package_V01/npjcm-free-energy-surrogate_Re3/Python_Codes/table/snapshots_split/Cu_400K_snap00052.extxyz,Cu,400,Cu__400,-0.002247649306609,-0.0009200056946786395,0.0013276436119303604,0.0013276436119303604
/Users/yti0811/Desktop/FE_data/npj_CM01/NPJ_CM_Fig_Python/Public_Reproducibility_Package_V01/npjcm-free-energy-surrogate_Re3/Python_Codes/table/snapshots_split/Cu_400K_snap00053.extxyz,Cu,400,Cu__400,-0.0019403062353351,-0.0009152868686893389,0.0010250193666457613,0.0010250193666457613
/Users/yti0811/Desktop/FE_data/npj_CM01/NPJ_CM_Fig_Python/Public_Reproducibility_Package_V01/npjcm-free-energy-surrogate_Re3/Python_Codes/table/snapshots_split/Cu_400K_snap00054.extxyz,Cu,400,Cu__400,-0.0017575200802433,-0.0009211751574238692,0.0008363449228194307,0.0008363449228194307
/Users/yti0811/Desktop/FE_data/npj_CM01/NPJ_CM_Fig_Python/Public_Reproducibility_Package_V01/npjcm-free-energy-surrogate_Re3/Python_Codes/table/snapshots_split/Cu_400K_snap00055.extxyz,Cu,400,Cu__400,-0.0018673224033309,-0.0009183764333425589,0.000948945969988341,0.000948945969988341
/Users/yti0811/Desktop/FE_data/npj_CM01/NPJ_CM_Fig_Python/Public_Reproducibility_Package_V01/npjcm-free-energy-surrogate_Re3/Python_Codes/table/snapshots_split/Cu_400K_snap00056.extxyz,Cu,400,Cu__400,-0.0019137905673898,-0.0009171667373076316,0.0009966238300821682,0.0009966238300821682
/Users/yti0811/Desktop/FE_data/npj_CM01/NPJ_CM_Fig_Python/Public_Reproducibility_Package_V01/npjcm-free-energy-surrogate_Re3/Python_Codes/table/snapshots_split/Cu_400K_snap00057.extxyz,Cu,400,Cu__400,-0.0016904806149082,-0.0009182968422995518,0.0007721837726086481,0.0007721837726086481
/Users/yti0811/Desktop/FE_data/npj_CM01/NPJ_CM_Fig_Python/Public_Reproducibility_Package_V01/npjcm-free-energy-surrogate_Re3/Python_Codes/table/snapshots_split/Cu_400K_snap00058.extxyz,Cu,400,Cu__400,-0.0018900497935629,-0.0009212011823000699,0.0009688486112628302,0.0009688486112628302
/Users/yti0811/Desktop/FE_data/npj_CM01/NPJ_CM_Fig_Python/Public_Reproducibility_Package_V01/npjcm-free-energy-surrogate_Re3/Python_Codes/table/snapshots_split/Cu_400K_snap00059.extxyz,Cu,400,Cu__400,-0.0019527889337469,-0.000916764556589553,0.001036024377157347,0.001036024377157347
/Users/yti0811/Desktop/FE_data/npj_CM01/NPJ_CM_Fig_Python/Public_Reproducibility_Package_V01/npjcm-free-energy-surrogate_Re3/Python_Codes/table/snapshots_split/Cu_400K_snap00060.extxyz,Cu,400,Cu__400,-0.0019822747582525,-0.0009255673574904071,0.0010567074007620928,0.0010567074007620928
/Users/yti0811/Desktop/FE_data/npj_CM01/NPJ_CM_Fig_Python/Public_Reproducibility_Package_V01/npjcm-free-energy-surrogate_Re3/Python_Codes/table/snapshots_split/Cu_400K_snap00061.extxyz,Cu,400,Cu__400,-0.0017785470174111,-0.000918124269570783,0.000860422747840317,0.000860422747840317
/Users/yti0811/Desktop/FE_data/npj_CM01/NPJ_CM_Fig_Python/Public_Reproducibility_Package_V01/npjcm-free-energy-surrogate_Re3/Python_Codes/table/snapshots_split/Cu_400K_snap00062.extxyz,Cu,400,Cu__400,-0.0019247389630541,-0.0009222228081989096,0.0010025161548551905,0.0010025161548551905
/Users/yti0811/Desktop/FE_data/npj_CM01/NPJ_CM_Fig_Python/Public_Reproducibility_Package_V01/npjcm-free-energy-surrogate_Re3/Python_Codes/table/snapshots_split/Cu_400K_snap00063.extxyz,Cu,400,Cu__400,-0.0021250811894231,-0.0009141395912673623,0.0012109415981557377,0.0012109415981557377
/Users/yti0811/Desktop/FE_data/npj_CM01/NPJ_CM_Fig_Python/Public_Reproducibility_Package_V01/npjcm-free-energy-surrogate_Re3/Python_Codes/table/snapshots_split/Cu_400K_snap00064.extxyz,Cu,400,Cu__400,-0.0022421990878651,-0.0009208612707252879,0.001321337817139812,0.001321337817139812
/Users/yti0811/Desktop/FE_data/npj_CM01/NPJ_CM_Fig_Python/Public_Reproducibility_Package_V01/npjcm-free-energy-surrogate_Re3/Python_Codes/table/snapshots_split/Cu_400K_snap00065.extxyz,Cu,400,Cu__400,-0.0014169919704909,-0.000925794463713942,0.0004911975067769579,0.0004911975067769579
/Users/yti0811/Desktop/FE_data/npj_CM01/NPJ_CM_Fig_Python/Public_Reproducibility_Package_V01/npjcm-free-energy-surrogate_Re3/Python_Codes/table/snapshots_split/Cu_400K_snap00066.extxyz,Cu,400,Cu__400,-0.0017588514239963,-0.0009248055978391533,0.0008340458261571467,0.0008340458261571467
/Users/yti0811/Desktop/FE_data/npj_CM01/NPJ_CM_Fig_Python/Public_Reproducibility_Package_V01/npjcm-free-energy-surrogate_Re3/Python_Codes/table/snapshots_split/Cu_400K_snap00067.extxyz,Cu,400,Cu__400,-0.0018029902994545,-0.0009229404603993698,0.0008800498390551302,0.0008800498390551302
/Users/yti0811/Desktop/FE_data/npj_CM01/NPJ_CM_Fig_Python/Public_Reproducibility_Package_V01/npjcm-free-energy-surrogate_Re3/Python_Codes/table/snapshots_split/Cu_400K_snap00068.extxyz,Cu,400,Cu__400,-0.0018789223995159,-0.0009162519511427983,0.0009626704483731018,0.0009626704483731018
/Users/yti0811/Desktop/FE_data/npj_CM01/NPJ_CM_Fig_Python/Public_Reproducibility_Package_V01/npjcm-free-energy-surrogate_Re3/Python_Codes/table/snapshots_split/Cu_400K_snap00069.extxyz,Cu,400,Cu__400,-0.0018767398139329,-0.0009203364395170783,0.0009564033744158216,0.0009564033744158216
/Users/yti0811/Desktop/FE_data/npj_CM01/NPJ_CM_Fig_Python/Public_Reproducibility_Package_V01/npjcm-free-energy-surrogate_Re3/Python_Codes/table/snapshots_split/Cu_400K_snap00070.extxyz,Cu,400,Cu__400,-0.0019159223018805,-0.0009171161414413543,0.0009988061604391456,0.0009988061604391456
/Users/yti0811/Desktop/FE_data/npj_CM01/NPJ_CM_Fig_Python/Public_Reproducibility_Package_V01/npjcm-free-energy-surrogate_Re3/Python_Codes/table/snapshots_split/Cu_400K_snap00071.extxyz,Cu,400,Cu__400,-0.0021640694281574,-0.0009174616048023335,0.0012466078233550665,0.0012466078233550665
/Users/yti0811/Desktop/FE_data/npj_CM01/NPJ_CM_Fig_Python/Public_Reproducibility_Package_V01/npjcm-free-energy-surrogate_Re3/Python_Codes/table/snapshots_split/Cu_400K_snap00072.extxyz,Cu,400,Cu__400,-0.0018596552544742,-0.0009185160501361891,0.0009411392043380108,0.0009411392043380108
/Users/yti0811/Desktop/FE_data/npj_CM01/NPJ_CM_Fig_Python/Public_Reproducibility_Package_V01/npjcm-free-energy-surrogate_Re3/Python_Codes/table/snapshots_split/Cu_400K_snap00073.extxyz,Cu,400,Cu__400,-0.0020566868353668,-0.0009138388248282146,0.0011428480105385853,0.0011428480105385853
/Users/yti0811/Desktop/FE_data/npj_CM01/NPJ_CM_Fig_Python/Public_Reproducibility_Package_V01/npjcm-free-energy-surrogate_Re3/Python_Codes/table/snapshots_split/Cu_400K_snap00074.extxyz,Cu,400,Cu__400,-0.0023721297915826,-0.0009195979432634333,0.0014525318483191666,0.0014525318483191666
/Users/yti0811/Desktop/FE_data/npj_CM01/NPJ_CM_Fig_Python/Public_Reproducibility_Package_V01/npjcm-free-energy-surrogate_Re3/Python_Codes/table/snapshots_split/Cu_400K_snap00075.extxyz,Cu,400,Cu__400,-0.0023688270722716,-0.0009156527448064327,0.0014531743274651676,0.0014531743274651676
/Users/yti0811/Desktop/FE_data/npj_CM01/NPJ_CM_Fig_Python/Public_Reproducibility_Package_V01/npjcm-free-energy-surrogate_Re3/Python_Codes/table/snapshots_split/Cu_400K_snap00076.extxyz,Cu,400,Cu__400,-0.0018085049025913,-0.0009217353025563829,0.0008867696000349171,0.0008867696000349171
/Users/yti0811/Desktop/FE_data/npj_CM01/NPJ_CM_Fig_Python/Public_Reproducibility_Package_V01/npjcm-free-energy-surrogate_Re3/Python_Codes/table/snapshots_split/Cu_400K_snap00077.extxyz,Cu,400,Cu__400,-0.0021133041598568,-0.00091721514196347,0.00119608901789333,0.00119608901789333
/Users/yti0811/Desktop/FE_data/npj_CM01/NPJ_CM_Fig_Python/Public_Reproducibility_Package_V01/npjcm-free-energy-surrogate_Re3/Python_Codes/table/snapshots_split/Cu_400K_snap00078.extxyz,Cu,400,Cu__400,-0.0022624166001055,-0.0009194083189288199,0.0013430082811766802,0.0013430082811766802
/Users/yti0811/Desktop/FE_data/npj_CM01/NPJ_CM_Fig_Python/Public_Reproducibility_Package_V01/npjcm-free-energy-surrogate_Re3/Python_Codes/table/snapshots_split/Cu_400K_snap00079.extxyz,Cu,400,Cu__400,-0.0019345095796463,-0.0009194022917038372,0.0010151072879424627,0.0010151072879424627
/Users/yti0811/Desktop/FE_data/npj_CM01/NPJ_CM_Fig_Python/Public_Reproducibility_Package_V01/npjcm-free-energy-surrogate_Re3/Python_Codes/table/snapshots_split/Cu_400K_snap00080.extxyz,Cu,400,Cu__400,-0.0019824210738708,-0.0009175956003626012,0.0010648254735081987,0.0010648254735081987
/Users/yti0811/Desktop/FE_data/npj_CM01/NPJ_CM_Fig_Python/Public_Reproducibility_Package_V01/npjcm-free-energy-surrogate_Re3/Python_Codes/table/snapshots_split/Cu_400K_snap00081.extxyz,Cu,400,Cu__400,-0.0018796379801781,-0.0009264956693990836,0.0009531423107790163,0.0009531423107790163
/Users/yti0811/Desktop/FE_data/npj_CM01/NPJ_CM_Fig_Python/Public_Reproducibility_Package_V01/npjcm-free-energy-surrogate_Re3/Python_Codes/table/snapshots_split/Cu_400K_snap00082.extxyz,Cu,400,Cu__400,-0.0019800227825434,-0.0009158117872178323,0.0010642109953255677,0.0010642109953255677
/Users/yti0811/Desktop/FE_data/npj_CM01/NPJ_CM_Fig_Python/Public_Reproducibility_Package_V01/npjcm-free-energy-surrogate_Re3/Python_Codes/table/snapshots_split/Cu_400K_snap00083.extxyz,Cu,400,Cu__400,-0.0018891423778923,-0.0009236845659725904,0.0009654578119197096,0.0009654578119197096
/Users/yti0811/Desktop/FE_data/npj_CM01/NPJ_CM_Fig_Python/Public_Reproducibility_Package_V01/npjcm-free-energy-surrogate_Re3/Python_Codes/table/snapshots_split/Cu_400K_snap00084.extxyz,Cu,400,Cu__400,-0.001932993536192,-0.0009150199353525971,0.0010179736008394027,0.0010179736008394027
/Users/yti0811/Desktop/FE_data/npj_CM01/NPJ_CM_Fig_Python/Public_Reproducibility_Package_V01/npjcm-free-energy-surrogate_Re3/Python_Codes/table/snapshots_split/Cu_400K_snap00085.extxyz,Cu,400,Cu__400,-0.001881134726481,-0.0009197761611575965,0.0009613585653234035,0.0009613585653234035
/Users/yti0811/Desktop/FE_data/npj_CM01/NPJ_CM_Fig_Python/Public_Reproducibility_Package_V01/npjcm-free-energy-surrogate_Re3/Python_Codes/table/snapshots_split/Cu_400K_snap00086.extxyz,Cu,400,Cu__400,-0.0020754687029604,-0.0009210822874871254,0.0011543864154732746,0.0011543864154732746
/Users/yti0811/Desktop/FE_data/npj_CM01/NPJ_CM_Fig_Python/Public_Reproducibility_Package_V01/npjcm-free-energy-surrogate_Re3/Python_Codes/table/snapshots_split/Cu_400K_snap00087.extxyz,Cu,400,Cu__400,-0.0018802314251686,-0.0009143571177940299,0.00096587430737457,0.00096587430737457
/Users/yti0811/Desktop/FE_data/npj_CM01/NPJ_CM_Fig_Python/Public_Reproducibility_Package_V01/npjcm-free-energy-surrogate_Re3/Python_Codes/table/snapshots_split/Cu_400K_snap00088.extxyz,Cu,400,Cu__400,-0.0019950990436408,-0.0009217056947737281,0.0010733933488670717,0.0010733933488670717
/Users/yti0811/Desktop/FE_data/npj_CM01/NPJ_CM_Fig_Python/Public_Reproducibility_Package_V01/npjcm-free-energy-surrogate_Re3/Python_Codes/table/snapshots_split/Cu_400K_snap00089.extxyz,Cu,400,Cu__400,-0.0020782406508206,-0.000924621453042565,0.001153619197778035,0.001153619197778035
/Users/yti0811/Desktop/FE_data/npj_CM01/NPJ_CM_Fig_Python/Public_Reproducibility_Package_V01/npjcm-free-energy-surrogate_Re3/Python_Codes/table/snapshots_split/Cu_400K_snap00090.extxyz,Cu,400,Cu__400,-0.0020827365156197,-0.0009205375197500724,0.0011621989958696278,0.0011621989958696278
/Users/yti0811/Desktop/FE_data/npj_CM01/NPJ_CM_Fig_Python/Public_Reproducibility_Package_V01/npjcm-free-energy-surrogate_Re3/Python_Codes/table/snapshots_split/Cu_400K_snap00091.extxyz,Cu,400,Cu__400,-0.0018635271039042,-0.0009180391294366972,0.0009454879744675027,0.0009454879744675027
/Users/yti0811/Desktop/FE_data/npj_CM01/NPJ_CM_Fig_Python/Public_Reproducibility_Package_V01/npjcm-free-energy-surrogate_Re3/Python_Codes/table/snapshots_split/Cu_400K_snap00092.extxyz,Cu,400,Cu__400,-0.0017727943749643,-0.0009226964848680076,0.0008500978900962923,0.0008500978900962923
/Users/yti0811/Desktop/FE_data/npj_CM01/NPJ_CM_Fig_Python/Public_Reproducibility_Package_V01/npjcm-free-energy-surrogate_Re3/Python_Codes/table/snapshots_split/Cu_400K_snap00093.extxyz,Cu,400,Cu__400,-0.0018093096094076,-0.0009183186400765504,0.0008909909693310496,0.0008909909693310496
/Users/yti0811/Desktop/FE_data/npj_CM01/NPJ_CM_Fig_Python/Public_Reproducibility_Package_V01/npjcm-free-energy-surrogate_Re3/Python_Codes/table/snapshots_split/Cu_400K_snap00094.extxyz,Cu,400,Cu__400,-0.0017224771247286,-0.0009207733502334835,0.0008017037744951166,0.0008017037744951166
/Users/yti0811/Desktop/FE_data/npj_CM01/NPJ_CM_Fig_Python/Public_Reproducibility_Package_V01/npjcm-free-energy-surrogate_Re3/Python_Codes/table/snapshots_split/Cu_400K_snap00095.extxyz,Cu,400,Cu__400,-0.0021811707753998,-0.0009187757738880053,0.0012623950015117947,0.0012623950015117947
/Users/yti0811/Desktop/FE_data/npj_CM01/NPJ_CM_Fig_Python/Public_Reproducibility_Package_V01/npjcm-free-energy-surrogate_Re3/Python_Codes/table/snapshots_split/Cu_400K_snap00096.extxyz,Cu,400,Cu__400,-0.0018458537032199,-0.0009220762731629704,0.0009237774300569296,0.0009237774300569296
/Users/yti0811/Desktop/FE_data/npj_CM01/NPJ_CM_Fig_Python/Public_Reproducibility_Package_V01/npjcm-free-energy-surrogate_Re3/Python_Codes/table/snapshots_split/Cu_400K_snap00097.extxyz,Cu,400,Cu__400,-0.0018251046971449,-0.0009197880378899586,0.0009053166592549415,0.0009053166592549415
/Users/yti0811/Desktop/FE_data/npj_CM01/NPJ_CM_Fig_Python/Public_Reproducibility_Package_V01/npjcm-free-energy-surrogate_Re3/Python_Codes/table/snapshots_split/Cu_400K_snap00098.extxyz,Cu,400,Cu__400,-0.0022144635626162,-0.0009156931958804565,0.0012987703667357436,0.0012987703667357436
/Users/yti0811/Desktop/FE_data/npj_CM01/NPJ_CM_Fig_Python/Public_Reproducibility_Package_V01/npjcm-free-energy-surrogate_Re3/Python_Codes/table/snapshots_split/Cu_400K_snap00099.extxyz,Cu,400,Cu__400,-0.0019960062107595,-0.0009199682746674424,0.0010760379360920576,0.0010760379360920576
/Users/yti0811/Desktop/FE_data/npj_CM01/NPJ_CM_Fig_Python/Public_Reproducibility_Package_V01/npjcm-free-energy-surrogate_Re3/Python_Codes/table/snapshots_split/Cu_500K_snap00000.extxyz,Cu,500,Cu__500,-0.0047189271373322,-0.0007680860132196627,0.003950841124112537,0.003950841124112537
/Users/yti0811/Desktop/FE_data/npj_CM01/NPJ_CM_Fig_Python/Public_Reproducibility_Package_V01/npjcm-free-energy-surrogate_Re3/Python_Codes/table/snapshots_split/Cu_500K_snap00001.extxyz,Cu,500,Cu__500,-0.0047570061883406,-0.0007677962742948022,0.003989209914045798,0.003989209914045798
/Users/yti0811/Desktop/FE_data/npj_CM01/NPJ_CM_Fig_Python/Public_Reproducibility_Package_V01/npjcm-free-energy-surrogate_Re3/Python_Codes/table/snapshots_split/Cu_500K_snap00002.extxyz,Cu,500,Cu__500,-0.0041794971410505,-0.0007649160910229771,0.0034145810500275232,0.0034145810500275232
/Users/yti0811/Desktop/FE_data/npj_CM01/NPJ_CM_Fig_Python/Public_Reproducibility_Package_V01/npjcm-free-energy-surrogate_Re3/Python_Codes/table/snapshots_split/Cu_500K_snap00003.extxyz,Cu,500,Cu__500,-0.0048354968138628,-0.000766456395121402,0.004069040418741398,0.004069040418741398
/Users/yti0811/Desktop/FE_data/npj_CM01/NPJ_CM_Fig_Python/Public_Reproducibility_Package_V01/npjcm-free-energy-surrogate_Re3/Python_Codes/table/snapshots_split/Cu_500K_snap00004.extxyz,Cu,500,Cu__500,-0.0048253917339348,-0.0007621415509197878,0.004063250183015012,0.004063250183015012
/Users/yti0811/Desktop/FE_data/npj_CM01/NPJ_CM_Fig_Python/Public_Reproducibility_Package_V01/npjcm-free-energy-surrogate_Re3/Python_Codes/table/snapshots_split/Cu_500K_snap00005.extxyz,Cu,500,Cu__500,-0.0043270197642727,-0.0007597899120682881,0.0035672298522044124,0.0035672298522044124
/Users/yti0811/Desktop/FE_data/npj_CM01/NPJ_CM_Fig_Python/Public_Reproducibility_Package_V01/npjcm-free-energy-surrogate_Re3/Python_Codes/table/snapshots_split/Cu_500K_snap00006.extxyz,Cu,500,Cu__500,-0.0044758499573384,-0.0007656547609783409,0.003710195196360059,0.003710195196360059
/Users/yti0811/Desktop/FE_data/npj_CM01/NPJ_CM_Fig_Python/Public_Reproducibility_Package_V01/npjcm-free-energy-surrogate_Re3/Python_Codes/table/snapshots_split/Cu_500K_snap00007.extxyz,Cu,500,Cu__500,-0.0043989978192228,-0.0007590427809183477,0.003639955038304452,0.003639955038304452
/Users/yti0811/Desktop/FE_data/npj_CM01/NPJ_CM_Fig_Python/Public_Reproducibility_Package_V01/npjcm-free-energy-surrogate_Re3/Python_Codes/table/snapshots_split/Cu_500K_snap00008.extxyz,Cu,500,Cu__500,-0.0042933279661533,-0.0007609624048700228,0.0035323655612832772,0.0035323655612832772
/Users/yti0811/Desktop/FE_data/npj_CM01/NPJ_CM_Fig_Python/Public_Reproducibility_Package_V01/npjcm-free-energy-surrogate_Re3/Python_Codes/table/snapshots_split/Cu_500K_snap00009.extxyz,Cu,500,Cu__500,-0.0043845864389145,-0.0007624243160994425,0.003622162122815057,0.003622162122815057
/Users/yti0811/Desktop/FE_data/npj_CM01/NPJ_CM_Fig_Python/Public_Reproducibility_Package_V01/npjcm-free-energy-surrogate_Re3/Python_Codes/table/snapshots_split/Cu_500K_snap00010.extxyz,Cu,500,Cu__500,-0.0044965860962759,-0.0007591765409282834,0.0037374095553476165,0.0037374095553476165
/Users/yti0811/Desktop/FE_data/npj_CM01/NPJ_CM_Fig_Python/Public_Reproducibility_Package_V01/npjcm-free-energy-surrogate_Re3/Python_Codes/table/snapshots_split/Cu_500K_snap00011.extxyz,Cu,500,Cu__500,-0.0040465765447325,-0.0007669535597539059,0.003279622984978594,0.003279622984978594
/Users/yti0811/Desktop/FE_data/npj_CM01/NPJ_CM_Fig_Python/Public_Reproducibility_Package_V01/npjcm-free-energy-surrogate_Re3/Python_Codes/table/snapshots_split/Cu_500K_snap00012.extxyz,Cu,500,Cu__500,-0.0042501172119102,-0.0007644857134011117,0.003485631498509088,0.003485631498509088
/Users/yti0811/Desktop/FE_data/npj_CM01/NPJ_CM_Fig_Python/Public_Reproducibility_Package_V01/npjcm-free-energy-surrogate_Re3/Python_Codes/table/snapshots_split/Cu_500K_snap00013.extxyz,Cu,500,Cu__500,-0.0047613384787874,-0.0007524711276999277,0.004008867351087473,0.004008867351087473
/Users/yti0811/Desktop/FE_data/npj_CM01/NPJ_CM_Fig_Python/Public_Reproducibility_Package_V01/npjcm-free-energy-surrogate_Re3/Python_Codes/table/snapshots_split/Cu_500K_snap00014.extxyz,Cu,500,Cu__500,-0.0046263393788041,-0.0007665685263004973,0.0038597708525036026,0.0038597708525036026
/Users/yti0811/Desktop/FE_data/npj_CM01/NPJ_CM_Fig_Python/Public_Reproducibility_Package_V01/npjcm-free-energy-surrogate_Re3/Python_Codes/table/snapshots_split/Cu_500K_snap00015.extxyz,Cu,500,Cu__500,-0.004481808912132,-0.0007656804674894725,0.003716128444642527,0.003716128444642527
/Users/yti0811/Desktop/FE_data/npj_CM01/NPJ_CM_Fig_Python/Public_Reproducibility_Package_V01/npjcm-free-energy-surrogate_Re3/Python_Codes/table/snapshots_split/Cu_500K_snap00016.extxyz,Cu,500,Cu__500,-0.0046173134449984,-0.0007588745596814973,0.0038584388853169023,0.0038584388853169023
/Users/yti0811/Desktop/FE_data/npj_CM01/NPJ_CM_Fig_Python/Public_Reproducibility_Package_V01/npjcm-free-energy-surrogate_Re3/Python_Codes/table/snapshots_split/Cu_500K_snap00017.extxyz,Cu,500,Cu__500,-0.004490384299034,-0.0007598219365838009,0.003730562362450199,0.003730562362450199
/Users/yti0811/Desktop/FE_data/npj_CM01/NPJ_CM_Fig_Python/Public_Reproducibility_Package_V01/npjcm-free-energy-surrogate_Re3/Python_Codes/table/snapshots_split/Cu_500K_snap00018.extxyz,Cu,500,Cu__500,-0.0049335013707424,-0.0007661415072651673,0.004167359863477233,0.004167359863477233
/Users/yti0811/Desktop/FE_data/npj_CM01/NPJ_CM_Fig_Python/Public_Reproducibility_Package_V01/npjcm-free-energy-surrogate_Re3/Python_Codes/table/snapshots_split/Cu_500K_snap00019.extxyz,Cu,500,Cu__500,-0.0045142168506231,-0.000755784194356407,0.0037584326562666933,0.0037584326562666933
/Users/yti0811/Desktop/FE_data/npj_CM01/NPJ_CM_Fig_Python/Public_Reproducibility_Package_V01/npjcm-free-energy-surrogate_Re3/Python_Codes/table/snapshots_split/Cu_500K_snap00020.extxyz,Cu,500,Cu__500,-0.0045336890025921,-0.000767646521882181,0.0037660424807099187,0.0037660424807099187
/Users/yti0811/Desktop/FE_data/npj_CM01/NPJ_CM_Fig_Python/Public_Reproducibility_Package_V01/npjcm-free-energy-surrogate_Re3/Python_Codes/table/snapshots_split/Cu_500K_snap00021.extxyz,Cu,500,Cu__500,-0.0045126072492593,-0.0007652544404686247,0.0037473528087906753,0.0037473528087906753
/Users/yti0811/Desktop/FE_data/npj_CM01/NPJ_CM_Fig_Python/Public_Reproducibility_Package_V01/npjcm-free-energy-surrogate_Re3/Python_Codes/table/snapshots_split/Cu_500K_snap00022.extxyz,Cu,500,Cu__500,-0.0043235923462172,-0.0007587639453235116,0.0035648284008936884,0.0035648284008936884
/Users/yti0811/Desktop/FE_data/npj_CM01/NPJ_CM_Fig_Python/Public_Reproducibility_Package_V01/npjcm-free-energy-surrogate_Re3/Python_Codes/table/snapshots_split/Cu_500K_snap00023.extxyz,Cu,500,Cu__500,-0.004722063141207,-0.0007592255219673169,0.003962837619239683,0.003962837619239683
/Users/yti0811/Desktop/FE_data/npj_CM01/NPJ_CM_Fig_Python/Public_Reproducibility_Package_V01/npjcm-free-energy-surrogate_Re3/Python_Codes/table/snapshots_split/Cu_500K_snap00024.extxyz,Cu,500,Cu__500,-0.0048148510262125,-0.0007633967989893229,0.004051454227223177,0.004051454227223177
/Users/yti0811/Desktop/FE_data/npj_CM01/NPJ_CM_Fig_Python/Public_Reproducibility_Package_V01/npjcm-free-energy-surrogate_Re3/Python_Codes/table/snapshots_split/Cu_500K_snap00025.extxyz,Cu,500,Cu__500,-0.0049460419212379,-0.0007668347103108169,0.004179207210927083,0.004179207210927083
/Users/yti0811/Desktop/FE_data/npj_CM01/NPJ_CM_Fig_Python/Public_Reproducibility_Package_V01/npjcm-free-energy-surrogate_Re3/Python_Codes/table/snapshots_split/Cu_500K_snap00026.extxyz,Cu,500,Cu__500,-0.0044436195117739,-0.000759063648455463,0.0036845558633184375,0.0036845558633184375
/Users/yti0811/Desktop/FE_data/npj_CM01/NPJ_CM_Fig_Python/Public_Reproducibility_Package_V01/npjcm-free-energy-surrogate_Re3/Python_Codes/table/snapshots_split/Cu_500K_snap00027.extxyz,Cu,500,Cu__500,-0.0047982668685526,-0.0007649254329238234,0.004033341435628777,0.004033341435628777
/Users/yti0811/Desktop/FE_data/npj_CM01/NPJ_CM_Fig_Python/Public_Reproducibility_Package_V01/npjcm-free-energy-surrogate_Re3/Python_Codes/table/snapshots_split/Cu_500K_snap00028.extxyz,Cu,500,Cu__500,-0.0044302027700262,-0.000764998973394985,0.003665203796631215,0.003665203796631215
/Users/yti0811/Desktop/FE_data/npj_CM01/NPJ_CM_Fig_Python/Public_Reproducibility_Package_V01/npjcm-free-energy-surrogate_Re3/Python_Codes/table/snapshots_split/Cu_500K_snap00029.extxyz,Cu,500,Cu__500,-0.004806051160595,-0.0007626536863697238,0.004043397474225277,0.004043397474225277
/Users/yti0811/Desktop/FE_data/npj_CM01/NPJ_CM_Fig_Python/Public_Reproducibility_Package_V01/npjcm-free-energy-surrogate_Re3/Python_Codes/table/snapshots_split/Cu_500K_snap00030.extxyz,Cu,500,Cu__500,-0.0045971527909282,-0.0007589420386018318,0.003838210752326368,0.003838210752326368
/Users/yti0811/Desktop/FE_data/npj_CM01/NPJ_CM_Fig_Python/Public_Reproducibility_Package_V01/npjcm-free-energy-surrogate_Re3/Python_Codes/table/snapshots_split/Cu_500K_snap00031.extxyz,Cu,500,Cu__500,-0.0043092357699663,-0.0007641992879903244,0.0035450364819759753,0.0035450364819759753
/Users/yti0811/Desktop/FE_data/npj_CM01/NPJ_CM_Fig_Python/Public_Reproducibility_Package_V01/npjcm-free-energy-surrogate_Re3/Python_Codes/table/snapshots_split/Cu_500K_snap00032.extxyz,Cu,500,Cu__500,-0.004630988937635,-0.0007657350147099298,0.00386525392292507,0.00386525392292507
/Users/yti0811/Desktop/FE_data/npj_CM01/NPJ_CM_Fig_Python/Public_Reproducibility_Package_V01/npjcm-free-energy-surrogate_Re3/Python_Codes/table/snapshots_split/Cu_500K_snap00033.extxyz,Cu,500,Cu__500,-0.0048004736727786,-0.0007621128019305708,0.004038360870848029,0.004038360870848029
/Users/yti0811/Desktop/FE_data/npj_CM01/NPJ_CM_Fig_Python/Public_Reproducibility_Package_V01/npjcm-free-energy-surrogate_Re3/Python_Codes/table/snapshots_split/Cu_500K_snap00034.extxyz,Cu,500,Cu__500,-0.00468822429755,-0.0007580268393056587,0.003930197458244341,0.003930197458244341
/Users/yti0811/Desktop/FE_data/npj_CM01/NPJ_CM_Fig_Python/Public_Reproducibility_Package_V01/npjcm-free-energy-surrogate_Re3/Python_Codes/table/snapshots_split/Cu_500K_snap00035.extxyz,Cu,500,Cu__500,-0.0042225509181371,-0.0007665386319928228,0.0034560122861442767,0.0034560122861442767
/Users/yti0811/Desktop/FE_data/npj_CM01/NPJ_CM_Fig_Python/Public_Reproducibility_Package_V01/npjcm-free-energy-surrogate_Re3/Python_Codes/table/snapshots_split/Cu_500K_snap00036.extxyz,Cu,500,Cu__500,-0.0046636437811788,-0.0007589983270338396,0.0039046454541449603,0.0039046454541449603
/Users/yti0811/Desktop/FE_data/npj_CM01/NPJ_CM_Fig_Python/Public_Reproducibility_Package_V01/npjcm-free-energy-surrogate_Re3/Python_Codes/table/snapshots_split/Cu_500K_snap00037.extxyz,Cu,500,Cu__500,-0.004662963538935,-0.0007613299328441174,0.0039016336060908826,0.0039016336060908826
/Users/yti0811/Desktop/FE_data/npj_CM01/NPJ_CM_Fig_Python/Public_Reproducibility_Package_V01/npjcm-free-energy-surrogate_Re3/Python_Codes/table/snapshots_split/Cu_500K_snap00038.extxyz,Cu,500,Cu__500,-0.0048949941346111,-0.0007597711331177078,0.004135223001493392,0.004135223001493392
/Users/yti0811/Desktop/FE_data/npj_CM01/NPJ_CM_Fig_Python/Public_Reproducibility_Package_V01/npjcm-free-energy-surrogate_Re3/Python_Codes/table/snapshots_split/Cu_500K_snap00039.extxyz,Cu,500,Cu__500,-0.0046199616294839,-0.0007682293049809401,0.0038517323245029593,0.0038517323245029593
/Users/yti0811/Desktop/FE_data/npj_CM01/NPJ_CM_Fig_Python/Public_Reproducibility_Package_V01/npjcm-free-energy-surrogate_Re3/Python_Codes/table/snapshots_split/Cu_500K_snap00040.extxyz,Cu,500,Cu__500,-0.0045705324432638,-0.0007620803627068743,0.003808452080556926,0.003808452080556926
/Users/yti0811/Desktop/FE_data/npj_CM01/NPJ_CM_Fig_Python/Public_Reproducibility_Package_V01/npjcm-free-energy-surrogate_Re3/Python_Codes/table/snapshots_split/Cu_500K_snap00041.extxyz,Cu,500,Cu__500,-0.0045416407225759,-0.0007597839133651142,0.0037818568092107853,0.0037818568092107853
/Users/yti0811/Desktop/FE_data/npj_CM01/NPJ_CM_Fig_Python/Public_Reproducibility_Package_V01/npjcm-free-energy-surrogate_Re3/Python_Codes/table/snapshots_split/Cu_500K_snap00042.extxyz,Cu,500,Cu__500,-0.0045031630688198,-0.0007675556623016292,0.003735607406518171,0.003735607406518171
/Users/yti0811/Desktop/FE_data/npj_CM01/NPJ_CM_Fig_Python/Public_Reproducibility_Package_V01/npjcm-free-energy-surrogate_Re3/Python_Codes/table/snapshots_split/Cu_500K_snap00043.extxyz,Cu,500,Cu__500,-0.0044337639062942,-0.0007707088847425308,0.003663055021551669,0.003663055021551669
/Users/yti0811/Desktop/FE_data/npj_CM01/NPJ_CM_Fig_Python/Public_Reproducibility_Package_V01/npjcm-free-energy-surrogate_Re3/Python_Codes/table/snapshots_split/Cu_500K_snap00044.extxyz,Cu,500,Cu__500,-0.0046548023717732,-0.0007674796010390914,0.003887322770734109,0.003887322770734109
/Users/yti0811/Desktop/FE_data/npj_CM01/NPJ_CM_Fig_Python/Public_Reproducibility_Package_V01/npjcm-free-energy-surrogate_Re3/Python_Codes/table/snapshots_split/Cu_500K_snap00045.extxyz,Cu,500,Cu__500,-0.0044960861319774,-0.0007642254721797816,0.0037318606597976185,0.0037318606597976185
/Users/yti0811/Desktop/FE_data/npj_CM01/NPJ_CM_Fig_Python/Public_Reproducibility_Package_V01/npjcm-free-energy-surrogate_Re3/Python_Codes/table/snapshots_split/Cu_500K_snap00046.extxyz,Cu,500,Cu__500,-0.0042758608305012,-0.000764853326708021,0.003511007503793179,0.003511007503793179
/Users/yti0811/Desktop/FE_data/npj_CM01/NPJ_CM_Fig_Python/Public_Reproducibility_Package_V01/npjcm-free-energy-surrogate_Re3/Python_Codes/table/snapshots_split/Cu_500K_snap00047.extxyz,Cu,500,Cu__500,-0.0044537583336756,-0.0007651703246522014,0.0036885880090233984,0.0036885880090233984
/Users/yti0811/Desktop/FE_data/npj_CM01/NPJ_CM_Fig_Python/Public_Reproducibility_Package_V01/npjcm-free-energy-surrogate_Re3/Python_Codes/table/snapshots_split/Cu_500K_snap00048.extxyz,Cu,500,Cu__500,-0.0048399007375281,-0.0007664608804938447,0.004073439857034255,0.004073439857034255
/Users/yti0811/Desktop/FE_data/npj_CM01/NPJ_CM_Fig_Python/Public_Reproducibility_Package_V01/npjcm-free-energy-surrogate_Re3/Python_Codes/table/snapshots_split/Cu_500K_snap00049.extxyz,Cu,500,Cu__500,-0.0046279788473871,-0.000764204496817513,0.003863774350569587,0.003863774350569587
/Users/yti0811/Desktop/FE_data/npj_CM01/NPJ_CM_Fig_Python/Public_Reproducibility_Package_V01/npjcm-free-energy-surrogate_Re3/Python_Codes/table/snapshots_split/Cu_500K_snap00050.extxyz,Cu,500,Cu__500,-0.0043844933809133,-0.0007668463137718367,0.0036176470671414633,0.0036176470671414633
/Users/yti0811/Desktop/FE_data/npj_CM01/NPJ_CM_Fig_Python/Public_Reproducibility_Package_V01/npjcm-free-energy-surrogate_Re3/Python_Codes/table/snapshots_split/Cu_500K_snap00051.extxyz,Cu,500,Cu__500,-0.0045421000845607,-0.0007623804678282948,0.003779719616732405,0.003779719616732405
/Users/yti0811/Desktop/FE_data/npj_CM01/NPJ_CM_Fig_Python/Public_Reproducibility_Package_V01/npjcm-free-energy-surrogate_Re3/Python_Codes/table/snapshots_split/Cu_500K_snap00052.extxyz,Cu,500,Cu__500,-0.0044811629153101,-0.0007631013260243235,0.0037180615892857764,0.0037180615892857764
/Users/yti0811/Desktop/FE_data/npj_CM01/NPJ_CM_Fig_Python/Public_Reproducibility_Package_V01/npjcm-free-energy-surrogate_Re3/Python_Codes/table/snapshots_split/Cu_500K_snap00053.extxyz,Cu,500,Cu__500,-0.0043664320833269,-0.0007599978316041886,0.0036064342517227116,0.0036064342517227116
/Users/yti0811/Desktop/FE_data/npj_CM01/NPJ_CM_Fig_Python/Public_Reproducibility_Package_V01/npjcm-free-energy-surrogate_Re3/Python_Codes/table/snapshots_split/Cu_500K_snap00054.extxyz,Cu,500,Cu__500,-0.0043935046732367,-0.000765755377424946,0.003627749295811754,0.003627749295811754
/Users/yti0811/Desktop/FE_data/npj_CM01/NPJ_CM_Fig_Python/Public_Reproducibility_Package_V01/npjcm-free-energy-surrogate_Re3/Python_Codes/table/snapshots_split/Cu_500K_snap00055.extxyz,Cu,500,Cu__500,-0.0045168868231585,-0.0007627460608102588,0.0037541407623482414,0.0037541407623482414
/Users/yti0811/Desktop/FE_data/npj_CM01/NPJ_CM_Fig_Python/Public_Reproducibility_Package_V01/npjcm-free-energy-surrogate_Re3/Python_Codes/table/snapshots_split/Cu_500K_snap00056.extxyz,Cu,500,Cu__500,-0.004359838854797,-0.0007658465263996957,0.0035939923283973044,0.0035939923283973044
/Users/yti0811/Desktop/FE_data/npj_CM01/NPJ_CM_Fig_Python/Public_Reproducibility_Package_V01/npjcm-free-energy-surrogate_Re3/Python_Codes/table/snapshots_split/Cu_500K_snap00057.extxyz,Cu,500,Cu__500,-0.0047231485847291,-0.0007612333690884773,0.003961915215640623,0.003961915215640623
/Users/yti0811/Desktop/FE_data/npj_CM01/NPJ_CM_Fig_Python/Public_Reproducibility_Package_V01/npjcm-free-energy-surrogate_Re3/Python_Codes/table/snapshots_split/Cu_500K_snap00058.extxyz,Cu,500,Cu__500,-0.0046203128102652,-0.0007619483437215879,0.0038583644665436123,0.0038583644665436123
/Users/yti0811/Desktop/FE_data/npj_CM01/NPJ_CM_Fig_Python/Public_Reproducibility_Package_V01/npjcm-free-energy-surrogate_Re3/Python_Codes/table/snapshots_split/Cu_500K_snap00059.extxyz,Cu,500,Cu__500,-0.005045327500027,-0.0007614887824479285,0.0042838387175790716,0.0042838387175790716
/Users/yti0811/Desktop/FE_data/npj_CM01/NPJ_CM_Fig_Python/Public_Reproducibility_Package_V01/npjcm-free-energy-surrogate_Re3/Python_Codes/table/snapshots_split/Cu_500K_snap00060.extxyz,Cu,500,Cu__500,-0.0047126023225327,-0.0007665748289679818,0.003946027493564718,0.003946027493564718
/Users/yti0811/Desktop/FE_data/npj_CM01/NPJ_CM_Fig_Python/Public_Reproducibility_Package_V01/npjcm-free-energy-surrogate_Re3/Python_Codes/table/snapshots_split/Cu_500K_snap00061.extxyz,Cu,500,Cu__500,-0.0039102459272929,-0.0007677344793611194,0.003142511447931781,0.003142511447931781
/Users/yti0811/Desktop/FE_data/npj_CM01/NPJ_CM_Fig_Python/Public_Reproducibility_Package_V01/npjcm-free-energy-surrogate_Re3/Python_Codes/table/snapshots_split/Cu_500K_snap00062.extxyz,Cu,500,Cu__500,-0.0045678250523084,-0.0007647013591701385,0.0038031236931382615,0.0038031236931382615
/Users/yti0811/Desktop/FE_data/npj_CM01/NPJ_CM_Fig_Python/Public_Reproducibility_Package_V01/npjcm-free-energy-surrogate_Re3/Python_Codes/table/snapshots_split/Cu_500K_snap00063.extxyz,Cu,500,Cu__500,-0.0041234371315108,-0.0007671255326908598,0.0033563115988199405,0.0033563115988199405
/Users/yti0811/Desktop/FE_data/npj_CM01/NPJ_CM_Fig_Python/Public_Reproducibility_Package_V01/npjcm-free-energy-surrogate_Re3/Python_Codes/table/snapshots_split/Cu_500K_snap00064.extxyz,Cu,500,Cu__500,-0.0045926849571732,-0.0007640102075146885,0.0038286747496585113,0.0038286747496585113
/Users/yti0811/Desktop/FE_data/npj_CM01/NPJ_CM_Fig_Python/Public_Reproducibility_Package_V01/npjcm-free-energy-surrogate_Re3/Python_Codes/table/snapshots_split/Cu_500K_snap00065.extxyz,Cu,500,Cu__500,-0.004566740498467,-0.000763646589677867,0.003803093908789133,0.003803093908789133
/Users/yti0811/Desktop/FE_data/npj_CM01/NPJ_CM_Fig_Python/Public_Reproducibility_Package_V01/npjcm-free-energy-surrogate_Re3/Python_Codes/table/snapshots_split/Cu_500K_snap00066.extxyz,Cu,500,Cu__500,-0.0044629395408808,-0.0007653674065235542,0.003697572134357246,0.003697572134357246
/Users/yti0811/Desktop/FE_data/npj_CM01/NPJ_CM_Fig_Python/Public_Reproducibility_Package_V01/npjcm-free-energy-surrogate_Re3/Python_Codes/table/snapshots_split/Cu_500K_snap00067.extxyz,Cu,500,Cu__500,-0.0041149694486621,-0.0007661715029730954,0.0033487979456890047,0.0033487979456890047
/Users/yti0811/Desktop/FE_data/npj_CM01/NPJ_CM_Fig_Python/Public_Reproducibility_Package_V01/npjcm-free-energy-surrogate_Re3/Python_Codes/table/snapshots_split/Cu_500K_snap00068.extxyz,Cu,500,Cu__500,-0.0044459566139231,-0.0007676912667604307,0.0036782653471626693,0.0036782653471626693
/Users/yti0811/Desktop/FE_data/npj_CM01/NPJ_CM_Fig_Python/Public_Reproducibility_Package_V01/npjcm-free-energy-surrogate_Re3/Python_Codes/table/snapshots_split/Cu_500K_snap00069.extxyz,Cu,500,Cu__500,-0.0044495727028368,-0.0007650450553628619,0.003684527647473938,0.003684527647473938
/Users/yti0811/Desktop/FE_data/npj_CM01/NPJ_CM_Fig_Python/Public_Reproducibility_Package_V01/npjcm-free-energy-surrogate_Re3/Python_Codes/table/snapshots_split/Cu_500K_snap00070.extxyz,Cu,500,Cu__500,-0.0044751004868749,-0.0007676285562700047,0.003707471930604895,0.003707471930604895
/Users/yti0811/Desktop/FE_data/npj_CM01/NPJ_CM_Fig_Python/Public_Reproducibility_Package_V01/npjcm-free-energy-surrogate_Re3/Python_Codes/table/snapshots_split/Cu_500K_snap00071.extxyz,Cu,500,Cu__500,-0.0041743986173985,-0.0007620114936231461,0.0034123871237753535,0.0034123871237753535
/Users/yti0811/Desktop/FE_data/npj_CM01/NPJ_CM_Fig_Python/Public_Reproducibility_Package_V01/npjcm-free-energy-surrogate_Re3/Python_Codes/table/snapshots_split/Cu_500K_snap00072.extxyz,Cu,500,Cu__500,-0.0046740864518244,-0.0007645785788769997,0.0039095078729474006,0.0039095078729474006
/Users/yti0811/Desktop/FE_data/npj_CM01/NPJ_CM_Fig_Python/Public_Reproducibility_Package_V01/npjcm-free-energy-surrogate_Re3/Python_Codes/table/snapshots_split/Cu_500K_snap00073.extxyz,Cu,500,Cu__500,-0.0045492136530213,-0.0007662346098676903,0.0037829790431536097,0.0037829790431536097
/Users/yti0811/Desktop/FE_data/npj_CM01/NPJ_CM_Fig_Python/Public_Reproducibility_Package_V01/npjcm-free-energy-surrogate_Re3/Python_Codes/table/snapshots_split/Cu_500K_snap00074.extxyz,Cu,500,Cu__500,-0.0045722195207806,-0.0007685222087902459,0.0038036973119903537,0.0038036973119903537
/Users/yti0811/Desktop/FE_data/npj_CM01/NPJ_CM_Fig_Python/Public_Reproducibility_Package_V01/npjcm-free-energy-surrogate_Re3/Python_Codes/table/snapshots_split/Cu_500K_snap00075.extxyz,Cu,500,Cu__500,-0.0045592036420667,-0.0007648226328472804,0.0037943810092194194,0.0037943810092194194
/Users/yti0811/Desktop/FE_data/npj_CM01/NPJ_CM_Fig_Python/Public_Reproducibility_Package_V01/npjcm-free-energy-surrogate_Re3/Python_Codes/table/snapshots_split/Cu_500K_snap00076.extxyz,Cu,500,Cu__500,-0.0043286262034296,-0.000764528302616162,0.0035640979008134377,0.0035640979008134377
/Users/yti0811/Desktop/FE_data/npj_CM01/NPJ_CM_Fig_Python/Public_Reproducibility_Package_V01/npjcm-free-energy-surrogate_Re3/Python_Codes/table/snapshots_split/Cu_500K_snap00077.extxyz,Cu,500,Cu__500,-0.0042921710505816,-0.0007711358889135678,0.003521035161668032,0.003521035161668032
/Users/yti0811/Desktop/FE_data/npj_CM01/NPJ_CM_Fig_Python/Public_Reproducibility_Package_V01/npjcm-free-energy-surrogate_Re3/Python_Codes/table/snapshots_split/Cu_500K_snap00078.extxyz,Cu,500,Cu__500,-0.0045279642959775,-0.0007653286686756012,0.003762635627301899,0.003762635627301899
/Users/yti0811/Desktop/FE_data/npj_CM01/NPJ_CM_Fig_Python/Public_Reproducibility_Package_V01/npjcm-free-energy-surrogate_Re3/Python_Codes/table/snapshots_split/Cu_500K_snap00079.extxyz,Cu,500,Cu__500,-0.0046209825258139,-0.0007700917040138486,0.0038508908218000517,0.0038508908218000517
/Users/yti0811/Desktop/FE_data/npj_CM01/NPJ_CM_Fig_Python/Public_Reproducibility_Package_V01/npjcm-free-energy-surrogate_Re3/Python_Codes/table/snapshots_split/Cu_500K_snap00080.extxyz,Cu,500,Cu__500,-0.0044075159915072,-0.0007636819945317662,0.0036438339969754336,0.0036438339969754336
/Users/yti0811/Desktop/FE_data/npj_CM01/NPJ_CM_Fig_Python/Public_Reproducibility_Package_V01/npjcm-free-energy-surrogate_Re3/Python_Codes/table/snapshots_split/Cu_500K_snap00081.extxyz,Cu,500,Cu__500,-0.0048081422091459,-0.0007668888614455153,0.004041253347700385,0.004041253347700385
/Users/yti0811/Desktop/FE_data/npj_CM01/NPJ_CM_Fig_Python/Public_Reproducibility_Package_V01/npjcm-free-energy-surrogate_Re3/Python_Codes/table/snapshots_split/Cu_500K_snap00082.extxyz,Cu,500,Cu__500,-0.0046637566193141,-0.0007665701104666429,0.0038971865088474568,0.0038971865088474568
/Users/yti0811/Desktop/FE_data/npj_CM01/NPJ_CM_Fig_Python/Public_Reproducibility_Package_V01/npjcm-free-energy-surrogate_Re3/Python_Codes/table/snapshots_split/Cu_500K_snap00083.extxyz,Cu,500,Cu__500,-0.0042431308548191,-0.0007682069664671944,0.003474923888351906,0.003474923888351906
/Users/yti0811/Desktop/FE_data/npj_CM01/NPJ_CM_Fig_Python/Public_Reproducibility_Package_V01/npjcm-free-energy-surrogate_Re3/Python_Codes/table/snapshots_split/Cu_500K_snap00084.extxyz,Cu,500,Cu__500,-0.0041572767860444,-0.0007655545663827611,0.0033917222196616394,0.0033917222196616394
/Users/yti0811/Desktop/FE_data/npj_CM01/NPJ_CM_Fig_Python/Public_Reproducibility_Package_V01/npjcm-free-energy-surrogate_Re3/Python_Codes/table/snapshots_split/Cu_500K_snap00085.extxyz,Cu,500,Cu__500,-0.0044084469776602,-0.0007654184116797153,0.0036430285659804847,0.0036430285659804847
/Users/yti0811/Desktop/FE_data/npj_CM01/NPJ_CM_Fig_Python/Public_Reproducibility_Package_V01/npjcm-free-energy-surrogate_Re3/Python_Codes/table/snapshots_split/Cu_500K_snap00086.extxyz,Cu,500,Cu__500,-0.0045722712444254,-0.0007615155340241257,0.0038107557104012746,0.0038107557104012746
/Users/yti0811/Desktop/FE_data/npj_CM01/NPJ_CM_Fig_Python/Public_Reproducibility_Package_V01/npjcm-free-energy-surrogate_Re3/Python_Codes/table/snapshots_split/Cu_500K_snap00087.extxyz,Cu,500,Cu__500,-0.0045395948961552,-0.0007586051836796395,0.00378098971247556,0.00378098971247556
/Users/yti0811/Desktop/FE_data/npj_CM01/NPJ_CM_Fig_Python/Public_Reproducibility_Package_V01/npjcm-free-energy-surrogate_Re3/Python_Codes/table/snapshots_split/Cu_500K_snap00088.extxyz,Cu,500,Cu__500,-0.0049561598008364,-0.000762003544882312,0.004194156255954088,0.004194156255954088
/Users/yti0811/Desktop/FE_data/npj_CM01/NPJ_CM_Fig_Python/Public_Reproducibility_Package_V01/npjcm-free-energy-surrogate_Re3/Python_Codes/table/snapshots_split/Cu_500K_snap00089.extxyz,Cu,500,Cu__500,-0.0042552402942876,-0.0007641584411407446,0.0034910818531468553,0.0034910818531468553
/Users/yti0811/Desktop/FE_data/npj_CM01/NPJ_CM_Fig_Python/Public_Reproducibility_Package_V01/npjcm-free-energy-surrogate_Re3/Python_Codes/table/snapshots_split/Cu_500K_snap00090.extxyz,Cu,500,Cu__500,-0.0042656790474677,-0.0007720776706905832,0.003493601376777117,0.003493601376777117
/Users/yti0811/Desktop/FE_data/npj_CM01/NPJ_CM_Fig_Python/Public_Reproducibility_Package_V01/npjcm-free-energy-surrogate_Re3/Python_Codes/table/snapshots_split/Cu_500K_snap00091.extxyz,Cu,500,Cu__500,-0.0041827193753092,-0.0007684171249204491,0.003414302250388751,0.003414302250388751
/Users/yti0811/Desktop/FE_data/npj_CM01/NPJ_CM_Fig_Python/Public_Reproducibility_Package_V01/npjcm-free-energy-surrogate_Re3/Python_Codes/table/snapshots_split/Cu_500K_snap00092.extxyz,Cu,500,Cu__500,-0.0045148504341234,-0.0007640790193102369,0.0037507714148131634,0.0037507714148131634
/Users/yti0811/Desktop/FE_data/npj_CM01/NPJ_CM_Fig_Python/Public_Reproducibility_Package_V01/npjcm-free-energy-surrogate_Re3/Python_Codes/table/snapshots_split/Cu_500K_snap00093.extxyz,Cu,500,Cu__500,-0.0044589735341483,-0.0007646403667809124,0.0036943331673673875,0.0036943331673673875
/Users/yti0811/Desktop/FE_data/npj_CM01/NPJ_CM_Fig_Python/Public_Reproducibility_Package_V01/npjcm-free-energy-surrogate_Re3/Python_Codes/table/snapshots_split/Cu_500K_snap00094.extxyz,Cu,500,Cu__500,-0.0045301246506927,-0.0007664888728200177,0.0037636357778726825,0.0037636357778726825
/Users/yti0811/Desktop/FE_data/npj_CM01/NPJ_CM_Fig_Python/Public_Reproducibility_Package_V01/npjcm-free-energy-surrogate_Re3/Python_Codes/table/snapshots_split/Cu_500K_snap00095.extxyz,Cu,500,Cu__500,-0.0046160066903943,-0.0007596507184984437,0.003856355971895856,0.003856355971895856
/Users/yti0811/Desktop/FE_data/npj_CM01/NPJ_CM_Fig_Python/Public_Reproducibility_Package_V01/npjcm-free-energy-surrogate_Re3/Python_Codes/table/snapshots_split/Cu_500K_snap00096.extxyz,Cu,500,Cu__500,-0.0043935658204556,-0.0007625364837520139,0.0036310293367035856,0.0036310293367035856
/Users/yti0811/Desktop/FE_data/npj_CM01/NPJ_CM_Fig_Python/Public_Reproducibility_Package_V01/npjcm-free-energy-surrogate_Re3/Python_Codes/table/snapshots_split/Cu_500K_snap00097.extxyz,Cu,500,Cu__500,-0.004275127913825,-0.0007647269519014913,0.003510400961923509,0.003510400961923509
/Users/yti0811/Desktop/FE_data/npj_CM01/NPJ_CM_Fig_Python/Public_Reproducibility_Package_V01/npjcm-free-energy-surrogate_Re3/Python_Codes/table/snapshots_split/Cu_500K_snap00098.extxyz,Cu,500,Cu__500,-0.0047403989298996,-0.0007670220884694607,0.003973376841430139,0.003973376841430139
/Users/yti0811/Desktop/FE_data/npj_CM01/NPJ_CM_Fig_Python/Public_Reproducibility_Package_V01/npjcm-free-energy-surrogate_Re3/Python_Codes/table/snapshots_split/Cu_500K_snap00099.extxyz,Cu,500,Cu__500,-0.0044749777672072,-0.000760877882054905,0.0037140998851522954,0.0037140998851522954
/Users/yti0811/Desktop/FE_data/npj_CM01/NPJ_CM_Fig_Python/Public_Reproducibility_Package_V01/npjcm-free-energy-surrogate_Re3/Python_Codes/table/snapshots_split/Cu_600K_snap00000.extxyz,Cu,600,Cu__600,-0.0061952738233918,-0.0006045404707625023,0.005590733352629298,0.005590733352629298
/Users/yti0811/Desktop/FE_data/npj_CM01/NPJ_CM_Fig_Python/Public_Reproducibility_Package_V01/npjcm-free-energy-surrogate_Re3/Python_Codes/table/snapshots_split/Cu_600K_snap00001.extxyz,Cu,600,Cu__600,-0.0065347290355201,-0.0006112051841147238,0.005923523851405377,0.005923523851405377
/Users/yti0811/Desktop/FE_data/npj_CM01/NPJ_CM_Fig_Python/Public_Reproducibility_Package_V01/npjcm-free-energy-surrogate_Re3/Python_Codes/table/snapshots_split/Cu_600K_snap00002.extxyz,Cu,600,Cu__600,-0.0074955395002856,-0.0006114803293349215,0.006884059170950679,0.006884059170950679
/Users/yti0811/Desktop/FE_data/npj_CM01/NPJ_CM_Fig_Python/Public_Reproducibility_Package_V01/npjcm-free-energy-surrogate_Re3/Python_Codes/table/snapshots_split/Cu_600K_snap00003.extxyz,Cu,600,Cu__600,-0.0064266824732829,-0.0006067887300198946,0.005819893743263005,0.005819893743263005
/Users/yti0811/Desktop/FE_data/npj_CM01/NPJ_CM_Fig_Python/Public_Reproducibility_Package_V01/npjcm-free-energy-surrogate_Re3/Python_Codes/table/snapshots_split/Cu_600K_snap00004.extxyz,Cu,600,Cu__600,-0.0063790070284518,-0.0006053610404346337,0.005773645988017166,0.005773645988017166
/Users/yti0811/Desktop/FE_data/npj_CM01/NPJ_CM_Fig_Python/Public_Reproducibility_Package_V01/npjcm-free-energy-surrogate_Re3/Python_Codes/table/snapshots_split/Cu_600K_snap00005.extxyz,Cu,600,Cu__600,-0.0062375211159756,-0.0006044652194407227,0.005633055896534877,0.005633055896534877
/Users/yti0811/Desktop/FE_data/npj_CM01/NPJ_CM_Fig_Python/Public_Reproducibility_Package_V01/npjcm-free-energy-surrogate_Re3/Python_Codes/table/snapshots_split/Cu_600K_snap00006.extxyz,Cu,600,Cu__600,-0.0064193535122342,-0.000611301324929153,0.0058080521873050475,0.0058080521873050475
/Users/yti0811/Desktop/FE_data/npj_CM01/NPJ_CM_Fig_Python/Public_Reproducibility_Package_V01/npjcm-free-energy-surrogate_Re3/Python_Codes/table/snapshots_split/Cu_600K_snap00007.extxyz,Cu,600,Cu__600,-0.0066427182587202,-0.0006097220011019571,0.006032996257618243,0.006032996257618243
/Users/yti0811/Desktop/FE_data/npj_CM01/NPJ_CM_Fig_Python/Public_Reproducibility_Package_V01/npjcm-free-energy-surrogate_Re3/Python_Codes/table/snapshots_split/Cu_600K_snap00008.extxyz,Cu,600,Cu__600,-0.0068208107593487,-0.0006016283147647025,0.006219182444583998,0.006219182444583998
/Users/yti0811/Desktop/FE_data/npj_CM01/NPJ_CM_Fig_Python/Public_Reproducibility_Package_V01/npjcm-free-energy-surrogate_Re3/Python_Codes/table/snapshots_split/Cu_600K_snap00009.extxyz,Cu,600,Cu__600,-0.0068017890256316,-0.0006101140688340073,0.006191674956797593,0.006191674956797593
/Users/yti0811/Desktop/FE_data/npj_CM01/NPJ_CM_Fig_Python/Public_Reproducibility_Package_V01/npjcm-free-energy-surrogate_Re3/Python_Codes/table/snapshots_split/Cu_600K_snap00010.extxyz,Cu,600,Cu__600,-0.0068713344705874,-0.0006043615326668414,0.006266972937920559,0.006266972937920559
/Users/yti0811/Desktop/FE_data/npj_CM01/NPJ_CM_Fig_Python/Public_Reproducibility_Package_V01/npjcm-free-energy-surrogate_Re3/Python_Codes/table/snapshots_split/Cu_600K_snap00011.extxyz,Cu,600,Cu__600,-0.0064411779266423,-0.0006068978669288421,0.005834280059713458,0.005834280059713458
/Users/yti0811/Desktop/FE_data/npj_CM01/NPJ_CM_Fig_Python/Public_Reproducibility_Package_V01/npjcm-free-energy-surrogate_Re3/Python_Codes/table/snapshots_split/Cu_600K_snap00012.extxyz,Cu,600,Cu__600,-0.0066255432196612,-0.0005995379332757677,0.006026005286385432,0.006026005286385432
/Users/yti0811/Desktop/FE_data/npj_CM01/NPJ_CM_Fig_Python/Public_Reproducibility_Package_V01/npjcm-free-energy-surrogate_Re3/Python_Codes/table/snapshots_split/Cu_600K_snap00013.extxyz,Cu,600,Cu__600,-0.0066582647873246,-0.0006071383939443459,0.006051126393380254,0.006051126393380254
/Users/yti0811/Desktop/FE_data/npj_CM01/NPJ_CM_Fig_Python/Public_Reproducibility_Package_V01/npjcm-free-energy-surrogate_Re3/Python_Codes/table/snapshots_split/Cu_600K_snap00014.extxyz,Cu,600,Cu__600,-0.0066530901067282,-0.0006011317241300051,0.006051958382598194,0.006051958382598194
/Users/yti0811/Desktop/FE_data/npj_CM01/NPJ_CM_Fig_Python/Public_Reproducibility_Package_V01/npjcm-free-energy-surrogate_Re3/Python_Codes/table/snapshots_split/Cu_600K_snap00015.extxyz,Cu,600,Cu__600,-0.006356524497323,-0.0006096559219688992,0.005746868575354101,0.005746868575354101
/Users/yti0811/Desktop/FE_data/npj_CM01/NPJ_CM_Fig_Python/Public_Reproducibility_Package_V01/npjcm-free-energy-surrogate_Re3/Python_Codes/table/snapshots_split/Cu_600K_snap00016.extxyz,Cu,600,Cu__600,-0.0065780306605066,-0.000607032119022356,0.0059709985414842445,0.0059709985414842445
/Users/yti0811/Desktop/FE_data/npj_CM01/NPJ_CM_Fig_Python/Public_Reproducibility_Package_V01/npjcm-free-energy-surrogate_Re3/Python_Codes/table/snapshots_split/Cu_600K_snap00017.extxyz,Cu,600,Cu__600,-0.0061674196445097,-0.0006048236494592673,0.005562595995050433,0.005562595995050433
/Users/yti0811/Desktop/FE_data/npj_CM01/NPJ_CM_Fig_Python/Public_Reproducibility_Package_V01/npjcm-free-energy-surrogate_Re3/Python_Codes/table/snapshots_split/Cu_600K_snap00018.extxyz,Cu,600,Cu__600,-0.0065251643951044,-0.0006071366351003818,0.005918027760004018,0.005918027760004018
/Users/yti0811/Desktop/FE_data/npj_CM01/NPJ_CM_Fig_Python/Public_Reproducibility_Package_V01/npjcm-free-energy-surrogate_Re3/Python_Codes/table/snapshots_split/Cu_600K_snap00019.extxyz,Cu,600,Cu__600,-0.0071582780664573,-0.0006035339842294538,0.006554744082227846,0.006554744082227846
/Users/yti0811/Desktop/FE_data/npj_CM01/NPJ_CM_Fig_Python/Public_Reproducibility_Package_V01/npjcm-free-energy-surrogate_Re3/Python_Codes/table/snapshots_split/Cu_600K_snap00020.extxyz,Cu,600,Cu__600,-0.006603911394272,-0.0006093570181627794,0.005994554376109221,0.005994554376109221
/Users/yti0811/Desktop/FE_data/npj_CM01/NPJ_CM_Fig_Python/Public_Reproducibility_Package_V01/npjcm-free-energy-surrogate_Re3/Python_Codes/table/snapshots_split/Cu_600K_snap00021.extxyz,Cu,600,Cu__600,-0.0066529335000912,-0.000609245498750138,0.006043688001341062,0.006043688001341062
/Users/yti0811/Desktop/FE_data/npj_CM01/NPJ_CM_Fig_Python/Public_Reproducibility_Package_V01/npjcm-free-energy-surrogate_Re3/Python_Codes/table/snapshots_split/Cu_600K_snap00022.extxyz,Cu,600,Cu__600,-0.00701142896933,-0.000603823373650572,0.006407605595679428,0.006407605595679428
/Users/yti0811/Desktop/FE_data/npj_CM01/NPJ_CM_Fig_Python/Public_Reproducibility_Package_V01/npjcm-free-energy-surrogate_Re3/Python_Codes/table/snapshots_split/Cu_600K_snap00023.extxyz,Cu,600,Cu__600,-0.0064382451604733,-0.000604418217180431,0.0058338269432928695,0.0058338269432928695
/Users/yti0811/Desktop/FE_data/npj_CM01/NPJ_CM_Fig_Python/Public_Reproducibility_Package_V01/npjcm-free-energy-surrogate_Re3/Python_Codes/table/snapshots_split/Cu_600K_snap00024.extxyz,Cu,600,Cu__600,-0.0063034396245077,-0.0006033515608560464,0.005700088063651653,0.005700088063651653
/Users/yti0811/Desktop/FE_data/npj_CM01/NPJ_CM_Fig_Python/Public_Reproducibility_Package_V01/npjcm-free-energy-surrogate_Re3/Python_Codes/table/snapshots_split/Cu_600K_snap00025.extxyz,Cu,600,Cu__600,-0.0068620957557906,-0.00060333842026391,0.00625875733552669,0.00625875733552669
/Users/yti0811/Desktop/FE_data/npj_CM01/NPJ_CM_Fig_Python/Public_Reproducibility_Package_V01/npjcm-free-energy-surrogate_Re3/Python_Codes/table/snapshots_split/Cu_600K_snap00026.extxyz,Cu,600,Cu__600,-0.0064278100195357,-0.0006113550748332452,0.005816454944702455,0.005816454944702455
/Users/yti0811/Desktop/FE_data/npj_CM01/NPJ_CM_Fig_Python/Public_Reproducibility_Package_V01/npjcm-free-energy-surrogate_Re3/Python_Codes/table/snapshots_split/Cu_600K_snap00027.extxyz,Cu,600,Cu__600,-0.0062442985194238,-0.0006026348051881464,0.005641663714235653,0.005641663714235653
/Users/yti0811/Desktop/FE_data/npj_CM01/NPJ_CM_Fig_Python/Public_Reproducibility_Package_V01/npjcm-free-energy-surrogate_Re3/Python_Codes/table/snapshots_split/Cu_600K_snap00028.extxyz,Cu,600,Cu__600,-0.0065557757718818,-0.0006021846048678646,0.005953591167013935,0.005953591167013935
/Users/yti0811/Desktop/FE_data/npj_CM01/NPJ_CM_Fig_Python/Public_Reproducibility_Package_V01/npjcm-free-energy-surrogate_Re3/Python_Codes/table/snapshots_split/Cu_600K_snap00029.extxyz,Cu,600,Cu__600,-0.0068264860874117,-0.0006066602805278134,0.006219825806883886,0.006219825806883886
/Users/yti0811/Desktop/FE_data/npj_CM01/NPJ_CM_Fig_Python/Public_Reproducibility_Package_V01/npjcm-free-energy-surrogate_Re3/Python_Codes/table/snapshots_split/Cu_600K_snap00030.extxyz,Cu,600,Cu__600,-0.0069991862514869,-0.0006123091548890979,0.006386877096597802,0.006386877096597802
/Users/yti0811/Desktop/FE_data/npj_CM01/NPJ_CM_Fig_Python/Public_Reproducibility_Package_V01/npjcm-free-energy-surrogate_Re3/Python_Codes/table/snapshots_split/Cu_600K_snap00031.extxyz,Cu,600,Cu__600,-0.0069498614159265,-0.0006073203007058014,0.006342541115220699,0.006342541115220699
/Users/yti0811/Desktop/FE_data/npj_CM01/NPJ_CM_Fig_Python/Public_Reproducibility_Package_V01/npjcm-free-energy-surrogate_Re3/Python_Codes/table/snapshots_split/Cu_600K_snap00032.extxyz,Cu,600,Cu__600,-0.0065026063569088,-0.0006041568901894203,0.005898449466719379,0.005898449466719379
/Users/yti0811/Desktop/FE_data/npj_CM01/NPJ_CM_Fig_Python/Public_Reproducibility_Package_V01/npjcm-free-energy-surrogate_Re3/Python_Codes/table/snapshots_split/Cu_600K_snap00033.extxyz,Cu,600,Cu__600,-0.0066369639469575,-0.0006088917621839087,0.006028072184773591,0.006028072184773591
/Users/yti0811/Desktop/FE_data/npj_CM01/NPJ_CM_Fig_Python/Public_Reproducibility_Package_V01/npjcm-free-energy-surrogate_Re3/Python_Codes/table/snapshots_split/Cu_600K_snap00034.extxyz,Cu,600,Cu__600,-0.0070139968394306,-0.0006004605210953345,0.006413536318335266,0.006413536318335266
/Users/yti0811/Desktop/FE_data/npj_CM01/NPJ_CM_Fig_Python/Public_Reproducibility_Package_V01/npjcm-free-energy-surrogate_Re3/Python_Codes/table/snapshots_split/Cu_600K_snap00035.extxyz,Cu,600,Cu__600,-0.0063894388943869,-0.0006090873652576959,0.005780351529129204,0.005780351529129204
/Users/yti0811/Desktop/FE_data/npj_CM01/NPJ_CM_Fig_Python/Public_Reproducibility_Package_V01/npjcm-free-energy-surrogate_Re3/Python_Codes/table/snapshots_split/Cu_600K_snap00036.extxyz,Cu,600,Cu__600,-0.0067368878795542,-0.0006081478481008733,0.006128740031453327,0.006128740031453327
/Users/yti0811/Desktop/FE_data/npj_CM01/NPJ_CM_Fig_Python/Public_Reproducibility_Package_V01/npjcm-free-energy-surrogate_Re3/Python_Codes/table/snapshots_split/Cu_600K_snap00037.extxyz,Cu,600,Cu__600,-0.0065497636768693,-0.0006113005478092295,0.0059384631290600705,0.0059384631290600705
/Users/yti0811/Desktop/FE_data/npj_CM01/NPJ_CM_Fig_Python/Public_Reproducibility_Package_V01/npjcm-free-energy-surrogate_Re3/Python_Codes/table/snapshots_split/Cu_600K_snap00038.extxyz,Cu,600,Cu__600,-0.006377341312432,-0.0006152431985628355,0.005762098113869165,0.005762098113869165
/Users/yti0811/Desktop/FE_data/npj_CM01/NPJ_CM_Fig_Python/Public_Reproducibility_Package_V01/npjcm-free-energy-surrogate_Re3/Python_Codes/table/snapshots_split/Cu_600K_snap00039.extxyz,Cu,600,Cu__600,-0.0063608783706218,-0.0006088239874533777,0.005752054383168423,0.005752054383168423
/Users/yti0811/Desktop/FE_data/npj_CM01/NPJ_CM_Fig_Python/Public_Reproducibility_Package_V01/npjcm-free-energy-surrogate_Re3/Python_Codes/table/snapshots_split/Cu_600K_snap00040.extxyz,Cu,600,Cu__600,-0.0067885948707199,-0.0006069931007665196,0.006181601769953381,0.006181601769953381
/Users/yti0811/Desktop/FE_data/npj_CM01/NPJ_CM_Fig_Python/Public_Reproducibility_Package_V01/npjcm-free-energy-surrogate_Re3/Python_Codes/table/snapshots_split/Cu_600K_snap00041.extxyz,Cu,600,Cu__600,-0.006393435128947,-0.000604877659457866,0.005788557469489134,0.005788557469489134
/Users/yti0811/Desktop/FE_data/npj_CM01/NPJ_CM_Fig_Python/Public_Reproducibility_Package_V01/npjcm-free-energy-surrogate_Re3/Python_Codes/table/snapshots_split/Cu_600K_snap00042.extxyz,Cu,600,Cu__600,-0.0068796785055192,-0.0006011996511684946,0.006278478854350705,0.006278478854350705
/Users/yti0811/Desktop/FE_data/npj_CM01/NPJ_CM_Fig_Python/Public_Reproducibility_Package_V01/npjcm-free-energy-surrogate_Re3/Python_Codes/table/snapshots_split/Cu_600K_snap00043.extxyz,Cu,600,Cu__600,-0.0068875402813785,-0.0006081828530586806,0.006279357428319819,0.006279357428319819
/Users/yti0811/Desktop/FE_data/npj_CM01/NPJ_CM_Fig_Python/Public_Reproducibility_Package_V01/npjcm-free-energy-surrogate_Re3/Python_Codes/table/snapshots_split/Cu_600K_snap00044.extxyz,Cu,600,Cu__600,-0.0068138319498299,-0.0006100116529496005,0.0062038202968802995,0.0062038202968802995
/Users/yti0811/Desktop/FE_data/npj_CM01/NPJ_CM_Fig_Python/Public_Reproducibility_Package_V01/npjcm-free-energy-surrogate_Re3/Python_Codes/table/snapshots_split/Cu_600K_snap00045.extxyz,Cu,600,Cu__600,-0.0071594620743912,-0.0005997776876619501,0.00655968438672925,0.00655968438672925
/Users/yti0811/Desktop/FE_data/npj_CM01/NPJ_CM_Fig_Python/Public_Reproducibility_Package_V01/npjcm-free-energy-surrogate_Re3/Python_Codes/table/snapshots_split/Cu_600K_snap00046.extxyz,Cu,600,Cu__600,-0.0066062462362398,-0.0006114904003879466,0.005994755835851853,0.005994755835851853
/Users/yti0811/Desktop/FE_data/npj_CM01/NPJ_CM_Fig_Python/Public_Reproducibility_Package_V01/npjcm-free-energy-surrogate_Re3/Python_Codes/table/snapshots_split/Cu_600K_snap00047.extxyz,Cu,600,Cu__600,-0.0065386402077128,-0.0006043329842654611,0.005934307223447339,0.005934307223447339
/Users/yti0811/Desktop/FE_data/npj_CM01/NPJ_CM_Fig_Python/Public_Reproducibility_Package_V01/npjcm-free-energy-surrogate_Re3/Python_Codes/table/snapshots_split/Cu_600K_snap00048.extxyz,Cu,600,Cu__600,-0.0068546051344754,-0.000607724184623289,0.006246880949852111,0.006246880949852111
/Users/yti0811/Desktop/FE_data/npj_CM01/NPJ_CM_Fig_Python/Public_Reproducibility_Package_V01/npjcm-free-energy-surrogate_Re3/Python_Codes/table/snapshots_split/Cu_600K_snap00049.extxyz,Cu,600,Cu__600,-0.0068238025614711,-0.0005966459486308448,0.006227156612840255,0.006227156612840255
/Users/yti0811/Desktop/FE_data/npj_CM01/NPJ_CM_Fig_Python/Public_Reproducibility_Package_V01/npjcm-free-energy-surrogate_Re3/Python_Codes/table/snapshots_split/Cu_600K_snap00050.extxyz,Cu,600,Cu__600,-0.0066603795146916,-0.0006088731550875866,0.006051506359604014,0.006051506359604014
/Users/yti0811/Desktop/FE_data/npj_CM01/NPJ_CM_Fig_Python/Public_Reproducibility_Package_V01/npjcm-free-energy-surrogate_Re3/Python_Codes/table/snapshots_split/Cu_600K_snap00051.extxyz,Cu,600,Cu__600,-0.0064898635343316,-0.0006084499337232681,0.0058814136006083316,0.0058814136006083316
/Users/yti0811/Desktop/FE_data/npj_CM01/NPJ_CM_Fig_Python/Public_Reproducibility_Package_V01/npjcm-free-energy-surrogate_Re3/Python_Codes/table/snapshots_split/Cu_600K_snap00052.extxyz,Cu,600,Cu__600,-0.0062778233109778,-0.0006121019878725741,0.005665721323105226,0.005665721323105226
/Users/yti0811/Desktop/FE_data/npj_CM01/NPJ_CM_Fig_Python/Public_Reproducibility_Package_V01/npjcm-free-energy-surrogate_Re3/Python_Codes/table/snapshots_split/Cu_600K_snap00053.extxyz,Cu,600,Cu__600,-0.0064368368904393,-0.0006113124806566313,0.005825524409782669,0.005825524409782669
/Users/yti0811/Desktop/FE_data/npj_CM01/NPJ_CM_Fig_Python/Public_Reproducibility_Package_V01/npjcm-free-energy-surrogate_Re3/Python_Codes/table/snapshots_split/Cu_600K_snap00054.extxyz,Cu,600,Cu__600,-0.006466609805649,-0.0006108045589272396,0.00585580524672176,0.00585580524672176
/Users/yti0811/Desktop/FE_data/npj_CM01/NPJ_CM_Fig_Python/Public_Reproducibility_Package_V01/npjcm-free-energy-surrogate_Re3/Python_Codes/table/snapshots_split/Cu_600K_snap00055.extxyz,Cu,600,Cu__600,-0.0066676351519928,-0.0006077526701945178,0.006059882481798283,0.006059882481798283
/Users/yti0811/Desktop/FE_data/npj_CM01/NPJ_CM_Fig_Python/Public_Reproducibility_Package_V01/npjcm-free-energy-surrogate_Re3/Python_Codes/table/snapshots_split/Cu_600K_snap00056.extxyz,Cu,600,Cu__600,-0.0070399804509068,-0.0006066002791040279,0.006433380171802772,0.006433380171802772
/Users/yti0811/Desktop/FE_data/npj_CM01/NPJ_CM_Fig_Python/Public_Reproducibility_Package_V01/npjcm-free-energy-surrogate_Re3/Python_Codes/table/snapshots_split/Cu_600K_snap00057.extxyz,Cu,600,Cu__600,-0.0067197739731911,-0.0006016340881911631,0.006118139884999937,0.006118139884999937
/Users/yti0811/Desktop/FE_data/npj_CM01/NPJ_CM_Fig_Python/Public_Reproducibility_Package_V01/npjcm-free-energy-surrogate_Re3/Python_Codes/table/snapshots_split/Cu_600K_snap00058.extxyz,Cu,600,Cu__600,-0.0066200507966963,-0.0006133792880609907,0.006006671508635309,0.006006671508635309
/Users/yti0811/Desktop/FE_data/npj_CM01/NPJ_CM_Fig_Python/Public_Reproducibility_Package_V01/npjcm-free-energy-surrogate_Re3/Python_Codes/table/snapshots_split/Cu_600K_snap00059.extxyz,Cu,600,Cu__600,-0.0064363471508429,-0.0006122224394695145,0.0058241247113733855,0.0058241247113733855
/Users/yti0811/Desktop/FE_data/npj_CM01/NPJ_CM_Fig_Python/Public_Reproducibility_Package_V01/npjcm-free-energy-surrogate_Re3/Python_Codes/table/snapshots_split/Cu_600K_snap00060.extxyz,Cu,600,Cu__600,-0.0072682177852411,-0.0006036946751803595,0.00666452311006074,0.00666452311006074
/Users/yti0811/Desktop/FE_data/npj_CM01/NPJ_CM_Fig_Python/Public_Reproducibility_Package_V01/npjcm-free-energy-surrogate_Re3/Python_Codes/table/snapshots_split/Cu_600K_snap00061.extxyz,Cu,600,Cu__600,-0.0067285245141567,-0.0006089056557206,0.0061196188584361,0.0061196188584361
/Users/yti0811/Desktop/FE_data/npj_CM01/NPJ_CM_Fig_Python/Public_Reproducibility_Package_V01/npjcm-free-energy-surrogate_Re3/Python_Codes/table/snapshots_split/Cu_600K_snap00062.extxyz,Cu,600,Cu__600,-0.0065598025162979,-0.0006089602169537537,0.005950842299344146,0.005950842299344146
/Users/yti0811/Desktop/FE_data/npj_CM01/NPJ_CM_Fig_Python/Public_Reproducibility_Package_V01/npjcm-free-energy-surrogate_Re3/Python_Codes/table/snapshots_split/Cu_600K_snap00063.extxyz,Cu,600,Cu__600,-0.0062594725253622,-0.0006121944194275849,0.005647278105934616,0.005647278105934616
/Users/yti0811/Desktop/FE_data/npj_CM01/NPJ_CM_Fig_Python/Public_Reproducibility_Package_V01/npjcm-free-energy-surrogate_Re3/Python_Codes/table/snapshots_split/Cu_600K_snap00064.extxyz,Cu,600,Cu__600,-0.006901237004833,-0.0006117816049737013,0.006289455399859299,0.006289455399859299
/Users/yti0811/Desktop/FE_data/npj_CM01/NPJ_CM_Fig_Python/Public_Reproducibility_Package_V01/npjcm-free-energy-surrogate_Re3/Python_Codes/table/snapshots_split/Cu_600K_snap00065.extxyz,Cu,600,Cu__600,-0.0067358098656925,-0.0006068559043368952,0.006128953961355605,0.006128953961355605
/Users/yti0811/Desktop/FE_data/npj_CM01/NPJ_CM_Fig_Python/Public_Reproducibility_Package_V01/npjcm-free-energy-surrogate_Re3/Python_Codes/table/snapshots_split/Cu_600K_snap00066.extxyz,Cu,600,Cu__600,-0.0064891951173188,-0.0006086309154878971,0.005880564201830903,0.005880564201830903
/Users/yti0811/Desktop/FE_data/npj_CM01/NPJ_CM_Fig_Python/Public_Reproducibility_Package_V01/npjcm-free-energy-surrogate_Re3/Python_Codes/table/snapshots_split/Cu_600K_snap00067.extxyz,Cu,600,Cu__600,-0.0065523982118306,-0.0006024554557300189,0.005949942756100581,0.005949942756100581
/Users/yti0811/Desktop/FE_data/npj_CM01/NPJ_CM_Fig_Python/Public_Reproducibility_Package_V01/npjcm-free-energy-surrogate_Re3/Python_Codes/table/snapshots_split/Cu_600K_snap00068.extxyz,Cu,600,Cu__600,-0.0061579259493672,-0.0006172586316546601,0.00554066731771254,0.00554066731771254
/Users/yti0811/Desktop/FE_data/npj_CM01/NPJ_CM_Fig_Python/Public_Reproducibility_Package_V01/npjcm-free-energy-surrogate_Re3/Python_Codes/table/snapshots_split/Cu_600K_snap00069.extxyz,Cu,600,Cu__600,-0.0067884241287597,-0.0006107839565993153,0.006177640172160385,0.006177640172160385
/Users/yti0811/Desktop/FE_data/npj_CM01/NPJ_CM_Fig_Python/Public_Reproducibility_Package_V01/npjcm-free-energy-surrogate_Re3/Python_Codes/table/snapshots_split/Cu_600K_snap00070.extxyz,Cu,600,Cu__600,-0.0063752367219253,-0.0006117125249280024,0.005763524196997298,0.005763524196997298
/Users/yti0811/Desktop/FE_data/npj_CM01/NPJ_CM_Fig_Python/Public_Reproducibility_Package_V01/npjcm-free-energy-surrogate_Re3/Python_Codes/table/snapshots_split/Cu_600K_snap00071.extxyz,Cu,600,Cu__600,-0.0069023931577673,-0.0006069845160053706,0.006295408641761929,0.006295408641761929
/Users/yti0811/Desktop/FE_data/npj_CM01/NPJ_CM_Fig_Python/Public_Reproducibility_Package_V01/npjcm-free-energy-surrogate_Re3/Python_Codes/table/snapshots_split/Cu_600K_snap00072.extxyz,Cu,600,Cu__600,-0.0063181368785917,-0.0006134469087557071,0.0057046899698359925,0.0057046899698359925
/Users/yti0811/Desktop/FE_data/npj_CM01/NPJ_CM_Fig_Python/Public_Reproducibility_Package_V01/npjcm-free-energy-surrogate_Re3/Python_Codes/table/snapshots_split/Cu_600K_snap00073.extxyz,Cu,600,Cu__600,-0.0063429168541045,-0.0006113354170094346,0.005731581437095065,0.005731581437095065
/Users/yti0811/Desktop/FE_data/npj_CM01/NPJ_CM_Fig_Python/Public_Reproducibility_Package_V01/npjcm-free-energy-surrogate_Re3/Python_Codes/table/snapshots_split/Cu_600K_snap00074.extxyz,Cu,600,Cu__600,-0.0069808347499539,-0.0006065153430707301,0.00637431940688317,0.00637431940688317
/Users/yti0811/Desktop/FE_data/npj_CM01/NPJ_CM_Fig_Python/Public_Reproducibility_Package_V01/npjcm-free-energy-surrogate_Re3/Python_Codes/table/snapshots_split/Cu_600K_snap00075.extxyz,Cu,600,Cu__600,-0.0062229727673462,-0.000620656914318732,0.005602315853027468,0.005602315853027468
/Users/yti0811/Desktop/FE_data/npj_CM01/NPJ_CM_Fig_Python/Public_Reproducibility_Package_V01/npjcm-free-energy-surrogate_Re3/Python_Codes/table/snapshots_split/Cu_600K_snap00076.extxyz,Cu,600,Cu__600,-0.0066178398900457,-0.0006023563446420081,0.006015483545403691,0.006015483545403691
/Users/yti0811/Desktop/FE_data/npj_CM01/NPJ_CM_Fig_Python/Public_Reproducibility_Package_V01/npjcm-free-energy-surrogate_Re3/Python_Codes/table/snapshots_split/Cu_600K_snap00077.extxyz,Cu,600,Cu__600,-0.0068198965274873,-0.0006115108082493556,0.006208385719237945,0.006208385719237945
/Users/yti0811/Desktop/FE_data/npj_CM01/NPJ_CM_Fig_Python/Public_Reproducibility_Package_V01/npjcm-free-energy-surrogate_Re3/Python_Codes/table/snapshots_split/Cu_600K_snap00078.extxyz,Cu,600,Cu__600,-0.0064116719663153,-0.0006113792664272028,0.005800292699888097,0.005800292699888097
/Users/yti0811/Desktop/FE_data/npj_CM01/NPJ_CM_Fig_Python/Public_Reproducibility_Package_V01/npjcm-free-energy-surrogate_Re3/Python_Codes/table/snapshots_split/Cu_600K_snap00079.extxyz,Cu,600,Cu__600,-0.0061396558388419,-0.0006168409659227169,0.005522814872919183,0.005522814872919183
/Users/yti0811/Desktop/FE_data/npj_CM01/NPJ_CM_Fig_Python/Public_Reproducibility_Package_V01/npjcm-free-energy-surrogate_Re3/Python_Codes/table/snapshots_split/Cu_600K_snap00080.extxyz,Cu,600,Cu__600,-0.0064194524231554,-0.0006116444625761298,0.00580780796057927,0.00580780796057927
/Users/yti0811/Desktop/FE_data/npj_CM01/NPJ_CM_Fig_Python/Public_Reproducibility_Package_V01/npjcm-free-energy-surrogate_Re3/Python_Codes/table/snapshots_split/Cu_600K_snap00081.extxyz,Cu,600,Cu__600,-0.0067162935096501,-0.0006044485383712384,0.006111844971278861,0.006111844971278861
/Users/yti0811/Desktop/FE_data/npj_CM01/NPJ_CM_Fig_Python/Public_Reproducibility_Package_V01/npjcm-free-energy-surrogate_Re3/Python_Codes/table/snapshots_split/Cu_600K_snap00082.extxyz,Cu,600,Cu__600,-0.0067659129986122,-0.0006075420013749287,0.006158370997237271,0.006158370997237271
/Users/yti0811/Desktop/FE_data/npj_CM01/NPJ_CM_Fig_Python/Public_Reproducibility_Package_V01/npjcm-free-energy-surrogate_Re3/Python_Codes/table/snapshots_split/Cu_600K_snap00083.extxyz,Cu,600,Cu__600,-0.0064131224933764,-0.0006098450683292617,0.005803277425047138,0.005803277425047138
/Users/yti0811/Desktop/FE_data/npj_CM01/NPJ_CM_Fig_Python/Public_Reproducibility_Package_V01/npjcm-free-energy-surrogate_Re3/Python_Codes/table/snapshots_split/Cu_600K_snap00084.extxyz,Cu,600,Cu__600,-0.0066050069586712,-0.0006124868926287371,0.005992520066042463,0.005992520066042463
/Users/yti0811/Desktop/FE_data/npj_CM01/NPJ_CM_Fig_Python/Public_Reproducibility_Package_V01/npjcm-free-energy-surrogate_Re3/Python_Codes/table/snapshots_split/Cu_600K_snap00085.extxyz,Cu,600,Cu__600,-0.0066989135488108,-0.0006112766974234521,0.006087636851387347,0.006087636851387347
/Users/yti0811/Desktop/FE_data/npj_CM01/NPJ_CM_Fig_Python/Public_Reproducibility_Package_V01/npjcm-free-energy-surrogate_Re3/Python_Codes/table/snapshots_split/Cu_600K_snap00086.extxyz,Cu,600,Cu__600,-0.0067037565231941,-0.0006067256037486949,0.006097030919445405,0.006097030919445405
/Users/yti0811/Desktop/FE_data/npj_CM01/NPJ_CM_Fig_Python/Public_Reproducibility_Package_V01/npjcm-free-energy-surrogate_Re3/Python_Codes/table/snapshots_split/Cu_600K_snap00087.extxyz,Cu,600,Cu__600,-0.0065082203526313,-0.0006110433468926257,0.005897177005738675,0.005897177005738675
/Users/yti0811/Desktop/FE_data/npj_CM01/NPJ_CM_Fig_Python/Public_Reproducibility_Package_V01/npjcm-free-energy-surrogate_Re3/Python_Codes/table/snapshots_split/Cu_600K_snap00088.extxyz,Cu,600,Cu__600,-0.0069859173695386,-0.0006121072398260588,0.006373810129712541,0.006373810129712541
/Users/yti0811/Desktop/FE_data/npj_CM01/NPJ_CM_Fig_Python/Public_Reproducibility_Package_V01/npjcm-free-energy-surrogate_Re3/Python_Codes/table/snapshots_split/Cu_600K_snap00089.extxyz,Cu,600,Cu__600,-0.0067112011159643,-0.0006124948531273933,0.0060987062628369065,0.0060987062628369065
/Users/yti0811/Desktop/FE_data/npj_CM01/NPJ_CM_Fig_Python/Public_Reproducibility_Package_V01/npjcm-free-energy-surrogate_Re3/Python_Codes/table/snapshots_split/Cu_600K_snap00090.extxyz,Cu,600,Cu__600,-0.0069094867640159,-0.0006084281670484596,0.006301058596967441,0.006301058596967441
/Users/yti0811/Desktop/FE_data/npj_CM01/NPJ_CM_Fig_Python/Public_Reproducibility_Package_V01/npjcm-free-energy-surrogate_Re3/Python_Codes/table/snapshots_split/Cu_600K_snap00091.extxyz,Cu,600,Cu__600,-0.0069262075673942,-0.0006039812199565063,0.006322226347437694,0.006322226347437694
/Users/yti0811/Desktop/FE_data/npj_CM01/NPJ_CM_Fig_Python/Public_Reproducibility_Package_V01/npjcm-free-energy-surrogate_Re3/Python_Codes/table/snapshots_split/Cu_600K_snap00092.extxyz,Cu,600,Cu__600,-0.0066688028601417,-0.0006064101863330505,0.006062392673808649,0.006062392673808649
/Users/yti0811/Desktop/FE_data/npj_CM01/NPJ_CM_Fig_Python/Public_Reproducibility_Package_V01/npjcm-free-energy-surrogate_Re3/Python_Codes/table/snapshots_split/Cu_600K_snap00093.extxyz,Cu,600,Cu__600,-0.006161702472556,-0.0006135782418969887,0.005548124230659012,0.005548124230659012
/Users/yti0811/Desktop/FE_data/npj_CM01/NPJ_CM_Fig_Python/Public_Reproducibility_Package_V01/npjcm-free-energy-surrogate_Re3/Python_Codes/table/snapshots_split/Cu_600K_snap00094.extxyz,Cu,600,Cu__600,-0.0066574256283699,-0.0006175932769338197,0.00603983235143608,0.00603983235143608
/Users/yti0811/Desktop/FE_data/npj_CM01/NPJ_CM_Fig_Python/Public_Reproducibility_Package_V01/npjcm-free-energy-surrogate_Re3/Python_Codes/table/snapshots_split/Cu_600K_snap00095.extxyz,Cu,600,Cu__600,-0.0069755101017822,-0.0006019004569482648,0.006373609644833935,0.006373609644833935
/Users/yti0811/Desktop/FE_data/npj_CM01/NPJ_CM_Fig_Python/Public_Reproducibility_Package_V01/npjcm-free-energy-surrogate_Re3/Python_Codes/table/snapshots_split/Cu_600K_snap00096.extxyz,Cu,600,Cu__600,-0.0064327369261797,-0.0006056382527724858,0.005827098673407215,0.005827098673407215
/Users/yti0811/Desktop/FE_data/npj_CM01/NPJ_CM_Fig_Python/Public_Reproducibility_Package_V01/npjcm-free-energy-surrogate_Re3/Python_Codes/table/snapshots_split/Cu_600K_snap00097.extxyz,Cu,600,Cu__600,-0.0071418412930323,-0.0006078211389531488,0.006534020154079151,0.006534020154079151
/Users/yti0811/Desktop/FE_data/npj_CM01/NPJ_CM_Fig_Python/Public_Reproducibility_Package_V01/npjcm-free-energy-surrogate_Re3/Python_Codes/table/snapshots_split/Cu_600K_snap00098.extxyz,Cu,600,Cu__600,-0.0065570852426993,-0.0006093100772318002,0.0059477751654675,0.0059477751654675
/Users/yti0811/Desktop/FE_data/npj_CM01/NPJ_CM_Fig_Python/Public_Reproducibility_Package_V01/npjcm-free-energy-surrogate_Re3/Python_Codes/table/snapshots_split/Cu_600K_snap00099.extxyz,Cu,600,Cu__600,-0.0067940284774165,-0.0006090184964125206,0.006185009981003979,0.006185009981003979
/Users/yti0811/Desktop/FE_data/npj_CM01/NPJ_CM_Fig_Python/Public_Reproducibility_Package_V01/npjcm-free-energy-surrogate_Re3/Python_Codes/table/snapshots_split/Cu_700K_snap00000.extxyz,Cu,700,Cu__700,-0.0075896952242062,-0.0004497845609650939,0.007139910663241106,0.007139910663241106
/Users/yti0811/Desktop/FE_data/npj_CM01/NPJ_CM_Fig_Python/Public_Reproducibility_Package_V01/npjcm-free-energy-surrogate_Re3/Python_Codes/table/snapshots_split/Cu_700K_snap00001.extxyz,Cu,700,Cu__700,-0.0071307940370622,-0.00045566685151886147,0.006675127185543339,0.006675127185543339
/Users/yti0811/Desktop/FE_data/npj_CM01/NPJ_CM_Fig_Python/Public_Reproducibility_Package_V01/npjcm-free-energy-surrogate_Re3/Python_Codes/table/snapshots_split/Cu_700K_snap00002.extxyz,Cu,700,Cu__700,-0.0069147167725314,-0.0004504218255143585,0.006464294947017042,0.006464294947017042
/Users/yti0811/Desktop/FE_data/npj_CM01/NPJ_CM_Fig_Python/Public_Reproducibility_Package_V01/npjcm-free-energy-surrogate_Re3/Python_Codes/table/snapshots_split/Cu_700K_snap00003.extxyz,Cu,700,Cu__700,-0.0070165193015008,-0.0004498302737406105,0.006566689027760189,0.006566689027760189
/Users/yti0811/Desktop/FE_data/npj_CM01/NPJ_CM_Fig_Python/Public_Reproducibility_Package_V01/npjcm-free-energy-surrogate_Re3/Python_Codes/table/snapshots_split/Cu_700K_snap00004.extxyz,Cu,700,Cu__700,-0.007613877443753,-0.0004494600858560836,0.007164417357896916,0.007164417357896916
/Users/yti0811/Desktop/FE_data/npj_CM01/NPJ_CM_Fig_Python/Public_Reproducibility_Package_V01/npjcm-free-energy-surrogate_Re3/Python_Codes/table/snapshots_split/Cu_700K_snap00005.extxyz,Cu,700,Cu__700,-0.0071451703599769,-0.00045426728944656395,0.006690903070530336,0.006690903070530336
/Users/yti0811/Desktop/FE_data/npj_CM01/NPJ_CM_Fig_Python/Public_Reproducibility_Package_V01/npjcm-free-energy-surrogate_Re3/Python_Codes/table/snapshots_split/Cu_700K_snap00006.extxyz,Cu,700,Cu__700,-0.0071232945600463,-0.00046210453076267683,0.006661190029283623,0.006661190029283623
/Users/yti0811/Desktop/FE_data/npj_CM01/NPJ_CM_Fig_Python/Public_Reproducibility_Package_V01/npjcm-free-energy-surrogate_Re3/Python_Codes/table/snapshots_split/Cu_700K_snap00007.extxyz,Cu,700,Cu__700,-0.0073058062945776,-0.00046075180873394436,0.006845054485843656,0.006845054485843656
/Users/yti0811/Desktop/FE_data/npj_CM01/NPJ_CM_Fig_Python/Public_Reproducibility_Package_V01/npjcm-free-energy-surrogate_Re3/Python_Codes/table/snapshots_split/Cu_700K_snap00008.extxyz,Cu,700,Cu__700,-0.0072754699593573,-0.0004504012000070415,0.006825068759350258,0.006825068759350258
/Users/yti0811/Desktop/FE_data/npj_CM01/NPJ_CM_Fig_Python/Public_Reproducibility_Package_V01/npjcm-free-energy-surrogate_Re3/Python_Codes/table/snapshots_split/Cu_700K_snap00009.extxyz,Cu,700,Cu__700,-0.0077921637292581,-0.0004557564657044686,0.007336407263553631,0.007336407263553631
/Users/yti0811/Desktop/FE_data/npj_CM01/NPJ_CM_Fig_Python/Public_Reproducibility_Package_V01/npjcm-free-energy-surrogate_Re3/Python_Codes/table/snapshots_split/Cu_700K_snap00010.extxyz,Cu,700,Cu__700,-0.0076123397007441,-0.00044519831936741126,0.007167141381376689,0.007167141381376689
/Users/yti0811/Desktop/FE_data/npj_CM01/NPJ_CM_Fig_Python/Public_Reproducibility_Package_V01/npjcm-free-energy-surrogate_Re3/Python_Codes/table/snapshots_split/Cu_700K_snap00011.extxyz,Cu,700,Cu__700,-0.0074877517154867,-0.0004446743487539289,0.007043077366732771,0.007043077366732771
/Users/yti0811/Desktop/FE_data/npj_CM01/NPJ_CM_Fig_Python/Public_Reproducibility_Package_V01/npjcm-free-energy-surrogate_Re3/Python_Codes/table/snapshots_split/Cu_700K_snap00012.extxyz,Cu,700,Cu__700,-0.0072528634142765,-0.00045250034717344445,0.006800363067103056,0.006800363067103056
/Users/yti0811/Desktop/FE_data/npj_CM01/NPJ_CM_Fig_Python/Public_Reproducibility_Package_V01/npjcm-free-energy-surrogate_Re3/Python_Codes/table/snapshots_split/Cu_700K_snap00013.extxyz,Cu,700,Cu__700,-0.0077899116444426,-0.00044976762785308306,0.007340144016589517,0.007340144016589517
/Users/yti0811/Desktop/FE_data/npj_CM01/NPJ_CM_Fig_Python/Public_Reproducibility_Package_V01/npjcm-free-energy-surrogate_Re3/Python_Codes/table/snapshots_split/Cu_700K_snap00014.extxyz,Cu,700,Cu__700,-0.0074935790715591,-0.00044457166026483385,0.007049007411294266,0.007049007411294266
/Users/yti0811/Desktop/FE_data/npj_CM01/NPJ_CM_Fig_Python/Public_Reproducibility_Package_V01/npjcm-free-energy-surrogate_Re3/Python_Codes/table/snapshots_split/Cu_700K_snap00015.extxyz,Cu,700,Cu__700,-0.0070921601755029,-0.0004531887218570131,0.006638971453645887,0.006638971453645887
/Users/yti0811/Desktop/FE_data/npj_CM01/NPJ_CM_Fig_Python/Public_Reproducibility_Package_V01/npjcm-free-energy-surrogate_Re3/Python_Codes/table/snapshots_split/Cu_700K_snap00016.extxyz,Cu,700,Cu__700,-0.0067800890621001,-0.00045443453671912453,0.006325654525380975,0.006325654525380975
/Users/yti0811/Desktop/FE_data/npj_CM01/NPJ_CM_Fig_Python/Public_Reproducibility_Package_V01/npjcm-free-energy-surrogate_Re3/Python_Codes/table/snapshots_split/Cu_700K_snap00017.extxyz,Cu,700,Cu__700,-0.0077398800713031,-0.00045776267821713866,0.007282117393085962,0.007282117393085962
/Users/yti0811/Desktop/FE_data/npj_CM01/NPJ_CM_Fig_Python/Public_Reproducibility_Package_V01/npjcm-free-energy-surrogate_Re3/Python_Codes/table/snapshots_split/Cu_700K_snap00018.extxyz,Cu,700,Cu__700,-0.0073112546358278,-0.0004499895404934252,0.006861265095334374,0.006861265095334374
/Users/yti0811/Desktop/FE_data/npj_CM01/NPJ_CM_Fig_Python/Public_Reproducibility_Package_V01/npjcm-free-energy-surrogate_Re3/Python_Codes/table/snapshots_split/Cu_700K_snap00019.extxyz,Cu,700,Cu__700,-0.0082289888748412,-0.0004448982503703083,0.007784090624470892,0.007784090624470892
/Users/yti0811/Desktop/FE_data/npj_CM01/NPJ_CM_Fig_Python/Public_Reproducibility_Package_V01/npjcm-free-energy-surrogate_Re3/Python_Codes/table/snapshots_split/Cu_700K_snap00020.extxyz,Cu,700,Cu__700,-0.0073321103679726,-0.0004490145474807929,0.006883095820491807,0.006883095820491807
/Users/yti0811/Desktop/FE_data/npj_CM01/NPJ_CM_Fig_Python/Public_Reproducibility_Package_V01/npjcm-free-energy-surrogate_Re3/Python_Codes/table/snapshots_split/Cu_700K_snap00021.extxyz,Cu,700,Cu__700,-0.0071353609790756,-0.0004590044175741223,0.006676356561501478,0.006676356561501478
/Users/yti0811/Desktop/FE_data/npj_CM01/NPJ_CM_Fig_Python/Public_Reproducibility_Package_V01/npjcm-free-energy-surrogate_Re3/Python_Codes/table/snapshots_split/Cu_700K_snap00022.extxyz,Cu,700,Cu__700,-0.0075072088139152,-0.0004476007269953116,0.007059608086919888,0.007059608086919888
/Users/yti0811/Desktop/FE_data/npj_CM01/NPJ_CM_Fig_Python/Public_Reproducibility_Package_V01/npjcm-free-energy-surrogate_Re3/Python_Codes/table/snapshots_split/Cu_700K_snap00023.extxyz,Cu,700,Cu__700,-0.0071573322307288,-0.00045038790480013625,0.0067069443259286645,0.0067069443259286645
/Users/yti0811/Desktop/FE_data/npj_CM01/NPJ_CM_Fig_Python/Public_Reproducibility_Package_V01/npjcm-free-energy-surrogate_Re3/Python_Codes/table/snapshots_split/Cu_700K_snap00024.extxyz,Cu,700,Cu__700,-0.0072645536858113,-0.00045282526216612167,0.006811728423645178,0.006811728423645178
/Users/yti0811/Desktop/FE_data/npj_CM01/NPJ_CM_Fig_Python/Public_Reproducibility_Package_V01/npjcm-free-energy-surrogate_Re3/Python_Codes/table/snapshots_split/Cu_700K_snap00025.extxyz,Cu,700,Cu__700,-0.0079010795471477,-0.0004518495795666338,0.007449229967581066,0.007449229967581066
/Users/yti0811/Desktop/FE_data/npj_CM01/NPJ_CM_Fig_Python/Public_Reproducibility_Package_V01/npjcm-free-energy-surrogate_Re3/Python_Codes/table/snapshots_split/Cu_700K_snap00026.extxyz,Cu,700,Cu__700,-0.0073649430069207,-0.0004545726902972089,0.006910370316623491,0.006910370316623491
/Users/yti0811/Desktop/FE_data/npj_CM01/NPJ_CM_Fig_Python/Public_Reproducibility_Package_V01/npjcm-free-energy-surrogate_Re3/Python_Codes/table/snapshots_split/Cu_700K_snap00027.extxyz,Cu,700,Cu__700,-0.0072668507945776,-0.0004441815666606828,0.006822669227916917,0.006822669227916917
/Users/yti0811/Desktop/FE_data/npj_CM01/NPJ_CM_Fig_Python/Public_Reproducibility_Package_V01/npjcm-free-energy-surrogate_Re3/Python_Codes/table/snapshots_split/Cu_700K_snap00028.extxyz,Cu,700,Cu__700,-0.0074649644994522,-0.0004551092143049034,0.007009855285147297,0.007009855285147297
/Users/yti0811/Desktop/FE_data/npj_CM01/NPJ_CM_Fig_Python/Public_Reproducibility_Package_V01/npjcm-free-energy-surrogate_Re3/Python_Codes/table/snapshots_split/Cu_700K_snap00029.extxyz,Cu,700,Cu__700,-0.0071159045097151,-0.00045719198086120993,0.00665871252885389,0.00665871252885389
/Users/yti0811/Desktop/FE_data/npj_CM01/NPJ_CM_Fig_Python/Public_Reproducibility_Package_V01/npjcm-free-energy-surrogate_Re3/Python_Codes/table/snapshots_split/Cu_700K_snap00030.extxyz,Cu,700,Cu__700,-0.0074778013502305,-0.00045267822730505843,0.007025123122925442,0.007025123122925442
/Users/yti0811/Desktop/FE_data/npj_CM01/NPJ_CM_Fig_Python/Public_Reproducibility_Package_V01/npjcm-free-energy-surrogate_Re3/Python_Codes/table/snapshots_split/Cu_700K_snap00031.extxyz,Cu,700,Cu__700,-0.0077583487036345,-0.00044841161992558896,0.00730993708370891,0.00730993708370891
/Users/yti0811/Desktop/FE_data/npj_CM01/NPJ_CM_Fig_Python/Public_Reproducibility_Package_V01/npjcm-free-energy-surrogate_Re3/Python_Codes/table/snapshots_split/Cu_700K_snap00032.extxyz,Cu,700,Cu__700,-0.0074367578094787,-0.00045082487623684383,0.006985932933241856,0.006985932933241856
/Users/yti0811/Desktop/FE_data/npj_CM01/NPJ_CM_Fig_Python/Public_Reproducibility_Package_V01/npjcm-free-energy-surrogate_Re3/Python_Codes/table/snapshots_split/Cu_700K_snap00033.extxyz,Cu,700,Cu__700,-0.0072440738071562,-0.00044821288771070136,0.006795860919445498,0.006795860919445498
/Users/yti0811/Desktop/FE_data/npj_CM01/NPJ_CM_Fig_Python/Public_Reproducibility_Package_V01/npjcm-free-energy-surrogate_Re3/Python_Codes/table/snapshots_split/Cu_700K_snap00034.extxyz,Cu,700,Cu__700,-0.0072919577591095,-0.00045345728065582697,0.006838500478453673,0.006838500478453673
/Users/yti0811/Desktop/FE_data/npj_CM01/NPJ_CM_Fig_Python/Public_Reproducibility_Package_V01/npjcm-free-energy-surrogate_Re3/Python_Codes/table/snapshots_split/Cu_700K_snap00035.extxyz,Cu,700,Cu__700,-0.0067199773814363,-0.000455258168034638,0.006264719213401662,0.006264719213401662
/Users/yti0811/Desktop/FE_data/npj_CM01/NPJ_CM_Fig_Python/Public_Reproducibility_Package_V01/npjcm-free-energy-surrogate_Re3/Python_Codes/table/snapshots_split/Cu_700K_snap00036.extxyz,Cu,700,Cu__700,-0.0073047918401292,-0.000446374651742428,0.006858417188386773,0.006858417188386773
/Users/yti0811/Desktop/FE_data/npj_CM01/NPJ_CM_Fig_Python/Public_Reproducibility_Package_V01/npjcm-free-energy-surrogate_Re3/Python_Codes/table/snapshots_split/Cu_700K_snap00037.extxyz,Cu,700,Cu__700,-0.0070455728136285,-0.0004445343315853951,0.006601038482043104,0.006601038482043104
/Users/yti0811/Desktop/FE_data/npj_CM01/NPJ_CM_Fig_Python/Public_Reproducibility_Package_V01/npjcm-free-energy-surrogate_Re3/Python_Codes/table/snapshots_split/Cu_700K_snap00038.extxyz,Cu,700,Cu__700,-0.007572794024387,-0.000446601869084565,0.007126192155302435,0.007126192155302435
/Users/yti0811/Desktop/FE_data/npj_CM01/NPJ_CM_Fig_Python/Public_Reproducibility_Package_V01/npjcm-free-energy-surrogate_Re3/Python_Codes/table/snapshots_split/Cu_700K_snap00039.extxyz,Cu,700,Cu__700,-0.0069225958415615,-0.0004604588957728471,0.006462136945788653,0.006462136945788653
/Users/yti0811/Desktop/FE_data/npj_CM01/NPJ_CM_Fig_Python/Public_Reproducibility_Package_V01/npjcm-free-energy-surrogate_Re3/Python_Codes/table/snapshots_split/Cu_700K_snap00040.extxyz,Cu,700,Cu__700,-0.0078737167507785,-0.0004441483709666506,0.007429568379811849,0.007429568379811849
/Users/yti0811/Desktop/FE_data/npj_CM01/NPJ_CM_Fig_Python/Public_Reproducibility_Package_V01/npjcm-free-energy-surrogate_Re3/Python_Codes/table/snapshots_split/Cu_700K_snap00041.extxyz,Cu,700,Cu__700,-0.0070283253103664,-0.0004520281581736253,0.006576297152192775,0.006576297152192775
/Users/yti0811/Desktop/FE_data/npj_CM01/NPJ_CM_Fig_Python/Public_Reproducibility_Package_V01/npjcm-free-energy-surrogate_Re3/Python_Codes/table/snapshots_split/Cu_700K_snap00042.extxyz,Cu,700,Cu__700,-0.0072388132990386,-0.00044792689776473773,0.006790886401273862,0.006790886401273862
/Users/yti0811/Desktop/FE_data/npj_CM01/NPJ_CM_Fig_Python/Public_Reproducibility_Package_V01/npjcm-free-energy-surrogate_Re3/Python_Codes/table/snapshots_split/Cu_700K_snap00043.extxyz,Cu,700,Cu__700,-0.007253341467617,-0.0004529538750416021,0.006800387592575397,0.006800387592575397
/Users/yti0811/Desktop/FE_data/npj_CM01/NPJ_CM_Fig_Python/Public_Reproducibility_Package_V01/npjcm-free-energy-surrogate_Re3/Python_Codes/table/snapshots_split/Cu_700K_snap00044.extxyz,Cu,700,Cu__700,-0.0074079282946793,-0.0004513404086996512,0.006956587885979649,0.006956587885979649
/Users/yti0811/Desktop/FE_data/npj_CM01/NPJ_CM_Fig_Python/Public_Reproducibility_Package_V01/npjcm-free-energy-surrogate_Re3/Python_Codes/table/snapshots_split/Cu_700K_snap00045.extxyz,Cu,700,Cu__700,-0.0072593924271318,-0.0004543198640191186,0.006805072563112682,0.006805072563112682
/Users/yti0811/Desktop/FE_data/npj_CM01/NPJ_CM_Fig_Python/Public_Reproducibility_Package_V01/npjcm-free-energy-surrogate_Re3/Python_Codes/table/snapshots_split/Cu_700K_snap00046.extxyz,Cu,700,Cu__700,-0.0070030729354704,-0.0004450760973805773,0.006557996838089822,0.006557996838089822
/Users/yti0811/Desktop/FE_data/npj_CM01/NPJ_CM_Fig_Python/Public_Reproducibility_Package_V01/npjcm-free-energy-surrogate_Re3/Python_Codes/table/snapshots_split/Cu_700K_snap00047.extxyz,Cu,700,Cu__700,-0.0066335814868183,-0.0004526141116183988,0.0061809673751999005,0.0061809673751999005
/Users/yti0811/Desktop/FE_data/npj_CM01/NPJ_CM_Fig_Python/Public_Reproducibility_Package_V01/npjcm-free-energy-surrogate_Re3/Python_Codes/table/snapshots_split/Cu_700K_snap00048.extxyz,Cu,700,Cu__700,-0.0072916068591493,-0.00046175751123112924,0.006829849347918171,0.006829849347918171
/Users/yti0811/Desktop/FE_data/npj_CM01/NPJ_CM_Fig_Python/Public_Reproducibility_Package_V01/npjcm-free-energy-surrogate_Re3/Python_Codes/table/snapshots_split/Cu_700K_snap00049.extxyz,Cu,700,Cu__700,-0.0076610178165295,-0.00045171353758566876,0.007209304278943831,0.007209304278943831
/Users/yti0811/Desktop/FE_data/npj_CM01/NPJ_CM_Fig_Python/Public_Reproducibility_Package_V01/npjcm-free-energy-surrogate_Re3/Python_Codes/table/snapshots_split/Cu_700K_snap00050.extxyz,Cu,700,Cu__700,-0.0074053223462928,-0.0004517367266950122,0.006953585619597788,0.006953585619597788
/Users/yti0811/Desktop/FE_data/npj_CM01/NPJ_CM_Fig_Python/Public_Reproducibility_Package_V01/npjcm-free-energy-surrogate_Re3/Python_Codes/table/snapshots_split/Cu_700K_snap00051.extxyz,Cu,700,Cu__700,-0.0076423114899404,-0.0004499398411402519,0.007192371648800148,0.007192371648800148
/Users/yti0811/Desktop/FE_data/npj_CM01/NPJ_CM_Fig_Python/Public_Reproducibility_Package_V01/npjcm-free-energy-surrogate_Re3/Python_Codes/table/snapshots_split/Cu_700K_snap00052.extxyz,Cu,700,Cu__700,-0.0077357974939038,-0.0004440341458692145,0.007291763348034585,0.007291763348034585
/Users/yti0811/Desktop/FE_data/npj_CM01/NPJ_CM_Fig_Python/Public_Reproducibility_Package_V01/npjcm-free-energy-surrogate_Re3/Python_Codes/table/snapshots_split/Cu_700K_snap00053.extxyz,Cu,700,Cu__700,-0.0073143515816858,-0.000450917872454879,0.006863433709230922,0.006863433709230922
/Users/yti0811/Desktop/FE_data/npj_CM01/NPJ_CM_Fig_Python/Public_Reproducibility_Package_V01/npjcm-free-energy-surrogate_Re3/Python_Codes/table/snapshots_split/Cu_700K_snap00054.extxyz,Cu,700,Cu__700,-0.0071192217626017,-0.0004563902366726726,0.006662831525929027,0.006662831525929027
/Users/yti0811/Desktop/FE_data/npj_CM01/NPJ_CM_Fig_Python/Public_Reproducibility_Package_V01/npjcm-free-energy-surrogate_Re3/Python_Codes/table/snapshots_split/Cu_700K_snap00055.extxyz,Cu,700,Cu__700,-0.0071849306198113,-0.0004502225178905798,0.006734708101920721,0.006734708101920721
/Users/yti0811/Desktop/FE_data/npj_CM01/NPJ_CM_Fig_Python/Public_Reproducibility_Package_V01/npjcm-free-energy-surrogate_Re3/Python_Codes/table/snapshots_split/Cu_700K_snap00056.extxyz,Cu,700,Cu__700,-0.0073951594748023,-0.00045736602782461583,0.006937793446977684,0.006937793446977684
/Users/yti0811/Desktop/FE_data/npj_CM01/NPJ_CM_Fig_Python/Public_Reproducibility_Package_V01/npjcm-free-energy-surrogate_Re3/Python_Codes/table/snapshots_split/Cu_700K_snap00057.extxyz,Cu,700,Cu__700,-0.0067527222624661,-0.00045633008693963113,0.006296392175526469,0.006296392175526469
/Users/yti0811/Desktop/FE_data/npj_CM01/NPJ_CM_Fig_Python/Public_Reproducibility_Package_V01/npjcm-free-energy-surrogate_Re3/Python_Codes/table/snapshots_split/Cu_700K_snap00058.extxyz,Cu,700,Cu__700,-0.0073226136660909,-0.00045734174647125915,0.006865271919619641,0.006865271919619641
/Users/yti0811/Desktop/FE_data/npj_CM01/NPJ_CM_Fig_Python/Public_Reproducibility_Package_V01/npjcm-free-energy-surrogate_Re3/Python_Codes/table/snapshots_split/Cu_700K_snap00059.extxyz,Cu,700,Cu__700,-0.0071951709926019,-0.0004544070221234241,0.006740763970478476,0.006740763970478476
/Users/yti0811/Desktop/FE_data/npj_CM01/NPJ_CM_Fig_Python/Public_Reproducibility_Package_V01/npjcm-free-energy-surrogate_Re3/Python_Codes/table/snapshots_split/Cu_700K_snap00060.extxyz,Cu,700,Cu__700,-0.0075741495879786,-0.0004556819379056327,0.0071184676500729675,0.0071184676500729675
/Users/yti0811/Desktop/FE_data/npj_CM01/NPJ_CM_Fig_Python/Public_Reproducibility_Package_V01/npjcm-free-energy-surrogate_Re3/Python_Codes/table/snapshots_split/Cu_700K_snap00061.extxyz,Cu,700,Cu__700,-0.0075122586722706,-0.0004561204337184146,0.007056138238552186,0.007056138238552186
/Users/yti0811/Desktop/FE_data/npj_CM01/NPJ_CM_Fig_Python/Public_Reproducibility_Package_V01/npjcm-free-energy-surrogate_Re3/Python_Codes/table/snapshots_split/Cu_700K_snap00062.extxyz,Cu,700,Cu__700,-0.006632758777709,-0.00046489141978253045,0.00616786735792647,0.00616786735792647
/Users/yti0811/Desktop/FE_data/npj_CM01/NPJ_CM_Fig_Python/Public_Reproducibility_Package_V01/npjcm-free-energy-surrogate_Re3/Python_Codes/table/snapshots_split/Cu_700K_snap00063.extxyz,Cu,700,Cu__700,-0.0072362685290412,-0.0004466166061034969,0.0067896519229377035,0.0067896519229377035
/Users/yti0811/Desktop/FE_data/npj_CM01/NPJ_CM_Fig_Python/Public_Reproducibility_Package_V01/npjcm-free-energy-surrogate_Re3/Python_Codes/table/snapshots_split/Cu_700K_snap00064.extxyz,Cu,700,Cu__700,-0.0074411101233733,-0.0004472987761899809,0.006993811347183319,0.006993811347183319
/Users/yti0811/Desktop/FE_data/npj_CM01/NPJ_CM_Fig_Python/Public_Reproducibility_Package_V01/npjcm-free-energy-surrogate_Re3/Python_Codes/table/snapshots_split/Cu_700K_snap00065.extxyz,Cu,700,Cu__700,-0.0070062016167254,-0.00045652946578144575,0.006549672150943955,0.006549672150943955
/Users/yti0811/Desktop/FE_data/npj_CM01/NPJ_CM_Fig_Python/Public_Reproducibility_Package_V01/npjcm-free-energy-surrogate_Re3/Python_Codes/table/snapshots_split/Cu_700K_snap00066.extxyz,Cu,700,Cu__700,-0.0069676156371143,-0.00045882770432035646,0.006508787932793943,0.006508787932793943
/Users/yti0811/Desktop/FE_data/npj_CM01/NPJ_CM_Fig_Python/Public_Reproducibility_Package_V01/npjcm-free-energy-surrogate_Re3/Python_Codes/table/snapshots_split/Cu_700K_snap00067.extxyz,Cu,700,Cu__700,-0.007229107991314,-0.00044794694776314917,0.00678116104355085,0.00678116104355085
/Users/yti0811/Desktop/FE_data/npj_CM01/NPJ_CM_Fig_Python/Public_Reproducibility_Package_V01/npjcm-free-energy-surrogate_Re3/Python_Codes/table/snapshots_split/Cu_700K_snap00068.extxyz,Cu,700,Cu__700,-0.0064905418368537,-0.0004618691636798079,0.006028672673173892,0.006028672673173892
/Users/yti0811/Desktop/FE_data/npj_CM01/NPJ_CM_Fig_Python/Public_Reproducibility_Package_V01/npjcm-free-energy-surrogate_Re3/Python_Codes/table/snapshots_split/Cu_700K_snap00069.extxyz,Cu,700,Cu__700,-0.0075616330364314,-0.0004458591605973505,0.00711577387583405,0.00711577387583405
/Users/yti0811/Desktop/FE_data/npj_CM01/NPJ_CM_Fig_Python/Public_Reproducibility_Package_V01/npjcm-free-energy-surrogate_Re3/Python_Codes/table/snapshots_split/Cu_700K_snap00070.extxyz,Cu,700,Cu__700,-0.006858633506978,-0.00045770921158243315,0.006400924295395566,0.006400924295395566
/Users/yti0811/Desktop/FE_data/npj_CM01/NPJ_CM_Fig_Python/Public_Reproducibility_Package_V01/npjcm-free-energy-surrogate_Re3/Python_Codes/table/snapshots_split/Cu_700K_snap00071.extxyz,Cu,700,Cu__700,-0.007714940291015,-0.0004564030492085033,0.007258537241806497,0.007258537241806497
/Users/yti0811/Desktop/FE_data/npj_CM01/NPJ_CM_Fig_Python/Public_Reproducibility_Package_V01/npjcm-free-energy-surrogate_Re3/Python_Codes/table/snapshots_split/Cu_700K_snap00072.extxyz,Cu,700,Cu__700,-0.0073906881005874,-0.0004503989850838677,0.006940289115503532,0.006940289115503532
/Users/yti0811/Desktop/FE_data/npj_CM01/NPJ_CM_Fig_Python/Public_Reproducibility_Package_V01/npjcm-free-energy-surrogate_Re3/Python_Codes/table/snapshots_split/Cu_700K_snap00073.extxyz,Cu,700,Cu__700,-0.0075742180194862,-0.00044860963717031725,0.007125608382315882,0.007125608382315882
/Users/yti0811/Desktop/FE_data/npj_CM01/NPJ_CM_Fig_Python/Public_Reproducibility_Package_V01/npjcm-free-energy-surrogate_Re3/Python_Codes/table/snapshots_split/Cu_700K_snap00074.extxyz,Cu,700,Cu__700,-0.0070689329490132,-0.0004430509414985709,0.006625882007514629,0.006625882007514629
/Users/yti0811/Desktop/FE_data/npj_CM01/NPJ_CM_Fig_Python/Public_Reproducibility_Package_V01/npjcm-free-energy-surrogate_Re3/Python_Codes/table/snapshots_split/Cu_700K_snap00075.extxyz,Cu,700,Cu__700,-0.0076338285895516,-0.00045088653011486596,0.007182942059436734,0.007182942059436734
/Users/yti0811/Desktop/FE_data/npj_CM01/NPJ_CM_Fig_Python/Public_Reproducibility_Package_V01/npjcm-free-energy-surrogate_Re3/Python_Codes/table/snapshots_split/Cu_700K_snap00076.extxyz,Cu,700,Cu__700,-0.0078678716494751,-0.0004466397561489257,0.007421231893326175,0.007421231893326175
/Users/yti0811/Desktop/FE_data/npj_CM01/NPJ_CM_Fig_Python/Public_Reproducibility_Package_V01/npjcm-free-energy-surrogate_Re3/Python_Codes/table/snapshots_split/Cu_700K_snap00077.extxyz,Cu,700,Cu__700,-0.0068720955100378,-0.00046124842505366917,0.006410847084984131,0.006410847084984131
/Users/yti0811/Desktop/FE_data/npj_CM01/NPJ_CM_Fig_Python/Public_Reproducibility_Package_V01/npjcm-free-energy-surrogate_Re3/Python_Codes/table/snapshots_split/Cu_700K_snap00078.extxyz,Cu,700,Cu__700,-0.0071399664248488,-0.0004492842292371182,0.006690682195611682,0.006690682195611682
/Users/yti0811/Desktop/FE_data/npj_CM01/NPJ_CM_Fig_Python/Public_Reproducibility_Package_V01/npjcm-free-energy-surrogate_Re3/Python_Codes/table/snapshots_split/Cu_700K_snap00079.extxyz,Cu,700,Cu__700,-0.0067830318823014,-0.00046327150027915764,0.006319760382022242,0.006319760382022242
/Users/yti0811/Desktop/FE_data/npj_CM01/NPJ_CM_Fig_Python/Public_Reproducibility_Package_V01/npjcm-free-energy-surrogate_Re3/Python_Codes/table/snapshots_split/Cu_700K_snap00080.extxyz,Cu,700,Cu__700,-0.0072253553817931,-0.00045759841294826085,0.006767756968844839,0.006767756968844839
/Users/yti0811/Desktop/FE_data/npj_CM01/NPJ_CM_Fig_Python/Public_Reproducibility_Package_V01/npjcm-free-energy-surrogate_Re3/Python_Codes/table/snapshots_split/Cu_700K_snap00081.extxyz,Cu,700,Cu__700,-0.0071488257138086,-0.0004558581334733376,0.006692967580335263,0.006692967580335263
/Users/yti0811/Desktop/FE_data/npj_CM01/NPJ_CM_Fig_Python/Public_Reproducibility_Package_V01/npjcm-free-energy-surrogate_Re3/Python_Codes/table/snapshots_split/Cu_700K_snap00082.extxyz,Cu,700,Cu__700,-0.0076900860431557,-0.0004562721250231139,0.007233813918132586,0.007233813918132586
/Users/yti0811/Desktop/FE_data/npj_CM01/NPJ_CM_Fig_Python/Public_Reproducibility_Package_V01/npjcm-free-energy-surrogate_Re3/Python_Codes/table/snapshots_split/Cu_700K_snap00083.extxyz,Cu,700,Cu__700,-0.0076225349775038,-0.00045271502176010795,0.0071698199557436925,0.0071698199557436925
/Users/yti0811/Desktop/FE_data/npj_CM01/NPJ_CM_Fig_Python/Public_Reproducibility_Package_V01/npjcm-free-energy-surrogate_Re3/Python_Codes/table/snapshots_split/Cu_700K_snap00084.extxyz,Cu,700,Cu__700,-0.0072642264061755,-0.0004405812326768591,0.0068236451734986405,0.0068236451734986405
/Users/yti0811/Desktop/FE_data/npj_CM01/NPJ_CM_Fig_Python/Public_Reproducibility_Package_V01/npjcm-free-energy-surrogate_Re3/Python_Codes/table/snapshots_split/Cu_700K_snap00085.extxyz,Cu,700,Cu__700,-0.0069428163308018,-0.00045745702746105403,0.006485359303340746,0.006485359303340746
/Users/yti0811/Desktop/FE_data/npj_CM01/NPJ_CM_Fig_Python/Public_Reproducibility_Package_V01/npjcm-free-energy-surrogate_Re3/Python_Codes/table/snapshots_split/Cu_700K_snap00086.extxyz,Cu,700,Cu__700,-0.0070747646251214,-0.00045116798344305983,0.00662359664167834,0.00662359664167834
/Users/yti0811/Desktop/FE_data/npj_CM01/NPJ_CM_Fig_Python/Public_Reproducibility_Package_V01/npjcm-free-energy-surrogate_Re3/Python_Codes/table/snapshots_split/Cu_700K_snap00087.extxyz,Cu,700,Cu__700,-0.0068190679395836,-0.00044908670320965144,0.0063699812363739484,0.0063699812363739484
/Users/yti0811/Desktop/FE_data/npj_CM01/NPJ_CM_Fig_Python/Public_Reproducibility_Package_V01/npjcm-free-energy-surrogate_Re3/Python_Codes/table/snapshots_split/Cu_700K_snap00088.extxyz,Cu,700,Cu__700,-0.0076006075610821,-0.0004468212060804755,0.007153786355001624,0.007153786355001624
/Users/yti0811/Desktop/FE_data/npj_CM01/NPJ_CM_Fig_Python/Public_Reproducibility_Package_V01/npjcm-free-energy-surrogate_Re3/Python_Codes/table/snapshots_split/Cu_700K_snap00089.extxyz,Cu,700,Cu__700,-0.0067584818124901,-0.00044594249998222463,0.006312539312507875,0.006312539312507875
/Users/yti0811/Desktop/FE_data/npj_CM01/NPJ_CM_Fig_Python/Public_Reproducibility_Package_V01/npjcm-free-energy-surrogate_Re3/Python_Codes/table/snapshots_split/Cu_700K_snap00090.extxyz,Cu,700,Cu__700,-0.0069943246862627,-0.0004573204249953097,0.0065370042612673904,0.0065370042612673904
/Users/yti0811/Desktop/FE_data/npj_CM01/NPJ_CM_Fig_Python/Public_Reproducibility_Package_V01/npjcm-free-energy-surrogate_Re3/Python_Codes/table/snapshots_split/Cu_700K_snap00091.extxyz,Cu,700,Cu__700,-0.0073636148835596,-0.0004587970393299731,0.006904817844229627,0.006904817844229627
/Users/yti0811/Desktop/FE_data/npj_CM01/NPJ_CM_Fig_Python/Public_Reproducibility_Package_V01/npjcm-free-energy-surrogate_Re3/Python_Codes/table/snapshots_split/Cu_700K_snap00092.extxyz,Cu,700,Cu__700,-0.0075457933259788,-0.00045554404661820176,0.007090249279360598,0.007090249279360598
/Users/yti0811/Desktop/FE_data/npj_CM01/NPJ_CM_Fig_Python/Public_Reproducibility_Package_V01/npjcm-free-energy-surrogate_Re3/Python_Codes/table/snapshots_split/Cu_700K_snap00093.extxyz,Cu,700,Cu__700,-0.0073521678704746,-0.0004540151795866398,0.00689815269088796,0.00689815269088796
/Users/yti0811/Desktop/FE_data/npj_CM01/NPJ_CM_Fig_Python/Public_Reproducibility_Package_V01/npjcm-free-energy-surrogate_Re3/Python_Codes/table/snapshots_split/Cu_700K_snap00094.extxyz,Cu,700,Cu__700,-0.0075165343367207,-0.00045529593054356433,0.007061238406177135,0.007061238406177135
/Users/yti0811/Desktop/FE_data/npj_CM01/NPJ_CM_Fig_Python/Public_Reproducibility_Package_V01/npjcm-free-energy-surrogate_Re3/Python_Codes/table/snapshots_split/Cu_700K_snap00095.extxyz,Cu,700,Cu__700,-0.0071526122486671,-0.00044854176979240294,0.006704070478874697,0.006704070478874697
/Users/yti0811/Desktop/FE_data/npj_CM01/NPJ_CM_Fig_Python/Public_Reproducibility_Package_V01/npjcm-free-energy-surrogate_Re3/Python_Codes/table/snapshots_split/Cu_700K_snap00096.extxyz,Cu,700,Cu__700,-0.006851257414133,-0.00045373281328137534,0.0063975246008516245,0.0063975246008516245
/Users/yti0811/Desktop/FE_data/npj_CM01/NPJ_CM_Fig_Python/Public_Reproducibility_Package_V01/npjcm-free-energy-surrogate_Re3/Python_Codes/table/snapshots_split/Cu_700K_snap00097.extxyz,Cu,700,Cu__700,-0.0075772884384448,-0.0004585443952827319,0.007118744043162068,0.007118744043162068
/Users/yti0811/Desktop/FE_data/npj_CM01/NPJ_CM_Fig_Python/Public_Reproducibility_Package_V01/npjcm-free-energy-surrogate_Re3/Python_Codes/table/snapshots_split/Cu_700K_snap00098.extxyz,Cu,700,Cu__700,-0.0076589562813873,-0.00045194939843646654,0.007207006882950834,0.007207006882950834
/Users/yti0811/Desktop/FE_data/npj_CM01/NPJ_CM_Fig_Python/Public_Reproducibility_Package_V01/npjcm-free-energy-surrogate_Re3/Python_Codes/table/snapshots_split/Cu_700K_snap00099.extxyz,Cu,700,Cu__700,-0.0072247072146252,-0.0004419465672015933,0.006782760647423607,0.006782760647423607
