snapshot_path,system,temperature,group,target,prediction,error,abs_error
/Users/yti0811/Desktop/FE_data/npj_CM01/NPJ_CM_Fig_Python/Public_Reproducibility_Package_V01/npjcm-free-energy-surrogate_Re3/Python_Codes/table/snapshots_split/Cu_300K_snap00000.extxyz,Cu,300,Cu__300,-0.0001125072225183,0.000109824709900819,0.000222331932419119,0.000222331932419119
/Users/yti0811/Desktop/FE_data/npj_CM01/NPJ_CM_Fig_Python/Public_Reproducibility_Package_V01/npjcm-free-energy-surrogate_Re3/Python_Codes/table/snapshots_split/Cu_300K_snap00001.extxyz,Cu,300,Cu__300,0.0002469086613565,0.000109824709900819,-0.000137083951455681,0.000137083951455681
/Users/yti0811/Desktop/FE_data/npj_CM01/NPJ_CM_Fig_Python/Public_Reproducibility_Package_V01/npjcm-free-energy-surrogate_Re3/Python_Codes/table/snapshots_split/Cu_300K_snap00002.extxyz,Cu,300,Cu__300,0.0002128000199426,0.000109824709900819,-0.00010297531004178101,0.00010297531004178101
/Users/yti0811/Desktop/FE_data/npj_CM01/NPJ_CM_Fig_Python/Public_Reproducibility_Package_V01/npjcm-free-energy-surrogate_Re3/Python_Codes/table/snapshots_split/Cu_300K_snap00003.extxyz,Cu,300,Cu__300,-0.0003423516582103,0.000109824709900819,0.00045217636811111894,0.00045217636811111894
/Users/yti0811/Desktop/FE_data/npj_CM01/NPJ_CM_Fig_Python/Public_Reproducibility_Package_V01/npjcm-free-energy-surrogate_Re3/Python_Codes/table/snapshots_split/Cu_300K_snap00004.extxyz,Cu,300,Cu__300,-0.0001083647587254,0.000109824709900819,0.00021818946862621897,0.00021818946862621897
/Users/yti0811/Desktop/FE_data/npj_CM01/NPJ_CM_Fig_Python/Public_Reproducibility_Package_V01/npjcm-free-energy-surrogate_Re3/Python_Codes/table/snapshots_split/Cu_300K_snap00005.extxyz,Cu,300,Cu__300,-0.0001380681767288,0.000109824709900819,0.000247892886629619,0.000247892886629619
/Users/yti0811/Desktop/FE_data/npj_CM01/NPJ_CM_Fig_Python/Public_Reproducibility_Package_V01/npjcm-free-energy-surrogate_Re3/Python_Codes/table/snapshots_split/Cu_300K_snap00006.extxyz,Cu,300,Cu__300,-0.0001441316835454,0.000109824709900819,0.000253956393446219,0.000253956393446219
/Users/yti0811/Desktop/FE_data/npj_CM01/NPJ_CM_Fig_Python/Public_Reproducibility_Package_V01/npjcm-free-energy-surrogate_Re3/Python_Codes/table/snapshots_split/Cu_300K_snap00007.extxyz,Cu,300,Cu__300,-2.4834390695018265e-05,0.000109824709900819,0.00013465910059583727,0.00013465910059583727
/Users/yti0811/Desktop/FE_data/npj_CM01/NPJ_CM_Fig_Python/Public_Reproducibility_Package_V01/npjcm-free-energy-surrogate_Re3/Python_Codes/table/snapshots_split/Cu_300K_snap00008.extxyz,Cu,300,Cu__300,-0.000238180985486,0.000109824709900819,0.00034800569538681895,0.00034800569538681895
/Users/yti0811/Desktop/FE_data/npj_CM01/NPJ_CM_Fig_Python/Public_Reproducibility_Package_V01/npjcm-free-energy-surrogate_Re3/Python_Codes/table/snapshots_split/Cu_300K_snap00009.extxyz,Cu,300,Cu__300,-8.019598707466215e-05,0.000109824709900819,0.00019002069697548113,0.00019002069697548113
/Users/yti0811/Desktop/FE_data/npj_CM01/NPJ_CM_Fig_Python/Public_Reproducibility_Package_V01/npjcm-free-energy-surrogate_Re3/Python_Codes/table/snapshots_split/Cu_300K_snap00010.extxyz,Cu,300,Cu__300,-0.0001265023137459,0.000109824709900819,0.00023632702364671898,0.00023632702364671898
/Users/yti0811/Desktop/FE_data/npj_CM01/NPJ_CM_Fig_Python/Public_Reproducibility_Package_V01/npjcm-free-energy-surrogate_Re3/Python_Codes/table/snapshots_split/Cu_300K_snap00011.extxyz,Cu,300,Cu__300,1.827875808489808e-05,0.000109824709900819,9.154595181592091e-05,9.154595181592091e-05
/Users/yti0811/Desktop/FE_data/npj_CM01/NPJ_CM_Fig_Python/Public_Reproducibility_Package_V01/npjcm-free-energy-surrogate_Re3/Python_Codes/table/snapshots_split/Cu_300K_snap00012.extxyz,Cu,300,Cu__300,0.0001495680217717,0.000109824709900819,-3.9743311870881e-05,3.9743311870881e-05
/Users/yti0811/Desktop/FE_data/npj_CM01/NPJ_CM_Fig_Python/Public_Reproducibility_Package_V01/npjcm-free-energy-surrogate_Re3/Python_Codes/table/snapshots_split/Cu_300K_snap00013.extxyz,Cu,300,Cu__300,-4.285004580274644e-05,0.000109824709900819,0.00015267475570356542,0.00015267475570356542
/Users/yti0811/Desktop/FE_data/npj_CM01/NPJ_CM_Fig_Python/Public_Reproducibility_Package_V01/npjcm-free-energy-surrogate_Re3/Python_Codes/table/snapshots_split/Cu_300K_snap00014.extxyz,Cu,300,Cu__300,7.135879129192945e-05,0.000109824709900819,3.846591860888955e-05,3.846591860888955e-05
/Users/yti0811/Desktop/FE_data/npj_CM01/NPJ_CM_Fig_Python/Public_Reproducibility_Package_V01/npjcm-free-energy-surrogate_Re3/Python_Codes/table/snapshots_split/Cu_300K_snap00015.extxyz,Cu,300,Cu__300,-0.0001736835099469,0.000109824709900819,0.000283508219847719,0.000283508219847719
/Users/yti0811/Desktop/FE_data/npj_CM01/NPJ_CM_Fig_Python/Public_Reproducibility_Package_V01/npjcm-free-energy-surrogate_Re3/Python_Codes/table/snapshots_split/Cu_300K_snap00016.extxyz,Cu,300,Cu__300,-2.261496888823657e-05,0.000109824709900819,0.00013243967878905557,0.00013243967878905557
/Users/yti0811/Desktop/FE_data/npj_CM01/NPJ_CM_Fig_Python/Public_Reproducibility_Package_V01/npjcm-free-energy-surrogate_Re3/Python_Codes/table/snapshots_split/Cu_300K_snap00017.extxyz,Cu,300,Cu__300,-0.0002025064190055,0.000109824709900819,0.000312331128906319,0.000312331128906319
/Users/yti0811/Desktop/FE_data/npj_CM01/NPJ_CM_Fig_Python/Public_Reproducibility_Package_V01/npjcm-free-energy-surrogate_Re3/Python_Codes/table/snapshots_split/Cu_300K_snap00018.extxyz,Cu,300,Cu__300,2.894488743341845e-06,0.000109824709900819,0.00010693022115747715,0.00010693022115747715
/Users/yti0811/Desktop/FE_data/npj_CM01/NPJ_CM_Fig_Python/Public_Reproducibility_Package_V01/npjcm-free-energy-surrogate_Re3/Python_Codes/table/snapshots_split/Cu_300K_snap00019.extxyz,Cu,300,Cu__300,0.0001264141321812,0.000109824709900819,-1.6589422280381005e-05,1.6589422280381005e-05
/Users/yti0811/Desktop/FE_data/npj_CM01/NPJ_CM_Fig_Python/Public_Reproducibility_Package_V01/npjcm-free-energy-surrogate_Re3/Python_Codes/table/snapshots_split/Cu_300K_snap00020.extxyz,Cu,300,Cu__300,6.007858174726765e-05,0.000109824709900819,4.9746128153551343e-05,4.9746128153551343e-05
/Users/yti0811/Desktop/FE_data/npj_CM01/NPJ_CM_Fig_Python/Public_Reproducibility_Package_V01/npjcm-free-energy-surrogate_Re3/Python_Codes/table/snapshots_split/Cu_300K_snap00021.extxyz,Cu,300,Cu__300,-0.0001051507149045,0.000109824709900819,0.000214975424805319,0.000214975424805319
/Users/yti0811/Desktop/FE_data/npj_CM01/NPJ_CM_Fig_Python/Public_Reproducibility_Package_V01/npjcm-free-energy-surrogate_Re3/Python_Codes/table/snapshots_split/Cu_300K_snap00022.extxyz,Cu,300,Cu__300,-0.0001430318746712,0.000109824709900819,0.000252856584572019,0.000252856584572019
/Users/yti0811/Desktop/FE_data/npj_CM01/NPJ_CM_Fig_Python/Public_Reproducibility_Package_V01/npjcm-free-energy-surrogate_Re3/Python_Codes/table/snapshots_split/Cu_300K_snap00023.extxyz,Cu,300,Cu__300,-0.0001043699571452,0.000109824709900819,0.000214194667046019,0.000214194667046019
/Users/yti0811/Desktop/FE_data/npj_CM01/NPJ_CM_Fig_Python/Public_Reproducibility_Package_V01/npjcm-free-energy-surrogate_Re3/Python_Codes/table/snapshots_split/Cu_300K_snap00024.extxyz,Cu,300,Cu__300,-0.0003433189154383,0.000109824709900819,0.00045314362533911896,0.00045314362533911896
/Users/yti0811/Desktop/FE_data/npj_CM01/NPJ_CM_Fig_Python/Public_Reproducibility_Package_V01/npjcm-free-energy-surrogate_Re3/Python_Codes/table/snapshots_split/Cu_300K_snap00025.extxyz,Cu,300,Cu__300,4.793291855963276e-05,0.000109824709900819,6.189179134118623e-05,6.189179134118623e-05
/Users/yti0811/Desktop/FE_data/npj_CM01/NPJ_CM_Fig_Python/Public_Reproducibility_Package_V01/npjcm-free-energy-surrogate_Re3/Python_Codes/table/snapshots_split/Cu_300K_snap00026.extxyz,Cu,300,Cu__300,4.456490136427292e-05,0.000109824709900819,6.525980853654607e-05,6.525980853654607e-05
/Users/yti0811/Desktop/FE_data/npj_CM01/NPJ_CM_Fig_Python/Public_Reproducibility_Package_V01/npjcm-free-energy-surrogate_Re3/Python_Codes/table/snapshots_split/Cu_300K_snap00027.extxyz,Cu,300,Cu__300,8.83919920501129e-06,0.000109824709900819,0.0001009855106958077,0.0001009855106958077
/Users/yti0811/Desktop/FE_data/npj_CM01/NPJ_CM_Fig_Python/Public_Reproducibility_Package_V01/npjcm-free-energy-surrogate_Re3/Python_Codes/table/snapshots_split/Cu_300K_snap00028.extxyz,Cu,300,Cu__300,-0.0001376801380676,0.000109824709900819,0.00024750484796841896,0.00024750484796841896
/Users/yti0811/Desktop/FE_data/npj_CM01/NPJ_CM_Fig_Python/Public_Reproducibility_Package_V01/npjcm-free-energy-surrogate_Re3/Python_Codes/table/snapshots_split/Cu_300K_snap00029.extxyz,Cu,300,Cu__300,0.0001175157849013,0.000109824709900819,-7.69107500048101e-06,7.69107500048101e-06
/Users/yti0811/Desktop/FE_data/npj_CM01/NPJ_CM_Fig_Python/Public_Reproducibility_Package_V01/npjcm-free-energy-surrogate_Re3/Python_Codes/table/snapshots_split/Cu_300K_snap00030.extxyz,Cu,300,Cu__300,3.2629641190760604e-05,0.000109824709900819,7.719506871005839e-05,7.719506871005839e-05
/Users/yti0811/Desktop/FE_data/npj_CM01/NPJ_CM_Fig_Python/Public_Reproducibility_Package_V01/npjcm-free-energy-surrogate_Re3/Python_Codes/table/snapshots_split/Cu_300K_snap00031.extxyz,Cu,300,Cu__300,0.0001166750353811,0.000109824709900819,-6.8503254802810095e-06,6.8503254802810095e-06
/Users/yti0811/Desktop/FE_data/npj_CM01/NPJ_CM_Fig_Python/Public_Reproducibility_Package_V01/npjcm-free-energy-surrogate_Re3/Python_Codes/table/snapshots_split/Cu_300K_snap00032.extxyz,Cu,300,Cu__300,0.0001233963545921,0.000109824709900819,-1.3571644691281001e-05,1.3571644691281001e-05
/Users/yti0811/Desktop/FE_data/npj_CM01/NPJ_CM_Fig_Python/Public_Reproducibility_Package_V01/npjcm-free-energy-surrogate_Re3/Python_Codes/table/snapshots_split/Cu_300K_snap00033.extxyz,Cu,300,Cu__300,-6.804807495620792e-05,0.000109824709900819,0.0001778727848570269,0.0001778727848570269
/Users/yti0811/Desktop/FE_data/npj_CM01/NPJ_CM_Fig_Python/Public_Reproducibility_Package_V01/npjcm-free-energy-surrogate_Re3/Python_Codes/table/snapshots_split/Cu_300K_snap00034.extxyz,Cu,300,Cu__300,-2.171091484283351e-05,0.000109824709900819,0.00013153562474365252,0.00013153562474365252
/Users/yti0811/Desktop/FE_data/npj_CM01/NPJ_CM_Fig_Python/Public_Reproducibility_Package_V01/npjcm-free-energy-surrogate_Re3/Python_Codes/table/snapshots_split/Cu_300K_snap00035.extxyz,Cu,300,Cu__300,-7.812467143787528e-05,0.000109824709900819,0.00018794938133869426,0.00018794938133869426
/Users/yti0811/Desktop/FE_data/npj_CM01/NPJ_CM_Fig_Python/Public_Reproducibility_Package_V01/npjcm-free-energy-surrogate_Re3/Python_Codes/table/snapshots_split/Cu_300K_snap00036.extxyz,Cu,300,Cu__300,-1.8399518180295552e-06,0.000109824709900819,0.00011166466171884855,0.00011166466171884855
/Users/yti0811/Desktop/FE_data/npj_CM01/NPJ_CM_Fig_Python/Public_Reproducibility_Package_V01/npjcm-free-energy-surrogate_Re3/Python_Codes/table/snapshots_split/Cu_300K_snap00037.extxyz,Cu,300,Cu__300,7.006846434708222e-05,0.000109824709900819,3.975624555373677e-05,3.975624555373677e-05
/Users/yti0811/Desktop/FE_data/npj_CM01/NPJ_CM_Fig_Python/Public_Reproducibility_Package_V01/npjcm-free-energy-surrogate_Re3/Python_Codes/table/snapshots_split/Cu_300K_snap00038.extxyz,Cu,300,Cu__300,-4.205982719530822e-05,0.000109824709900819,0.0001518845370961272,0.0001518845370961272
/Users/yti0811/Desktop/FE_data/npj_CM01/NPJ_CM_Fig_Python/Public_Reproducibility_Package_V01/npjcm-free-energy-surrogate_Re3/Python_Codes/table/snapshots_split/Cu_300K_snap00039.extxyz,Cu,300,Cu__300,-0.0001230968265497,0.000109824709900819,0.000232921536450519,0.000232921536450519
/Users/yti0811/Desktop/FE_data/npj_CM01/NPJ_CM_Fig_Python/Public_Reproducibility_Package_V01/npjcm-free-energy-surrogate_Re3/Python_Codes/table/snapshots_split/Cu_300K_snap00040.extxyz,Cu,300,Cu__300,-7.33419055888475e-06,0.000109824709900819,0.00011715890045970374,0.00011715890045970374
/Users/yti0811/Desktop/FE_data/npj_CM01/NPJ_CM_Fig_Python/Public_Reproducibility_Package_V01/npjcm-free-energy-surrogate_Re3/Python_Codes/table/snapshots_split/Cu_300K_snap00041.extxyz,Cu,300,Cu__300,2.69367087137745e-05,0.000109824709900819,8.288800118704449e-05,8.288800118704449e-05
/Users/yti0811/Desktop/FE_data/npj_CM01/NPJ_CM_Fig_Python/Public_Reproducibility_Package_V01/npjcm-free-energy-surrogate_Re3/Python_Codes/table/snapshots_split/Cu_300K_snap00042.extxyz,Cu,300,Cu__300,-7.934730024152253e-06,0.000109824709900819,0.00011775943992497124,0.00011775943992497124
/Users/yti0811/Desktop/FE_data/npj_CM01/NPJ_CM_Fig_Python/Public_Reproducibility_Package_V01/npjcm-free-energy-surrogate_Re3/Python_Codes/table/snapshots_split/Cu_300K_snap00043.extxyz,Cu,300,Cu__300,3.492667422254457e-05,0.000109824709900819,7.489803567827442e-05,7.489803567827442e-05
/Users/yti0811/Desktop/FE_data/npj_CM01/NPJ_CM_Fig_Python/Public_Reproducibility_Package_V01/npjcm-free-energy-surrogate_Re3/Python_Codes/table/snapshots_split/Cu_300K_snap00044.extxyz,Cu,300,Cu__300,-0.0002136314523063,0.000109824709900819,0.000323456162207119,0.000323456162207119
/Users/yti0811/Desktop/FE_data/npj_CM01/NPJ_CM_Fig_Python/Public_Reproducibility_Package_V01/npjcm-free-energy-surrogate_Re3/Python_Codes/table/snapshots_split/Cu_300K_snap00045.extxyz,Cu,300,Cu__300,0.0003030698594383,0.000109824709900819,-0.000193245149537481,0.000193245149537481
/Users/yti0811/Desktop/FE_data/npj_CM01/NPJ_CM_Fig_Python/Public_Reproducibility_Package_V01/npjcm-free-energy-surrogate_Re3/Python_Codes/table/snapshots_split/Cu_300K_snap00046.extxyz,Cu,300,Cu__300,1.394824209198618e-05,0.000109824709900819,9.587646780883281e-05,9.587646780883281e-05
/Users/yti0811/Desktop/FE_data/npj_CM01/NPJ_CM_Fig_Python/Public_Reproducibility_Package_V01/npjcm-free-energy-surrogate_Re3/Python_Codes/table/snapshots_split/Cu_300K_snap00047.extxyz,Cu,300,Cu__300,-0.0001316903035458,0.000109824709900819,0.000241515013446619,0.000241515013446619
/Users/yti0811/Desktop/FE_data/npj_CM01/NPJ_CM_Fig_Python/Public_Reproducibility_Package_V01/npjcm-free-energy-surrogate_Re3/Python_Codes/table/snapshots_split/Cu_300K_snap00048.extxyz,Cu,300,Cu__300,4.1243319825895305e-06,0.000109824709900819,0.00010570037791822946,0.00010570037791822946
/Users/yti0811/Desktop/FE_data/npj_CM01/NPJ_CM_Fig_Python/Public_Reproducibility_Package_V01/npjcm-free-energy-surrogate_Re3/Python_Codes/table/snapshots_split/Cu_300K_snap00049.extxyz,Cu,300,Cu__300,0.0001310896445429,0.000109824709900819,-2.1264934642080993e-05,2.1264934642080993e-05
/Users/yti0811/Desktop/FE_data/npj_CM01/NPJ_CM_Fig_Python/Public_Reproducibility_Package_V01/npjcm-free-energy-surrogate_Re3/Python_Codes/table/snapshots_split/Cu_300K_snap00050.extxyz,Cu,300,Cu__300,-0.00021461292713,0.000109824709900819,0.000324437637030819,0.000324437637030819
/Users/yti0811/Desktop/FE_data/npj_CM01/NPJ_CM_Fig_Python/Public_Reproducibility_Package_V01/npjcm-free-energy-surrogate_Re3/Python_Codes/table/snapshots_split/Cu_300K_snap00051.extxyz,Cu,300,Cu__300,-4.2307867480623365e-06,0.000109824709900819,0.00011405549664888133,0.00011405549664888133
/Users/yti0811/Desktop/FE_data/npj_CM01/NPJ_CM_Fig_Python/Public_Reproducibility_Package_V01/npjcm-free-energy-surrogate_Re3/Python_Codes/table/snapshots_split/Cu_300K_snap00052.extxyz,Cu,300,Cu__300,-0.0002739080936277,0.000109824709900819,0.000383732803528519,0.000383732803528519
/Users/yti0811/Desktop/FE_data/npj_CM01/NPJ_CM_Fig_Python/Public_Reproducibility_Package_V01/npjcm-free-energy-surrogate_Re3/Python_Codes/table/snapshots_split/Cu_300K_snap00053.extxyz,Cu,300,Cu__300,-6.254624617697715e-05,0.000109824709900819,0.00017237095607779615,0.00017237095607779615
/Users/yti0811/Desktop/FE_data/npj_CM01/NPJ_CM_Fig_Python/Public_Reproducibility_Package_V01/npjcm-free-energy-surrogate_Re3/Python_Codes/table/snapshots_split/Cu_300K_snap00054.extxyz,Cu,300,Cu__300,-5.6115123155743864e-05,0.000109824709900819,0.00016593983305656284,0.00016593983305656284
/Users/yti0811/Desktop/FE_data/npj_CM01/NPJ_CM_Fig_Python/Public_Reproducibility_Package_V01/npjcm-free-energy-surrogate_Re3/Python_Codes/table/snapshots_split/Cu_300K_snap00055.extxyz,Cu,300,Cu__300,-5.77716217860086e-05,0.000109824709900819,0.00016759633168682758,0.00016759633168682758
/Users/yti0811/Desktop/FE_data/npj_CM01/NPJ_CM_Fig_Python/Public_Reproducibility_Package_V01/npjcm-free-energy-surrogate_Re3/Python_Codes/table/snapshots_split/Cu_300K_snap00056.extxyz,Cu,300,Cu__300,-8.443066127440558e-05,0.000109824709900819,0.00019425537117522456,0.00019425537117522456
/Users/yti0811/Desktop/FE_data/npj_CM01/NPJ_CM_Fig_Python/Public_Reproducibility_Package_V01/npjcm-free-energy-surrogate_Re3/Python_Codes/table/snapshots_split/Cu_300K_snap00057.extxyz,Cu,300,Cu__300,0.0001061966500799,0.000109824709900819,3.6280598209189973e-06,3.6280598209189973e-06
/Users/yti0811/Desktop/FE_data/npj_CM01/NPJ_CM_Fig_Python/Public_Reproducibility_Package_V01/npjcm-free-energy-surrogate_Re3/Python_Codes/table/snapshots_split/Cu_300K_snap00058.extxyz,Cu,300,Cu__300,-0.000281622611823,0.000109824709900819,0.000391447321723819,0.000391447321723819
/Users/yti0811/Desktop/FE_data/npj_CM01/NPJ_CM_Fig_Python/Public_Reproducibility_Package_V01/npjcm-free-energy-surrogate_Re3/Python_Codes/table/snapshots_split/Cu_300K_snap00059.extxyz,Cu,300,Cu__300,0.0001211885040572,0.000109824709900819,-1.1363794156381003e-05,1.1363794156381003e-05
/Users/yti0811/Desktop/FE_data/npj_CM01/NPJ_CM_Fig_Python/Public_Reproducibility_Package_V01/npjcm-free-energy-surrogate_Re3/Python_Codes/table/snapshots_split/Cu_300K_snap00060.extxyz,Cu,300,Cu__300,9.663724984760146e-05,0.000109824709900819,1.3187460053217534e-05,1.3187460053217534e-05
/Users/yti0811/Desktop/FE_data/npj_CM01/NPJ_CM_Fig_Python/Public_Reproducibility_Package_V01/npjcm-free-energy-surrogate_Re3/Python_Codes/table/snapshots_split/Cu_300K_snap00061.extxyz,Cu,300,Cu__300,-0.0001076420654344,0.000109824709900819,0.000217466775335219,0.000217466775335219
/Users/yti0811/Desktop/FE_data/npj_CM01/NPJ_CM_Fig_Python/Public_Reproducibility_Package_V01/npjcm-free-energy-surrogate_Re3/Python_Codes/table/snapshots_split/Cu_300K_snap00062.extxyz,Cu,300,Cu__300,-2.710308841371039e-06,0.000109824709900819,0.00011253501874219003,0.00011253501874219003
/Users/yti0811/Desktop/FE_data/npj_CM01/NPJ_CM_Fig_Python/Public_Reproducibility_Package_V01/npjcm-free-energy-surrogate_Re3/Python_Codes/table/snapshots_split/Cu_300K_snap00063.extxyz,Cu,300,Cu__300,7.061039395449387e-05,0.000109824709900819,3.921431594632513e-05,3.921431594632513e-05
/Users/yti0811/Desktop/FE_data/npj_CM01/NPJ_CM_Fig_Python/Public_Reproducibility_Package_V01/npjcm-free-energy-surrogate_Re3/Python_Codes/table/snapshots_split/Cu_300K_snap00064.extxyz,Cu,300,Cu__300,1.4543819154320658e-05,0.000109824709900819,9.528089074649834e-05,9.528089074649834e-05
/Users/yti0811/Desktop/FE_data/npj_CM01/NPJ_CM_Fig_Python/Public_Reproducibility_Package_V01/npjcm-free-energy-surrogate_Re3/Python_Codes/table/snapshots_split/Cu_300K_snap00065.extxyz,Cu,300,Cu__300,0.0002219039512833,0.000109824709900819,-0.00011207924138248102,0.00011207924138248102
/Users/yti0811/Desktop/FE_data/npj_CM01/NPJ_CM_Fig_Python/Public_Reproducibility_Package_V01/npjcm-free-energy-surrogate_Re3/Python_Codes/table/snapshots_split/Cu_300K_snap00066.extxyz,Cu,300,Cu__300,1.5105463451168794e-05,0.000109824709900819,9.47192464496502e-05,9.47192464496502e-05
/Users/yti0811/Desktop/FE_data/npj_CM01/NPJ_CM_Fig_Python/Public_Reproducibility_Package_V01/npjcm-free-energy-surrogate_Re3/Python_Codes/table/snapshots_split/Cu_300K_snap00067.extxyz,Cu,300,Cu__300,0.0001755975801027,0.000109824709900819,-6.5772870201881e-05,6.5772870201881e-05
/Users/yti0811/Desktop/FE_data/npj_CM01/NPJ_CM_Fig_Python/Public_Reproducibility_Package_V01/npjcm-free-energy-surrogate_Re3/Python_Codes/table/snapshots_split/Cu_300K_snap00068.extxyz,Cu,300,Cu__300,-2.927553555755082e-05,0.000109824709900819,0.00013910024545836982,0.00013910024545836982
/Users/yti0811/Desktop/FE_data/npj_CM01/NPJ_CM_Fig_Python/Public_Reproducibility_Package_V01/npjcm-free-energy-surrogate_Re3/Python_Codes/table/snapshots_split/Cu_300K_snap00069.extxyz,Cu,300,Cu__300,-0.00012521304789,0.000109824709900819,0.000235037757790819,0.000235037757790819
/Users/yti0811/Desktop/FE_data/npj_CM01/NPJ_CM_Fig_Python/Public_Reproducibility_Package_V01/npjcm-free-energy-surrogate_Re3/Python_Codes/table/snapshots_split/Cu_300K_snap00070.extxyz,Cu,300,Cu__300,-6.844510906224456e-05,0.000109824709900819,0.00017826981896306354,0.00017826981896306354
/Users/yti0811/Desktop/FE_data/npj_CM01/NPJ_CM_Fig_Python/Public_Reproducibility_Package_V01/npjcm-free-energy-surrogate_Re3/Python_Codes/table/snapshots_split/Cu_300K_snap00071.extxyz,Cu,300,Cu__300,-0.0002339743844487,0.000109824709900819,0.00034379909434951897,0.00034379909434951897
/Users/yti0811/Desktop/FE_data/npj_CM01/NPJ_CM_Fig_Python/Public_Reproducibility_Package_V01/npjcm-free-energy-surrogate_Re3/Python_Codes/table/snapshots_split/Cu_300K_snap00072.extxyz,Cu,300,Cu__300,-0.0003530254535125,0.000109824709900819,0.000462850163413319,0.000462850163413319
/Users/yti0811/Desktop/FE_data/npj_CM01/NPJ_CM_Fig_Python/Public_Reproducibility_Package_V01/npjcm-free-energy-surrogate_Re3/Python_Codes/table/snapshots_split/Cu_300K_snap00073.extxyz,Cu,300,Cu__300,2.9225685529863916e-05,0.000109824709900819,8.059902437095507e-05,8.059902437095507e-05
/Users/yti0811/Desktop/FE_data/npj_CM01/NPJ_CM_Fig_Python/Public_Reproducibility_Package_V01/npjcm-free-energy-surrogate_Re3/Python_Codes/table/snapshots_split/Cu_300K_snap00074.extxyz,Cu,300,Cu__300,-6.461782898993811e-06,0.000109824709900819,0.0001162864927998128,0.0001162864927998128
/Users/yti0811/Desktop/FE_data/npj_CM01/NPJ_CM_Fig_Python/Public_Reproducibility_Package_V01/npjcm-free-energy-surrogate_Re3/Python_Codes/table/snapshots_split/Cu_300K_snap00075.extxyz,Cu,300,Cu__300,0.0002472372943622,0.000109824709900819,-0.00013741258446138102,0.00013741258446138102
/Users/yti0811/Desktop/FE_data/npj_CM01/NPJ_CM_Fig_Python/Public_Reproducibility_Package_V01/npjcm-free-energy-surrogate_Re3/Python_Codes/table/snapshots_split/Cu_300K_snap00076.extxyz,Cu,300,Cu__300,4.817968579916397e-05,0.000109824709900819,6.164502410165502e-05,6.164502410165502e-05
/Users/yti0811/Desktop/FE_data/npj_CM01/NPJ_CM_Fig_Python/Public_Reproducibility_Package_V01/npjcm-free-energy-surrogate_Re3/Python_Codes/table/snapshots_split/Cu_300K_snap00077.extxyz,Cu,300,Cu__300,0.0001214583302164,0.000109824709900819,-1.1633620315581008e-05,1.1633620315581008e-05
/Users/yti0811/Desktop/FE_data/npj_CM01/NPJ_CM_Fig_Python/Public_Reproducibility_Package_V01/npjcm-free-energy-surrogate_Re3/Python_Codes/table/snapshots_split/Cu_300K_snap00078.extxyz,Cu,300,Cu__300,0.0001942066155224,0.000109824709900819,-8.4381905621581e-05,8.4381905621581e-05
/Users/yti0811/Desktop/FE_data/npj_CM01/NPJ_CM_Fig_Python/Public_Reproducibility_Package_V01/npjcm-free-energy-surrogate_Re3/Python_Codes/table/snapshots_split/Cu_300K_snap00079.extxyz,Cu,300,Cu__300,2.7314805713705687e-05,0.000109824709900819,8.25099041871133e-05,8.25099041871133e-05
/Users/yti0811/Desktop/FE_data/npj_CM01/NPJ_CM_Fig_Python/Public_Reproducibility_Package_V01/npjcm-free-energy-surrogate_Re3/Python_Codes/table/snapshots_split/Cu_300K_snap00080.extxyz,Cu,300,Cu__300,-0.000209200222636,0.000109824709900819,0.00031902493253681903,0.00031902493253681903
/Users/yti0811/Desktop/FE_data/npj_CM01/NPJ_CM_Fig_Python/Public_Reproducibility_Package_V01/npjcm-free-energy-surrogate_Re3/Python_Codes/table/snapshots_split/Cu_300K_snap00081.extxyz,Cu,300,Cu__300,0.0001581782702504,0.000109824709900819,-4.8353560349581e-05,4.8353560349581e-05
/Users/yti0811/Desktop/FE_data/npj_CM01/NPJ_CM_Fig_Python/Public_Reproducibility_Package_V01/npjcm-free-energy-surrogate_Re3/Python_Codes/table/snapshots_split/Cu_300K_snap00082.extxyz,Cu,300,Cu__300,0.0001117284593656,0.000109824709900819,-1.9037494647810058e-06,1.9037494647810058e-06
/Users/yti0811/Desktop/FE_data/npj_CM01/NPJ_CM_Fig_Python/Public_Reproducibility_Package_V01/npjcm-free-energy-surrogate_Re3/Python_Codes/table/snapshots_split/Cu_300K_snap00083.extxyz,Cu,300,Cu__300,-3.4960352709236266e-05,0.000109824709900819,0.00014478506261005525,0.00014478506261005525
/Users/yti0811/Desktop/FE_data/npj_CM01/NPJ_CM_Fig_Python/Public_Reproducibility_Package_V01/npjcm-free-energy-surrogate_Re3/Python_Codes/table/snapshots_split/Cu_300K_snap00084.extxyz,Cu,300,Cu__300,5.287408059649722e-05,0.000109824709900819,5.6950629304321776e-05,5.6950629304321776e-05
/Users/yti0811/Desktop/FE_data/npj_CM01/NPJ_CM_Fig_Python/Public_Reproducibility_Package_V01/npjcm-free-energy-surrogate_Re3/Python_Codes/table/snapshots_split/Cu_300K_snap00085.extxyz,Cu,300,Cu__300,-0.0002085575574541,0.000109824709900819,0.000318382267354919,0.000318382267354919
/Users/yti0811/Desktop/FE_data/npj_CM01/NPJ_CM_Fig_Python/Public_Reproducibility_Package_V01/npjcm-free-energy-surrogate_Re3/Python_Codes/table/snapshots_split/Cu_300K_snap00086.extxyz,Cu,300,Cu__300,1.1434745818648655e-05,0.000109824709900819,9.838996408217033e-05,9.838996408217033e-05
/Users/yti0811/Desktop/FE_data/npj_CM01/NPJ_CM_Fig_Python/Public_Reproducibility_Package_V01/npjcm-free-energy-surrogate_Re3/Python_Codes/table/snapshots_split/Cu_300K_snap00087.extxyz,Cu,300,Cu__300,-0.0001932439146118,0.000109824709900819,0.000303068624512619,0.000303068624512619
/Users/yti0811/Desktop/FE_data/npj_CM01/NPJ_CM_Fig_Python/Public_Reproducibility_Package_V01/npjcm-free-energy-surrogate_Re3/Python_Codes/table/snapshots_split/Cu_300K_snap00088.extxyz,Cu,300,Cu__300,2.7031864084024455e-05,0.000109824709900819,8.279284581679454e-05,8.279284581679454e-05
/Users/yti0811/Desktop/FE_data/npj_CM01/NPJ_CM_Fig_Python/Public_Reproducibility_Package_V01/npjcm-free-energy-surrogate_Re3/Python_Codes/table/snapshots_split/Cu_300K_snap00089.extxyz,Cu,300,Cu__300,-1.868388845195525e-05,0.000109824709900819,0.00012850859835277425,0.00012850859835277425
/Users/yti0811/Desktop/FE_data/npj_CM01/NPJ_CM_Fig_Python/Public_Reproducibility_Package_V01/npjcm-free-energy-surrogate_Re3/Python_Codes/table/snapshots_split/Cu_300K_snap00090.extxyz,Cu,300,Cu__300,-0.0003017237389063,0.000109824709900819,0.00041154844880711904,0.00041154844880711904
/Users/yti0811/Desktop/FE_data/npj_CM01/NPJ_CM_Fig_Python/Public_Reproducibility_Package_V01/npjcm-free-energy-surrogate_Re3/Python_Codes/table/snapshots_split/Cu_300K_snap00091.extxyz,Cu,300,Cu__300,0.0002215322186183,0.000109824709900819,-0.00011170750871748102,0.00011170750871748102
/Users/yti0811/Desktop/FE_data/npj_CM01/NPJ_CM_Fig_Python/Public_Reproducibility_Package_V01/npjcm-free-energy-surrogate_Re3/Python_Codes/table/snapshots_split/Cu_300K_snap00092.extxyz,Cu,300,Cu__300,-5.890745775617602e-05,0.000109824709900819,0.000168732167656995,0.000168732167656995
/Users/yti0811/Desktop/FE_data/npj_CM01/NPJ_CM_Fig_Python/Public_Reproducibility_Package_V01/npjcm-free-energy-surrogate_Re3/Python_Codes/table/snapshots_split/Cu_300K_snap00093.extxyz,Cu,300,Cu__300,-0.0001929072752665,0.000109824709900819,0.000302731985167319,0.000302731985167319
/Users/yti0811/Desktop/FE_data/npj_CM01/NPJ_CM_Fig_Python/Public_Reproducibility_Package_V01/npjcm-free-energy-surrogate_Re3/Python_Codes/table/snapshots_split/Cu_300K_snap00094.extxyz,Cu,300,Cu__300,0.0001337777137741,0.000109824709900819,-2.3953003873281015e-05,2.3953003873281015e-05
/Users/yti0811/Desktop/FE_data/npj_CM01/NPJ_CM_Fig_Python/Public_Reproducibility_Package_V01/npjcm-free-energy-surrogate_Re3/Python_Codes/table/snapshots_split/Cu_300K_snap00095.extxyz,Cu,300,Cu__300,8.083608572110146e-05,0.000109824709900819,2.898862417971753e-05,2.898862417971753e-05
/Users/yti0811/Desktop/FE_data/npj_CM01/NPJ_CM_Fig_Python/Public_Reproducibility_Package_V01/npjcm-free-energy-surrogate_Re3/Python_Codes/table/snapshots_split/Cu_300K_snap00096.extxyz,Cu,300,Cu__300,-0.0001675264147421,0.000109824709900819,0.000277351124642919,0.000277351124642919
/Users/yti0811/Desktop/FE_data/npj_CM01/NPJ_CM_Fig_Python/Public_Reproducibility_Package_V01/npjcm-free-energy-surrogate_Re3/Python_Codes/table/snapshots_split/Cu_300K_snap00097.extxyz,Cu,300,Cu__300,-0.0001385576597704,0.000109824709900819,0.000248382369671219,0.000248382369671219
/Users/yti0811/Desktop/FE_data/npj_CM01/NPJ_CM_Fig_Python/Public_Reproducibility_Package_V01/npjcm-free-energy-surrogate_Re3/Python_Codes/table/snapshots_split/Cu_300K_snap00098.extxyz,Cu,300,Cu__300,-0.0001113216789559,0.000109824709900819,0.000221146388856719,0.000221146388856719
/Users/yti0811/Desktop/FE_data/npj_CM01/NPJ_CM_Fig_Python/Public_Reproducibility_Package_V01/npjcm-free-energy-surrogate_Re3/Python_Codes/table/snapshots_split/Cu_300K_snap00099.extxyz,Cu,300,Cu__300,0.0002775443698026,0.000109824709900819,-0.00016771965990178102,0.00016771965990178102
/Users/yti0811/Desktop/FE_data/npj_CM01/NPJ_CM_Fig_Python/Public_Reproducibility_Package_V01/npjcm-free-energy-surrogate_Re3/Python_Codes/table/snapshots_split/Cu_400K_snap00000.extxyz,Cu,400,Cu__400,-0.0018815391135604,0.000109824709900819,0.001991363823461219,0.001991363823461219
/Users/yti0811/Desktop/FE_data/npj_CM01/NPJ_CM_Fig_Python/Public_Reproducibility_Package_V01/npjcm-free-energy-surrogate_Re3/Python_Codes/table/snapshots_split/Cu_400K_snap00001.extxyz,Cu,400,Cu__400,-0.0019390203779696,0.000109824709900819,0.002048845087870419,0.002048845087870419
/Users/yti0811/Desktop/FE_data/npj_CM01/NPJ_CM_Fig_Python/Public_Reproducibility_Package_V01/npjcm-free-energy-surrogate_Re3/Python_Codes/table/snapshots_split/Cu_400K_snap00002.extxyz,Cu,400,Cu__400,-0.0018311852899772,0.000109824709900819,0.001941009999878019,0.001941009999878019
/Users/yti0811/Desktop/FE_data/npj_CM01/NPJ_CM_Fig_Python/Public_Reproducibility_Package_V01/npjcm-free-energy-surrogate_Re3/Python_Codes/table/snapshots_split/Cu_400K_snap00003.extxyz,Cu,400,Cu__400,-0.0022678517355427,0.000109824709900819,0.002377676445443519,0.002377676445443519
/Users/yti0811/Desktop/FE_data/npj_CM01/NPJ_CM_Fig_Python/Public_Reproducibility_Package_V01/npjcm-free-energy-surrogate_Re3/Python_Codes/table/snapshots_split/Cu_400K_snap00004.extxyz,Cu,400,Cu__400,-0.0020026771923067,0.000109824709900819,0.002112501902207519,0.002112501902207519
/Users/yti0811/Desktop/FE_data/npj_CM01/NPJ_CM_Fig_Python/Public_Reproducibility_Package_V01/npjcm-free-energy-surrogate_Re3/Python_Codes/table/snapshots_split/Cu_400K_snap00005.extxyz,Cu,400,Cu__400,-0.0022376079424515,0.000109824709900819,0.002347432652352319,0.002347432652352319
/Users/yti0811/Desktop/FE_data/npj_CM01/NPJ_CM_Fig_Python/Public_Reproducibility_Package_V01/npjcm-free-energy-surrogate_Re3/Python_Codes/table/snapshots_split/Cu_400K_snap00006.extxyz,Cu,400,Cu__400,-0.0020077207878275,0.000109824709900819,0.002117545497728319,0.002117545497728319
/Users/yti0811/Desktop/FE_data/npj_CM01/NPJ_CM_Fig_Python/Public_Reproducibility_Package_V01/npjcm-free-energy-surrogate_Re3/Python_Codes/table/snapshots_split/Cu_400K_snap00007.extxyz,Cu,400,Cu__400,-0.0019528601836888,0.000109824709900819,0.002062684893589619,0.002062684893589619
/Users/yti0811/Desktop/FE_data/npj_CM01/NPJ_CM_Fig_Python/Public_Reproducibility_Package_V01/npjcm-free-energy-surrogate_Re3/Python_Codes/table/snapshots_split/Cu_400K_snap00008.extxyz,Cu,400,Cu__400,-0.0017646909626725,0.000109824709900819,0.001874515672573319,0.001874515672573319
/Users/yti0811/Desktop/FE_data/npj_CM01/NPJ_CM_Fig_Python/Public_Reproducibility_Package_V01/npjcm-free-energy-surrogate_Re3/Python_Codes/table/snapshots_split/Cu_400K_snap00009.extxyz,Cu,400,Cu__400,-0.0020658085162441,0.000109824709900819,0.002175633226144919,0.002175633226144919
/Users/yti0811/Desktop/FE_data/npj_CM01/NPJ_CM_Fig_Python/Public_Reproducibility_Package_V01/npjcm-free-energy-surrogate_Re3/Python_Codes/table/snapshots_split/Cu_400K_snap00010.extxyz,Cu,400,Cu__400,-0.0020241401318643,0.000109824709900819,0.002133964841765119,0.002133964841765119
/Users/yti0811/Desktop/FE_data/npj_CM01/NPJ_CM_Fig_Python/Public_Reproducibility_Package_V01/npjcm-free-energy-surrogate_Re3/Python_Codes/table/snapshots_split/Cu_400K_snap00011.extxyz,Cu,400,Cu__400,-0.0020220638562973,0.000109824709900819,0.002131888566198119,0.002131888566198119
/Users/yti0811/Desktop/FE_data/npj_CM01/NPJ_CM_Fig_Python/Public_Reproducibility_Package_V01/npjcm-free-energy-surrogate_Re3/Python_Codes/table/snapshots_split/Cu_400K_snap00012.extxyz,Cu,400,Cu__400,-0.001849307335906,0.000109824709900819,0.001959132045806819,0.001959132045806819
/Users/yti0811/Desktop/FE_data/npj_CM01/NPJ_CM_Fig_Python/Public_Reproducibility_Package_V01/npjcm-free-energy-surrogate_Re3/Python_Codes/table/snapshots_split/Cu_400K_snap00013.extxyz,Cu,400,Cu__400,-0.0019242840421584,0.000109824709900819,0.002034108752059219,0.002034108752059219
/Users/yti0811/Desktop/FE_data/npj_CM01/NPJ_CM_Fig_Python/Public_Reproducibility_Package_V01/npjcm-free-energy-surrogate_Re3/Python_Codes/table/snapshots_split/Cu_400K_snap00014.extxyz,Cu,400,Cu__400,-0.0024276883707114,0.000109824709900819,0.0025375130806122186,0.0025375130806122186
/Users/yti0811/Desktop/FE_data/npj_CM01/NPJ_CM_Fig_Python/Public_Reproducibility_Package_V01/npjcm-free-energy-surrogate_Re3/Python_Codes/table/snapshots_split/Cu_400K_snap00015.extxyz,Cu,400,Cu__400,-0.0019523847583551,0.000109824709900819,0.002062209468255919,0.002062209468255919
/Users/yti0811/Desktop/FE_data/npj_CM01/NPJ_CM_Fig_Python/Public_Reproducibility_Package_V01/npjcm-free-energy-surrogate_Re3/Python_Codes/table/snapshots_split/Cu_400K_snap00016.extxyz,Cu,400,Cu__400,-0.0016566878138575,0.000109824709900819,0.001766512523758319,0.001766512523758319
/Users/yti0811/Desktop/FE_data/npj_CM01/NPJ_CM_Fig_Python/Public_Reproducibility_Package_V01/npjcm-free-energy-surrogate_Re3/Python_Codes/table/snapshots_split/Cu_400K_snap00017.extxyz,Cu,400,Cu__400,-0.0019247539980833,0.000109824709900819,0.002034578707984119,0.002034578707984119
/Users/yti0811/Desktop/FE_data/npj_CM01/NPJ_CM_Fig_Python/Public_Reproducibility_Package_V01/npjcm-free-energy-surrogate_Re3/Python_Codes/table/snapshots_split/Cu_400K_snap00018.extxyz,Cu,400,Cu__400,-0.0021015325775741,0.000109824709900819,0.0022113572874749186,0.0022113572874749186
/Users/yti0811/Desktop/FE_data/npj_CM01/NPJ_CM_Fig_Python/Public_Reproducibility_Package_V01/npjcm-free-energy-surrogate_Re3/Python_Codes/table/snapshots_split/Cu_400K_snap00019.extxyz,Cu,400,Cu__400,-0.0023563846440763,0.000109824709900819,0.002466209353977119,0.002466209353977119
/Users/yti0811/Desktop/FE_data/npj_CM01/NPJ_CM_Fig_Python/Public_Reproducibility_Package_V01/npjcm-free-energy-surrogate_Re3/Python_Codes/table/snapshots_split/Cu_400K_snap00020.extxyz,Cu,400,Cu__400,-0.0018564365113315,0.000109824709900819,0.001966261221232319,0.001966261221232319
/Users/yti0811/Desktop/FE_data/npj_CM01/NPJ_CM_Fig_Python/Public_Reproducibility_Package_V01/npjcm-free-energy-surrogate_Re3/Python_Codes/table/snapshots_split/Cu_400K_snap00021.extxyz,Cu,400,Cu__400,-0.0018508778397112,0.000109824709900819,0.001960702549612019,0.001960702549612019
/Users/yti0811/Desktop/FE_data/npj_CM01/NPJ_CM_Fig_Python/Public_Reproducibility_Package_V01/npjcm-free-energy-surrogate_Re3/Python_Codes/table/snapshots_split/Cu_400K_snap00022.extxyz,Cu,400,Cu__400,-0.0022334071097387,0.000109824709900819,0.002343231819639519,0.002343231819639519
/Users/yti0811/Desktop/FE_data/npj_CM01/NPJ_CM_Fig_Python/Public_Reproducibility_Package_V01/npjcm-free-energy-surrogate_Re3/Python_Codes/table/snapshots_split/Cu_400K_snap00023.extxyz,Cu,400,Cu__400,-0.0021253251424666,0.000109824709900819,0.002235149852367419,0.002235149852367419
/Users/yti0811/Desktop/FE_data/npj_CM01/NPJ_CM_Fig_Python/Public_Reproducibility_Package_V01/npjcm-free-energy-surrogate_Re3/Python_Codes/table/snapshots_split/Cu_400K_snap00024.extxyz,Cu,400,Cu__400,-0.0021906440391305,0.000109824709900819,0.0023004687490313187,0.0023004687490313187
/Users/yti0811/Desktop/FE_data/npj_CM01/NPJ_CM_Fig_Python/Public_Reproducibility_Package_V01/npjcm-free-energy-surrogate_Re3/Python_Codes/table/snapshots_split/Cu_400K_snap00025.extxyz,Cu,400,Cu__400,-0.0022509695214702,0.000109824709900819,0.002360794231371019,0.002360794231371019
/Users/yti0811/Desktop/FE_data/npj_CM01/NPJ_CM_Fig_Python/Public_Reproducibility_Package_V01/npjcm-free-energy-surrogate_Re3/Python_Codes/table/snapshots_split/Cu_400K_snap00026.extxyz,Cu,400,Cu__400,-0.0021330865224124,0.000109824709900819,0.002242911232313219,0.002242911232313219
/Users/yti0811/Desktop/FE_data/npj_CM01/NPJ_CM_Fig_Python/Public_Reproducibility_Package_V01/npjcm-free-energy-surrogate_Re3/Python_Codes/table/snapshots_split/Cu_400K_snap00027.extxyz,Cu,400,Cu__400,-0.0019418174696945,0.000109824709900819,0.002051642179595319,0.002051642179595319
/Users/yti0811/Desktop/FE_data/npj_CM01/NPJ_CM_Fig_Python/Public_Reproducibility_Package_V01/npjcm-free-energy-surrogate_Re3/Python_Codes/table/snapshots_split/Cu_400K_snap00028.extxyz,Cu,400,Cu__400,-0.0019499645581908,0.000109824709900819,0.002059789268091619,0.002059789268091619
/Users/yti0811/Desktop/FE_data/npj_CM01/NPJ_CM_Fig_Python/Public_Reproducibility_Package_V01/npjcm-free-energy-surrogate_Re3/Python_Codes/table/snapshots_split/Cu_400K_snap00029.extxyz,Cu,400,Cu__400,-0.0019340409741626,0.000109824709900819,0.002043865684063419,0.002043865684063419
/Users/yti0811/Desktop/FE_data/npj_CM01/NPJ_CM_Fig_Python/Public_Reproducibility_Package_V01/npjcm-free-energy-surrogate_Re3/Python_Codes/table/snapshots_split/Cu_400K_snap00030.extxyz,Cu,400,Cu__400,-0.0018907878339677,0.000109824709900819,0.002000612543868519,0.002000612543868519
/Users/yti0811/Desktop/FE_data/npj_CM01/NPJ_CM_Fig_Python/Public_Reproducibility_Package_V01/npjcm-free-energy-surrogate_Re3/Python_Codes/table/snapshots_split/Cu_400K_snap00031.extxyz,Cu,400,Cu__400,-0.0021800232412192,0.000109824709900819,0.002289847951120019,0.002289847951120019
/Users/yti0811/Desktop/FE_data/npj_CM01/NPJ_CM_Fig_Python/Public_Reproducibility_Package_V01/npjcm-free-energy-surrogate_Re3/Python_Codes/table/snapshots_split/Cu_400K_snap00032.extxyz,Cu,400,Cu__400,-0.0014593574483692,0.000109824709900819,0.001569182158270019,0.001569182158270019
/Users/yti0811/Desktop/FE_data/npj_CM01/NPJ_CM_Fig_Python/Public_Reproducibility_Package_V01/npjcm-free-energy-surrogate_Re3/Python_Codes/table/snapshots_split/Cu_400K_snap00033.extxyz,Cu,400,Cu__400,-0.0018864742892303,0.000109824709900819,0.001996298999131119,0.001996298999131119
/Users/yti0811/Desktop/FE_data/npj_CM01/NPJ_CM_Fig_Python/Public_Reproducibility_Package_V01/npjcm-free-energy-surrogate_Re3/Python_Codes/table/snapshots_split/Cu_400K_snap00034.extxyz,Cu,400,Cu__400,-0.0022058419689154,0.000109824709900819,0.0023156666788162186,0.0023156666788162186
/Users/yti0811/Desktop/FE_data/npj_CM01/NPJ_CM_Fig_Python/Public_Reproducibility_Package_V01/npjcm-free-energy-surrogate_Re3/Python_Codes/table/snapshots_split/Cu_400K_snap00035.extxyz,Cu,400,Cu__400,-0.0022578623667421,0.000109824709900819,0.002367687076642919,0.002367687076642919
/Users/yti0811/Desktop/FE_data/npj_CM01/NPJ_CM_Fig_Python/Public_Reproducibility_Package_V01/npjcm-free-energy-surrogate_Re3/Python_Codes/table/snapshots_split/Cu_400K_snap00036.extxyz,Cu,400,Cu__400,-0.0021211389673529,0.000109824709900819,0.0022309636772537187,0.0022309636772537187
/Users/yti0811/Desktop/FE_data/npj_CM01/NPJ_CM_Fig_Python/Public_Reproducibility_Package_V01/npjcm-free-energy-surrogate_Re3/Python_Codes/table/snapshots_split/Cu_400K_snap00037.extxyz,Cu,400,Cu__400,-0.0022791738253307,0.000109824709900819,0.0023889985352315186,0.0023889985352315186
/Users/yti0811/Desktop/FE_data/npj_CM01/NPJ_CM_Fig_Python/Public_Reproducibility_Package_V01/npjcm-free-energy-surrogate_Re3/Python_Codes/table/snapshots_split/Cu_400K_snap00038.extxyz,Cu,400,Cu__400,-0.0018901123503467,0.000109824709900819,0.001999937060247519,0.001999937060247519
/Users/yti0811/Desktop/FE_data/npj_CM01/NPJ_CM_Fig_Python/Public_Reproducibility_Package_V01/npjcm-free-energy-surrogate_Re3/Python_Codes/table/snapshots_split/Cu_400K_snap00039.extxyz,Cu,400,Cu__400,-0.001999795181661,0.000109824709900819,0.002109619891561819,0.002109619891561819
/Users/yti0811/Desktop/FE_data/npj_CM01/NPJ_CM_Fig_Python/Public_Reproducibility_Package_V01/npjcm-free-energy-surrogate_Re3/Python_Codes/table/snapshots_split/Cu_400K_snap00040.extxyz,Cu,400,Cu__400,-0.0017303264824564,0.000109824709900819,0.001840151192357219,0.001840151192357219
/Users/yti0811/Desktop/FE_data/npj_CM01/NPJ_CM_Fig_Python/Public_Reproducibility_Package_V01/npjcm-free-energy-surrogate_Re3/Python_Codes/table/snapshots_split/Cu_400K_snap00041.extxyz,Cu,400,Cu__400,-0.002046633240285,0.000109824709900819,0.002156457950185819,0.002156457950185819
/Users/yti0811/Desktop/FE_data/npj_CM01/NPJ_CM_Fig_Python/Public_Reproducibility_Package_V01/npjcm-free-energy-surrogate_Re3/Python_Codes/table/snapshots_split/Cu_400K_snap00042.extxyz,Cu,400,Cu__400,-0.0018059081442278,0.000109824709900819,0.001915732854128619,0.001915732854128619
/Users/yti0811/Desktop/FE_data/npj_CM01/NPJ_CM_Fig_Python/Public_Reproducibility_Package_V01/npjcm-free-energy-surrogate_Re3/Python_Codes/table/snapshots_split/Cu_400K_snap00043.extxyz,Cu,400,Cu__400,-0.0021994185055054,0.000109824709900819,0.002309243215406219,0.002309243215406219
/Users/yti0811/Desktop/FE_data/npj_CM01/NPJ_CM_Fig_Python/Public_Reproducibility_Package_V01/npjcm-free-energy-surrogate_Re3/Python_Codes/table/snapshots_split/Cu_400K_snap00044.extxyz,Cu,400,Cu__400,-0.002124952840504,0.000109824709900819,0.002234777550404819,0.002234777550404819
/Users/yti0811/Desktop/FE_data/npj_CM01/NPJ_CM_Fig_Python/Public_Reproducibility_Package_V01/npjcm-free-energy-surrogate_Re3/Python_Codes/table/snapshots_split/Cu_400K_snap00045.extxyz,Cu,400,Cu__400,-0.0018857676028676,0.000109824709900819,0.001995592312768419,0.001995592312768419
/Users/yti0811/Desktop/FE_data/npj_CM01/NPJ_CM_Fig_Python/Public_Reproducibility_Package_V01/npjcm-free-energy-surrogate_Re3/Python_Codes/table/snapshots_split/Cu_400K_snap00046.extxyz,Cu,400,Cu__400,-0.0018766578339617,0.000109824709900819,0.0019864825438625187,0.0019864825438625187
/Users/yti0811/Desktop/FE_data/npj_CM01/NPJ_CM_Fig_Python/Public_Reproducibility_Package_V01/npjcm-free-energy-surrogate_Re3/Python_Codes/table/snapshots_split/Cu_400K_snap00047.extxyz,Cu,400,Cu__400,-0.0022149602158201,0.000109824709900819,0.0023247849257209186,0.0023247849257209186
/Users/yti0811/Desktop/FE_data/npj_CM01/NPJ_CM_Fig_Python/Public_Reproducibility_Package_V01/npjcm-free-energy-surrogate_Re3/Python_Codes/table/snapshots_split/Cu_400K_snap00048.extxyz,Cu,400,Cu__400,-0.0019291277178887,0.000109824709900819,0.0020389524277895188,0.0020389524277895188
/Users/yti0811/Desktop/FE_data/npj_CM01/NPJ_CM_Fig_Python/Public_Reproducibility_Package_V01/npjcm-free-energy-surrogate_Re3/Python_Codes/table/snapshots_split/Cu_400K_snap00049.extxyz,Cu,400,Cu__400,-0.0020645221125667,0.000109824709900819,0.0021743468224675187,0.0021743468224675187
/Users/yti0811/Desktop/FE_data/npj_CM01/NPJ_CM_Fig_Python/Public_Reproducibility_Package_V01/npjcm-free-energy-surrogate_Re3/Python_Codes/table/snapshots_split/Cu_400K_snap00050.extxyz,Cu,400,Cu__400,-0.0019298843618509,0.000109824709900819,0.002039709071751719,0.002039709071751719
/Users/yti0811/Desktop/FE_data/npj_CM01/NPJ_CM_Fig_Python/Public_Reproducibility_Package_V01/npjcm-free-energy-surrogate_Re3/Python_Codes/table/snapshots_split/Cu_400K_snap00051.extxyz,Cu,400,Cu__400,-0.0020417084754011,0.000109824709900819,0.002151533185301919,0.002151533185301919
/Users/yti0811/Desktop/FE_data/npj_CM01/NPJ_CM_Fig_Python/Public_Reproducibility_Package_V01/npjcm-free-energy-surrogate_Re3/Python_Codes/table/snapshots_split/Cu_400K_snap00052.extxyz,Cu,400,Cu__400,-0.002247649306609,0.000109824709900819,0.0023574740165098187,0.0023574740165098187
/Users/yti0811/Desktop/FE_data/npj_CM01/NPJ_CM_Fig_Python/Public_Reproducibility_Package_V01/npjcm-free-energy-surrogate_Re3/Python_Codes/table/snapshots_split/Cu_400K_snap00053.extxyz,Cu,400,Cu__400,-0.0019403062353351,0.000109824709900819,0.002050130945235919,0.002050130945235919
/Users/yti0811/Desktop/FE_data/npj_CM01/NPJ_CM_Fig_Python/Public_Reproducibility_Package_V01/npjcm-free-energy-surrogate_Re3/Python_Codes/table/snapshots_split/Cu_400K_snap00054.extxyz,Cu,400,Cu__400,-0.0017575200802433,0.000109824709900819,0.001867344790144119,0.001867344790144119
/Users/yti0811/Desktop/FE_data/npj_CM01/NPJ_CM_Fig_Python/Public_Reproducibility_Package_V01/npjcm-free-energy-surrogate_Re3/Python_Codes/table/snapshots_split/Cu_400K_snap00055.extxyz,Cu,400,Cu__400,-0.0018673224033309,0.000109824709900819,0.001977147113231719,0.001977147113231719
/Users/yti0811/Desktop/FE_data/npj_CM01/NPJ_CM_Fig_Python/Public_Reproducibility_Package_V01/npjcm-free-energy-surrogate_Re3/Python_Codes/table/snapshots_split/Cu_400K_snap00056.extxyz,Cu,400,Cu__400,-0.0019137905673898,0.000109824709900819,0.0020236152772906187,0.0020236152772906187
/Users/yti0811/Desktop/FE_data/npj_CM01/NPJ_CM_Fig_Python/Public_Reproducibility_Package_V01/npjcm-free-energy-surrogate_Re3/Python_Codes/table/snapshots_split/Cu_400K_snap00057.extxyz,Cu,400,Cu__400,-0.0016904806149082,0.000109824709900819,0.001800305324809019,0.001800305324809019
/Users/yti0811/Desktop/FE_data/npj_CM01/NPJ_CM_Fig_Python/Public_Reproducibility_Package_V01/npjcm-free-energy-surrogate_Re3/Python_Codes/table/snapshots_split/Cu_400K_snap00058.extxyz,Cu,400,Cu__400,-0.0018900497935629,0.000109824709900819,0.001999874503463719,0.001999874503463719
/Users/yti0811/Desktop/FE_data/npj_CM01/NPJ_CM_Fig_Python/Public_Reproducibility_Package_V01/npjcm-free-energy-surrogate_Re3/Python_Codes/table/snapshots_split/Cu_400K_snap00059.extxyz,Cu,400,Cu__400,-0.0019527889337469,0.000109824709900819,0.002062613643647719,0.002062613643647719
/Users/yti0811/Desktop/FE_data/npj_CM01/NPJ_CM_Fig_Python/Public_Reproducibility_Package_V01/npjcm-free-energy-surrogate_Re3/Python_Codes/table/snapshots_split/Cu_400K_snap00060.extxyz,Cu,400,Cu__400,-0.0019822747582525,0.000109824709900819,0.0020920994681533187,0.0020920994681533187
/Users/yti0811/Desktop/FE_data/npj_CM01/NPJ_CM_Fig_Python/Public_Reproducibility_Package_V01/npjcm-free-energy-surrogate_Re3/Python_Codes/table/snapshots_split/Cu_400K_snap00061.extxyz,Cu,400,Cu__400,-0.0017785470174111,0.000109824709900819,0.001888371727311919,0.001888371727311919
/Users/yti0811/Desktop/FE_data/npj_CM01/NPJ_CM_Fig_Python/Public_Reproducibility_Package_V01/npjcm-free-energy-surrogate_Re3/Python_Codes/table/snapshots_split/Cu_400K_snap00062.extxyz,Cu,400,Cu__400,-0.0019247389630541,0.000109824709900819,0.002034563672954919,0.002034563672954919
/Users/yti0811/Desktop/FE_data/npj_CM01/NPJ_CM_Fig_Python/Public_Reproducibility_Package_V01/npjcm-free-energy-surrogate_Re3/Python_Codes/table/snapshots_split/Cu_400K_snap00063.extxyz,Cu,400,Cu__400,-0.0021250811894231,0.000109824709900819,0.002234905899323919,0.002234905899323919
/Users/yti0811/Desktop/FE_data/npj_CM01/NPJ_CM_Fig_Python/Public_Reproducibility_Package_V01/npjcm-free-energy-surrogate_Re3/Python_Codes/table/snapshots_split/Cu_400K_snap00064.extxyz,Cu,400,Cu__400,-0.0022421990878651,0.000109824709900819,0.002352023797765919,0.002352023797765919
/Users/yti0811/Desktop/FE_data/npj_CM01/NPJ_CM_Fig_Python/Public_Reproducibility_Package_V01/npjcm-free-energy-surrogate_Re3/Python_Codes/table/snapshots_split/Cu_400K_snap00065.extxyz,Cu,400,Cu__400,-0.0014169919704909,0.000109824709900819,0.001526816680391719,0.001526816680391719
/Users/yti0811/Desktop/FE_data/npj_CM01/NPJ_CM_Fig_Python/Public_Reproducibility_Package_V01/npjcm-free-energy-surrogate_Re3/Python_Codes/table/snapshots_split/Cu_400K_snap00066.extxyz,Cu,400,Cu__400,-0.0017588514239963,0.000109824709900819,0.001868676133897119,0.001868676133897119
/Users/yti0811/Desktop/FE_data/npj_CM01/NPJ_CM_Fig_Python/Public_Reproducibility_Package_V01/npjcm-free-energy-surrogate_Re3/Python_Codes/table/snapshots_split/Cu_400K_snap00067.extxyz,Cu,400,Cu__400,-0.0018029902994545,0.000109824709900819,0.001912815009355319,0.001912815009355319
/Users/yti0811/Desktop/FE_data/npj_CM01/NPJ_CM_Fig_Python/Public_Reproducibility_Package_V01/npjcm-free-energy-surrogate_Re3/Python_Codes/table/snapshots_split/Cu_400K_snap00068.extxyz,Cu,400,Cu__400,-0.0018789223995159,0.000109824709900819,0.001988747109416719,0.001988747109416719
/Users/yti0811/Desktop/FE_data/npj_CM01/NPJ_CM_Fig_Python/Public_Reproducibility_Package_V01/npjcm-free-energy-surrogate_Re3/Python_Codes/table/snapshots_split/Cu_400K_snap00069.extxyz,Cu,400,Cu__400,-0.0018767398139329,0.000109824709900819,0.0019865645238337187,0.0019865645238337187
/Users/yti0811/Desktop/FE_data/npj_CM01/NPJ_CM_Fig_Python/Public_Reproducibility_Package_V01/npjcm-free-energy-surrogate_Re3/Python_Codes/table/snapshots_split/Cu_400K_snap00070.extxyz,Cu,400,Cu__400,-0.0019159223018805,0.000109824709900819,0.002025747011781319,0.002025747011781319
/Users/yti0811/Desktop/FE_data/npj_CM01/NPJ_CM_Fig_Python/Public_Reproducibility_Package_V01/npjcm-free-energy-surrogate_Re3/Python_Codes/table/snapshots_split/Cu_400K_snap00071.extxyz,Cu,400,Cu__400,-0.0021640694281574,0.000109824709900819,0.0022738941380582188,0.0022738941380582188
/Users/yti0811/Desktop/FE_data/npj_CM01/NPJ_CM_Fig_Python/Public_Reproducibility_Package_V01/npjcm-free-energy-surrogate_Re3/Python_Codes/table/snapshots_split/Cu_400K_snap00072.extxyz,Cu,400,Cu__400,-0.0018596552544742,0.000109824709900819,0.0019694799643750188,0.0019694799643750188
/Users/yti0811/Desktop/FE_data/npj_CM01/NPJ_CM_Fig_Python/Public_Reproducibility_Package_V01/npjcm-free-energy-surrogate_Re3/Python_Codes/table/snapshots_split/Cu_400K_snap00073.extxyz,Cu,400,Cu__400,-0.0020566868353668,0.000109824709900819,0.0021665115452676187,0.0021665115452676187
/Users/yti0811/Desktop/FE_data/npj_CM01/NPJ_CM_Fig_Python/Public_Reproducibility_Package_V01/npjcm-free-energy-surrogate_Re3/Python_Codes/table/snapshots_split/Cu_400K_snap00074.extxyz,Cu,400,Cu__400,-0.0023721297915826,0.000109824709900819,0.002481954501483419,0.002481954501483419
/Users/yti0811/Desktop/FE_data/npj_CM01/NPJ_CM_Fig_Python/Public_Reproducibility_Package_V01/npjcm-free-energy-surrogate_Re3/Python_Codes/table/snapshots_split/Cu_400K_snap00075.extxyz,Cu,400,Cu__400,-0.0023688270722716,0.000109824709900819,0.002478651782172419,0.002478651782172419
/Users/yti0811/Desktop/FE_data/npj_CM01/NPJ_CM_Fig_Python/Public_Reproducibility_Package_V01/npjcm-free-energy-surrogate_Re3/Python_Codes/table/snapshots_split/Cu_400K_snap00076.extxyz,Cu,400,Cu__400,-0.0018085049025913,0.000109824709900819,0.001918329612492119,0.001918329612492119
/Users/yti0811/Desktop/FE_data/npj_CM01/NPJ_CM_Fig_Python/Public_Reproducibility_Package_V01/npjcm-free-energy-surrogate_Re3/Python_Codes/table/snapshots_split/Cu_400K_snap00077.extxyz,Cu,400,Cu__400,-0.0021133041598568,0.000109824709900819,0.002223128869757619,0.002223128869757619
/Users/yti0811/Desktop/FE_data/npj_CM01/NPJ_CM_Fig_Python/Public_Reproducibility_Package_V01/npjcm-free-energy-surrogate_Re3/Python_Codes/table/snapshots_split/Cu_400K_snap00078.extxyz,Cu,400,Cu__400,-0.0022624166001055,0.000109824709900819,0.002372241310006319,0.002372241310006319
/Users/yti0811/Desktop/FE_data/npj_CM01/NPJ_CM_Fig_Python/Public_Reproducibility_Package_V01/npjcm-free-energy-surrogate_Re3/Python_Codes/table/snapshots_split/Cu_400K_snap00079.extxyz,Cu,400,Cu__400,-0.0019345095796463,0.000109824709900819,0.002044334289547119,0.002044334289547119
/Users/yti0811/Desktop/FE_data/npj_CM01/NPJ_CM_Fig_Python/Public_Reproducibility_Package_V01/npjcm-free-energy-surrogate_Re3/Python_Codes/table/snapshots_split/Cu_400K_snap00080.extxyz,Cu,400,Cu__400,-0.0019824210738708,0.000109824709900819,0.0020922457837716187,0.0020922457837716187
/Users/yti0811/Desktop/FE_data/npj_CM01/NPJ_CM_Fig_Python/Public_Reproducibility_Package_V01/npjcm-free-energy-surrogate_Re3/Python_Codes/table/snapshots_split/Cu_400K_snap00081.extxyz,Cu,400,Cu__400,-0.0018796379801781,0.000109824709900819,0.001989462690078919,0.001989462690078919
/Users/yti0811/Desktop/FE_data/npj_CM01/NPJ_CM_Fig_Python/Public_Reproducibility_Package_V01/npjcm-free-energy-surrogate_Re3/Python_Codes/table/snapshots_split/Cu_400K_snap00082.extxyz,Cu,400,Cu__400,-0.0019800227825434,0.000109824709900819,0.002089847492444219,0.002089847492444219
/Users/yti0811/Desktop/FE_data/npj_CM01/NPJ_CM_Fig_Python/Public_Reproducibility_Package_V01/npjcm-free-energy-surrogate_Re3/Python_Codes/table/snapshots_split/Cu_400K_snap00083.extxyz,Cu,400,Cu__400,-0.0018891423778923,0.000109824709900819,0.001998967087793119,0.001998967087793119
/Users/yti0811/Desktop/FE_data/npj_CM01/NPJ_CM_Fig_Python/Public_Reproducibility_Package_V01/npjcm-free-energy-surrogate_Re3/Python_Codes/table/snapshots_split/Cu_400K_snap00084.extxyz,Cu,400,Cu__400,-0.001932993536192,0.000109824709900819,0.002042818246092819,0.002042818246092819
/Users/yti0811/Desktop/FE_data/npj_CM01/NPJ_CM_Fig_Python/Public_Reproducibility_Package_V01/npjcm-free-energy-surrogate_Re3/Python_Codes/table/snapshots_split/Cu_400K_snap00085.extxyz,Cu,400,Cu__400,-0.001881134726481,0.000109824709900819,0.0019909594363818187,0.0019909594363818187
/Users/yti0811/Desktop/FE_data/npj_CM01/NPJ_CM_Fig_Python/Public_Reproducibility_Package_V01/npjcm-free-energy-surrogate_Re3/Python_Codes/table/snapshots_split/Cu_400K_snap00086.extxyz,Cu,400,Cu__400,-0.0020754687029604,0.000109824709900819,0.0021852934128612188,0.0021852934128612188
/Users/yti0811/Desktop/FE_data/npj_CM01/NPJ_CM_Fig_Python/Public_Reproducibility_Package_V01/npjcm-free-energy-surrogate_Re3/Python_Codes/table/snapshots_split/Cu_400K_snap00087.extxyz,Cu,400,Cu__400,-0.0018802314251686,0.000109824709900819,0.001990056135069419,0.001990056135069419
/Users/yti0811/Desktop/FE_data/npj_CM01/NPJ_CM_Fig_Python/Public_Reproducibility_Package_V01/npjcm-free-energy-surrogate_Re3/Python_Codes/table/snapshots_split/Cu_400K_snap00088.extxyz,Cu,400,Cu__400,-0.0019950990436408,0.000109824709900819,0.0021049237535416187,0.0021049237535416187
/Users/yti0811/Desktop/FE_data/npj_CM01/NPJ_CM_Fig_Python/Public_Reproducibility_Package_V01/npjcm-free-energy-surrogate_Re3/Python_Codes/table/snapshots_split/Cu_400K_snap00089.extxyz,Cu,400,Cu__400,-0.0020782406508206,0.000109824709900819,0.0021880653607214188,0.0021880653607214188
/Users/yti0811/Desktop/FE_data/npj_CM01/NPJ_CM_Fig_Python/Public_Reproducibility_Package_V01/npjcm-free-energy-surrogate_Re3/Python_Codes/table/snapshots_split/Cu_400K_snap00090.extxyz,Cu,400,Cu__400,-0.0020827365156197,0.000109824709900819,0.002192561225520519,0.002192561225520519
/Users/yti0811/Desktop/FE_data/npj_CM01/NPJ_CM_Fig_Python/Public_Reproducibility_Package_V01/npjcm-free-energy-surrogate_Re3/Python_Codes/table/snapshots_split/Cu_400K_snap00091.extxyz,Cu,400,Cu__400,-0.0018635271039042,0.000109824709900819,0.001973351813805019,0.001973351813805019
/Users/yti0811/Desktop/FE_data/npj_CM01/NPJ_CM_Fig_Python/Public_Reproducibility_Package_V01/npjcm-free-energy-surrogate_Re3/Python_Codes/table/snapshots_split/Cu_400K_snap00092.extxyz,Cu,400,Cu__400,-0.0017727943749643,0.000109824709900819,0.001882619084865119,0.001882619084865119
/Users/yti0811/Desktop/FE_data/npj_CM01/NPJ_CM_Fig_Python/Public_Reproducibility_Package_V01/npjcm-free-energy-surrogate_Re3/Python_Codes/table/snapshots_split/Cu_400K_snap00093.extxyz,Cu,400,Cu__400,-0.0018093096094076,0.000109824709900819,0.001919134319308419,0.001919134319308419
/Users/yti0811/Desktop/FE_data/npj_CM01/NPJ_CM_Fig_Python/Public_Reproducibility_Package_V01/npjcm-free-energy-surrogate_Re3/Python_Codes/table/snapshots_split/Cu_400K_snap00094.extxyz,Cu,400,Cu__400,-0.0017224771247286,0.000109824709900819,0.0018323018346294191,0.0018323018346294191
/Users/yti0811/Desktop/FE_data/npj_CM01/NPJ_CM_Fig_Python/Public_Reproducibility_Package_V01/npjcm-free-energy-surrogate_Re3/Python_Codes/table/snapshots_split/Cu_400K_snap00095.extxyz,Cu,400,Cu__400,-0.0021811707753998,0.000109824709900819,0.002290995485300619,0.002290995485300619
/Users/yti0811/Desktop/FE_data/npj_CM01/NPJ_CM_Fig_Python/Public_Reproducibility_Package_V01/npjcm-free-energy-surrogate_Re3/Python_Codes/table/snapshots_split/Cu_400K_snap00096.extxyz,Cu,400,Cu__400,-0.0018458537032199,0.000109824709900819,0.001955678413120719,0.001955678413120719
/Users/yti0811/Desktop/FE_data/npj_CM01/NPJ_CM_Fig_Python/Public_Reproducibility_Package_V01/npjcm-free-energy-surrogate_Re3/Python_Codes/table/snapshots_split/Cu_400K_snap00097.extxyz,Cu,400,Cu__400,-0.0018251046971449,0.000109824709900819,0.0019349294070457191,0.0019349294070457191
/Users/yti0811/Desktop/FE_data/npj_CM01/NPJ_CM_Fig_Python/Public_Reproducibility_Package_V01/npjcm-free-energy-surrogate_Re3/Python_Codes/table/snapshots_split/Cu_400K_snap00098.extxyz,Cu,400,Cu__400,-0.0022144635626162,0.000109824709900819,0.002324288272517019,0.002324288272517019
/Users/yti0811/Desktop/FE_data/npj_CM01/NPJ_CM_Fig_Python/Public_Reproducibility_Package_V01/npjcm-free-energy-surrogate_Re3/Python_Codes/table/snapshots_split/Cu_400K_snap00099.extxyz,Cu,400,Cu__400,-0.0019960062107595,0.000109824709900819,0.0021058309206603188,0.0021058309206603188
/Users/yti0811/Desktop/FE_data/npj_CM01/NPJ_CM_Fig_Python/Public_Reproducibility_Package_V01/npjcm-free-energy-surrogate_Re3/Python_Codes/table/snapshots_split/Cu_500K_snap00000.extxyz,Cu,500,Cu__500,-0.0047189271373322,0.000109824709900819,0.004828751847233019,0.004828751847233019
/Users/yti0811/Desktop/FE_data/npj_CM01/NPJ_CM_Fig_Python/Public_Reproducibility_Package_V01/npjcm-free-energy-surrogate_Re3/Python_Codes/table/snapshots_split/Cu_500K_snap00001.extxyz,Cu,500,Cu__500,-0.0047570061883406,0.000109824709900819,0.0048668308982414196,0.0048668308982414196
/Users/yti0811/Desktop/FE_data/npj_CM01/NPJ_CM_Fig_Python/Public_Reproducibility_Package_V01/npjcm-free-energy-surrogate_Re3/Python_Codes/table/snapshots_split/Cu_500K_snap00002.extxyz,Cu,500,Cu__500,-0.0041794971410505,0.000109824709900819,0.004289321850951319,0.004289321850951319
/Users/yti0811/Desktop/FE_data/npj_CM01/NPJ_CM_Fig_Python/Public_Reproducibility_Package_V01/npjcm-free-energy-surrogate_Re3/Python_Codes/table/snapshots_split/Cu_500K_snap00003.extxyz,Cu,500,Cu__500,-0.0048354968138628,0.000109824709900819,0.004945321523763619,0.004945321523763619
/Users/yti0811/Desktop/FE_data/npj_CM01/NPJ_CM_Fig_Python/Public_Reproducibility_Package_V01/npjcm-free-energy-surrogate_Re3/Python_Codes/table/snapshots_split/Cu_500K_snap00004.extxyz,Cu,500,Cu__500,-0.0048253917339348,0.000109824709900819,0.004935216443835619,0.004935216443835619
/Users/yti0811/Desktop/FE_data/npj_CM01/NPJ_CM_Fig_Python/Public_Reproducibility_Package_V01/npjcm-free-energy-surrogate_Re3/Python_Codes/table/snapshots_split/Cu_500K_snap00005.extxyz,Cu,500,Cu__500,-0.0043270197642727,0.000109824709900819,0.00443684447417352,0.00443684447417352
/Users/yti0811/Desktop/FE_data/npj_CM01/NPJ_CM_Fig_Python/Public_Reproducibility_Package_V01/npjcm-free-energy-surrogate_Re3/Python_Codes/table/snapshots_split/Cu_500K_snap00006.extxyz,Cu,500,Cu__500,-0.0044758499573384,0.000109824709900819,0.004585674667239219,0.004585674667239219
/Users/yti0811/Desktop/FE_data/npj_CM01/NPJ_CM_Fig_Python/Public_Reproducibility_Package_V01/npjcm-free-energy-surrogate_Re3/Python_Codes/table/snapshots_split/Cu_500K_snap00007.extxyz,Cu,500,Cu__500,-0.0043989978192228,0.000109824709900819,0.004508822529123619,0.004508822529123619
/Users/yti0811/Desktop/FE_data/npj_CM01/NPJ_CM_Fig_Python/Public_Reproducibility_Package_V01/npjcm-free-energy-surrogate_Re3/Python_Codes/table/snapshots_split/Cu_500K_snap00008.extxyz,Cu,500,Cu__500,-0.0042933279661533,0.000109824709900819,0.004403152676054119,0.004403152676054119
/Users/yti0811/Desktop/FE_data/npj_CM01/NPJ_CM_Fig_Python/Public_Reproducibility_Package_V01/npjcm-free-energy-surrogate_Re3/Python_Codes/table/snapshots_split/Cu_500K_snap00009.extxyz,Cu,500,Cu__500,-0.0043845864389145,0.000109824709900819,0.004494411148815319,0.004494411148815319
/Users/yti0811/Desktop/FE_data/npj_CM01/NPJ_CM_Fig_Python/Public_Reproducibility_Package_V01/npjcm-free-energy-surrogate_Re3/Python_Codes/table/snapshots_split/Cu_500K_snap00010.extxyz,Cu,500,Cu__500,-0.0044965860962759,0.000109824709900819,0.004606410806176719,0.004606410806176719
/Users/yti0811/Desktop/FE_data/npj_CM01/NPJ_CM_Fig_Python/Public_Reproducibility_Package_V01/npjcm-free-energy-surrogate_Re3/Python_Codes/table/snapshots_split/Cu_500K_snap00011.extxyz,Cu,500,Cu__500,-0.0040465765447325,0.000109824709900819,0.004156401254633319,0.004156401254633319
/Users/yti0811/Desktop/FE_data/npj_CM01/NPJ_CM_Fig_Python/Public_Reproducibility_Package_V01/npjcm-free-energy-surrogate_Re3/Python_Codes/table/snapshots_split/Cu_500K_snap00012.extxyz,Cu,500,Cu__500,-0.0042501172119102,0.000109824709900819,0.004359941921811019,0.004359941921811019
/Users/yti0811/Desktop/FE_data/npj_CM01/NPJ_CM_Fig_Python/Public_Reproducibility_Package_V01/npjcm-free-energy-surrogate_Re3/Python_Codes/table/snapshots_split/Cu_500K_snap00013.extxyz,Cu,500,Cu__500,-0.0047613384787874,0.000109824709900819,0.004871163188688219,0.004871163188688219
/Users/yti0811/Desktop/FE_data/npj_CM01/NPJ_CM_Fig_Python/Public_Reproducibility_Package_V01/npjcm-free-energy-surrogate_Re3/Python_Codes/table/snapshots_split/Cu_500K_snap00014.extxyz,Cu,500,Cu__500,-0.0046263393788041,0.000109824709900819,0.0047361640887049195,0.0047361640887049195
/Users/yti0811/Desktop/FE_data/npj_CM01/NPJ_CM_Fig_Python/Public_Reproducibility_Package_V01/npjcm-free-energy-surrogate_Re3/Python_Codes/table/snapshots_split/Cu_500K_snap00015.extxyz,Cu,500,Cu__500,-0.004481808912132,0.000109824709900819,0.004591633622032819,0.004591633622032819
/Users/yti0811/Desktop/FE_data/npj_CM01/NPJ_CM_Fig_Python/Public_Reproducibility_Package_V01/npjcm-free-energy-surrogate_Re3/Python_Codes/table/snapshots_split/Cu_500K_snap00016.extxyz,Cu,500,Cu__500,-0.0046173134449984,0.000109824709900819,0.004727138154899219,0.004727138154899219
/Users/yti0811/Desktop/FE_data/npj_CM01/NPJ_CM_Fig_Python/Public_Reproducibility_Package_V01/npjcm-free-energy-surrogate_Re3/Python_Codes/table/snapshots_split/Cu_500K_snap00017.extxyz,Cu,500,Cu__500,-0.004490384299034,0.000109824709900819,0.004600209008934819,0.004600209008934819
/Users/yti0811/Desktop/FE_data/npj_CM01/NPJ_CM_Fig_Python/Public_Reproducibility_Package_V01/npjcm-free-energy-surrogate_Re3/Python_Codes/table/snapshots_split/Cu_500K_snap00018.extxyz,Cu,500,Cu__500,-0.0049335013707424,0.000109824709900819,0.005043326080643219,0.005043326080643219
/Users/yti0811/Desktop/FE_data/npj_CM01/NPJ_CM_Fig_Python/Public_Reproducibility_Package_V01/npjcm-free-energy-surrogate_Re3/Python_Codes/table/snapshots_split/Cu_500K_snap00019.extxyz,Cu,500,Cu__500,-0.0045142168506231,0.000109824709900819,0.0046240415605239196,0.0046240415605239196
/Users/yti0811/Desktop/FE_data/npj_CM01/NPJ_CM_Fig_Python/Public_Reproducibility_Package_V01/npjcm-free-energy-surrogate_Re3/Python_Codes/table/snapshots_split/Cu_500K_snap00020.extxyz,Cu,500,Cu__500,-0.0045336890025921,0.000109824709900819,0.004643513712492919,0.004643513712492919
/Users/yti0811/Desktop/FE_data/npj_CM01/NPJ_CM_Fig_Python/Public_Reproducibility_Package_V01/npjcm-free-energy-surrogate_Re3/Python_Codes/table/snapshots_split/Cu_500K_snap00021.extxyz,Cu,500,Cu__500,-0.0045126072492593,0.000109824709900819,0.004622431959160119,0.004622431959160119
/Users/yti0811/Desktop/FE_data/npj_CM01/NPJ_CM_Fig_Python/Public_Reproducibility_Package_V01/npjcm-free-energy-surrogate_Re3/Python_Codes/table/snapshots_split/Cu_500K_snap00022.extxyz,Cu,500,Cu__500,-0.0043235923462172,0.000109824709900819,0.004433417056118019,0.004433417056118019
/Users/yti0811/Desktop/FE_data/npj_CM01/NPJ_CM_Fig_Python/Public_Reproducibility_Package_V01/npjcm-free-energy-surrogate_Re3/Python_Codes/table/snapshots_split/Cu_500K_snap00023.extxyz,Cu,500,Cu__500,-0.004722063141207,0.000109824709900819,0.00483188785110782,0.00483188785110782
/Users/yti0811/Desktop/FE_data/npj_CM01/NPJ_CM_Fig_Python/Public_Reproducibility_Package_V01/npjcm-free-energy-surrogate_Re3/Python_Codes/table/snapshots_split/Cu_500K_snap00024.extxyz,Cu,500,Cu__500,-0.0048148510262125,0.000109824709900819,0.0049246757361133195,0.0049246757361133195
/Users/yti0811/Desktop/FE_data/npj_CM01/NPJ_CM_Fig_Python/Public_Reproducibility_Package_V01/npjcm-free-energy-surrogate_Re3/Python_Codes/table/snapshots_split/Cu_500K_snap00025.extxyz,Cu,500,Cu__500,-0.0049460419212379,0.000109824709900819,0.005055866631138719,0.005055866631138719
/Users/yti0811/Desktop/FE_data/npj_CM01/NPJ_CM_Fig_Python/Public_Reproducibility_Package_V01/npjcm-free-energy-surrogate_Re3/Python_Codes/table/snapshots_split/Cu_500K_snap00026.extxyz,Cu,500,Cu__500,-0.0044436195117739,0.000109824709900819,0.00455344422167472,0.00455344422167472
/Users/yti0811/Desktop/FE_data/npj_CM01/NPJ_CM_Fig_Python/Public_Reproducibility_Package_V01/npjcm-free-energy-surrogate_Re3/Python_Codes/table/snapshots_split/Cu_500K_snap00027.extxyz,Cu,500,Cu__500,-0.0047982668685526,0.000109824709900819,0.0049080915784534196,0.0049080915784534196
/Users/yti0811/Desktop/FE_data/npj_CM01/NPJ_CM_Fig_Python/Public_Reproducibility_Package_V01/npjcm-free-energy-surrogate_Re3/Python_Codes/table/snapshots_split/Cu_500K_snap00028.extxyz,Cu,500,Cu__500,-0.0044302027700262,0.000109824709900819,0.004540027479927019,0.004540027479927019
/Users/yti0811/Desktop/FE_data/npj_CM01/NPJ_CM_Fig_Python/Public_Reproducibility_Package_V01/npjcm-free-energy-surrogate_Re3/Python_Codes/table/snapshots_split/Cu_500K_snap00029.extxyz,Cu,500,Cu__500,-0.004806051160595,0.000109824709900819,0.00491587587049582,0.00491587587049582
/Users/yti0811/Desktop/FE_data/npj_CM01/NPJ_CM_Fig_Python/Public_Reproducibility_Package_V01/npjcm-free-energy-surrogate_Re3/Python_Codes/table/snapshots_split/Cu_500K_snap00030.extxyz,Cu,500,Cu__500,-0.0045971527909282,0.000109824709900819,0.004706977500829019,0.004706977500829019
/Users/yti0811/Desktop/FE_data/npj_CM01/NPJ_CM_Fig_Python/Public_Reproducibility_Package_V01/npjcm-free-energy-surrogate_Re3/Python_Codes/table/snapshots_split/Cu_500K_snap00031.extxyz,Cu,500,Cu__500,-0.0043092357699663,0.000109824709900819,0.004419060479867119,0.004419060479867119
/Users/yti0811/Desktop/FE_data/npj_CM01/NPJ_CM_Fig_Python/Public_Reproducibility_Package_V01/npjcm-free-energy-surrogate_Re3/Python_Codes/table/snapshots_split/Cu_500K_snap00032.extxyz,Cu,500,Cu__500,-0.004630988937635,0.000109824709900819,0.004740813647535819,0.004740813647535819
/Users/yti0811/Desktop/FE_data/npj_CM01/NPJ_CM_Fig_Python/Public_Reproducibility_Package_V01/npjcm-free-energy-surrogate_Re3/Python_Codes/table/snapshots_split/Cu_500K_snap00033.extxyz,Cu,500,Cu__500,-0.0048004736727786,0.000109824709900819,0.004910298382679419,0.004910298382679419
/Users/yti0811/Desktop/FE_data/npj_CM01/NPJ_CM_Fig_Python/Public_Reproducibility_Package_V01/npjcm-free-energy-surrogate_Re3/Python_Codes/table/snapshots_split/Cu_500K_snap00034.extxyz,Cu,500,Cu__500,-0.00468822429755,0.000109824709900819,0.004798049007450819,0.004798049007450819
/Users/yti0811/Desktop/FE_data/npj_CM01/NPJ_CM_Fig_Python/Public_Reproducibility_Package_V01/npjcm-free-energy-surrogate_Re3/Python_Codes/table/snapshots_split/Cu_500K_snap00035.extxyz,Cu,500,Cu__500,-0.0042225509181371,0.000109824709900819,0.004332375628037919,0.004332375628037919
/Users/yti0811/Desktop/FE_data/npj_CM01/NPJ_CM_Fig_Python/Public_Reproducibility_Package_V01/npjcm-free-energy-surrogate_Re3/Python_Codes/table/snapshots_split/Cu_500K_snap00036.extxyz,Cu,500,Cu__500,-0.0046636437811788,0.000109824709900819,0.004773468491079619,0.004773468491079619
/Users/yti0811/Desktop/FE_data/npj_CM01/NPJ_CM_Fig_Python/Public_Reproducibility_Package_V01/npjcm-free-energy-surrogate_Re3/Python_Codes/table/snapshots_split/Cu_500K_snap00037.extxyz,Cu,500,Cu__500,-0.004662963538935,0.000109824709900819,0.004772788248835819,0.004772788248835819
/Users/yti0811/Desktop/FE_data/npj_CM01/NPJ_CM_Fig_Python/Public_Reproducibility_Package_V01/npjcm-free-energy-surrogate_Re3/Python_Codes/table/snapshots_split/Cu_500K_snap00038.extxyz,Cu,500,Cu__500,-0.0048949941346111,0.000109824709900819,0.005004818844511919,0.005004818844511919
/Users/yti0811/Desktop/FE_data/npj_CM01/NPJ_CM_Fig_Python/Public_Reproducibility_Package_V01/npjcm-free-energy-surrogate_Re3/Python_Codes/table/snapshots_split/Cu_500K_snap00039.extxyz,Cu,500,Cu__500,-0.0046199616294839,0.000109824709900819,0.004729786339384719,0.004729786339384719
/Users/yti0811/Desktop/FE_data/npj_CM01/NPJ_CM_Fig_Python/Public_Reproducibility_Package_V01/npjcm-free-energy-surrogate_Re3/Python_Codes/table/snapshots_split/Cu_500K_snap00040.extxyz,Cu,500,Cu__500,-0.0045705324432638,0.000109824709900819,0.0046803571531646194,0.0046803571531646194
/Users/yti0811/Desktop/FE_data/npj_CM01/NPJ_CM_Fig_Python/Public_Reproducibility_Package_V01/npjcm-free-energy-surrogate_Re3/Python_Codes/table/snapshots_split/Cu_500K_snap00041.extxyz,Cu,500,Cu__500,-0.0045416407225759,0.000109824709900819,0.004651465432476719,0.004651465432476719
/Users/yti0811/Desktop/FE_data/npj_CM01/NPJ_CM_Fig_Python/Public_Reproducibility_Package_V01/npjcm-free-energy-surrogate_Re3/Python_Codes/table/snapshots_split/Cu_500K_snap00042.extxyz,Cu,500,Cu__500,-0.0045031630688198,0.000109824709900819,0.004612987778720619,0.004612987778720619
/Users/yti0811/Desktop/FE_data/npj_CM01/NPJ_CM_Fig_Python/Public_Reproducibility_Package_V01/npjcm-free-energy-surrogate_Re3/Python_Codes/table/snapshots_split/Cu_500K_snap00043.extxyz,Cu,500,Cu__500,-0.0044337639062942,0.000109824709900819,0.004543588616195019,0.004543588616195019
/Users/yti0811/Desktop/FE_data/npj_CM01/NPJ_CM_Fig_Python/Public_Reproducibility_Package_V01/npjcm-free-energy-surrogate_Re3/Python_Codes/table/snapshots_split/Cu_500K_snap00044.extxyz,Cu,500,Cu__500,-0.0046548023717732,0.000109824709900819,0.0047646270816740196,0.0047646270816740196
/Users/yti0811/Desktop/FE_data/npj_CM01/NPJ_CM_Fig_Python/Public_Reproducibility_Package_V01/npjcm-free-energy-surrogate_Re3/Python_Codes/table/snapshots_split/Cu_500K_snap00045.extxyz,Cu,500,Cu__500,-0.0044960861319774,0.000109824709900819,0.004605910841878219,0.004605910841878219
/Users/yti0811/Desktop/FE_data/npj_CM01/NPJ_CM_Fig_Python/Public_Reproducibility_Package_V01/npjcm-free-energy-surrogate_Re3/Python_Codes/table/snapshots_split/Cu_500K_snap00046.extxyz,Cu,500,Cu__500,-0.0042758608305012,0.000109824709900819,0.004385685540402019,0.004385685540402019
/Users/yti0811/Desktop/FE_data/npj_CM01/NPJ_CM_Fig_Python/Public_Reproducibility_Package_V01/npjcm-free-energy-surrogate_Re3/Python_Codes/table/snapshots_split/Cu_500K_snap00047.extxyz,Cu,500,Cu__500,-0.0044537583336756,0.000109824709900819,0.004563583043576419,0.004563583043576419
/Users/yti0811/Desktop/FE_data/npj_CM01/NPJ_CM_Fig_Python/Public_Reproducibility_Package_V01/npjcm-free-energy-surrogate_Re3/Python_Codes/table/snapshots_split/Cu_500K_snap00048.extxyz,Cu,500,Cu__500,-0.0048399007375281,0.000109824709900819,0.004949725447428919,0.004949725447428919
/Users/yti0811/Desktop/FE_data/npj_CM01/NPJ_CM_Fig_Python/Public_Reproducibility_Package_V01/npjcm-free-energy-surrogate_Re3/Python_Codes/table/snapshots_split/Cu_500K_snap00049.extxyz,Cu,500,Cu__500,-0.0046279788473871,0.000109824709900819,0.0047378035572879194,0.0047378035572879194
/Users/yti0811/Desktop/FE_data/npj_CM01/NPJ_CM_Fig_Python/Public_Reproducibility_Package_V01/npjcm-free-energy-surrogate_Re3/Python_Codes/table/snapshots_split/Cu_500K_snap00050.extxyz,Cu,500,Cu__500,-0.0043844933809133,0.000109824709900819,0.004494318090814119,0.004494318090814119
/Users/yti0811/Desktop/FE_data/npj_CM01/NPJ_CM_Fig_Python/Public_Reproducibility_Package_V01/npjcm-free-energy-surrogate_Re3/Python_Codes/table/snapshots_split/Cu_500K_snap00051.extxyz,Cu,500,Cu__500,-0.0045421000845607,0.000109824709900819,0.004651924794461519,0.004651924794461519
/Users/yti0811/Desktop/FE_data/npj_CM01/NPJ_CM_Fig_Python/Public_Reproducibility_Package_V01/npjcm-free-energy-surrogate_Re3/Python_Codes/table/snapshots_split/Cu_500K_snap00052.extxyz,Cu,500,Cu__500,-0.0044811629153101,0.000109824709900819,0.004590987625210919,0.004590987625210919
/Users/yti0811/Desktop/FE_data/npj_CM01/NPJ_CM_Fig_Python/Public_Reproducibility_Package_V01/npjcm-free-energy-surrogate_Re3/Python_Codes/table/snapshots_split/Cu_500K_snap00053.extxyz,Cu,500,Cu__500,-0.0043664320833269,0.000109824709900819,0.004476256793227719,0.004476256793227719
/Users/yti0811/Desktop/FE_data/npj_CM01/NPJ_CM_Fig_Python/Public_Reproducibility_Package_V01/npjcm-free-energy-surrogate_Re3/Python_Codes/table/snapshots_split/Cu_500K_snap00054.extxyz,Cu,500,Cu__500,-0.0043935046732367,0.000109824709900819,0.0045033293831375195,0.0045033293831375195
/Users/yti0811/Desktop/FE_data/npj_CM01/NPJ_CM_Fig_Python/Public_Reproducibility_Package_V01/npjcm-free-energy-surrogate_Re3/Python_Codes/table/snapshots_split/Cu_500K_snap00055.extxyz,Cu,500,Cu__500,-0.0045168868231585,0.000109824709900819,0.004626711533059319,0.004626711533059319
/Users/yti0811/Desktop/FE_data/npj_CM01/NPJ_CM_Fig_Python/Public_Reproducibility_Package_V01/npjcm-free-energy-surrogate_Re3/Python_Codes/table/snapshots_split/Cu_500K_snap00056.extxyz,Cu,500,Cu__500,-0.004359838854797,0.000109824709900819,0.004469663564697819,0.004469663564697819
/Users/yti0811/Desktop/FE_data/npj_CM01/NPJ_CM_Fig_Python/Public_Reproducibility_Package_V01/npjcm-free-energy-surrogate_Re3/Python_Codes/table/snapshots_split/Cu_500K_snap00057.extxyz,Cu,500,Cu__500,-0.0047231485847291,0.000109824709900819,0.004832973294629919,0.004832973294629919
/Users/yti0811/Desktop/FE_data/npj_CM01/NPJ_CM_Fig_Python/Public_Reproducibility_Package_V01/npjcm-free-energy-surrogate_Re3/Python_Codes/table/snapshots_split/Cu_500K_snap00058.extxyz,Cu,500,Cu__500,-0.0046203128102652,0.000109824709900819,0.004730137520166019,0.004730137520166019
/Users/yti0811/Desktop/FE_data/npj_CM01/NPJ_CM_Fig_Python/Public_Reproducibility_Package_V01/npjcm-free-energy-surrogate_Re3/Python_Codes/table/snapshots_split/Cu_500K_snap00059.extxyz,Cu,500,Cu__500,-0.005045327500027,0.000109824709900819,0.00515515220992782,0.00515515220992782
/Users/yti0811/Desktop/FE_data/npj_CM01/NPJ_CM_Fig_Python/Public_Reproducibility_Package_V01/npjcm-free-energy-surrogate_Re3/Python_Codes/table/snapshots_split/Cu_500K_snap00060.extxyz,Cu,500,Cu__500,-0.0047126023225327,0.000109824709900819,0.004822427032433519,0.004822427032433519
/Users/yti0811/Desktop/FE_data/npj_CM01/NPJ_CM_Fig_Python/Public_Reproducibility_Package_V01/npjcm-free-energy-surrogate_Re3/Python_Codes/table/snapshots_split/Cu_500K_snap00061.extxyz,Cu,500,Cu__500,-0.0039102459272929,0.000109824709900819,0.004020070637193719,0.004020070637193719
/Users/yti0811/Desktop/FE_data/npj_CM01/NPJ_CM_Fig_Python/Public_Reproducibility_Package_V01/npjcm-free-energy-surrogate_Re3/Python_Codes/table/snapshots_split/Cu_500K_snap00062.extxyz,Cu,500,Cu__500,-0.0045678250523084,0.000109824709900819,0.004677649762209219,0.004677649762209219
/Users/yti0811/Desktop/FE_data/npj_CM01/NPJ_CM_Fig_Python/Public_Reproducibility_Package_V01/npjcm-free-energy-surrogate_Re3/Python_Codes/table/snapshots_split/Cu_500K_snap00063.extxyz,Cu,500,Cu__500,-0.0041234371315108,0.000109824709900819,0.0042332618414116195,0.0042332618414116195
/Users/yti0811/Desktop/FE_data/npj_CM01/NPJ_CM_Fig_Python/Public_Reproducibility_Package_V01/npjcm-free-energy-surrogate_Re3/Python_Codes/table/snapshots_split/Cu_500K_snap00064.extxyz,Cu,500,Cu__500,-0.0045926849571732,0.000109824709900819,0.004702509667074019,0.004702509667074019
/Users/yti0811/Desktop/FE_data/npj_CM01/NPJ_CM_Fig_Python/Public_Reproducibility_Package_V01/npjcm-free-energy-surrogate_Re3/Python_Codes/table/snapshots_split/Cu_500K_snap00065.extxyz,Cu,500,Cu__500,-0.004566740498467,0.000109824709900819,0.004676565208367819,0.004676565208367819
/Users/yti0811/Desktop/FE_data/npj_CM01/NPJ_CM_Fig_Python/Public_Reproducibility_Package_V01/npjcm-free-energy-surrogate_Re3/Python_Codes/table/snapshots_split/Cu_500K_snap00066.extxyz,Cu,500,Cu__500,-0.0044629395408808,0.000109824709900819,0.004572764250781619,0.004572764250781619
/Users/yti0811/Desktop/FE_data/npj_CM01/NPJ_CM_Fig_Python/Public_Reproducibility_Package_V01/npjcm-free-energy-surrogate_Re3/Python_Codes/table/snapshots_split/Cu_500K_snap00067.extxyz,Cu,500,Cu__500,-0.0041149694486621,0.000109824709900819,0.004224794158562919,0.004224794158562919
/Users/yti0811/Desktop/FE_data/npj_CM01/NPJ_CM_Fig_Python/Public_Reproducibility_Package_V01/npjcm-free-energy-surrogate_Re3/Python_Codes/table/snapshots_split/Cu_500K_snap00068.extxyz,Cu,500,Cu__500,-0.0044459566139231,0.000109824709900819,0.004555781323823919,0.004555781323823919
/Users/yti0811/Desktop/FE_data/npj_CM01/NPJ_CM_Fig_Python/Public_Reproducibility_Package_V01/npjcm-free-energy-surrogate_Re3/Python_Codes/table/snapshots_split/Cu_500K_snap00069.extxyz,Cu,500,Cu__500,-0.0044495727028368,0.000109824709900819,0.004559397412737619,0.004559397412737619
/Users/yti0811/Desktop/FE_data/npj_CM01/NPJ_CM_Fig_Python/Public_Reproducibility_Package_V01/npjcm-free-energy-surrogate_Re3/Python_Codes/table/snapshots_split/Cu_500K_snap00070.extxyz,Cu,500,Cu__500,-0.0044751004868749,0.000109824709900819,0.004584925196775719,0.004584925196775719
/Users/yti0811/Desktop/FE_data/npj_CM01/NPJ_CM_Fig_Python/Public_Reproducibility_Package_V01/npjcm-free-energy-surrogate_Re3/Python_Codes/table/snapshots_split/Cu_500K_snap00071.extxyz,Cu,500,Cu__500,-0.0041743986173985,0.000109824709900819,0.004284223327299319,0.004284223327299319
/Users/yti0811/Desktop/FE_data/npj_CM01/NPJ_CM_Fig_Python/Public_Reproducibility_Package_V01/npjcm-free-energy-surrogate_Re3/Python_Codes/table/snapshots_split/Cu_500K_snap00072.extxyz,Cu,500,Cu__500,-0.0046740864518244,0.000109824709900819,0.004783911161725219,0.004783911161725219
/Users/yti0811/Desktop/FE_data/npj_CM01/NPJ_CM_Fig_Python/Public_Reproducibility_Package_V01/npjcm-free-energy-surrogate_Re3/Python_Codes/table/snapshots_split/Cu_500K_snap00073.extxyz,Cu,500,Cu__500,-0.0045492136530213,0.000109824709900819,0.004659038362922119,0.004659038362922119
/Users/yti0811/Desktop/FE_data/npj_CM01/NPJ_CM_Fig_Python/Public_Reproducibility_Package_V01/npjcm-free-energy-surrogate_Re3/Python_Codes/table/snapshots_split/Cu_500K_snap00074.extxyz,Cu,500,Cu__500,-0.0045722195207806,0.000109824709900819,0.004682044230681419,0.004682044230681419
/Users/yti0811/Desktop/FE_data/npj_CM01/NPJ_CM_Fig_Python/Public_Reproducibility_Package_V01/npjcm-free-energy-surrogate_Re3/Python_Codes/table/snapshots_split/Cu_500K_snap00075.extxyz,Cu,500,Cu__500,-0.0045592036420667,0.000109824709900819,0.004669028351967519,0.004669028351967519
/Users/yti0811/Desktop/FE_data/npj_CM01/NPJ_CM_Fig_Python/Public_Reproducibility_Package_V01/npjcm-free-energy-surrogate_Re3/Python_Codes/table/snapshots_split/Cu_500K_snap00076.extxyz,Cu,500,Cu__500,-0.0043286262034296,0.000109824709900819,0.004438450913330419,0.004438450913330419
/Users/yti0811/Desktop/FE_data/npj_CM01/NPJ_CM_Fig_Python/Public_Reproducibility_Package_V01/npjcm-free-energy-surrogate_Re3/Python_Codes/table/snapshots_split/Cu_500K_snap00077.extxyz,Cu,500,Cu__500,-0.0042921710505816,0.000109824709900819,0.004401995760482419,0.004401995760482419
/Users/yti0811/Desktop/FE_data/npj_CM01/NPJ_CM_Fig_Python/Public_Reproducibility_Package_V01/npjcm-free-energy-surrogate_Re3/Python_Codes/table/snapshots_split/Cu_500K_snap00078.extxyz,Cu,500,Cu__500,-0.0045279642959775,0.000109824709900819,0.004637789005878319,0.004637789005878319
/Users/yti0811/Desktop/FE_data/npj_CM01/NPJ_CM_Fig_Python/Public_Reproducibility_Package_V01/npjcm-free-energy-surrogate_Re3/Python_Codes/table/snapshots_split/Cu_500K_snap00079.extxyz,Cu,500,Cu__500,-0.0046209825258139,0.000109824709900819,0.0047308072357147195,0.0047308072357147195
/Users/yti0811/Desktop/FE_data/npj_CM01/NPJ_CM_Fig_Python/Public_Reproducibility_Package_V01/npjcm-free-energy-surrogate_Re3/Python_Codes/table/snapshots_split/Cu_500K_snap00080.extxyz,Cu,500,Cu__500,-0.0044075159915072,0.000109824709900819,0.004517340701408019,0.004517340701408019
/Users/yti0811/Desktop/FE_data/npj_CM01/NPJ_CM_Fig_Python/Public_Reproducibility_Package_V01/npjcm-free-energy-surrogate_Re3/Python_Codes/table/snapshots_split/Cu_500K_snap00081.extxyz,Cu,500,Cu__500,-0.0048081422091459,0.000109824709900819,0.004917966919046719,0.004917966919046719
/Users/yti0811/Desktop/FE_data/npj_CM01/NPJ_CM_Fig_Python/Public_Reproducibility_Package_V01/npjcm-free-energy-surrogate_Re3/Python_Codes/table/snapshots_split/Cu_500K_snap00082.extxyz,Cu,500,Cu__500,-0.0046637566193141,0.000109824709900819,0.004773581329214919,0.004773581329214919
/Users/yti0811/Desktop/FE_data/npj_CM01/NPJ_CM_Fig_Python/Public_Reproducibility_Package_V01/npjcm-free-energy-surrogate_Re3/Python_Codes/table/snapshots_split/Cu_500K_snap00083.extxyz,Cu,500,Cu__500,-0.0042431308548191,0.000109824709900819,0.00435295556471992,0.00435295556471992
/Users/yti0811/Desktop/FE_data/npj_CM01/NPJ_CM_Fig_Python/Public_Reproducibility_Package_V01/npjcm-free-energy-surrogate_Re3/Python_Codes/table/snapshots_split/Cu_500K_snap00084.extxyz,Cu,500,Cu__500,-0.0041572767860444,0.000109824709900819,0.0042671014959452195,0.0042671014959452195
/Users/yti0811/Desktop/FE_data/npj_CM01/NPJ_CM_Fig_Python/Public_Reproducibility_Package_V01/npjcm-free-energy-surrogate_Re3/Python_Codes/table/snapshots_split/Cu_500K_snap00085.extxyz,Cu,500,Cu__500,-0.0044084469776602,0.000109824709900819,0.004518271687561019,0.004518271687561019
/Users/yti0811/Desktop/FE_data/npj_CM01/NPJ_CM_Fig_Python/Public_Reproducibility_Package_V01/npjcm-free-energy-surrogate_Re3/Python_Codes/table/snapshots_split/Cu_500K_snap00086.extxyz,Cu,500,Cu__500,-0.0045722712444254,0.000109824709900819,0.0046820959543262194,0.0046820959543262194
/Users/yti0811/Desktop/FE_data/npj_CM01/NPJ_CM_Fig_Python/Public_Reproducibility_Package_V01/npjcm-free-energy-surrogate_Re3/Python_Codes/table/snapshots_split/Cu_500K_snap00087.extxyz,Cu,500,Cu__500,-0.0045395948961552,0.000109824709900819,0.004649419606056019,0.004649419606056019
/Users/yti0811/Desktop/FE_data/npj_CM01/NPJ_CM_Fig_Python/Public_Reproducibility_Package_V01/npjcm-free-energy-surrogate_Re3/Python_Codes/table/snapshots_split/Cu_500K_snap00088.extxyz,Cu,500,Cu__500,-0.0049561598008364,0.000109824709900819,0.005065984510737219,0.005065984510737219
/Users/yti0811/Desktop/FE_data/npj_CM01/NPJ_CM_Fig_Python/Public_Reproducibility_Package_V01/npjcm-free-energy-surrogate_Re3/Python_Codes/table/snapshots_split/Cu_500K_snap00089.extxyz,Cu,500,Cu__500,-0.0042552402942876,0.000109824709900819,0.004365065004188419,0.004365065004188419
/Users/yti0811/Desktop/FE_data/npj_CM01/NPJ_CM_Fig_Python/Public_Reproducibility_Package_V01/npjcm-free-energy-surrogate_Re3/Python_Codes/table/snapshots_split/Cu_500K_snap00090.extxyz,Cu,500,Cu__500,-0.0042656790474677,0.000109824709900819,0.00437550375736852,0.00437550375736852
/Users/yti0811/Desktop/FE_data/npj_CM01/NPJ_CM_Fig_Python/Public_Reproducibility_Package_V01/npjcm-free-energy-surrogate_Re3/Python_Codes/table/snapshots_split/Cu_500K_snap00091.extxyz,Cu,500,Cu__500,-0.0041827193753092,0.000109824709900819,0.004292544085210019,0.004292544085210019
/Users/yti0811/Desktop/FE_data/npj_CM01/NPJ_CM_Fig_Python/Public_Reproducibility_Package_V01/npjcm-free-energy-surrogate_Re3/Python_Codes/table/snapshots_split/Cu_500K_snap00092.extxyz,Cu,500,Cu__500,-0.0045148504341234,0.000109824709900819,0.00462467514402422,0.00462467514402422
/Users/yti0811/Desktop/FE_data/npj_CM01/NPJ_CM_Fig_Python/Public_Reproducibility_Package_V01/npjcm-free-energy-surrogate_Re3/Python_Codes/table/snapshots_split/Cu_500K_snap00093.extxyz,Cu,500,Cu__500,-0.0044589735341483,0.000109824709900819,0.004568798244049119,0.004568798244049119
/Users/yti0811/Desktop/FE_data/npj_CM01/NPJ_CM_Fig_Python/Public_Reproducibility_Package_V01/npjcm-free-energy-surrogate_Re3/Python_Codes/table/snapshots_split/Cu_500K_snap00094.extxyz,Cu,500,Cu__500,-0.0045301246506927,0.000109824709900819,0.0046399493605935194,0.0046399493605935194
/Users/yti0811/Desktop/FE_data/npj_CM01/NPJ_CM_Fig_Python/Public_Reproducibility_Package_V01/npjcm-free-energy-surrogate_Re3/Python_Codes/table/snapshots_split/Cu_500K_snap00095.extxyz,Cu,500,Cu__500,-0.0046160066903943,0.000109824709900819,0.004725831400295119,0.004725831400295119
/Users/yti0811/Desktop/FE_data/npj_CM01/NPJ_CM_Fig_Python/Public_Reproducibility_Package_V01/npjcm-free-energy-surrogate_Re3/Python_Codes/table/snapshots_split/Cu_500K_snap00096.extxyz,Cu,500,Cu__500,-0.0043935658204556,0.000109824709900819,0.004503390530356419,0.004503390530356419
/Users/yti0811/Desktop/FE_data/npj_CM01/NPJ_CM_Fig_Python/Public_Reproducibility_Package_V01/npjcm-free-energy-surrogate_Re3/Python_Codes/table/snapshots_split/Cu_500K_snap00097.extxyz,Cu,500,Cu__500,-0.004275127913825,0.000109824709900819,0.004384952623725819,0.004384952623725819
/Users/yti0811/Desktop/FE_data/npj_CM01/NPJ_CM_Fig_Python/Public_Reproducibility_Package_V01/npjcm-free-energy-surrogate_Re3/Python_Codes/table/snapshots_split/Cu_500K_snap00098.extxyz,Cu,500,Cu__500,-0.0047403989298996,0.000109824709900819,0.004850223639800419,0.004850223639800419
/Users/yti0811/Desktop/FE_data/npj_CM01/NPJ_CM_Fig_Python/Public_Reproducibility_Package_V01/npjcm-free-energy-surrogate_Re3/Python_Codes/table/snapshots_split/Cu_500K_snap00099.extxyz,Cu,500,Cu__500,-0.0044749777672072,0.000109824709900819,0.0045848024771080196,0.0045848024771080196
/Users/yti0811/Desktop/FE_data/npj_CM01/NPJ_CM_Fig_Python/Public_Reproducibility_Package_V01/npjcm-free-energy-surrogate_Re3/Python_Codes/table/snapshots_split/Cu_600K_snap00000.extxyz,Cu,600,Cu__600,-0.0061952738233918,0.000109824709900819,0.0063050985332926196,0.0063050985332926196
/Users/yti0811/Desktop/FE_data/npj_CM01/NPJ_CM_Fig_Python/Public_Reproducibility_Package_V01/npjcm-free-energy-surrogate_Re3/Python_Codes/table/snapshots_split/Cu_600K_snap00001.extxyz,Cu,600,Cu__600,-0.0065347290355201,0.000109824709900819,0.0066445537454209195,0.0066445537454209195
/Users/yti0811/Desktop/FE_data/npj_CM01/NPJ_CM_Fig_Python/Public_Reproducibility_Package_V01/npjcm-free-energy-surrogate_Re3/Python_Codes/table/snapshots_split/Cu_600K_snap00002.extxyz,Cu,600,Cu__600,-0.0074955395002856,0.000109824709900819,0.007605364210186419,0.007605364210186419
/Users/yti0811/Desktop/FE_data/npj_CM01/NPJ_CM_Fig_Python/Public_Reproducibility_Package_V01/npjcm-free-energy-surrogate_Re3/Python_Codes/table/snapshots_split/Cu_600K_snap00003.extxyz,Cu,600,Cu__600,-0.0064266824732829,0.000109824709900819,0.0065365071831837195,0.0065365071831837195
/Users/yti0811/Desktop/FE_data/npj_CM01/NPJ_CM_Fig_Python/Public_Reproducibility_Package_V01/npjcm-free-energy-surrogate_Re3/Python_Codes/table/snapshots_split/Cu_600K_snap00004.extxyz,Cu,600,Cu__600,-0.0063790070284518,0.000109824709900819,0.006488831738352619,0.006488831738352619
/Users/yti0811/Desktop/FE_data/npj_CM01/NPJ_CM_Fig_Python/Public_Reproducibility_Package_V01/npjcm-free-energy-surrogate_Re3/Python_Codes/table/snapshots_split/Cu_600K_snap00005.extxyz,Cu,600,Cu__600,-0.0062375211159756,0.000109824709900819,0.006347345825876419,0.006347345825876419
/Users/yti0811/Desktop/FE_data/npj_CM01/NPJ_CM_Fig_Python/Public_Reproducibility_Package_V01/npjcm-free-energy-surrogate_Re3/Python_Codes/table/snapshots_split/Cu_600K_snap00006.extxyz,Cu,600,Cu__600,-0.0064193535122342,0.000109824709900819,0.00652917822213502,0.00652917822213502
/Users/yti0811/Desktop/FE_data/npj_CM01/NPJ_CM_Fig_Python/Public_Reproducibility_Package_V01/npjcm-free-energy-surrogate_Re3/Python_Codes/table/snapshots_split/Cu_600K_snap00007.extxyz,Cu,600,Cu__600,-0.0066427182587202,0.000109824709900819,0.00675254296862102,0.00675254296862102
/Users/yti0811/Desktop/FE_data/npj_CM01/NPJ_CM_Fig_Python/Public_Reproducibility_Package_V01/npjcm-free-energy-surrogate_Re3/Python_Codes/table/snapshots_split/Cu_600K_snap00008.extxyz,Cu,600,Cu__600,-0.0068208107593487,0.000109824709900819,0.0069306354692495195,0.0069306354692495195
/Users/yti0811/Desktop/FE_data/npj_CM01/NPJ_CM_Fig_Python/Public_Reproducibility_Package_V01/npjcm-free-energy-surrogate_Re3/Python_Codes/table/snapshots_split/Cu_600K_snap00009.extxyz,Cu,600,Cu__600,-0.0068017890256316,0.000109824709900819,0.006911613735532419,0.006911613735532419
/Users/yti0811/Desktop/FE_data/npj_CM01/NPJ_CM_Fig_Python/Public_Reproducibility_Package_V01/npjcm-free-energy-surrogate_Re3/Python_Codes/table/snapshots_split/Cu_600K_snap00010.extxyz,Cu,600,Cu__600,-0.0068713344705874,0.000109824709900819,0.00698115918048822,0.00698115918048822
/Users/yti0811/Desktop/FE_data/npj_CM01/NPJ_CM_Fig_Python/Public_Reproducibility_Package_V01/npjcm-free-energy-surrogate_Re3/Python_Codes/table/snapshots_split/Cu_600K_snap00011.extxyz,Cu,600,Cu__600,-0.0064411779266423,0.000109824709900819,0.00655100263654312,0.00655100263654312
/Users/yti0811/Desktop/FE_data/npj_CM01/NPJ_CM_Fig_Python/Public_Reproducibility_Package_V01/npjcm-free-energy-surrogate_Re3/Python_Codes/table/snapshots_split/Cu_600K_snap00012.extxyz,Cu,600,Cu__600,-0.0066255432196612,0.000109824709900819,0.006735367929562019,0.006735367929562019
/Users/yti0811/Desktop/FE_data/npj_CM01/NPJ_CM_Fig_Python/Public_Reproducibility_Package_V01/npjcm-free-energy-surrogate_Re3/Python_Codes/table/snapshots_split/Cu_600K_snap00013.extxyz,Cu,600,Cu__600,-0.0066582647873246,0.000109824709900819,0.006768089497225419,0.006768089497225419
/Users/yti0811/Desktop/FE_data/npj_CM01/NPJ_CM_Fig_Python/Public_Reproducibility_Package_V01/npjcm-free-energy-surrogate_Re3/Python_Codes/table/snapshots_split/Cu_600K_snap00014.extxyz,Cu,600,Cu__600,-0.0066530901067282,0.000109824709900819,0.006762914816629019,0.006762914816629019
/Users/yti0811/Desktop/FE_data/npj_CM01/NPJ_CM_Fig_Python/Public_Reproducibility_Package_V01/npjcm-free-energy-surrogate_Re3/Python_Codes/table/snapshots_split/Cu_600K_snap00015.extxyz,Cu,600,Cu__600,-0.006356524497323,0.000109824709900819,0.006466349207223819,0.006466349207223819
/Users/yti0811/Desktop/FE_data/npj_CM01/NPJ_CM_Fig_Python/Public_Reproducibility_Package_V01/npjcm-free-energy-surrogate_Re3/Python_Codes/table/snapshots_split/Cu_600K_snap00016.extxyz,Cu,600,Cu__600,-0.0065780306605066,0.000109824709900819,0.0066878553704074195,0.0066878553704074195
/Users/yti0811/Desktop/FE_data/npj_CM01/NPJ_CM_Fig_Python/Public_Reproducibility_Package_V01/npjcm-free-energy-surrogate_Re3/Python_Codes/table/snapshots_split/Cu_600K_snap00017.extxyz,Cu,600,Cu__600,-0.0061674196445097,0.000109824709900819,0.0062772443544105196,0.0062772443544105196
/Users/yti0811/Desktop/FE_data/npj_CM01/NPJ_CM_Fig_Python/Public_Reproducibility_Package_V01/npjcm-free-energy-surrogate_Re3/Python_Codes/table/snapshots_split/Cu_600K_snap00018.extxyz,Cu,600,Cu__600,-0.0065251643951044,0.000109824709900819,0.006634989105005219,0.006634989105005219
/Users/yti0811/Desktop/FE_data/npj_CM01/NPJ_CM_Fig_Python/Public_Reproducibility_Package_V01/npjcm-free-energy-surrogate_Re3/Python_Codes/table/snapshots_split/Cu_600K_snap00019.extxyz,Cu,600,Cu__600,-0.0071582780664573,0.000109824709900819,0.0072681027763581195,0.0072681027763581195
/Users/yti0811/Desktop/FE_data/npj_CM01/NPJ_CM_Fig_Python/Public_Reproducibility_Package_V01/npjcm-free-energy-surrogate_Re3/Python_Codes/table/snapshots_split/Cu_600K_snap00020.extxyz,Cu,600,Cu__600,-0.006603911394272,0.000109824709900819,0.006713736104172819,0.006713736104172819
/Users/yti0811/Desktop/FE_data/npj_CM01/NPJ_CM_Fig_Python/Public_Reproducibility_Package_V01/npjcm-free-energy-surrogate_Re3/Python_Codes/table/snapshots_split/Cu_600K_snap00021.extxyz,Cu,600,Cu__600,-0.0066529335000912,0.000109824709900819,0.006762758209992019,0.006762758209992019
/Users/yti0811/Desktop/FE_data/npj_CM01/NPJ_CM_Fig_Python/Public_Reproducibility_Package_V01/npjcm-free-energy-surrogate_Re3/Python_Codes/table/snapshots_split/Cu_600K_snap00022.extxyz,Cu,600,Cu__600,-0.00701142896933,0.000109824709900819,0.007121253679230819,0.007121253679230819
/Users/yti0811/Desktop/FE_data/npj_CM01/NPJ_CM_Fig_Python/Public_Reproducibility_Package_V01/npjcm-free-energy-surrogate_Re3/Python_Codes/table/snapshots_split/Cu_600K_snap00023.extxyz,Cu,600,Cu__600,-0.0064382451604733,0.000109824709900819,0.006548069870374119,0.006548069870374119
/Users/yti0811/Desktop/FE_data/npj_CM01/NPJ_CM_Fig_Python/Public_Reproducibility_Package_V01/npjcm-free-energy-surrogate_Re3/Python_Codes/table/snapshots_split/Cu_600K_snap00024.extxyz,Cu,600,Cu__600,-0.0063034396245077,0.000109824709900819,0.006413264334408519,0.006413264334408519
/Users/yti0811/Desktop/FE_data/npj_CM01/NPJ_CM_Fig_Python/Public_Reproducibility_Package_V01/npjcm-free-energy-surrogate_Re3/Python_Codes/table/snapshots_split/Cu_600K_snap00025.extxyz,Cu,600,Cu__600,-0.0068620957557906,0.000109824709900819,0.006971920465691419,0.006971920465691419
/Users/yti0811/Desktop/FE_data/npj_CM01/NPJ_CM_Fig_Python/Public_Reproducibility_Package_V01/npjcm-free-energy-surrogate_Re3/Python_Codes/table/snapshots_split/Cu_600K_snap00026.extxyz,Cu,600,Cu__600,-0.0064278100195357,0.000109824709900819,0.0065376347294365195,0.0065376347294365195
/Users/yti0811/Desktop/FE_data/npj_CM01/NPJ_CM_Fig_Python/Public_Reproducibility_Package_V01/npjcm-free-energy-surrogate_Re3/Python_Codes/table/snapshots_split/Cu_600K_snap00027.extxyz,Cu,600,Cu__600,-0.0062442985194238,0.000109824709900819,0.006354123229324619,0.006354123229324619
/Users/yti0811/Desktop/FE_data/npj_CM01/NPJ_CM_Fig_Python/Public_Reproducibility_Package_V01/npjcm-free-energy-surrogate_Re3/Python_Codes/table/snapshots_split/Cu_600K_snap00028.extxyz,Cu,600,Cu__600,-0.0065557757718818,0.000109824709900819,0.006665600481782619,0.006665600481782619
/Users/yti0811/Desktop/FE_data/npj_CM01/NPJ_CM_Fig_Python/Public_Reproducibility_Package_V01/npjcm-free-energy-surrogate_Re3/Python_Codes/table/snapshots_split/Cu_600K_snap00029.extxyz,Cu,600,Cu__600,-0.0068264860874117,0.000109824709900819,0.006936310797312519,0.006936310797312519
/Users/yti0811/Desktop/FE_data/npj_CM01/NPJ_CM_Fig_Python/Public_Reproducibility_Package_V01/npjcm-free-energy-surrogate_Re3/Python_Codes/table/snapshots_split/Cu_600K_snap00030.extxyz,Cu,600,Cu__600,-0.0069991862514869,0.000109824709900819,0.007109010961387719,0.007109010961387719
/Users/yti0811/Desktop/FE_data/npj_CM01/NPJ_CM_Fig_Python/Public_Reproducibility_Package_V01/npjcm-free-energy-surrogate_Re3/Python_Codes/table/snapshots_split/Cu_600K_snap00031.extxyz,Cu,600,Cu__600,-0.0069498614159265,0.000109824709900819,0.007059686125827319,0.007059686125827319
/Users/yti0811/Desktop/FE_data/npj_CM01/NPJ_CM_Fig_Python/Public_Reproducibility_Package_V01/npjcm-free-energy-surrogate_Re3/Python_Codes/table/snapshots_split/Cu_600K_snap00032.extxyz,Cu,600,Cu__600,-0.0065026063569088,0.000109824709900819,0.006612431066809619,0.006612431066809619
/Users/yti0811/Desktop/FE_data/npj_CM01/NPJ_CM_Fig_Python/Public_Reproducibility_Package_V01/npjcm-free-energy-surrogate_Re3/Python_Codes/table/snapshots_split/Cu_600K_snap00033.extxyz,Cu,600,Cu__600,-0.0066369639469575,0.000109824709900819,0.0067467886568583196,0.0067467886568583196
/Users/yti0811/Desktop/FE_data/npj_CM01/NPJ_CM_Fig_Python/Public_Reproducibility_Package_V01/npjcm-free-energy-surrogate_Re3/Python_Codes/table/snapshots_split/Cu_600K_snap00034.extxyz,Cu,600,Cu__600,-0.0070139968394306,0.000109824709900819,0.0071238215493314196,0.0071238215493314196
/Users/yti0811/Desktop/FE_data/npj_CM01/NPJ_CM_Fig_Python/Public_Reproducibility_Package_V01/npjcm-free-energy-surrogate_Re3/Python_Codes/table/snapshots_split/Cu_600K_snap00035.extxyz,Cu,600,Cu__600,-0.0063894388943869,0.000109824709900819,0.00649926360428772,0.00649926360428772
/Users/yti0811/Desktop/FE_data/npj_CM01/NPJ_CM_Fig_Python/Public_Reproducibility_Package_V01/npjcm-free-energy-surrogate_Re3/Python_Codes/table/snapshots_split/Cu_600K_snap00036.extxyz,Cu,600,Cu__600,-0.0067368878795542,0.000109824709900819,0.006846712589455019,0.006846712589455019
/Users/yti0811/Desktop/FE_data/npj_CM01/NPJ_CM_Fig_Python/Public_Reproducibility_Package_V01/npjcm-free-energy-surrogate_Re3/Python_Codes/table/snapshots_split/Cu_600K_snap00037.extxyz,Cu,600,Cu__600,-0.0065497636768693,0.000109824709900819,0.0066595883867701195,0.0066595883867701195
/Users/yti0811/Desktop/FE_data/npj_CM01/NPJ_CM_Fig_Python/Public_Reproducibility_Package_V01/npjcm-free-energy-surrogate_Re3/Python_Codes/table/snapshots_split/Cu_600K_snap00038.extxyz,Cu,600,Cu__600,-0.006377341312432,0.000109824709900819,0.0064871660223328196,0.0064871660223328196
/Users/yti0811/Desktop/FE_data/npj_CM01/NPJ_CM_Fig_Python/Public_Reproducibility_Package_V01/npjcm-free-energy-surrogate_Re3/Python_Codes/table/snapshots_split/Cu_600K_snap00039.extxyz,Cu,600,Cu__600,-0.0063608783706218,0.000109824709900819,0.006470703080522619,0.006470703080522619
/Users/yti0811/Desktop/FE_data/npj_CM01/NPJ_CM_Fig_Python/Public_Reproducibility_Package_V01/npjcm-free-energy-surrogate_Re3/Python_Codes/table/snapshots_split/Cu_600K_snap00040.extxyz,Cu,600,Cu__600,-0.0067885948707199,0.000109824709900819,0.006898419580620719,0.006898419580620719
/Users/yti0811/Desktop/FE_data/npj_CM01/NPJ_CM_Fig_Python/Public_Reproducibility_Package_V01/npjcm-free-energy-surrogate_Re3/Python_Codes/table/snapshots_split/Cu_600K_snap00041.extxyz,Cu,600,Cu__600,-0.006393435128947,0.000109824709900819,0.006503259838847819,0.006503259838847819
/Users/yti0811/Desktop/FE_data/npj_CM01/NPJ_CM_Fig_Python/Public_Reproducibility_Package_V01/npjcm-free-energy-surrogate_Re3/Python_Codes/table/snapshots_split/Cu_600K_snap00042.extxyz,Cu,600,Cu__600,-0.0068796785055192,0.000109824709900819,0.006989503215420019,0.006989503215420019
/Users/yti0811/Desktop/FE_data/npj_CM01/NPJ_CM_Fig_Python/Public_Reproducibility_Package_V01/npjcm-free-energy-surrogate_Re3/Python_Codes/table/snapshots_split/Cu_600K_snap00043.extxyz,Cu,600,Cu__600,-0.0068875402813785,0.000109824709900819,0.006997364991279319,0.006997364991279319
/Users/yti0811/Desktop/FE_data/npj_CM01/NPJ_CM_Fig_Python/Public_Reproducibility_Package_V01/npjcm-free-energy-surrogate_Re3/Python_Codes/table/snapshots_split/Cu_600K_snap00044.extxyz,Cu,600,Cu__600,-0.0068138319498299,0.000109824709900819,0.006923656659730719,0.006923656659730719
/Users/yti0811/Desktop/FE_data/npj_CM01/NPJ_CM_Fig_Python/Public_Reproducibility_Package_V01/npjcm-free-energy-surrogate_Re3/Python_Codes/table/snapshots_split/Cu_600K_snap00045.extxyz,Cu,600,Cu__600,-0.0071594620743912,0.000109824709900819,0.007269286784292019,0.007269286784292019
/Users/yti0811/Desktop/FE_data/npj_CM01/NPJ_CM_Fig_Python/Public_Reproducibility_Package_V01/npjcm-free-energy-surrogate_Re3/Python_Codes/table/snapshots_split/Cu_600K_snap00046.extxyz,Cu,600,Cu__600,-0.0066062462362398,0.000109824709900819,0.006716070946140619,0.006716070946140619
/Users/yti0811/Desktop/FE_data/npj_CM01/NPJ_CM_Fig_Python/Public_Reproducibility_Package_V01/npjcm-free-energy-surrogate_Re3/Python_Codes/table/snapshots_split/Cu_600K_snap00047.extxyz,Cu,600,Cu__600,-0.0065386402077128,0.000109824709900819,0.006648464917613619,0.006648464917613619
/Users/yti0811/Desktop/FE_data/npj_CM01/NPJ_CM_Fig_Python/Public_Reproducibility_Package_V01/npjcm-free-energy-surrogate_Re3/Python_Codes/table/snapshots_split/Cu_600K_snap00048.extxyz,Cu,600,Cu__600,-0.0068546051344754,0.000109824709900819,0.006964429844376219,0.006964429844376219
/Users/yti0811/Desktop/FE_data/npj_CM01/NPJ_CM_Fig_Python/Public_Reproducibility_Package_V01/npjcm-free-energy-surrogate_Re3/Python_Codes/table/snapshots_split/Cu_600K_snap00049.extxyz,Cu,600,Cu__600,-0.0068238025614711,0.000109824709900819,0.006933627271371919,0.006933627271371919
/Users/yti0811/Desktop/FE_data/npj_CM01/NPJ_CM_Fig_Python/Public_Reproducibility_Package_V01/npjcm-free-energy-surrogate_Re3/Python_Codes/table/snapshots_split/Cu_600K_snap00050.extxyz,Cu,600,Cu__600,-0.0066603795146916,0.000109824709900819,0.0067702042245924195,0.0067702042245924195
/Users/yti0811/Desktop/FE_data/npj_CM01/NPJ_CM_Fig_Python/Public_Reproducibility_Package_V01/npjcm-free-energy-surrogate_Re3/Python_Codes/table/snapshots_split/Cu_600K_snap00051.extxyz,Cu,600,Cu__600,-0.0064898635343316,0.000109824709900819,0.006599688244232419,0.006599688244232419
/Users/yti0811/Desktop/FE_data/npj_CM01/NPJ_CM_Fig_Python/Public_Reproducibility_Package_V01/npjcm-free-energy-surrogate_Re3/Python_Codes/table/snapshots_split/Cu_600K_snap00052.extxyz,Cu,600,Cu__600,-0.0062778233109778,0.000109824709900819,0.006387648020878619,0.006387648020878619
/Users/yti0811/Desktop/FE_data/npj_CM01/NPJ_CM_Fig_Python/Public_Reproducibility_Package_V01/npjcm-free-energy-surrogate_Re3/Python_Codes/table/snapshots_split/Cu_600K_snap00053.extxyz,Cu,600,Cu__600,-0.0064368368904393,0.000109824709900819,0.006546661600340119,0.006546661600340119
/Users/yti0811/Desktop/FE_data/npj_CM01/NPJ_CM_Fig_Python/Public_Reproducibility_Package_V01/npjcm-free-energy-surrogate_Re3/Python_Codes/table/snapshots_split/Cu_600K_snap00054.extxyz,Cu,600,Cu__600,-0.006466609805649,0.000109824709900819,0.006576434515549819,0.006576434515549819
/Users/yti0811/Desktop/FE_data/npj_CM01/NPJ_CM_Fig_Python/Public_Reproducibility_Package_V01/npjcm-free-energy-surrogate_Re3/Python_Codes/table/snapshots_split/Cu_600K_snap00055.extxyz,Cu,600,Cu__600,-0.0066676351519928,0.000109824709900819,0.006777459861893619,0.006777459861893619
/Users/yti0811/Desktop/FE_data/npj_CM01/NPJ_CM_Fig_Python/Public_Reproducibility_Package_V01/npjcm-free-energy-surrogate_Re3/Python_Codes/table/snapshots_split/Cu_600K_snap00056.extxyz,Cu,600,Cu__600,-0.0070399804509068,0.000109824709900819,0.007149805160807619,0.007149805160807619
/Users/yti0811/Desktop/FE_data/npj_CM01/NPJ_CM_Fig_Python/Public_Reproducibility_Package_V01/npjcm-free-energy-surrogate_Re3/Python_Codes/table/snapshots_split/Cu_600K_snap00057.extxyz,Cu,600,Cu__600,-0.0067197739731911,0.000109824709900819,0.006829598683091919,0.006829598683091919
/Users/yti0811/Desktop/FE_data/npj_CM01/NPJ_CM_Fig_Python/Public_Reproducibility_Package_V01/npjcm-free-energy-surrogate_Re3/Python_Codes/table/snapshots_split/Cu_600K_snap00058.extxyz,Cu,600,Cu__600,-0.0066200507966963,0.000109824709900819,0.006729875506597119,0.006729875506597119
/Users/yti0811/Desktop/FE_data/npj_CM01/NPJ_CM_Fig_Python/Public_Reproducibility_Package_V01/npjcm-free-energy-surrogate_Re3/Python_Codes/table/snapshots_split/Cu_600K_snap00059.extxyz,Cu,600,Cu__600,-0.0064363471508429,0.000109824709900819,0.006546171860743719,0.006546171860743719
/Users/yti0811/Desktop/FE_data/npj_CM01/NPJ_CM_Fig_Python/Public_Reproducibility_Package_V01/npjcm-free-energy-surrogate_Re3/Python_Codes/table/snapshots_split/Cu_600K_snap00060.extxyz,Cu,600,Cu__600,-0.0072682177852411,0.000109824709900819,0.007378042495141919,0.007378042495141919
/Users/yti0811/Desktop/FE_data/npj_CM01/NPJ_CM_Fig_Python/Public_Reproducibility_Package_V01/npjcm-free-energy-surrogate_Re3/Python_Codes/table/snapshots_split/Cu_600K_snap00061.extxyz,Cu,600,Cu__600,-0.0067285245141567,0.000109824709900819,0.00683834922405752,0.00683834922405752
/Users/yti0811/Desktop/FE_data/npj_CM01/NPJ_CM_Fig_Python/Public_Reproducibility_Package_V01/npjcm-free-energy-surrogate_Re3/Python_Codes/table/snapshots_split/Cu_600K_snap00062.extxyz,Cu,600,Cu__600,-0.0065598025162979,0.000109824709900819,0.0066696272261987195,0.0066696272261987195
/Users/yti0811/Desktop/FE_data/npj_CM01/NPJ_CM_Fig_Python/Public_Reproducibility_Package_V01/npjcm-free-energy-surrogate_Re3/Python_Codes/table/snapshots_split/Cu_600K_snap00063.extxyz,Cu,600,Cu__600,-0.0062594725253622,0.000109824709900819,0.0063692972352630195,0.0063692972352630195
/Users/yti0811/Desktop/FE_data/npj_CM01/NPJ_CM_Fig_Python/Public_Reproducibility_Package_V01/npjcm-free-energy-surrogate_Re3/Python_Codes/table/snapshots_split/Cu_600K_snap00064.extxyz,Cu,600,Cu__600,-0.006901237004833,0.000109824709900819,0.007011061714733819,0.007011061714733819
/Users/yti0811/Desktop/FE_data/npj_CM01/NPJ_CM_Fig_Python/Public_Reproducibility_Package_V01/npjcm-free-energy-surrogate_Re3/Python_Codes/table/snapshots_split/Cu_600K_snap00065.extxyz,Cu,600,Cu__600,-0.0067358098656925,0.000109824709900819,0.006845634575593319,0.006845634575593319
/Users/yti0811/Desktop/FE_data/npj_CM01/NPJ_CM_Fig_Python/Public_Reproducibility_Package_V01/npjcm-free-energy-surrogate_Re3/Python_Codes/table/snapshots_split/Cu_600K_snap00066.extxyz,Cu,600,Cu__600,-0.0064891951173188,0.000109824709900819,0.006599019827219619,0.006599019827219619
/Users/yti0811/Desktop/FE_data/npj_CM01/NPJ_CM_Fig_Python/Public_Reproducibility_Package_V01/npjcm-free-energy-surrogate_Re3/Python_Codes/table/snapshots_split/Cu_600K_snap00067.extxyz,Cu,600,Cu__600,-0.0065523982118306,0.000109824709900819,0.006662222921731419,0.006662222921731419
/Users/yti0811/Desktop/FE_data/npj_CM01/NPJ_CM_Fig_Python/Public_Reproducibility_Package_V01/npjcm-free-energy-surrogate_Re3/Python_Codes/table/snapshots_split/Cu_600K_snap00068.extxyz,Cu,600,Cu__600,-0.0061579259493672,0.000109824709900819,0.006267750659268019,0.006267750659268019
/Users/yti0811/Desktop/FE_data/npj_CM01/NPJ_CM_Fig_Python/Public_Reproducibility_Package_V01/npjcm-free-energy-surrogate_Re3/Python_Codes/table/snapshots_split/Cu_600K_snap00069.extxyz,Cu,600,Cu__600,-0.0067884241287597,0.000109824709900819,0.0068982488386605196,0.0068982488386605196
/Users/yti0811/Desktop/FE_data/npj_CM01/NPJ_CM_Fig_Python/Public_Reproducibility_Package_V01/npjcm-free-energy-surrogate_Re3/Python_Codes/table/snapshots_split/Cu_600K_snap00070.extxyz,Cu,600,Cu__600,-0.0063752367219253,0.000109824709900819,0.006485061431826119,0.006485061431826119
/Users/yti0811/Desktop/FE_data/npj_CM01/NPJ_CM_Fig_Python/Public_Reproducibility_Package_V01/npjcm-free-energy-surrogate_Re3/Python_Codes/table/snapshots_split/Cu_600K_snap00071.extxyz,Cu,600,Cu__600,-0.0069023931577673,0.000109824709900819,0.007012217867668119,0.007012217867668119
/Users/yti0811/Desktop/FE_data/npj_CM01/NPJ_CM_Fig_Python/Public_Reproducibility_Package_V01/npjcm-free-energy-surrogate_Re3/Python_Codes/table/snapshots_split/Cu_600K_snap00072.extxyz,Cu,600,Cu__600,-0.0063181368785917,0.000109824709900819,0.006427961588492519,0.006427961588492519
/Users/yti0811/Desktop/FE_data/npj_CM01/NPJ_CM_Fig_Python/Public_Reproducibility_Package_V01/npjcm-free-energy-surrogate_Re3/Python_Codes/table/snapshots_split/Cu_600K_snap00073.extxyz,Cu,600,Cu__600,-0.0063429168541045,0.000109824709900819,0.0064527415640053196,0.0064527415640053196
/Users/yti0811/Desktop/FE_data/npj_CM01/NPJ_CM_Fig_Python/Public_Reproducibility_Package_V01/npjcm-free-energy-surrogate_Re3/Python_Codes/table/snapshots_split/Cu_600K_snap00074.extxyz,Cu,600,Cu__600,-0.0069808347499539,0.000109824709900819,0.007090659459854719,0.007090659459854719
/Users/yti0811/Desktop/FE_data/npj_CM01/NPJ_CM_Fig_Python/Public_Reproducibility_Package_V01/npjcm-free-energy-surrogate_Re3/Python_Codes/table/snapshots_split/Cu_600K_snap00075.extxyz,Cu,600,Cu__600,-0.0062229727673462,0.000109824709900819,0.006332797477247019,0.006332797477247019
/Users/yti0811/Desktop/FE_data/npj_CM01/NPJ_CM_Fig_Python/Public_Reproducibility_Package_V01/npjcm-free-energy-surrogate_Re3/Python_Codes/table/snapshots_split/Cu_600K_snap00076.extxyz,Cu,600,Cu__600,-0.0066178398900457,0.000109824709900819,0.006727664599946519,0.006727664599946519
/Users/yti0811/Desktop/FE_data/npj_CM01/NPJ_CM_Fig_Python/Public_Reproducibility_Package_V01/npjcm-free-energy-surrogate_Re3/Python_Codes/table/snapshots_split/Cu_600K_snap00077.extxyz,Cu,600,Cu__600,-0.0068198965274873,0.000109824709900819,0.006929721237388119,0.006929721237388119
/Users/yti0811/Desktop/FE_data/npj_CM01/NPJ_CM_Fig_Python/Public_Reproducibility_Package_V01/npjcm-free-energy-surrogate_Re3/Python_Codes/table/snapshots_split/Cu_600K_snap00078.extxyz,Cu,600,Cu__600,-0.0064116719663153,0.000109824709900819,0.0065214966762161194,0.0065214966762161194
/Users/yti0811/Desktop/FE_data/npj_CM01/NPJ_CM_Fig_Python/Public_Reproducibility_Package_V01/npjcm-free-energy-surrogate_Re3/Python_Codes/table/snapshots_split/Cu_600K_snap00079.extxyz,Cu,600,Cu__600,-0.0061396558388419,0.000109824709900819,0.00624948054874272,0.00624948054874272
/Users/yti0811/Desktop/FE_data/npj_CM01/NPJ_CM_Fig_Python/Public_Reproducibility_Package_V01/npjcm-free-energy-surrogate_Re3/Python_Codes/table/snapshots_split/Cu_600K_snap00080.extxyz,Cu,600,Cu__600,-0.0064194524231554,0.000109824709900819,0.006529277133056219,0.006529277133056219
/Users/yti0811/Desktop/FE_data/npj_CM01/NPJ_CM_Fig_Python/Public_Reproducibility_Package_V01/npjcm-free-energy-surrogate_Re3/Python_Codes/table/snapshots_split/Cu_600K_snap00081.extxyz,Cu,600,Cu__600,-0.0067162935096501,0.000109824709900819,0.006826118219550919,0.006826118219550919
/Users/yti0811/Desktop/FE_data/npj_CM01/NPJ_CM_Fig_Python/Public_Reproducibility_Package_V01/npjcm-free-energy-surrogate_Re3/Python_Codes/table/snapshots_split/Cu_600K_snap00082.extxyz,Cu,600,Cu__600,-0.0067659129986122,0.000109824709900819,0.006875737708513019,0.006875737708513019
/Users/yti0811/Desktop/FE_data/npj_CM01/NPJ_CM_Fig_Python/Public_Reproducibility_Package_V01/npjcm-free-energy-surrogate_Re3/Python_Codes/table/snapshots_split/Cu_600K_snap00083.extxyz,Cu,600,Cu__600,-0.0064131224933764,0.000109824709900819,0.006522947203277219,0.006522947203277219
/Users/yti0811/Desktop/FE_data/npj_CM01/NPJ_CM_Fig_Python/Public_Reproducibility_Package_V01/npjcm-free-energy-surrogate_Re3/Python_Codes/table/snapshots_split/Cu_600K_snap00084.extxyz,Cu,600,Cu__600,-0.0066050069586712,0.000109824709900819,0.006714831668572019,0.006714831668572019
/Users/yti0811/Desktop/FE_data/npj_CM01/NPJ_CM_Fig_Python/Public_Reproducibility_Package_V01/npjcm-free-energy-surrogate_Re3/Python_Codes/table/snapshots_split/Cu_600K_snap00085.extxyz,Cu,600,Cu__600,-0.0066989135488108,0.000109824709900819,0.006808738258711619,0.006808738258711619
/Users/yti0811/Desktop/FE_data/npj_CM01/NPJ_CM_Fig_Python/Public_Reproducibility_Package_V01/npjcm-free-energy-surrogate_Re3/Python_Codes/table/snapshots_split/Cu_600K_snap00086.extxyz,Cu,600,Cu__600,-0.0067037565231941,0.000109824709900819,0.006813581233094919,0.006813581233094919
/Users/yti0811/Desktop/FE_data/npj_CM01/NPJ_CM_Fig_Python/Public_Reproducibility_Package_V01/npjcm-free-energy-surrogate_Re3/Python_Codes/table/snapshots_split/Cu_600K_snap00087.extxyz,Cu,600,Cu__600,-0.0065082203526313,0.000109824709900819,0.00661804506253212,0.00661804506253212
/Users/yti0811/Desktop/FE_data/npj_CM01/NPJ_CM_Fig_Python/Public_Reproducibility_Package_V01/npjcm-free-energy-surrogate_Re3/Python_Codes/table/snapshots_split/Cu_600K_snap00088.extxyz,Cu,600,Cu__600,-0.0069859173695386,0.000109824709900819,0.007095742079439419,0.007095742079439419
/Users/yti0811/Desktop/FE_data/npj_CM01/NPJ_CM_Fig_Python/Public_Reproducibility_Package_V01/npjcm-free-energy-surrogate_Re3/Python_Codes/table/snapshots_split/Cu_600K_snap00089.extxyz,Cu,600,Cu__600,-0.0067112011159643,0.000109824709900819,0.006821025825865119,0.006821025825865119
/Users/yti0811/Desktop/FE_data/npj_CM01/NPJ_CM_Fig_Python/Public_Reproducibility_Package_V01/npjcm-free-energy-surrogate_Re3/Python_Codes/table/snapshots_split/Cu_600K_snap00090.extxyz,Cu,600,Cu__600,-0.0069094867640159,0.000109824709900819,0.0070193114739167195,0.0070193114739167195
/Users/yti0811/Desktop/FE_data/npj_CM01/NPJ_CM_Fig_Python/Public_Reproducibility_Package_V01/npjcm-free-energy-surrogate_Re3/Python_Codes/table/snapshots_split/Cu_600K_snap00091.extxyz,Cu,600,Cu__600,-0.0069262075673942,0.000109824709900819,0.00703603227729502,0.00703603227729502
/Users/yti0811/Desktop/FE_data/npj_CM01/NPJ_CM_Fig_Python/Public_Reproducibility_Package_V01/npjcm-free-energy-surrogate_Re3/Python_Codes/table/snapshots_split/Cu_600K_snap00092.extxyz,Cu,600,Cu__600,-0.0066688028601417,0.000109824709900819,0.006778627570042519,0.006778627570042519
/Users/yti0811/Desktop/FE_data/npj_CM01/NPJ_CM_Fig_Python/Public_Reproducibility_Package_V01/npjcm-free-energy-surrogate_Re3/Python_Codes/table/snapshots_split/Cu_600K_snap00093.extxyz,Cu,600,Cu__600,-0.006161702472556,0.000109824709900819,0.0062715271824568194,0.0062715271824568194
/Users/yti0811/Desktop/FE_data/npj_CM01/NPJ_CM_Fig_Python/Public_Reproducibility_Package_V01/npjcm-free-energy-surrogate_Re3/Python_Codes/table/snapshots_split/Cu_600K_snap00094.extxyz,Cu,600,Cu__600,-0.0066574256283699,0.000109824709900819,0.006767250338270719,0.006767250338270719
/Users/yti0811/Desktop/FE_data/npj_CM01/NPJ_CM_Fig_Python/Public_Reproducibility_Package_V01/npjcm-free-energy-surrogate_Re3/Python_Codes/table/snapshots_split/Cu_600K_snap00095.extxyz,Cu,600,Cu__600,-0.0069755101017822,0.000109824709900819,0.007085334811683019,0.007085334811683019
/Users/yti0811/Desktop/FE_data/npj_CM01/NPJ_CM_Fig_Python/Public_Reproducibility_Package_V01/npjcm-free-energy-surrogate_Re3/Python_Codes/table/snapshots_split/Cu_600K_snap00096.extxyz,Cu,600,Cu__600,-0.0064327369261797,0.000109824709900819,0.0065425616360805195,0.0065425616360805195
/Users/yti0811/Desktop/FE_data/npj_CM01/NPJ_CM_Fig_Python/Public_Reproducibility_Package_V01/npjcm-free-energy-surrogate_Re3/Python_Codes/table/snapshots_split/Cu_600K_snap00097.extxyz,Cu,600,Cu__600,-0.0071418412930323,0.000109824709900819,0.007251666002933119,0.007251666002933119
/Users/yti0811/Desktop/FE_data/npj_CM01/NPJ_CM_Fig_Python/Public_Reproducibility_Package_V01/npjcm-free-energy-surrogate_Re3/Python_Codes/table/snapshots_split/Cu_600K_snap00098.extxyz,Cu,600,Cu__600,-0.0065570852426993,0.000109824709900819,0.006666909952600119,0.006666909952600119
/Users/yti0811/Desktop/FE_data/npj_CM01/NPJ_CM_Fig_Python/Public_Reproducibility_Package_V01/npjcm-free-energy-surrogate_Re3/Python_Codes/table/snapshots_split/Cu_600K_snap00099.extxyz,Cu,600,Cu__600,-0.0067940284774165,0.000109824709900819,0.006903853187317319,0.006903853187317319
/Users/yti0811/Desktop/FE_data/npj_CM01/NPJ_CM_Fig_Python/Public_Reproducibility_Package_V01/npjcm-free-energy-surrogate_Re3/Python_Codes/table/snapshots_split/Cu_700K_snap00000.extxyz,Cu,700,Cu__700,-0.0075896952242062,0.000109824709900819,0.007699519934107019,0.007699519934107019
/Users/yti0811/Desktop/FE_data/npj_CM01/NPJ_CM_Fig_Python/Public_Reproducibility_Package_V01/npjcm-free-energy-surrogate_Re3/Python_Codes/table/snapshots_split/Cu_700K_snap00001.extxyz,Cu,700,Cu__700,-0.0071307940370622,0.000109824709900819,0.007240618746963019,0.007240618746963019
/Users/yti0811/Desktop/FE_data/npj_CM01/NPJ_CM_Fig_Python/Public_Reproducibility_Package_V01/npjcm-free-energy-surrogate_Re3/Python_Codes/table/snapshots_split/Cu_700K_snap00002.extxyz,Cu,700,Cu__700,-0.0069147167725314,0.000109824709900819,0.00702454148243222,0.00702454148243222
/Users/yti0811/Desktop/FE_data/npj_CM01/NPJ_CM_Fig_Python/Public_Reproducibility_Package_V01/npjcm-free-energy-surrogate_Re3/Python_Codes/table/snapshots_split/Cu_700K_snap00003.extxyz,Cu,700,Cu__700,-0.0070165193015008,0.000109824709900819,0.007126344011401619,0.007126344011401619
/Users/yti0811/Desktop/FE_data/npj_CM01/NPJ_CM_Fig_Python/Public_Reproducibility_Package_V01/npjcm-free-energy-surrogate_Re3/Python_Codes/table/snapshots_split/Cu_700K_snap00004.extxyz,Cu,700,Cu__700,-0.007613877443753,0.000109824709900819,0.0077237021536538195,0.0077237021536538195
/Users/yti0811/Desktop/FE_data/npj_CM01/NPJ_CM_Fig_Python/Public_Reproducibility_Package_V01/npjcm-free-energy-surrogate_Re3/Python_Codes/table/snapshots_split/Cu_700K_snap00005.extxyz,Cu,700,Cu__700,-0.0071451703599769,0.000109824709900819,0.007254995069877719,0.007254995069877719
/Users/yti0811/Desktop/FE_data/npj_CM01/NPJ_CM_Fig_Python/Public_Reproducibility_Package_V01/npjcm-free-energy-surrogate_Re3/Python_Codes/table/snapshots_split/Cu_700K_snap00006.extxyz,Cu,700,Cu__700,-0.0071232945600463,0.000109824709900819,0.007233119269947119,0.007233119269947119
/Users/yti0811/Desktop/FE_data/npj_CM01/NPJ_CM_Fig_Python/Public_Reproducibility_Package_V01/npjcm-free-energy-surrogate_Re3/Python_Codes/table/snapshots_split/Cu_700K_snap00007.extxyz,Cu,700,Cu__700,-0.0073058062945776,0.000109824709900819,0.007415631004478419,0.007415631004478419
/Users/yti0811/Desktop/FE_data/npj_CM01/NPJ_CM_Fig_Python/Public_Reproducibility_Package_V01/npjcm-free-energy-surrogate_Re3/Python_Codes/table/snapshots_split/Cu_700K_snap00008.extxyz,Cu,700,Cu__700,-0.0072754699593573,0.000109824709900819,0.007385294669258119,0.007385294669258119
/Users/yti0811/Desktop/FE_data/npj_CM01/NPJ_CM_Fig_Python/Public_Reproducibility_Package_V01/npjcm-free-energy-surrogate_Re3/Python_Codes/table/snapshots_split/Cu_700K_snap00009.extxyz,Cu,700,Cu__700,-0.0077921637292581,0.000109824709900819,0.007901988439158918,0.007901988439158918
/Users/yti0811/Desktop/FE_data/npj_CM01/NPJ_CM_Fig_Python/Public_Reproducibility_Package_V01/npjcm-free-energy-surrogate_Re3/Python_Codes/table/snapshots_split/Cu_700K_snap00010.extxyz,Cu,700,Cu__700,-0.0076123397007441,0.000109824709900819,0.007722164410644919,0.007722164410644919
/Users/yti0811/Desktop/FE_data/npj_CM01/NPJ_CM_Fig_Python/Public_Reproducibility_Package_V01/npjcm-free-energy-surrogate_Re3/Python_Codes/table/snapshots_split/Cu_700K_snap00011.extxyz,Cu,700,Cu__700,-0.0074877517154867,0.000109824709900819,0.0075975764253875195,0.0075975764253875195
/Users/yti0811/Desktop/FE_data/npj_CM01/NPJ_CM_Fig_Python/Public_Reproducibility_Package_V01/npjcm-free-energy-surrogate_Re3/Python_Codes/table/snapshots_split/Cu_700K_snap00012.extxyz,Cu,700,Cu__700,-0.0072528634142765,0.000109824709900819,0.0073626881241773195,0.0073626881241773195
/Users/yti0811/Desktop/FE_data/npj_CM01/NPJ_CM_Fig_Python/Public_Reproducibility_Package_V01/npjcm-free-energy-surrogate_Re3/Python_Codes/table/snapshots_split/Cu_700K_snap00013.extxyz,Cu,700,Cu__700,-0.0077899116444426,0.000109824709900819,0.007899736354343418,0.007899736354343418
/Users/yti0811/Desktop/FE_data/npj_CM01/NPJ_CM_Fig_Python/Public_Reproducibility_Package_V01/npjcm-free-energy-surrogate_Re3/Python_Codes/table/snapshots_split/Cu_700K_snap00014.extxyz,Cu,700,Cu__700,-0.0074935790715591,0.000109824709900819,0.007603403781459919,0.007603403781459919
/Users/yti0811/Desktop/FE_data/npj_CM01/NPJ_CM_Fig_Python/Public_Reproducibility_Package_V01/npjcm-free-energy-surrogate_Re3/Python_Codes/table/snapshots_split/Cu_700K_snap00015.extxyz,Cu,700,Cu__700,-0.0070921601755029,0.000109824709900819,0.007201984885403719,0.007201984885403719
/Users/yti0811/Desktop/FE_data/npj_CM01/NPJ_CM_Fig_Python/Public_Reproducibility_Package_V01/npjcm-free-energy-surrogate_Re3/Python_Codes/table/snapshots_split/Cu_700K_snap00016.extxyz,Cu,700,Cu__700,-0.0067800890621001,0.000109824709900819,0.006889913772000919,0.006889913772000919
/Users/yti0811/Desktop/FE_data/npj_CM01/NPJ_CM_Fig_Python/Public_Reproducibility_Package_V01/npjcm-free-energy-surrogate_Re3/Python_Codes/table/snapshots_split/Cu_700K_snap00017.extxyz,Cu,700,Cu__700,-0.0077398800713031,0.000109824709900819,0.007849704781203918,0.007849704781203918
/Users/yti0811/Desktop/FE_data/npj_CM01/NPJ_CM_Fig_Python/Public_Reproducibility_Package_V01/npjcm-free-energy-surrogate_Re3/Python_Codes/table/snapshots_split/Cu_700K_snap00018.extxyz,Cu,700,Cu__700,-0.0073112546358278,0.000109824709900819,0.007421079345728619,0.007421079345728619
/Users/yti0811/Desktop/FE_data/npj_CM01/NPJ_CM_Fig_Python/Public_Reproducibility_Package_V01/npjcm-free-energy-surrogate_Re3/Python_Codes/table/snapshots_split/Cu_700K_snap00019.extxyz,Cu,700,Cu__700,-0.0082289888748412,0.000109824709900819,0.00833881358474202,0.00833881358474202
/Users/yti0811/Desktop/FE_data/npj_CM01/NPJ_CM_Fig_Python/Public_Reproducibility_Package_V01/npjcm-free-energy-surrogate_Re3/Python_Codes/table/snapshots_split/Cu_700K_snap00020.extxyz,Cu,700,Cu__700,-0.0073321103679726,0.000109824709900819,0.007441935077873419,0.007441935077873419
/Users/yti0811/Desktop/FE_data/npj_CM01/NPJ_CM_Fig_Python/Public_Reproducibility_Package_V01/npjcm-free-energy-surrogate_Re3/Python_Codes/table/snapshots_split/Cu_700K_snap00021.extxyz,Cu,700,Cu__700,-0.0071353609790756,0.000109824709900819,0.00724518568897642,0.00724518568897642
/Users/yti0811/Desktop/FE_data/npj_CM01/NPJ_CM_Fig_Python/Public_Reproducibility_Package_V01/npjcm-free-energy-surrogate_Re3/Python_Codes/table/snapshots_split/Cu_700K_snap00022.extxyz,Cu,700,Cu__700,-0.0075072088139152,0.000109824709900819,0.007617033523816019,0.007617033523816019
/Users/yti0811/Desktop/FE_data/npj_CM01/NPJ_CM_Fig_Python/Public_Reproducibility_Package_V01/npjcm-free-energy-surrogate_Re3/Python_Codes/table/snapshots_split/Cu_700K_snap00023.extxyz,Cu,700,Cu__700,-0.0071573322307288,0.000109824709900819,0.00726715694062962,0.00726715694062962
/Users/yti0811/Desktop/FE_data/npj_CM01/NPJ_CM_Fig_Python/Public_Reproducibility_Package_V01/npjcm-free-energy-surrogate_Re3/Python_Codes/table/snapshots_split/Cu_700K_snap00024.extxyz,Cu,700,Cu__700,-0.0072645536858113,0.000109824709900819,0.007374378395712119,0.007374378395712119
/Users/yti0811/Desktop/FE_data/npj_CM01/NPJ_CM_Fig_Python/Public_Reproducibility_Package_V01/npjcm-free-energy-surrogate_Re3/Python_Codes/table/snapshots_split/Cu_700K_snap00025.extxyz,Cu,700,Cu__700,-0.0079010795471477,0.000109824709900819,0.008010904257048519,0.008010904257048519
/Users/yti0811/Desktop/FE_data/npj_CM01/NPJ_CM_Fig_Python/Public_Reproducibility_Package_V01/npjcm-free-energy-surrogate_Re3/Python_Codes/table/snapshots_split/Cu_700K_snap00026.extxyz,Cu,700,Cu__700,-0.0073649430069207,0.000109824709900819,0.007474767716821519,0.007474767716821519
/Users/yti0811/Desktop/FE_data/npj_CM01/NPJ_CM_Fig_Python/Public_Reproducibility_Package_V01/npjcm-free-energy-surrogate_Re3/Python_Codes/table/snapshots_split/Cu_700K_snap00027.extxyz,Cu,700,Cu__700,-0.0072668507945776,0.000109824709900819,0.007376675504478419,0.007376675504478419
/Users/yti0811/Desktop/FE_data/npj_CM01/NPJ_CM_Fig_Python/Public_Reproducibility_Package_V01/npjcm-free-energy-surrogate_Re3/Python_Codes/table/snapshots_split/Cu_700K_snap00028.extxyz,Cu,700,Cu__700,-0.0074649644994522,0.000109824709900819,0.0075747892093530195,0.0075747892093530195
/Users/yti0811/Desktop/FE_data/npj_CM01/NPJ_CM_Fig_Python/Public_Reproducibility_Package_V01/npjcm-free-energy-surrogate_Re3/Python_Codes/table/snapshots_split/Cu_700K_snap00029.extxyz,Cu,700,Cu__700,-0.0071159045097151,0.000109824709900819,0.007225729219615919,0.007225729219615919
/Users/yti0811/Desktop/FE_data/npj_CM01/NPJ_CM_Fig_Python/Public_Reproducibility_Package_V01/npjcm-free-energy-surrogate_Re3/Python_Codes/table/snapshots_split/Cu_700K_snap00030.extxyz,Cu,700,Cu__700,-0.0074778013502305,0.000109824709900819,0.007587626060131319,0.007587626060131319
/Users/yti0811/Desktop/FE_data/npj_CM01/NPJ_CM_Fig_Python/Public_Reproducibility_Package_V01/npjcm-free-energy-surrogate_Re3/Python_Codes/table/snapshots_split/Cu_700K_snap00031.extxyz,Cu,700,Cu__700,-0.0077583487036345,0.000109824709900819,0.007868173413535318,0.007868173413535318
/Users/yti0811/Desktop/FE_data/npj_CM01/NPJ_CM_Fig_Python/Public_Reproducibility_Package_V01/npjcm-free-energy-surrogate_Re3/Python_Codes/table/snapshots_split/Cu_700K_snap00032.extxyz,Cu,700,Cu__700,-0.0074367578094787,0.000109824709900819,0.007546582519379519,0.007546582519379519
/Users/yti0811/Desktop/FE_data/npj_CM01/NPJ_CM_Fig_Python/Public_Reproducibility_Package_V01/npjcm-free-energy-surrogate_Re3/Python_Codes/table/snapshots_split/Cu_700K_snap00033.extxyz,Cu,700,Cu__700,-0.0072440738071562,0.000109824709900819,0.007353898517057019,0.007353898517057019
/Users/yti0811/Desktop/FE_data/npj_CM01/NPJ_CM_Fig_Python/Public_Reproducibility_Package_V01/npjcm-free-energy-surrogate_Re3/Python_Codes/table/snapshots_split/Cu_700K_snap00034.extxyz,Cu,700,Cu__700,-0.0072919577591095,0.000109824709900819,0.007401782469010319,0.007401782469010319
/Users/yti0811/Desktop/FE_data/npj_CM01/NPJ_CM_Fig_Python/Public_Reproducibility_Package_V01/npjcm-free-energy-surrogate_Re3/Python_Codes/table/snapshots_split/Cu_700K_snap00035.extxyz,Cu,700,Cu__700,-0.0067199773814363,0.000109824709900819,0.0068298020913371196,0.0068298020913371196
/Users/yti0811/Desktop/FE_data/npj_CM01/NPJ_CM_Fig_Python/Public_Reproducibility_Package_V01/npjcm-free-energy-surrogate_Re3/Python_Codes/table/snapshots_split/Cu_700K_snap00036.extxyz,Cu,700,Cu__700,-0.0073047918401292,0.000109824709900819,0.0074146165500300195,0.0074146165500300195
/Users/yti0811/Desktop/FE_data/npj_CM01/NPJ_CM_Fig_Python/Public_Reproducibility_Package_V01/npjcm-free-energy-surrogate_Re3/Python_Codes/table/snapshots_split/Cu_700K_snap00037.extxyz,Cu,700,Cu__700,-0.0070455728136285,0.000109824709900819,0.007155397523529319,0.007155397523529319
/Users/yti0811/Desktop/FE_data/npj_CM01/NPJ_CM_Fig_Python/Public_Reproducibility_Package_V01/npjcm-free-energy-surrogate_Re3/Python_Codes/table/snapshots_split/Cu_700K_snap00038.extxyz,Cu,700,Cu__700,-0.007572794024387,0.000109824709900819,0.007682618734287819,0.007682618734287819
/Users/yti0811/Desktop/FE_data/npj_CM01/NPJ_CM_Fig_Python/Public_Reproducibility_Package_V01/npjcm-free-energy-surrogate_Re3/Python_Codes/table/snapshots_split/Cu_700K_snap00039.extxyz,Cu,700,Cu__700,-0.0069225958415615,0.000109824709900819,0.0070324205514623195,0.0070324205514623195
/Users/yti0811/Desktop/FE_data/npj_CM01/NPJ_CM_Fig_Python/Public_Reproducibility_Package_V01/npjcm-free-energy-surrogate_Re3/Python_Codes/table/snapshots_split/Cu_700K_snap00040.extxyz,Cu,700,Cu__700,-0.0078737167507785,0.000109824709900819,0.007983541460679318,0.007983541460679318
/Users/yti0811/Desktop/FE_data/npj_CM01/NPJ_CM_Fig_Python/Public_Reproducibility_Package_V01/npjcm-free-energy-surrogate_Re3/Python_Codes/table/snapshots_split/Cu_700K_snap00041.extxyz,Cu,700,Cu__700,-0.0070283253103664,0.000109824709900819,0.0071381500202672196,0.0071381500202672196
/Users/yti0811/Desktop/FE_data/npj_CM01/NPJ_CM_Fig_Python/Public_Reproducibility_Package_V01/npjcm-free-energy-surrogate_Re3/Python_Codes/table/snapshots_split/Cu_700K_snap00042.extxyz,Cu,700,Cu__700,-0.0072388132990386,0.000109824709900819,0.007348638008939419,0.007348638008939419
/Users/yti0811/Desktop/FE_data/npj_CM01/NPJ_CM_Fig_Python/Public_Reproducibility_Package_V01/npjcm-free-energy-surrogate_Re3/Python_Codes/table/snapshots_split/Cu_700K_snap00043.extxyz,Cu,700,Cu__700,-0.007253341467617,0.000109824709900819,0.007363166177517819,0.007363166177517819
/Users/yti0811/Desktop/FE_data/npj_CM01/NPJ_CM_Fig_Python/Public_Reproducibility_Package_V01/npjcm-free-energy-surrogate_Re3/Python_Codes/table/snapshots_split/Cu_700K_snap00044.extxyz,Cu,700,Cu__700,-0.0074079282946793,0.000109824709900819,0.0075177530045801196,0.0075177530045801196
/Users/yti0811/Desktop/FE_data/npj_CM01/NPJ_CM_Fig_Python/Public_Reproducibility_Package_V01/npjcm-free-energy-surrogate_Re3/Python_Codes/table/snapshots_split/Cu_700K_snap00045.extxyz,Cu,700,Cu__700,-0.0072593924271318,0.000109824709900819,0.00736921713703262,0.00736921713703262
/Users/yti0811/Desktop/FE_data/npj_CM01/NPJ_CM_Fig_Python/Public_Reproducibility_Package_V01/npjcm-free-energy-surrogate_Re3/Python_Codes/table/snapshots_split/Cu_700K_snap00046.extxyz,Cu,700,Cu__700,-0.0070030729354704,0.000109824709900819,0.007112897645371219,0.007112897645371219
/Users/yti0811/Desktop/FE_data/npj_CM01/NPJ_CM_Fig_Python/Public_Reproducibility_Package_V01/npjcm-free-energy-surrogate_Re3/Python_Codes/table/snapshots_split/Cu_700K_snap00047.extxyz,Cu,700,Cu__700,-0.0066335814868183,0.000109824709900819,0.006743406196719119,0.006743406196719119
/Users/yti0811/Desktop/FE_data/npj_CM01/NPJ_CM_Fig_Python/Public_Reproducibility_Package_V01/npjcm-free-energy-surrogate_Re3/Python_Codes/table/snapshots_split/Cu_700K_snap00048.extxyz,Cu,700,Cu__700,-0.0072916068591493,0.000109824709900819,0.0074014315690501195,0.0074014315690501195
/Users/yti0811/Desktop/FE_data/npj_CM01/NPJ_CM_Fig_Python/Public_Reproducibility_Package_V01/npjcm-free-energy-surrogate_Re3/Python_Codes/table/snapshots_split/Cu_700K_snap00049.extxyz,Cu,700,Cu__700,-0.0076610178165295,0.000109824709900819,0.0077708425264303195,0.0077708425264303195
/Users/yti0811/Desktop/FE_data/npj_CM01/NPJ_CM_Fig_Python/Public_Reproducibility_Package_V01/npjcm-free-energy-surrogate_Re3/Python_Codes/table/snapshots_split/Cu_700K_snap00050.extxyz,Cu,700,Cu__700,-0.0074053223462928,0.000109824709900819,0.007515147056193619,0.007515147056193619
/Users/yti0811/Desktop/FE_data/npj_CM01/NPJ_CM_Fig_Python/Public_Reproducibility_Package_V01/npjcm-free-energy-surrogate_Re3/Python_Codes/table/snapshots_split/Cu_700K_snap00051.extxyz,Cu,700,Cu__700,-0.0076423114899404,0.000109824709900819,0.007752136199841219,0.007752136199841219
/Users/yti0811/Desktop/FE_data/npj_CM01/NPJ_CM_Fig_Python/Public_Reproducibility_Package_V01/npjcm-free-energy-surrogate_Re3/Python_Codes/table/snapshots_split/Cu_700K_snap00052.extxyz,Cu,700,Cu__700,-0.0077357974939038,0.000109824709900819,0.007845622203804619,0.007845622203804619
/Users/yti0811/Desktop/FE_data/npj_CM01/NPJ_CM_Fig_Python/Public_Reproducibility_Package_V01/npjcm-free-energy-surrogate_Re3/Python_Codes/table/snapshots_split/Cu_700K_snap00053.extxyz,Cu,700,Cu__700,-0.0073143515816858,0.000109824709900819,0.00742417629158662,0.00742417629158662
/Users/yti0811/Desktop/FE_data/npj_CM01/NPJ_CM_Fig_Python/Public_Reproducibility_Package_V01/npjcm-free-energy-surrogate_Re3/Python_Codes/table/snapshots_split/Cu_700K_snap00054.extxyz,Cu,700,Cu__700,-0.0071192217626017,0.000109824709900819,0.007229046472502519,0.007229046472502519
/Users/yti0811/Desktop/FE_data/npj_CM01/NPJ_CM_Fig_Python/Public_Reproducibility_Package_V01/npjcm-free-energy-surrogate_Re3/Python_Codes/table/snapshots_split/Cu_700K_snap00055.extxyz,Cu,700,Cu__700,-0.0071849306198113,0.000109824709900819,0.00729475532971212,0.00729475532971212
/Users/yti0811/Desktop/FE_data/npj_CM01/NPJ_CM_Fig_Python/Public_Reproducibility_Package_V01/npjcm-free-energy-surrogate_Re3/Python_Codes/table/snapshots_split/Cu_700K_snap00056.extxyz,Cu,700,Cu__700,-0.0073951594748023,0.000109824709900819,0.007504984184703119,0.007504984184703119
/Users/yti0811/Desktop/FE_data/npj_CM01/NPJ_CM_Fig_Python/Public_Reproducibility_Package_V01/npjcm-free-energy-surrogate_Re3/Python_Codes/table/snapshots_split/Cu_700K_snap00057.extxyz,Cu,700,Cu__700,-0.0067527222624661,0.000109824709900819,0.006862546972366919,0.006862546972366919
/Users/yti0811/Desktop/FE_data/npj_CM01/NPJ_CM_Fig_Python/Public_Reproducibility_Package_V01/npjcm-free-energy-surrogate_Re3/Python_Codes/table/snapshots_split/Cu_700K_snap00058.extxyz,Cu,700,Cu__700,-0.0073226136660909,0.000109824709900819,0.007432438375991719,0.007432438375991719
/Users/yti0811/Desktop/FE_data/npj_CM01/NPJ_CM_Fig_Python/Public_Reproducibility_Package_V01/npjcm-free-energy-surrogate_Re3/Python_Codes/table/snapshots_split/Cu_700K_snap00059.extxyz,Cu,700,Cu__700,-0.0071951709926019,0.000109824709900819,0.007304995702502719,0.007304995702502719
/Users/yti0811/Desktop/FE_data/npj_CM01/NPJ_CM_Fig_Python/Public_Reproducibility_Package_V01/npjcm-free-energy-surrogate_Re3/Python_Codes/table/snapshots_split/Cu_700K_snap00060.extxyz,Cu,700,Cu__700,-0.0075741495879786,0.000109824709900819,0.00768397429787942,0.00768397429787942
/Users/yti0811/Desktop/FE_data/npj_CM01/NPJ_CM_Fig_Python/Public_Reproducibility_Package_V01/npjcm-free-energy-surrogate_Re3/Python_Codes/table/snapshots_split/Cu_700K_snap00061.extxyz,Cu,700,Cu__700,-0.0075122586722706,0.000109824709900819,0.0076220833821714195,0.0076220833821714195
/Users/yti0811/Desktop/FE_data/npj_CM01/NPJ_CM_Fig_Python/Public_Reproducibility_Package_V01/npjcm-free-energy-surrogate_Re3/Python_Codes/table/snapshots_split/Cu_700K_snap00062.extxyz,Cu,700,Cu__700,-0.006632758777709,0.000109824709900819,0.00674258348760982,0.00674258348760982
/Users/yti0811/Desktop/FE_data/npj_CM01/NPJ_CM_Fig_Python/Public_Reproducibility_Package_V01/npjcm-free-energy-surrogate_Re3/Python_Codes/table/snapshots_split/Cu_700K_snap00063.extxyz,Cu,700,Cu__700,-0.0072362685290412,0.000109824709900819,0.0073460932389420195,0.0073460932389420195
/Users/yti0811/Desktop/FE_data/npj_CM01/NPJ_CM_Fig_Python/Public_Reproducibility_Package_V01/npjcm-free-energy-surrogate_Re3/Python_Codes/table/snapshots_split/Cu_700K_snap00064.extxyz,Cu,700,Cu__700,-0.0074411101233733,0.000109824709900819,0.0075509348332741194,0.0075509348332741194
/Users/yti0811/Desktop/FE_data/npj_CM01/NPJ_CM_Fig_Python/Public_Reproducibility_Package_V01/npjcm-free-energy-surrogate_Re3/Python_Codes/table/snapshots_split/Cu_700K_snap00065.extxyz,Cu,700,Cu__700,-0.0070062016167254,0.000109824709900819,0.007116026326626219,0.007116026326626219
/Users/yti0811/Desktop/FE_data/npj_CM01/NPJ_CM_Fig_Python/Public_Reproducibility_Package_V01/npjcm-free-energy-surrogate_Re3/Python_Codes/table/snapshots_split/Cu_700K_snap00066.extxyz,Cu,700,Cu__700,-0.0069676156371143,0.000109824709900819,0.007077440347015119,0.007077440347015119
/Users/yti0811/Desktop/FE_data/npj_CM01/NPJ_CM_Fig_Python/Public_Reproducibility_Package_V01/npjcm-free-energy-surrogate_Re3/Python_Codes/table/snapshots_split/Cu_700K_snap00067.extxyz,Cu,700,Cu__700,-0.007229107991314,0.000109824709900819,0.007338932701214819,0.007338932701214819
/Users/yti0811/Desktop/FE_data/npj_CM01/NPJ_CM_Fig_Python/Public_Reproducibility_Package_V01/npjcm-free-energy-surrogate_Re3/Python_Codes/table/snapshots_split/Cu_700K_snap00068.extxyz,Cu,700,Cu__700,-0.0064905418368537,0.000109824709900819,0.006600366546754519,0.006600366546754519
/Users/yti0811/Desktop/FE_data/npj_CM01/NPJ_CM_Fig_Python/Public_Reproducibility_Package_V01/npjcm-free-energy-surrogate_Re3/Python_Codes/table/snapshots_split/Cu_700K_snap00069.extxyz,Cu,700,Cu__700,-0.0075616330364314,0.000109824709900819,0.0076714577463322196,0.0076714577463322196
/Users/yti0811/Desktop/FE_data/npj_CM01/NPJ_CM_Fig_Python/Public_Reproducibility_Package_V01/npjcm-free-energy-surrogate_Re3/Python_Codes/table/snapshots_split/Cu_700K_snap00070.extxyz,Cu,700,Cu__700,-0.006858633506978,0.000109824709900819,0.006968458216878819,0.006968458216878819
/Users/yti0811/Desktop/FE_data/npj_CM01/NPJ_CM_Fig_Python/Public_Reproducibility_Package_V01/npjcm-free-energy-surrogate_Re3/Python_Codes/table/snapshots_split/Cu_700K_snap00071.extxyz,Cu,700,Cu__700,-0.007714940291015,0.000109824709900819,0.007824765000915819,0.007824765000915819
/Users/yti0811/Desktop/FE_data/npj_CM01/NPJ_CM_Fig_Python/Public_Reproducibility_Package_V01/npjcm-free-energy-surrogate_Re3/Python_Codes/table/snapshots_split/Cu_700K_snap00072.extxyz,Cu,700,Cu__700,-0.0073906881005874,0.000109824709900819,0.007500512810488219,0.007500512810488219
/Users/yti0811/Desktop/FE_data/npj_CM01/NPJ_CM_Fig_Python/Public_Reproducibility_Package_V01/npjcm-free-energy-surrogate_Re3/Python_Codes/table/snapshots_split/Cu_700K_snap00073.extxyz,Cu,700,Cu__700,-0.0075742180194862,0.000109824709900819,0.007684042729387019,0.007684042729387019
/Users/yti0811/Desktop/FE_data/npj_CM01/NPJ_CM_Fig_Python/Public_Reproducibility_Package_V01/npjcm-free-energy-surrogate_Re3/Python_Codes/table/snapshots_split/Cu_700K_snap00074.extxyz,Cu,700,Cu__700,-0.0070689329490132,0.000109824709900819,0.007178757658914019,0.007178757658914019
/Users/yti0811/Desktop/FE_data/npj_CM01/NPJ_CM_Fig_Python/Public_Reproducibility_Package_V01/npjcm-free-energy-surrogate_Re3/Python_Codes/table/snapshots_split/Cu_700K_snap00075.extxyz,Cu,700,Cu__700,-0.0076338285895516,0.000109824709900819,0.007743653299452419,0.007743653299452419
/Users/yti0811/Desktop/FE_data/npj_CM01/NPJ_CM_Fig_Python/Public_Reproducibility_Package_V01/npjcm-free-energy-surrogate_Re3/Python_Codes/table/snapshots_split/Cu_700K_snap00076.extxyz,Cu,700,Cu__700,-0.0078678716494751,0.000109824709900819,0.007977696359375919,0.007977696359375919
/Users/yti0811/Desktop/FE_data/npj_CM01/NPJ_CM_Fig_Python/Public_Reproducibility_Package_V01/npjcm-free-energy-surrogate_Re3/Python_Codes/table/snapshots_split/Cu_700K_snap00077.extxyz,Cu,700,Cu__700,-0.0068720955100378,0.000109824709900819,0.006981920219938619,0.006981920219938619
/Users/yti0811/Desktop/FE_data/npj_CM01/NPJ_CM_Fig_Python/Public_Reproducibility_Package_V01/npjcm-free-energy-surrogate_Re3/Python_Codes/table/snapshots_split/Cu_700K_snap00078.extxyz,Cu,700,Cu__700,-0.0071399664248488,0.000109824709900819,0.00724979113474962,0.00724979113474962
/Users/yti0811/Desktop/FE_data/npj_CM01/NPJ_CM_Fig_Python/Public_Reproducibility_Package_V01/npjcm-free-energy-surrogate_Re3/Python_Codes/table/snapshots_split/Cu_700K_snap00079.extxyz,Cu,700,Cu__700,-0.0067830318823014,0.000109824709900819,0.006892856592202219,0.006892856592202219
/Users/yti0811/Desktop/FE_data/npj_CM01/NPJ_CM_Fig_Python/Public_Reproducibility_Package_V01/npjcm-free-energy-surrogate_Re3/Python_Codes/table/snapshots_split/Cu_700K_snap00080.extxyz,Cu,700,Cu__700,-0.0072253553817931,0.000109824709900819,0.007335180091693919,0.007335180091693919
/Users/yti0811/Desktop/FE_data/npj_CM01/NPJ_CM_Fig_Python/Public_Reproducibility_Package_V01/npjcm-free-energy-surrogate_Re3/Python_Codes/table/snapshots_split/Cu_700K_snap00081.extxyz,Cu,700,Cu__700,-0.0071488257138086,0.000109824709900819,0.007258650423709419,0.007258650423709419
/Users/yti0811/Desktop/FE_data/npj_CM01/NPJ_CM_Fig_Python/Public_Reproducibility_Package_V01/npjcm-free-energy-surrogate_Re3/Python_Codes/table/snapshots_split/Cu_700K_snap00082.extxyz,Cu,700,Cu__700,-0.0076900860431557,0.000109824709900819,0.007799910753056519,0.007799910753056519
/Users/yti0811/Desktop/FE_data/npj_CM01/NPJ_CM_Fig_Python/Public_Reproducibility_Package_V01/npjcm-free-energy-surrogate_Re3/Python_Codes/table/snapshots_split/Cu_700K_snap00083.extxyz,Cu,700,Cu__700,-0.0076225349775038,0.000109824709900819,0.00773235968740462,0.00773235968740462
/Users/yti0811/Desktop/FE_data/npj_CM01/NPJ_CM_Fig_Python/Public_Reproducibility_Package_V01/npjcm-free-energy-surrogate_Re3/Python_Codes/table/snapshots_split/Cu_700K_snap00084.extxyz,Cu,700,Cu__700,-0.0072642264061755,0.000109824709900819,0.007374051116076319,0.007374051116076319
/Users/yti0811/Desktop/FE_data/npj_CM01/NPJ_CM_Fig_Python/Public_Reproducibility_Package_V01/npjcm-free-energy-surrogate_Re3/Python_Codes/table/snapshots_split/Cu_700K_snap00085.extxyz,Cu,700,Cu__700,-0.0069428163308018,0.000109824709900819,0.007052641040702619,0.007052641040702619
/Users/yti0811/Desktop/FE_data/npj_CM01/NPJ_CM_Fig_Python/Public_Reproducibility_Package_V01/npjcm-free-energy-surrogate_Re3/Python_Codes/table/snapshots_split/Cu_700K_snap00086.extxyz,Cu,700,Cu__700,-0.0070747646251214,0.000109824709900819,0.007184589335022219,0.007184589335022219
/Users/yti0811/Desktop/FE_data/npj_CM01/NPJ_CM_Fig_Python/Public_Reproducibility_Package_V01/npjcm-free-energy-surrogate_Re3/Python_Codes/table/snapshots_split/Cu_700K_snap00087.extxyz,Cu,700,Cu__700,-0.0068190679395836,0.000109824709900819,0.006928892649484419,0.006928892649484419
/Users/yti0811/Desktop/FE_data/npj_CM01/NPJ_CM_Fig_Python/Public_Reproducibility_Package_V01/npjcm-free-energy-surrogate_Re3/Python_Codes/table/snapshots_split/Cu_700K_snap00088.extxyz,Cu,700,Cu__700,-0.0076006075610821,0.000109824709900819,0.007710432270982919,0.007710432270982919
/Users/yti0811/Desktop/FE_data/npj_CM01/NPJ_CM_Fig_Python/Public_Reproducibility_Package_V01/npjcm-free-energy-surrogate_Re3/Python_Codes/table/snapshots_split/Cu_700K_snap00089.extxyz,Cu,700,Cu__700,-0.0067584818124901,0.000109824709900819,0.006868306522390919,0.006868306522390919
/Users/yti0811/Desktop/FE_data/npj_CM01/NPJ_CM_Fig_Python/Public_Reproducibility_Package_V01/npjcm-free-energy-surrogate_Re3/Python_Codes/table/snapshots_split/Cu_700K_snap00090.extxyz,Cu,700,Cu__700,-0.0069943246862627,0.000109824709900819,0.007104149396163519,0.007104149396163519
/Users/yti0811/Desktop/FE_data/npj_CM01/NPJ_CM_Fig_Python/Public_Reproducibility_Package_V01/npjcm-free-energy-surrogate_Re3/Python_Codes/table/snapshots_split/Cu_700K_snap00091.extxyz,Cu,700,Cu__700,-0.0073636148835596,0.000109824709900819,0.007473439593460419,0.007473439593460419
/Users/yti0811/Desktop/FE_data/npj_CM01/NPJ_CM_Fig_Python/Public_Reproducibility_Package_V01/npjcm-free-energy-surrogate_Re3/Python_Codes/table/snapshots_split/Cu_700K_snap00092.extxyz,Cu,700,Cu__700,-0.0075457933259788,0.000109824709900819,0.007655618035879619,0.007655618035879619
/Users/yti0811/Desktop/FE_data/npj_CM01/NPJ_CM_Fig_Python/Public_Reproducibility_Package_V01/npjcm-free-energy-surrogate_Re3/Python_Codes/table/snapshots_split/Cu_700K_snap00093.extxyz,Cu,700,Cu__700,-0.0073521678704746,0.000109824709900819,0.007461992580375419,0.007461992580375419
/Users/yti0811/Desktop/FE_data/npj_CM01/NPJ_CM_Fig_Python/Public_Reproducibility_Package_V01/npjcm-free-energy-surrogate_Re3/Python_Codes/table/snapshots_split/Cu_700K_snap00094.extxyz,Cu,700,Cu__700,-0.0075165343367207,0.000109824709900819,0.007626359046621519,0.007626359046621519
/Users/yti0811/Desktop/FE_data/npj_CM01/NPJ_CM_Fig_Python/Public_Reproducibility_Package_V01/npjcm-free-energy-surrogate_Re3/Python_Codes/table/snapshots_split/Cu_700K_snap00095.extxyz,Cu,700,Cu__700,-0.0071526122486671,0.000109824709900819,0.007262436958567919,0.007262436958567919
/Users/yti0811/Desktop/FE_data/npj_CM01/NPJ_CM_Fig_Python/Public_Reproducibility_Package_V01/npjcm-free-energy-surrogate_Re3/Python_Codes/table/snapshots_split/Cu_700K_snap00096.extxyz,Cu,700,Cu__700,-0.006851257414133,0.000109824709900819,0.006961082124033819,0.006961082124033819
/Users/yti0811/Desktop/FE_data/npj_CM01/NPJ_CM_Fig_Python/Public_Reproducibility_Package_V01/npjcm-free-energy-surrogate_Re3/Python_Codes/table/snapshots_split/Cu_700K_snap00097.extxyz,Cu,700,Cu__700,-0.0075772884384448,0.000109824709900819,0.007687113148345619,0.007687113148345619
/Users/yti0811/Desktop/FE_data/npj_CM01/NPJ_CM_Fig_Python/Public_Reproducibility_Package_V01/npjcm-free-energy-surrogate_Re3/Python_Codes/table/snapshots_split/Cu_700K_snap00098.extxyz,Cu,700,Cu__700,-0.0076589562813873,0.000109824709900819,0.00776878099128812,0.00776878099128812
/Users/yti0811/Desktop/FE_data/npj_CM01/NPJ_CM_Fig_Python/Public_Reproducibility_Package_V01/npjcm-free-energy-surrogate_Re3/Python_Codes/table/snapshots_split/Cu_700K_snap00099.extxyz,Cu,700,Cu__700,-0.0072247072146252,0.000109824709900819,0.007334531924526019,0.007334531924526019
