snapshot_path,system,temperature,group,target,prediction,error,abs_error,fold
/Users/yti0811/Desktop/FE_data/npj_CM01/NPJ_CM_Fig_Python/Public_Reproducibility_Package_V01/npjcm-free-energy-surrogate_Re3/Python_Codes/table/snapshots_split/alpha-TiAl_300K_snap00000.extxyz,alpha-TiAl,300,alpha-TiAl__300,-0.0004166660413323,-0.0017218036754373797,-0.0013051376341050797,0.0013051376341050797,0
/Users/yti0811/Desktop/FE_data/npj_CM01/NPJ_CM_Fig_Python/Public_Reproducibility_Package_V01/npjcm-free-energy-surrogate_Re3/Python_Codes/table/snapshots_split/alpha-TiAl_300K_snap00001.extxyz,alpha-TiAl,300,alpha-TiAl__300,9.961658588360146e-05,-0.0017663410333797493,-0.0018659576192633508,0.0018659576192633508,0
/Users/yti0811/Desktop/FE_data/npj_CM01/NPJ_CM_Fig_Python/Public_Reproducibility_Package_V01/npjcm-free-energy-surrogate_Re3/Python_Codes/table/snapshots_split/alpha-TiAl_300K_snap00002.extxyz,alpha-TiAl,300,alpha-TiAl__300,5.96743077861822e-05,-0.0016081734742944497,-0.0016678477820806319,0.0016678477820806319,0
/Users/yti0811/Desktop/FE_data/npj_CM01/NPJ_CM_Fig_Python/Public_Reproducibility_Package_V01/npjcm-free-energy-surrogate_Re3/Python_Codes/table/snapshots_split/alpha-TiAl_300K_snap00003.extxyz,alpha-TiAl,300,alpha-TiAl__300,-0.000346255209275,-0.0017315090948474459,-0.0013852538855724458,0.0013852538855724458,0
/Users/yti0811/Desktop/FE_data/npj_CM01/NPJ_CM_Fig_Python/Public_Reproducibility_Package_V01/npjcm-free-energy-surrogate_Re3/Python_Codes/table/snapshots_split/alpha-TiAl_300K_snap00004.extxyz,alpha-TiAl,300,alpha-TiAl__300,-5.751213234685028e-05,-0.0018470455087317064,-0.001789533376384856,0.001789533376384856,0
/Users/yti0811/Desktop/FE_data/npj_CM01/NPJ_CM_Fig_Python/Public_Reproducibility_Package_V01/npjcm-free-energy-surrogate_Re3/Python_Codes/table/snapshots_split/alpha-TiAl_300K_snap00005.extxyz,alpha-TiAl,300,alpha-TiAl__300,7.288008400006926e-05,-0.0017106691216793972,-0.0017835492056794665,0.0017835492056794665,0
/Users/yti0811/Desktop/FE_data/npj_CM01/NPJ_CM_Fig_Python/Public_Reproducibility_Package_V01/npjcm-free-energy-surrogate_Re3/Python_Codes/table/snapshots_split/alpha-TiAl_300K_snap00006.extxyz,alpha-TiAl,300,alpha-TiAl__300,3.860960091493891e-05,-0.0016626180096643197,-0.0017012276105792586,0.0017012276105792586,0
/Users/yti0811/Desktop/FE_data/npj_CM01/NPJ_CM_Fig_Python/Public_Reproducibility_Package_V01/npjcm-free-energy-surrogate_Re3/Python_Codes/table/snapshots_split/alpha-TiAl_300K_snap00007.extxyz,alpha-TiAl,300,alpha-TiAl__300,0.0001245022827272,-0.00171959668843921,-0.00184409897116641,0.00184409897116641,0
/Users/yti0811/Desktop/FE_data/npj_CM01/NPJ_CM_Fig_Python/Public_Reproducibility_Package_V01/npjcm-free-energy-surrogate_Re3/Python_Codes/table/snapshots_split/alpha-TiAl_300K_snap00008.extxyz,alpha-TiAl,300,alpha-TiAl__300,7.900829039210146e-05,-0.0016286194524720173,-0.0017076277428641187,0.0017076277428641187,0
/Users/yti0811/Desktop/FE_data/npj_CM01/NPJ_CM_Fig_Python/Public_Reproducibility_Package_V01/npjcm-free-energy-surrogate_Re3/Python_Codes/table/snapshots_split/alpha-TiAl_300K_snap00009.extxyz,alpha-TiAl,300,alpha-TiAl__300,0.0002218276714088,-0.0018031540568895351,-0.002024981728298335,0.002024981728298335,0
/Users/yti0811/Desktop/FE_data/npj_CM01/NPJ_CM_Fig_Python/Public_Reproducibility_Package_V01/npjcm-free-energy-surrogate_Re3/Python_Codes/table/snapshots_split/alpha-TiAl_300K_snap00010.extxyz,alpha-TiAl,300,alpha-TiAl__300,-0.0001255620793281,-0.0017557764095138349,-0.001630214330185735,0.001630214330185735,0
/Users/yti0811/Desktop/FE_data/npj_CM01/NPJ_CM_Fig_Python/Public_Reproducibility_Package_V01/npjcm-free-energy-surrogate_Re3/Python_Codes/table/snapshots_split/alpha-TiAl_300K_snap00011.extxyz,alpha-TiAl,300,alpha-TiAl__300,2.1827933366230597e-06,-0.0016962920846359984,-0.0016984748779726214,0.0016984748779726214,0
/Users/yti0811/Desktop/FE_data/npj_CM01/NPJ_CM_Fig_Python/Public_Reproducibility_Package_V01/npjcm-free-energy-surrogate_Re3/Python_Codes/table/snapshots_split/alpha-TiAl_300K_snap00012.extxyz,alpha-TiAl,300,alpha-TiAl__300,-0.0002297512203886,-0.0015526683392446013,-0.0013229171188560013,0.0013229171188560013,0
/Users/yti0811/Desktop/FE_data/npj_CM01/NPJ_CM_Fig_Python/Public_Reproducibility_Package_V01/npjcm-free-energy-surrogate_Re3/Python_Codes/table/snapshots_split/alpha-TiAl_300K_snap00013.extxyz,alpha-TiAl,300,alpha-TiAl__300,-3.381435128137102e-05,-0.0017506903702458622,-0.0017168760189644912,0.0017168760189644912,0
/Users/yti0811/Desktop/FE_data/npj_CM01/NPJ_CM_Fig_Python/Public_Reproducibility_Package_V01/npjcm-free-energy-surrogate_Re3/Python_Codes/table/snapshots_split/alpha-TiAl_300K_snap00014.extxyz,alpha-TiAl,300,alpha-TiAl__300,5.2492563017523795e-05,-0.001929091057188657,-0.001981583620206181,0.001981583620206181,0
/Users/yti0811/Desktop/FE_data/npj_CM01/NPJ_CM_Fig_Python/Public_Reproducibility_Package_V01/npjcm-free-energy-surrogate_Re3/Python_Codes/table/snapshots_split/alpha-TiAl_300K_snap00015.extxyz,alpha-TiAl,300,alpha-TiAl__300,-9.92413837958134e-05,-0.001801069417685219,-0.0017018280338894057,0.0017018280338894057,0
/Users/yti0811/Desktop/FE_data/npj_CM01/NPJ_CM_Fig_Python/Public_Reproducibility_Package_V01/npjcm-free-energy-surrogate_Re3/Python_Codes/table/snapshots_split/alpha-TiAl_300K_snap00016.extxyz,alpha-TiAl,300,alpha-TiAl__300,1.568095894320774e-05,-0.0018111119289717361,-0.0018267928879149439,0.0018267928879149439,0
/Users/yti0811/Desktop/FE_data/npj_CM01/NPJ_CM_Fig_Python/Public_Reproducibility_Package_V01/npjcm-free-energy-surrogate_Re3/Python_Codes/table/snapshots_split/alpha-TiAl_300K_snap00017.extxyz,alpha-TiAl,300,alpha-TiAl__300,-0.0001346247252347,-0.0017180516705122698,-0.0015834269452775697,0.0015834269452775697,0
/Users/yti0811/Desktop/FE_data/npj_CM01/NPJ_CM_Fig_Python/Public_Reproducibility_Package_V01/npjcm-free-energy-surrogate_Re3/Python_Codes/table/snapshots_split/alpha-TiAl_300K_snap00018.extxyz,alpha-TiAl,300,alpha-TiAl__300,-0.0001028151899215,-0.0018364247841567123,-0.0017336095942352124,0.0017336095942352124,0
/Users/yti0811/Desktop/FE_data/npj_CM01/NPJ_CM_Fig_Python/Public_Reproducibility_Package_V01/npjcm-free-energy-surrogate_Re3/Python_Codes/table/snapshots_split/alpha-TiAl_300K_snap00019.extxyz,alpha-TiAl,300,alpha-TiAl__300,-0.0001378544946226,-0.0015783155335500334,-0.0014404610389274334,0.0014404610389274334,0
/Users/yti0811/Desktop/FE_data/npj_CM01/NPJ_CM_Fig_Python/Public_Reproducibility_Package_V01/npjcm-free-energy-surrogate_Re3/Python_Codes/table/snapshots_split/alpha-TiAl_300K_snap00020.extxyz,alpha-TiAl,300,alpha-TiAl__300,-1.5659589058926742e-05,-0.001710383915566201,-0.0016947243265072742,0.0016947243265072742,0
/Users/yti0811/Desktop/FE_data/npj_CM01/NPJ_CM_Fig_Python/Public_Reproducibility_Package_V01/npjcm-free-energy-surrogate_Re3/Python_Codes/table/snapshots_split/alpha-TiAl_300K_snap00021.extxyz,alpha-TiAl,300,alpha-TiAl__300,-0.0002417644391745,-0.0017191082762539832,-0.0014773438370794833,0.0014773438370794833,0
/Users/yti0811/Desktop/FE_data/npj_CM01/NPJ_CM_Fig_Python/Public_Reproducibility_Package_V01/npjcm-free-energy-surrogate_Re3/Python_Codes/table/snapshots_split/alpha-TiAl_300K_snap00022.extxyz,alpha-TiAl,300,alpha-TiAl__300,-4.195285107634507e-05,-0.0016853548406426735,-0.0016434019895663285,0.0016434019895663285,0
/Users/yti0811/Desktop/FE_data/npj_CM01/NPJ_CM_Fig_Python/Public_Reproducibility_Package_V01/npjcm-free-energy-surrogate_Re3/Python_Codes/table/snapshots_split/alpha-TiAl_300K_snap00023.extxyz,alpha-TiAl,300,alpha-TiAl__300,-0.0001798856375701,-0.0016731864677177518,-0.0014933008301476517,0.0014933008301476517,0
/Users/yti0811/Desktop/FE_data/npj_CM01/NPJ_CM_Fig_Python/Public_Reproducibility_Package_V01/npjcm-free-energy-surrogate_Re3/Python_Codes/table/snapshots_split/alpha-TiAl_300K_snap00024.extxyz,alpha-TiAl,300,alpha-TiAl__300,9.974558300940149e-05,-0.0017428300404592682,-0.0018425756234686696,0.0018425756234686696,0
/Users/yti0811/Desktop/FE_data/npj_CM01/NPJ_CM_Fig_Python/Public_Reproducibility_Package_V01/npjcm-free-energy-surrogate_Re3/Python_Codes/table/snapshots_split/alpha-TiAl_300K_snap00025.extxyz,alpha-TiAl,300,alpha-TiAl__300,-0.0001323183727524,-0.0019424614959822873,-0.0018101431232298874,0.0018101431232298874,0
/Users/yti0811/Desktop/FE_data/npj_CM01/NPJ_CM_Fig_Python/Public_Reproducibility_Package_V01/npjcm-free-energy-surrogate_Re3/Python_Codes/table/snapshots_split/alpha-TiAl_300K_snap00026.extxyz,alpha-TiAl,300,alpha-TiAl__300,-0.0001487864330918,-0.0018933424073768776,-0.0017445559742850776,0.0017445559742850776,0
/Users/yti0811/Desktop/FE_data/npj_CM01/NPJ_CM_Fig_Python/Public_Reproducibility_Package_V01/npjcm-free-energy-surrogate_Re3/Python_Codes/table/snapshots_split/alpha-TiAl_300K_snap00027.extxyz,alpha-TiAl,300,alpha-TiAl__300,9.543430160110148e-05,-0.0018011568698957769,-0.0018965911714968783,0.0018965911714968783,0
/Users/yti0811/Desktop/FE_data/npj_CM01/NPJ_CM_Fig_Python/Public_Reproducibility_Package_V01/npjcm-free-energy-surrogate_Re3/Python_Codes/table/snapshots_split/alpha-TiAl_300K_snap00028.extxyz,alpha-TiAl,300,alpha-TiAl__300,-0.0001455517819777,-0.001933650739178454,-0.001788098957200754,0.001788098957200754,0
/Users/yti0811/Desktop/FE_data/npj_CM01/NPJ_CM_Fig_Python/Public_Reproducibility_Package_V01/npjcm-free-energy-surrogate_Re3/Python_Codes/table/snapshots_split/alpha-TiAl_300K_snap00029.extxyz,alpha-TiAl,300,alpha-TiAl__300,6.841789410892406e-06,-0.0018405847266474923,-0.0018474265160583847,0.0018474265160583847,0
/Users/yti0811/Desktop/FE_data/npj_CM01/NPJ_CM_Fig_Python/Public_Reproducibility_Package_V01/npjcm-free-energy-surrogate_Re3/Python_Codes/table/snapshots_split/alpha-TiAl_300K_snap00030.extxyz,alpha-TiAl,300,alpha-TiAl__300,-8.451757372863912e-05,-0.0017924007608586924,-0.0017078831871300533,0.0017078831871300533,0
/Users/yti0811/Desktop/FE_data/npj_CM01/NPJ_CM_Fig_Python/Public_Reproducibility_Package_V01/npjcm-free-energy-surrogate_Re3/Python_Codes/table/snapshots_split/alpha-TiAl_300K_snap00031.extxyz,alpha-TiAl,300,alpha-TiAl__300,-5.678550184708032e-05,-0.0017418978865366861,-0.0016851123846896058,0.0016851123846896058,0
/Users/yti0811/Desktop/FE_data/npj_CM01/NPJ_CM_Fig_Python/Public_Reproducibility_Package_V01/npjcm-free-energy-surrogate_Re3/Python_Codes/table/snapshots_split/alpha-TiAl_300K_snap00032.extxyz,alpha-TiAl,300,alpha-TiAl__300,2.9644539547000732e-05,-0.0017004228517810357,-0.0017300673913280364,0.0017300673913280364,0
/Users/yti0811/Desktop/FE_data/npj_CM01/NPJ_CM_Fig_Python/Public_Reproducibility_Package_V01/npjcm-free-energy-surrogate_Re3/Python_Codes/table/snapshots_split/alpha-TiAl_300K_snap00033.extxyz,alpha-TiAl,300,alpha-TiAl__300,9.151946603960146e-05,-0.001666924860152771,-0.0017584443261923724,0.0017584443261923724,0
/Users/yti0811/Desktop/FE_data/npj_CM01/NPJ_CM_Fig_Python/Public_Reproducibility_Package_V01/npjcm-free-energy-surrogate_Re3/Python_Codes/table/snapshots_split/alpha-TiAl_300K_snap00034.extxyz,alpha-TiAl,300,alpha-TiAl__300,6.673991584836668e-05,-0.0018212645421402207,-0.0018880044579885874,0.0018880044579885874,0
/Users/yti0811/Desktop/FE_data/npj_CM01/NPJ_CM_Fig_Python/Public_Reproducibility_Package_V01/npjcm-free-energy-surrogate_Re3/Python_Codes/table/snapshots_split/alpha-TiAl_300K_snap00035.extxyz,alpha-TiAl,300,alpha-TiAl__300,-9.900846121592312e-05,-0.0017029472453306193,-0.0016039387841146962,0.0016039387841146962,0
/Users/yti0811/Desktop/FE_data/npj_CM01/NPJ_CM_Fig_Python/Public_Reproducibility_Package_V01/npjcm-free-energy-surrogate_Re3/Python_Codes/table/snapshots_split/alpha-TiAl_300K_snap00036.extxyz,alpha-TiAl,300,alpha-TiAl__300,0.0001651590978045,-0.0017867166840211247,-0.0019518757818256247,0.0019518757818256247,0
/Users/yti0811/Desktop/FE_data/npj_CM01/NPJ_CM_Fig_Python/Public_Reproducibility_Package_V01/npjcm-free-energy-surrogate_Re3/Python_Codes/table/snapshots_split/alpha-TiAl_300K_snap00037.extxyz,alpha-TiAl,300,alpha-TiAl__300,-1.0049147458736656e-05,-0.0019284511270857086,-0.001918401979626972,0.001918401979626972,0
/Users/yti0811/Desktop/FE_data/npj_CM01/NPJ_CM_Fig_Python/Public_Reproducibility_Package_V01/npjcm-free-energy-surrogate_Re3/Python_Codes/table/snapshots_split/alpha-TiAl_300K_snap00038.extxyz,alpha-TiAl,300,alpha-TiAl__300,8.122473945910146e-05,-0.0017288044830167473,-0.0018100292224758488,0.0018100292224758488,0
/Users/yti0811/Desktop/FE_data/npj_CM01/NPJ_CM_Fig_Python/Public_Reproducibility_Package_V01/npjcm-free-energy-surrogate_Re3/Python_Codes/table/snapshots_split/alpha-TiAl_300K_snap00039.extxyz,alpha-TiAl,300,alpha-TiAl__300,3.4997869691509297e-05,-0.0016439095068194703,-0.0016789073765109796,0.0016789073765109796,0
/Users/yti0811/Desktop/FE_data/npj_CM01/NPJ_CM_Fig_Python/Public_Reproducibility_Package_V01/npjcm-free-energy-surrogate_Re3/Python_Codes/table/snapshots_split/alpha-TiAl_300K_snap00040.extxyz,alpha-TiAl,300,alpha-TiAl__300,6.857034185824117e-05,-0.0018665717502653442,-0.0019351420921235854,0.0019351420921235854,0
/Users/yti0811/Desktop/FE_data/npj_CM01/NPJ_CM_Fig_Python/Public_Reproducibility_Package_V01/npjcm-free-energy-surrogate_Re3/Python_Codes/table/snapshots_split/alpha-TiAl_300K_snap00041.extxyz,alpha-TiAl,300,alpha-TiAl__300,6.21016336527097e-05,-0.001958602086147405,-0.002020703719800115,0.002020703719800115,0
/Users/yti0811/Desktop/FE_data/npj_CM01/NPJ_CM_Fig_Python/Public_Reproducibility_Package_V01/npjcm-free-energy-surrogate_Re3/Python_Codes/table/snapshots_split/alpha-TiAl_300K_snap00042.extxyz,alpha-TiAl,300,alpha-TiAl__300,9.859071001490148e-05,-0.0017509443456009697,-0.001849535055615871,0.001849535055615871,0
/Users/yti0811/Desktop/FE_data/npj_CM01/NPJ_CM_Fig_Python/Public_Reproducibility_Package_V01/npjcm-free-energy-surrogate_Re3/Python_Codes/table/snapshots_split/alpha-TiAl_300K_snap00043.extxyz,alpha-TiAl,300,alpha-TiAl__300,-3.501512346438975e-05,-0.0014234167877201912,-0.0013884016642558015,0.0013884016642558015,0
/Users/yti0811/Desktop/FE_data/npj_CM01/NPJ_CM_Fig_Python/Public_Reproducibility_Package_V01/npjcm-free-energy-surrogate_Re3/Python_Codes/table/snapshots_split/alpha-TiAl_300K_snap00044.extxyz,alpha-TiAl,300,alpha-TiAl__300,-0.0001521540043998,-0.001592542542231261,-0.001440388537831461,0.001440388537831461,0
/Users/yti0811/Desktop/FE_data/npj_CM01/NPJ_CM_Fig_Python/Public_Reproducibility_Package_V01/npjcm-free-energy-surrogate_Re3/Python_Codes/table/snapshots_split/alpha-TiAl_300K_snap00045.extxyz,alpha-TiAl,300,alpha-TiAl__300,-6.320635510238705e-05,-0.0020270240842303333,-0.0019638177291279465,0.0019638177291279465,0
/Users/yti0811/Desktop/FE_data/npj_CM01/NPJ_CM_Fig_Python/Public_Reproducibility_Package_V01/npjcm-free-energy-surrogate_Re3/Python_Codes/table/snapshots_split/alpha-TiAl_300K_snap00046.extxyz,alpha-TiAl,300,alpha-TiAl__300,0.0002140606198513,-0.0015744897572917593,-0.0017885503771430593,0.0017885503771430593,0
/Users/yti0811/Desktop/FE_data/npj_CM01/NPJ_CM_Fig_Python/Public_Reproducibility_Package_V01/npjcm-free-energy-surrogate_Re3/Python_Codes/table/snapshots_split/alpha-TiAl_300K_snap00047.extxyz,alpha-TiAl,300,alpha-TiAl__300,-7.580845623390732e-05,-0.0020321412947440155,-0.0019563328385101084,0.0019563328385101084,0
/Users/yti0811/Desktop/FE_data/npj_CM01/NPJ_CM_Fig_Python/Public_Reproducibility_Package_V01/npjcm-free-energy-surrogate_Re3/Python_Codes/table/snapshots_split/alpha-TiAl_300K_snap00048.extxyz,alpha-TiAl,300,alpha-TiAl__300,0.0001631059010834,-0.0019273981203629465,-0.0020905040214463464,0.0020905040214463464,0
/Users/yti0811/Desktop/FE_data/npj_CM01/NPJ_CM_Fig_Python/Public_Reproducibility_Package_V01/npjcm-free-energy-surrogate_Re3/Python_Codes/table/snapshots_split/alpha-TiAl_300K_snap00049.extxyz,alpha-TiAl,300,alpha-TiAl__300,0.0001353780560296,-0.001806198067009203,-0.001941576123038803,0.001941576123038803,0
/Users/yti0811/Desktop/FE_data/npj_CM01/NPJ_CM_Fig_Python/Public_Reproducibility_Package_V01/npjcm-free-energy-surrogate_Re3/Python_Codes/table/snapshots_split/alpha-TiAl_300K_snap00050.extxyz,alpha-TiAl,300,alpha-TiAl__300,7.648902873240146e-05,-0.0016960727586314422,-0.0017725617873638438,0.0017725617873638438,0
/Users/yti0811/Desktop/FE_data/npj_CM01/NPJ_CM_Fig_Python/Public_Reproducibility_Package_V01/npjcm-free-energy-surrogate_Re3/Python_Codes/table/snapshots_split/alpha-TiAl_300K_snap00051.extxyz,alpha-TiAl,300,alpha-TiAl__300,-4.230644356052639e-05,-0.0016027148165968597,-0.0015604083730363333,0.0015604083730363333,0
/Users/yti0811/Desktop/FE_data/npj_CM01/NPJ_CM_Fig_Python/Public_Reproducibility_Package_V01/npjcm-free-energy-surrogate_Re3/Python_Codes/table/snapshots_split/alpha-TiAl_300K_snap00052.extxyz,alpha-TiAl,300,alpha-TiAl__300,0.0001217156903659,-0.0016945001569847037,-0.0018162158473506037,0.0018162158473506037,0
/Users/yti0811/Desktop/FE_data/npj_CM01/NPJ_CM_Fig_Python/Public_Reproducibility_Package_V01/npjcm-free-energy-surrogate_Re3/Python_Codes/table/snapshots_split/alpha-TiAl_300K_snap00053.extxyz,alpha-TiAl,300,alpha-TiAl__300,-0.0001357053170667,-0.0018288125271909376,-0.0016931072101242376,0.0016931072101242376,0
/Users/yti0811/Desktop/FE_data/npj_CM01/NPJ_CM_Fig_Python/Public_Reproducibility_Package_V01/npjcm-free-energy-surrogate_Re3/Python_Codes/table/snapshots_split/alpha-TiAl_300K_snap00054.extxyz,alpha-TiAl,300,alpha-TiAl__300,0.0001458615059467,-0.001841449634327225,-0.001987311140273925,0.001987311140273925,0
/Users/yti0811/Desktop/FE_data/npj_CM01/NPJ_CM_Fig_Python/Public_Reproducibility_Package_V01/npjcm-free-energy-surrogate_Re3/Python_Codes/table/snapshots_split/alpha-TiAl_300K_snap00055.extxyz,alpha-TiAl,300,alpha-TiAl__300,-3.905557878848444e-05,-0.001570871723783551,-0.0015318161449950666,0.0015318161449950666,0
/Users/yti0811/Desktop/FE_data/npj_CM01/NPJ_CM_Fig_Python/Public_Reproducibility_Package_V01/npjcm-free-energy-surrogate_Re3/Python_Codes/table/snapshots_split/alpha-TiAl_300K_snap00056.extxyz,alpha-TiAl,300,alpha-TiAl__300,-0.0001654004506615,-0.001723595635174385,-0.001558195184512885,0.001558195184512885,0
/Users/yti0811/Desktop/FE_data/npj_CM01/NPJ_CM_Fig_Python/Public_Reproducibility_Package_V01/npjcm-free-energy-surrogate_Re3/Python_Codes/table/snapshots_split/alpha-TiAl_300K_snap00057.extxyz,alpha-TiAl,300,alpha-TiAl__300,0.0002260006348467,-0.001853707772680499,-0.002079708407527199,0.002079708407527199,0
/Users/yti0811/Desktop/FE_data/npj_CM01/NPJ_CM_Fig_Python/Public_Reproducibility_Package_V01/npjcm-free-energy-surrogate_Re3/Python_Codes/table/snapshots_split/alpha-TiAl_300K_snap00058.extxyz,alpha-TiAl,300,alpha-TiAl__300,-0.0001032546793379,-0.0017912594765840547,-0.0016880047972461546,0.0016880047972461546,0
/Users/yti0811/Desktop/FE_data/npj_CM01/NPJ_CM_Fig_Python/Public_Reproducibility_Package_V01/npjcm-free-energy-surrogate_Re3/Python_Codes/table/snapshots_split/alpha-TiAl_300K_snap00059.extxyz,alpha-TiAl,300,alpha-TiAl__300,0.0001679073153682,-0.0018664915826677618,-0.0020343988980359618,0.0020343988980359618,0
/Users/yti0811/Desktop/FE_data/npj_CM01/NPJ_CM_Fig_Python/Public_Reproducibility_Package_V01/npjcm-free-energy-surrogate_Re3/Python_Codes/table/snapshots_split/alpha-TiAl_300K_snap00060.extxyz,alpha-TiAl,300,alpha-TiAl__300,-6.19620861842657e-05,-0.001554401076082187,-0.0014924389898979212,0.0014924389898979212,0
/Users/yti0811/Desktop/FE_data/npj_CM01/NPJ_CM_Fig_Python/Public_Reproducibility_Package_V01/npjcm-free-energy-surrogate_Re3/Python_Codes/table/snapshots_split/alpha-TiAl_300K_snap00061.extxyz,alpha-TiAl,300,alpha-TiAl__300,-5.226461977660025e-05,-0.0016658473784657152,-0.001613582758689115,0.001613582758689115,0
/Users/yti0811/Desktop/FE_data/npj_CM01/NPJ_CM_Fig_Python/Public_Reproducibility_Package_V01/npjcm-free-energy-surrogate_Re3/Python_Codes/table/snapshots_split/alpha-TiAl_300K_snap00062.extxyz,alpha-TiAl,300,alpha-TiAl__300,-0.000193313040699,-0.001839341037093315,-0.001646027996394315,0.001646027996394315,0
/Users/yti0811/Desktop/FE_data/npj_CM01/NPJ_CM_Fig_Python/Public_Reproducibility_Package_V01/npjcm-free-energy-surrogate_Re3/Python_Codes/table/snapshots_split/alpha-TiAl_300K_snap00063.extxyz,alpha-TiAl,300,alpha-TiAl__300,0.0002202124849833,-0.00161052162077921,-0.00183073410576251,0.00183073410576251,0
/Users/yti0811/Desktop/FE_data/npj_CM01/NPJ_CM_Fig_Python/Public_Reproducibility_Package_V01/npjcm-free-energy-surrogate_Re3/Python_Codes/table/snapshots_split/alpha-TiAl_300K_snap00064.extxyz,alpha-TiAl,300,alpha-TiAl__300,5.103948983752159e-05,-0.001695655264768795,-0.0017466947546063165,0.0017466947546063165,0
/Users/yti0811/Desktop/FE_data/npj_CM01/NPJ_CM_Fig_Python/Public_Reproducibility_Package_V01/npjcm-free-energy-surrogate_Re3/Python_Codes/table/snapshots_split/alpha-TiAl_300K_snap00065.extxyz,alpha-TiAl,300,alpha-TiAl__300,-2.399763489936592e-05,-0.0018578825321817396,-0.0018338848972823737,0.0018338848972823737,0
/Users/yti0811/Desktop/FE_data/npj_CM01/NPJ_CM_Fig_Python/Public_Reproducibility_Package_V01/npjcm-free-energy-surrogate_Re3/Python_Codes/table/snapshots_split/alpha-TiAl_300K_snap00066.extxyz,alpha-TiAl,300,alpha-TiAl__300,4.110791738064333e-05,-0.0017295896710309636,-0.0017706975884116069,0.0017706975884116069,0
/Users/yti0811/Desktop/FE_data/npj_CM01/NPJ_CM_Fig_Python/Public_Reproducibility_Package_V01/npjcm-free-energy-surrogate_Re3/Python_Codes/table/snapshots_split/alpha-TiAl_300K_snap00067.extxyz,alpha-TiAl,300,alpha-TiAl__300,-0.0002365621051763,-0.0015094686709530999,-0.0012729065657767998,0.0012729065657767998,0
/Users/yti0811/Desktop/FE_data/npj_CM01/NPJ_CM_Fig_Python/Public_Reproducibility_Package_V01/npjcm-free-energy-surrogate_Re3/Python_Codes/table/snapshots_split/alpha-TiAl_300K_snap00068.extxyz,alpha-TiAl,300,alpha-TiAl__300,-2.5067705888516827e-05,-0.0017459030227771812,-0.0017208353168886644,0.0017208353168886644,0
/Users/yti0811/Desktop/FE_data/npj_CM01/NPJ_CM_Fig_Python/Public_Reproducibility_Package_V01/npjcm-free-energy-surrogate_Re3/Python_Codes/table/snapshots_split/alpha-TiAl_300K_snap00069.extxyz,alpha-TiAl,300,alpha-TiAl__300,-0.0001232564627141,-0.001730480383301304,-0.001607223920587204,0.001607223920587204,0
/Users/yti0811/Desktop/FE_data/npj_CM01/NPJ_CM_Fig_Python/Public_Reproducibility_Package_V01/npjcm-free-energy-surrogate_Re3/Python_Codes/table/snapshots_split/alpha-TiAl_300K_snap00070.extxyz,alpha-TiAl,300,alpha-TiAl__300,-0.0001766677377239,-0.0018166843040316378,-0.001640016566307738,0.001640016566307738,0
/Users/yti0811/Desktop/FE_data/npj_CM01/NPJ_CM_Fig_Python/Public_Reproducibility_Package_V01/npjcm-free-energy-surrogate_Re3/Python_Codes/table/snapshots_split/alpha-TiAl_300K_snap00071.extxyz,alpha-TiAl,300,alpha-TiAl__300,0.0001347111715282,-0.0016961051622204995,-0.0018308163337486996,0.0018308163337486996,0
/Users/yti0811/Desktop/FE_data/npj_CM01/NPJ_CM_Fig_Python/Public_Reproducibility_Package_V01/npjcm-free-energy-surrogate_Re3/Python_Codes/table/snapshots_split/alpha-TiAl_300K_snap00072.extxyz,alpha-TiAl,300,alpha-TiAl__300,-0.0003317303873094,-0.0017188187806196692,-0.0013870883933102692,0.0013870883933102692,0
/Users/yti0811/Desktop/FE_data/npj_CM01/NPJ_CM_Fig_Python/Public_Reproducibility_Package_V01/npjcm-free-energy-surrogate_Re3/Python_Codes/table/snapshots_split/alpha-TiAl_300K_snap00073.extxyz,alpha-TiAl,300,alpha-TiAl__300,-0.0002372206001006,-0.0019033827927866145,-0.0016661621926860144,0.0016661621926860144,0
/Users/yti0811/Desktop/FE_data/npj_CM01/NPJ_CM_Fig_Python/Public_Reproducibility_Package_V01/npjcm-free-energy-surrogate_Re3/Python_Codes/table/snapshots_split/alpha-TiAl_300K_snap00074.extxyz,alpha-TiAl,300,alpha-TiAl__300,0.0001027169977042,-0.0018499964442373986,-0.0019527134419415986,0.0019527134419415986,0
/Users/yti0811/Desktop/FE_data/npj_CM01/NPJ_CM_Fig_Python/Public_Reproducibility_Package_V01/npjcm-free-energy-surrogate_Re3/Python_Codes/table/snapshots_split/alpha-TiAl_300K_snap00075.extxyz,alpha-TiAl,300,alpha-TiAl__300,-0.0001666310367691,-0.0017417751220526788,-0.001575144085283579,0.001575144085283579,0
/Users/yti0811/Desktop/FE_data/npj_CM01/NPJ_CM_Fig_Python/Public_Reproducibility_Package_V01/npjcm-free-energy-surrogate_Re3/Python_Codes/table/snapshots_split/alpha-TiAl_300K_snap00076.extxyz,alpha-TiAl,300,alpha-TiAl__300,0.0001676422390411,-0.0015496531867716357,-0.0017172954258127357,0.0017172954258127357,0
/Users/yti0811/Desktop/FE_data/npj_CM01/NPJ_CM_Fig_Python/Public_Reproducibility_Package_V01/npjcm-free-energy-surrogate_Re3/Python_Codes/table/snapshots_split/alpha-TiAl_300K_snap00077.extxyz,alpha-TiAl,300,alpha-TiAl__300,-5.005113880386548e-05,-0.0018286024504975702,-0.0017785513116937047,0.0017785513116937047,0
/Users/yti0811/Desktop/FE_data/npj_CM01/NPJ_CM_Fig_Python/Public_Reproducibility_Package_V01/npjcm-free-energy-surrogate_Re3/Python_Codes/table/snapshots_split/alpha-TiAl_300K_snap00078.extxyz,alpha-TiAl,300,alpha-TiAl__300,0.0003855005462914,-0.0016647735305189908,-0.002050274076810391,0.002050274076810391,0
/Users/yti0811/Desktop/FE_data/npj_CM01/NPJ_CM_Fig_Python/Public_Reproducibility_Package_V01/npjcm-free-energy-surrogate_Re3/Python_Codes/table/snapshots_split/alpha-TiAl_300K_snap00079.extxyz,alpha-TiAl,300,alpha-TiAl__300,0.0001032126429846,-0.001731784304715509,-0.001834996947700109,0.001834996947700109,0
/Users/yti0811/Desktop/FE_data/npj_CM01/NPJ_CM_Fig_Python/Public_Reproducibility_Package_V01/npjcm-free-energy-surrogate_Re3/Python_Codes/table/snapshots_split/alpha-TiAl_300K_snap00080.extxyz,alpha-TiAl,300,alpha-TiAl__300,6.601549420302942e-05,-0.0016745926892682884,-0.0017406081834713178,0.0017406081834713178,0
/Users/yti0811/Desktop/FE_data/npj_CM01/NPJ_CM_Fig_Python/Public_Reproducibility_Package_V01/npjcm-free-energy-surrogate_Re3/Python_Codes/table/snapshots_split/alpha-TiAl_300K_snap00081.extxyz,alpha-TiAl,300,alpha-TiAl__300,-9.443367499141376e-05,-0.0017072563020132608,-0.001612822627021847,0.001612822627021847,0
/Users/yti0811/Desktop/FE_data/npj_CM01/NPJ_CM_Fig_Python/Public_Reproducibility_Package_V01/npjcm-free-energy-surrogate_Re3/Python_Codes/table/snapshots_split/alpha-TiAl_300K_snap00082.extxyz,alpha-TiAl,300,alpha-TiAl__300,6.430618528551034e-05,-0.0018206719217365433,-0.0018849781070220536,0.0018849781070220536,0
/Users/yti0811/Desktop/FE_data/npj_CM01/NPJ_CM_Fig_Python/Public_Reproducibility_Package_V01/npjcm-free-energy-surrogate_Re3/Python_Codes/table/snapshots_split/alpha-TiAl_300K_snap00083.extxyz,alpha-TiAl,300,alpha-TiAl__300,-5.101910251283386e-06,-0.0015408391126222887,-0.0015357372023710053,0.0015357372023710053,0
/Users/yti0811/Desktop/FE_data/npj_CM01/NPJ_CM_Fig_Python/Public_Reproducibility_Package_V01/npjcm-free-energy-surrogate_Re3/Python_Codes/table/snapshots_split/alpha-TiAl_300K_snap00084.extxyz,alpha-TiAl,300,alpha-TiAl__300,3.7486788450600815e-05,-0.0014814576448744093,-0.0015189444333250101,0.0015189444333250101,0
/Users/yti0811/Desktop/FE_data/npj_CM01/NPJ_CM_Fig_Python/Public_Reproducibility_Package_V01/npjcm-free-energy-surrogate_Re3/Python_Codes/table/snapshots_split/alpha-TiAl_300K_snap00085.extxyz,alpha-TiAl,300,alpha-TiAl__300,-0.0001526880700235,-0.0017555653145333717,-0.0016028772445098717,0.0016028772445098717,0
/Users/yti0811/Desktop/FE_data/npj_CM01/NPJ_CM_Fig_Python/Public_Reproducibility_Package_V01/npjcm-free-energy-surrogate_Re3/Python_Codes/table/snapshots_split/alpha-TiAl_300K_snap00086.extxyz,alpha-TiAl,300,alpha-TiAl__300,5.8757950311836825e-05,-0.0015738660724552577,-0.0016326240227670945,0.0016326240227670945,0
/Users/yti0811/Desktop/FE_data/npj_CM01/NPJ_CM_Fig_Python/Public_Reproducibility_Package_V01/npjcm-free-energy-surrogate_Re3/Python_Codes/table/snapshots_split/alpha-TiAl_300K_snap00087.extxyz,alpha-TiAl,300,alpha-TiAl__300,-0.0003036474381823,-0.0019097659206803786,-0.0016061184824980785,0.0016061184824980785,0
/Users/yti0811/Desktop/FE_data/npj_CM01/NPJ_CM_Fig_Python/Public_Reproducibility_Package_V01/npjcm-free-energy-surrogate_Re3/Python_Codes/table/snapshots_split/alpha-TiAl_300K_snap00088.extxyz,alpha-TiAl,300,alpha-TiAl__300,0.000123834986239,-0.0019374206534083253,-0.0020612556396473252,0.0020612556396473252,0
/Users/yti0811/Desktop/FE_data/npj_CM01/NPJ_CM_Fig_Python/Public_Reproducibility_Package_V01/npjcm-free-energy-surrogate_Re3/Python_Codes/table/snapshots_split/alpha-TiAl_300K_snap00089.extxyz,alpha-TiAl,300,alpha-TiAl__300,3.97742247614073e-06,-0.0019792012022158663,-0.0019831786246920073,0.0019831786246920073,0
/Users/yti0811/Desktop/FE_data/npj_CM01/NPJ_CM_Fig_Python/Public_Reproducibility_Package_V01/npjcm-free-energy-surrogate_Re3/Python_Codes/table/snapshots_split/alpha-TiAl_300K_snap00090.extxyz,alpha-TiAl,300,alpha-TiAl__300,5.26153488701203e-05,-0.001841241137074698,-0.0018938564859448182,0.0018938564859448182,0
/Users/yti0811/Desktop/FE_data/npj_CM01/NPJ_CM_Fig_Python/Public_Reproducibility_Package_V01/npjcm-free-energy-surrogate_Re3/Python_Codes/table/snapshots_split/alpha-TiAl_300K_snap00091.extxyz,alpha-TiAl,300,alpha-TiAl__300,-0.0001850418222777,-0.0016302522401180487,-0.0014452104178403486,0.0014452104178403486,0
/Users/yti0811/Desktop/FE_data/npj_CM01/NPJ_CM_Fig_Python/Public_Reproducibility_Package_V01/npjcm-free-energy-surrogate_Re3/Python_Codes/table/snapshots_split/alpha-TiAl_300K_snap00092.extxyz,alpha-TiAl,300,alpha-TiAl__300,-0.000147888931576,-0.0019157679454145826,-0.0017678790138385826,0.0017678790138385826,0
/Users/yti0811/Desktop/FE_data/npj_CM01/NPJ_CM_Fig_Python/Public_Reproducibility_Package_V01/npjcm-free-energy-surrogate_Re3/Python_Codes/table/snapshots_split/alpha-TiAl_300K_snap00093.extxyz,alpha-TiAl,300,alpha-TiAl__300,-2.390538429665358e-05,-0.0018718576864429526,-0.001847952302146299,0.001847952302146299,0
/Users/yti0811/Desktop/FE_data/npj_CM01/NPJ_CM_Fig_Python/Public_Reproducibility_Package_V01/npjcm-free-energy-surrogate_Re3/Python_Codes/table/snapshots_split/alpha-TiAl_300K_snap00094.extxyz,alpha-TiAl,300,alpha-TiAl__300,-1.7576107916989095e-06,-0.0018880721427495632,-0.0018863145319578643,0.0018863145319578643,0
/Users/yti0811/Desktop/FE_data/npj_CM01/NPJ_CM_Fig_Python/Public_Reproducibility_Package_V01/npjcm-free-energy-surrogate_Re3/Python_Codes/table/snapshots_split/alpha-TiAl_300K_snap00095.extxyz,alpha-TiAl,300,alpha-TiAl__300,-0.0002357756202964,-0.0016596648298674173,-0.0014238892095710175,0.0014238892095710175,0
/Users/yti0811/Desktop/FE_data/npj_CM01/NPJ_CM_Fig_Python/Public_Reproducibility_Package_V01/npjcm-free-energy-surrogate_Re3/Python_Codes/table/snapshots_split/alpha-TiAl_300K_snap00096.extxyz,alpha-TiAl,300,alpha-TiAl__300,4.874981846946068e-05,-0.0018630497425224744,-0.001911799560991935,0.001911799560991935,0
/Users/yti0811/Desktop/FE_data/npj_CM01/NPJ_CM_Fig_Python/Public_Reproducibility_Package_V01/npjcm-free-energy-surrogate_Re3/Python_Codes/table/snapshots_split/alpha-TiAl_300K_snap00097.extxyz,alpha-TiAl,300,alpha-TiAl__300,-6.236410025163454e-05,-0.001769181137334569,-0.0017068170370829344,0.0017068170370829344,0
/Users/yti0811/Desktop/FE_data/npj_CM01/NPJ_CM_Fig_Python/Public_Reproducibility_Package_V01/npjcm-free-energy-surrogate_Re3/Python_Codes/table/snapshots_split/alpha-TiAl_300K_snap00098.extxyz,alpha-TiAl,300,alpha-TiAl__300,-8.770094688394127e-05,-0.001652110413655266,-0.0015644094667713246,0.0015644094667713246,0
/Users/yti0811/Desktop/FE_data/npj_CM01/NPJ_CM_Fig_Python/Public_Reproducibility_Package_V01/npjcm-free-energy-surrogate_Re3/Python_Codes/table/snapshots_split/alpha-TiAl_300K_snap00099.extxyz,alpha-TiAl,300,alpha-TiAl__300,-0.0003031658033712,-0.0016180922712407098,-0.0013149264678695097,0.0013149264678695097,0
/Users/yti0811/Desktop/FE_data/npj_CM01/NPJ_CM_Fig_Python/Public_Reproducibility_Package_V01/npjcm-free-energy-surrogate_Re3/Python_Codes/table/snapshots_split/alpha-TiAl_400K_snap00000.extxyz,alpha-TiAl,400,alpha-TiAl__400,-0.0003506447582238,-0.00021628160272874113,0.00013436315549505886,0.00013436315549505886,2
/Users/yti0811/Desktop/FE_data/npj_CM01/NPJ_CM_Fig_Python/Public_Reproducibility_Package_V01/npjcm-free-energy-surrogate_Re3/Python_Codes/table/snapshots_split/alpha-TiAl_400K_snap00001.extxyz,alpha-TiAl,400,alpha-TiAl__400,-0.0008006809081432,-0.00018115593539326486,0.0006195249727499351,0.0006195249727499351,2
/Users/yti0811/Desktop/FE_data/npj_CM01/NPJ_CM_Fig_Python/Public_Reproducibility_Package_V01/npjcm-free-energy-surrogate_Re3/Python_Codes/table/snapshots_split/alpha-TiAl_400K_snap00002.extxyz,alpha-TiAl,400,alpha-TiAl__400,-0.0002370502393907,-0.00032462332012064637,-8.757308072994638e-05,8.757308072994638e-05,2
/Users/yti0811/Desktop/FE_data/npj_CM01/NPJ_CM_Fig_Python/Public_Reproducibility_Package_V01/npjcm-free-energy-surrogate_Re3/Python_Codes/table/snapshots_split/alpha-TiAl_400K_snap00003.extxyz,alpha-TiAl,400,alpha-TiAl__400,-0.0004108516488036,-0.0003339187485603187,7.693290024328128e-05,7.693290024328128e-05,2
/Users/yti0811/Desktop/FE_data/npj_CM01/NPJ_CM_Fig_Python/Public_Reproducibility_Package_V01/npjcm-free-energy-surrogate_Re3/Python_Codes/table/snapshots_split/alpha-TiAl_400K_snap00004.extxyz,alpha-TiAl,400,alpha-TiAl__400,-0.0006205514899885,-0.00029394475872953035,0.0003266067312589696,0.0003266067312589696,2
/Users/yti0811/Desktop/FE_data/npj_CM01/NPJ_CM_Fig_Python/Public_Reproducibility_Package_V01/npjcm-free-energy-surrogate_Re3/Python_Codes/table/snapshots_split/alpha-TiAl_400K_snap00005.extxyz,alpha-TiAl,400,alpha-TiAl__400,-0.0001508004568418,-0.0002444725232472093,-9.367206640540932e-05,9.367206640540932e-05,2
/Users/yti0811/Desktop/FE_data/npj_CM01/NPJ_CM_Fig_Python/Public_Reproducibility_Package_V01/npjcm-free-energy-surrogate_Re3/Python_Codes/table/snapshots_split/alpha-TiAl_400K_snap00006.extxyz,alpha-TiAl,400,alpha-TiAl__400,-0.0004663035058226,-0.00040489480152839253,6.140870429420747e-05,6.140870429420747e-05,2
/Users/yti0811/Desktop/FE_data/npj_CM01/NPJ_CM_Fig_Python/Public_Reproducibility_Package_V01/npjcm-free-energy-surrogate_Re3/Python_Codes/table/snapshots_split/alpha-TiAl_400K_snap00007.extxyz,alpha-TiAl,400,alpha-TiAl__400,-0.0006148390866417,-0.0004794474840150449,0.00013539160262665518,0.00013539160262665518,2
/Users/yti0811/Desktop/FE_data/npj_CM01/NPJ_CM_Fig_Python/Public_Reproducibility_Package_V01/npjcm-free-energy-surrogate_Re3/Python_Codes/table/snapshots_split/alpha-TiAl_400K_snap00008.extxyz,alpha-TiAl,400,alpha-TiAl__400,-0.0002391086735019,-0.0004404433574087041,-0.00020133468390680408,0.00020133468390680408,2
/Users/yti0811/Desktop/FE_data/npj_CM01/NPJ_CM_Fig_Python/Public_Reproducibility_Package_V01/npjcm-free-energy-surrogate_Re3/Python_Codes/table/snapshots_split/alpha-TiAl_400K_snap00009.extxyz,alpha-TiAl,400,alpha-TiAl__400,-0.000801586489291,-0.00017917284052801772,0.0006224136487629823,0.0006224136487629823,2
/Users/yti0811/Desktop/FE_data/npj_CM01/NPJ_CM_Fig_Python/Public_Reproducibility_Package_V01/npjcm-free-energy-surrogate_Re3/Python_Codes/table/snapshots_split/alpha-TiAl_400K_snap00010.extxyz,alpha-TiAl,400,alpha-TiAl__400,-0.0003517879818338,-0.00046071836089445564,-0.00010893037906065562,0.00010893037906065562,2
/Users/yti0811/Desktop/FE_data/npj_CM01/NPJ_CM_Fig_Python/Public_Reproducibility_Package_V01/npjcm-free-energy-surrogate_Re3/Python_Codes/table/snapshots_split/alpha-TiAl_400K_snap00011.extxyz,alpha-TiAl,400,alpha-TiAl__400,-0.0006150658257492,-0.00032751055865444615,0.0002875552670947538,0.0002875552670947538,2
/Users/yti0811/Desktop/FE_data/npj_CM01/NPJ_CM_Fig_Python/Public_Reproducibility_Package_V01/npjcm-free-energy-surrogate_Re3/Python_Codes/table/snapshots_split/alpha-TiAl_400K_snap00012.extxyz,alpha-TiAl,400,alpha-TiAl__400,-0.0004806903730162,-0.0005839039716937507,-0.00010321359867755073,0.00010321359867755073,2
/Users/yti0811/Desktop/FE_data/npj_CM01/NPJ_CM_Fig_Python/Public_Reproducibility_Package_V01/npjcm-free-energy-surrogate_Re3/Python_Codes/table/snapshots_split/alpha-TiAl_400K_snap00013.extxyz,alpha-TiAl,400,alpha-TiAl__400,-0.0003988633167289,-0.00030565642482587236,9.320689190302764e-05,9.320689190302764e-05,2
/Users/yti0811/Desktop/FE_data/npj_CM01/NPJ_CM_Fig_Python/Public_Reproducibility_Package_V01/npjcm-free-energy-surrogate_Re3/Python_Codes/table/snapshots_split/alpha-TiAl_400K_snap00014.extxyz,alpha-TiAl,400,alpha-TiAl__400,-9.73892572747187e-05,-0.000405650594095348,-0.0003082613368206293,0.0003082613368206293,2
/Users/yti0811/Desktop/FE_data/npj_CM01/NPJ_CM_Fig_Python/Public_Reproducibility_Package_V01/npjcm-free-energy-surrogate_Re3/Python_Codes/table/snapshots_split/alpha-TiAl_400K_snap00015.extxyz,alpha-TiAl,400,alpha-TiAl__400,-0.0004432411998288,-0.00043040914849603343,1.2832051332766598e-05,1.2832051332766598e-05,2
/Users/yti0811/Desktop/FE_data/npj_CM01/NPJ_CM_Fig_Python/Public_Reproducibility_Package_V01/npjcm-free-energy-surrogate_Re3/Python_Codes/table/snapshots_split/alpha-TiAl_400K_snap00016.extxyz,alpha-TiAl,400,alpha-TiAl__400,-0.0006142640496494,-0.00040650740326881034,0.0002077566463805897,0.0002077566463805897,2
/Users/yti0811/Desktop/FE_data/npj_CM01/NPJ_CM_Fig_Python/Public_Reproducibility_Package_V01/npjcm-free-energy-surrogate_Re3/Python_Codes/table/snapshots_split/alpha-TiAl_400K_snap00017.extxyz,alpha-TiAl,400,alpha-TiAl__400,-0.0003324594307186,-0.00046468863763078584,-0.00013222920691218583,0.00013222920691218583,2
/Users/yti0811/Desktop/FE_data/npj_CM01/NPJ_CM_Fig_Python/Public_Reproducibility_Package_V01/npjcm-free-energy-surrogate_Re3/Python_Codes/table/snapshots_split/alpha-TiAl_400K_snap00018.extxyz,alpha-TiAl,400,alpha-TiAl__400,-0.0005497090810512,-0.0002420588213998863,0.0003076502596513137,0.0003076502596513137,2
/Users/yti0811/Desktop/FE_data/npj_CM01/NPJ_CM_Fig_Python/Public_Reproducibility_Package_V01/npjcm-free-energy-surrogate_Re3/Python_Codes/table/snapshots_split/alpha-TiAl_400K_snap00019.extxyz,alpha-TiAl,400,alpha-TiAl__400,-0.0001113667438811,-0.00016348590865895165,-5.211916477785165e-05,5.211916477785165e-05,2
/Users/yti0811/Desktop/FE_data/npj_CM01/NPJ_CM_Fig_Python/Public_Reproducibility_Package_V01/npjcm-free-energy-surrogate_Re3/Python_Codes/table/snapshots_split/alpha-TiAl_400K_snap00020.extxyz,alpha-TiAl,400,alpha-TiAl__400,6.05800287879904e-05,-0.0004277025175260143,-0.0004882825463140047,0.0004882825463140047,2
/Users/yti0811/Desktop/FE_data/npj_CM01/NPJ_CM_Fig_Python/Public_Reproducibility_Package_V01/npjcm-free-energy-surrogate_Re3/Python_Codes/table/snapshots_split/alpha-TiAl_400K_snap00021.extxyz,alpha-TiAl,400,alpha-TiAl__400,-0.0005020087542276,-0.00027148768031402007,0.00023052107391357998,0.00023052107391357998,2
/Users/yti0811/Desktop/FE_data/npj_CM01/NPJ_CM_Fig_Python/Public_Reproducibility_Package_V01/npjcm-free-energy-surrogate_Re3/Python_Codes/table/snapshots_split/alpha-TiAl_400K_snap00022.extxyz,alpha-TiAl,400,alpha-TiAl__400,-6.258577728521231e-05,-0.0002554847901095222,-0.00019289901282430988,0.00019289901282430988,2
/Users/yti0811/Desktop/FE_data/npj_CM01/NPJ_CM_Fig_Python/Public_Reproducibility_Package_V01/npjcm-free-energy-surrogate_Re3/Python_Codes/table/snapshots_split/alpha-TiAl_400K_snap00023.extxyz,alpha-TiAl,400,alpha-TiAl__400,-0.0003324683749906,-0.0003996350997071103,-6.716672471651034e-05,6.716672471651034e-05,2
/Users/yti0811/Desktop/FE_data/npj_CM01/NPJ_CM_Fig_Python/Public_Reproducibility_Package_V01/npjcm-free-energy-surrogate_Re3/Python_Codes/table/snapshots_split/alpha-TiAl_400K_snap00024.extxyz,alpha-TiAl,400,alpha-TiAl__400,-0.0003456696163227,-0.000602692228397355,-0.000257022612074655,0.000257022612074655,2
/Users/yti0811/Desktop/FE_data/npj_CM01/NPJ_CM_Fig_Python/Public_Reproducibility_Package_V01/npjcm-free-energy-surrogate_Re3/Python_Codes/table/snapshots_split/alpha-TiAl_400K_snap00025.extxyz,alpha-TiAl,400,alpha-TiAl__400,-0.0003392256262372,-0.00038465579417087167,-4.543016793367169e-05,4.543016793367169e-05,2
/Users/yti0811/Desktop/FE_data/npj_CM01/NPJ_CM_Fig_Python/Public_Reproducibility_Package_V01/npjcm-free-energy-surrogate_Re3/Python_Codes/table/snapshots_split/alpha-TiAl_400K_snap00026.extxyz,alpha-TiAl,400,alpha-TiAl__400,-0.0004426571544141,-0.00046107673559993675,-1.841958118583675e-05,1.841958118583675e-05,2
/Users/yti0811/Desktop/FE_data/npj_CM01/NPJ_CM_Fig_Python/Public_Reproducibility_Package_V01/npjcm-free-energy-surrogate_Re3/Python_Codes/table/snapshots_split/alpha-TiAl_400K_snap00027.extxyz,alpha-TiAl,400,alpha-TiAl__400,-0.0002379156415433,-0.0006523404122879826,-0.00041442477074468253,0.00041442477074468253,2
/Users/yti0811/Desktop/FE_data/npj_CM01/NPJ_CM_Fig_Python/Public_Reproducibility_Package_V01/npjcm-free-energy-surrogate_Re3/Python_Codes/table/snapshots_split/alpha-TiAl_400K_snap00028.extxyz,alpha-TiAl,400,alpha-TiAl__400,-0.0006117280296865,-0.0003921296705569517,0.00021959835912954825,0.00021959835912954825,2
/Users/yti0811/Desktop/FE_data/npj_CM01/NPJ_CM_Fig_Python/Public_Reproducibility_Package_V01/npjcm-free-energy-surrogate_Re3/Python_Codes/table/snapshots_split/alpha-TiAl_400K_snap00029.extxyz,alpha-TiAl,400,alpha-TiAl__400,-0.0003322182608372,-0.00024473946723694705,8.747879360025294e-05,8.747879360025294e-05,2
/Users/yti0811/Desktop/FE_data/npj_CM01/NPJ_CM_Fig_Python/Public_Reproducibility_Package_V01/npjcm-free-energy-surrogate_Re3/Python_Codes/table/snapshots_split/alpha-TiAl_400K_snap00030.extxyz,alpha-TiAl,400,alpha-TiAl__400,-0.0006080004225267,-0.00029833226892969254,0.00030966815359700743,0.00030966815359700743,2
/Users/yti0811/Desktop/FE_data/npj_CM01/NPJ_CM_Fig_Python/Public_Reproducibility_Package_V01/npjcm-free-energy-surrogate_Re3/Python_Codes/table/snapshots_split/alpha-TiAl_400K_snap00031.extxyz,alpha-TiAl,400,alpha-TiAl__400,-0.0006808971058403,-0.0003686397698054942,0.00031225733603480586,0.00031225733603480586,2
/Users/yti0811/Desktop/FE_data/npj_CM01/NPJ_CM_Fig_Python/Public_Reproducibility_Package_V01/npjcm-free-energy-surrogate_Re3/Python_Codes/table/snapshots_split/alpha-TiAl_400K_snap00032.extxyz,alpha-TiAl,400,alpha-TiAl__400,-0.0002806776020137,-0.00022957502612979273,5.110257588390729e-05,5.110257588390729e-05,2
/Users/yti0811/Desktop/FE_data/npj_CM01/NPJ_CM_Fig_Python/Public_Reproducibility_Package_V01/npjcm-free-energy-surrogate_Re3/Python_Codes/table/snapshots_split/alpha-TiAl_400K_snap00033.extxyz,alpha-TiAl,400,alpha-TiAl__400,-0.000482663609124,-0.0003680842929825551,0.00011457931614144485,0.00011457931614144485,2
/Users/yti0811/Desktop/FE_data/npj_CM01/NPJ_CM_Fig_Python/Public_Reproducibility_Package_V01/npjcm-free-energy-surrogate_Re3/Python_Codes/table/snapshots_split/alpha-TiAl_400K_snap00034.extxyz,alpha-TiAl,400,alpha-TiAl__400,-0.0006236812033711,-0.0004879616830725596,0.00013571952029854038,0.00013571952029854038,2
/Users/yti0811/Desktop/FE_data/npj_CM01/NPJ_CM_Fig_Python/Public_Reproducibility_Package_V01/npjcm-free-energy-surrogate_Re3/Python_Codes/table/snapshots_split/alpha-TiAl_400K_snap00035.extxyz,alpha-TiAl,400,alpha-TiAl__400,-0.0004681506716083,-0.00043869115018634855,2.9459521421951423e-05,2.9459521421951423e-05,2
/Users/yti0811/Desktop/FE_data/npj_CM01/NPJ_CM_Fig_Python/Public_Reproducibility_Package_V01/npjcm-free-energy-surrogate_Re3/Python_Codes/table/snapshots_split/alpha-TiAl_400K_snap00036.extxyz,alpha-TiAl,400,alpha-TiAl__400,-7.963659635382148e-05,-0.0003115417952957349,-0.00023190519894191342,0.00023190519894191342,2
/Users/yti0811/Desktop/FE_data/npj_CM01/NPJ_CM_Fig_Python/Public_Reproducibility_Package_V01/npjcm-free-energy-surrogate_Re3/Python_Codes/table/snapshots_split/alpha-TiAl_400K_snap00037.extxyz,alpha-TiAl,400,alpha-TiAl__400,-0.0003260067192273,-0.0005024341725912862,-0.00017642745336398616,0.00017642745336398616,2
/Users/yti0811/Desktop/FE_data/npj_CM01/NPJ_CM_Fig_Python/Public_Reproducibility_Package_V01/npjcm-free-energy-surrogate_Re3/Python_Codes/table/snapshots_split/alpha-TiAl_400K_snap00038.extxyz,alpha-TiAl,400,alpha-TiAl__400,-0.0007598121092603,-0.00025512957132750553,0.0005046825379327944,0.0005046825379327944,2
/Users/yti0811/Desktop/FE_data/npj_CM01/NPJ_CM_Fig_Python/Public_Reproducibility_Package_V01/npjcm-free-energy-surrogate_Re3/Python_Codes/table/snapshots_split/alpha-TiAl_400K_snap00039.extxyz,alpha-TiAl,400,alpha-TiAl__400,-0.0003454528466609,-0.00030640121871408404,3.905162794681598e-05,3.905162794681598e-05,2
/Users/yti0811/Desktop/FE_data/npj_CM01/NPJ_CM_Fig_Python/Public_Reproducibility_Package_V01/npjcm-free-energy-surrogate_Re3/Python_Codes/table/snapshots_split/alpha-TiAl_400K_snap00040.extxyz,alpha-TiAl,400,alpha-TiAl__400,-0.0004829629313079,-0.00030356353990156006,0.00017939939140633996,0.00017939939140633996,2
/Users/yti0811/Desktop/FE_data/npj_CM01/NPJ_CM_Fig_Python/Public_Reproducibility_Package_V01/npjcm-free-energy-surrogate_Re3/Python_Codes/table/snapshots_split/alpha-TiAl_400K_snap00041.extxyz,alpha-TiAl,400,alpha-TiAl__400,-0.0004095795776973,-0.00046545279946756673,-5.5873221770266714e-05,5.5873221770266714e-05,2
/Users/yti0811/Desktop/FE_data/npj_CM01/NPJ_CM_Fig_Python/Public_Reproducibility_Package_V01/npjcm-free-energy-surrogate_Re3/Python_Codes/table/snapshots_split/alpha-TiAl_400K_snap00042.extxyz,alpha-TiAl,400,alpha-TiAl__400,-0.0003442027153034,-0.00022591740106547747,0.00011828531423792253,0.00011828531423792253,2
/Users/yti0811/Desktop/FE_data/npj_CM01/NPJ_CM_Fig_Python/Public_Reproducibility_Package_V01/npjcm-free-energy-surrogate_Re3/Python_Codes/table/snapshots_split/alpha-TiAl_400K_snap00043.extxyz,alpha-TiAl,400,alpha-TiAl__400,-0.0005204374151911,-0.00016931392521938644,0.0003511234899717136,0.0003511234899717136,2
/Users/yti0811/Desktop/FE_data/npj_CM01/NPJ_CM_Fig_Python/Public_Reproducibility_Package_V01/npjcm-free-energy-surrogate_Re3/Python_Codes/table/snapshots_split/alpha-TiAl_400K_snap00044.extxyz,alpha-TiAl,400,alpha-TiAl__400,-0.0005757764617381,-0.0002416124156181453,0.00033416404611995466,0.00033416404611995466,2
/Users/yti0811/Desktop/FE_data/npj_CM01/NPJ_CM_Fig_Python/Public_Reproducibility_Package_V01/npjcm-free-energy-surrogate_Re3/Python_Codes/table/snapshots_split/alpha-TiAl_400K_snap00045.extxyz,alpha-TiAl,400,alpha-TiAl__400,-0.0001302960857315,-0.0004998023448725929,-0.00036950625914109283,0.00036950625914109283,2
/Users/yti0811/Desktop/FE_data/npj_CM01/NPJ_CM_Fig_Python/Public_Reproducibility_Package_V01/npjcm-free-energy-surrogate_Re3/Python_Codes/table/snapshots_split/alpha-TiAl_400K_snap00046.extxyz,alpha-TiAl,400,alpha-TiAl__400,-0.0004888291930048,-0.0003148420800182038,0.00017398711298659627,0.00017398711298659627,2
/Users/yti0811/Desktop/FE_data/npj_CM01/NPJ_CM_Fig_Python/Public_Reproducibility_Package_V01/npjcm-free-energy-surrogate_Re3/Python_Codes/table/snapshots_split/alpha-TiAl_400K_snap00047.extxyz,alpha-TiAl,400,alpha-TiAl__400,-0.0003941729299646,-0.0004825997728124594,-8.842684284785939e-05,8.842684284785939e-05,2
/Users/yti0811/Desktop/FE_data/npj_CM01/NPJ_CM_Fig_Python/Public_Reproducibility_Package_V01/npjcm-free-energy-surrogate_Re3/Python_Codes/table/snapshots_split/alpha-TiAl_400K_snap00048.extxyz,alpha-TiAl,400,alpha-TiAl__400,-0.0005814883651594,-0.00047413548803462014,0.00010735287712477988,0.00010735287712477988,2
/Users/yti0811/Desktop/FE_data/npj_CM01/NPJ_CM_Fig_Python/Public_Reproducibility_Package_V01/npjcm-free-energy-surrogate_Re3/Python_Codes/table/snapshots_split/alpha-TiAl_400K_snap00049.extxyz,alpha-TiAl,400,alpha-TiAl__400,-0.0005236811489509,-0.00044279634100848455,8.088480794241548e-05,8.088480794241548e-05,2
/Users/yti0811/Desktop/FE_data/npj_CM01/NPJ_CM_Fig_Python/Public_Reproducibility_Package_V01/npjcm-free-energy-surrogate_Re3/Python_Codes/table/snapshots_split/alpha-TiAl_400K_snap00050.extxyz,alpha-TiAl,400,alpha-TiAl__400,-0.0003123726359072,-0.0003519896212831188,-3.9616985375918795e-05,3.9616985375918795e-05,2
/Users/yti0811/Desktop/FE_data/npj_CM01/NPJ_CM_Fig_Python/Public_Reproducibility_Package_V01/npjcm-free-energy-surrogate_Re3/Python_Codes/table/snapshots_split/alpha-TiAl_400K_snap00051.extxyz,alpha-TiAl,400,alpha-TiAl__400,-0.0003328668415783,-0.0003714792303273063,-3.861238874900628e-05,3.861238874900628e-05,2
/Users/yti0811/Desktop/FE_data/npj_CM01/NPJ_CM_Fig_Python/Public_Reproducibility_Package_V01/npjcm-free-energy-surrogate_Re3/Python_Codes/table/snapshots_split/alpha-TiAl_400K_snap00052.extxyz,alpha-TiAl,400,alpha-TiAl__400,-0.0003472626049446,-0.0005413184978138857,-0.00019405589286928567,0.00019405589286928567,2
/Users/yti0811/Desktop/FE_data/npj_CM01/NPJ_CM_Fig_Python/Public_Reproducibility_Package_V01/npjcm-free-energy-surrogate_Re3/Python_Codes/table/snapshots_split/alpha-TiAl_400K_snap00053.extxyz,alpha-TiAl,400,alpha-TiAl__400,-0.0005633201300848,-0.00031044340202890874,0.00025287672805589126,0.00025287672805589126,2
/Users/yti0811/Desktop/FE_data/npj_CM01/NPJ_CM_Fig_Python/Public_Reproducibility_Package_V01/npjcm-free-energy-surrogate_Re3/Python_Codes/table/snapshots_split/alpha-TiAl_400K_snap00054.extxyz,alpha-TiAl,400,alpha-TiAl__400,-0.0004587635025333,-0.0003424511190905554,0.0001163123834427446,0.0001163123834427446,2
/Users/yti0811/Desktop/FE_data/npj_CM01/NPJ_CM_Fig_Python/Public_Reproducibility_Package_V01/npjcm-free-energy-surrogate_Re3/Python_Codes/table/snapshots_split/alpha-TiAl_400K_snap00055.extxyz,alpha-TiAl,400,alpha-TiAl__400,-0.0006462178350795,-0.00030467952045944147,0.0003415383146200586,0.0003415383146200586,2
/Users/yti0811/Desktop/FE_data/npj_CM01/NPJ_CM_Fig_Python/Public_Reproducibility_Package_V01/npjcm-free-energy-surrogate_Re3/Python_Codes/table/snapshots_split/alpha-TiAl_400K_snap00056.extxyz,alpha-TiAl,400,alpha-TiAl__400,-0.0004554763221912,-0.0003485293400992585,0.00010694698209194148,0.00010694698209194148,2
/Users/yti0811/Desktop/FE_data/npj_CM01/NPJ_CM_Fig_Python/Public_Reproducibility_Package_V01/npjcm-free-energy-surrogate_Re3/Python_Codes/table/snapshots_split/alpha-TiAl_400K_snap00057.extxyz,alpha-TiAl,400,alpha-TiAl__400,-0.0004783258851769,-0.0002880171559108122,0.00019030872926608782,0.00019030872926608782,2
/Users/yti0811/Desktop/FE_data/npj_CM01/NPJ_CM_Fig_Python/Public_Reproducibility_Package_V01/npjcm-free-energy-surrogate_Re3/Python_Codes/table/snapshots_split/alpha-TiAl_400K_snap00058.extxyz,alpha-TiAl,400,alpha-TiAl__400,-0.000593052221376,-0.00011624778809862611,0.00047680443327737394,0.00047680443327737394,2
/Users/yti0811/Desktop/FE_data/npj_CM01/NPJ_CM_Fig_Python/Public_Reproducibility_Package_V01/npjcm-free-energy-surrogate_Re3/Python_Codes/table/snapshots_split/alpha-TiAl_400K_snap00059.extxyz,alpha-TiAl,400,alpha-TiAl__400,-0.000218056653262,-0.00025568956672354025,-3.763291346154025e-05,3.763291346154025e-05,2
/Users/yti0811/Desktop/FE_data/npj_CM01/NPJ_CM_Fig_Python/Public_Reproducibility_Package_V01/npjcm-free-energy-surrogate_Re3/Python_Codes/table/snapshots_split/alpha-TiAl_400K_snap00060.extxyz,alpha-TiAl,400,alpha-TiAl__400,-0.0001936790605699,-0.0005821640075406925,-0.0003884849469707925,0.0003884849469707925,2
/Users/yti0811/Desktop/FE_data/npj_CM01/NPJ_CM_Fig_Python/Public_Reproducibility_Package_V01/npjcm-free-energy-surrogate_Re3/Python_Codes/table/snapshots_split/alpha-TiAl_400K_snap00061.extxyz,alpha-TiAl,400,alpha-TiAl__400,-0.0002856886576855,-0.0003011984318455532,-1.5509774160053205e-05,1.5509774160053205e-05,2
/Users/yti0811/Desktop/FE_data/npj_CM01/NPJ_CM_Fig_Python/Public_Reproducibility_Package_V01/npjcm-free-energy-surrogate_Re3/Python_Codes/table/snapshots_split/alpha-TiAl_400K_snap00062.extxyz,alpha-TiAl,400,alpha-TiAl__400,-0.0009834721782518,-0.0001807942746272414,0.0008026779036245587,0.0008026779036245587,2
/Users/yti0811/Desktop/FE_data/npj_CM01/NPJ_CM_Fig_Python/Public_Reproducibility_Package_V01/npjcm-free-energy-surrogate_Re3/Python_Codes/table/snapshots_split/alpha-TiAl_400K_snap00063.extxyz,alpha-TiAl,400,alpha-TiAl__400,-0.0005190507993165,-0.0003244715490332419,0.0001945792502832581,0.0001945792502832581,2
/Users/yti0811/Desktop/FE_data/npj_CM01/NPJ_CM_Fig_Python/Public_Reproducibility_Package_V01/npjcm-free-energy-surrogate_Re3/Python_Codes/table/snapshots_split/alpha-TiAl_400K_snap00064.extxyz,alpha-TiAl,400,alpha-TiAl__400,-0.000194415051265,-0.0005001055896001497,-0.00030569053833514963,0.00030569053833514963,2
/Users/yti0811/Desktop/FE_data/npj_CM01/NPJ_CM_Fig_Python/Public_Reproducibility_Package_V01/npjcm-free-energy-surrogate_Re3/Python_Codes/table/snapshots_split/alpha-TiAl_400K_snap00065.extxyz,alpha-TiAl,400,alpha-TiAl__400,-0.0005721068988783,-0.00043141526875570653,0.00014069163012259345,0.00014069163012259345,2
/Users/yti0811/Desktop/FE_data/npj_CM01/NPJ_CM_Fig_Python/Public_Reproducibility_Package_V01/npjcm-free-energy-surrogate_Re3/Python_Codes/table/snapshots_split/alpha-TiAl_400K_snap00066.extxyz,alpha-TiAl,400,alpha-TiAl__400,-9.037940225110896e-05,-0.0002864952312167907,-0.00019611582896568176,0.00019611582896568176,2
/Users/yti0811/Desktop/FE_data/npj_CM01/NPJ_CM_Fig_Python/Public_Reproducibility_Package_V01/npjcm-free-energy-surrogate_Re3/Python_Codes/table/snapshots_split/alpha-TiAl_400K_snap00067.extxyz,alpha-TiAl,400,alpha-TiAl__400,-0.0001958140768359,-0.00033868645949057167,-0.00014287238265467167,0.00014287238265467167,2
/Users/yti0811/Desktop/FE_data/npj_CM01/NPJ_CM_Fig_Python/Public_Reproducibility_Package_V01/npjcm-free-energy-surrogate_Re3/Python_Codes/table/snapshots_split/alpha-TiAl_400K_snap00068.extxyz,alpha-TiAl,400,alpha-TiAl__400,-0.0002989441236796,-0.000398921978170889,-9.997785449128899e-05,9.997785449128899e-05,2
/Users/yti0811/Desktop/FE_data/npj_CM01/NPJ_CM_Fig_Python/Public_Reproducibility_Package_V01/npjcm-free-energy-surrogate_Re3/Python_Codes/table/snapshots_split/alpha-TiAl_400K_snap00069.extxyz,alpha-TiAl,400,alpha-TiAl__400,-0.000395865959237,-0.0004700335500168345,-7.416759077983449e-05,7.416759077983449e-05,2
/Users/yti0811/Desktop/FE_data/npj_CM01/NPJ_CM_Fig_Python/Public_Reproducibility_Package_V01/npjcm-free-energy-surrogate_Re3/Python_Codes/table/snapshots_split/alpha-TiAl_400K_snap00070.extxyz,alpha-TiAl,400,alpha-TiAl__400,-0.0004015151433503,-0.0003994926567278864,2.022486622413604e-06,2.022486622413604e-06,2
/Users/yti0811/Desktop/FE_data/npj_CM01/NPJ_CM_Fig_Python/Public_Reproducibility_Package_V01/npjcm-free-energy-surrogate_Re3/Python_Codes/table/snapshots_split/alpha-TiAl_400K_snap00071.extxyz,alpha-TiAl,400,alpha-TiAl__400,-0.0006773265112577,-0.0003651840274344355,0.00031214248382326455,0.00031214248382326455,2
/Users/yti0811/Desktop/FE_data/npj_CM01/NPJ_CM_Fig_Python/Public_Reproducibility_Package_V01/npjcm-free-energy-surrogate_Re3/Python_Codes/table/snapshots_split/alpha-TiAl_400K_snap00072.extxyz,alpha-TiAl,400,alpha-TiAl__400,-3.856241121101556e-05,-0.0005862604979348562,-0.0005476980867238407,0.0005476980867238407,2
/Users/yti0811/Desktop/FE_data/npj_CM01/NPJ_CM_Fig_Python/Public_Reproducibility_Package_V01/npjcm-free-energy-surrogate_Re3/Python_Codes/table/snapshots_split/alpha-TiAl_400K_snap00073.extxyz,alpha-TiAl,400,alpha-TiAl__400,-0.0002148986068189,-0.000271683028144678,-5.6784421325777994e-05,5.6784421325777994e-05,2
/Users/yti0811/Desktop/FE_data/npj_CM01/NPJ_CM_Fig_Python/Public_Reproducibility_Package_V01/npjcm-free-energy-surrogate_Re3/Python_Codes/table/snapshots_split/alpha-TiAl_400K_snap00074.extxyz,alpha-TiAl,400,alpha-TiAl__400,-0.0003155554031152,-0.0005521823222155628,-0.00023662691910036285,0.00023662691910036285,2
/Users/yti0811/Desktop/FE_data/npj_CM01/NPJ_CM_Fig_Python/Public_Reproducibility_Package_V01/npjcm-free-energy-surrogate_Re3/Python_Codes/table/snapshots_split/alpha-TiAl_400K_snap00075.extxyz,alpha-TiAl,400,alpha-TiAl__400,-0.0004606949648283,-0.00037345277927526143,8.724218555303855e-05,8.724218555303855e-05,2
/Users/yti0811/Desktop/FE_data/npj_CM01/NPJ_CM_Fig_Python/Public_Reproducibility_Package_V01/npjcm-free-energy-surrogate_Re3/Python_Codes/table/snapshots_split/alpha-TiAl_400K_snap00076.extxyz,alpha-TiAl,400,alpha-TiAl__400,-0.0002761914677949,-0.00017103099410212022,0.00010516047369277977,0.00010516047369277977,2
/Users/yti0811/Desktop/FE_data/npj_CM01/NPJ_CM_Fig_Python/Public_Reproducibility_Package_V01/npjcm-free-energy-surrogate_Re3/Python_Codes/table/snapshots_split/alpha-TiAl_400K_snap00077.extxyz,alpha-TiAl,400,alpha-TiAl__400,-0.0005135963619357,-0.00022957253919768058,0.0002840238227380194,0.0002840238227380194,2
/Users/yti0811/Desktop/FE_data/npj_CM01/NPJ_CM_Fig_Python/Public_Reproducibility_Package_V01/npjcm-free-energy-surrogate_Re3/Python_Codes/table/snapshots_split/alpha-TiAl_400K_snap00078.extxyz,alpha-TiAl,400,alpha-TiAl__400,-0.0006225024523028,-0.00022883108248062338,0.0003936713698221766,0.0003936713698221766,2
/Users/yti0811/Desktop/FE_data/npj_CM01/NPJ_CM_Fig_Python/Public_Reproducibility_Package_V01/npjcm-free-energy-surrogate_Re3/Python_Codes/table/snapshots_split/alpha-TiAl_400K_snap00079.extxyz,alpha-TiAl,400,alpha-TiAl__400,-0.0001599375256279,-0.0005509105924318949,-0.0003909730668039949,0.0003909730668039949,2
/Users/yti0811/Desktop/FE_data/npj_CM01/NPJ_CM_Fig_Python/Public_Reproducibility_Package_V01/npjcm-free-energy-surrogate_Re3/Python_Codes/table/snapshots_split/alpha-TiAl_400K_snap00080.extxyz,alpha-TiAl,400,alpha-TiAl__400,-0.0006720998935795,-0.0003524475076077087,0.0003196523859717913,0.0003196523859717913,2
/Users/yti0811/Desktop/FE_data/npj_CM01/NPJ_CM_Fig_Python/Public_Reproducibility_Package_V01/npjcm-free-energy-surrogate_Re3/Python_Codes/table/snapshots_split/alpha-TiAl_400K_snap00081.extxyz,alpha-TiAl,400,alpha-TiAl__400,-0.0003286224630497,-0.0004480327544092971,-0.00011941029135959706,0.00011941029135959706,2
/Users/yti0811/Desktop/FE_data/npj_CM01/NPJ_CM_Fig_Python/Public_Reproducibility_Package_V01/npjcm-free-energy-surrogate_Re3/Python_Codes/table/snapshots_split/alpha-TiAl_400K_snap00082.extxyz,alpha-TiAl,400,alpha-TiAl__400,-0.0005673341222857,-0.0005279433053953076,3.9390816890392394e-05,3.9390816890392394e-05,2
/Users/yti0811/Desktop/FE_data/npj_CM01/NPJ_CM_Fig_Python/Public_Reproducibility_Package_V01/npjcm-free-energy-surrogate_Re3/Python_Codes/table/snapshots_split/alpha-TiAl_400K_snap00083.extxyz,alpha-TiAl,400,alpha-TiAl__400,-4.867672470881823e-05,-0.0005908104421390219,-0.0005421337174302037,0.0005421337174302037,2
/Users/yti0811/Desktop/FE_data/npj_CM01/NPJ_CM_Fig_Python/Public_Reproducibility_Package_V01/npjcm-free-energy-surrogate_Re3/Python_Codes/table/snapshots_split/alpha-TiAl_400K_snap00084.extxyz,alpha-TiAl,400,alpha-TiAl__400,4.7574879115289126e-05,-0.00049751866658002,-0.0005450935456953091,0.0005450935456953091,2
/Users/yti0811/Desktop/FE_data/npj_CM01/NPJ_CM_Fig_Python/Public_Reproducibility_Package_V01/npjcm-free-energy-surrogate_Re3/Python_Codes/table/snapshots_split/alpha-TiAl_400K_snap00085.extxyz,alpha-TiAl,400,alpha-TiAl__400,-0.0004208235286161,-0.0002679803479727849,0.00015284318064331514,0.00015284318064331514,2
/Users/yti0811/Desktop/FE_data/npj_CM01/NPJ_CM_Fig_Python/Public_Reproducibility_Package_V01/npjcm-free-energy-surrogate_Re3/Python_Codes/table/snapshots_split/alpha-TiAl_400K_snap00086.extxyz,alpha-TiAl,400,alpha-TiAl__400,-0.0001347941696804,-0.00041250394934834076,-0.0002777097796679408,0.0002777097796679408,2
/Users/yti0811/Desktop/FE_data/npj_CM01/NPJ_CM_Fig_Python/Public_Reproducibility_Package_V01/npjcm-free-energy-surrogate_Re3/Python_Codes/table/snapshots_split/alpha-TiAl_400K_snap00087.extxyz,alpha-TiAl,400,alpha-TiAl__400,-0.0006751637062035,-0.00019315533082489865,0.00048200837537860133,0.00048200837537860133,2
/Users/yti0811/Desktop/FE_data/npj_CM01/NPJ_CM_Fig_Python/Public_Reproducibility_Package_V01/npjcm-free-energy-surrogate_Re3/Python_Codes/table/snapshots_split/alpha-TiAl_400K_snap00088.extxyz,alpha-TiAl,400,alpha-TiAl__400,-0.0004648068238638,-0.0002688919479533134,0.0001959148759104866,0.0001959148759104866,2
/Users/yti0811/Desktop/FE_data/npj_CM01/NPJ_CM_Fig_Python/Public_Reproducibility_Package_V01/npjcm-free-energy-surrogate_Re3/Python_Codes/table/snapshots_split/alpha-TiAl_400K_snap00089.extxyz,alpha-TiAl,400,alpha-TiAl__400,-0.0006564515772132,-0.0005860061278614491,7.044544935175094e-05,7.044544935175094e-05,2
/Users/yti0811/Desktop/FE_data/npj_CM01/NPJ_CM_Fig_Python/Public_Reproducibility_Package_V01/npjcm-free-energy-surrogate_Re3/Python_Codes/table/snapshots_split/alpha-TiAl_400K_snap00090.extxyz,alpha-TiAl,400,alpha-TiAl__400,-7.885288464941353e-05,-0.00022137075456796297,-0.00014251786991854943,0.00014251786991854943,2
/Users/yti0811/Desktop/FE_data/npj_CM01/NPJ_CM_Fig_Python/Public_Reproducibility_Package_V01/npjcm-free-energy-surrogate_Re3/Python_Codes/table/snapshots_split/alpha-TiAl_400K_snap00091.extxyz,alpha-TiAl,400,alpha-TiAl__400,-0.0003638838027467,-0.0003528380375607828,1.1045765185917233e-05,1.1045765185917233e-05,2
/Users/yti0811/Desktop/FE_data/npj_CM01/NPJ_CM_Fig_Python/Public_Reproducibility_Package_V01/npjcm-free-energy-surrogate_Re3/Python_Codes/table/snapshots_split/alpha-TiAl_400K_snap00092.extxyz,alpha-TiAl,400,alpha-TiAl__400,-0.000350346288462,-0.00014609113823353543,0.0002042551502284646,0.0002042551502284646,2
/Users/yti0811/Desktop/FE_data/npj_CM01/NPJ_CM_Fig_Python/Public_Reproducibility_Package_V01/npjcm-free-energy-surrogate_Re3/Python_Codes/table/snapshots_split/alpha-TiAl_400K_snap00093.extxyz,alpha-TiAl,400,alpha-TiAl__400,-0.0003511826120156,-0.00037934020745120165,-2.8157595435601658e-05,2.8157595435601658e-05,2
/Users/yti0811/Desktop/FE_data/npj_CM01/NPJ_CM_Fig_Python/Public_Reproducibility_Package_V01/npjcm-free-energy-surrogate_Re3/Python_Codes/table/snapshots_split/alpha-TiAl_400K_snap00094.extxyz,alpha-TiAl,400,alpha-TiAl__400,-0.0005877727161999,-0.00016864609350432405,0.000419126622695576,0.000419126622695576,2
/Users/yti0811/Desktop/FE_data/npj_CM01/NPJ_CM_Fig_Python/Public_Reproducibility_Package_V01/npjcm-free-energy-surrogate_Re3/Python_Codes/table/snapshots_split/alpha-TiAl_400K_snap00095.extxyz,alpha-TiAl,400,alpha-TiAl__400,-0.0002485687736816,-0.0005622120552581188,-0.0003136432815765188,0.0003136432815765188,2
/Users/yti0811/Desktop/FE_data/npj_CM01/NPJ_CM_Fig_Python/Public_Reproducibility_Package_V01/npjcm-free-energy-surrogate_Re3/Python_Codes/table/snapshots_split/alpha-TiAl_400K_snap00096.extxyz,alpha-TiAl,400,alpha-TiAl__400,-0.0001486394091624,-0.00045717329864908654,-0.0003085338894866865,0.0003085338894866865,2
/Users/yti0811/Desktop/FE_data/npj_CM01/NPJ_CM_Fig_Python/Public_Reproducibility_Package_V01/npjcm-free-energy-surrogate_Re3/Python_Codes/table/snapshots_split/alpha-TiAl_400K_snap00097.extxyz,alpha-TiAl,400,alpha-TiAl__400,-0.0003612696422373,-0.0005481722223382739,-0.00018690258010097384,0.00018690258010097384,2
/Users/yti0811/Desktop/FE_data/npj_CM01/NPJ_CM_Fig_Python/Public_Reproducibility_Package_V01/npjcm-free-energy-surrogate_Re3/Python_Codes/table/snapshots_split/alpha-TiAl_400K_snap00098.extxyz,alpha-TiAl,400,alpha-TiAl__400,-0.0003537278872062,-0.00034958457356691077,4.143313639289254e-06,4.143313639289254e-06,2
/Users/yti0811/Desktop/FE_data/npj_CM01/NPJ_CM_Fig_Python/Public_Reproducibility_Package_V01/npjcm-free-energy-surrogate_Re3/Python_Codes/table/snapshots_split/alpha-TiAl_400K_snap00099.extxyz,alpha-TiAl,400,alpha-TiAl__400,-8.395744352011902e-05,-0.0003608426356472107,-0.0002768851921270917,0.0002768851921270917,2
/Users/yti0811/Desktop/FE_data/npj_CM01/NPJ_CM_Fig_Python/Public_Reproducibility_Package_V01/npjcm-free-energy-surrogate_Re3/Python_Codes/table/snapshots_split/alpha-TiAl_500K_snap00000.extxyz,alpha-TiAl,500,alpha-TiAl__500,-0.0010775870947591,-0.0002461597281269225,0.0008314273666321775,0.0008314273666321775,1
/Users/yti0811/Desktop/FE_data/npj_CM01/NPJ_CM_Fig_Python/Public_Reproducibility_Package_V01/npjcm-free-energy-surrogate_Re3/Python_Codes/table/snapshots_split/alpha-TiAl_500K_snap00001.extxyz,alpha-TiAl,500,alpha-TiAl__500,-0.0011657001932788,-1.7845059641393335e-05,0.0011478551336374068,0.0011478551336374068,1
/Users/yti0811/Desktop/FE_data/npj_CM01/NPJ_CM_Fig_Python/Public_Reproducibility_Package_V01/npjcm-free-energy-surrogate_Re3/Python_Codes/table/snapshots_split/alpha-TiAl_500K_snap00002.extxyz,alpha-TiAl,500,alpha-TiAl__500,-0.0010290601598797,9.97604375146435e-05,0.0011288205973943436,0.0011288205973943436,1
/Users/yti0811/Desktop/FE_data/npj_CM01/NPJ_CM_Fig_Python/Public_Reproducibility_Package_V01/npjcm-free-energy-surrogate_Re3/Python_Codes/table/snapshots_split/alpha-TiAl_500K_snap00003.extxyz,alpha-TiAl,500,alpha-TiAl__500,-0.0007584032364142,-0.0003388075788954779,0.0004195956575187221,0.0004195956575187221,1
/Users/yti0811/Desktop/FE_data/npj_CM01/NPJ_CM_Fig_Python/Public_Reproducibility_Package_V01/npjcm-free-energy-surrogate_Re3/Python_Codes/table/snapshots_split/alpha-TiAl_500K_snap00004.extxyz,alpha-TiAl,500,alpha-TiAl__500,-0.0009574526540206,0.00026346902010378995,0.0012209216741243898,0.0012209216741243898,1
/Users/yti0811/Desktop/FE_data/npj_CM01/NPJ_CM_Fig_Python/Public_Reproducibility_Package_V01/npjcm-free-energy-surrogate_Re3/Python_Codes/table/snapshots_split/alpha-TiAl_500K_snap00005.extxyz,alpha-TiAl,500,alpha-TiAl__500,-0.0013041208459086,3.2387044944499985e-06,0.00130735955040305,0.00130735955040305,1
/Users/yti0811/Desktop/FE_data/npj_CM01/NPJ_CM_Fig_Python/Public_Reproducibility_Package_V01/npjcm-free-energy-surrogate_Re3/Python_Codes/table/snapshots_split/alpha-TiAl_500K_snap00006.extxyz,alpha-TiAl,500,alpha-TiAl__500,-0.0011701629255417,0.00014607588910143274,0.0013162388146431326,0.0013162388146431326,1
/Users/yti0811/Desktop/FE_data/npj_CM01/NPJ_CM_Fig_Python/Public_Reproducibility_Package_V01/npjcm-free-energy-surrogate_Re3/Python_Codes/table/snapshots_split/alpha-TiAl_500K_snap00007.extxyz,alpha-TiAl,500,alpha-TiAl__500,-0.0009452534264778,5.5920895190497135e-05,0.001001174321668297,0.001001174321668297,1
/Users/yti0811/Desktop/FE_data/npj_CM01/NPJ_CM_Fig_Python/Public_Reproducibility_Package_V01/npjcm-free-energy-surrogate_Re3/Python_Codes/table/snapshots_split/alpha-TiAl_500K_snap00008.extxyz,alpha-TiAl,500,alpha-TiAl__500,-0.0010971861251523,-0.0001567375297265172,0.0009404485954257828,0.0009404485954257828,1
/Users/yti0811/Desktop/FE_data/npj_CM01/NPJ_CM_Fig_Python/Public_Reproducibility_Package_V01/npjcm-free-energy-surrogate_Re3/Python_Codes/table/snapshots_split/alpha-TiAl_500K_snap00009.extxyz,alpha-TiAl,500,alpha-TiAl__500,-0.0012075682676578,-2.1748366440772727e-05,0.0011858199012170273,0.0011858199012170273,1
/Users/yti0811/Desktop/FE_data/npj_CM01/NPJ_CM_Fig_Python/Public_Reproducibility_Package_V01/npjcm-free-energy-surrogate_Re3/Python_Codes/table/snapshots_split/alpha-TiAl_500K_snap00010.extxyz,alpha-TiAl,500,alpha-TiAl__500,-0.0008997805112019,0.0003126786852782234,0.0012124591964801233,0.0012124591964801233,1
/Users/yti0811/Desktop/FE_data/npj_CM01/NPJ_CM_Fig_Python/Public_Reproducibility_Package_V01/npjcm-free-energy-surrogate_Re3/Python_Codes/table/snapshots_split/alpha-TiAl_500K_snap00011.extxyz,alpha-TiAl,500,alpha-TiAl__500,-0.0008374796705989,-0.0002635068586076646,0.0005739728119912354,0.0005739728119912354,1
/Users/yti0811/Desktop/FE_data/npj_CM01/NPJ_CM_Fig_Python/Public_Reproducibility_Package_V01/npjcm-free-energy-surrogate_Re3/Python_Codes/table/snapshots_split/alpha-TiAl_500K_snap00012.extxyz,alpha-TiAl,500,alpha-TiAl__500,-0.000944629862409,0.0001843051308031763,0.0011289349932121764,0.0011289349932121764,1
/Users/yti0811/Desktop/FE_data/npj_CM01/NPJ_CM_Fig_Python/Public_Reproducibility_Package_V01/npjcm-free-energy-surrogate_Re3/Python_Codes/table/snapshots_split/alpha-TiAl_500K_snap00013.extxyz,alpha-TiAl,500,alpha-TiAl__500,-0.0010135390142639,-6.582732202291795e-05,0.0009477116922409822,0.0009477116922409822,1
/Users/yti0811/Desktop/FE_data/npj_CM01/NPJ_CM_Fig_Python/Public_Reproducibility_Package_V01/npjcm-free-energy-surrogate_Re3/Python_Codes/table/snapshots_split/alpha-TiAl_500K_snap00014.extxyz,alpha-TiAl,500,alpha-TiAl__500,-0.0010109846946146,0.00021515852610917577,0.0012261432207237757,0.0012261432207237757,1
/Users/yti0811/Desktop/FE_data/npj_CM01/NPJ_CM_Fig_Python/Public_Reproducibility_Package_V01/npjcm-free-energy-surrogate_Re3/Python_Codes/table/snapshots_split/alpha-TiAl_500K_snap00015.extxyz,alpha-TiAl,500,alpha-TiAl__500,-0.0014668146229467,4.3192678319562035e-05,0.001510007301266262,0.001510007301266262,1
/Users/yti0811/Desktop/FE_data/npj_CM01/NPJ_CM_Fig_Python/Public_Reproducibility_Package_V01/npjcm-free-energy-surrogate_Re3/Python_Codes/table/snapshots_split/alpha-TiAl_500K_snap00016.extxyz,alpha-TiAl,500,alpha-TiAl__500,-0.0010052169731259,-0.00011973086182050826,0.0008854861113053917,0.0008854861113053917,1
/Users/yti0811/Desktop/FE_data/npj_CM01/NPJ_CM_Fig_Python/Public_Reproducibility_Package_V01/npjcm-free-energy-surrogate_Re3/Python_Codes/table/snapshots_split/alpha-TiAl_500K_snap00017.extxyz,alpha-TiAl,500,alpha-TiAl__500,-0.0013998509194657,0.00029998426983126247,0.0016998351892969625,0.0016998351892969625,1
/Users/yti0811/Desktop/FE_data/npj_CM01/NPJ_CM_Fig_Python/Public_Reproducibility_Package_V01/npjcm-free-energy-surrogate_Re3/Python_Codes/table/snapshots_split/alpha-TiAl_500K_snap00018.extxyz,alpha-TiAl,500,alpha-TiAl__500,-0.0007293274864794,-0.00011132258772678192,0.0006180048987526181,0.0006180048987526181,1
/Users/yti0811/Desktop/FE_data/npj_CM01/NPJ_CM_Fig_Python/Public_Reproducibility_Package_V01/npjcm-free-energy-surrogate_Re3/Python_Codes/table/snapshots_split/alpha-TiAl_500K_snap00019.extxyz,alpha-TiAl,500,alpha-TiAl__500,-0.0010711896834428,-8.518110676817084e-05,0.000986008576674629,0.000986008576674629,1
/Users/yti0811/Desktop/FE_data/npj_CM01/NPJ_CM_Fig_Python/Public_Reproducibility_Package_V01/npjcm-free-energy-surrogate_Re3/Python_Codes/table/snapshots_split/alpha-TiAl_500K_snap00020.extxyz,alpha-TiAl,500,alpha-TiAl__500,-0.000760907009993,0.0002265069507845209,0.0009874139607775208,0.0009874139607775208,1
/Users/yti0811/Desktop/FE_data/npj_CM01/NPJ_CM_Fig_Python/Public_Reproducibility_Package_V01/npjcm-free-energy-surrogate_Re3/Python_Codes/table/snapshots_split/alpha-TiAl_500K_snap00021.extxyz,alpha-TiAl,500,alpha-TiAl__500,-0.0007091754879305,-8.955135787839662e-05,0.0006196241300521034,0.0006196241300521034,1
/Users/yti0811/Desktop/FE_data/npj_CM01/NPJ_CM_Fig_Python/Public_Reproducibility_Package_V01/npjcm-free-energy-surrogate_Re3/Python_Codes/table/snapshots_split/alpha-TiAl_500K_snap00022.extxyz,alpha-TiAl,500,alpha-TiAl__500,-0.0011047801351883,0.0003528021913560454,0.0014575823265443456,0.0014575823265443456,1
/Users/yti0811/Desktop/FE_data/npj_CM01/NPJ_CM_Fig_Python/Public_Reproducibility_Package_V01/npjcm-free-energy-surrogate_Re3/Python_Codes/table/snapshots_split/alpha-TiAl_500K_snap00023.extxyz,alpha-TiAl,500,alpha-TiAl__500,-0.0012016181905085,2.0808699173726058e-05,0.001222426889682226,0.001222426889682226,1
/Users/yti0811/Desktop/FE_data/npj_CM01/NPJ_CM_Fig_Python/Public_Reproducibility_Package_V01/npjcm-free-energy-surrogate_Re3/Python_Codes/table/snapshots_split/alpha-TiAl_500K_snap00024.extxyz,alpha-TiAl,500,alpha-TiAl__500,-0.0004618215738174,-0.00020881186936555268,0.00025300970445184734,0.00025300970445184734,1
/Users/yti0811/Desktop/FE_data/npj_CM01/NPJ_CM_Fig_Python/Public_Reproducibility_Package_V01/npjcm-free-energy-surrogate_Re3/Python_Codes/table/snapshots_split/alpha-TiAl_500K_snap00025.extxyz,alpha-TiAl,500,alpha-TiAl__500,-0.0009522524588385,2.029279761037693e-05,0.0009725452564488769,0.0009725452564488769,1
/Users/yti0811/Desktop/FE_data/npj_CM01/NPJ_CM_Fig_Python/Public_Reproducibility_Package_V01/npjcm-free-energy-surrogate_Re3/Python_Codes/table/snapshots_split/alpha-TiAl_500K_snap00026.extxyz,alpha-TiAl,500,alpha-TiAl__500,-0.0009226258610706,0.00011949768257686611,0.001042123543647466,0.001042123543647466,1
/Users/yti0811/Desktop/FE_data/npj_CM01/NPJ_CM_Fig_Python/Public_Reproducibility_Package_V01/npjcm-free-energy-surrogate_Re3/Python_Codes/table/snapshots_split/alpha-TiAl_500K_snap00027.extxyz,alpha-TiAl,500,alpha-TiAl__500,-0.0013043119484371,-0.00015544445610115578,0.0011488674923359442,0.0011488674923359442,1
/Users/yti0811/Desktop/FE_data/npj_CM01/NPJ_CM_Fig_Python/Public_Reproducibility_Package_V01/npjcm-free-energy-surrogate_Re3/Python_Codes/table/snapshots_split/alpha-TiAl_500K_snap00028.extxyz,alpha-TiAl,500,alpha-TiAl__500,-0.0010122544127489,0.00015788900785068812,0.001170143420599588,0.001170143420599588,1
/Users/yti0811/Desktop/FE_data/npj_CM01/NPJ_CM_Fig_Python/Public_Reproducibility_Package_V01/npjcm-free-energy-surrogate_Re3/Python_Codes/table/snapshots_split/alpha-TiAl_500K_snap00029.extxyz,alpha-TiAl,500,alpha-TiAl__500,-0.0010749180971938,3.207215140749685e-05,0.0011069902486012966,0.0011069902486012966,1
/Users/yti0811/Desktop/FE_data/npj_CM01/NPJ_CM_Fig_Python/Public_Reproducibility_Package_V01/npjcm-free-energy-surrogate_Re3/Python_Codes/table/snapshots_split/alpha-TiAl_500K_snap00030.extxyz,alpha-TiAl,500,alpha-TiAl__500,-0.0008549268758049,7.236288015312895e-05,0.0009272897559580289,0.0009272897559580289,1
/Users/yti0811/Desktop/FE_data/npj_CM01/NPJ_CM_Fig_Python/Public_Reproducibility_Package_V01/npjcm-free-energy-surrogate_Re3/Python_Codes/table/snapshots_split/alpha-TiAl_500K_snap00031.extxyz,alpha-TiAl,500,alpha-TiAl__500,-0.0008723206982894,-5.756384466265769e-05,0.0008147568536267423,0.0008147568536267423,1
/Users/yti0811/Desktop/FE_data/npj_CM01/NPJ_CM_Fig_Python/Public_Reproducibility_Package_V01/npjcm-free-energy-surrogate_Re3/Python_Codes/table/snapshots_split/alpha-TiAl_500K_snap00032.extxyz,alpha-TiAl,500,alpha-TiAl__500,-0.0005329596590133,5.586092664713709e-07,0.0005335182682797714,0.0005335182682797714,1
/Users/yti0811/Desktop/FE_data/npj_CM01/NPJ_CM_Fig_Python/Public_Reproducibility_Package_V01/npjcm-free-energy-surrogate_Re3/Python_Codes/table/snapshots_split/alpha-TiAl_500K_snap00033.extxyz,alpha-TiAl,500,alpha-TiAl__500,-0.0008081976311657,0.00017560454638801393,0.000983802177553714,0.000983802177553714,1
/Users/yti0811/Desktop/FE_data/npj_CM01/NPJ_CM_Fig_Python/Public_Reproducibility_Package_V01/npjcm-free-energy-surrogate_Re3/Python_Codes/table/snapshots_split/alpha-TiAl_500K_snap00034.extxyz,alpha-TiAl,500,alpha-TiAl__500,-0.00126839278726,0.00011632955986243059,0.0013847223471224305,0.0013847223471224305,1
/Users/yti0811/Desktop/FE_data/npj_CM01/NPJ_CM_Fig_Python/Public_Reproducibility_Package_V01/npjcm-free-energy-surrogate_Re3/Python_Codes/table/snapshots_split/alpha-TiAl_500K_snap00035.extxyz,alpha-TiAl,500,alpha-TiAl__500,-0.0010011524415497,-2.7380768335783694e-05,0.0009737716732139163,0.0009737716732139163,1
/Users/yti0811/Desktop/FE_data/npj_CM01/NPJ_CM_Fig_Python/Public_Reproducibility_Package_V01/npjcm-free-energy-surrogate_Re3/Python_Codes/table/snapshots_split/alpha-TiAl_500K_snap00036.extxyz,alpha-TiAl,500,alpha-TiAl__500,-0.0006275897022494,-0.00019371240322481743,0.0004338772990245826,0.0004338772990245826,1
/Users/yti0811/Desktop/FE_data/npj_CM01/NPJ_CM_Fig_Python/Public_Reproducibility_Package_V01/npjcm-free-energy-surrogate_Re3/Python_Codes/table/snapshots_split/alpha-TiAl_500K_snap00037.extxyz,alpha-TiAl,500,alpha-TiAl__500,-0.0012013521293985,0.00011696138999704915,0.0013183135193955493,0.0013183135193955493,1
/Users/yti0811/Desktop/FE_data/npj_CM01/NPJ_CM_Fig_Python/Public_Reproducibility_Package_V01/npjcm-free-energy-surrogate_Re3/Python_Codes/table/snapshots_split/alpha-TiAl_500K_snap00038.extxyz,alpha-TiAl,500,alpha-TiAl__500,-0.0013385865397222,-0.0002012337966448693,0.0011373527430773307,0.0011373527430773307,1
/Users/yti0811/Desktop/FE_data/npj_CM01/NPJ_CM_Fig_Python/Public_Reproducibility_Package_V01/npjcm-free-energy-surrogate_Re3/Python_Codes/table/snapshots_split/alpha-TiAl_500K_snap00039.extxyz,alpha-TiAl,500,alpha-TiAl__500,-0.0008661611766377,-8.413247983853317e-05,0.0007820286967991668,0.0007820286967991668,1
/Users/yti0811/Desktop/FE_data/npj_CM01/NPJ_CM_Fig_Python/Public_Reproducibility_Package_V01/npjcm-free-energy-surrogate_Re3/Python_Codes/table/snapshots_split/alpha-TiAl_500K_snap00040.extxyz,alpha-TiAl,500,alpha-TiAl__500,-0.0010492069240345,1.4815325535968028e-05,0.001064022249570468,0.001064022249570468,1
/Users/yti0811/Desktop/FE_data/npj_CM01/NPJ_CM_Fig_Python/Public_Reproducibility_Package_V01/npjcm-free-energy-surrogate_Re3/Python_Codes/table/snapshots_split/alpha-TiAl_500K_snap00041.extxyz,alpha-TiAl,500,alpha-TiAl__500,-0.0012165671894273,-0.00010673357419377675,0.0011098336152335232,0.0011098336152335232,1
/Users/yti0811/Desktop/FE_data/npj_CM01/NPJ_CM_Fig_Python/Public_Reproducibility_Package_V01/npjcm-free-energy-surrogate_Re3/Python_Codes/table/snapshots_split/alpha-TiAl_500K_snap00042.extxyz,alpha-TiAl,500,alpha-TiAl__500,-0.0009482908532945,5.629508807789951e-05,0.0010045859413723994,0.0010045859413723994,1
/Users/yti0811/Desktop/FE_data/npj_CM01/NPJ_CM_Fig_Python/Public_Reproducibility_Package_V01/npjcm-free-energy-surrogate_Re3/Python_Codes/table/snapshots_split/alpha-TiAl_500K_snap00043.extxyz,alpha-TiAl,500,alpha-TiAl__500,-0.0009157313038672,2.4560086660723596e-05,0.0009402913905279236,0.0009402913905279236,1
/Users/yti0811/Desktop/FE_data/npj_CM01/NPJ_CM_Fig_Python/Public_Reproducibility_Package_V01/npjcm-free-energy-surrogate_Re3/Python_Codes/table/snapshots_split/alpha-TiAl_500K_snap00044.extxyz,alpha-TiAl,500,alpha-TiAl__500,-0.0012958287860156,-4.406009775317259e-07,0.0012953881850380684,0.0012953881850380684,1
/Users/yti0811/Desktop/FE_data/npj_CM01/NPJ_CM_Fig_Python/Public_Reproducibility_Package_V01/npjcm-free-energy-surrogate_Re3/Python_Codes/table/snapshots_split/alpha-TiAl_500K_snap00045.extxyz,alpha-TiAl,500,alpha-TiAl__500,-0.0008830804162346,0.0001367962698961636,0.0010198766861307636,0.0010198766861307636,1
/Users/yti0811/Desktop/FE_data/npj_CM01/NPJ_CM_Fig_Python/Public_Reproducibility_Package_V01/npjcm-free-energy-surrogate_Re3/Python_Codes/table/snapshots_split/alpha-TiAl_500K_snap00046.extxyz,alpha-TiAl,500,alpha-TiAl__500,-0.0005200666770885,-0.00025059326589692407,0.0002694734111915759,0.0002694734111915759,1
/Users/yti0811/Desktop/FE_data/npj_CM01/NPJ_CM_Fig_Python/Public_Reproducibility_Package_V01/npjcm-free-energy-surrogate_Re3/Python_Codes/table/snapshots_split/alpha-TiAl_500K_snap00047.extxyz,alpha-TiAl,500,alpha-TiAl__500,-0.0007890373385396,0.00010200212848599714,0.0008910394670255972,0.0008910394670255972,1
/Users/yti0811/Desktop/FE_data/npj_CM01/NPJ_CM_Fig_Python/Public_Reproducibility_Package_V01/npjcm-free-energy-surrogate_Re3/Python_Codes/table/snapshots_split/alpha-TiAl_500K_snap00048.extxyz,alpha-TiAl,500,alpha-TiAl__500,-0.0007519386367071,-4.4241024147189116e-05,0.0007076976125599109,0.0007076976125599109,1
/Users/yti0811/Desktop/FE_data/npj_CM01/NPJ_CM_Fig_Python/Public_Reproducibility_Package_V01/npjcm-free-energy-surrogate_Re3/Python_Codes/table/snapshots_split/alpha-TiAl_500K_snap00049.extxyz,alpha-TiAl,500,alpha-TiAl__500,-0.0009524450759315,0.00017942893155913303,0.001131874007490633,0.001131874007490633,1
/Users/yti0811/Desktop/FE_data/npj_CM01/NPJ_CM_Fig_Python/Public_Reproducibility_Package_V01/npjcm-free-energy-surrogate_Re3/Python_Codes/table/snapshots_split/alpha-TiAl_500K_snap00050.extxyz,alpha-TiAl,500,alpha-TiAl__500,-0.0012176904588399,-4.344845966955575e-05,0.0011742419991703445,0.0011742419991703445,1
/Users/yti0811/Desktop/FE_data/npj_CM01/NPJ_CM_Fig_Python/Public_Reproducibility_Package_V01/npjcm-free-energy-surrogate_Re3/Python_Codes/table/snapshots_split/alpha-TiAl_500K_snap00051.extxyz,alpha-TiAl,500,alpha-TiAl__500,-0.0009812769366225,0.0004051496912965451,0.001386426627919045,0.001386426627919045,1
/Users/yti0811/Desktop/FE_data/npj_CM01/NPJ_CM_Fig_Python/Public_Reproducibility_Package_V01/npjcm-free-energy-surrogate_Re3/Python_Codes/table/snapshots_split/alpha-TiAl_500K_snap00052.extxyz,alpha-TiAl,500,alpha-TiAl__500,-0.0007917761686996,-0.0003844222263983953,0.0004073539423012047,0.0004073539423012047,1
/Users/yti0811/Desktop/FE_data/npj_CM01/NPJ_CM_Fig_Python/Public_Reproducibility_Package_V01/npjcm-free-energy-surrogate_Re3/Python_Codes/table/snapshots_split/alpha-TiAl_500K_snap00053.extxyz,alpha-TiAl,500,alpha-TiAl__500,-0.0007846453433515,0.00018316501383733416,0.0009678103571888341,0.0009678103571888341,1
/Users/yti0811/Desktop/FE_data/npj_CM01/NPJ_CM_Fig_Python/Public_Reproducibility_Package_V01/npjcm-free-energy-surrogate_Re3/Python_Codes/table/snapshots_split/alpha-TiAl_500K_snap00054.extxyz,alpha-TiAl,500,alpha-TiAl__500,-0.0010179828783911,-0.0003452206045158299,0.0006727622738752702,0.0006727622738752702,1
/Users/yti0811/Desktop/FE_data/npj_CM01/NPJ_CM_Fig_Python/Public_Reproducibility_Package_V01/npjcm-free-energy-surrogate_Re3/Python_Codes/table/snapshots_split/alpha-TiAl_500K_snap00055.extxyz,alpha-TiAl,500,alpha-TiAl__500,-0.0011781984780273,9.327108326302638e-05,0.0012714695612903262,0.0012714695612903262,1
/Users/yti0811/Desktop/FE_data/npj_CM01/NPJ_CM_Fig_Python/Public_Reproducibility_Package_V01/npjcm-free-energy-surrogate_Re3/Python_Codes/table/snapshots_split/alpha-TiAl_500K_snap00056.extxyz,alpha-TiAl,500,alpha-TiAl__500,-0.0005170205610562,-0.00015113195248849117,0.0003658886085677088,0.0003658886085677088,1
/Users/yti0811/Desktop/FE_data/npj_CM01/NPJ_CM_Fig_Python/Public_Reproducibility_Package_V01/npjcm-free-energy-surrogate_Re3/Python_Codes/table/snapshots_split/alpha-TiAl_500K_snap00057.extxyz,alpha-TiAl,500,alpha-TiAl__500,-0.0010460485974422,-0.00018283387209030435,0.0008632147253518957,0.0008632147253518957,1
/Users/yti0811/Desktop/FE_data/npj_CM01/NPJ_CM_Fig_Python/Public_Reproducibility_Package_V01/npjcm-free-energy-surrogate_Re3/Python_Codes/table/snapshots_split/alpha-TiAl_500K_snap00058.extxyz,alpha-TiAl,500,alpha-TiAl__500,-0.001120629991071,8.975839698868151e-05,0.0012103883880596814,0.0012103883880596814,1
/Users/yti0811/Desktop/FE_data/npj_CM01/NPJ_CM_Fig_Python/Public_Reproducibility_Package_V01/npjcm-free-energy-surrogate_Re3/Python_Codes/table/snapshots_split/alpha-TiAl_500K_snap00059.extxyz,alpha-TiAl,500,alpha-TiAl__500,-0.0006851751049588,-0.00029854579273033124,0.00038662931222846876,0.00038662931222846876,1
/Users/yti0811/Desktop/FE_data/npj_CM01/NPJ_CM_Fig_Python/Public_Reproducibility_Package_V01/npjcm-free-energy-surrogate_Re3/Python_Codes/table/snapshots_split/alpha-TiAl_500K_snap00060.extxyz,alpha-TiAl,500,alpha-TiAl__500,-0.0007696409410211,-6.753988874487005e-05,0.0007021010522762299,0.0007021010522762299,1
/Users/yti0811/Desktop/FE_data/npj_CM01/NPJ_CM_Fig_Python/Public_Reproducibility_Package_V01/npjcm-free-energy-surrogate_Re3/Python_Codes/table/snapshots_split/alpha-TiAl_500K_snap00061.extxyz,alpha-TiAl,500,alpha-TiAl__500,-0.0012521096481218,0.00024424309922978324,0.0014963527473515832,0.0014963527473515832,1
/Users/yti0811/Desktop/FE_data/npj_CM01/NPJ_CM_Fig_Python/Public_Reproducibility_Package_V01/npjcm-free-energy-surrogate_Re3/Python_Codes/table/snapshots_split/alpha-TiAl_500K_snap00062.extxyz,alpha-TiAl,500,alpha-TiAl__500,-0.001047955433636,-0.00019480678795539077,0.0008531486456806093,0.0008531486456806093,1
/Users/yti0811/Desktop/FE_data/npj_CM01/NPJ_CM_Fig_Python/Public_Reproducibility_Package_V01/npjcm-free-energy-surrogate_Re3/Python_Codes/table/snapshots_split/alpha-TiAl_500K_snap00063.extxyz,alpha-TiAl,500,alpha-TiAl__500,-0.0006098546599639,0.00016611924135731017,0.0007759739013212102,0.0007759739013212102,1
/Users/yti0811/Desktop/FE_data/npj_CM01/NPJ_CM_Fig_Python/Public_Reproducibility_Package_V01/npjcm-free-energy-surrogate_Re3/Python_Codes/table/snapshots_split/alpha-TiAl_500K_snap00064.extxyz,alpha-TiAl,500,alpha-TiAl__500,-0.0008431277083245,9.446192554271983e-06,0.000852573900878772,0.000852573900878772,1
/Users/yti0811/Desktop/FE_data/npj_CM01/NPJ_CM_Fig_Python/Public_Reproducibility_Package_V01/npjcm-free-energy-surrogate_Re3/Python_Codes/table/snapshots_split/alpha-TiAl_500K_snap00065.extxyz,alpha-TiAl,500,alpha-TiAl__500,-0.0007399269298399,-0.00013006366320637342,0.0006098632666335265,0.0006098632666335265,1
/Users/yti0811/Desktop/FE_data/npj_CM01/NPJ_CM_Fig_Python/Public_Reproducibility_Package_V01/npjcm-free-energy-surrogate_Re3/Python_Codes/table/snapshots_split/alpha-TiAl_500K_snap00066.extxyz,alpha-TiAl,500,alpha-TiAl__500,-0.0008049870820726,0.0004951910359467818,0.0013001781180193817,0.0013001781180193817,1
/Users/yti0811/Desktop/FE_data/npj_CM01/NPJ_CM_Fig_Python/Public_Reproducibility_Package_V01/npjcm-free-energy-surrogate_Re3/Python_Codes/table/snapshots_split/alpha-TiAl_500K_snap00067.extxyz,alpha-TiAl,500,alpha-TiAl__500,-0.001228969301402,-0.00022120484003905255,0.0010077644613629474,0.0010077644613629474,1
/Users/yti0811/Desktop/FE_data/npj_CM01/NPJ_CM_Fig_Python/Public_Reproducibility_Package_V01/npjcm-free-energy-surrogate_Re3/Python_Codes/table/snapshots_split/alpha-TiAl_500K_snap00068.extxyz,alpha-TiAl,500,alpha-TiAl__500,-0.0011897766262417,5.94182104746904e-05,0.0012491948367163905,0.0012491948367163905,1
/Users/yti0811/Desktop/FE_data/npj_CM01/NPJ_CM_Fig_Python/Public_Reproducibility_Package_V01/npjcm-free-energy-surrogate_Re3/Python_Codes/table/snapshots_split/alpha-TiAl_500K_snap00069.extxyz,alpha-TiAl,500,alpha-TiAl__500,-0.0009883746099426,-0.0002668480708458645,0.0007215265390967356,0.0007215265390967356,1
/Users/yti0811/Desktop/FE_data/npj_CM01/NPJ_CM_Fig_Python/Public_Reproducibility_Package_V01/npjcm-free-energy-surrogate_Re3/Python_Codes/table/snapshots_split/alpha-TiAl_500K_snap00070.extxyz,alpha-TiAl,500,alpha-TiAl__500,-0.0008987450807565,-0.0001434333158249403,0.0007553117649315597,0.0007553117649315597,1
/Users/yti0811/Desktop/FE_data/npj_CM01/NPJ_CM_Fig_Python/Public_Reproducibility_Package_V01/npjcm-free-energy-surrogate_Re3/Python_Codes/table/snapshots_split/alpha-TiAl_500K_snap00071.extxyz,alpha-TiAl,500,alpha-TiAl__500,-0.0006786587623039,0.00022692573331571143,0.0009055844956196114,0.0009055844956196114,1
/Users/yti0811/Desktop/FE_data/npj_CM01/NPJ_CM_Fig_Python/Public_Reproducibility_Package_V01/npjcm-free-energy-surrogate_Re3/Python_Codes/table/snapshots_split/alpha-TiAl_500K_snap00072.extxyz,alpha-TiAl,500,alpha-TiAl__500,-0.001158816975174,-4.4220696385209894e-05,0.00111459627878879,0.00111459627878879,1
/Users/yti0811/Desktop/FE_data/npj_CM01/NPJ_CM_Fig_Python/Public_Reproducibility_Package_V01/npjcm-free-energy-surrogate_Re3/Python_Codes/table/snapshots_split/alpha-TiAl_500K_snap00073.extxyz,alpha-TiAl,500,alpha-TiAl__500,-0.0008238081865973,7.332418404026604e-05,0.000897132370637566,0.000897132370637566,1
/Users/yti0811/Desktop/FE_data/npj_CM01/NPJ_CM_Fig_Python/Public_Reproducibility_Package_V01/npjcm-free-energy-surrogate_Re3/Python_Codes/table/snapshots_split/alpha-TiAl_500K_snap00074.extxyz,alpha-TiAl,500,alpha-TiAl__500,-0.0007443987604905,2.7474790582886904e-05,0.0007718735510733869,0.0007718735510733869,1
/Users/yti0811/Desktop/FE_data/npj_CM01/NPJ_CM_Fig_Python/Public_Reproducibility_Package_V01/npjcm-free-energy-surrogate_Re3/Python_Codes/table/snapshots_split/alpha-TiAl_500K_snap00075.extxyz,alpha-TiAl,500,alpha-TiAl__500,-0.0012483242065766,0.00022640721901267895,0.001474731425589279,0.001474731425589279,1
/Users/yti0811/Desktop/FE_data/npj_CM01/NPJ_CM_Fig_Python/Public_Reproducibility_Package_V01/npjcm-free-energy-surrogate_Re3/Python_Codes/table/snapshots_split/alpha-TiAl_500K_snap00076.extxyz,alpha-TiAl,500,alpha-TiAl__500,-0.0006090482105794,-1.2801773232075158e-05,0.0005962464373473248,0.0005962464373473248,1
/Users/yti0811/Desktop/FE_data/npj_CM01/NPJ_CM_Fig_Python/Public_Reproducibility_Package_V01/npjcm-free-energy-surrogate_Re3/Python_Codes/table/snapshots_split/alpha-TiAl_500K_snap00077.extxyz,alpha-TiAl,500,alpha-TiAl__500,-0.000758022145205,-3.0281864230878542e-05,0.0007277402809741214,0.0007277402809741214,1
/Users/yti0811/Desktop/FE_data/npj_CM01/NPJ_CM_Fig_Python/Public_Reproducibility_Package_V01/npjcm-free-energy-surrogate_Re3/Python_Codes/table/snapshots_split/alpha-TiAl_500K_snap00078.extxyz,alpha-TiAl,500,alpha-TiAl__500,-0.000760807815631,4.854062246656735e-05,0.0008093484380975673,0.0008093484380975673,1
/Users/yti0811/Desktop/FE_data/npj_CM01/NPJ_CM_Fig_Python/Public_Reproducibility_Package_V01/npjcm-free-energy-surrogate_Re3/Python_Codes/table/snapshots_split/alpha-TiAl_500K_snap00079.extxyz,alpha-TiAl,500,alpha-TiAl__500,-0.0008901444737859,-0.00015897038233459793,0.0007311740914513021,0.0007311740914513021,1
/Users/yti0811/Desktop/FE_data/npj_CM01/NPJ_CM_Fig_Python/Public_Reproducibility_Package_V01/npjcm-free-energy-surrogate_Re3/Python_Codes/table/snapshots_split/alpha-TiAl_500K_snap00080.extxyz,alpha-TiAl,500,alpha-TiAl__500,-0.0008267417399744,0.00030762565662157754,0.0011343673965959775,0.0011343673965959775,1
/Users/yti0811/Desktop/FE_data/npj_CM01/NPJ_CM_Fig_Python/Public_Reproducibility_Package_V01/npjcm-free-energy-surrogate_Re3/Python_Codes/table/snapshots_split/alpha-TiAl_500K_snap00081.extxyz,alpha-TiAl,500,alpha-TiAl__500,-0.0011195136564331,-0.00034483358328845227,0.0007746800731446478,0.0007746800731446478,1
/Users/yti0811/Desktop/FE_data/npj_CM01/NPJ_CM_Fig_Python/Public_Reproducibility_Package_V01/npjcm-free-energy-surrogate_Re3/Python_Codes/table/snapshots_split/alpha-TiAl_500K_snap00082.extxyz,alpha-TiAl,500,alpha-TiAl__500,-0.0007219959333646,-9.676725143173794e-05,0.0006252286819328621,0.0006252286819328621,1
/Users/yti0811/Desktop/FE_data/npj_CM01/NPJ_CM_Fig_Python/Public_Reproducibility_Package_V01/npjcm-free-energy-surrogate_Re3/Python_Codes/table/snapshots_split/alpha-TiAl_500K_snap00083.extxyz,alpha-TiAl,500,alpha-TiAl__500,-0.0012109757700136,1.3982348097274044e-05,0.001224958118110874,0.001224958118110874,1
/Users/yti0811/Desktop/FE_data/npj_CM01/NPJ_CM_Fig_Python/Public_Reproducibility_Package_V01/npjcm-free-energy-surrogate_Re3/Python_Codes/table/snapshots_split/alpha-TiAl_500K_snap00084.extxyz,alpha-TiAl,500,alpha-TiAl__500,-0.0009677717708909,7.702291291100118e-05,0.0010447946838019013,0.0010447946838019013,1
/Users/yti0811/Desktop/FE_data/npj_CM01/NPJ_CM_Fig_Python/Public_Reproducibility_Package_V01/npjcm-free-energy-surrogate_Re3/Python_Codes/table/snapshots_split/alpha-TiAl_500K_snap00085.extxyz,alpha-TiAl,500,alpha-TiAl__500,-0.001300353574142,2.4229381935528304e-05,0.0013245829560775283,0.0013245829560775283,1
/Users/yti0811/Desktop/FE_data/npj_CM01/NPJ_CM_Fig_Python/Public_Reproducibility_Package_V01/npjcm-free-energy-surrogate_Re3/Python_Codes/table/snapshots_split/alpha-TiAl_500K_snap00086.extxyz,alpha-TiAl,500,alpha-TiAl__500,-0.0011657853993432,0.00024669810716486623,0.0014124835065080661,0.0014124835065080661,1
/Users/yti0811/Desktop/FE_data/npj_CM01/NPJ_CM_Fig_Python/Public_Reproducibility_Package_V01/npjcm-free-energy-surrogate_Re3/Python_Codes/table/snapshots_split/alpha-TiAl_500K_snap00087.extxyz,alpha-TiAl,500,alpha-TiAl__500,-0.001148191380639,-6.566997686804855e-05,0.0010825214037709515,0.0010825214037709515,1
/Users/yti0811/Desktop/FE_data/npj_CM01/NPJ_CM_Fig_Python/Public_Reproducibility_Package_V01/npjcm-free-energy-surrogate_Re3/Python_Codes/table/snapshots_split/alpha-TiAl_500K_snap00088.extxyz,alpha-TiAl,500,alpha-TiAl__500,-0.0008673145026971,9.786404303442793e-05,0.0009651785457315279,0.0009651785457315279,1
/Users/yti0811/Desktop/FE_data/npj_CM01/NPJ_CM_Fig_Python/Public_Reproducibility_Package_V01/npjcm-free-energy-surrogate_Re3/Python_Codes/table/snapshots_split/alpha-TiAl_500K_snap00089.extxyz,alpha-TiAl,500,alpha-TiAl__500,-0.0011670871497991,-4.9269287929877754e-05,0.0011178178618692224,0.0011178178618692224,1
/Users/yti0811/Desktop/FE_data/npj_CM01/NPJ_CM_Fig_Python/Public_Reproducibility_Package_V01/npjcm-free-energy-surrogate_Re3/Python_Codes/table/snapshots_split/alpha-TiAl_500K_snap00090.extxyz,alpha-TiAl,500,alpha-TiAl__500,-0.0008367051345201,-0.00018529888656745603,0.000651406247952644,0.000651406247952644,1
/Users/yti0811/Desktop/FE_data/npj_CM01/NPJ_CM_Fig_Python/Public_Reproducibility_Package_V01/npjcm-free-energy-surrogate_Re3/Python_Codes/table/snapshots_split/alpha-TiAl_500K_snap00091.extxyz,alpha-TiAl,500,alpha-TiAl__500,-0.0007957093906273,-6.969357934222742e-05,0.0007260158112850725,0.0007260158112850725,1
/Users/yti0811/Desktop/FE_data/npj_CM01/NPJ_CM_Fig_Python/Public_Reproducibility_Package_V01/npjcm-free-energy-surrogate_Re3/Python_Codes/table/snapshots_split/alpha-TiAl_500K_snap00092.extxyz,alpha-TiAl,500,alpha-TiAl__500,-0.0008805123195791,2.1313961213896364e-05,0.0009018262807929964,0.0009018262807929964,1
/Users/yti0811/Desktop/FE_data/npj_CM01/NPJ_CM_Fig_Python/Public_Reproducibility_Package_V01/npjcm-free-energy-surrogate_Re3/Python_Codes/table/snapshots_split/alpha-TiAl_500K_snap00093.extxyz,alpha-TiAl,500,alpha-TiAl__500,-0.0007336884053188,-3.034159489184328e-05,0.0007033468104269568,0.0007033468104269568,1
/Users/yti0811/Desktop/FE_data/npj_CM01/NPJ_CM_Fig_Python/Public_Reproducibility_Package_V01/npjcm-free-energy-surrogate_Re3/Python_Codes/table/snapshots_split/alpha-TiAl_500K_snap00094.extxyz,alpha-TiAl,500,alpha-TiAl__500,-0.0008750670593808,0.00012057879157222355,0.0009956458509530236,0.0009956458509530236,1
/Users/yti0811/Desktop/FE_data/npj_CM01/NPJ_CM_Fig_Python/Public_Reproducibility_Package_V01/npjcm-free-energy-surrogate_Re3/Python_Codes/table/snapshots_split/alpha-TiAl_500K_snap00095.extxyz,alpha-TiAl,500,alpha-TiAl__500,-0.0006257771207912,-0.00013280405605425904,0.0004929730647369409,0.0004929730647369409,1
/Users/yti0811/Desktop/FE_data/npj_CM01/NPJ_CM_Fig_Python/Public_Reproducibility_Package_V01/npjcm-free-energy-surrogate_Re3/Python_Codes/table/snapshots_split/alpha-TiAl_500K_snap00096.extxyz,alpha-TiAl,500,alpha-TiAl__500,-0.0011222127898352,-0.0002653301064841363,0.0008568826833510638,0.0008568826833510638,1
/Users/yti0811/Desktop/FE_data/npj_CM01/NPJ_CM_Fig_Python/Public_Reproducibility_Package_V01/npjcm-free-energy-surrogate_Re3/Python_Codes/table/snapshots_split/alpha-TiAl_500K_snap00097.extxyz,alpha-TiAl,500,alpha-TiAl__500,-0.0003779996294621,0.00021051855060848159,0.0005885181800705816,0.0005885181800705816,1
/Users/yti0811/Desktop/FE_data/npj_CM01/NPJ_CM_Fig_Python/Public_Reproducibility_Package_V01/npjcm-free-energy-surrogate_Re3/Python_Codes/table/snapshots_split/alpha-TiAl_500K_snap00098.extxyz,alpha-TiAl,500,alpha-TiAl__500,-0.0010861779198051,-0.00013031653283384769,0.0009558613869712523,0.0009558613869712523,1
/Users/yti0811/Desktop/FE_data/npj_CM01/NPJ_CM_Fig_Python/Public_Reproducibility_Package_V01/npjcm-free-energy-surrogate_Re3/Python_Codes/table/snapshots_split/alpha-TiAl_500K_snap00099.extxyz,alpha-TiAl,500,alpha-TiAl__500,-0.0010612113537789,0.00012329072288729567,0.0011845020766661956,0.0011845020766661956,1
/Users/yti0811/Desktop/FE_data/npj_CM01/NPJ_CM_Fig_Python/Public_Reproducibility_Package_V01/npjcm-free-energy-surrogate_Re3/Python_Codes/table/snapshots_split/alpha-TiAl_600K_snap00000.extxyz,alpha-TiAl,600,alpha-TiAl__600,9.49585062026692e-05,0.0006295338790111854,0.0005345753728085162,0.0005345753728085162,0
/Users/yti0811/Desktop/FE_data/npj_CM01/NPJ_CM_Fig_Python/Public_Reproducibility_Package_V01/npjcm-free-energy-surrogate_Re3/Python_Codes/table/snapshots_split/alpha-TiAl_600K_snap00001.extxyz,alpha-TiAl,600,alpha-TiAl__600,-0.0005203549049022,0.000596564697259114,0.001116919602161314,0.001116919602161314,0
/Users/yti0811/Desktop/FE_data/npj_CM01/NPJ_CM_Fig_Python/Public_Reproducibility_Package_V01/npjcm-free-energy-surrogate_Re3/Python_Codes/table/snapshots_split/alpha-TiAl_600K_snap00002.extxyz,alpha-TiAl,600,alpha-TiAl__600,0.0003655194330449,0.0006483451674298891,0.00028282573438498913,0.00028282573438498913,0
/Users/yti0811/Desktop/FE_data/npj_CM01/NPJ_CM_Fig_Python/Public_Reproducibility_Package_V01/npjcm-free-energy-surrogate_Re3/Python_Codes/table/snapshots_split/alpha-TiAl_600K_snap00003.extxyz,alpha-TiAl,600,alpha-TiAl__600,-0.000677303299756,0.00023397851947600478,0.0009112818192320047,0.0009112818192320047,0
/Users/yti0811/Desktop/FE_data/npj_CM01/NPJ_CM_Fig_Python/Public_Reproducibility_Package_V01/npjcm-free-energy-surrogate_Re3/Python_Codes/table/snapshots_split/alpha-TiAl_600K_snap00004.extxyz,alpha-TiAl,600,alpha-TiAl__600,-0.0004829003167707,0.0008740785526521194,0.0013569788694228193,0.0013569788694228193,0
/Users/yti0811/Desktop/FE_data/npj_CM01/NPJ_CM_Fig_Python/Public_Reproducibility_Package_V01/npjcm-free-energy-surrogate_Re3/Python_Codes/table/snapshots_split/alpha-TiAl_600K_snap00005.extxyz,alpha-TiAl,600,alpha-TiAl__600,-0.0005328877211163,0.0007030257459447697,0.0012359134670610699,0.0012359134670610699,0
/Users/yti0811/Desktop/FE_data/npj_CM01/NPJ_CM_Fig_Python/Public_Reproducibility_Package_V01/npjcm-free-energy-surrogate_Re3/Python_Codes/table/snapshots_split/alpha-TiAl_600K_snap00006.extxyz,alpha-TiAl,600,alpha-TiAl__600,5.704450694876684e-05,0.00046547622726553705,0.0004084317203167702,0.0004084317203167702,0
/Users/yti0811/Desktop/FE_data/npj_CM01/NPJ_CM_Fig_Python/Public_Reproducibility_Package_V01/npjcm-free-energy-surrogate_Re3/Python_Codes/table/snapshots_split/alpha-TiAl_600K_snap00007.extxyz,alpha-TiAl,600,alpha-TiAl__600,-0.0008473262483534,0.00034473517274749793,0.001192061421100898,0.001192061421100898,0
/Users/yti0811/Desktop/FE_data/npj_CM01/NPJ_CM_Fig_Python/Public_Reproducibility_Package_V01/npjcm-free-energy-surrogate_Re3/Python_Codes/table/snapshots_split/alpha-TiAl_600K_snap00008.extxyz,alpha-TiAl,600,alpha-TiAl__600,-0.0004158841456738,0.0005630490572729731,0.000978933202946773,0.000978933202946773,0
/Users/yti0811/Desktop/FE_data/npj_CM01/NPJ_CM_Fig_Python/Public_Reproducibility_Package_V01/npjcm-free-energy-surrogate_Re3/Python_Codes/table/snapshots_split/alpha-TiAl_600K_snap00009.extxyz,alpha-TiAl,600,alpha-TiAl__600,-0.0003527246174921,0.00046411841072843305,0.000816843028220533,0.000816843028220533,0
/Users/yti0811/Desktop/FE_data/npj_CM01/NPJ_CM_Fig_Python/Public_Reproducibility_Package_V01/npjcm-free-energy-surrogate_Re3/Python_Codes/table/snapshots_split/alpha-TiAl_600K_snap00010.extxyz,alpha-TiAl,600,alpha-TiAl__600,-0.0007655534007597,0.000774554097911632,0.001540107498671332,0.001540107498671332,0
/Users/yti0811/Desktop/FE_data/npj_CM01/NPJ_CM_Fig_Python/Public_Reproducibility_Package_V01/npjcm-free-energy-surrogate_Re3/Python_Codes/table/snapshots_split/alpha-TiAl_600K_snap00011.extxyz,alpha-TiAl,600,alpha-TiAl__600,-0.0005231175115159,0.000871620050656217,0.001394737562172117,0.001394737562172117,0
/Users/yti0811/Desktop/FE_data/npj_CM01/NPJ_CM_Fig_Python/Public_Reproducibility_Package_V01/npjcm-free-energy-surrogate_Re3/Python_Codes/table/snapshots_split/alpha-TiAl_600K_snap00012.extxyz,alpha-TiAl,600,alpha-TiAl__600,-0.00067571732886,0.0007611376498504119,0.001436854978710412,0.001436854978710412,0
/Users/yti0811/Desktop/FE_data/npj_CM01/NPJ_CM_Fig_Python/Public_Reproducibility_Package_V01/npjcm-free-energy-surrogate_Re3/Python_Codes/table/snapshots_split/alpha-TiAl_600K_snap00013.extxyz,alpha-TiAl,600,alpha-TiAl__600,-0.0004258718034972,0.0005207695259609215,0.0009466413294581216,0.0009466413294581216,0
/Users/yti0811/Desktop/FE_data/npj_CM01/NPJ_CM_Fig_Python/Public_Reproducibility_Package_V01/npjcm-free-energy-surrogate_Re3/Python_Codes/table/snapshots_split/alpha-TiAl_600K_snap00014.extxyz,alpha-TiAl,600,alpha-TiAl__600,-0.000480486068906,0.0003715320288056205,0.0008520180977116204,0.0008520180977116204,0
/Users/yti0811/Desktop/FE_data/npj_CM01/NPJ_CM_Fig_Python/Public_Reproducibility_Package_V01/npjcm-free-energy-surrogate_Re3/Python_Codes/table/snapshots_split/alpha-TiAl_600K_snap00015.extxyz,alpha-TiAl,600,alpha-TiAl__600,-0.0001802497218084,0.0006051310073524866,0.0007853807291608866,0.0007853807291608866,0
/Users/yti0811/Desktop/FE_data/npj_CM01/NPJ_CM_Fig_Python/Public_Reproducibility_Package_V01/npjcm-free-energy-surrogate_Re3/Python_Codes/table/snapshots_split/alpha-TiAl_600K_snap00016.extxyz,alpha-TiAl,600,alpha-TiAl__600,-0.0005152464660684,0.0005524051567707666,0.0010676516228391667,0.0010676516228391667,0
/Users/yti0811/Desktop/FE_data/npj_CM01/NPJ_CM_Fig_Python/Public_Reproducibility_Package_V01/npjcm-free-energy-surrogate_Re3/Python_Codes/table/snapshots_split/alpha-TiAl_600K_snap00017.extxyz,alpha-TiAl,600,alpha-TiAl__600,-0.0002559100495651,0.0010288123519497675,0.0012847224015148677,0.0012847224015148677,0
/Users/yti0811/Desktop/FE_data/npj_CM01/NPJ_CM_Fig_Python/Public_Reproducibility_Package_V01/npjcm-free-energy-surrogate_Re3/Python_Codes/table/snapshots_split/alpha-TiAl_600K_snap00018.extxyz,alpha-TiAl,600,alpha-TiAl__600,-5.6011549859125154e-05,0.00040980845466265096,0.0004658200045217761,0.0004658200045217761,0
/Users/yti0811/Desktop/FE_data/npj_CM01/NPJ_CM_Fig_Python/Public_Reproducibility_Package_V01/npjcm-free-energy-surrogate_Re3/Python_Codes/table/snapshots_split/alpha-TiAl_600K_snap00019.extxyz,alpha-TiAl,600,alpha-TiAl__600,-0.0002308401753805,0.0009755805995451662,0.0012064207749256663,0.0012064207749256663,0
/Users/yti0811/Desktop/FE_data/npj_CM01/NPJ_CM_Fig_Python/Public_Reproducibility_Package_V01/npjcm-free-energy-surrogate_Re3/Python_Codes/table/snapshots_split/alpha-TiAl_600K_snap00020.extxyz,alpha-TiAl,600,alpha-TiAl__600,-0.0007959394404308,0.0008367062241353222,0.001632645664566122,0.001632645664566122,0
/Users/yti0811/Desktop/FE_data/npj_CM01/NPJ_CM_Fig_Python/Public_Reproducibility_Package_V01/npjcm-free-energy-surrogate_Re3/Python_Codes/table/snapshots_split/alpha-TiAl_600K_snap00021.extxyz,alpha-TiAl,600,alpha-TiAl__600,-0.0006393365670702,0.000846436593062192,0.001485773160132392,0.001485773160132392,0
/Users/yti0811/Desktop/FE_data/npj_CM01/NPJ_CM_Fig_Python/Public_Reproducibility_Package_V01/npjcm-free-energy-surrogate_Re3/Python_Codes/table/snapshots_split/alpha-TiAl_600K_snap00022.extxyz,alpha-TiAl,600,alpha-TiAl__600,-0.0005461978086507,0.001002763651754902,0.001548961460405602,0.001548961460405602,0
/Users/yti0811/Desktop/FE_data/npj_CM01/NPJ_CM_Fig_Python/Public_Reproducibility_Package_V01/npjcm-free-energy-surrogate_Re3/Python_Codes/table/snapshots_split/alpha-TiAl_600K_snap00023.extxyz,alpha-TiAl,600,alpha-TiAl__600,-0.0004432911636027,0.0008224014917841282,0.0012656926553868283,0.0012656926553868283,0
/Users/yti0811/Desktop/FE_data/npj_CM01/NPJ_CM_Fig_Python/Public_Reproducibility_Package_V01/npjcm-free-energy-surrogate_Re3/Python_Codes/table/snapshots_split/alpha-TiAl_600K_snap00024.extxyz,alpha-TiAl,600,alpha-TiAl__600,-0.0007221124493246,0.0007002105595263129,0.001422323008850913,0.001422323008850913,0
/Users/yti0811/Desktop/FE_data/npj_CM01/NPJ_CM_Fig_Python/Public_Reproducibility_Package_V01/npjcm-free-energy-surrogate_Re3/Python_Codes/table/snapshots_split/alpha-TiAl_600K_snap00025.extxyz,alpha-TiAl,600,alpha-TiAl__600,-0.0003038747181505,0.0005533375724035341,0.0008572122905540341,0.0008572122905540341,0
/Users/yti0811/Desktop/FE_data/npj_CM01/NPJ_CM_Fig_Python/Public_Reproducibility_Package_V01/npjcm-free-energy-surrogate_Re3/Python_Codes/table/snapshots_split/alpha-TiAl_600K_snap00026.extxyz,alpha-TiAl,600,alpha-TiAl__600,-0.0003006035346539,0.0007030587812466084,0.0010036623159005084,0.0010036623159005084,0
/Users/yti0811/Desktop/FE_data/npj_CM01/NPJ_CM_Fig_Python/Public_Reproducibility_Package_V01/npjcm-free-energy-surrogate_Re3/Python_Codes/table/snapshots_split/alpha-TiAl_600K_snap00027.extxyz,alpha-TiAl,600,alpha-TiAl__600,-0.0008713475206181,0.0008846394762977639,0.0017559869969158638,0.0017559869969158638,0
/Users/yti0811/Desktop/FE_data/npj_CM01/NPJ_CM_Fig_Python/Public_Reproducibility_Package_V01/npjcm-free-energy-surrogate_Re3/Python_Codes/table/snapshots_split/alpha-TiAl_600K_snap00028.extxyz,alpha-TiAl,600,alpha-TiAl__600,0.0002919850402878,0.0004560394647936116,0.0001640544245058116,0.0001640544245058116,0
/Users/yti0811/Desktop/FE_data/npj_CM01/NPJ_CM_Fig_Python/Public_Reproducibility_Package_V01/npjcm-free-energy-surrogate_Re3/Python_Codes/table/snapshots_split/alpha-TiAl_600K_snap00029.extxyz,alpha-TiAl,600,alpha-TiAl__600,-0.0004605690944257,0.0006818827484316696,0.0011424518428573695,0.0011424518428573695,0
/Users/yti0811/Desktop/FE_data/npj_CM01/NPJ_CM_Fig_Python/Public_Reproducibility_Package_V01/npjcm-free-energy-surrogate_Re3/Python_Codes/table/snapshots_split/alpha-TiAl_600K_snap00030.extxyz,alpha-TiAl,600,alpha-TiAl__600,-0.0004147712763864,0.0009510400750191475,0.0013658113514055474,0.0013658113514055474,0
/Users/yti0811/Desktop/FE_data/npj_CM01/NPJ_CM_Fig_Python/Public_Reproducibility_Package_V01/npjcm-free-energy-surrogate_Re3/Python_Codes/table/snapshots_split/alpha-TiAl_600K_snap00031.extxyz,alpha-TiAl,600,alpha-TiAl__600,-0.0007302076141875,0.0006632363836918585,0.0013934439978793584,0.0013934439978793584,0
/Users/yti0811/Desktop/FE_data/npj_CM01/NPJ_CM_Fig_Python/Public_Reproducibility_Package_V01/npjcm-free-energy-surrogate_Re3/Python_Codes/table/snapshots_split/alpha-TiAl_600K_snap00032.extxyz,alpha-TiAl,600,alpha-TiAl__600,-0.0005765975821171,0.00045040061950226546,0.0010269982016193654,0.0010269982016193654,0
/Users/yti0811/Desktop/FE_data/npj_CM01/NPJ_CM_Fig_Python/Public_Reproducibility_Package_V01/npjcm-free-energy-surrogate_Re3/Python_Codes/table/snapshots_split/alpha-TiAl_600K_snap00033.extxyz,alpha-TiAl,600,alpha-TiAl__600,-7.868526733600945e-05,0.0007173674934655834,0.0007960527608015928,0.0007960527608015928,0
/Users/yti0811/Desktop/FE_data/npj_CM01/NPJ_CM_Fig_Python/Public_Reproducibility_Package_V01/npjcm-free-energy-surrogate_Re3/Python_Codes/table/snapshots_split/alpha-TiAl_600K_snap00034.extxyz,alpha-TiAl,600,alpha-TiAl__600,-0.0007943372767882,0.0008545397120461343,0.0016488769888343344,0.0016488769888343344,0
/Users/yti0811/Desktop/FE_data/npj_CM01/NPJ_CM_Fig_Python/Public_Reproducibility_Package_V01/npjcm-free-energy-surrogate_Re3/Python_Codes/table/snapshots_split/alpha-TiAl_600K_snap00035.extxyz,alpha-TiAl,600,alpha-TiAl__600,-0.0004680151823506,0.00033911964818572735,0.0008071348305363274,0.0008071348305363274,0
/Users/yti0811/Desktop/FE_data/npj_CM01/NPJ_CM_Fig_Python/Public_Reproducibility_Package_V01/npjcm-free-energy-surrogate_Re3/Python_Codes/table/snapshots_split/alpha-TiAl_600K_snap00036.extxyz,alpha-TiAl,600,alpha-TiAl__600,-0.0003284841743824,0.0005543832386672051,0.0008828674130496051,0.0008828674130496051,0
/Users/yti0811/Desktop/FE_data/npj_CM01/NPJ_CM_Fig_Python/Public_Reproducibility_Package_V01/npjcm-free-energy-surrogate_Re3/Python_Codes/table/snapshots_split/alpha-TiAl_600K_snap00037.extxyz,alpha-TiAl,600,alpha-TiAl__600,-0.0002480908661346,0.001109280202281258,0.001357371068415858,0.001357371068415858,0
/Users/yti0811/Desktop/FE_data/npj_CM01/NPJ_CM_Fig_Python/Public_Reproducibility_Package_V01/npjcm-free-energy-surrogate_Re3/Python_Codes/table/snapshots_split/alpha-TiAl_600K_snap00038.extxyz,alpha-TiAl,600,alpha-TiAl__600,-0.0006070221678053,0.0007412307034594107,0.0013482528712647106,0.0013482528712647106,0
/Users/yti0811/Desktop/FE_data/npj_CM01/NPJ_CM_Fig_Python/Public_Reproducibility_Package_V01/npjcm-free-energy-surrogate_Re3/Python_Codes/table/snapshots_split/alpha-TiAl_600K_snap00039.extxyz,alpha-TiAl,600,alpha-TiAl__600,-0.0003522950191281,0.0008345154324176457,0.0011868104515457456,0.0011868104515457456,0
/Users/yti0811/Desktop/FE_data/npj_CM01/NPJ_CM_Fig_Python/Public_Reproducibility_Package_V01/npjcm-free-energy-surrogate_Re3/Python_Codes/table/snapshots_split/alpha-TiAl_600K_snap00040.extxyz,alpha-TiAl,600,alpha-TiAl__600,-0.0011601115466279,0.0007719732395479519,0.001932084786175852,0.001932084786175852,0
/Users/yti0811/Desktop/FE_data/npj_CM01/NPJ_CM_Fig_Python/Public_Reproducibility_Package_V01/npjcm-free-energy-surrogate_Re3/Python_Codes/table/snapshots_split/alpha-TiAl_600K_snap00041.extxyz,alpha-TiAl,600,alpha-TiAl__600,-0.0003572881926472,0.0005362399124644324,0.0008935281051116325,0.0008935281051116325,0
/Users/yti0811/Desktop/FE_data/npj_CM01/NPJ_CM_Fig_Python/Public_Reproducibility_Package_V01/npjcm-free-energy-surrogate_Re3/Python_Codes/table/snapshots_split/alpha-TiAl_600K_snap00042.extxyz,alpha-TiAl,600,alpha-TiAl__600,-0.0007823632882497,0.0006152428395173724,0.0013976061277670726,0.0013976061277670726,0
/Users/yti0811/Desktop/FE_data/npj_CM01/NPJ_CM_Fig_Python/Public_Reproducibility_Package_V01/npjcm-free-energy-surrogate_Re3/Python_Codes/table/snapshots_split/alpha-TiAl_600K_snap00043.extxyz,alpha-TiAl,600,alpha-TiAl__600,-0.0005503807972844,0.0008485571461803314,0.0013989379434647315,0.0013989379434647315,0
/Users/yti0811/Desktop/FE_data/npj_CM01/NPJ_CM_Fig_Python/Public_Reproducibility_Package_V01/npjcm-free-energy-surrogate_Re3/Python_Codes/table/snapshots_split/alpha-TiAl_600K_snap00044.extxyz,alpha-TiAl,600,alpha-TiAl__600,-0.0003079338614644,0.0006924974695118883,0.0010004313309762882,0.0010004313309762882,0
/Users/yti0811/Desktop/FE_data/npj_CM01/NPJ_CM_Fig_Python/Public_Reproducibility_Package_V01/npjcm-free-energy-surrogate_Re3/Python_Codes/table/snapshots_split/alpha-TiAl_600K_snap00045.extxyz,alpha-TiAl,600,alpha-TiAl__600,-0.0004690871975285,0.0007769327736224274,0.0012460199711509274,0.0012460199711509274,0
/Users/yti0811/Desktop/FE_data/npj_CM01/NPJ_CM_Fig_Python/Public_Reproducibility_Package_V01/npjcm-free-energy-surrogate_Re3/Python_Codes/table/snapshots_split/alpha-TiAl_600K_snap00046.extxyz,alpha-TiAl,600,alpha-TiAl__600,-0.0003900881832588,0.0008992027468331987,0.0012892909300919987,0.0012892909300919987,0
/Users/yti0811/Desktop/FE_data/npj_CM01/NPJ_CM_Fig_Python/Public_Reproducibility_Package_V01/npjcm-free-energy-surrogate_Re3/Python_Codes/table/snapshots_split/alpha-TiAl_600K_snap00047.extxyz,alpha-TiAl,600,alpha-TiAl__600,-0.0004761483057564,0.0008901409745771157,0.0013662892803335156,0.0013662892803335156,0
/Users/yti0811/Desktop/FE_data/npj_CM01/NPJ_CM_Fig_Python/Public_Reproducibility_Package_V01/npjcm-free-energy-surrogate_Re3/Python_Codes/table/snapshots_split/alpha-TiAl_600K_snap00048.extxyz,alpha-TiAl,600,alpha-TiAl__600,-0.0005636480573225,0.0010232991330913887,0.0015869471904138887,0.0015869471904138887,0
/Users/yti0811/Desktop/FE_data/npj_CM01/NPJ_CM_Fig_Python/Public_Reproducibility_Package_V01/npjcm-free-energy-surrogate_Re3/Python_Codes/table/snapshots_split/alpha-TiAl_600K_snap00049.extxyz,alpha-TiAl,600,alpha-TiAl__600,-0.0004106135616059,0.0005254336755004064,0.0009360472371063064,0.0009360472371063064,0
/Users/yti0811/Desktop/FE_data/npj_CM01/NPJ_CM_Fig_Python/Public_Reproducibility_Package_V01/npjcm-free-energy-surrogate_Re3/Python_Codes/table/snapshots_split/alpha-TiAl_600K_snap00050.extxyz,alpha-TiAl,600,alpha-TiAl__600,-0.0007768092720401,0.0007453466135966276,0.0015221558856367277,0.0015221558856367277,0
/Users/yti0811/Desktop/FE_data/npj_CM01/NPJ_CM_Fig_Python/Public_Reproducibility_Package_V01/npjcm-free-energy-surrogate_Re3/Python_Codes/table/snapshots_split/alpha-TiAl_600K_snap00051.extxyz,alpha-TiAl,600,alpha-TiAl__600,6.738450578019917e-05,0.0008490105221995865,0.0007816260164193873,0.0007816260164193873,0
/Users/yti0811/Desktop/FE_data/npj_CM01/NPJ_CM_Fig_Python/Public_Reproducibility_Package_V01/npjcm-free-energy-surrogate_Re3/Python_Codes/table/snapshots_split/alpha-TiAl_600K_snap00052.extxyz,alpha-TiAl,600,alpha-TiAl__600,-0.00014875449305,0.000872528321670512,0.001021282814720512,0.001021282814720512,0
/Users/yti0811/Desktop/FE_data/npj_CM01/NPJ_CM_Fig_Python/Public_Reproducibility_Package_V01/npjcm-free-energy-surrogate_Re3/Python_Codes/table/snapshots_split/alpha-TiAl_600K_snap00053.extxyz,alpha-TiAl,600,alpha-TiAl__600,-0.0003019965519572,0.0006371232110871139,0.0009391197630443139,0.0009391197630443139,0
/Users/yti0811/Desktop/FE_data/npj_CM01/NPJ_CM_Fig_Python/Public_Reproducibility_Package_V01/npjcm-free-energy-surrogate_Re3/Python_Codes/table/snapshots_split/alpha-TiAl_600K_snap00054.extxyz,alpha-TiAl,600,alpha-TiAl__600,-0.0008701647540143,0.000768999000846143,0.001639163754860443,0.001639163754860443,0
/Users/yti0811/Desktop/FE_data/npj_CM01/NPJ_CM_Fig_Python/Public_Reproducibility_Package_V01/npjcm-free-energy-surrogate_Re3/Python_Codes/table/snapshots_split/alpha-TiAl_600K_snap00055.extxyz,alpha-TiAl,600,alpha-TiAl__600,-0.0001332977729577,0.00034668636614458906,0.00047998413910228907,0.00047998413910228907,0
/Users/yti0811/Desktop/FE_data/npj_CM01/NPJ_CM_Fig_Python/Public_Reproducibility_Package_V01/npjcm-free-energy-surrogate_Re3/Python_Codes/table/snapshots_split/alpha-TiAl_600K_snap00056.extxyz,alpha-TiAl,600,alpha-TiAl__600,-0.000750676913269,0.0004822896010102303,0.0012329665142792301,0.0012329665142792301,0
/Users/yti0811/Desktop/FE_data/npj_CM01/NPJ_CM_Fig_Python/Public_Reproducibility_Package_V01/npjcm-free-energy-surrogate_Re3/Python_Codes/table/snapshots_split/alpha-TiAl_600K_snap00057.extxyz,alpha-TiAl,600,alpha-TiAl__600,-0.000525587051539,0.0008101490192069957,0.0013357360707459956,0.0013357360707459956,0
/Users/yti0811/Desktop/FE_data/npj_CM01/NPJ_CM_Fig_Python/Public_Reproducibility_Package_V01/npjcm-free-energy-surrogate_Re3/Python_Codes/table/snapshots_split/alpha-TiAl_600K_snap00058.extxyz,alpha-TiAl,600,alpha-TiAl__600,-0.0004500278593986,0.000866648233780342,0.0013166760931789421,0.0013166760931789421,0
/Users/yti0811/Desktop/FE_data/npj_CM01/NPJ_CM_Fig_Python/Public_Reproducibility_Package_V01/npjcm-free-energy-surrogate_Re3/Python_Codes/table/snapshots_split/alpha-TiAl_600K_snap00059.extxyz,alpha-TiAl,600,alpha-TiAl__600,-0.0001204793985709,0.00035773388450129463,0.0004782132830721946,0.0004782132830721946,0
/Users/yti0811/Desktop/FE_data/npj_CM01/NPJ_CM_Fig_Python/Public_Reproducibility_Package_V01/npjcm-free-energy-surrogate_Re3/Python_Codes/table/snapshots_split/alpha-TiAl_600K_snap00060.extxyz,alpha-TiAl,600,alpha-TiAl__600,-0.0005180081920967,0.0006108047954116346,0.0011288129875083345,0.0011288129875083345,0
/Users/yti0811/Desktop/FE_data/npj_CM01/NPJ_CM_Fig_Python/Public_Reproducibility_Package_V01/npjcm-free-energy-surrogate_Re3/Python_Codes/table/snapshots_split/alpha-TiAl_600K_snap00061.extxyz,alpha-TiAl,600,alpha-TiAl__600,-0.0004992220384196,0.0009851476274622376,0.0014843696658818377,0.0014843696658818377,0
/Users/yti0811/Desktop/FE_data/npj_CM01/NPJ_CM_Fig_Python/Public_Reproducibility_Package_V01/npjcm-free-energy-surrogate_Re3/Python_Codes/table/snapshots_split/alpha-TiAl_600K_snap00062.extxyz,alpha-TiAl,600,alpha-TiAl__600,0.000126965713759,0.0005294527210102596,0.0004024870072512596,0.0004024870072512596,0
/Users/yti0811/Desktop/FE_data/npj_CM01/NPJ_CM_Fig_Python/Public_Reproducibility_Package_V01/npjcm-free-energy-surrogate_Re3/Python_Codes/table/snapshots_split/alpha-TiAl_600K_snap00063.extxyz,alpha-TiAl,600,alpha-TiAl__600,-0.0001887704983354,0.0005093647007790772,0.0006981351991144772,0.0006981351991144772,0
/Users/yti0811/Desktop/FE_data/npj_CM01/NPJ_CM_Fig_Python/Public_Reproducibility_Package_V01/npjcm-free-energy-surrogate_Re3/Python_Codes/table/snapshots_split/alpha-TiAl_600K_snap00064.extxyz,alpha-TiAl,600,alpha-TiAl__600,-0.0004110654809692,0.0007283900302019302,0.0011394555111711303,0.0011394555111711303,0
/Users/yti0811/Desktop/FE_data/npj_CM01/NPJ_CM_Fig_Python/Public_Reproducibility_Package_V01/npjcm-free-energy-surrogate_Re3/Python_Codes/table/snapshots_split/alpha-TiAl_600K_snap00065.extxyz,alpha-TiAl,600,alpha-TiAl__600,-0.0003224040464258,0.0007701707935688747,0.0010925748399946747,0.0010925748399946747,0
/Users/yti0811/Desktop/FE_data/npj_CM01/NPJ_CM_Fig_Python/Public_Reproducibility_Package_V01/npjcm-free-energy-surrogate_Re3/Python_Codes/table/snapshots_split/alpha-TiAl_600K_snap00066.extxyz,alpha-TiAl,600,alpha-TiAl__600,-0.0003667472393744,0.00045488984848751776,0.0008216370878619178,0.0008216370878619178,0
/Users/yti0811/Desktop/FE_data/npj_CM01/NPJ_CM_Fig_Python/Public_Reproducibility_Package_V01/npjcm-free-energy-surrogate_Re3/Python_Codes/table/snapshots_split/alpha-TiAl_600K_snap00067.extxyz,alpha-TiAl,600,alpha-TiAl__600,-0.0002921989311785,0.0008580786801340364,0.0011502776113125365,0.0011502776113125365,0
/Users/yti0811/Desktop/FE_data/npj_CM01/NPJ_CM_Fig_Python/Public_Reproducibility_Package_V01/npjcm-free-energy-surrogate_Re3/Python_Codes/table/snapshots_split/alpha-TiAl_600K_snap00068.extxyz,alpha-TiAl,600,alpha-TiAl__600,-0.000457073330812,0.0005344346639574775,0.0009915079947694775,0.0009915079947694775,0
/Users/yti0811/Desktop/FE_data/npj_CM01/NPJ_CM_Fig_Python/Public_Reproducibility_Package_V01/npjcm-free-energy-surrogate_Re3/Python_Codes/table/snapshots_split/alpha-TiAl_600K_snap00069.extxyz,alpha-TiAl,600,alpha-TiAl__600,-0.0003846791895978,0.0006699319888406027,0.0010546111784384027,0.0010546111784384027,0
/Users/yti0811/Desktop/FE_data/npj_CM01/NPJ_CM_Fig_Python/Public_Reproducibility_Package_V01/npjcm-free-energy-surrogate_Re3/Python_Codes/table/snapshots_split/alpha-TiAl_600K_snap00070.extxyz,alpha-TiAl,600,alpha-TiAl__600,-0.0005709192718179,0.000454619939540435,0.0010255392113583351,0.0010255392113583351,0
/Users/yti0811/Desktop/FE_data/npj_CM01/NPJ_CM_Fig_Python/Public_Reproducibility_Package_V01/npjcm-free-energy-surrogate_Re3/Python_Codes/table/snapshots_split/alpha-TiAl_600K_snap00071.extxyz,alpha-TiAl,600,alpha-TiAl__600,-0.0001071262627241,0.0007518565571788203,0.0008589828199029203,0.0008589828199029203,0
/Users/yti0811/Desktop/FE_data/npj_CM01/NPJ_CM_Fig_Python/Public_Reproducibility_Package_V01/npjcm-free-energy-surrogate_Re3/Python_Codes/table/snapshots_split/alpha-TiAl_600K_snap00072.extxyz,alpha-TiAl,600,alpha-TiAl__600,-1.8381101716702375e-05,0.0006932360818756844,0.0007116171835923867,0.0007116171835923867,0
/Users/yti0811/Desktop/FE_data/npj_CM01/NPJ_CM_Fig_Python/Public_Reproducibility_Package_V01/npjcm-free-energy-surrogate_Re3/Python_Codes/table/snapshots_split/alpha-TiAl_600K_snap00073.extxyz,alpha-TiAl,600,alpha-TiAl__600,-0.0003968321245904,0.0006331035851281729,0.001029935709718573,0.001029935709718573,0
/Users/yti0811/Desktop/FE_data/npj_CM01/NPJ_CM_Fig_Python/Public_Reproducibility_Package_V01/npjcm-free-energy-surrogate_Re3/Python_Codes/table/snapshots_split/alpha-TiAl_600K_snap00074.extxyz,alpha-TiAl,600,alpha-TiAl__600,-0.0008227844772608,0.0009747000443758237,0.0017974845216366237,0.0017974845216366237,0
/Users/yti0811/Desktop/FE_data/npj_CM01/NPJ_CM_Fig_Python/Public_Reproducibility_Package_V01/npjcm-free-energy-surrogate_Re3/Python_Codes/table/snapshots_split/alpha-TiAl_600K_snap00075.extxyz,alpha-TiAl,600,alpha-TiAl__600,-0.0008685098067275,0.0007139094531220925,0.0015824192598495924,0.0015824192598495924,0
/Users/yti0811/Desktop/FE_data/npj_CM01/NPJ_CM_Fig_Python/Public_Reproducibility_Package_V01/npjcm-free-energy-surrogate_Re3/Python_Codes/table/snapshots_split/alpha-TiAl_600K_snap00076.extxyz,alpha-TiAl,600,alpha-TiAl__600,0.0001231327310615,0.0009187479384728572,0.0007956152074113571,0.0007956152074113571,0
/Users/yti0811/Desktop/FE_data/npj_CM01/NPJ_CM_Fig_Python/Public_Reproducibility_Package_V01/npjcm-free-energy-surrogate_Re3/Python_Codes/table/snapshots_split/alpha-TiAl_600K_snap00077.extxyz,alpha-TiAl,600,alpha-TiAl__600,-0.0005139681700803,0.0007716144253756143,0.0012855825954559141,0.0012855825954559141,0
/Users/yti0811/Desktop/FE_data/npj_CM01/NPJ_CM_Fig_Python/Public_Reproducibility_Package_V01/npjcm-free-energy-surrogate_Re3/Python_Codes/table/snapshots_split/alpha-TiAl_600K_snap00078.extxyz,alpha-TiAl,600,alpha-TiAl__600,-0.0006076850703276,0.0008624980515341303,0.0014701831218617302,0.0014701831218617302,0
/Users/yti0811/Desktop/FE_data/npj_CM01/NPJ_CM_Fig_Python/Public_Reproducibility_Package_V01/npjcm-free-energy-surrogate_Re3/Python_Codes/table/snapshots_split/alpha-TiAl_600K_snap00079.extxyz,alpha-TiAl,600,alpha-TiAl__600,-0.0006366771640524,0.0009158357003125069,0.001552512864364907,0.001552512864364907,0
/Users/yti0811/Desktop/FE_data/npj_CM01/NPJ_CM_Fig_Python/Public_Reproducibility_Package_V01/npjcm-free-energy-surrogate_Re3/Python_Codes/table/snapshots_split/alpha-TiAl_600K_snap00080.extxyz,alpha-TiAl,600,alpha-TiAl__600,-0.0003945570912926,0.0006254223231929944,0.0010199794144855946,0.0010199794144855946,0
/Users/yti0811/Desktop/FE_data/npj_CM01/NPJ_CM_Fig_Python/Public_Reproducibility_Package_V01/npjcm-free-energy-surrogate_Re3/Python_Codes/table/snapshots_split/alpha-TiAl_600K_snap00081.extxyz,alpha-TiAl,600,alpha-TiAl__600,-0.0003756077461143,0.0009669297269589411,0.0013425374730732412,0.0013425374730732412,0
/Users/yti0811/Desktop/FE_data/npj_CM01/NPJ_CM_Fig_Python/Public_Reproducibility_Package_V01/npjcm-free-energy-surrogate_Re3/Python_Codes/table/snapshots_split/alpha-TiAl_600K_snap00082.extxyz,alpha-TiAl,600,alpha-TiAl__600,-0.0005869770491506,0.000730657537776143,0.001317634586926743,0.001317634586926743,0
/Users/yti0811/Desktop/FE_data/npj_CM01/NPJ_CM_Fig_Python/Public_Reproducibility_Package_V01/npjcm-free-energy-surrogate_Re3/Python_Codes/table/snapshots_split/alpha-TiAl_600K_snap00083.extxyz,alpha-TiAl,600,alpha-TiAl__600,0.0001898707669076,0.0006902940089169198,0.0005004232420093198,0.0005004232420093198,0
/Users/yti0811/Desktop/FE_data/npj_CM01/NPJ_CM_Fig_Python/Public_Reproducibility_Package_V01/npjcm-free-energy-surrogate_Re3/Python_Codes/table/snapshots_split/alpha-TiAl_600K_snap00084.extxyz,alpha-TiAl,600,alpha-TiAl__600,-0.0003108216994536,0.000725756555602101,0.001036578255055701,0.001036578255055701,0
/Users/yti0811/Desktop/FE_data/npj_CM01/NPJ_CM_Fig_Python/Public_Reproducibility_Package_V01/npjcm-free-energy-surrogate_Re3/Python_Codes/table/snapshots_split/alpha-TiAl_600K_snap00085.extxyz,alpha-TiAl,600,alpha-TiAl__600,-0.0004165517996344,0.0009337026319260418,0.0013502544315604418,0.0013502544315604418,0
/Users/yti0811/Desktop/FE_data/npj_CM01/NPJ_CM_Fig_Python/Public_Reproducibility_Package_V01/npjcm-free-energy-surrogate_Re3/Python_Codes/table/snapshots_split/alpha-TiAl_600K_snap00086.extxyz,alpha-TiAl,600,alpha-TiAl__600,-0.000845554031819,0.0005810671632004858,0.0014266211950194857,0.0014266211950194857,0
/Users/yti0811/Desktop/FE_data/npj_CM01/NPJ_CM_Fig_Python/Public_Reproducibility_Package_V01/npjcm-free-energy-surrogate_Re3/Python_Codes/table/snapshots_split/alpha-TiAl_600K_snap00087.extxyz,alpha-TiAl,600,alpha-TiAl__600,-0.0008772462182906,0.0005814896159803455,0.0014587358342709456,0.0014587358342709456,0
/Users/yti0811/Desktop/FE_data/npj_CM01/NPJ_CM_Fig_Python/Public_Reproducibility_Package_V01/npjcm-free-energy-surrogate_Re3/Python_Codes/table/snapshots_split/alpha-TiAl_600K_snap00088.extxyz,alpha-TiAl,600,alpha-TiAl__600,8.556070081189304e-05,0.0005725761487487788,0.00048701544793688576,0.00048701544793688576,0
/Users/yti0811/Desktop/FE_data/npj_CM01/NPJ_CM_Fig_Python/Public_Reproducibility_Package_V01/npjcm-free-energy-surrogate_Re3/Python_Codes/table/snapshots_split/alpha-TiAl_600K_snap00089.extxyz,alpha-TiAl,600,alpha-TiAl__600,-0.000350302782436,0.000954748090312942,0.001305050872748942,0.001305050872748942,0
/Users/yti0811/Desktop/FE_data/npj_CM01/NPJ_CM_Fig_Python/Public_Reproducibility_Package_V01/npjcm-free-energy-surrogate_Re3/Python_Codes/table/snapshots_split/alpha-TiAl_600K_snap00090.extxyz,alpha-TiAl,600,alpha-TiAl__600,-0.0003816564264895,0.0005463040900424823,0.0009279605165319824,0.0009279605165319824,0
/Users/yti0811/Desktop/FE_data/npj_CM01/NPJ_CM_Fig_Python/Public_Reproducibility_Package_V01/npjcm-free-energy-surrogate_Re3/Python_Codes/table/snapshots_split/alpha-TiAl_600K_snap00091.extxyz,alpha-TiAl,600,alpha-TiAl__600,-0.0006690712371812,0.000472789897945537,0.001141861135126737,0.001141861135126737,0
/Users/yti0811/Desktop/FE_data/npj_CM01/NPJ_CM_Fig_Python/Public_Reproducibility_Package_V01/npjcm-free-energy-surrogate_Re3/Python_Codes/table/snapshots_split/alpha-TiAl_600K_snap00092.extxyz,alpha-TiAl,600,alpha-TiAl__600,-0.0001870593932626,0.0009138712636253583,0.0011009306568879583,0.0011009306568879583,0
/Users/yti0811/Desktop/FE_data/npj_CM01/NPJ_CM_Fig_Python/Public_Reproducibility_Package_V01/npjcm-free-energy-surrogate_Re3/Python_Codes/table/snapshots_split/alpha-TiAl_600K_snap00093.extxyz,alpha-TiAl,600,alpha-TiAl__600,-0.00019912027166,0.000518532092658489,0.000717652364318489,0.000717652364318489,0
/Users/yti0811/Desktop/FE_data/npj_CM01/NPJ_CM_Fig_Python/Public_Reproducibility_Package_V01/npjcm-free-energy-surrogate_Re3/Python_Codes/table/snapshots_split/alpha-TiAl_600K_snap00094.extxyz,alpha-TiAl,600,alpha-TiAl__600,-0.0010686666124573,0.0008945018504078369,0.001963168462865137,0.001963168462865137,0
/Users/yti0811/Desktop/FE_data/npj_CM01/NPJ_CM_Fig_Python/Public_Reproducibility_Package_V01/npjcm-free-energy-surrogate_Re3/Python_Codes/table/snapshots_split/alpha-TiAl_600K_snap00095.extxyz,alpha-TiAl,600,alpha-TiAl__600,-0.0007530811721818,0.0006793151287866789,0.001432396300968479,0.001432396300968479,0
/Users/yti0811/Desktop/FE_data/npj_CM01/NPJ_CM_Fig_Python/Public_Reproducibility_Package_V01/npjcm-free-energy-surrogate_Re3/Python_Codes/table/snapshots_split/alpha-TiAl_600K_snap00096.extxyz,alpha-TiAl,600,alpha-TiAl__600,-0.0009380123107862,0.0009512034812616659,0.0018892157920478657,0.0018892157920478657,0
/Users/yti0811/Desktop/FE_data/npj_CM01/NPJ_CM_Fig_Python/Public_Reproducibility_Package_V01/npjcm-free-energy-surrogate_Re3/Python_Codes/table/snapshots_split/alpha-TiAl_600K_snap00097.extxyz,alpha-TiAl,600,alpha-TiAl__600,-0.0007421668113063,0.0006284240593907982,0.0013705908706970983,0.0013705908706970983,0
/Users/yti0811/Desktop/FE_data/npj_CM01/NPJ_CM_Fig_Python/Public_Reproducibility_Package_V01/npjcm-free-energy-surrogate_Re3/Python_Codes/table/snapshots_split/alpha-TiAl_600K_snap00098.extxyz,alpha-TiAl,600,alpha-TiAl__600,-0.0006148494312117,0.0006102001264141698,0.0012250495576258697,0.0012250495576258697,0
/Users/yti0811/Desktop/FE_data/npj_CM01/NPJ_CM_Fig_Python/Public_Reproducibility_Package_V01/npjcm-free-energy-surrogate_Re3/Python_Codes/table/snapshots_split/alpha-TiAl_600K_snap00099.extxyz,alpha-TiAl,600,alpha-TiAl__600,-0.0003337454692338,0.0007902322605921223,0.0011239777298259223,0.0011239777298259223,0
/Users/yti0811/Desktop/FE_data/npj_CM01/NPJ_CM_Fig_Python/Public_Reproducibility_Package_V01/npjcm-free-energy-surrogate_Re3/Python_Codes/table/snapshots_split/alpha-TiAl_700K_snap00000.extxyz,alpha-TiAl,700,alpha-TiAl__700,0.0021259260157982,-0.0005225080731630805,-0.002648434088961281,0.002648434088961281,2
/Users/yti0811/Desktop/FE_data/npj_CM01/NPJ_CM_Fig_Python/Public_Reproducibility_Package_V01/npjcm-free-energy-surrogate_Re3/Python_Codes/table/snapshots_split/alpha-TiAl_700K_snap00001.extxyz,alpha-TiAl,700,alpha-TiAl__700,0.0019789665596846,-0.0006892536994548533,-0.002668220259139453,0.002668220259139453,2
/Users/yti0811/Desktop/FE_data/npj_CM01/NPJ_CM_Fig_Python/Public_Reproducibility_Package_V01/npjcm-free-energy-surrogate_Re3/Python_Codes/table/snapshots_split/alpha-TiAl_700K_snap00002.extxyz,alpha-TiAl,700,alpha-TiAl__700,0.001882050189598,-0.0008101548527724447,-0.0026922050423704444,0.0026922050423704444,2
/Users/yti0811/Desktop/FE_data/npj_CM01/NPJ_CM_Fig_Python/Public_Reproducibility_Package_V01/npjcm-free-energy-surrogate_Re3/Python_Codes/table/snapshots_split/alpha-TiAl_700K_snap00003.extxyz,alpha-TiAl,700,alpha-TiAl__700,0.0017135711903618,-0.0006865372822253253,-0.0024001084725871254,0.0024001084725871254,2
/Users/yti0811/Desktop/FE_data/npj_CM01/NPJ_CM_Fig_Python/Public_Reproducibility_Package_V01/npjcm-free-energy-surrogate_Re3/Python_Codes/table/snapshots_split/alpha-TiAl_700K_snap00004.extxyz,alpha-TiAl,700,alpha-TiAl__700,0.0016686806191513,-0.0006503556944693003,-0.0023190363136206004,0.0023190363136206004,2
/Users/yti0811/Desktop/FE_data/npj_CM01/NPJ_CM_Fig_Python/Public_Reproducibility_Package_V01/npjcm-free-energy-surrogate_Re3/Python_Codes/table/snapshots_split/alpha-TiAl_700K_snap00005.extxyz,alpha-TiAl,700,alpha-TiAl__700,0.0014306664512156,-0.0006636366425924304,-0.0020943030938080304,0.0020943030938080304,2
/Users/yti0811/Desktop/FE_data/npj_CM01/NPJ_CM_Fig_Python/Public_Reproducibility_Package_V01/npjcm-free-energy-surrogate_Re3/Python_Codes/table/snapshots_split/alpha-TiAl_700K_snap00006.extxyz,alpha-TiAl,700,alpha-TiAl__700,0.0016288395852633,-0.0006183025533891314,-0.0022471421386524313,0.0022471421386524313,2
/Users/yti0811/Desktop/FE_data/npj_CM01/NPJ_CM_Fig_Python/Public_Reproducibility_Package_V01/npjcm-free-energy-surrogate_Re3/Python_Codes/table/snapshots_split/alpha-TiAl_700K_snap00007.extxyz,alpha-TiAl,700,alpha-TiAl__700,0.0020416245606359,-0.0007484445589832981,-0.002790069119619198,0.002790069119619198,2
/Users/yti0811/Desktop/FE_data/npj_CM01/NPJ_CM_Fig_Python/Public_Reproducibility_Package_V01/npjcm-free-energy-surrogate_Re3/Python_Codes/table/snapshots_split/alpha-TiAl_700K_snap00008.extxyz,alpha-TiAl,700,alpha-TiAl__700,0.0016608565423471,-0.0006273806209638646,-0.002288237163310965,0.002288237163310965,2
/Users/yti0811/Desktop/FE_data/npj_CM01/NPJ_CM_Fig_Python/Public_Reproducibility_Package_V01/npjcm-free-energy-surrogate_Re3/Python_Codes/table/snapshots_split/alpha-TiAl_700K_snap00009.extxyz,alpha-TiAl,700,alpha-TiAl__700,0.0021147184673516,-0.0007185012437043971,-0.002833219711055997,0.002833219711055997,2
/Users/yti0811/Desktop/FE_data/npj_CM01/NPJ_CM_Fig_Python/Public_Reproducibility_Package_V01/npjcm-free-energy-surrogate_Re3/Python_Codes/table/snapshots_split/alpha-TiAl_700K_snap00010.extxyz,alpha-TiAl,700,alpha-TiAl__700,0.0012708988531434,-0.000756553990420329,-0.002027452843563729,0.002027452843563729,2
/Users/yti0811/Desktop/FE_data/npj_CM01/NPJ_CM_Fig_Python/Public_Reproducibility_Package_V01/npjcm-free-energy-surrogate_Re3/Python_Codes/table/snapshots_split/alpha-TiAl_700K_snap00011.extxyz,alpha-TiAl,700,alpha-TiAl__700,0.0024722404398836,-0.0006913063729532419,-0.003163546812836842,0.003163546812836842,2
/Users/yti0811/Desktop/FE_data/npj_CM01/NPJ_CM_Fig_Python/Public_Reproducibility_Package_V01/npjcm-free-energy-surrogate_Re3/Python_Codes/table/snapshots_split/alpha-TiAl_700K_snap00012.extxyz,alpha-TiAl,700,alpha-TiAl__700,0.0018290053201953,-0.0004133442209319121,-0.0022423495411272123,0.0022423495411272123,2
/Users/yti0811/Desktop/FE_data/npj_CM01/NPJ_CM_Fig_Python/Public_Reproducibility_Package_V01/npjcm-free-energy-surrogate_Re3/Python_Codes/table/snapshots_split/alpha-TiAl_700K_snap00013.extxyz,alpha-TiAl,700,alpha-TiAl__700,0.0022241851269329,-0.000817899140976028,-0.003042084267908928,0.003042084267908928,2
/Users/yti0811/Desktop/FE_data/npj_CM01/NPJ_CM_Fig_Python/Public_Reproducibility_Package_V01/npjcm-free-energy-surrogate_Re3/Python_Codes/table/snapshots_split/alpha-TiAl_700K_snap00014.extxyz,alpha-TiAl,700,alpha-TiAl__700,0.0010603930488294,-0.0009627762898874004,-0.0020231693387168003,0.0020231693387168003,2
/Users/yti0811/Desktop/FE_data/npj_CM01/NPJ_CM_Fig_Python/Public_Reproducibility_Package_V01/npjcm-free-energy-surrogate_Re3/Python_Codes/table/snapshots_split/alpha-TiAl_700K_snap00015.extxyz,alpha-TiAl,700,alpha-TiAl__700,0.0024563671103644,-0.001045961144467131,-0.0035023282548315307,0.0035023282548315307,2
/Users/yti0811/Desktop/FE_data/npj_CM01/NPJ_CM_Fig_Python/Public_Reproducibility_Package_V01/npjcm-free-energy-surrogate_Re3/Python_Codes/table/snapshots_split/alpha-TiAl_700K_snap00016.extxyz,alpha-TiAl,700,alpha-TiAl__700,0.0019234904058947,-0.0007604584279829053,-0.0026839488338776052,0.0026839488338776052,2
/Users/yti0811/Desktop/FE_data/npj_CM01/NPJ_CM_Fig_Python/Public_Reproducibility_Package_V01/npjcm-free-energy-surrogate_Re3/Python_Codes/table/snapshots_split/alpha-TiAl_700K_snap00017.extxyz,alpha-TiAl,700,alpha-TiAl__700,0.002698792984337,-0.0005546747318295089,-0.0032534677161665092,0.0032534677161665092,2
/Users/yti0811/Desktop/FE_data/npj_CM01/NPJ_CM_Fig_Python/Public_Reproducibility_Package_V01/npjcm-free-energy-surrogate_Re3/Python_Codes/table/snapshots_split/alpha-TiAl_700K_snap00018.extxyz,alpha-TiAl,700,alpha-TiAl__700,0.0014600493212523,-0.0005594533756518948,-0.002019502696904195,0.002019502696904195,2
/Users/yti0811/Desktop/FE_data/npj_CM01/NPJ_CM_Fig_Python/Public_Reproducibility_Package_V01/npjcm-free-energy-surrogate_Re3/Python_Codes/table/snapshots_split/alpha-TiAl_700K_snap00019.extxyz,alpha-TiAl,700,alpha-TiAl__700,0.0025249303747237,-0.0007658327537129365,-0.0032907631284366363,0.0032907631284366363,2
/Users/yti0811/Desktop/FE_data/npj_CM01/NPJ_CM_Fig_Python/Public_Reproducibility_Package_V01/npjcm-free-energy-surrogate_Re3/Python_Codes/table/snapshots_split/alpha-TiAl_700K_snap00020.extxyz,alpha-TiAl,700,alpha-TiAl__700,0.0023411912947915,-0.0008220352126276609,-0.003163226507419161,0.003163226507419161,2
/Users/yti0811/Desktop/FE_data/npj_CM01/NPJ_CM_Fig_Python/Public_Reproducibility_Package_V01/npjcm-free-energy-surrogate_Re3/Python_Codes/table/snapshots_split/alpha-TiAl_700K_snap00021.extxyz,alpha-TiAl,700,alpha-TiAl__700,0.0015146414627903,-0.0006526347051496591,-0.002167276167939959,0.002167276167939959,2
/Users/yti0811/Desktop/FE_data/npj_CM01/NPJ_CM_Fig_Python/Public_Reproducibility_Package_V01/npjcm-free-energy-surrogate_Re3/Python_Codes/table/snapshots_split/alpha-TiAl_700K_snap00022.extxyz,alpha-TiAl,700,alpha-TiAl__700,0.0019748214011979,-0.0007585910006803633,-0.002733412401878263,0.002733412401878263,2
/Users/yti0811/Desktop/FE_data/npj_CM01/NPJ_CM_Fig_Python/Public_Reproducibility_Package_V01/npjcm-free-energy-surrogate_Re3/Python_Codes/table/snapshots_split/alpha-TiAl_700K_snap00023.extxyz,alpha-TiAl,700,alpha-TiAl__700,0.0019041139833021,-0.0009540028184236603,-0.0028581168017257604,0.0028581168017257604,2
/Users/yti0811/Desktop/FE_data/npj_CM01/NPJ_CM_Fig_Python/Public_Reproducibility_Package_V01/npjcm-free-energy-surrogate_Re3/Python_Codes/table/snapshots_split/alpha-TiAl_700K_snap00024.extxyz,alpha-TiAl,700,alpha-TiAl__700,0.0024999932106549,-0.0006399817898217146,-0.0031399750004766146,0.0031399750004766146,2
/Users/yti0811/Desktop/FE_data/npj_CM01/NPJ_CM_Fig_Python/Public_Reproducibility_Package_V01/npjcm-free-energy-surrogate_Re3/Python_Codes/table/snapshots_split/alpha-TiAl_700K_snap00025.extxyz,alpha-TiAl,700,alpha-TiAl__700,0.0019606146568188,-0.0005975172051521144,-0.0025581318619709147,0.0025581318619709147,2
/Users/yti0811/Desktop/FE_data/npj_CM01/NPJ_CM_Fig_Python/Public_Reproducibility_Package_V01/npjcm-free-energy-surrogate_Re3/Python_Codes/table/snapshots_split/alpha-TiAl_700K_snap00026.extxyz,alpha-TiAl,700,alpha-TiAl__700,0.0024138660786873,-0.0005795121817733246,-0.0029933782604606245,0.0029933782604606245,2
/Users/yti0811/Desktop/FE_data/npj_CM01/NPJ_CM_Fig_Python/Public_Reproducibility_Package_V01/npjcm-free-energy-surrogate_Re3/Python_Codes/table/snapshots_split/alpha-TiAl_700K_snap00027.extxyz,alpha-TiAl,700,alpha-TiAl__700,0.0019880255019476,-0.0005357512901738481,-0.002523776792121448,0.002523776792121448,2
/Users/yti0811/Desktop/FE_data/npj_CM01/NPJ_CM_Fig_Python/Public_Reproducibility_Package_V01/npjcm-free-energy-surrogate_Re3/Python_Codes/table/snapshots_split/alpha-TiAl_700K_snap00028.extxyz,alpha-TiAl,700,alpha-TiAl__700,0.0020883830029291,-0.000944258238458477,-0.0030326412413875774,0.0030326412413875774,2
/Users/yti0811/Desktop/FE_data/npj_CM01/NPJ_CM_Fig_Python/Public_Reproducibility_Package_V01/npjcm-free-energy-surrogate_Re3/Python_Codes/table/snapshots_split/alpha-TiAl_700K_snap00029.extxyz,alpha-TiAl,700,alpha-TiAl__700,0.0013950146884798,-0.0007976126793865298,-0.00219262736786633,0.00219262736786633,2
/Users/yti0811/Desktop/FE_data/npj_CM01/NPJ_CM_Fig_Python/Public_Reproducibility_Package_V01/npjcm-free-energy-surrogate_Re3/Python_Codes/table/snapshots_split/alpha-TiAl_700K_snap00030.extxyz,alpha-TiAl,700,alpha-TiAl__700,0.0019641701550826,-0.0011793863503197202,-0.0031435565054023203,0.0031435565054023203,2
/Users/yti0811/Desktop/FE_data/npj_CM01/NPJ_CM_Fig_Python/Public_Reproducibility_Package_V01/npjcm-free-energy-surrogate_Re3/Python_Codes/table/snapshots_split/alpha-TiAl_700K_snap00031.extxyz,alpha-TiAl,700,alpha-TiAl__700,0.0024695265392363,-0.000996146217119137,-0.003465672756355437,0.003465672756355437,2
/Users/yti0811/Desktop/FE_data/npj_CM01/NPJ_CM_Fig_Python/Public_Reproducibility_Package_V01/npjcm-free-energy-surrogate_Re3/Python_Codes/table/snapshots_split/alpha-TiAl_700K_snap00032.extxyz,alpha-TiAl,700,alpha-TiAl__700,0.002304201485408,-0.0007736746936502964,-0.003077876179058296,0.003077876179058296,2
/Users/yti0811/Desktop/FE_data/npj_CM01/NPJ_CM_Fig_Python/Public_Reproducibility_Package_V01/npjcm-free-energy-surrogate_Re3/Python_Codes/table/snapshots_split/alpha-TiAl_700K_snap00033.extxyz,alpha-TiAl,700,alpha-TiAl__700,0.0018391515009229,-0.0009640704975923553,-0.002803221998515255,0.002803221998515255,2
/Users/yti0811/Desktop/FE_data/npj_CM01/NPJ_CM_Fig_Python/Public_Reproducibility_Package_V01/npjcm-free-energy-surrogate_Re3/Python_Codes/table/snapshots_split/alpha-TiAl_700K_snap00034.extxyz,alpha-TiAl,700,alpha-TiAl__700,0.0021377124792932,-0.0008853188748362418,-0.0030230313541294417,0.0030230313541294417,2
/Users/yti0811/Desktop/FE_data/npj_CM01/NPJ_CM_Fig_Python/Public_Reproducibility_Package_V01/npjcm-free-energy-surrogate_Re3/Python_Codes/table/snapshots_split/alpha-TiAl_700K_snap00035.extxyz,alpha-TiAl,700,alpha-TiAl__700,0.001738550352274,-0.000718151303001128,-0.002456701655275128,0.002456701655275128,2
/Users/yti0811/Desktop/FE_data/npj_CM01/NPJ_CM_Fig_Python/Public_Reproducibility_Package_V01/npjcm-free-energy-surrogate_Re3/Python_Codes/table/snapshots_split/alpha-TiAl_700K_snap00036.extxyz,alpha-TiAl,700,alpha-TiAl__700,0.0024075391404162,-0.0009549212451555822,-0.0033624603855717822,0.0033624603855717822,2
/Users/yti0811/Desktop/FE_data/npj_CM01/NPJ_CM_Fig_Python/Public_Reproducibility_Package_V01/npjcm-free-energy-surrogate_Re3/Python_Codes/table/snapshots_split/alpha-TiAl_700K_snap00037.extxyz,alpha-TiAl,700,alpha-TiAl__700,0.0020928801913116,-0.0006850575083059452,-0.002777937699617545,0.002777937699617545,2
/Users/yti0811/Desktop/FE_data/npj_CM01/NPJ_CM_Fig_Python/Public_Reproducibility_Package_V01/npjcm-free-energy-surrogate_Re3/Python_Codes/table/snapshots_split/alpha-TiAl_700K_snap00038.extxyz,alpha-TiAl,700,alpha-TiAl__700,0.0019479175126223,-0.001045599836161046,-0.002993517348783346,0.002993517348783346,2
/Users/yti0811/Desktop/FE_data/npj_CM01/NPJ_CM_Fig_Python/Public_Reproducibility_Package_V01/npjcm-free-energy-surrogate_Re3/Python_Codes/table/snapshots_split/alpha-TiAl_700K_snap00039.extxyz,alpha-TiAl,700,alpha-TiAl__700,0.001920050272934,-0.0007926767501897411,-0.002712727023123741,0.002712727023123741,2
/Users/yti0811/Desktop/FE_data/npj_CM01/NPJ_CM_Fig_Python/Public_Reproducibility_Package_V01/npjcm-free-energy-surrogate_Re3/Python_Codes/table/snapshots_split/alpha-TiAl_700K_snap00040.extxyz,alpha-TiAl,700,alpha-TiAl__700,0.0019904917324954,-0.0009032059656797057,-0.0028936976981751056,0.0028936976981751056,2
/Users/yti0811/Desktop/FE_data/npj_CM01/NPJ_CM_Fig_Python/Public_Reproducibility_Package_V01/npjcm-free-energy-surrogate_Re3/Python_Codes/table/snapshots_split/alpha-TiAl_700K_snap00041.extxyz,alpha-TiAl,700,alpha-TiAl__700,0.0012279053783107,-0.0005882883893297557,-0.0018161937676404558,0.0018161937676404558,2
/Users/yti0811/Desktop/FE_data/npj_CM01/NPJ_CM_Fig_Python/Public_Reproducibility_Package_V01/npjcm-free-energy-surrogate_Re3/Python_Codes/table/snapshots_split/alpha-TiAl_700K_snap00042.extxyz,alpha-TiAl,700,alpha-TiAl__700,0.0023323408694629,-0.0008983883210291572,-0.0032307291904920574,0.0032307291904920574,2
/Users/yti0811/Desktop/FE_data/npj_CM01/NPJ_CM_Fig_Python/Public_Reproducibility_Package_V01/npjcm-free-energy-surrogate_Re3/Python_Codes/table/snapshots_split/alpha-TiAl_700K_snap00043.extxyz,alpha-TiAl,700,alpha-TiAl__700,0.0016641196820922,-0.0008301851089156668,-0.002494304791007867,0.002494304791007867,2
/Users/yti0811/Desktop/FE_data/npj_CM01/NPJ_CM_Fig_Python/Public_Reproducibility_Package_V01/npjcm-free-energy-surrogate_Re3/Python_Codes/table/snapshots_split/alpha-TiAl_700K_snap00044.extxyz,alpha-TiAl,700,alpha-TiAl__700,0.0019866790263375,-0.00038784355854622156,-0.0023745225848837218,0.0023745225848837218,2
/Users/yti0811/Desktop/FE_data/npj_CM01/NPJ_CM_Fig_Python/Public_Reproducibility_Package_V01/npjcm-free-energy-surrogate_Re3/Python_Codes/table/snapshots_split/alpha-TiAl_700K_snap00045.extxyz,alpha-TiAl,700,alpha-TiAl__700,0.0014585445667242,-0.0005455410502493489,-0.002004085616973549,0.002004085616973549,2
/Users/yti0811/Desktop/FE_data/npj_CM01/NPJ_CM_Fig_Python/Public_Reproducibility_Package_V01/npjcm-free-energy-surrogate_Re3/Python_Codes/table/snapshots_split/alpha-TiAl_700K_snap00046.extxyz,alpha-TiAl,700,alpha-TiAl__700,0.0017420124931796,-0.0004081012401232514,-0.0021501137333028515,0.0021501137333028515,2
/Users/yti0811/Desktop/FE_data/npj_CM01/NPJ_CM_Fig_Python/Public_Reproducibility_Package_V01/npjcm-free-energy-surrogate_Re3/Python_Codes/table/snapshots_split/alpha-TiAl_700K_snap00047.extxyz,alpha-TiAl,700,alpha-TiAl__700,0.0019954423335729,-0.0005679821351496293,-0.002563424468722529,0.002563424468722529,2
/Users/yti0811/Desktop/FE_data/npj_CM01/NPJ_CM_Fig_Python/Public_Reproducibility_Package_V01/npjcm-free-energy-surrogate_Re3/Python_Codes/table/snapshots_split/alpha-TiAl_700K_snap00048.extxyz,alpha-TiAl,700,alpha-TiAl__700,0.0020787462405357,-0.000710246936711471,-0.002788993177247171,0.002788993177247171,2
/Users/yti0811/Desktop/FE_data/npj_CM01/NPJ_CM_Fig_Python/Public_Reproducibility_Package_V01/npjcm-free-energy-surrogate_Re3/Python_Codes/table/snapshots_split/alpha-TiAl_700K_snap00049.extxyz,alpha-TiAl,700,alpha-TiAl__700,0.0017443179186834,-0.0006660288541578017,-0.0024103467728412015,0.0024103467728412015,2
/Users/yti0811/Desktop/FE_data/npj_CM01/NPJ_CM_Fig_Python/Public_Reproducibility_Package_V01/npjcm-free-energy-surrogate_Re3/Python_Codes/table/snapshots_split/alpha-TiAl_700K_snap00050.extxyz,alpha-TiAl,700,alpha-TiAl__700,0.0016945198284595,-0.0007654410459199521,-0.0024599608743794523,0.0024599608743794523,2
/Users/yti0811/Desktop/FE_data/npj_CM01/NPJ_CM_Fig_Python/Public_Reproducibility_Package_V01/npjcm-free-energy-surrogate_Re3/Python_Codes/table/snapshots_split/alpha-TiAl_700K_snap00051.extxyz,alpha-TiAl,700,alpha-TiAl__700,0.001569875351946,-0.0006291535962008693,-0.002199028948146869,0.002199028948146869,2
/Users/yti0811/Desktop/FE_data/npj_CM01/NPJ_CM_Fig_Python/Public_Reproducibility_Package_V01/npjcm-free-energy-surrogate_Re3/Python_Codes/table/snapshots_split/alpha-TiAl_700K_snap00052.extxyz,alpha-TiAl,700,alpha-TiAl__700,0.0019348937695454,-0.000734947187449881,-0.0026698409569952813,0.0026698409569952813,2
/Users/yti0811/Desktop/FE_data/npj_CM01/NPJ_CM_Fig_Python/Public_Reproducibility_Package_V01/npjcm-free-energy-surrogate_Re3/Python_Codes/table/snapshots_split/alpha-TiAl_700K_snap00053.extxyz,alpha-TiAl,700,alpha-TiAl__700,0.0014298803778643,-0.0009326617071791079,-0.002362542085043408,0.002362542085043408,2
/Users/yti0811/Desktop/FE_data/npj_CM01/NPJ_CM_Fig_Python/Public_Reproducibility_Package_V01/npjcm-free-energy-surrogate_Re3/Python_Codes/table/snapshots_split/alpha-TiAl_700K_snap00054.extxyz,alpha-TiAl,700,alpha-TiAl__700,0.0020226285358685,-0.0010827787157000387,-0.0031054072515685387,0.0031054072515685387,2
/Users/yti0811/Desktop/FE_data/npj_CM01/NPJ_CM_Fig_Python/Public_Reproducibility_Package_V01/npjcm-free-energy-surrogate_Re3/Python_Codes/table/snapshots_split/alpha-TiAl_700K_snap00055.extxyz,alpha-TiAl,700,alpha-TiAl__700,0.0017866973691035,-0.0003796624801751133,-0.0021663598492786132,0.0021663598492786132,2
/Users/yti0811/Desktop/FE_data/npj_CM01/NPJ_CM_Fig_Python/Public_Reproducibility_Package_V01/npjcm-free-energy-surrogate_Re3/Python_Codes/table/snapshots_split/alpha-TiAl_700K_snap00056.extxyz,alpha-TiAl,700,alpha-TiAl__700,0.0017380999961679,-0.000537576028991242,-0.002275676025159142,0.002275676025159142,2
/Users/yti0811/Desktop/FE_data/npj_CM01/NPJ_CM_Fig_Python/Public_Reproducibility_Package_V01/npjcm-free-energy-surrogate_Re3/Python_Codes/table/snapshots_split/alpha-TiAl_700K_snap00057.extxyz,alpha-TiAl,700,alpha-TiAl__700,0.0018629887384685,-0.0006744536436174032,-0.0025374423820859033,0.0025374423820859033,2
/Users/yti0811/Desktop/FE_data/npj_CM01/NPJ_CM_Fig_Python/Public_Reproducibility_Package_V01/npjcm-free-energy-surrogate_Re3/Python_Codes/table/snapshots_split/alpha-TiAl_700K_snap00058.extxyz,alpha-TiAl,700,alpha-TiAl__700,0.0015688281722981,-0.0006211577635559633,-0.0021899859358540633,0.0021899859358540633,2
/Users/yti0811/Desktop/FE_data/npj_CM01/NPJ_CM_Fig_Python/Public_Reproducibility_Package_V01/npjcm-free-energy-surrogate_Re3/Python_Codes/table/snapshots_split/alpha-TiAl_700K_snap00059.extxyz,alpha-TiAl,700,alpha-TiAl__700,0.0020271518467428,-0.0010190199726951433,-0.003046171819437943,0.003046171819437943,2
/Users/yti0811/Desktop/FE_data/npj_CM01/NPJ_CM_Fig_Python/Public_Reproducibility_Package_V01/npjcm-free-energy-surrogate_Re3/Python_Codes/table/snapshots_split/alpha-TiAl_700K_snap00060.extxyz,alpha-TiAl,700,alpha-TiAl__700,0.0014304410241022,-0.0008861065295247721,-0.002316547553626972,0.002316547553626972,2
/Users/yti0811/Desktop/FE_data/npj_CM01/NPJ_CM_Fig_Python/Public_Reproducibility_Package_V01/npjcm-free-energy-surrogate_Re3/Python_Codes/table/snapshots_split/alpha-TiAl_700K_snap00061.extxyz,alpha-TiAl,700,alpha-TiAl__700,0.0024522774038576,-0.0009556311717519636,-0.0034079085756095633,0.0034079085756095633,2
/Users/yti0811/Desktop/FE_data/npj_CM01/NPJ_CM_Fig_Python/Public_Reproducibility_Package_V01/npjcm-free-energy-surrogate_Re3/Python_Codes/table/snapshots_split/alpha-TiAl_700K_snap00062.extxyz,alpha-TiAl,700,alpha-TiAl__700,0.0018393042153054,-0.0008603164550840087,-0.0026996206703894087,0.0026996206703894087,2
/Users/yti0811/Desktop/FE_data/npj_CM01/NPJ_CM_Fig_Python/Public_Reproducibility_Package_V01/npjcm-free-energy-surrogate_Re3/Python_Codes/table/snapshots_split/alpha-TiAl_700K_snap00063.extxyz,alpha-TiAl,700,alpha-TiAl__700,0.0018732419594385,-0.0008513184837725262,-0.002724560443211026,0.002724560443211026,2
/Users/yti0811/Desktop/FE_data/npj_CM01/NPJ_CM_Fig_Python/Public_Reproducibility_Package_V01/npjcm-free-energy-surrogate_Re3/Python_Codes/table/snapshots_split/alpha-TiAl_700K_snap00064.extxyz,alpha-TiAl,700,alpha-TiAl__700,0.0015347344279051,-0.0009047385266858338,-0.002439472954590934,0.002439472954590934,2
/Users/yti0811/Desktop/FE_data/npj_CM01/NPJ_CM_Fig_Python/Public_Reproducibility_Package_V01/npjcm-free-energy-surrogate_Re3/Python_Codes/table/snapshots_split/alpha-TiAl_700K_snap00065.extxyz,alpha-TiAl,700,alpha-TiAl__700,0.0013331159799495,-0.0009036226260373454,-0.002236738605986845,0.002236738605986845,2
/Users/yti0811/Desktop/FE_data/npj_CM01/NPJ_CM_Fig_Python/Public_Reproducibility_Package_V01/npjcm-free-energy-surrogate_Re3/Python_Codes/table/snapshots_split/alpha-TiAl_700K_snap00066.extxyz,alpha-TiAl,700,alpha-TiAl__700,0.0018787087660051,-0.0009899303542970795,-0.0028686391203021798,0.0028686391203021798,2
/Users/yti0811/Desktop/FE_data/npj_CM01/NPJ_CM_Fig_Python/Public_Reproducibility_Package_V01/npjcm-free-energy-surrogate_Re3/Python_Codes/table/snapshots_split/alpha-TiAl_700K_snap00067.extxyz,alpha-TiAl,700,alpha-TiAl__700,0.0018377329649551,-0.0007241593112634513,-0.002561892276218551,0.002561892276218551,2
/Users/yti0811/Desktop/FE_data/npj_CM01/NPJ_CM_Fig_Python/Public_Reproducibility_Package_V01/npjcm-free-energy-surrogate_Re3/Python_Codes/table/snapshots_split/alpha-TiAl_700K_snap00068.extxyz,alpha-TiAl,700,alpha-TiAl__700,0.0019918326370046,-0.0006829325130047114,-0.0026747651500093114,0.0026747651500093114,2
/Users/yti0811/Desktop/FE_data/npj_CM01/NPJ_CM_Fig_Python/Public_Reproducibility_Package_V01/npjcm-free-energy-surrogate_Re3/Python_Codes/table/snapshots_split/alpha-TiAl_700K_snap00069.extxyz,alpha-TiAl,700,alpha-TiAl__700,0.0012881730411008,-0.0005801645078870633,-0.0018683375489878633,0.0018683375489878633,2
/Users/yti0811/Desktop/FE_data/npj_CM01/NPJ_CM_Fig_Python/Public_Reproducibility_Package_V01/npjcm-free-energy-surrogate_Re3/Python_Codes/table/snapshots_split/alpha-TiAl_700K_snap00070.extxyz,alpha-TiAl,700,alpha-TiAl__700,0.0020823186830321,-0.0009369819922078277,-0.0030193006752399277,0.0030193006752399277,2
/Users/yti0811/Desktop/FE_data/npj_CM01/NPJ_CM_Fig_Python/Public_Reproducibility_Package_V01/npjcm-free-energy-surrogate_Re3/Python_Codes/table/snapshots_split/alpha-TiAl_700K_snap00071.extxyz,alpha-TiAl,700,alpha-TiAl__700,0.0018311658798252,-0.0010620376058255365,-0.002893203485650736,0.002893203485650736,2
/Users/yti0811/Desktop/FE_data/npj_CM01/NPJ_CM_Fig_Python/Public_Reproducibility_Package_V01/npjcm-free-energy-surrogate_Re3/Python_Codes/table/snapshots_split/alpha-TiAl_700K_snap00072.extxyz,alpha-TiAl,700,alpha-TiAl__700,0.0018924571433723,-0.0008909503466766212,-0.0027834074900489215,0.0027834074900489215,2
/Users/yti0811/Desktop/FE_data/npj_CM01/NPJ_CM_Fig_Python/Public_Reproducibility_Package_V01/npjcm-free-energy-surrogate_Re3/Python_Codes/table/snapshots_split/alpha-TiAl_700K_snap00073.extxyz,alpha-TiAl,700,alpha-TiAl__700,0.0023048264209425,-0.0010596068769259531,-0.003364433297868453,0.003364433297868453,2
/Users/yti0811/Desktop/FE_data/npj_CM01/NPJ_CM_Fig_Python/Public_Reproducibility_Package_V01/npjcm-free-energy-surrogate_Re3/Python_Codes/table/snapshots_split/alpha-TiAl_700K_snap00074.extxyz,alpha-TiAl,700,alpha-TiAl__700,0.0021183584960159,-0.0008887457091218791,-0.003007104205137779,0.003007104205137779,2
/Users/yti0811/Desktop/FE_data/npj_CM01/NPJ_CM_Fig_Python/Public_Reproducibility_Package_V01/npjcm-free-energy-surrogate_Re3/Python_Codes/table/snapshots_split/alpha-TiAl_700K_snap00075.extxyz,alpha-TiAl,700,alpha-TiAl__700,0.0018921028283088,-0.0008222808965766684,-0.0027143837248854684,0.0027143837248854684,2
/Users/yti0811/Desktop/FE_data/npj_CM01/NPJ_CM_Fig_Python/Public_Reproducibility_Package_V01/npjcm-free-energy-surrogate_Re3/Python_Codes/table/snapshots_split/alpha-TiAl_700K_snap00076.extxyz,alpha-TiAl,700,alpha-TiAl__700,0.0022954402907236,-0.0004706006328178683,-0.002766040923541468,0.002766040923541468,2
/Users/yti0811/Desktop/FE_data/npj_CM01/NPJ_CM_Fig_Python/Public_Reproducibility_Package_V01/npjcm-free-energy-surrogate_Re3/Python_Codes/table/snapshots_split/alpha-TiAl_700K_snap00077.extxyz,alpha-TiAl,700,alpha-TiAl__700,0.0021555037671353,-0.0009707991622048725,-0.0031263029293401726,0.0031263029293401726,2
/Users/yti0811/Desktop/FE_data/npj_CM01/NPJ_CM_Fig_Python/Public_Reproducibility_Package_V01/npjcm-free-energy-surrogate_Re3/Python_Codes/table/snapshots_split/alpha-TiAl_700K_snap00078.extxyz,alpha-TiAl,700,alpha-TiAl__700,0.001560730348523,-0.000801749400644931,-0.002362479749167931,0.002362479749167931,2
/Users/yti0811/Desktop/FE_data/npj_CM01/NPJ_CM_Fig_Python/Public_Reproducibility_Package_V01/npjcm-free-energy-surrogate_Re3/Python_Codes/table/snapshots_split/alpha-TiAl_700K_snap00079.extxyz,alpha-TiAl,700,alpha-TiAl__700,0.001642559599326,-0.0010314235459990683,-0.0026739831453250684,0.0026739831453250684,2
/Users/yti0811/Desktop/FE_data/npj_CM01/NPJ_CM_Fig_Python/Public_Reproducibility_Package_V01/npjcm-free-energy-surrogate_Re3/Python_Codes/table/snapshots_split/alpha-TiAl_700K_snap00080.extxyz,alpha-TiAl,700,alpha-TiAl__700,0.0021775877344817,-0.0006166876151168158,-0.002794275349598516,0.002794275349598516,2
/Users/yti0811/Desktop/FE_data/npj_CM01/NPJ_CM_Fig_Python/Public_Reproducibility_Package_V01/npjcm-free-energy-surrogate_Re3/Python_Codes/table/snapshots_split/alpha-TiAl_700K_snap00081.extxyz,alpha-TiAl,700,alpha-TiAl__700,0.0018546570279204,-0.0008055066443317458,-0.0026601636722521456,0.0026601636722521456,2
/Users/yti0811/Desktop/FE_data/npj_CM01/NPJ_CM_Fig_Python/Public_Reproducibility_Package_V01/npjcm-free-energy-surrogate_Re3/Python_Codes/table/snapshots_split/alpha-TiAl_700K_snap00082.extxyz,alpha-TiAl,700,alpha-TiAl__700,0.0025439121753661,-0.0007860050337347137,-0.0033299172091008134,0.0033299172091008134,2
/Users/yti0811/Desktop/FE_data/npj_CM01/NPJ_CM_Fig_Python/Public_Reproducibility_Package_V01/npjcm-free-energy-surrogate_Re3/Python_Codes/table/snapshots_split/alpha-TiAl_700K_snap00083.extxyz,alpha-TiAl,700,alpha-TiAl__700,0.002110900495381,-0.0008343369724911157,-0.0029452374678721155,0.0029452374678721155,2
/Users/yti0811/Desktop/FE_data/npj_CM01/NPJ_CM_Fig_Python/Public_Reproducibility_Package_V01/npjcm-free-energy-surrogate_Re3/Python_Codes/table/snapshots_split/alpha-TiAl_700K_snap00084.extxyz,alpha-TiAl,700,alpha-TiAl__700,0.0014769069514827,-0.00047418365156436034,-0.0019510906030470604,0.0019510906030470604,2
/Users/yti0811/Desktop/FE_data/npj_CM01/NPJ_CM_Fig_Python/Public_Reproducibility_Package_V01/npjcm-free-energy-surrogate_Re3/Python_Codes/table/snapshots_split/alpha-TiAl_700K_snap00085.extxyz,alpha-TiAl,700,alpha-TiAl__700,0.0014210390459453,-0.0007214508085418026,-0.0021424898544871026,0.0021424898544871026,2
/Users/yti0811/Desktop/FE_data/npj_CM01/NPJ_CM_Fig_Python/Public_Reproducibility_Package_V01/npjcm-free-energy-surrogate_Re3/Python_Codes/table/snapshots_split/alpha-TiAl_700K_snap00086.extxyz,alpha-TiAl,700,alpha-TiAl__700,0.0018225653478976,-0.000455054142362876,-0.002277619490260476,0.002277619490260476,2
/Users/yti0811/Desktop/FE_data/npj_CM01/NPJ_CM_Fig_Python/Public_Reproducibility_Package_V01/npjcm-free-energy-surrogate_Re3/Python_Codes/table/snapshots_split/alpha-TiAl_700K_snap00087.extxyz,alpha-TiAl,700,alpha-TiAl__700,0.0021299571790823,-0.0007482071731152895,-0.0028781643521975896,0.0028781643521975896,2
/Users/yti0811/Desktop/FE_data/npj_CM01/NPJ_CM_Fig_Python/Public_Reproducibility_Package_V01/npjcm-free-energy-surrogate_Re3/Python_Codes/table/snapshots_split/alpha-TiAl_700K_snap00088.extxyz,alpha-TiAl,700,alpha-TiAl__700,0.0018646713306532,-0.0006321348440095308,-0.0024968061746627307,0.0024968061746627307,2
/Users/yti0811/Desktop/FE_data/npj_CM01/NPJ_CM_Fig_Python/Public_Reproducibility_Package_V01/npjcm-free-energy-surrogate_Re3/Python_Codes/table/snapshots_split/alpha-TiAl_700K_snap00089.extxyz,alpha-TiAl,700,alpha-TiAl__700,0.0021397933750414,-0.0008917482344625435,-0.0030315416095039434,0.0030315416095039434,2
/Users/yti0811/Desktop/FE_data/npj_CM01/NPJ_CM_Fig_Python/Public_Reproducibility_Package_V01/npjcm-free-energy-surrogate_Re3/Python_Codes/table/snapshots_split/alpha-TiAl_700K_snap00090.extxyz,alpha-TiAl,700,alpha-TiAl__700,0.0016344387768803,-0.0007556690137355586,-0.0023901077906158586,0.0023901077906158586,2
/Users/yti0811/Desktop/FE_data/npj_CM01/NPJ_CM_Fig_Python/Public_Reproducibility_Package_V01/npjcm-free-energy-surrogate_Re3/Python_Codes/table/snapshots_split/alpha-TiAl_700K_snap00091.extxyz,alpha-TiAl,700,alpha-TiAl__700,0.0021923169697718,-0.0010324270172938676,-0.0032247439870656674,0.0032247439870656674,2
/Users/yti0811/Desktop/FE_data/npj_CM01/NPJ_CM_Fig_Python/Public_Reproducibility_Package_V01/npjcm-free-energy-surrogate_Re3/Python_Codes/table/snapshots_split/alpha-TiAl_700K_snap00092.extxyz,alpha-TiAl,700,alpha-TiAl__700,0.0019750227546198,-0.0007767631049359543,-0.0027517858595557543,0.0027517858595557543,2
/Users/yti0811/Desktop/FE_data/npj_CM01/NPJ_CM_Fig_Python/Public_Reproducibility_Package_V01/npjcm-free-energy-surrogate_Re3/Python_Codes/table/snapshots_split/alpha-TiAl_700K_snap00093.extxyz,alpha-TiAl,700,alpha-TiAl__700,0.0017382660644941,-0.0008205687279182212,-0.002558834792412321,0.002558834792412321,2
/Users/yti0811/Desktop/FE_data/npj_CM01/NPJ_CM_Fig_Python/Public_Reproducibility_Package_V01/npjcm-free-energy-surrogate_Re3/Python_Codes/table/snapshots_split/alpha-TiAl_700K_snap00094.extxyz,alpha-TiAl,700,alpha-TiAl__700,0.0014846677428726,-0.0005979741065537015,-0.0020826418494263015,0.0020826418494263015,2
/Users/yti0811/Desktop/FE_data/npj_CM01/NPJ_CM_Fig_Python/Public_Reproducibility_Package_V01/npjcm-free-energy-surrogate_Re3/Python_Codes/table/snapshots_split/alpha-TiAl_700K_snap00095.extxyz,alpha-TiAl,700,alpha-TiAl__700,0.0020248388139748,-0.0007285721701469986,-0.0027534109841217988,0.0027534109841217988,2
/Users/yti0811/Desktop/FE_data/npj_CM01/NPJ_CM_Fig_Python/Public_Reproducibility_Package_V01/npjcm-free-energy-surrogate_Re3/Python_Codes/table/snapshots_split/alpha-TiAl_700K_snap00096.extxyz,alpha-TiAl,700,alpha-TiAl__700,0.0019354740467735,-0.0008151769668873639,-0.002750651013660864,0.002750651013660864,2
/Users/yti0811/Desktop/FE_data/npj_CM01/NPJ_CM_Fig_Python/Public_Reproducibility_Package_V01/npjcm-free-energy-surrogate_Re3/Python_Codes/table/snapshots_split/alpha-TiAl_700K_snap00097.extxyz,alpha-TiAl,700,alpha-TiAl__700,0.0011001126860477,-0.0007078672011352188,-0.0018079798871829188,0.0018079798871829188,2
/Users/yti0811/Desktop/FE_data/npj_CM01/NPJ_CM_Fig_Python/Public_Reproducibility_Package_V01/npjcm-free-energy-surrogate_Re3/Python_Codes/table/snapshots_split/alpha-TiAl_700K_snap00098.extxyz,alpha-TiAl,700,alpha-TiAl__700,0.0013951673540587,-0.0006171303455756521,-0.002012297699634352,0.002012297699634352,2
/Users/yti0811/Desktop/FE_data/npj_CM01/NPJ_CM_Fig_Python/Public_Reproducibility_Package_V01/npjcm-free-energy-surrogate_Re3/Python_Codes/table/snapshots_split/alpha-TiAl_700K_snap00099.extxyz,alpha-TiAl,700,alpha-TiAl__700,0.0023273970038962,-0.0008070070468807944,-0.003134404050776994,0.003134404050776994,2
/Users/yti0811/Desktop/FE_data/npj_CM01/NPJ_CM_Fig_Python/Public_Reproducibility_Package_V01/npjcm-free-energy-surrogate_Re3/Python_Codes/table/snapshots_split/beta-TiV_300K_snap00000.extxyz,beta-TiV,300,beta-TiV__300,-5.241638062787491e-05,0.001188494216216377,0.001240910596844252,0.001240910596844252,1
/Users/yti0811/Desktop/FE_data/npj_CM01/NPJ_CM_Fig_Python/Public_Reproducibility_Package_V01/npjcm-free-energy-surrogate_Re3/Python_Codes/table/snapshots_split/beta-TiV_300K_snap00001.extxyz,beta-TiV,300,beta-TiV__300,-6.890928402376763e-05,0.0012097292545313928,0.0012786385385551604,0.0012786385385551604,1
/Users/yti0811/Desktop/FE_data/npj_CM01/NPJ_CM_Fig_Python/Public_Reproducibility_Package_V01/npjcm-free-energy-surrogate_Re3/Python_Codes/table/snapshots_split/beta-TiV_300K_snap00002.extxyz,beta-TiV,300,beta-TiV__300,5.742395673373589e-05,0.0013615114414105703,0.0013040874846768345,0.0013040874846768345,1
/Users/yti0811/Desktop/FE_data/npj_CM01/NPJ_CM_Fig_Python/Public_Reproducibility_Package_V01/npjcm-free-energy-surrogate_Re3/Python_Codes/table/snapshots_split/beta-TiV_300K_snap00003.extxyz,beta-TiV,300,beta-TiV__300,-1.812900498250504e-05,0.0012929760901376852,0.0013111050951201903,0.0013111050951201903,1
/Users/yti0811/Desktop/FE_data/npj_CM01/NPJ_CM_Fig_Python/Public_Reproducibility_Package_V01/npjcm-free-energy-surrogate_Re3/Python_Codes/table/snapshots_split/beta-TiV_300K_snap00004.extxyz,beta-TiV,300,beta-TiV__300,-4.951444439306748e-06,0.0013211454573884215,0.0013260969018277283,0.0013260969018277283,1
/Users/yti0811/Desktop/FE_data/npj_CM01/NPJ_CM_Fig_Python/Public_Reproducibility_Package_V01/npjcm-free-energy-surrogate_Re3/Python_Codes/table/snapshots_split/beta-TiV_300K_snap00005.extxyz,beta-TiV,300,beta-TiV__300,-0.0001523486112392,0.001197712770066475,0.001350061381305675,0.001350061381305675,1
/Users/yti0811/Desktop/FE_data/npj_CM01/NPJ_CM_Fig_Python/Public_Reproducibility_Package_V01/npjcm-free-energy-surrogate_Re3/Python_Codes/table/snapshots_split/beta-TiV_300K_snap00006.extxyz,beta-TiV,300,beta-TiV__300,0.0001213808558003,0.0012074383890714625,0.0010860575332711626,0.0010860575332711626,1
/Users/yti0811/Desktop/FE_data/npj_CM01/NPJ_CM_Fig_Python/Public_Reproducibility_Package_V01/npjcm-free-energy-surrogate_Re3/Python_Codes/table/snapshots_split/beta-TiV_300K_snap00007.extxyz,beta-TiV,300,beta-TiV__300,-0.0001627845535104,0.0011303536761936438,0.0012931382297040439,0.0012931382297040439,1
/Users/yti0811/Desktop/FE_data/npj_CM01/NPJ_CM_Fig_Python/Public_Reproducibility_Package_V01/npjcm-free-energy-surrogate_Re3/Python_Codes/table/snapshots_split/beta-TiV_300K_snap00008.extxyz,beta-TiV,300,beta-TiV__300,4.938304650452362e-05,0.0011056050764387945,0.0010562220299342709,0.0010562220299342709,1
/Users/yti0811/Desktop/FE_data/npj_CM01/NPJ_CM_Fig_Python/Public_Reproducibility_Package_V01/npjcm-free-energy-surrogate_Re3/Python_Codes/table/snapshots_split/beta-TiV_300K_snap00009.extxyz,beta-TiV,300,beta-TiV__300,-1.362910690079379e-05,0.0011762461099358798,0.0011898752168366736,0.0011898752168366736,1
/Users/yti0811/Desktop/FE_data/npj_CM01/NPJ_CM_Fig_Python/Public_Reproducibility_Package_V01/npjcm-free-energy-surrogate_Re3/Python_Codes/table/snapshots_split/beta-TiV_300K_snap00010.extxyz,beta-TiV,300,beta-TiV__300,-6.321763594292652e-05,0.001203531401421459,0.0012667490373643856,0.0012667490373643856,1
/Users/yti0811/Desktop/FE_data/npj_CM01/NPJ_CM_Fig_Python/Public_Reproducibility_Package_V01/npjcm-free-energy-surrogate_Re3/Python_Codes/table/snapshots_split/beta-TiV_300K_snap00011.extxyz,beta-TiV,300,beta-TiV__300,2.0844347179014828e-05,0.0010586663195410997,0.001037821972362085,0.001037821972362085,1
/Users/yti0811/Desktop/FE_data/npj_CM01/NPJ_CM_Fig_Python/Public_Reproducibility_Package_V01/npjcm-free-energy-surrogate_Re3/Python_Codes/table/snapshots_split/beta-TiV_300K_snap00012.extxyz,beta-TiV,300,beta-TiV__300,0.0002311231951468,0.0010364577759275552,0.0008053345807807553,0.0008053345807807553,1
/Users/yti0811/Desktop/FE_data/npj_CM01/NPJ_CM_Fig_Python/Public_Reproducibility_Package_V01/npjcm-free-energy-surrogate_Re3/Python_Codes/table/snapshots_split/beta-TiV_300K_snap00013.extxyz,beta-TiV,300,beta-TiV__300,-8.239564972174652e-05,0.0011441686529834144,0.001226564302705161,0.001226564302705161,1
/Users/yti0811/Desktop/FE_data/npj_CM01/NPJ_CM_Fig_Python/Public_Reproducibility_Package_V01/npjcm-free-energy-surrogate_Re3/Python_Codes/table/snapshots_split/beta-TiV_300K_snap00014.extxyz,beta-TiV,300,beta-TiV__300,-5.924988305490321e-05,0.001120417865918864,0.0011796677489737672,0.0011796677489737672,1
/Users/yti0811/Desktop/FE_data/npj_CM01/NPJ_CM_Fig_Python/Public_Reproducibility_Package_V01/npjcm-free-energy-surrogate_Re3/Python_Codes/table/snapshots_split/beta-TiV_300K_snap00015.extxyz,beta-TiV,300,beta-TiV__300,-0.0001778944980806,0.0012243186181614854,0.0014022131162420854,0.0014022131162420854,1
/Users/yti0811/Desktop/FE_data/npj_CM01/NPJ_CM_Fig_Python/Public_Reproducibility_Package_V01/npjcm-free-energy-surrogate_Re3/Python_Codes/table/snapshots_split/beta-TiV_300K_snap00016.extxyz,beta-TiV,300,beta-TiV__300,-7.225164738229485e-05,0.0011391679394893324,0.0012114195868716273,0.0012114195868716273,1
/Users/yti0811/Desktop/FE_data/npj_CM01/NPJ_CM_Fig_Python/Public_Reproducibility_Package_V01/npjcm-free-energy-surrogate_Re3/Python_Codes/table/snapshots_split/beta-TiV_300K_snap00017.extxyz,beta-TiV,300,beta-TiV__300,-0.0002265993404043,0.0010992190242182414,0.0013258183646225415,0.0013258183646225415,1
/Users/yti0811/Desktop/FE_data/npj_CM01/NPJ_CM_Fig_Python/Public_Reproducibility_Package_V01/npjcm-free-energy-surrogate_Re3/Python_Codes/table/snapshots_split/beta-TiV_300K_snap00018.extxyz,beta-TiV,300,beta-TiV__300,0.0001333569300854,0.001233334333625461,0.001099977403540061,0.001099977403540061,1
/Users/yti0811/Desktop/FE_data/npj_CM01/NPJ_CM_Fig_Python/Public_Reproducibility_Package_V01/npjcm-free-energy-surrogate_Re3/Python_Codes/table/snapshots_split/beta-TiV_300K_snap00019.extxyz,beta-TiV,300,beta-TiV__300,-1.5977839422156042e-05,0.0012014877196361168,0.0012174655590582728,0.0012174655590582728,1
/Users/yti0811/Desktop/FE_data/npj_CM01/NPJ_CM_Fig_Python/Public_Reproducibility_Package_V01/npjcm-free-energy-surrogate_Re3/Python_Codes/table/snapshots_split/beta-TiV_300K_snap00020.extxyz,beta-TiV,300,beta-TiV__300,0.0001448277545339,0.000998143727244408,0.0008533159727105081,0.0008533159727105081,1
/Users/yti0811/Desktop/FE_data/npj_CM01/NPJ_CM_Fig_Python/Public_Reproducibility_Package_V01/npjcm-free-energy-surrogate_Re3/Python_Codes/table/snapshots_split/beta-TiV_300K_snap00021.extxyz,beta-TiV,300,beta-TiV__300,-8.290867674616455e-05,0.001000613580834591,0.0010835222575807555,0.0010835222575807555,1
/Users/yti0811/Desktop/FE_data/npj_CM01/NPJ_CM_Fig_Python/Public_Reproducibility_Package_V01/npjcm-free-energy-surrogate_Re3/Python_Codes/table/snapshots_split/beta-TiV_300K_snap00022.extxyz,beta-TiV,300,beta-TiV__300,-0.0002111472857409,0.0011650978669108655,0.0013762451526517655,0.0013762451526517655,1
/Users/yti0811/Desktop/FE_data/npj_CM01/NPJ_CM_Fig_Python/Public_Reproducibility_Package_V01/npjcm-free-energy-surrogate_Re3/Python_Codes/table/snapshots_split/beta-TiV_300K_snap00023.extxyz,beta-TiV,300,beta-TiV__300,5.625905554933307e-05,0.0011450346682006294,0.0010887756126512964,0.0010887756126512964,1
/Users/yti0811/Desktop/FE_data/npj_CM01/NPJ_CM_Fig_Python/Public_Reproducibility_Package_V01/npjcm-free-energy-surrogate_Re3/Python_Codes/table/snapshots_split/beta-TiV_300K_snap00024.extxyz,beta-TiV,300,beta-TiV__300,0.000264307542257,0.0011668502853465115,0.0009025427430895115,0.0009025427430895115,1
/Users/yti0811/Desktop/FE_data/npj_CM01/NPJ_CM_Fig_Python/Public_Reproducibility_Package_V01/npjcm-free-energy-surrogate_Re3/Python_Codes/table/snapshots_split/beta-TiV_300K_snap00025.extxyz,beta-TiV,300,beta-TiV__300,-0.0001038911410588,0.0011561508290581772,0.0012600419701169771,0.0012600419701169771,1
/Users/yti0811/Desktop/FE_data/npj_CM01/NPJ_CM_Fig_Python/Public_Reproducibility_Package_V01/npjcm-free-energy-surrogate_Re3/Python_Codes/table/snapshots_split/beta-TiV_300K_snap00026.extxyz,beta-TiV,300,beta-TiV__300,-0.0001898228341142,0.0012623503135259038,0.0014521731476401039,0.0014521731476401039,1
/Users/yti0811/Desktop/FE_data/npj_CM01/NPJ_CM_Fig_Python/Public_Reproducibility_Package_V01/npjcm-free-energy-surrogate_Re3/Python_Codes/table/snapshots_split/beta-TiV_300K_snap00027.extxyz,beta-TiV,300,beta-TiV__300,-0.0001531472029804,0.001306951268818999,0.001460098471799399,0.001460098471799399,1
/Users/yti0811/Desktop/FE_data/npj_CM01/NPJ_CM_Fig_Python/Public_Reproducibility_Package_V01/npjcm-free-energy-surrogate_Re3/Python_Codes/table/snapshots_split/beta-TiV_300K_snap00028.extxyz,beta-TiV,300,beta-TiV__300,-0.0001038959762222,0.001161706554250162,0.001265602530472362,0.001265602530472362,1
/Users/yti0811/Desktop/FE_data/npj_CM01/NPJ_CM_Fig_Python/Public_Reproducibility_Package_V01/npjcm-free-energy-surrogate_Re3/Python_Codes/table/snapshots_split/beta-TiV_300K_snap00029.extxyz,beta-TiV,300,beta-TiV__300,-1.1535214475124085e-05,0.001064058761763661,0.001075593976238785,0.001075593976238785,1
/Users/yti0811/Desktop/FE_data/npj_CM01/NPJ_CM_Fig_Python/Public_Reproducibility_Package_V01/npjcm-free-energy-surrogate_Re3/Python_Codes/table/snapshots_split/beta-TiV_300K_snap00030.extxyz,beta-TiV,300,beta-TiV__300,-0.0001502572359129,0.0010836717663166204,0.0012339290022295203,0.0012339290022295203,1
/Users/yti0811/Desktop/FE_data/npj_CM01/NPJ_CM_Fig_Python/Public_Reproducibility_Package_V01/npjcm-free-energy-surrogate_Re3/Python_Codes/table/snapshots_split/beta-TiV_300K_snap00031.extxyz,beta-TiV,300,beta-TiV__300,-4.381975352309461e-06,0.0009164492818254176,0.000920831257177727,0.000920831257177727,1
/Users/yti0811/Desktop/FE_data/npj_CM01/NPJ_CM_Fig_Python/Public_Reproducibility_Package_V01/npjcm-free-energy-surrogate_Re3/Python_Codes/table/snapshots_split/beta-TiV_300K_snap00032.extxyz,beta-TiV,300,beta-TiV__300,-0.0001671379444755,0.0010283401998102113,0.0011954781442857112,0.0011954781442857112,1
/Users/yti0811/Desktop/FE_data/npj_CM01/NPJ_CM_Fig_Python/Public_Reproducibility_Package_V01/npjcm-free-energy-surrogate_Re3/Python_Codes/table/snapshots_split/beta-TiV_300K_snap00033.extxyz,beta-TiV,300,beta-TiV__300,-1.247748984307852e-05,0.0012148899241385422,0.0012273674139816207,0.0012273674139816207,1
/Users/yti0811/Desktop/FE_data/npj_CM01/NPJ_CM_Fig_Python/Public_Reproducibility_Package_V01/npjcm-free-energy-surrogate_Re3/Python_Codes/table/snapshots_split/beta-TiV_300K_snap00034.extxyz,beta-TiV,300,beta-TiV__300,7.346104054666122e-05,0.0011210954619325412,0.00104763442138588,0.00104763442138588,1
/Users/yti0811/Desktop/FE_data/npj_CM01/NPJ_CM_Fig_Python/Public_Reproducibility_Package_V01/npjcm-free-energy-surrogate_Re3/Python_Codes/table/snapshots_split/beta-TiV_300K_snap00035.extxyz,beta-TiV,300,beta-TiV__300,5.411183441155042e-05,0.0011206985015205064,0.001066586667108956,0.001066586667108956,1
/Users/yti0811/Desktop/FE_data/npj_CM01/NPJ_CM_Fig_Python/Public_Reproducibility_Package_V01/npjcm-free-energy-surrogate_Re3/Python_Codes/table/snapshots_split/beta-TiV_300K_snap00036.extxyz,beta-TiV,300,beta-TiV__300,0.0001936774167106,0.0012049231736553354,0.0010112457569447354,0.0010112457569447354,1
/Users/yti0811/Desktop/FE_data/npj_CM01/NPJ_CM_Fig_Python/Public_Reproducibility_Package_V01/npjcm-free-energy-surrogate_Re3/Python_Codes/table/snapshots_split/beta-TiV_300K_snap00037.extxyz,beta-TiV,300,beta-TiV__300,-0.0001151617614469,0.0011131533825720105,0.0012283151440189105,0.0012283151440189105,1
/Users/yti0811/Desktop/FE_data/npj_CM01/NPJ_CM_Fig_Python/Public_Reproducibility_Package_V01/npjcm-free-energy-surrogate_Re3/Python_Codes/table/snapshots_split/beta-TiV_300K_snap00038.extxyz,beta-TiV,300,beta-TiV__300,0.0001269429911348,0.001299239184667849,0.001172296193533049,0.001172296193533049,1
/Users/yti0811/Desktop/FE_data/npj_CM01/NPJ_CM_Fig_Python/Public_Reproducibility_Package_V01/npjcm-free-energy-surrogate_Re3/Python_Codes/table/snapshots_split/beta-TiV_300K_snap00039.extxyz,beta-TiV,300,beta-TiV__300,-1.0102698936932955e-05,0.001405556305512754,0.001415659004449687,0.001415659004449687,1
/Users/yti0811/Desktop/FE_data/npj_CM01/NPJ_CM_Fig_Python/Public_Reproducibility_Package_V01/npjcm-free-energy-surrogate_Re3/Python_Codes/table/snapshots_split/beta-TiV_300K_snap00040.extxyz,beta-TiV,300,beta-TiV__300,8.260032918180146e-05,0.0012272158180561196,0.001144615488874318,0.001144615488874318,1
/Users/yti0811/Desktop/FE_data/npj_CM01/NPJ_CM_Fig_Python/Public_Reproducibility_Package_V01/npjcm-free-energy-surrogate_Re3/Python_Codes/table/snapshots_split/beta-TiV_300K_snap00041.extxyz,beta-TiV,300,beta-TiV__300,-4.394437548067733e-05,0.0012115078378558048,0.0012554522133364822,0.0012554522133364822,1
/Users/yti0811/Desktop/FE_data/npj_CM01/NPJ_CM_Fig_Python/Public_Reproducibility_Package_V01/npjcm-free-energy-surrogate_Re3/Python_Codes/table/snapshots_split/beta-TiV_300K_snap00042.extxyz,beta-TiV,300,beta-TiV__300,-1.9689940127200505e-05,0.0012184881416825917,0.0012381780818097922,0.0012381780818097922,1
/Users/yti0811/Desktop/FE_data/npj_CM01/NPJ_CM_Fig_Python/Public_Reproducibility_Package_V01/npjcm-free-energy-surrogate_Re3/Python_Codes/table/snapshots_split/beta-TiV_300K_snap00043.extxyz,beta-TiV,300,beta-TiV__300,7.959849796222424e-06,0.0010328220239738365,0.001024862174177614,0.001024862174177614,1
/Users/yti0811/Desktop/FE_data/npj_CM01/NPJ_CM_Fig_Python/Public_Reproducibility_Package_V01/npjcm-free-energy-surrogate_Re3/Python_Codes/table/snapshots_split/beta-TiV_300K_snap00044.extxyz,beta-TiV,300,beta-TiV__300,-0.0001918571812254,0.0008464773914993154,0.0010383345727247154,0.0010383345727247154,1
/Users/yti0811/Desktop/FE_data/npj_CM01/NPJ_CM_Fig_Python/Public_Reproducibility_Package_V01/npjcm-free-energy-surrogate_Re3/Python_Codes/table/snapshots_split/beta-TiV_300K_snap00045.extxyz,beta-TiV,300,beta-TiV__300,-0.0001807158029184,0.0009572951979373284,0.0011380110008557284,0.0011380110008557284,1
/Users/yti0811/Desktop/FE_data/npj_CM01/NPJ_CM_Fig_Python/Public_Reproducibility_Package_V01/npjcm-free-energy-surrogate_Re3/Python_Codes/table/snapshots_split/beta-TiV_300K_snap00046.extxyz,beta-TiV,300,beta-TiV__300,6.372834575878282e-05,0.0011979022956453977,0.001134173949886615,0.001134173949886615,1
/Users/yti0811/Desktop/FE_data/npj_CM01/NPJ_CM_Fig_Python/Public_Reproducibility_Package_V01/npjcm-free-energy-surrogate_Re3/Python_Codes/table/snapshots_split/beta-TiV_300K_snap00047.extxyz,beta-TiV,300,beta-TiV__300,-0.0003296630257237,0.0012870891880971658,0.001616752213820866,0.001616752213820866,1
/Users/yti0811/Desktop/FE_data/npj_CM01/NPJ_CM_Fig_Python/Public_Reproducibility_Package_V01/npjcm-free-energy-surrogate_Re3/Python_Codes/table/snapshots_split/beta-TiV_300K_snap00048.extxyz,beta-TiV,300,beta-TiV__300,-1.6987601565005165e-06,0.0010850572454715092,0.0010867560056280097,0.0010867560056280097,1
/Users/yti0811/Desktop/FE_data/npj_CM01/NPJ_CM_Fig_Python/Public_Reproducibility_Package_V01/npjcm-free-energy-surrogate_Re3/Python_Codes/table/snapshots_split/beta-TiV_300K_snap00049.extxyz,beta-TiV,300,beta-TiV__300,-0.0001368422927211,0.0010450927140230242,0.0011819350067441242,0.0011819350067441242,1
/Users/yti0811/Desktop/FE_data/npj_CM01/NPJ_CM_Fig_Python/Public_Reproducibility_Package_V01/npjcm-free-energy-surrogate_Re3/Python_Codes/table/snapshots_split/beta-TiV_300K_snap00050.extxyz,beta-TiV,300,beta-TiV__300,-6.839439233181811e-05,0.0011818411507914734,0.0012502355431232915,0.0012502355431232915,1
/Users/yti0811/Desktop/FE_data/npj_CM01/NPJ_CM_Fig_Python/Public_Reproducibility_Package_V01/npjcm-free-energy-surrogate_Re3/Python_Codes/table/snapshots_split/beta-TiV_300K_snap00051.extxyz,beta-TiV,300,beta-TiV__300,-0.0001228912927135,0.0010648462704938905,0.0011877375632073904,0.0011877375632073904,1
/Users/yti0811/Desktop/FE_data/npj_CM01/NPJ_CM_Fig_Python/Public_Reproducibility_Package_V01/npjcm-free-energy-surrogate_Re3/Python_Codes/table/snapshots_split/beta-TiV_300K_snap00052.extxyz,beta-TiV,300,beta-TiV__300,-8.302352700790995e-05,0.0010361193074689072,0.0011191428344768171,0.0011191428344768171,1
/Users/yti0811/Desktop/FE_data/npj_CM01/NPJ_CM_Fig_Python/Public_Reproducibility_Package_V01/npjcm-free-energy-surrogate_Re3/Python_Codes/table/snapshots_split/beta-TiV_300K_snap00053.extxyz,beta-TiV,300,beta-TiV__300,-0.0002187328903627,0.0010742043292794779,0.0012929372196421778,0.0012929372196421778,1
/Users/yti0811/Desktop/FE_data/npj_CM01/NPJ_CM_Fig_Python/Public_Reproducibility_Package_V01/npjcm-free-energy-surrogate_Re3/Python_Codes/table/snapshots_split/beta-TiV_300K_snap00054.extxyz,beta-TiV,300,beta-TiV__300,-6.042130093603263e-07,0.0011617776593103868,0.0011623818723197471,0.0011623818723197471,1
/Users/yti0811/Desktop/FE_data/npj_CM01/NPJ_CM_Fig_Python/Public_Reproducibility_Package_V01/npjcm-free-energy-surrogate_Re3/Python_Codes/table/snapshots_split/beta-TiV_300K_snap00055.extxyz,beta-TiV,300,beta-TiV__300,-0.000168598725798,0.001174523806444915,0.001343122532242915,0.001343122532242915,1
/Users/yti0811/Desktop/FE_data/npj_CM01/NPJ_CM_Fig_Python/Public_Reproducibility_Package_V01/npjcm-free-energy-surrogate_Re3/Python_Codes/table/snapshots_split/beta-TiV_300K_snap00056.extxyz,beta-TiV,300,beta-TiV__300,0.0001237054640963,0.0011501909114561347,0.0010264854473598347,0.0010264854473598347,1
/Users/yti0811/Desktop/FE_data/npj_CM01/NPJ_CM_Fig_Python/Public_Reproducibility_Package_V01/npjcm-free-energy-surrogate_Re3/Python_Codes/table/snapshots_split/beta-TiV_300K_snap00057.extxyz,beta-TiV,300,beta-TiV__300,-0.000332910441055,0.0013941055190621224,0.0017270159601171222,0.0017270159601171222,1
/Users/yti0811/Desktop/FE_data/npj_CM01/NPJ_CM_Fig_Python/Public_Reproducibility_Package_V01/npjcm-free-energy-surrogate_Re3/Python_Codes/table/snapshots_split/beta-TiV_300K_snap00058.extxyz,beta-TiV,300,beta-TiV__300,0.0002874526848391,0.0012406872986048302,0.0009532346137657301,0.0009532346137657301,1
/Users/yti0811/Desktop/FE_data/npj_CM01/NPJ_CM_Fig_Python/Public_Reproducibility_Package_V01/npjcm-free-energy-surrogate_Re3/Python_Codes/table/snapshots_split/beta-TiV_300K_snap00059.extxyz,beta-TiV,300,beta-TiV__300,0.0001501795447503,0.0012675446516880223,0.0011173651069377223,0.0011173651069377223,1
/Users/yti0811/Desktop/FE_data/npj_CM01/NPJ_CM_Fig_Python/Public_Reproducibility_Package_V01/npjcm-free-energy-surrogate_Re3/Python_Codes/table/snapshots_split/beta-TiV_300K_snap00060.extxyz,beta-TiV,300,beta-TiV__300,-3.599568697860879e-05,0.0012154681594308027,0.0012514638464094115,0.0012514638464094115,1
/Users/yti0811/Desktop/FE_data/npj_CM01/NPJ_CM_Fig_Python/Public_Reproducibility_Package_V01/npjcm-free-energy-surrogate_Re3/Python_Codes/table/snapshots_split/beta-TiV_300K_snap00061.extxyz,beta-TiV,300,beta-TiV__300,-0.0001281112806229,0.001223789260943973,0.001351900541566873,0.001351900541566873,1
/Users/yti0811/Desktop/FE_data/npj_CM01/NPJ_CM_Fig_Python/Public_Reproducibility_Package_V01/npjcm-free-energy-surrogate_Re3/Python_Codes/table/snapshots_split/beta-TiV_300K_snap00062.extxyz,beta-TiV,300,beta-TiV__300,0.0001956530376761,0.0012990863120341616,0.0011034332743580617,0.0011034332743580617,1
/Users/yti0811/Desktop/FE_data/npj_CM01/NPJ_CM_Fig_Python/Public_Reproducibility_Package_V01/npjcm-free-energy-surrogate_Re3/Python_Codes/table/snapshots_split/beta-TiV_300K_snap00063.extxyz,beta-TiV,300,beta-TiV__300,-3.692779209880816e-05,0.0012242825245357052,0.0012612103166345133,0.0012612103166345133,1
/Users/yti0811/Desktop/FE_data/npj_CM01/NPJ_CM_Fig_Python/Public_Reproducibility_Package_V01/npjcm-free-energy-surrogate_Re3/Python_Codes/table/snapshots_split/beta-TiV_300K_snap00064.extxyz,beta-TiV,300,beta-TiV__300,3.400867318607946e-05,0.0013857293154735167,0.0013517206422874373,0.0013517206422874373,1
/Users/yti0811/Desktop/FE_data/npj_CM01/NPJ_CM_Fig_Python/Public_Reproducibility_Package_V01/npjcm-free-energy-surrogate_Re3/Python_Codes/table/snapshots_split/beta-TiV_300K_snap00065.extxyz,beta-TiV,300,beta-TiV__300,1.0834021382287158e-05,0.0012775453479625565,0.0012667113265802693,0.0012667113265802693,1
/Users/yti0811/Desktop/FE_data/npj_CM01/NPJ_CM_Fig_Python/Public_Reproducibility_Package_V01/npjcm-free-energy-surrogate_Re3/Python_Codes/table/snapshots_split/beta-TiV_300K_snap00066.extxyz,beta-TiV,300,beta-TiV__300,-2.9038218178413804e-05,0.0012366139344379312,0.001265652152616345,0.001265652152616345,1
/Users/yti0811/Desktop/FE_data/npj_CM01/NPJ_CM_Fig_Python/Public_Reproducibility_Package_V01/npjcm-free-energy-surrogate_Re3/Python_Codes/table/snapshots_split/beta-TiV_300K_snap00067.extxyz,beta-TiV,300,beta-TiV__300,0.0001374188456395,0.000965372024323191,0.000827953178683691,0.000827953178683691,1
/Users/yti0811/Desktop/FE_data/npj_CM01/NPJ_CM_Fig_Python/Public_Reproducibility_Package_V01/npjcm-free-energy-surrogate_Re3/Python_Codes/table/snapshots_split/beta-TiV_300K_snap00068.extxyz,beta-TiV,300,beta-TiV__300,-8.932014384739507e-05,0.0011207644004537767,0.0012100845443011718,0.0012100845443011718,1
/Users/yti0811/Desktop/FE_data/npj_CM01/NPJ_CM_Fig_Python/Public_Reproducibility_Package_V01/npjcm-free-energy-surrogate_Re3/Python_Codes/table/snapshots_split/beta-TiV_300K_snap00069.extxyz,beta-TiV,300,beta-TiV__300,-0.000124465760768,0.0010333982849143651,0.0011578640456823652,0.0011578640456823652,1
/Users/yti0811/Desktop/FE_data/npj_CM01/NPJ_CM_Fig_Python/Public_Reproducibility_Package_V01/npjcm-free-energy-surrogate_Re3/Python_Codes/table/snapshots_split/beta-TiV_300K_snap00070.extxyz,beta-TiV,300,beta-TiV__300,5.665689175508969e-05,0.0010173073438392091,0.0009606504520841194,0.0009606504520841194,1
/Users/yti0811/Desktop/FE_data/npj_CM01/NPJ_CM_Fig_Python/Public_Reproducibility_Package_V01/npjcm-free-energy-surrogate_Re3/Python_Codes/table/snapshots_split/beta-TiV_300K_snap00071.extxyz,beta-TiV,300,beta-TiV__300,0.0001296038610112,0.0010637795883872377,0.0009341757273760377,0.0009341757273760377,1
/Users/yti0811/Desktop/FE_data/npj_CM01/NPJ_CM_Fig_Python/Public_Reproducibility_Package_V01/npjcm-free-energy-surrogate_Re3/Python_Codes/table/snapshots_split/beta-TiV_300K_snap00072.extxyz,beta-TiV,300,beta-TiV__300,5.9220958866107295e-06,0.0009322080945960139,0.0009262859987094032,0.0009262859987094032,1
/Users/yti0811/Desktop/FE_data/npj_CM01/NPJ_CM_Fig_Python/Public_Reproducibility_Package_V01/npjcm-free-energy-surrogate_Re3/Python_Codes/table/snapshots_split/beta-TiV_300K_snap00073.extxyz,beta-TiV,300,beta-TiV__300,0.0001364160696386,0.001040138166521798,0.000903722096883198,0.000903722096883198,1
/Users/yti0811/Desktop/FE_data/npj_CM01/NPJ_CM_Fig_Python/Public_Reproducibility_Package_V01/npjcm-free-energy-surrogate_Re3/Python_Codes/table/snapshots_split/beta-TiV_300K_snap00074.extxyz,beta-TiV,300,beta-TiV__300,-7.699081379715257e-05,0.0009759506217799282,0.0010529414355770806,0.0010529414355770806,1
/Users/yti0811/Desktop/FE_data/npj_CM01/NPJ_CM_Fig_Python/Public_Reproducibility_Package_V01/npjcm-free-energy-surrogate_Re3/Python_Codes/table/snapshots_split/beta-TiV_300K_snap00075.extxyz,beta-TiV,300,beta-TiV__300,0.0001401709419868,0.001003109021918273,0.0008629380799314731,0.0008629380799314731,1
/Users/yti0811/Desktop/FE_data/npj_CM01/NPJ_CM_Fig_Python/Public_Reproducibility_Package_V01/npjcm-free-energy-surrogate_Re3/Python_Codes/table/snapshots_split/beta-TiV_300K_snap00076.extxyz,beta-TiV,300,beta-TiV__300,2.598987815542851e-05,0.0010805912225687257,0.0010546013444132972,0.0010546013444132972,1
/Users/yti0811/Desktop/FE_data/npj_CM01/NPJ_CM_Fig_Python/Public_Reproducibility_Package_V01/npjcm-free-energy-surrogate_Re3/Python_Codes/table/snapshots_split/beta-TiV_300K_snap00077.extxyz,beta-TiV,300,beta-TiV__300,-0.000150781505728,0.0011759436943215168,0.0013267252000495168,0.0013267252000495168,1
/Users/yti0811/Desktop/FE_data/npj_CM01/NPJ_CM_Fig_Python/Public_Reproducibility_Package_V01/npjcm-free-energy-surrogate_Re3/Python_Codes/table/snapshots_split/beta-TiV_300K_snap00078.extxyz,beta-TiV,300,beta-TiV__300,1.900547307624843e-05,0.0010554400755539229,0.0010364346024776744,0.0010364346024776744,1
/Users/yti0811/Desktop/FE_data/npj_CM01/NPJ_CM_Fig_Python/Public_Reproducibility_Package_V01/npjcm-free-energy-surrogate_Re3/Python_Codes/table/snapshots_split/beta-TiV_300K_snap00079.extxyz,beta-TiV,300,beta-TiV__300,-6.96064591200879e-05,0.0010751061929209146,0.0011447126520410026,0.0011447126520410026,1
/Users/yti0811/Desktop/FE_data/npj_CM01/NPJ_CM_Fig_Python/Public_Reproducibility_Package_V01/npjcm-free-energy-surrogate_Re3/Python_Codes/table/snapshots_split/beta-TiV_300K_snap00080.extxyz,beta-TiV,300,beta-TiV__300,-5.725798142903916e-05,0.0011624960662996594,0.0012197540477286986,0.0012197540477286986,1
/Users/yti0811/Desktop/FE_data/npj_CM01/NPJ_CM_Fig_Python/Public_Reproducibility_Package_V01/npjcm-free-energy-surrogate_Re3/Python_Codes/table/snapshots_split/beta-TiV_300K_snap00081.extxyz,beta-TiV,300,beta-TiV__300,0.0001741711314231,0.0010200073097239774,0.0008458361783008774,0.0008458361783008774,1
/Users/yti0811/Desktop/FE_data/npj_CM01/NPJ_CM_Fig_Python/Public_Reproducibility_Package_V01/npjcm-free-energy-surrogate_Re3/Python_Codes/table/snapshots_split/beta-TiV_300K_snap00082.extxyz,beta-TiV,300,beta-TiV__300,1.298910641627069e-05,0.0010848206828838309,0.0010718315764675602,0.0010718315764675602,1
/Users/yti0811/Desktop/FE_data/npj_CM01/NPJ_CM_Fig_Python/Public_Reproducibility_Package_V01/npjcm-free-energy-surrogate_Re3/Python_Codes/table/snapshots_split/beta-TiV_300K_snap00083.extxyz,beta-TiV,300,beta-TiV__300,-6.024684937684545e-05,0.001028312364681983,0.0010885592140588284,0.0010885592140588284,1
/Users/yti0811/Desktop/FE_data/npj_CM01/NPJ_CM_Fig_Python/Public_Reproducibility_Package_V01/npjcm-free-energy-surrogate_Re3/Python_Codes/table/snapshots_split/beta-TiV_300K_snap00084.extxyz,beta-TiV,300,beta-TiV__300,-0.0001687104590269,0.0010049026686421256,0.0011736131276690255,0.0011736131276690255,1
/Users/yti0811/Desktop/FE_data/npj_CM01/NPJ_CM_Fig_Python/Public_Reproducibility_Package_V01/npjcm-free-energy-surrogate_Re3/Python_Codes/table/snapshots_split/beta-TiV_300K_snap00085.extxyz,beta-TiV,300,beta-TiV__300,-1.662521883712022e-05,0.0009623925989224555,0.0009790178177595758,0.0009790178177595758,1
/Users/yti0811/Desktop/FE_data/npj_CM01/NPJ_CM_Fig_Python/Public_Reproducibility_Package_V01/npjcm-free-energy-surrogate_Re3/Python_Codes/table/snapshots_split/beta-TiV_300K_snap00086.extxyz,beta-TiV,300,beta-TiV__300,4.615785980725927e-05,0.0011653704912070646,0.0011192126313998053,0.0011192126313998053,1
/Users/yti0811/Desktop/FE_data/npj_CM01/NPJ_CM_Fig_Python/Public_Reproducibility_Package_V01/npjcm-free-energy-surrogate_Re3/Python_Codes/table/snapshots_split/beta-TiV_300K_snap00087.extxyz,beta-TiV,300,beta-TiV__300,-0.0001493673862603,0.0009886726331948157,0.0011380400194551158,0.0011380400194551158,1
/Users/yti0811/Desktop/FE_data/npj_CM01/NPJ_CM_Fig_Python/Public_Reproducibility_Package_V01/npjcm-free-energy-surrogate_Re3/Python_Codes/table/snapshots_split/beta-TiV_300K_snap00088.extxyz,beta-TiV,300,beta-TiV__300,-0.0001097303401759,0.0010506704459554192,0.0011604007861313191,0.0011604007861313191,1
/Users/yti0811/Desktop/FE_data/npj_CM01/NPJ_CM_Fig_Python/Public_Reproducibility_Package_V01/npjcm-free-energy-surrogate_Re3/Python_Codes/table/snapshots_split/beta-TiV_300K_snap00089.extxyz,beta-TiV,300,beta-TiV__300,0.0001987974316524,0.0010732770572149978,0.0008744796255625978,0.0008744796255625978,1
/Users/yti0811/Desktop/FE_data/npj_CM01/NPJ_CM_Fig_Python/Public_Reproducibility_Package_V01/npjcm-free-energy-surrogate_Re3/Python_Codes/table/snapshots_split/beta-TiV_300K_snap00090.extxyz,beta-TiV,300,beta-TiV__300,-0.0001472298561962,0.0010077415937463992,0.001154971449942599,0.001154971449942599,1
/Users/yti0811/Desktop/FE_data/npj_CM01/NPJ_CM_Fig_Python/Public_Reproducibility_Package_V01/npjcm-free-energy-surrogate_Re3/Python_Codes/table/snapshots_split/beta-TiV_300K_snap00091.extxyz,beta-TiV,300,beta-TiV__300,2.443599810146689e-05,0.0010526503433806874,0.0010282143452792205,0.0010282143452792205,1
/Users/yti0811/Desktop/FE_data/npj_CM01/NPJ_CM_Fig_Python/Public_Reproducibility_Package_V01/npjcm-free-energy-surrogate_Re3/Python_Codes/table/snapshots_split/beta-TiV_300K_snap00092.extxyz,beta-TiV,300,beta-TiV__300,0.0002052660943477,0.0011092869353592774,0.0009040208410115774,0.0009040208410115774,1
/Users/yti0811/Desktop/FE_data/npj_CM01/NPJ_CM_Fig_Python/Public_Reproducibility_Package_V01/npjcm-free-energy-surrogate_Re3/Python_Codes/table/snapshots_split/beta-TiV_300K_snap00093.extxyz,beta-TiV,300,beta-TiV__300,-0.0001110920638999,0.0010489408218515611,0.0011600328857514612,0.0011600328857514612,1
/Users/yti0811/Desktop/FE_data/npj_CM01/NPJ_CM_Fig_Python/Public_Reproducibility_Package_V01/npjcm-free-energy-surrogate_Re3/Python_Codes/table/snapshots_split/beta-TiV_300K_snap00094.extxyz,beta-TiV,300,beta-TiV__300,-9.024648515594426e-05,0.0009748555526905409,0.0010651020378464851,0.0010651020378464851,1
/Users/yti0811/Desktop/FE_data/npj_CM01/NPJ_CM_Fig_Python/Public_Reproducibility_Package_V01/npjcm-free-energy-surrogate_Re3/Python_Codes/table/snapshots_split/beta-TiV_300K_snap00095.extxyz,beta-TiV,300,beta-TiV__300,-0.0004841890781193,0.0010810515261834546,0.0015652406043027546,0.0015652406043027546,1
/Users/yti0811/Desktop/FE_data/npj_CM01/NPJ_CM_Fig_Python/Public_Reproducibility_Package_V01/npjcm-free-energy-surrogate_Re3/Python_Codes/table/snapshots_split/beta-TiV_300K_snap00096.extxyz,beta-TiV,300,beta-TiV__300,-0.0001775341460258,0.0009578869925649864,0.0011354211385907864,0.0011354211385907864,1
/Users/yti0811/Desktop/FE_data/npj_CM01/NPJ_CM_Fig_Python/Public_Reproducibility_Package_V01/npjcm-free-energy-surrogate_Re3/Python_Codes/table/snapshots_split/beta-TiV_300K_snap00097.extxyz,beta-TiV,300,beta-TiV__300,3.788240536466257e-05,0.001134711336266484,0.0010968289309018213,0.0010968289309018213,1
/Users/yti0811/Desktop/FE_data/npj_CM01/NPJ_CM_Fig_Python/Public_Reproducibility_Package_V01/npjcm-free-energy-surrogate_Re3/Python_Codes/table/snapshots_split/beta-TiV_300K_snap00098.extxyz,beta-TiV,300,beta-TiV__300,0.0001170599905125,0.0011551406288166026,0.0010380806383041025,0.0010380806383041025,1
/Users/yti0811/Desktop/FE_data/npj_CM01/NPJ_CM_Fig_Python/Public_Reproducibility_Package_V01/npjcm-free-energy-surrogate_Re3/Python_Codes/table/snapshots_split/beta-TiV_300K_snap00099.extxyz,beta-TiV,300,beta-TiV__300,0.0003934631795737,0.001045126744985812,0.0006516635654121119,0.0006516635654121119,1
/Users/yti0811/Desktop/FE_data/npj_CM01/NPJ_CM_Fig_Python/Public_Reproducibility_Package_V01/npjcm-free-energy-surrogate_Re3/Python_Codes/table/snapshots_split/beta-TiV_400K_snap00000.extxyz,beta-TiV,400,beta-TiV__400,0.0023457397586522,0.0016691888627082484,-0.0006765508959439516,0.0006765508959439516,0
/Users/yti0811/Desktop/FE_data/npj_CM01/NPJ_CM_Fig_Python/Public_Reproducibility_Package_V01/npjcm-free-energy-surrogate_Re3/Python_Codes/table/snapshots_split/beta-TiV_400K_snap00001.extxyz,beta-TiV,400,beta-TiV__400,0.0019463249981109,0.001566019644008875,-0.0003803053541020251,0.0003803053541020251,0
/Users/yti0811/Desktop/FE_data/npj_CM01/NPJ_CM_Fig_Python/Public_Reproducibility_Package_V01/npjcm-free-energy-surrogate_Re3/Python_Codes/table/snapshots_split/beta-TiV_400K_snap00002.extxyz,beta-TiV,400,beta-TiV__400,0.0019316336824971,0.001701912528223817,-0.00022972115427328296,0.00022972115427328296,0
/Users/yti0811/Desktop/FE_data/npj_CM01/NPJ_CM_Fig_Python/Public_Reproducibility_Package_V01/npjcm-free-energy-surrogate_Re3/Python_Codes/table/snapshots_split/beta-TiV_400K_snap00003.extxyz,beta-TiV,400,beta-TiV__400,0.0023992285336259,0.001554660003328137,-0.0008445685302977631,0.0008445685302977631,0
/Users/yti0811/Desktop/FE_data/npj_CM01/NPJ_CM_Fig_Python/Public_Reproducibility_Package_V01/npjcm-free-energy-surrogate_Re3/Python_Codes/table/snapshots_split/beta-TiV_400K_snap00004.extxyz,beta-TiV,400,beta-TiV__400,0.0023838275990511,0.001609888082265024,-0.0007739395167860761,0.0007739395167860761,0
/Users/yti0811/Desktop/FE_data/npj_CM01/NPJ_CM_Fig_Python/Public_Reproducibility_Package_V01/npjcm-free-energy-surrogate_Re3/Python_Codes/table/snapshots_split/beta-TiV_400K_snap00005.extxyz,beta-TiV,400,beta-TiV__400,0.0022565773012446,0.0016320860160661775,-0.0006244912851784226,0.0006244912851784226,0
/Users/yti0811/Desktop/FE_data/npj_CM01/NPJ_CM_Fig_Python/Public_Reproducibility_Package_V01/npjcm-free-energy-surrogate_Re3/Python_Codes/table/snapshots_split/beta-TiV_400K_snap00006.extxyz,beta-TiV,400,beta-TiV__400,0.0020784306370811,0.0017762012428527442,-0.0003022293942283559,0.0003022293942283559,0
/Users/yti0811/Desktop/FE_data/npj_CM01/NPJ_CM_Fig_Python/Public_Reproducibility_Package_V01/npjcm-free-energy-surrogate_Re3/Python_Codes/table/snapshots_split/beta-TiV_400K_snap00007.extxyz,beta-TiV,400,beta-TiV__400,0.001997052564938,0.0016000479191669408,-0.0003970046457710593,0.0003970046457710593,0
/Users/yti0811/Desktop/FE_data/npj_CM01/NPJ_CM_Fig_Python/Public_Reproducibility_Package_V01/npjcm-free-energy-surrogate_Re3/Python_Codes/table/snapshots_split/beta-TiV_400K_snap00008.extxyz,beta-TiV,400,beta-TiV__400,0.0022204666065853,0.0016372913593576113,-0.0005831752472276889,0.0005831752472276889,0
/Users/yti0811/Desktop/FE_data/npj_CM01/NPJ_CM_Fig_Python/Public_Reproducibility_Package_V01/npjcm-free-energy-surrogate_Re3/Python_Codes/table/snapshots_split/beta-TiV_400K_snap00009.extxyz,beta-TiV,400,beta-TiV__400,0.0021697623777812,0.0016699082538007095,-0.0004998541239804905,0.0004998541239804905,0
/Users/yti0811/Desktop/FE_data/npj_CM01/NPJ_CM_Fig_Python/Public_Reproducibility_Package_V01/npjcm-free-energy-surrogate_Re3/Python_Codes/table/snapshots_split/beta-TiV_400K_snap00010.extxyz,beta-TiV,400,beta-TiV__400,0.0018280944029479,0.0018421722667803656,1.4077863832465554e-05,1.4077863832465554e-05,0
/Users/yti0811/Desktop/FE_data/npj_CM01/NPJ_CM_Fig_Python/Public_Reproducibility_Package_V01/npjcm-free-energy-surrogate_Re3/Python_Codes/table/snapshots_split/beta-TiV_400K_snap00011.extxyz,beta-TiV,400,beta-TiV__400,0.0020387198948009,0.0016996691374658972,-0.0003390507573350029,0.0003390507573350029,0
/Users/yti0811/Desktop/FE_data/npj_CM01/NPJ_CM_Fig_Python/Public_Reproducibility_Package_V01/npjcm-free-energy-surrogate_Re3/Python_Codes/table/snapshots_split/beta-TiV_400K_snap00012.extxyz,beta-TiV,400,beta-TiV__400,0.0021838458162482,0.0018032266829272085,-0.0003806191333209914,0.0003806191333209914,0
/Users/yti0811/Desktop/FE_data/npj_CM01/NPJ_CM_Fig_Python/Public_Reproducibility_Package_V01/npjcm-free-energy-surrogate_Re3/Python_Codes/table/snapshots_split/beta-TiV_400K_snap00013.extxyz,beta-TiV,400,beta-TiV__400,0.0022522773558778,0.0016105980778131795,-0.0006416792780646204,0.0006416792780646204,0
/Users/yti0811/Desktop/FE_data/npj_CM01/NPJ_CM_Fig_Python/Public_Reproducibility_Package_V01/npjcm-free-energy-surrogate_Re3/Python_Codes/table/snapshots_split/beta-TiV_400K_snap00014.extxyz,beta-TiV,400,beta-TiV__400,0.0024354990803057,0.0018493374484510393,-0.0005861616318546606,0.0005861616318546606,0
/Users/yti0811/Desktop/FE_data/npj_CM01/NPJ_CM_Fig_Python/Public_Reproducibility_Package_V01/npjcm-free-energy-surrogate_Re3/Python_Codes/table/snapshots_split/beta-TiV_400K_snap00015.extxyz,beta-TiV,400,beta-TiV__400,0.0021262242624318,0.001528956972316965,-0.0005972672901148352,0.0005972672901148352,0
/Users/yti0811/Desktop/FE_data/npj_CM01/NPJ_CM_Fig_Python/Public_Reproducibility_Package_V01/npjcm-free-energy-surrogate_Re3/Python_Codes/table/snapshots_split/beta-TiV_400K_snap00016.extxyz,beta-TiV,400,beta-TiV__400,0.0023284387180351,0.0016718643341011022,-0.0006565743839339979,0.0006565743839339979,0
/Users/yti0811/Desktop/FE_data/npj_CM01/NPJ_CM_Fig_Python/Public_Reproducibility_Package_V01/npjcm-free-energy-surrogate_Re3/Python_Codes/table/snapshots_split/beta-TiV_400K_snap00017.extxyz,beta-TiV,400,beta-TiV__400,0.0023013489803723,0.0015387724873510396,-0.0007625764930212606,0.0007625764930212606,0
/Users/yti0811/Desktop/FE_data/npj_CM01/NPJ_CM_Fig_Python/Public_Reproducibility_Package_V01/npjcm-free-energy-surrogate_Re3/Python_Codes/table/snapshots_split/beta-TiV_400K_snap00018.extxyz,beta-TiV,400,beta-TiV__400,0.0022384593369824,0.0017973583515070628,-0.000441100985475337,0.000441100985475337,0
/Users/yti0811/Desktop/FE_data/npj_CM01/NPJ_CM_Fig_Python/Public_Reproducibility_Package_V01/npjcm-free-energy-surrogate_Re3/Python_Codes/table/snapshots_split/beta-TiV_400K_snap00019.extxyz,beta-TiV,400,beta-TiV__400,0.0022413436419906,0.0016485038463721993,-0.0005928397956184005,0.0005928397956184005,0
/Users/yti0811/Desktop/FE_data/npj_CM01/NPJ_CM_Fig_Python/Public_Reproducibility_Package_V01/npjcm-free-energy-surrogate_Re3/Python_Codes/table/snapshots_split/beta-TiV_400K_snap00020.extxyz,beta-TiV,400,beta-TiV__400,0.0019890902779678,0.0017154531922525624,-0.0002736370857152376,0.0002736370857152376,0
/Users/yti0811/Desktop/FE_data/npj_CM01/NPJ_CM_Fig_Python/Public_Reproducibility_Package_V01/npjcm-free-energy-surrogate_Re3/Python_Codes/table/snapshots_split/beta-TiV_400K_snap00021.extxyz,beta-TiV,400,beta-TiV__400,0.0022741585785196,0.0015706376575149728,-0.0007035209210046272,0.0007035209210046272,0
/Users/yti0811/Desktop/FE_data/npj_CM01/NPJ_CM_Fig_Python/Public_Reproducibility_Package_V01/npjcm-free-energy-surrogate_Re3/Python_Codes/table/snapshots_split/beta-TiV_400K_snap00022.extxyz,beta-TiV,400,beta-TiV__400,0.0021214282288411,0.0017119651546301426,-0.00040946307421095736,0.00040946307421095736,0
/Users/yti0811/Desktop/FE_data/npj_CM01/NPJ_CM_Fig_Python/Public_Reproducibility_Package_V01/npjcm-free-energy-surrogate_Re3/Python_Codes/table/snapshots_split/beta-TiV_400K_snap00023.extxyz,beta-TiV,400,beta-TiV__400,0.0022674974944557,0.0019417051828964534,-0.0003257923115592468,0.0003257923115592468,0
/Users/yti0811/Desktop/FE_data/npj_CM01/NPJ_CM_Fig_Python/Public_Reproducibility_Package_V01/npjcm-free-energy-surrogate_Re3/Python_Codes/table/snapshots_split/beta-TiV_400K_snap00024.extxyz,beta-TiV,400,beta-TiV__400,0.0024514378337197,0.0017446495698803062,-0.0007067882638393938,0.0007067882638393938,0
/Users/yti0811/Desktop/FE_data/npj_CM01/NPJ_CM_Fig_Python/Public_Reproducibility_Package_V01/npjcm-free-energy-surrogate_Re3/Python_Codes/table/snapshots_split/beta-TiV_400K_snap00025.extxyz,beta-TiV,400,beta-TiV__400,0.0021027860382552,0.0015797084967670992,-0.0005230775414881007,0.0005230775414881007,0
/Users/yti0811/Desktop/FE_data/npj_CM01/NPJ_CM_Fig_Python/Public_Reproducibility_Package_V01/npjcm-free-energy-surrogate_Re3/Python_Codes/table/snapshots_split/beta-TiV_400K_snap00026.extxyz,beta-TiV,400,beta-TiV__400,0.0020556161916718,0.001643605301249313,-0.000412010890422487,0.000412010890422487,0
/Users/yti0811/Desktop/FE_data/npj_CM01/NPJ_CM_Fig_Python/Public_Reproducibility_Package_V01/npjcm-free-energy-surrogate_Re3/Python_Codes/table/snapshots_split/beta-TiV_400K_snap00027.extxyz,beta-TiV,400,beta-TiV__400,0.0021273633963825,0.001589696949820871,-0.0005376664465616288,0.0005376664465616288,0
/Users/yti0811/Desktop/FE_data/npj_CM01/NPJ_CM_Fig_Python/Public_Reproducibility_Package_V01/npjcm-free-energy-surrogate_Re3/Python_Codes/table/snapshots_split/beta-TiV_400K_snap00028.extxyz,beta-TiV,400,beta-TiV__400,0.0022897717834218,0.0016893159033288599,-0.0006004558800929401,0.0006004558800929401,0
/Users/yti0811/Desktop/FE_data/npj_CM01/NPJ_CM_Fig_Python/Public_Reproducibility_Package_V01/npjcm-free-energy-surrogate_Re3/Python_Codes/table/snapshots_split/beta-TiV_400K_snap00029.extxyz,beta-TiV,400,beta-TiV__400,0.0019940444878723,0.0017567130220629504,-0.00023733146580934934,0.00023733146580934934,0
/Users/yti0811/Desktop/FE_data/npj_CM01/NPJ_CM_Fig_Python/Public_Reproducibility_Package_V01/npjcm-free-energy-surrogate_Re3/Python_Codes/table/snapshots_split/beta-TiV_400K_snap00030.extxyz,beta-TiV,400,beta-TiV__400,0.0022794881635231,0.0015644330761290784,-0.0007150550873940217,0.0007150550873940217,0
/Users/yti0811/Desktop/FE_data/npj_CM01/NPJ_CM_Fig_Python/Public_Reproducibility_Package_V01/npjcm-free-energy-surrogate_Re3/Python_Codes/table/snapshots_split/beta-TiV_400K_snap00031.extxyz,beta-TiV,400,beta-TiV__400,0.0019692200509698,0.0018096666751647277,-0.00015955337580507217,0.00015955337580507217,0
/Users/yti0811/Desktop/FE_data/npj_CM01/NPJ_CM_Fig_Python/Public_Reproducibility_Package_V01/npjcm-free-energy-surrogate_Re3/Python_Codes/table/snapshots_split/beta-TiV_400K_snap00032.extxyz,beta-TiV,400,beta-TiV__400,0.0022486584320007,0.001721127182099393,-0.000527531249901307,0.000527531249901307,0
/Users/yti0811/Desktop/FE_data/npj_CM01/NPJ_CM_Fig_Python/Public_Reproducibility_Package_V01/npjcm-free-energy-surrogate_Re3/Python_Codes/table/snapshots_split/beta-TiV_400K_snap00033.extxyz,beta-TiV,400,beta-TiV__400,0.0022466872469003,0.0016171415549933684,-0.0006295456919069315,0.0006295456919069315,0
/Users/yti0811/Desktop/FE_data/npj_CM01/NPJ_CM_Fig_Python/Public_Reproducibility_Package_V01/npjcm-free-energy-surrogate_Re3/Python_Codes/table/snapshots_split/beta-TiV_400K_snap00034.extxyz,beta-TiV,400,beta-TiV__400,0.0021890353991885,0.0018213730791185475,-0.0003676623200699527,0.0003676623200699527,0
/Users/yti0811/Desktop/FE_data/npj_CM01/NPJ_CM_Fig_Python/Public_Reproducibility_Package_V01/npjcm-free-energy-surrogate_Re3/Python_Codes/table/snapshots_split/beta-TiV_400K_snap00035.extxyz,beta-TiV,400,beta-TiV__400,0.0023016000378458,0.001640160130116114,-0.0006614399077296859,0.0006614399077296859,0
/Users/yti0811/Desktop/FE_data/npj_CM01/NPJ_CM_Fig_Python/Public_Reproducibility_Package_V01/npjcm-free-energy-surrogate_Re3/Python_Codes/table/snapshots_split/beta-TiV_400K_snap00036.extxyz,beta-TiV,400,beta-TiV__400,0.0021048922266052,0.001714477671424932,-0.00039041455518026803,0.00039041455518026803,0
/Users/yti0811/Desktop/FE_data/npj_CM01/NPJ_CM_Fig_Python/Public_Reproducibility_Package_V01/npjcm-free-energy-surrogate_Re3/Python_Codes/table/snapshots_split/beta-TiV_400K_snap00037.extxyz,beta-TiV,400,beta-TiV__400,0.0020412131265331,0.0016162199619313019,-0.00042499316460179815,0.00042499316460179815,0
/Users/yti0811/Desktop/FE_data/npj_CM01/NPJ_CM_Fig_Python/Public_Reproducibility_Package_V01/npjcm-free-energy-surrogate_Re3/Python_Codes/table/snapshots_split/beta-TiV_400K_snap00038.extxyz,beta-TiV,400,beta-TiV__400,0.0025712928601336,0.0015923927959389248,-0.0009789000641946752,0.0009789000641946752,0
/Users/yti0811/Desktop/FE_data/npj_CM01/NPJ_CM_Fig_Python/Public_Reproducibility_Package_V01/npjcm-free-energy-surrogate_Re3/Python_Codes/table/snapshots_split/beta-TiV_400K_snap00039.extxyz,beta-TiV,400,beta-TiV__400,0.0022220715877608,0.0016233974088318047,-0.0005986741789289953,0.0005986741789289953,0
/Users/yti0811/Desktop/FE_data/npj_CM01/NPJ_CM_Fig_Python/Public_Reproducibility_Package_V01/npjcm-free-energy-surrogate_Re3/Python_Codes/table/snapshots_split/beta-TiV_400K_snap00040.extxyz,beta-TiV,400,beta-TiV__400,0.0019245823480341,0.0017448046725707976,-0.00017977767546330237,0.00017977767546330237,0
/Users/yti0811/Desktop/FE_data/npj_CM01/NPJ_CM_Fig_Python/Public_Reproducibility_Package_V01/npjcm-free-energy-surrogate_Re3/Python_Codes/table/snapshots_split/beta-TiV_400K_snap00041.extxyz,beta-TiV,400,beta-TiV__400,0.002343712896248,0.0017620517656924011,-0.0005816611305555987,0.0005816611305555987,0
/Users/yti0811/Desktop/FE_data/npj_CM01/NPJ_CM_Fig_Python/Public_Reproducibility_Package_V01/npjcm-free-energy-surrogate_Re3/Python_Codes/table/snapshots_split/beta-TiV_400K_snap00042.extxyz,beta-TiV,400,beta-TiV__400,0.0020806698236862,0.00184240104611662,-0.00023826877756957972,0.00023826877756957972,0
/Users/yti0811/Desktop/FE_data/npj_CM01/NPJ_CM_Fig_Python/Public_Reproducibility_Package_V01/npjcm-free-energy-surrogate_Re3/Python_Codes/table/snapshots_split/beta-TiV_400K_snap00043.extxyz,beta-TiV,400,beta-TiV__400,0.0021639918789469,0.0017247114734135404,-0.0004392804055333597,0.0004392804055333597,0
/Users/yti0811/Desktop/FE_data/npj_CM01/NPJ_CM_Fig_Python/Public_Reproducibility_Package_V01/npjcm-free-energy-surrogate_Re3/Python_Codes/table/snapshots_split/beta-TiV_400K_snap00044.extxyz,beta-TiV,400,beta-TiV__400,0.0021118508622586,0.0017232052278548095,-0.00038864563440379075,0.00038864563440379075,0
/Users/yti0811/Desktop/FE_data/npj_CM01/NPJ_CM_Fig_Python/Public_Reproducibility_Package_V01/npjcm-free-energy-surrogate_Re3/Python_Codes/table/snapshots_split/beta-TiV_400K_snap00045.extxyz,beta-TiV,400,beta-TiV__400,0.0020504277896989,0.0016135020940335537,-0.0004369256956653464,0.0004369256956653464,0
/Users/yti0811/Desktop/FE_data/npj_CM01/NPJ_CM_Fig_Python/Public_Reproducibility_Package_V01/npjcm-free-energy-surrogate_Re3/Python_Codes/table/snapshots_split/beta-TiV_400K_snap00046.extxyz,beta-TiV,400,beta-TiV__400,0.0021046070673534,0.0019713214082214244,-0.00013328565913197548,0.00013328565913197548,0
/Users/yti0811/Desktop/FE_data/npj_CM01/NPJ_CM_Fig_Python/Public_Reproducibility_Package_V01/npjcm-free-energy-surrogate_Re3/Python_Codes/table/snapshots_split/beta-TiV_400K_snap00047.extxyz,beta-TiV,400,beta-TiV__400,0.002168824897987,0.0016691934833124567,-0.0004996314146745433,0.0004996314146745433,0
/Users/yti0811/Desktop/FE_data/npj_CM01/NPJ_CM_Fig_Python/Public_Reproducibility_Package_V01/npjcm-free-energy-surrogate_Re3/Python_Codes/table/snapshots_split/beta-TiV_400K_snap00048.extxyz,beta-TiV,400,beta-TiV__400,0.0023046051613807,0.0016207054618245925,-0.0006838996995561075,0.0006838996995561075,0
/Users/yti0811/Desktop/FE_data/npj_CM01/NPJ_CM_Fig_Python/Public_Reproducibility_Package_V01/npjcm-free-energy-surrogate_Re3/Python_Codes/table/snapshots_split/beta-TiV_400K_snap00049.extxyz,beta-TiV,400,beta-TiV__400,0.0021193993733175,0.0017379661542240299,-0.00038143321909346996,0.00038143321909346996,0
/Users/yti0811/Desktop/FE_data/npj_CM01/NPJ_CM_Fig_Python/Public_Reproducibility_Package_V01/npjcm-free-energy-surrogate_Re3/Python_Codes/table/snapshots_split/beta-TiV_400K_snap00050.extxyz,beta-TiV,400,beta-TiV__400,0.002164202791199,0.0018021990697695057,-0.00036200372142949433,0.00036200372142949433,0
/Users/yti0811/Desktop/FE_data/npj_CM01/NPJ_CM_Fig_Python/Public_Reproducibility_Package_V01/npjcm-free-energy-surrogate_Re3/Python_Codes/table/snapshots_split/beta-TiV_400K_snap00051.extxyz,beta-TiV,400,beta-TiV__400,0.0024240175732566,0.0015740563088221162,-0.0008499612644344836,0.0008499612644344836,0
/Users/yti0811/Desktop/FE_data/npj_CM01/NPJ_CM_Fig_Python/Public_Reproducibility_Package_V01/npjcm-free-energy-surrogate_Re3/Python_Codes/table/snapshots_split/beta-TiV_400K_snap00052.extxyz,beta-TiV,400,beta-TiV__400,0.001812988733755,0.0017353046705367902,-7.768406321820992e-05,7.768406321820992e-05,0
/Users/yti0811/Desktop/FE_data/npj_CM01/NPJ_CM_Fig_Python/Public_Reproducibility_Package_V01/npjcm-free-energy-surrogate_Re3/Python_Codes/table/snapshots_split/beta-TiV_400K_snap00053.extxyz,beta-TiV,400,beta-TiV__400,0.0019800664070862,0.0017806791325453912,-0.000199387274540809,0.000199387274540809,0
/Users/yti0811/Desktop/FE_data/npj_CM01/NPJ_CM_Fig_Python/Public_Reproducibility_Package_V01/npjcm-free-energy-surrogate_Re3/Python_Codes/table/snapshots_split/beta-TiV_400K_snap00054.extxyz,beta-TiV,400,beta-TiV__400,0.0023657864797859,0.0016336926891782743,-0.0007320937906076259,0.0007320937906076259,0
/Users/yti0811/Desktop/FE_data/npj_CM01/NPJ_CM_Fig_Python/Public_Reproducibility_Package_V01/npjcm-free-energy-surrogate_Re3/Python_Codes/table/snapshots_split/beta-TiV_400K_snap00055.extxyz,beta-TiV,400,beta-TiV__400,0.0021489806366764,0.001728703301296011,-0.000420277335380389,0.000420277335380389,0
/Users/yti0811/Desktop/FE_data/npj_CM01/NPJ_CM_Fig_Python/Public_Reproducibility_Package_V01/npjcm-free-energy-surrogate_Re3/Python_Codes/table/snapshots_split/beta-TiV_400K_snap00056.extxyz,beta-TiV,400,beta-TiV__400,0.0023273336636574,0.001637306430523788,-0.000690027233133612,0.000690027233133612,0
/Users/yti0811/Desktop/FE_data/npj_CM01/NPJ_CM_Fig_Python/Public_Reproducibility_Package_V01/npjcm-free-energy-surrogate_Re3/Python_Codes/table/snapshots_split/beta-TiV_400K_snap00057.extxyz,beta-TiV,400,beta-TiV__400,0.002110733348236,0.0017265362442507614,-0.00038419710398523857,0.00038419710398523857,0
/Users/yti0811/Desktop/FE_data/npj_CM01/NPJ_CM_Fig_Python/Public_Reproducibility_Package_V01/npjcm-free-energy-surrogate_Re3/Python_Codes/table/snapshots_split/beta-TiV_400K_snap00058.extxyz,beta-TiV,400,beta-TiV__400,0.0024627404394875,0.0015523392351957767,-0.0009104012042917232,0.0009104012042917232,0
/Users/yti0811/Desktop/FE_data/npj_CM01/NPJ_CM_Fig_Python/Public_Reproducibility_Package_V01/npjcm-free-energy-surrogate_Re3/Python_Codes/table/snapshots_split/beta-TiV_400K_snap00059.extxyz,beta-TiV,400,beta-TiV__400,0.0022450798731355,0.0017037311192555499,-0.0005413487538799503,0.0005413487538799503,0
/Users/yti0811/Desktop/FE_data/npj_CM01/NPJ_CM_Fig_Python/Public_Reproducibility_Package_V01/npjcm-free-energy-surrogate_Re3/Python_Codes/table/snapshots_split/beta-TiV_400K_snap00060.extxyz,beta-TiV,400,beta-TiV__400,0.0021767205823919,0.0017252137350937955,-0.00045150684729810446,0.00045150684729810446,0
/Users/yti0811/Desktop/FE_data/npj_CM01/NPJ_CM_Fig_Python/Public_Reproducibility_Package_V01/npjcm-free-energy-surrogate_Re3/Python_Codes/table/snapshots_split/beta-TiV_400K_snap00061.extxyz,beta-TiV,400,beta-TiV__400,0.0024496361740014,0.0017023505658098903,-0.0007472856081915096,0.0007472856081915096,0
/Users/yti0811/Desktop/FE_data/npj_CM01/NPJ_CM_Fig_Python/Public_Reproducibility_Package_V01/npjcm-free-energy-surrogate_Re3/Python_Codes/table/snapshots_split/beta-TiV_400K_snap00062.extxyz,beta-TiV,400,beta-TiV__400,0.0020924566349074,0.0019054238393968912,-0.00018703279551050877,0.00018703279551050877,0
/Users/yti0811/Desktop/FE_data/npj_CM01/NPJ_CM_Fig_Python/Public_Reproducibility_Package_V01/npjcm-free-energy-surrogate_Re3/Python_Codes/table/snapshots_split/beta-TiV_400K_snap00063.extxyz,beta-TiV,400,beta-TiV__400,0.0021430450050217,0.0016744828738701851,-0.00046856213115151505,0.00046856213115151505,0
/Users/yti0811/Desktop/FE_data/npj_CM01/NPJ_CM_Fig_Python/Public_Reproducibility_Package_V01/npjcm-free-energy-surrogate_Re3/Python_Codes/table/snapshots_split/beta-TiV_400K_snap00064.extxyz,beta-TiV,400,beta-TiV__400,0.0023047199420723,0.0014880881165472018,-0.0008166318255250983,0.0008166318255250983,0
/Users/yti0811/Desktop/FE_data/npj_CM01/NPJ_CM_Fig_Python/Public_Reproducibility_Package_V01/npjcm-free-energy-surrogate_Re3/Python_Codes/table/snapshots_split/beta-TiV_400K_snap00065.extxyz,beta-TiV,400,beta-TiV__400,0.0021744610110788,0.0015555342565858718,-0.0006189267544929283,0.0006189267544929283,0
/Users/yti0811/Desktop/FE_data/npj_CM01/NPJ_CM_Fig_Python/Public_Reproducibility_Package_V01/npjcm-free-energy-surrogate_Re3/Python_Codes/table/snapshots_split/beta-TiV_400K_snap00066.extxyz,beta-TiV,400,beta-TiV__400,0.0020099121361574,0.0017918794094863126,-0.0002180327266710874,0.0002180327266710874,0
/Users/yti0811/Desktop/FE_data/npj_CM01/NPJ_CM_Fig_Python/Public_Reproducibility_Package_V01/npjcm-free-energy-surrogate_Re3/Python_Codes/table/snapshots_split/beta-TiV_400K_snap00067.extxyz,beta-TiV,400,beta-TiV__400,0.0022786779719719,0.0017400022180799417,-0.0005386757538919582,0.0005386757538919582,0
/Users/yti0811/Desktop/FE_data/npj_CM01/NPJ_CM_Fig_Python/Public_Reproducibility_Package_V01/npjcm-free-energy-surrogate_Re3/Python_Codes/table/snapshots_split/beta-TiV_400K_snap00068.extxyz,beta-TiV,400,beta-TiV__400,0.0023839730141853,0.0018403022477311644,-0.0005436707664541354,0.0005436707664541354,0
/Users/yti0811/Desktop/FE_data/npj_CM01/NPJ_CM_Fig_Python/Public_Reproducibility_Package_V01/npjcm-free-energy-surrogate_Re3/Python_Codes/table/snapshots_split/beta-TiV_400K_snap00069.extxyz,beta-TiV,400,beta-TiV__400,0.0021982171265243,0.0016274068140694513,-0.0005708103124548486,0.0005708103124548486,0
/Users/yti0811/Desktop/FE_data/npj_CM01/NPJ_CM_Fig_Python/Public_Reproducibility_Package_V01/npjcm-free-energy-surrogate_Re3/Python_Codes/table/snapshots_split/beta-TiV_400K_snap00070.extxyz,beta-TiV,400,beta-TiV__400,0.0022606575016542,0.0016456289332856698,-0.0006150285683685303,0.0006150285683685303,0
/Users/yti0811/Desktop/FE_data/npj_CM01/NPJ_CM_Fig_Python/Public_Reproducibility_Package_V01/npjcm-free-energy-surrogate_Re3/Python_Codes/table/snapshots_split/beta-TiV_400K_snap00071.extxyz,beta-TiV,400,beta-TiV__400,0.0022646202257923,0.0019889132509576016,-0.00027570697483469834,0.00027570697483469834,0
/Users/yti0811/Desktop/FE_data/npj_CM01/NPJ_CM_Fig_Python/Public_Reproducibility_Package_V01/npjcm-free-energy-surrogate_Re3/Python_Codes/table/snapshots_split/beta-TiV_400K_snap00072.extxyz,beta-TiV,400,beta-TiV__400,0.0022174148287655,0.001649203668802771,-0.0005682111599627287,0.0005682111599627287,0
/Users/yti0811/Desktop/FE_data/npj_CM01/NPJ_CM_Fig_Python/Public_Reproducibility_Package_V01/npjcm-free-energy-surrogate_Re3/Python_Codes/table/snapshots_split/beta-TiV_400K_snap00073.extxyz,beta-TiV,400,beta-TiV__400,0.002450731085204,0.0016534231059040887,-0.0007973079792999113,0.0007973079792999113,0
/Users/yti0811/Desktop/FE_data/npj_CM01/NPJ_CM_Fig_Python/Public_Reproducibility_Package_V01/npjcm-free-energy-surrogate_Re3/Python_Codes/table/snapshots_split/beta-TiV_400K_snap00074.extxyz,beta-TiV,400,beta-TiV__400,0.0023593836201257,0.0018414160251946955,-0.0005179675949310045,0.0005179675949310045,0
/Users/yti0811/Desktop/FE_data/npj_CM01/NPJ_CM_Fig_Python/Public_Reproducibility_Package_V01/npjcm-free-energy-surrogate_Re3/Python_Codes/table/snapshots_split/beta-TiV_400K_snap00075.extxyz,beta-TiV,400,beta-TiV__400,0.0023343327049044,0.0017551197081866082,-0.000579212996717792,0.000579212996717792,0
/Users/yti0811/Desktop/FE_data/npj_CM01/NPJ_CM_Fig_Python/Public_Reproducibility_Package_V01/npjcm-free-energy-surrogate_Re3/Python_Codes/table/snapshots_split/beta-TiV_400K_snap00076.extxyz,beta-TiV,400,beta-TiV__400,0.0022665906386617,0.00174655096367073,-0.0005200396749909702,0.0005200396749909702,0
/Users/yti0811/Desktop/FE_data/npj_CM01/NPJ_CM_Fig_Python/Public_Reproducibility_Package_V01/npjcm-free-energy-surrogate_Re3/Python_Codes/table/snapshots_split/beta-TiV_400K_snap00077.extxyz,beta-TiV,400,beta-TiV__400,0.002447743089776,0.0017007800389752755,-0.0007469630508007245,0.0007469630508007245,0
/Users/yti0811/Desktop/FE_data/npj_CM01/NPJ_CM_Fig_Python/Public_Reproducibility_Package_V01/npjcm-free-energy-surrogate_Re3/Python_Codes/table/snapshots_split/beta-TiV_400K_snap00078.extxyz,beta-TiV,400,beta-TiV__400,0.0021930317376291,0.0017109479750753768,-0.0004820837625537232,0.0004820837625537232,0
/Users/yti0811/Desktop/FE_data/npj_CM01/NPJ_CM_Fig_Python/Public_Reproducibility_Package_V01/npjcm-free-energy-surrogate_Re3/Python_Codes/table/snapshots_split/beta-TiV_400K_snap00079.extxyz,beta-TiV,400,beta-TiV__400,0.0022119452713576,0.00162658072723704,-0.0005853645441205599,0.0005853645441205599,0
/Users/yti0811/Desktop/FE_data/npj_CM01/NPJ_CM_Fig_Python/Public_Reproducibility_Package_V01/npjcm-free-energy-surrogate_Re3/Python_Codes/table/snapshots_split/beta-TiV_400K_snap00080.extxyz,beta-TiV,400,beta-TiV__400,0.0020684803957329,0.0016736505634632574,-0.0003948298322696427,0.0003948298322696427,0
/Users/yti0811/Desktop/FE_data/npj_CM01/NPJ_CM_Fig_Python/Public_Reproducibility_Package_V01/npjcm-free-energy-surrogate_Re3/Python_Codes/table/snapshots_split/beta-TiV_400K_snap00081.extxyz,beta-TiV,400,beta-TiV__400,0.0019267013153415,0.0018204281792589274,-0.00010627313608257256,0.00010627313608257256,0
/Users/yti0811/Desktop/FE_data/npj_CM01/NPJ_CM_Fig_Python/Public_Reproducibility_Package_V01/npjcm-free-energy-surrogate_Re3/Python_Codes/table/snapshots_split/beta-TiV_400K_snap00082.extxyz,beta-TiV,400,beta-TiV__400,0.0020879222807993,0.0016402531964025088,-0.00044766908439679114,0.00044766908439679114,0
/Users/yti0811/Desktop/FE_data/npj_CM01/NPJ_CM_Fig_Python/Public_Reproducibility_Package_V01/npjcm-free-energy-surrogate_Re3/Python_Codes/table/snapshots_split/beta-TiV_400K_snap00083.extxyz,beta-TiV,400,beta-TiV__400,0.002027333385453,0.0017755549266407285,-0.0002517784588122714,0.0002517784588122714,0
/Users/yti0811/Desktop/FE_data/npj_CM01/NPJ_CM_Fig_Python/Public_Reproducibility_Package_V01/npjcm-free-energy-surrogate_Re3/Python_Codes/table/snapshots_split/beta-TiV_400K_snap00084.extxyz,beta-TiV,400,beta-TiV__400,0.0021464068753923,0.0017256350784147392,-0.0004207717969775607,0.0004207717969775607,0
/Users/yti0811/Desktop/FE_data/npj_CM01/NPJ_CM_Fig_Python/Public_Reproducibility_Package_V01/npjcm-free-energy-surrogate_Re3/Python_Codes/table/snapshots_split/beta-TiV_400K_snap00085.extxyz,beta-TiV,400,beta-TiV__400,0.0020969603637142,0.001654559897372647,-0.00044240046634155296,0.00044240046634155296,0
/Users/yti0811/Desktop/FE_data/npj_CM01/NPJ_CM_Fig_Python/Public_Reproducibility_Package_V01/npjcm-free-energy-surrogate_Re3/Python_Codes/table/snapshots_split/beta-TiV_400K_snap00086.extxyz,beta-TiV,400,beta-TiV__400,0.0019952702087802,0.0018112480352664166,-0.00018402217351378347,0.00018402217351378347,0
/Users/yti0811/Desktop/FE_data/npj_CM01/NPJ_CM_Fig_Python/Public_Reproducibility_Package_V01/npjcm-free-energy-surrogate_Re3/Python_Codes/table/snapshots_split/beta-TiV_400K_snap00087.extxyz,beta-TiV,400,beta-TiV__400,0.0022851842058347,0.0015733114522334256,-0.0007118727536012744,0.0007118727536012744,0
/Users/yti0811/Desktop/FE_data/npj_CM01/NPJ_CM_Fig_Python/Public_Reproducibility_Package_V01/npjcm-free-energy-surrogate_Re3/Python_Codes/table/snapshots_split/beta-TiV_400K_snap00088.extxyz,beta-TiV,400,beta-TiV__400,0.002279336313483,0.0016918858723318762,-0.0005874504411511237,0.0005874504411511237,0
/Users/yti0811/Desktop/FE_data/npj_CM01/NPJ_CM_Fig_Python/Public_Reproducibility_Package_V01/npjcm-free-energy-surrogate_Re3/Python_Codes/table/snapshots_split/beta-TiV_400K_snap00089.extxyz,beta-TiV,400,beta-TiV__400,0.0022178425536574,0.0018281080048217673,-0.00038973454883563284,0.00038973454883563284,0
/Users/yti0811/Desktop/FE_data/npj_CM01/NPJ_CM_Fig_Python/Public_Reproducibility_Package_V01/npjcm-free-energy-surrogate_Re3/Python_Codes/table/snapshots_split/beta-TiV_400K_snap00090.extxyz,beta-TiV,400,beta-TiV__400,0.0022634977497504,0.0018044111648468498,-0.0004590865849035501,0.0004590865849035501,0
/Users/yti0811/Desktop/FE_data/npj_CM01/NPJ_CM_Fig_Python/Public_Reproducibility_Package_V01/npjcm-free-energy-surrogate_Re3/Python_Codes/table/snapshots_split/beta-TiV_400K_snap00091.extxyz,beta-TiV,400,beta-TiV__400,0.0021173425018515,0.001778482738809841,-0.0003388597630416589,0.0003388597630416589,0
/Users/yti0811/Desktop/FE_data/npj_CM01/NPJ_CM_Fig_Python/Public_Reproducibility_Package_V01/npjcm-free-energy-surrogate_Re3/Python_Codes/table/snapshots_split/beta-TiV_400K_snap00092.extxyz,beta-TiV,400,beta-TiV__400,0.0019793017417285,0.0016250002098907577,-0.00035430153183774226,0.00035430153183774226,0
/Users/yti0811/Desktop/FE_data/npj_CM01/NPJ_CM_Fig_Python/Public_Reproducibility_Package_V01/npjcm-free-energy-surrogate_Re3/Python_Codes/table/snapshots_split/beta-TiV_400K_snap00093.extxyz,beta-TiV,400,beta-TiV__400,0.0022635832908686,0.001703928909879777,-0.0005596543809888231,0.0005596543809888231,0
/Users/yti0811/Desktop/FE_data/npj_CM01/NPJ_CM_Fig_Python/Public_Reproducibility_Package_V01/npjcm-free-energy-surrogate_Re3/Python_Codes/table/snapshots_split/beta-TiV_400K_snap00094.extxyz,beta-TiV,400,beta-TiV__400,0.0022759000950798,0.001879758439261614,-0.0003961416558181858,0.0003961416558181858,0
/Users/yti0811/Desktop/FE_data/npj_CM01/NPJ_CM_Fig_Python/Public_Reproducibility_Package_V01/npjcm-free-energy-surrogate_Re3/Python_Codes/table/snapshots_split/beta-TiV_400K_snap00095.extxyz,beta-TiV,400,beta-TiV__400,0.0022277163095255,0.001497280789686784,-0.0007304355198387161,0.0007304355198387161,0
/Users/yti0811/Desktop/FE_data/npj_CM01/NPJ_CM_Fig_Python/Public_Reproducibility_Package_V01/npjcm-free-energy-surrogate_Re3/Python_Codes/table/snapshots_split/beta-TiV_400K_snap00096.extxyz,beta-TiV,400,beta-TiV__400,0.0025258659576966,0.0016456724102026266,-0.0008801935474939734,0.0008801935474939734,0
/Users/yti0811/Desktop/FE_data/npj_CM01/NPJ_CM_Fig_Python/Public_Reproducibility_Package_V01/npjcm-free-energy-surrogate_Re3/Python_Codes/table/snapshots_split/beta-TiV_400K_snap00097.extxyz,beta-TiV,400,beta-TiV__400,0.0021802331445575,0.0015673747861108156,-0.0006128583584466842,0.0006128583584466842,0
/Users/yti0811/Desktop/FE_data/npj_CM01/NPJ_CM_Fig_Python/Public_Reproducibility_Package_V01/npjcm-free-energy-surrogate_Re3/Python_Codes/table/snapshots_split/beta-TiV_400K_snap00098.extxyz,beta-TiV,400,beta-TiV__400,0.0018718383001173,0.0017005491753026864,-0.00017128912481461354,0.00017128912481461354,0
/Users/yti0811/Desktop/FE_data/npj_CM01/NPJ_CM_Fig_Python/Public_Reproducibility_Package_V01/npjcm-free-energy-surrogate_Re3/Python_Codes/table/snapshots_split/beta-TiV_400K_snap00099.extxyz,beta-TiV,400,beta-TiV__400,0.0023576113877506,0.0016620182872921921,-0.0006955931004584081,0.0006955931004584081,0
/Users/yti0811/Desktop/FE_data/npj_CM01/NPJ_CM_Fig_Python/Public_Reproducibility_Package_V01/npjcm-free-energy-surrogate_Re3/Python_Codes/table/snapshots_split/beta-TiV_500K_snap00000.extxyz,beta-TiV,500,beta-TiV__500,0.0040317127263294,0.0038816446271502597,-0.00015006809917914032,0.00015006809917914032,2
/Users/yti0811/Desktop/FE_data/npj_CM01/NPJ_CM_Fig_Python/Public_Reproducibility_Package_V01/npjcm-free-energy-surrogate_Re3/Python_Codes/table/snapshots_split/beta-TiV_500K_snap00001.extxyz,beta-TiV,500,beta-TiV__500,0.0037134246083475,0.003867190499926214,0.00015376589157871422,0.00015376589157871422,2
/Users/yti0811/Desktop/FE_data/npj_CM01/NPJ_CM_Fig_Python/Public_Reproducibility_Package_V01/npjcm-free-energy-surrogate_Re3/Python_Codes/table/snapshots_split/beta-TiV_500K_snap00002.extxyz,beta-TiV,500,beta-TiV__500,0.0037970022010359,0.003815576853913949,1.8574652878048867e-05,1.8574652878048867e-05,2
/Users/yti0811/Desktop/FE_data/npj_CM01/NPJ_CM_Fig_Python/Public_Reproducibility_Package_V01/npjcm-free-energy-surrogate_Re3/Python_Codes/table/snapshots_split/beta-TiV_500K_snap00003.extxyz,beta-TiV,500,beta-TiV__500,0.0036725141079433,0.003892631182697588,0.00022011707475428797,0.00022011707475428797,2
/Users/yti0811/Desktop/FE_data/npj_CM01/NPJ_CM_Fig_Python/Public_Reproducibility_Package_V01/npjcm-free-energy-surrogate_Re3/Python_Codes/table/snapshots_split/beta-TiV_500K_snap00004.extxyz,beta-TiV,500,beta-TiV__500,0.0039514523300112,0.003887622145018348,-6.383018499285216e-05,6.383018499285216e-05,2
/Users/yti0811/Desktop/FE_data/npj_CM01/NPJ_CM_Fig_Python/Public_Reproducibility_Package_V01/npjcm-free-energy-surrogate_Re3/Python_Codes/table/snapshots_split/beta-TiV_500K_snap00005.extxyz,beta-TiV,500,beta-TiV__500,0.0038772798106394,0.004018439531569443,0.00014115972093004317,0.00014115972093004317,2
/Users/yti0811/Desktop/FE_data/npj_CM01/NPJ_CM_Fig_Python/Public_Reproducibility_Package_V01/npjcm-free-energy-surrogate_Re3/Python_Codes/table/snapshots_split/beta-TiV_500K_snap00006.extxyz,beta-TiV,500,beta-TiV__500,0.0037928249189254,0.003955177684842585,0.0001623527659171853,0.0001623527659171853,2
/Users/yti0811/Desktop/FE_data/npj_CM01/NPJ_CM_Fig_Python/Public_Reproducibility_Package_V01/npjcm-free-energy-surrogate_Re3/Python_Codes/table/snapshots_split/beta-TiV_500K_snap00007.extxyz,beta-TiV,500,beta-TiV__500,0.0040520751600739,0.003925000428292607,-0.00012707473178129314,0.00012707473178129314,2
/Users/yti0811/Desktop/FE_data/npj_CM01/NPJ_CM_Fig_Python/Public_Reproducibility_Package_V01/npjcm-free-energy-surrogate_Re3/Python_Codes/table/snapshots_split/beta-TiV_500K_snap00008.extxyz,beta-TiV,500,beta-TiV__500,0.0035460364674954,0.0038173795559480117,0.00027134308845261183,0.00027134308845261183,2
/Users/yti0811/Desktop/FE_data/npj_CM01/NPJ_CM_Fig_Python/Public_Reproducibility_Package_V01/npjcm-free-energy-surrogate_Re3/Python_Codes/table/snapshots_split/beta-TiV_500K_snap00009.extxyz,beta-TiV,500,beta-TiV__500,0.0038343985143025,0.003888503860377708,5.4105346075208026e-05,5.4105346075208026e-05,2
/Users/yti0811/Desktop/FE_data/npj_CM01/NPJ_CM_Fig_Python/Public_Reproducibility_Package_V01/npjcm-free-energy-surrogate_Re3/Python_Codes/table/snapshots_split/beta-TiV_500K_snap00010.extxyz,beta-TiV,500,beta-TiV__500,0.0036515511303308,0.0037990163926958404,0.00014746526236504055,0.00014746526236504055,2
/Users/yti0811/Desktop/FE_data/npj_CM01/NPJ_CM_Fig_Python/Public_Reproducibility_Package_V01/npjcm-free-energy-surrogate_Re3/Python_Codes/table/snapshots_split/beta-TiV_500K_snap00011.extxyz,beta-TiV,500,beta-TiV__500,0.0037179397817098,0.0038406466694393122,0.00012270688772951207,0.00012270688772951207,2
/Users/yti0811/Desktop/FE_data/npj_CM01/NPJ_CM_Fig_Python/Public_Reproducibility_Package_V01/npjcm-free-energy-surrogate_Re3/Python_Codes/table/snapshots_split/beta-TiV_500K_snap00012.extxyz,beta-TiV,500,beta-TiV__500,0.0041431077731003,0.003989582652904387,-0.00015352512019591296,0.00015352512019591296,2
/Users/yti0811/Desktop/FE_data/npj_CM01/NPJ_CM_Fig_Python/Public_Reproducibility_Package_V01/npjcm-free-energy-surrogate_Re3/Python_Codes/table/snapshots_split/beta-TiV_500K_snap00013.extxyz,beta-TiV,500,beta-TiV__500,0.0040115479520373,0.0037869122408782183,-0.00022463571115908208,0.00022463571115908208,2
/Users/yti0811/Desktop/FE_data/npj_CM01/NPJ_CM_Fig_Python/Public_Reproducibility_Package_V01/npjcm-free-energy-surrogate_Re3/Python_Codes/table/snapshots_split/beta-TiV_500K_snap00014.extxyz,beta-TiV,500,beta-TiV__500,0.0036610046166251,0.0037930835879493923,0.00013207897132429215,0.00013207897132429215,2
/Users/yti0811/Desktop/FE_data/npj_CM01/NPJ_CM_Fig_Python/Public_Reproducibility_Package_V01/npjcm-free-energy-surrogate_Re3/Python_Codes/table/snapshots_split/beta-TiV_500K_snap00015.extxyz,beta-TiV,500,beta-TiV__500,0.0040184429975853,0.003992242252756489,-2.620074482881027e-05,2.620074482881027e-05,2
/Users/yti0811/Desktop/FE_data/npj_CM01/NPJ_CM_Fig_Python/Public_Reproducibility_Package_V01/npjcm-free-energy-surrogate_Re3/Python_Codes/table/snapshots_split/beta-TiV_500K_snap00016.extxyz,beta-TiV,500,beta-TiV__500,0.0038274257890653,0.0040310407169102235,0.0002036149278449237,0.0002036149278449237,2
/Users/yti0811/Desktop/FE_data/npj_CM01/NPJ_CM_Fig_Python/Public_Reproducibility_Package_V01/npjcm-free-energy-surrogate_Re3/Python_Codes/table/snapshots_split/beta-TiV_500K_snap00017.extxyz,beta-TiV,500,beta-TiV__500,0.0039987808391399,0.0038399220003915223,-0.00015885883874837805,0.00015885883874837805,2
/Users/yti0811/Desktop/FE_data/npj_CM01/NPJ_CM_Fig_Python/Public_Reproducibility_Package_V01/npjcm-free-energy-surrogate_Re3/Python_Codes/table/snapshots_split/beta-TiV_500K_snap00018.extxyz,beta-TiV,500,beta-TiV__500,0.0040778062543009,0.003931051497721675,-0.00014675475657922443,0.00014675475657922443,2
/Users/yti0811/Desktop/FE_data/npj_CM01/NPJ_CM_Fig_Python/Public_Reproducibility_Package_V01/npjcm-free-energy-surrogate_Re3/Python_Codes/table/snapshots_split/beta-TiV_500K_snap00019.extxyz,beta-TiV,500,beta-TiV__500,0.0034841289774215,0.003843198517855571,0.0003590695404340708,0.0003590695404340708,2
/Users/yti0811/Desktop/FE_data/npj_CM01/NPJ_CM_Fig_Python/Public_Reproducibility_Package_V01/npjcm-free-energy-surrogate_Re3/Python_Codes/table/snapshots_split/beta-TiV_500K_snap00020.extxyz,beta-TiV,500,beta-TiV__500,0.0043745868257107,0.003770157629703191,-0.0006044291960075089,0.0006044291960075089,2
/Users/yti0811/Desktop/FE_data/npj_CM01/NPJ_CM_Fig_Python/Public_Reproducibility_Package_V01/npjcm-free-energy-surrogate_Re3/Python_Codes/table/snapshots_split/beta-TiV_500K_snap00021.extxyz,beta-TiV,500,beta-TiV__500,0.0037838380052535,0.003935470597039531,0.0001516325917860304,0.0001516325917860304,2
/Users/yti0811/Desktop/FE_data/npj_CM01/NPJ_CM_Fig_Python/Public_Reproducibility_Package_V01/npjcm-free-energy-surrogate_Re3/Python_Codes/table/snapshots_split/beta-TiV_500K_snap00022.extxyz,beta-TiV,500,beta-TiV__500,0.0036214625630043,0.003914994302067793,0.0002935317390634932,0.0002935317390634932,2
/Users/yti0811/Desktop/FE_data/npj_CM01/NPJ_CM_Fig_Python/Public_Reproducibility_Package_V01/npjcm-free-energy-surrogate_Re3/Python_Codes/table/snapshots_split/beta-TiV_500K_snap00023.extxyz,beta-TiV,500,beta-TiV__500,0.0035503163521624,0.0036862119908553175,0.0001358956386929176,0.0001358956386929176,2
/Users/yti0811/Desktop/FE_data/npj_CM01/NPJ_CM_Fig_Python/Public_Reproducibility_Package_V01/npjcm-free-energy-surrogate_Re3/Python_Codes/table/snapshots_split/beta-TiV_500K_snap00024.extxyz,beta-TiV,500,beta-TiV__500,0.0041694852428403,0.004074560439324334,-9.492480351596527e-05,9.492480351596527e-05,2
/Users/yti0811/Desktop/FE_data/npj_CM01/NPJ_CM_Fig_Python/Public_Reproducibility_Package_V01/npjcm-free-energy-surrogate_Re3/Python_Codes/table/snapshots_split/beta-TiV_500K_snap00025.extxyz,beta-TiV,500,beta-TiV__500,0.0039661073298523,0.0037620765030951203,-0.00020403082675717965,0.00020403082675717965,2
/Users/yti0811/Desktop/FE_data/npj_CM01/NPJ_CM_Fig_Python/Public_Reproducibility_Package_V01/npjcm-free-energy-surrogate_Re3/Python_Codes/table/snapshots_split/beta-TiV_500K_snap00026.extxyz,beta-TiV,500,beta-TiV__500,0.0040780786688869,0.003842823803077622,-0.00023525486580927742,0.00023525486580927742,2
/Users/yti0811/Desktop/FE_data/npj_CM01/NPJ_CM_Fig_Python/Public_Reproducibility_Package_V01/npjcm-free-energy-surrogate_Re3/Python_Codes/table/snapshots_split/beta-TiV_500K_snap00027.extxyz,beta-TiV,500,beta-TiV__500,0.0041214128370314,0.0037602904143279954,-0.000361122422703405,0.000361122422703405,2
/Users/yti0811/Desktop/FE_data/npj_CM01/NPJ_CM_Fig_Python/Public_Reproducibility_Package_V01/npjcm-free-energy-surrogate_Re3/Python_Codes/table/snapshots_split/beta-TiV_500K_snap00028.extxyz,beta-TiV,500,beta-TiV__500,0.0037518464935187,0.003847126623880087,9.528013036138715e-05,9.528013036138715e-05,2
/Users/yti0811/Desktop/FE_data/npj_CM01/NPJ_CM_Fig_Python/Public_Reproducibility_Package_V01/npjcm-free-energy-surrogate_Re3/Python_Codes/table/snapshots_split/beta-TiV_500K_snap00029.extxyz,beta-TiV,500,beta-TiV__500,0.0036842447784369,0.0038995767506831286,0.00021533197224622843,0.00021533197224622843,2
/Users/yti0811/Desktop/FE_data/npj_CM01/NPJ_CM_Fig_Python/Public_Reproducibility_Package_V01/npjcm-free-energy-surrogate_Re3/Python_Codes/table/snapshots_split/beta-TiV_500K_snap00030.extxyz,beta-TiV,500,beta-TiV__500,0.0038130491549207,0.003960316229784061,0.0001472670748633607,0.0001472670748633607,2
/Users/yti0811/Desktop/FE_data/npj_CM01/NPJ_CM_Fig_Python/Public_Reproducibility_Package_V01/npjcm-free-energy-surrogate_Re3/Python_Codes/table/snapshots_split/beta-TiV_500K_snap00031.extxyz,beta-TiV,500,beta-TiV__500,0.0040375997617717,0.003700116466945514,-0.00033748329482618557,0.00033748329482618557,2
/Users/yti0811/Desktop/FE_data/npj_CM01/NPJ_CM_Fig_Python/Public_Reproducibility_Package_V01/npjcm-free-energy-surrogate_Re3/Python_Codes/table/snapshots_split/beta-TiV_500K_snap00032.extxyz,beta-TiV,500,beta-TiV__500,0.0039537527159302,0.00398676106323525,3.300834730504947e-05,3.300834730504947e-05,2
/Users/yti0811/Desktop/FE_data/npj_CM01/NPJ_CM_Fig_Python/Public_Reproducibility_Package_V01/npjcm-free-energy-surrogate_Re3/Python_Codes/table/snapshots_split/beta-TiV_500K_snap00033.extxyz,beta-TiV,500,beta-TiV__500,0.0041193074548872,0.0038219020660737687,-0.00029740538881343126,0.00029740538881343126,2
/Users/yti0811/Desktop/FE_data/npj_CM01/NPJ_CM_Fig_Python/Public_Reproducibility_Package_V01/npjcm-free-energy-surrogate_Re3/Python_Codes/table/snapshots_split/beta-TiV_500K_snap00034.extxyz,beta-TiV,500,beta-TiV__500,0.0038646739899561,0.003920280817180845,5.560682722474458e-05,5.560682722474458e-05,2
/Users/yti0811/Desktop/FE_data/npj_CM01/NPJ_CM_Fig_Python/Public_Reproducibility_Package_V01/npjcm-free-energy-surrogate_Re3/Python_Codes/table/snapshots_split/beta-TiV_500K_snap00035.extxyz,beta-TiV,500,beta-TiV__500,0.0036399310538458,0.0038953754701337483,0.0002554444162879482,0.0002554444162879482,2
/Users/yti0811/Desktop/FE_data/npj_CM01/NPJ_CM_Fig_Python/Public_Reproducibility_Package_V01/npjcm-free-energy-surrogate_Re3/Python_Codes/table/snapshots_split/beta-TiV_500K_snap00036.extxyz,beta-TiV,500,beta-TiV__500,0.0038149771231386,0.0038789362862356232,6.395916309702345e-05,6.395916309702345e-05,2
/Users/yti0811/Desktop/FE_data/npj_CM01/NPJ_CM_Fig_Python/Public_Reproducibility_Package_V01/npjcm-free-energy-surrogate_Re3/Python_Codes/table/snapshots_split/beta-TiV_500K_snap00037.extxyz,beta-TiV,500,beta-TiV__500,0.0035942688283162,0.003779242070449425,0.00018497324213322466,0.00018497324213322466,2
/Users/yti0811/Desktop/FE_data/npj_CM01/NPJ_CM_Fig_Python/Public_Reproducibility_Package_V01/npjcm-free-energy-surrogate_Re3/Python_Codes/table/snapshots_split/beta-TiV_500K_snap00038.extxyz,beta-TiV,500,beta-TiV__500,0.0042237178670601,0.0037235076198066973,-0.0005002102472534027,0.0005002102472534027,2
/Users/yti0811/Desktop/FE_data/npj_CM01/NPJ_CM_Fig_Python/Public_Reproducibility_Package_V01/npjcm-free-energy-surrogate_Re3/Python_Codes/table/snapshots_split/beta-TiV_500K_snap00039.extxyz,beta-TiV,500,beta-TiV__500,0.0040076960017667,0.004079487243830152,7.179124206345162e-05,7.179124206345162e-05,2
/Users/yti0811/Desktop/FE_data/npj_CM01/NPJ_CM_Fig_Python/Public_Reproducibility_Package_V01/npjcm-free-energy-surrogate_Re3/Python_Codes/table/snapshots_split/beta-TiV_500K_snap00040.extxyz,beta-TiV,500,beta-TiV__500,0.0037125366762605,0.003921451018645214,0.00020891434238471404,0.00020891434238471404,2
/Users/yti0811/Desktop/FE_data/npj_CM01/NPJ_CM_Fig_Python/Public_Reproducibility_Package_V01/npjcm-free-energy-surrogate_Re3/Python_Codes/table/snapshots_split/beta-TiV_500K_snap00041.extxyz,beta-TiV,500,beta-TiV__500,0.0039405429637927,0.00368540802732245,-0.00025513493647025005,0.00025513493647025005,2
/Users/yti0811/Desktop/FE_data/npj_CM01/NPJ_CM_Fig_Python/Public_Reproducibility_Package_V01/npjcm-free-energy-surrogate_Re3/Python_Codes/table/snapshots_split/beta-TiV_500K_snap00042.extxyz,beta-TiV,500,beta-TiV__500,0.0035664921862195,0.004111719108948118,0.0005452269227286177,0.0005452269227286177,2
/Users/yti0811/Desktop/FE_data/npj_CM01/NPJ_CM_Fig_Python/Public_Reproducibility_Package_V01/npjcm-free-energy-surrogate_Re3/Python_Codes/table/snapshots_split/beta-TiV_500K_snap00043.extxyz,beta-TiV,500,beta-TiV__500,0.0039952676824001,0.003977351723987126,-1.7915958412974275e-05,1.7915958412974275e-05,2
/Users/yti0811/Desktop/FE_data/npj_CM01/NPJ_CM_Fig_Python/Public_Reproducibility_Package_V01/npjcm-free-energy-surrogate_Re3/Python_Codes/table/snapshots_split/beta-TiV_500K_snap00044.extxyz,beta-TiV,500,beta-TiV__500,0.0035843321489693,0.0038288004591836454,0.0002444683102143454,0.0002444683102143454,2
/Users/yti0811/Desktop/FE_data/npj_CM01/NPJ_CM_Fig_Python/Public_Reproducibility_Package_V01/npjcm-free-energy-surrogate_Re3/Python_Codes/table/snapshots_split/beta-TiV_500K_snap00045.extxyz,beta-TiV,500,beta-TiV__500,0.0039227655597861,0.003962869744707677,4.010418492157719e-05,4.010418492157719e-05,2
/Users/yti0811/Desktop/FE_data/npj_CM01/NPJ_CM_Fig_Python/Public_Reproducibility_Package_V01/npjcm-free-energy-surrogate_Re3/Python_Codes/table/snapshots_split/beta-TiV_500K_snap00046.extxyz,beta-TiV,500,beta-TiV__500,0.004051451300311,0.003980983242750991,-7.046805756000946e-05,7.046805756000946e-05,2
/Users/yti0811/Desktop/FE_data/npj_CM01/NPJ_CM_Fig_Python/Public_Reproducibility_Package_V01/npjcm-free-energy-surrogate_Re3/Python_Codes/table/snapshots_split/beta-TiV_500K_snap00047.extxyz,beta-TiV,500,beta-TiV__500,0.0040857091716161,0.0038878503051107466,-0.00019785886650535312,0.00019785886650535312,2
/Users/yti0811/Desktop/FE_data/npj_CM01/NPJ_CM_Fig_Python/Public_Reproducibility_Package_V01/npjcm-free-energy-surrogate_Re3/Python_Codes/table/snapshots_split/beta-TiV_500K_snap00048.extxyz,beta-TiV,500,beta-TiV__500,0.0040078219357169,0.003744221635351895,-0.0002636003003650047,0.0002636003003650047,2
/Users/yti0811/Desktop/FE_data/npj_CM01/NPJ_CM_Fig_Python/Public_Reproducibility_Package_V01/npjcm-free-energy-surrogate_Re3/Python_Codes/table/snapshots_split/beta-TiV_500K_snap00049.extxyz,beta-TiV,500,beta-TiV__500,0.0041627340450439,0.0038393316618847775,-0.0003234023831591229,0.0003234023831591229,2
/Users/yti0811/Desktop/FE_data/npj_CM01/NPJ_CM_Fig_Python/Public_Reproducibility_Package_V01/npjcm-free-energy-surrogate_Re3/Python_Codes/table/snapshots_split/beta-TiV_500K_snap00050.extxyz,beta-TiV,500,beta-TiV__500,0.003966374794025,0.003872465668309268,-9.390912571573219e-05,9.390912571573219e-05,2
/Users/yti0811/Desktop/FE_data/npj_CM01/NPJ_CM_Fig_Python/Public_Reproducibility_Package_V01/npjcm-free-energy-surrogate_Re3/Python_Codes/table/snapshots_split/beta-TiV_500K_snap00051.extxyz,beta-TiV,500,beta-TiV__500,0.0039257727761971,0.003832935548457273,-9.283722773982669e-05,9.283722773982669e-05,2
/Users/yti0811/Desktop/FE_data/npj_CM01/NPJ_CM_Fig_Python/Public_Reproducibility_Package_V01/npjcm-free-energy-surrogate_Re3/Python_Codes/table/snapshots_split/beta-TiV_500K_snap00052.extxyz,beta-TiV,500,beta-TiV__500,0.0042743909134209,0.0040041529218190495,-0.00027023799160185054,0.00027023799160185054,2
/Users/yti0811/Desktop/FE_data/npj_CM01/NPJ_CM_Fig_Python/Public_Reproducibility_Package_V01/npjcm-free-energy-surrogate_Re3/Python_Codes/table/snapshots_split/beta-TiV_500K_snap00053.extxyz,beta-TiV,500,beta-TiV__500,0.0040372275963861,0.003838067289206976,-0.00019916030717912403,0.00019916030717912403,2
/Users/yti0811/Desktop/FE_data/npj_CM01/NPJ_CM_Fig_Python/Public_Reproducibility_Package_V01/npjcm-free-energy-surrogate_Re3/Python_Codes/table/snapshots_split/beta-TiV_500K_snap00054.extxyz,beta-TiV,500,beta-TiV__500,0.004005240833506,0.0038469923465274778,-0.0001582484869785219,0.0001582484869785219,2
/Users/yti0811/Desktop/FE_data/npj_CM01/NPJ_CM_Fig_Python/Public_Reproducibility_Package_V01/npjcm-free-energy-surrogate_Re3/Python_Codes/table/snapshots_split/beta-TiV_500K_snap00055.extxyz,beta-TiV,500,beta-TiV__500,0.0039152826695177,0.0037569261713487805,-0.00015835649816891943,0.00015835649816891943,2
/Users/yti0811/Desktop/FE_data/npj_CM01/NPJ_CM_Fig_Python/Public_Reproducibility_Package_V01/npjcm-free-energy-surrogate_Re3/Python_Codes/table/snapshots_split/beta-TiV_500K_snap00056.extxyz,beta-TiV,500,beta-TiV__500,0.003977341796277,0.003686690786291478,-0.0002906510099855218,0.0002906510099855218,2
/Users/yti0811/Desktop/FE_data/npj_CM01/NPJ_CM_Fig_Python/Public_Reproducibility_Package_V01/npjcm-free-energy-surrogate_Re3/Python_Codes/table/snapshots_split/beta-TiV_500K_snap00057.extxyz,beta-TiV,500,beta-TiV__500,0.0036007449643578,0.0038908414964333718,0.00029009653207557164,0.00029009653207557164,2
/Users/yti0811/Desktop/FE_data/npj_CM01/NPJ_CM_Fig_Python/Public_Reproducibility_Package_V01/npjcm-free-energy-surrogate_Re3/Python_Codes/table/snapshots_split/beta-TiV_500K_snap00058.extxyz,beta-TiV,500,beta-TiV__500,0.0042352964624235,0.003676684459344074,-0.000558612003079426,0.000558612003079426,2
/Users/yti0811/Desktop/FE_data/npj_CM01/NPJ_CM_Fig_Python/Public_Reproducibility_Package_V01/npjcm-free-energy-surrogate_Re3/Python_Codes/table/snapshots_split/beta-TiV_500K_snap00059.extxyz,beta-TiV,500,beta-TiV__500,0.0039025534170346,0.00403070123238252,0.00012814781534791972,0.00012814781534791972,2
/Users/yti0811/Desktop/FE_data/npj_CM01/NPJ_CM_Fig_Python/Public_Reproducibility_Package_V01/npjcm-free-energy-surrogate_Re3/Python_Codes/table/snapshots_split/beta-TiV_500K_snap00060.extxyz,beta-TiV,500,beta-TiV__500,0.0039066624357181,0.003924157045788096,1.74946100699961e-05,1.74946100699961e-05,2
/Users/yti0811/Desktop/FE_data/npj_CM01/NPJ_CM_Fig_Python/Public_Reproducibility_Package_V01/npjcm-free-energy-surrogate_Re3/Python_Codes/table/snapshots_split/beta-TiV_500K_snap00061.extxyz,beta-TiV,500,beta-TiV__500,0.0035231709224788,0.0037265903050869536,0.00020341938260815375,0.00020341938260815375,2
/Users/yti0811/Desktop/FE_data/npj_CM01/NPJ_CM_Fig_Python/Public_Reproducibility_Package_V01/npjcm-free-energy-surrogate_Re3/Python_Codes/table/snapshots_split/beta-TiV_500K_snap00062.extxyz,beta-TiV,500,beta-TiV__500,0.0041040433535513,0.003867360936063854,-0.0002366824174874463,0.0002366824174874463,2
/Users/yti0811/Desktop/FE_data/npj_CM01/NPJ_CM_Fig_Python/Public_Reproducibility_Package_V01/npjcm-free-energy-surrogate_Re3/Python_Codes/table/snapshots_split/beta-TiV_500K_snap00063.extxyz,beta-TiV,500,beta-TiV__500,0.0040610782718323,0.003799112025864394,-0.00026196624596790596,0.00026196624596790596,2
/Users/yti0811/Desktop/FE_data/npj_CM01/NPJ_CM_Fig_Python/Public_Reproducibility_Package_V01/npjcm-free-energy-surrogate_Re3/Python_Codes/table/snapshots_split/beta-TiV_500K_snap00064.extxyz,beta-TiV,500,beta-TiV__500,0.0041646814941676,0.003932320041503975,-0.00023236145266362484,0.00023236145266362484,2
/Users/yti0811/Desktop/FE_data/npj_CM01/NPJ_CM_Fig_Python/Public_Reproducibility_Package_V01/npjcm-free-energy-surrogate_Re3/Python_Codes/table/snapshots_split/beta-TiV_500K_snap00065.extxyz,beta-TiV,500,beta-TiV__500,0.0042734597087635,0.0036427510667546314,-0.000630708642008869,0.000630708642008869,2
/Users/yti0811/Desktop/FE_data/npj_CM01/NPJ_CM_Fig_Python/Public_Reproducibility_Package_V01/npjcm-free-energy-surrogate_Re3/Python_Codes/table/snapshots_split/beta-TiV_500K_snap00066.extxyz,beta-TiV,500,beta-TiV__500,0.0040398453791757,0.0039058186861869017,-0.00013402669298879805,0.00013402669298879805,2
/Users/yti0811/Desktop/FE_data/npj_CM01/NPJ_CM_Fig_Python/Public_Reproducibility_Package_V01/npjcm-free-energy-surrogate_Re3/Python_Codes/table/snapshots_split/beta-TiV_500K_snap00067.extxyz,beta-TiV,500,beta-TiV__500,0.0041386672934319,0.003683129203152259,-0.00045553809027964066,0.00045553809027964066,2
/Users/yti0811/Desktop/FE_data/npj_CM01/NPJ_CM_Fig_Python/Public_Reproducibility_Package_V01/npjcm-free-energy-surrogate_Re3/Python_Codes/table/snapshots_split/beta-TiV_500K_snap00068.extxyz,beta-TiV,500,beta-TiV__500,0.0038102492174779,0.004044605379297658,0.00023435616181975791,0.00023435616181975791,2
/Users/yti0811/Desktop/FE_data/npj_CM01/NPJ_CM_Fig_Python/Public_Reproducibility_Package_V01/npjcm-free-energy-surrogate_Re3/Python_Codes/table/snapshots_split/beta-TiV_500K_snap00069.extxyz,beta-TiV,500,beta-TiV__500,0.0035288744705412,0.003991709917148934,0.0004628354466077334,0.0004628354466077334,2
/Users/yti0811/Desktop/FE_data/npj_CM01/NPJ_CM_Fig_Python/Public_Reproducibility_Package_V01/npjcm-free-energy-surrogate_Re3/Python_Codes/table/snapshots_split/beta-TiV_500K_snap00070.extxyz,beta-TiV,500,beta-TiV__500,0.0039941232786878,0.0038001870540252036,-0.00019393622466259627,0.00019393622466259627,2
/Users/yti0811/Desktop/FE_data/npj_CM01/NPJ_CM_Fig_Python/Public_Reproducibility_Package_V01/npjcm-free-energy-surrogate_Re3/Python_Codes/table/snapshots_split/beta-TiV_500K_snap00071.extxyz,beta-TiV,500,beta-TiV__500,0.0041001625085203,0.0037639065799872093,-0.0003362559285330904,0.0003362559285330904,2
/Users/yti0811/Desktop/FE_data/npj_CM01/NPJ_CM_Fig_Python/Public_Reproducibility_Package_V01/npjcm-free-energy-surrogate_Re3/Python_Codes/table/snapshots_split/beta-TiV_500K_snap00072.extxyz,beta-TiV,500,beta-TiV__500,0.0037735273842788,0.003800472478610308,2.6945094331508324e-05,2.6945094331508324e-05,2
/Users/yti0811/Desktop/FE_data/npj_CM01/NPJ_CM_Fig_Python/Public_Reproducibility_Package_V01/npjcm-free-energy-surrogate_Re3/Python_Codes/table/snapshots_split/beta-TiV_500K_snap00073.extxyz,beta-TiV,500,beta-TiV__500,0.0039155891480296,0.003934959282854109,1.9370134824508653e-05,1.9370134824508653e-05,2
/Users/yti0811/Desktop/FE_data/npj_CM01/NPJ_CM_Fig_Python/Public_Reproducibility_Package_V01/npjcm-free-energy-surrogate_Re3/Python_Codes/table/snapshots_split/beta-TiV_500K_snap00074.extxyz,beta-TiV,500,beta-TiV__500,0.0040879090481565,0.00392084667949588,-0.0001670623686606202,0.0001670623686606202,2
/Users/yti0811/Desktop/FE_data/npj_CM01/NPJ_CM_Fig_Python/Public_Reproducibility_Package_V01/npjcm-free-energy-surrogate_Re3/Python_Codes/table/snapshots_split/beta-TiV_500K_snap00075.extxyz,beta-TiV,500,beta-TiV__500,0.0040525445265174,0.003948867899790585,-0.000103676626726815,0.000103676626726815,2
/Users/yti0811/Desktop/FE_data/npj_CM01/NPJ_CM_Fig_Python/Public_Reproducibility_Package_V01/npjcm-free-energy-surrogate_Re3/Python_Codes/table/snapshots_split/beta-TiV_500K_snap00076.extxyz,beta-TiV,500,beta-TiV__500,0.0035317580589882,0.003919642641771026,0.00038788458278282614,0.00038788458278282614,2
/Users/yti0811/Desktop/FE_data/npj_CM01/NPJ_CM_Fig_Python/Public_Reproducibility_Package_V01/npjcm-free-energy-surrogate_Re3/Python_Codes/table/snapshots_split/beta-TiV_500K_snap00077.extxyz,beta-TiV,500,beta-TiV__500,0.0042773003170537,0.003953415313525142,-0.00032388500352855797,0.00032388500352855797,2
/Users/yti0811/Desktop/FE_data/npj_CM01/NPJ_CM_Fig_Python/Public_Reproducibility_Package_V01/npjcm-free-energy-surrogate_Re3/Python_Codes/table/snapshots_split/beta-TiV_500K_snap00078.extxyz,beta-TiV,500,beta-TiV__500,0.003675198725984,0.0038884813213653367,0.00021328259538133665,0.00021328259538133665,2
/Users/yti0811/Desktop/FE_data/npj_CM01/NPJ_CM_Fig_Python/Public_Reproducibility_Package_V01/npjcm-free-energy-surrogate_Re3/Python_Codes/table/snapshots_split/beta-TiV_500K_snap00079.extxyz,beta-TiV,500,beta-TiV__500,0.0036540912516787,0.0040875203762298345,0.00043342912455113453,0.00043342912455113453,2
/Users/yti0811/Desktop/FE_data/npj_CM01/NPJ_CM_Fig_Python/Public_Reproducibility_Package_V01/npjcm-free-energy-surrogate_Re3/Python_Codes/table/snapshots_split/beta-TiV_500K_snap00080.extxyz,beta-TiV,500,beta-TiV__500,0.0038979157103314,0.003962943090635503,6.50273803041025e-05,6.50273803041025e-05,2
/Users/yti0811/Desktop/FE_data/npj_CM01/NPJ_CM_Fig_Python/Public_Reproducibility_Package_V01/npjcm-free-energy-surrogate_Re3/Python_Codes/table/snapshots_split/beta-TiV_500K_snap00081.extxyz,beta-TiV,500,beta-TiV__500,0.0039719171432009,0.003789567708573992,-0.00018234943462690787,0.00018234943462690787,2
/Users/yti0811/Desktop/FE_data/npj_CM01/NPJ_CM_Fig_Python/Public_Reproducibility_Package_V01/npjcm-free-energy-surrogate_Re3/Python_Codes/table/snapshots_split/beta-TiV_500K_snap00082.extxyz,beta-TiV,500,beta-TiV__500,0.0042924425067601,0.0038464853075490728,-0.0004459571992110269,0.0004459571992110269,2
/Users/yti0811/Desktop/FE_data/npj_CM01/NPJ_CM_Fig_Python/Public_Reproducibility_Package_V01/npjcm-free-energy-surrogate_Re3/Python_Codes/table/snapshots_split/beta-TiV_500K_snap00083.extxyz,beta-TiV,500,beta-TiV__500,0.0035165723531941,0.003899863133455201,0.00038329078026110063,0.00038329078026110063,2
/Users/yti0811/Desktop/FE_data/npj_CM01/NPJ_CM_Fig_Python/Public_Reproducibility_Package_V01/npjcm-free-energy-surrogate_Re3/Python_Codes/table/snapshots_split/beta-TiV_500K_snap00084.extxyz,beta-TiV,500,beta-TiV__500,0.0037347593386579,0.0038284805519724014,9.372121331450121e-05,9.372121331450121e-05,2
/Users/yti0811/Desktop/FE_data/npj_CM01/NPJ_CM_Fig_Python/Public_Reproducibility_Package_V01/npjcm-free-energy-surrogate_Re3/Python_Codes/table/snapshots_split/beta-TiV_500K_snap00085.extxyz,beta-TiV,500,beta-TiV__500,0.0036060091587955,0.003804936058203585,0.00019892689940808478,0.00019892689940808478,2
/Users/yti0811/Desktop/FE_data/npj_CM01/NPJ_CM_Fig_Python/Public_Reproducibility_Package_V01/npjcm-free-energy-surrogate_Re3/Python_Codes/table/snapshots_split/beta-TiV_500K_snap00086.extxyz,beta-TiV,500,beta-TiV__500,0.0042184002469301,0.004114589305162035,-0.00010381094176806563,0.00010381094176806563,2
/Users/yti0811/Desktop/FE_data/npj_CM01/NPJ_CM_Fig_Python/Public_Reproducibility_Package_V01/npjcm-free-energy-surrogate_Re3/Python_Codes/table/snapshots_split/beta-TiV_500K_snap00087.extxyz,beta-TiV,500,beta-TiV__500,0.0037263742824069,0.0038895416365364198,0.00016316735412951963,0.00016316735412951963,2
/Users/yti0811/Desktop/FE_data/npj_CM01/NPJ_CM_Fig_Python/Public_Reproducibility_Package_V01/npjcm-free-energy-surrogate_Re3/Python_Codes/table/snapshots_split/beta-TiV_500K_snap00088.extxyz,beta-TiV,500,beta-TiV__500,0.0042697301289594,0.003915291279468828,-0.00035443884949057196,0.00035443884949057196,2
/Users/yti0811/Desktop/FE_data/npj_CM01/NPJ_CM_Fig_Python/Public_Reproducibility_Package_V01/npjcm-free-energy-surrogate_Re3/Python_Codes/table/snapshots_split/beta-TiV_500K_snap00089.extxyz,beta-TiV,500,beta-TiV__500,0.0039258080009934,0.003753337167642178,-0.00017247083335122189,0.00017247083335122189,2
/Users/yti0811/Desktop/FE_data/npj_CM01/NPJ_CM_Fig_Python/Public_Reproducibility_Package_V01/npjcm-free-energy-surrogate_Re3/Python_Codes/table/snapshots_split/beta-TiV_500K_snap00090.extxyz,beta-TiV,500,beta-TiV__500,0.0041590809426642,0.003809545928052297,-0.00034953501461190304,0.00034953501461190304,2
/Users/yti0811/Desktop/FE_data/npj_CM01/NPJ_CM_Fig_Python/Public_Reproducibility_Package_V01/npjcm-free-energy-surrogate_Re3/Python_Codes/table/snapshots_split/beta-TiV_500K_snap00091.extxyz,beta-TiV,500,beta-TiV__500,0.0044741900685126,0.0038142760622636813,-0.0006599140062489191,0.0006599140062489191,2
/Users/yti0811/Desktop/FE_data/npj_CM01/NPJ_CM_Fig_Python/Public_Reproducibility_Package_V01/npjcm-free-energy-surrogate_Re3/Python_Codes/table/snapshots_split/beta-TiV_500K_snap00092.extxyz,beta-TiV,500,beta-TiV__500,0.0040103924306734,0.004071531542233476,6.11391115600754e-05,6.11391115600754e-05,2
/Users/yti0811/Desktop/FE_data/npj_CM01/NPJ_CM_Fig_Python/Public_Reproducibility_Package_V01/npjcm-free-energy-surrogate_Re3/Python_Codes/table/snapshots_split/beta-TiV_500K_snap00093.extxyz,beta-TiV,500,beta-TiV__500,0.0037528445480528,0.003847090631290494,9.424608323769373e-05,9.424608323769373e-05,2
/Users/yti0811/Desktop/FE_data/npj_CM01/NPJ_CM_Fig_Python/Public_Reproducibility_Package_V01/npjcm-free-energy-surrogate_Re3/Python_Codes/table/snapshots_split/beta-TiV_500K_snap00094.extxyz,beta-TiV,500,beta-TiV__500,0.0036134747248258,0.0038891847789181665,0.00027571005409236663,0.00027571005409236663,2
/Users/yti0811/Desktop/FE_data/npj_CM01/NPJ_CM_Fig_Python/Public_Reproducibility_Package_V01/npjcm-free-energy-surrogate_Re3/Python_Codes/table/snapshots_split/beta-TiV_500K_snap00095.extxyz,beta-TiV,500,beta-TiV__500,0.004260029801325,0.003925664908617444,-0.00033436489270755564,0.00033436489270755564,2
/Users/yti0811/Desktop/FE_data/npj_CM01/NPJ_CM_Fig_Python/Public_Reproducibility_Package_V01/npjcm-free-energy-surrogate_Re3/Python_Codes/table/snapshots_split/beta-TiV_500K_snap00096.extxyz,beta-TiV,500,beta-TiV__500,0.0038656991555839,0.0038923140988903512,2.661494330645107e-05,2.661494330645107e-05,2
/Users/yti0811/Desktop/FE_data/npj_CM01/NPJ_CM_Fig_Python/Public_Reproducibility_Package_V01/npjcm-free-energy-surrogate_Re3/Python_Codes/table/snapshots_split/beta-TiV_500K_snap00097.extxyz,beta-TiV,500,beta-TiV__500,0.0036026576380822,0.0038216209132748862,0.00021896327519268632,0.00021896327519268632,2
/Users/yti0811/Desktop/FE_data/npj_CM01/NPJ_CM_Fig_Python/Public_Reproducibility_Package_V01/npjcm-free-energy-surrogate_Re3/Python_Codes/table/snapshots_split/beta-TiV_500K_snap00098.extxyz,beta-TiV,500,beta-TiV__500,0.0042273075467043,0.003803322528058201,-0.0004239850186460994,0.0004239850186460994,2
/Users/yti0811/Desktop/FE_data/npj_CM01/NPJ_CM_Fig_Python/Public_Reproducibility_Package_V01/npjcm-free-energy-surrogate_Re3/Python_Codes/table/snapshots_split/beta-TiV_500K_snap00099.extxyz,beta-TiV,500,beta-TiV__500,0.0036778965014359,0.00397795312284161,0.00030005662140571024,0.00030005662140571024,2
/Users/yti0811/Desktop/FE_data/npj_CM01/NPJ_CM_Fig_Python/Public_Reproducibility_Package_V01/npjcm-free-energy-surrogate_Re3/Python_Codes/table/snapshots_split/beta-TiV_600K_snap00000.extxyz,beta-TiV,600,beta-TiV__600,0.0057442542106579,0.006313722092682592,0.0005694678820246926,0.0005694678820246926,1
/Users/yti0811/Desktop/FE_data/npj_CM01/NPJ_CM_Fig_Python/Public_Reproducibility_Package_V01/npjcm-free-energy-surrogate_Re3/Python_Codes/table/snapshots_split/beta-TiV_600K_snap00001.extxyz,beta-TiV,600,beta-TiV__600,0.0056204410429955,0.0064312157297850584,0.0008107746867895586,0.0008107746867895586,1
/Users/yti0811/Desktop/FE_data/npj_CM01/NPJ_CM_Fig_Python/Public_Reproducibility_Package_V01/npjcm-free-energy-surrogate_Re3/Python_Codes/table/snapshots_split/beta-TiV_600K_snap00002.extxyz,beta-TiV,600,beta-TiV__600,0.0064710456081355,0.006333069041403734,-0.00013797656673176627,0.00013797656673176627,1
/Users/yti0811/Desktop/FE_data/npj_CM01/NPJ_CM_Fig_Python/Public_Reproducibility_Package_V01/npjcm-free-energy-surrogate_Re3/Python_Codes/table/snapshots_split/beta-TiV_600K_snap00003.extxyz,beta-TiV,600,beta-TiV__600,0.0060194911810082,0.006315453160176844,0.00029596197916864457,0.00029596197916864457,1
/Users/yti0811/Desktop/FE_data/npj_CM01/NPJ_CM_Fig_Python/Public_Reproducibility_Package_V01/npjcm-free-energy-surrogate_Re3/Python_Codes/table/snapshots_split/beta-TiV_600K_snap00004.extxyz,beta-TiV,600,beta-TiV__600,0.0060738204068614,0.006153326149494497,7.950574263309706e-05,7.950574263309706e-05,1
/Users/yti0811/Desktop/FE_data/npj_CM01/NPJ_CM_Fig_Python/Public_Reproducibility_Package_V01/npjcm-free-energy-surrogate_Re3/Python_Codes/table/snapshots_split/beta-TiV_600K_snap00005.extxyz,beta-TiV,600,beta-TiV__600,0.0059454059199579,0.006502461978254723,0.0005570560582968233,0.0005570560582968233,1
/Users/yti0811/Desktop/FE_data/npj_CM01/NPJ_CM_Fig_Python/Public_Reproducibility_Package_V01/npjcm-free-energy-surrogate_Re3/Python_Codes/table/snapshots_split/beta-TiV_600K_snap00006.extxyz,beta-TiV,600,beta-TiV__600,0.0061372312529447,0.006609035457145925,0.0004718042042012255,0.0004718042042012255,1
/Users/yti0811/Desktop/FE_data/npj_CM01/NPJ_CM_Fig_Python/Public_Reproducibility_Package_V01/npjcm-free-energy-surrogate_Re3/Python_Codes/table/snapshots_split/beta-TiV_600K_snap00007.extxyz,beta-TiV,600,beta-TiV__600,0.0061228644791457,0.006410606589767323,0.00028774211062162266,0.00028774211062162266,1
/Users/yti0811/Desktop/FE_data/npj_CM01/NPJ_CM_Fig_Python/Public_Reproducibility_Package_V01/npjcm-free-energy-surrogate_Re3/Python_Codes/table/snapshots_split/beta-TiV_600K_snap00008.extxyz,beta-TiV,600,beta-TiV__600,0.0060887997702422,0.006248003714877641,0.00015920394463544117,0.00015920394463544117,1
/Users/yti0811/Desktop/FE_data/npj_CM01/NPJ_CM_Fig_Python/Public_Reproducibility_Package_V01/npjcm-free-energy-surrogate_Re3/Python_Codes/table/snapshots_split/beta-TiV_600K_snap00009.extxyz,beta-TiV,600,beta-TiV__600,0.006223270714771,0.00637538072596013,0.00015211001118912992,0.00015211001118912992,1
/Users/yti0811/Desktop/FE_data/npj_CM01/NPJ_CM_Fig_Python/Public_Reproducibility_Package_V01/npjcm-free-energy-surrogate_Re3/Python_Codes/table/snapshots_split/beta-TiV_600K_snap00010.extxyz,beta-TiV,600,beta-TiV__600,0.0063701444146204,0.006374391883967257,4.247469346857144e-06,4.247469346857144e-06,1
/Users/yti0811/Desktop/FE_data/npj_CM01/NPJ_CM_Fig_Python/Public_Reproducibility_Package_V01/npjcm-free-energy-surrogate_Re3/Python_Codes/table/snapshots_split/beta-TiV_600K_snap00011.extxyz,beta-TiV,600,beta-TiV__600,0.0062758201173604,0.006271363331419814,-4.456785940585954e-06,4.456785940585954e-06,1
/Users/yti0811/Desktop/FE_data/npj_CM01/NPJ_CM_Fig_Python/Public_Reproducibility_Package_V01/npjcm-free-energy-surrogate_Re3/Python_Codes/table/snapshots_split/beta-TiV_600K_snap00012.extxyz,beta-TiV,600,beta-TiV__600,0.0060633479062552,0.00633511376827816,0.0002717658620229593,0.0002717658620229593,1
/Users/yti0811/Desktop/FE_data/npj_CM01/NPJ_CM_Fig_Python/Public_Reproducibility_Package_V01/npjcm-free-energy-surrogate_Re3/Python_Codes/table/snapshots_split/beta-TiV_600K_snap00013.extxyz,beta-TiV,600,beta-TiV__600,0.0057966479156734,0.006388211748045521,0.0005915638323721207,0.0005915638323721207,1
/Users/yti0811/Desktop/FE_data/npj_CM01/NPJ_CM_Fig_Python/Public_Reproducibility_Package_V01/npjcm-free-energy-surrogate_Re3/Python_Codes/table/snapshots_split/beta-TiV_600K_snap00014.extxyz,beta-TiV,600,beta-TiV__600,0.0062329735083174,0.006272947501130517,3.9973992813117747e-05,3.9973992813117747e-05,1
/Users/yti0811/Desktop/FE_data/npj_CM01/NPJ_CM_Fig_Python/Public_Reproducibility_Package_V01/npjcm-free-energy-surrogate_Re3/Python_Codes/table/snapshots_split/beta-TiV_600K_snap00015.extxyz,beta-TiV,600,beta-TiV__600,0.0058468188522387,0.006319018965391965,0.0004722001131532653,0.0004722001131532653,1
/Users/yti0811/Desktop/FE_data/npj_CM01/NPJ_CM_Fig_Python/Public_Reproducibility_Package_V01/npjcm-free-energy-surrogate_Re3/Python_Codes/table/snapshots_split/beta-TiV_600K_snap00016.extxyz,beta-TiV,600,beta-TiV__600,0.0063808504669743,0.006002353858620512,-0.0003784966083537882,0.0003784966083537882,1
/Users/yti0811/Desktop/FE_data/npj_CM01/NPJ_CM_Fig_Python/Public_Reproducibility_Package_V01/npjcm-free-energy-surrogate_Re3/Python_Codes/table/snapshots_split/beta-TiV_600K_snap00017.extxyz,beta-TiV,600,beta-TiV__600,0.0061187751843291,0.006031761506039165,-8.7013678289935e-05,8.7013678289935e-05,1
/Users/yti0811/Desktop/FE_data/npj_CM01/NPJ_CM_Fig_Python/Public_Reproducibility_Package_V01/npjcm-free-energy-surrogate_Re3/Python_Codes/table/snapshots_split/beta-TiV_600K_snap00018.extxyz,beta-TiV,600,beta-TiV__600,0.0063463160237599,0.006050847189239615,-0.0002954688345202846,0.0002954688345202846,1
/Users/yti0811/Desktop/FE_data/npj_CM01/NPJ_CM_Fig_Python/Public_Reproducibility_Package_V01/npjcm-free-energy-surrogate_Re3/Python_Codes/table/snapshots_split/beta-TiV_600K_snap00019.extxyz,beta-TiV,600,beta-TiV__600,0.0059143237382219,0.006218726392549993,0.00030440265432809307,0.00030440265432809307,1
/Users/yti0811/Desktop/FE_data/npj_CM01/NPJ_CM_Fig_Python/Public_Reproducibility_Package_V01/npjcm-free-energy-surrogate_Re3/Python_Codes/table/snapshots_split/beta-TiV_600K_snap00020.extxyz,beta-TiV,600,beta-TiV__600,0.0057181555409677,0.006111540733838677,0.00039338519287097657,0.00039338519287097657,1
/Users/yti0811/Desktop/FE_data/npj_CM01/NPJ_CM_Fig_Python/Public_Reproducibility_Package_V01/npjcm-free-energy-surrogate_Re3/Python_Codes/table/snapshots_split/beta-TiV_600K_snap00021.extxyz,beta-TiV,600,beta-TiV__600,0.0056712226387036,0.006055332836197179,0.00038411019749357966,0.00038411019749357966,1
/Users/yti0811/Desktop/FE_data/npj_CM01/NPJ_CM_Fig_Python/Public_Reproducibility_Package_V01/npjcm-free-energy-surrogate_Re3/Python_Codes/table/snapshots_split/beta-TiV_600K_snap00022.extxyz,beta-TiV,600,beta-TiV__600,0.0061420053105278,0.006064371644765572,-7.763366576222803e-05,7.763366576222803e-05,1
/Users/yti0811/Desktop/FE_data/npj_CM01/NPJ_CM_Fig_Python/Public_Reproducibility_Package_V01/npjcm-free-energy-surrogate_Re3/Python_Codes/table/snapshots_split/beta-TiV_600K_snap00023.extxyz,beta-TiV,600,beta-TiV__600,0.0057000498933838,0.006195361582609973,0.0004953116892261735,0.0004953116892261735,1
/Users/yti0811/Desktop/FE_data/npj_CM01/NPJ_CM_Fig_Python/Public_Reproducibility_Package_V01/npjcm-free-energy-surrogate_Re3/Python_Codes/table/snapshots_split/beta-TiV_600K_snap00024.extxyz,beta-TiV,600,beta-TiV__600,0.0058578713944774,0.0066042943880454475,0.0007464229935680473,0.0007464229935680473,1
/Users/yti0811/Desktop/FE_data/npj_CM01/NPJ_CM_Fig_Python/Public_Reproducibility_Package_V01/npjcm-free-energy-surrogate_Re3/Python_Codes/table/snapshots_split/beta-TiV_600K_snap00025.extxyz,beta-TiV,600,beta-TiV__600,0.0057978421041592,0.006272467773467906,0.00047462566930870677,0.00047462566930870677,1
/Users/yti0811/Desktop/FE_data/npj_CM01/NPJ_CM_Fig_Python/Public_Reproducibility_Package_V01/npjcm-free-energy-surrogate_Re3/Python_Codes/table/snapshots_split/beta-TiV_600K_snap00026.extxyz,beta-TiV,600,beta-TiV__600,0.0060704020770662,0.006110572439511707,4.01703624455076e-05,4.01703624455076e-05,1
/Users/yti0811/Desktop/FE_data/npj_CM01/NPJ_CM_Fig_Python/Public_Reproducibility_Package_V01/npjcm-free-energy-surrogate_Re3/Python_Codes/table/snapshots_split/beta-TiV_600K_snap00027.extxyz,beta-TiV,600,beta-TiV__600,0.0059284762668731,0.006114645022974746,0.00018616875610164615,0.00018616875610164615,1
/Users/yti0811/Desktop/FE_data/npj_CM01/NPJ_CM_Fig_Python/Public_Reproducibility_Package_V01/npjcm-free-energy-surrogate_Re3/Python_Codes/table/snapshots_split/beta-TiV_600K_snap00028.extxyz,beta-TiV,600,beta-TiV__600,0.0061133916813755,0.006362246631472696,0.00024885495009719597,0.00024885495009719597,1
/Users/yti0811/Desktop/FE_data/npj_CM01/NPJ_CM_Fig_Python/Public_Reproducibility_Package_V01/npjcm-free-energy-surrogate_Re3/Python_Codes/table/snapshots_split/beta-TiV_600K_snap00029.extxyz,beta-TiV,600,beta-TiV__600,0.0061363644609626,0.0066095667617236285,0.00047320230076102875,0.00047320230076102875,1
/Users/yti0811/Desktop/FE_data/npj_CM01/NPJ_CM_Fig_Python/Public_Reproducibility_Package_V01/npjcm-free-energy-surrogate_Re3/Python_Codes/table/snapshots_split/beta-TiV_600K_snap00030.extxyz,beta-TiV,600,beta-TiV__600,0.0061559848658465,0.0063054349938972375,0.0001494501280507373,0.0001494501280507373,1
/Users/yti0811/Desktop/FE_data/npj_CM01/NPJ_CM_Fig_Python/Public_Reproducibility_Package_V01/npjcm-free-energy-surrogate_Re3/Python_Codes/table/snapshots_split/beta-TiV_600K_snap00031.extxyz,beta-TiV,600,beta-TiV__600,0.0058452020355758,0.006227695973358102,0.0003824939377823017,0.0003824939377823017,1
/Users/yti0811/Desktop/FE_data/npj_CM01/NPJ_CM_Fig_Python/Public_Reproducibility_Package_V01/npjcm-free-energy-surrogate_Re3/Python_Codes/table/snapshots_split/beta-TiV_600K_snap00032.extxyz,beta-TiV,600,beta-TiV__600,0.0057814302012479,0.006311366783610409,0.0005299365823625089,0.0005299365823625089,1
/Users/yti0811/Desktop/FE_data/npj_CM01/NPJ_CM_Fig_Python/Public_Reproducibility_Package_V01/npjcm-free-energy-surrogate_Re3/Python_Codes/table/snapshots_split/beta-TiV_600K_snap00033.extxyz,beta-TiV,600,beta-TiV__600,0.0065002033041371,0.006276533963690899,-0.00022366934044620087,0.00022366934044620087,1
/Users/yti0811/Desktop/FE_data/npj_CM01/NPJ_CM_Fig_Python/Public_Reproducibility_Package_V01/npjcm-free-energy-surrogate_Re3/Python_Codes/table/snapshots_split/beta-TiV_600K_snap00034.extxyz,beta-TiV,600,beta-TiV__600,0.0059878307235454,0.006205414376694147,0.00021758365314874639,0.00021758365314874639,1
/Users/yti0811/Desktop/FE_data/npj_CM01/NPJ_CM_Fig_Python/Public_Reproducibility_Package_V01/npjcm-free-energy-surrogate_Re3/Python_Codes/table/snapshots_split/beta-TiV_600K_snap00035.extxyz,beta-TiV,600,beta-TiV__600,0.0059015732827633,0.006095691124142771,0.00019411784137947103,0.00019411784137947103,1
/Users/yti0811/Desktop/FE_data/npj_CM01/NPJ_CM_Fig_Python/Public_Reproducibility_Package_V01/npjcm-free-energy-surrogate_Re3/Python_Codes/table/snapshots_split/beta-TiV_600K_snap00036.extxyz,beta-TiV,600,beta-TiV__600,0.0055788808396146,0.006002093765021786,0.0004232129254071867,0.0004232129254071867,1
/Users/yti0811/Desktop/FE_data/npj_CM01/NPJ_CM_Fig_Python/Public_Reproducibility_Package_V01/npjcm-free-energy-surrogate_Re3/Python_Codes/table/snapshots_split/beta-TiV_600K_snap00037.extxyz,beta-TiV,600,beta-TiV__600,0.0057457081222624,0.006049810566453104,0.00030410244419070386,0.00030410244419070386,1
/Users/yti0811/Desktop/FE_data/npj_CM01/NPJ_CM_Fig_Python/Public_Reproducibility_Package_V01/npjcm-free-energy-surrogate_Re3/Python_Codes/table/snapshots_split/beta-TiV_600K_snap00038.extxyz,beta-TiV,600,beta-TiV__600,0.0054533539056126,0.006427524995919228,0.0009741710903066279,0.0009741710903066279,1
/Users/yti0811/Desktop/FE_data/npj_CM01/NPJ_CM_Fig_Python/Public_Reproducibility_Package_V01/npjcm-free-energy-surrogate_Re3/Python_Codes/table/snapshots_split/beta-TiV_600K_snap00039.extxyz,beta-TiV,600,beta-TiV__600,0.0059034945850619,0.006137434237538218,0.00023393965247631762,0.00023393965247631762,1
/Users/yti0811/Desktop/FE_data/npj_CM01/NPJ_CM_Fig_Python/Public_Reproducibility_Package_V01/npjcm-free-energy-surrogate_Re3/Python_Codes/table/snapshots_split/beta-TiV_600K_snap00040.extxyz,beta-TiV,600,beta-TiV__600,0.0062017845664785,0.00617155124897187,-3.0233317506629664e-05,3.0233317506629664e-05,1
/Users/yti0811/Desktop/FE_data/npj_CM01/NPJ_CM_Fig_Python/Public_Reproducibility_Package_V01/npjcm-free-energy-surrogate_Re3/Python_Codes/table/snapshots_split/beta-TiV_600K_snap00041.extxyz,beta-TiV,600,beta-TiV__600,0.0065583760221754,0.006227552499279902,-0.0003308235228954978,0.0003308235228954978,1
/Users/yti0811/Desktop/FE_data/npj_CM01/NPJ_CM_Fig_Python/Public_Reproducibility_Package_V01/npjcm-free-energy-surrogate_Re3/Python_Codes/table/snapshots_split/beta-TiV_600K_snap00042.extxyz,beta-TiV,600,beta-TiV__600,0.0058991917887631,0.006196638145579115,0.0002974463568160149,0.0002974463568160149,1
/Users/yti0811/Desktop/FE_data/npj_CM01/NPJ_CM_Fig_Python/Public_Reproducibility_Package_V01/npjcm-free-energy-surrogate_Re3/Python_Codes/table/snapshots_split/beta-TiV_600K_snap00043.extxyz,beta-TiV,600,beta-TiV__600,0.0059964625486907,0.005865235541188981,-0.00013122700750171912,0.00013122700750171912,1
/Users/yti0811/Desktop/FE_data/npj_CM01/NPJ_CM_Fig_Python/Public_Reproducibility_Package_V01/npjcm-free-energy-surrogate_Re3/Python_Codes/table/snapshots_split/beta-TiV_600K_snap00044.extxyz,beta-TiV,600,beta-TiV__600,0.00631873292601,0.005924451508764967,-0.00039428141724503346,0.00039428141724503346,1
/Users/yti0811/Desktop/FE_data/npj_CM01/NPJ_CM_Fig_Python/Public_Reproducibility_Package_V01/npjcm-free-energy-surrogate_Re3/Python_Codes/table/snapshots_split/beta-TiV_600K_snap00045.extxyz,beta-TiV,600,beta-TiV__600,0.0060860627523783,0.006371045969503464,0.00028498321712516414,0.00028498321712516414,1
/Users/yti0811/Desktop/FE_data/npj_CM01/NPJ_CM_Fig_Python/Public_Reproducibility_Package_V01/npjcm-free-energy-surrogate_Re3/Python_Codes/table/snapshots_split/beta-TiV_600K_snap00046.extxyz,beta-TiV,600,beta-TiV__600,0.0060436213535634,0.0065590614141347505,0.0005154400605713507,0.0005154400605713507,1
/Users/yti0811/Desktop/FE_data/npj_CM01/NPJ_CM_Fig_Python/Public_Reproducibility_Package_V01/npjcm-free-energy-surrogate_Re3/Python_Codes/table/snapshots_split/beta-TiV_600K_snap00047.extxyz,beta-TiV,600,beta-TiV__600,0.0057992939678738,0.006498758444353569,0.0006994644764797692,0.0006994644764797692,1
/Users/yti0811/Desktop/FE_data/npj_CM01/NPJ_CM_Fig_Python/Public_Reproducibility_Package_V01/npjcm-free-energy-surrogate_Re3/Python_Codes/table/snapshots_split/beta-TiV_600K_snap00048.extxyz,beta-TiV,600,beta-TiV__600,0.0065361366419136,0.006114531276848574,-0.0004216053650650262,0.0004216053650650262,1
/Users/yti0811/Desktop/FE_data/npj_CM01/NPJ_CM_Fig_Python/Public_Reproducibility_Package_V01/npjcm-free-energy-surrogate_Re3/Python_Codes/table/snapshots_split/beta-TiV_600K_snap00049.extxyz,beta-TiV,600,beta-TiV__600,0.0061346723519452,0.00601449260190788,-0.00012017975003732022,0.00012017975003732022,1
/Users/yti0811/Desktop/FE_data/npj_CM01/NPJ_CM_Fig_Python/Public_Reproducibility_Package_V01/npjcm-free-energy-surrogate_Re3/Python_Codes/table/snapshots_split/beta-TiV_600K_snap00050.extxyz,beta-TiV,600,beta-TiV__600,0.0059934196828221,0.00611417771500312,0.00012075803218102032,0.00012075803218102032,1
/Users/yti0811/Desktop/FE_data/npj_CM01/NPJ_CM_Fig_Python/Public_Reproducibility_Package_V01/npjcm-free-energy-surrogate_Re3/Python_Codes/table/snapshots_split/beta-TiV_600K_snap00051.extxyz,beta-TiV,600,beta-TiV__600,0.0056879442602275,0.006422366354048754,0.0007344220938212548,0.0007344220938212548,1
/Users/yti0811/Desktop/FE_data/npj_CM01/NPJ_CM_Fig_Python/Public_Reproducibility_Package_V01/npjcm-free-energy-surrogate_Re3/Python_Codes/table/snapshots_split/beta-TiV_600K_snap00052.extxyz,beta-TiV,600,beta-TiV__600,0.0061063755479865,0.00632562889163559,0.00021925334364909007,0.00021925334364909007,1
/Users/yti0811/Desktop/FE_data/npj_CM01/NPJ_CM_Fig_Python/Public_Reproducibility_Package_V01/npjcm-free-energy-surrogate_Re3/Python_Codes/table/snapshots_split/beta-TiV_600K_snap00053.extxyz,beta-TiV,600,beta-TiV__600,0.00616744647974,0.006280590765039943,0.00011314428529994244,0.00011314428529994244,1
/Users/yti0811/Desktop/FE_data/npj_CM01/NPJ_CM_Fig_Python/Public_Reproducibility_Package_V01/npjcm-free-energy-surrogate_Re3/Python_Codes/table/snapshots_split/beta-TiV_600K_snap00054.extxyz,beta-TiV,600,beta-TiV__600,0.0060960597068489,0.0062603765107851084,0.0001643168039362087,0.0001643168039362087,1
/Users/yti0811/Desktop/FE_data/npj_CM01/NPJ_CM_Fig_Python/Public_Reproducibility_Package_V01/npjcm-free-energy-surrogate_Re3/Python_Codes/table/snapshots_split/beta-TiV_600K_snap00055.extxyz,beta-TiV,600,beta-TiV__600,0.0059531444591096,0.006235613603592699,0.00028246914448309957,0.00028246914448309957,1
/Users/yti0811/Desktop/FE_data/npj_CM01/NPJ_CM_Fig_Python/Public_Reproducibility_Package_V01/npjcm-free-energy-surrogate_Re3/Python_Codes/table/snapshots_split/beta-TiV_600K_snap00056.extxyz,beta-TiV,600,beta-TiV__600,0.0058844514956632,0.006382075455033067,0.0004976239593698665,0.0004976239593698665,1
/Users/yti0811/Desktop/FE_data/npj_CM01/NPJ_CM_Fig_Python/Public_Reproducibility_Package_V01/npjcm-free-energy-surrogate_Re3/Python_Codes/table/snapshots_split/beta-TiV_600K_snap00057.extxyz,beta-TiV,600,beta-TiV__600,0.0058701177157926,0.006097584586823023,0.0002274668710304231,0.0002274668710304231,1
/Users/yti0811/Desktop/FE_data/npj_CM01/NPJ_CM_Fig_Python/Public_Reproducibility_Package_V01/npjcm-free-energy-surrogate_Re3/Python_Codes/table/snapshots_split/beta-TiV_600K_snap00058.extxyz,beta-TiV,600,beta-TiV__600,0.0059055010171375,0.006048983599557242,0.0001434825824197421,0.0001434825824197421,1
/Users/yti0811/Desktop/FE_data/npj_CM01/NPJ_CM_Fig_Python/Public_Reproducibility_Package_V01/npjcm-free-energy-surrogate_Re3/Python_Codes/table/snapshots_split/beta-TiV_600K_snap00059.extxyz,beta-TiV,600,beta-TiV__600,0.0060521010760254,0.006172997676323007,0.00012089660029760644,0.00012089660029760644,1
/Users/yti0811/Desktop/FE_data/npj_CM01/NPJ_CM_Fig_Python/Public_Reproducibility_Package_V01/npjcm-free-energy-surrogate_Re3/Python_Codes/table/snapshots_split/beta-TiV_600K_snap00060.extxyz,beta-TiV,600,beta-TiV__600,0.0060816175630986,0.006339531484258675,0.0002579139211600747,0.0002579139211600747,1
/Users/yti0811/Desktop/FE_data/npj_CM01/NPJ_CM_Fig_Python/Public_Reproducibility_Package_V01/npjcm-free-energy-surrogate_Re3/Python_Codes/table/snapshots_split/beta-TiV_600K_snap00061.extxyz,beta-TiV,600,beta-TiV__600,0.0064541914167126,0.006296251301468829,-0.00015794011524377077,0.00015794011524377077,1
/Users/yti0811/Desktop/FE_data/npj_CM01/NPJ_CM_Fig_Python/Public_Reproducibility_Package_V01/npjcm-free-energy-surrogate_Re3/Python_Codes/table/snapshots_split/beta-TiV_600K_snap00062.extxyz,beta-TiV,600,beta-TiV__600,0.00579376659298,0.0061996646935658945,0.00040589810058589467,0.00040589810058589467,1
/Users/yti0811/Desktop/FE_data/npj_CM01/NPJ_CM_Fig_Python/Public_Reproducibility_Package_V01/npjcm-free-energy-surrogate_Re3/Python_Codes/table/snapshots_split/beta-TiV_600K_snap00063.extxyz,beta-TiV,600,beta-TiV__600,0.0061598091192111,0.006333488286395555,0.00017367916718445502,0.00017367916718445502,1
/Users/yti0811/Desktop/FE_data/npj_CM01/NPJ_CM_Fig_Python/Public_Reproducibility_Package_V01/npjcm-free-energy-surrogate_Re3/Python_Codes/table/snapshots_split/beta-TiV_600K_snap00064.extxyz,beta-TiV,600,beta-TiV__600,0.0061950902579798,0.006354965141751934,0.00015987488377213355,0.00015987488377213355,1
/Users/yti0811/Desktop/FE_data/npj_CM01/NPJ_CM_Fig_Python/Public_Reproducibility_Package_V01/npjcm-free-energy-surrogate_Re3/Python_Codes/table/snapshots_split/beta-TiV_600K_snap00065.extxyz,beta-TiV,600,beta-TiV__600,0.0060663820356003,0.006446657976128512,0.00038027594052821197,0.00038027594052821197,1
/Users/yti0811/Desktop/FE_data/npj_CM01/NPJ_CM_Fig_Python/Public_Reproducibility_Package_V01/npjcm-free-energy-surrogate_Re3/Python_Codes/table/snapshots_split/beta-TiV_600K_snap00066.extxyz,beta-TiV,600,beta-TiV__600,0.0065675944195737,0.005982595635479592,-0.000584998784094108,0.000584998784094108,1
/Users/yti0811/Desktop/FE_data/npj_CM01/NPJ_CM_Fig_Python/Public_Reproducibility_Package_V01/npjcm-free-energy-surrogate_Re3/Python_Codes/table/snapshots_split/beta-TiV_600K_snap00067.extxyz,beta-TiV,600,beta-TiV__600,0.0057940924747469,0.005956528038007909,0.00016243556326100972,0.00016243556326100972,1
/Users/yti0811/Desktop/FE_data/npj_CM01/NPJ_CM_Fig_Python/Public_Reproducibility_Package_V01/npjcm-free-energy-surrogate_Re3/Python_Codes/table/snapshots_split/beta-TiV_600K_snap00068.extxyz,beta-TiV,600,beta-TiV__600,0.0062052221145664,0.0062782108505618425,7.298873599544294e-05,7.298873599544294e-05,1
/Users/yti0811/Desktop/FE_data/npj_CM01/NPJ_CM_Fig_Python/Public_Reproducibility_Package_V01/npjcm-free-energy-surrogate_Re3/Python_Codes/table/snapshots_split/beta-TiV_600K_snap00069.extxyz,beta-TiV,600,beta-TiV__600,0.0056135919457053,0.006351686333939362,0.000738094388234062,0.000738094388234062,1
/Users/yti0811/Desktop/FE_data/npj_CM01/NPJ_CM_Fig_Python/Public_Reproducibility_Package_V01/npjcm-free-energy-surrogate_Re3/Python_Codes/table/snapshots_split/beta-TiV_600K_snap00070.extxyz,beta-TiV,600,beta-TiV__600,0.0064650413654449,0.00629010161465776,-0.00017493975078714061,0.00017493975078714061,1
/Users/yti0811/Desktop/FE_data/npj_CM01/NPJ_CM_Fig_Python/Public_Reproducibility_Package_V01/npjcm-free-energy-surrogate_Re3/Python_Codes/table/snapshots_split/beta-TiV_600K_snap00071.extxyz,beta-TiV,600,beta-TiV__600,0.0062358385424296,0.006443386272688746,0.00020754773025914632,0.00020754773025914632,1
/Users/yti0811/Desktop/FE_data/npj_CM01/NPJ_CM_Fig_Python/Public_Reproducibility_Package_V01/npjcm-free-energy-surrogate_Re3/Python_Codes/table/snapshots_split/beta-TiV_600K_snap00072.extxyz,beta-TiV,600,beta-TiV__600,0.00653928329315,0.006266888440324565,-0.00027239485282543486,0.00027239485282543486,1
/Users/yti0811/Desktop/FE_data/npj_CM01/NPJ_CM_Fig_Python/Public_Reproducibility_Package_V01/npjcm-free-energy-surrogate_Re3/Python_Codes/table/snapshots_split/beta-TiV_600K_snap00073.extxyz,beta-TiV,600,beta-TiV__600,0.0060063462041954,0.005984308079397848,-2.20381247975519e-05,2.20381247975519e-05,1
/Users/yti0811/Desktop/FE_data/npj_CM01/NPJ_CM_Fig_Python/Public_Reproducibility_Package_V01/npjcm-free-energy-surrogate_Re3/Python_Codes/table/snapshots_split/beta-TiV_600K_snap00074.extxyz,beta-TiV,600,beta-TiV__600,0.0060572783768854,0.006070032845979748,1.2754469094347805e-05,1.2754469094347805e-05,1
/Users/yti0811/Desktop/FE_data/npj_CM01/NPJ_CM_Fig_Python/Public_Reproducibility_Package_V01/npjcm-free-energy-surrogate_Re3/Python_Codes/table/snapshots_split/beta-TiV_600K_snap00075.extxyz,beta-TiV,600,beta-TiV__600,0.0062070399345596,0.006231452360513079,2.4412425953478784e-05,2.4412425953478784e-05,1
/Users/yti0811/Desktop/FE_data/npj_CM01/NPJ_CM_Fig_Python/Public_Reproducibility_Package_V01/npjcm-free-energy-surrogate_Re3/Python_Codes/table/snapshots_split/beta-TiV_600K_snap00076.extxyz,beta-TiV,600,beta-TiV__600,0.0059311113216324,0.00654827186670376,0.0006171605450713599,0.0006171605450713599,1
/Users/yti0811/Desktop/FE_data/npj_CM01/NPJ_CM_Fig_Python/Public_Reproducibility_Package_V01/npjcm-free-energy-surrogate_Re3/Python_Codes/table/snapshots_split/beta-TiV_600K_snap00077.extxyz,beta-TiV,600,beta-TiV__600,0.0060596771606686,0.006080697995372538,2.102083470393798e-05,2.102083470393798e-05,1
/Users/yti0811/Desktop/FE_data/npj_CM01/NPJ_CM_Fig_Python/Public_Reproducibility_Package_V01/npjcm-free-energy-surrogate_Re3/Python_Codes/table/snapshots_split/beta-TiV_600K_snap00078.extxyz,beta-TiV,600,beta-TiV__600,0.0061688204954066,0.006106733481777401,-6.20870136291982e-05,6.20870136291982e-05,1
/Users/yti0811/Desktop/FE_data/npj_CM01/NPJ_CM_Fig_Python/Public_Reproducibility_Package_V01/npjcm-free-energy-surrogate_Re3/Python_Codes/table/snapshots_split/beta-TiV_600K_snap00079.extxyz,beta-TiV,600,beta-TiV__600,0.0057084122526404,0.006264601011753701,0.0005561887591133009,0.0005561887591133009,1
/Users/yti0811/Desktop/FE_data/npj_CM01/NPJ_CM_Fig_Python/Public_Reproducibility_Package_V01/npjcm-free-energy-surrogate_Re3/Python_Codes/table/snapshots_split/beta-TiV_600K_snap00080.extxyz,beta-TiV,600,beta-TiV__600,0.0060794018519924,0.006443394349434479,0.00036399249744207846,0.00036399249744207846,1
/Users/yti0811/Desktop/FE_data/npj_CM01/NPJ_CM_Fig_Python/Public_Reproducibility_Package_V01/npjcm-free-energy-surrogate_Re3/Python_Codes/table/snapshots_split/beta-TiV_600K_snap00081.extxyz,beta-TiV,600,beta-TiV__600,0.0054942979152061,0.006193326282581213,0.0006990283673751129,0.0006990283673751129,1
/Users/yti0811/Desktop/FE_data/npj_CM01/NPJ_CM_Fig_Python/Public_Reproducibility_Package_V01/npjcm-free-energy-surrogate_Re3/Python_Codes/table/snapshots_split/beta-TiV_600K_snap00082.extxyz,beta-TiV,600,beta-TiV__600,0.0059141208045058,0.006019932693382629,0.00010581188887682884,0.00010581188887682884,1
/Users/yti0811/Desktop/FE_data/npj_CM01/NPJ_CM_Fig_Python/Public_Reproducibility_Package_V01/npjcm-free-energy-surrogate_Re3/Python_Codes/table/snapshots_split/beta-TiV_600K_snap00083.extxyz,beta-TiV,600,beta-TiV__600,0.006234694988038,0.00630788389849324,7.318891045523992e-05,7.318891045523992e-05,1
/Users/yti0811/Desktop/FE_data/npj_CM01/NPJ_CM_Fig_Python/Public_Reproducibility_Package_V01/npjcm-free-energy-surrogate_Re3/Python_Codes/table/snapshots_split/beta-TiV_600K_snap00084.extxyz,beta-TiV,600,beta-TiV__600,0.0059524449050185,0.006322100828391369,0.00036965592337286947,0.00036965592337286947,1
/Users/yti0811/Desktop/FE_data/npj_CM01/NPJ_CM_Fig_Python/Public_Reproducibility_Package_V01/npjcm-free-energy-surrogate_Re3/Python_Codes/table/snapshots_split/beta-TiV_600K_snap00085.extxyz,beta-TiV,600,beta-TiV__600,0.0057805867852069,0.00635519571782317,0.0005746089326162697,0.0005746089326162697,1
/Users/yti0811/Desktop/FE_data/npj_CM01/NPJ_CM_Fig_Python/Public_Reproducibility_Package_V01/npjcm-free-energy-surrogate_Re3/Python_Codes/table/snapshots_split/beta-TiV_600K_snap00086.extxyz,beta-TiV,600,beta-TiV__600,0.0054548611086754,0.006426062505646302,0.000971201396970902,0.000971201396970902,1
/Users/yti0811/Desktop/FE_data/npj_CM01/NPJ_CM_Fig_Python/Public_Reproducibility_Package_V01/npjcm-free-energy-surrogate_Re3/Python_Codes/table/snapshots_split/beta-TiV_600K_snap00087.extxyz,beta-TiV,600,beta-TiV__600,0.0060369014457536,0.006636754430786609,0.0005998529850330097,0.0005998529850330097,1
/Users/yti0811/Desktop/FE_data/npj_CM01/NPJ_CM_Fig_Python/Public_Reproducibility_Package_V01/npjcm-free-energy-surrogate_Re3/Python_Codes/table/snapshots_split/beta-TiV_600K_snap00088.extxyz,beta-TiV,600,beta-TiV__600,0.0061854664678639,0.006390269127800734,0.00020480265993683393,0.00020480265993683393,1
/Users/yti0811/Desktop/FE_data/npj_CM01/NPJ_CM_Fig_Python/Public_Reproducibility_Package_V01/npjcm-free-energy-surrogate_Re3/Python_Codes/table/snapshots_split/beta-TiV_600K_snap00089.extxyz,beta-TiV,600,beta-TiV__600,0.006199818240945,0.006120998805532341,-7.881943541265899e-05,7.881943541265899e-05,1
/Users/yti0811/Desktop/FE_data/npj_CM01/NPJ_CM_Fig_Python/Public_Reproducibility_Package_V01/npjcm-free-energy-surrogate_Re3/Python_Codes/table/snapshots_split/beta-TiV_600K_snap00090.extxyz,beta-TiV,600,beta-TiV__600,0.0058726069311145,0.005770820883804842,-0.00010178604730965747,0.00010178604730965747,1
/Users/yti0811/Desktop/FE_data/npj_CM01/NPJ_CM_Fig_Python/Public_Reproducibility_Package_V01/npjcm-free-energy-surrogate_Re3/Python_Codes/table/snapshots_split/beta-TiV_600K_snap00091.extxyz,beta-TiV,600,beta-TiV__600,0.0061256757767608,0.006203176435469448,7.750065870864783e-05,7.750065870864783e-05,1
/Users/yti0811/Desktop/FE_data/npj_CM01/NPJ_CM_Fig_Python/Public_Reproducibility_Package_V01/npjcm-free-energy-surrogate_Re3/Python_Codes/table/snapshots_split/beta-TiV_600K_snap00092.extxyz,beta-TiV,600,beta-TiV__600,0.005577633060729,0.00640039088144624,0.0008227578207172402,0.0008227578207172402,1
/Users/yti0811/Desktop/FE_data/npj_CM01/NPJ_CM_Fig_Python/Public_Reproducibility_Package_V01/npjcm-free-energy-surrogate_Re3/Python_Codes/table/snapshots_split/beta-TiV_600K_snap00093.extxyz,beta-TiV,600,beta-TiV__600,0.0059201102788836,0.006548053627271264,0.0006279433483876639,0.0006279433483876639,1
/Users/yti0811/Desktop/FE_data/npj_CM01/NPJ_CM_Fig_Python/Public_Reproducibility_Package_V01/npjcm-free-energy-surrogate_Re3/Python_Codes/table/snapshots_split/beta-TiV_600K_snap00094.extxyz,beta-TiV,600,beta-TiV__600,0.0061731994091502,0.006442501602230843,0.0002693021930806434,0.0002693021930806434,1
/Users/yti0811/Desktop/FE_data/npj_CM01/NPJ_CM_Fig_Python/Public_Reproducibility_Package_V01/npjcm-free-energy-surrogate_Re3/Python_Codes/table/snapshots_split/beta-TiV_600K_snap00095.extxyz,beta-TiV,600,beta-TiV__600,0.0055362402463725,0.006282605240852977,0.0007463649944804765,0.0007463649944804765,1
/Users/yti0811/Desktop/FE_data/npj_CM01/NPJ_CM_Fig_Python/Public_Reproducibility_Package_V01/npjcm-free-energy-surrogate_Re3/Python_Codes/table/snapshots_split/beta-TiV_600K_snap00096.extxyz,beta-TiV,600,beta-TiV__600,0.0061352864328407,0.006145186849492146,9.90041665144617e-06,9.90041665144617e-06,1
/Users/yti0811/Desktop/FE_data/npj_CM01/NPJ_CM_Fig_Python/Public_Reproducibility_Package_V01/npjcm-free-energy-surrogate_Re3/Python_Codes/table/snapshots_split/beta-TiV_600K_snap00097.extxyz,beta-TiV,600,beta-TiV__600,0.0064161708292937,0.006369735363662164,-4.6435465631535985e-05,4.6435465631535985e-05,1
/Users/yti0811/Desktop/FE_data/npj_CM01/NPJ_CM_Fig_Python/Public_Reproducibility_Package_V01/npjcm-free-energy-surrogate_Re3/Python_Codes/table/snapshots_split/beta-TiV_600K_snap00098.extxyz,beta-TiV,600,beta-TiV__600,0.0057673715468588,0.006265891376430747,0.0004985198295719469,0.0004985198295719469,1
/Users/yti0811/Desktop/FE_data/npj_CM01/NPJ_CM_Fig_Python/Public_Reproducibility_Package_V01/npjcm-free-energy-surrogate_Re3/Python_Codes/table/snapshots_split/beta-TiV_600K_snap00099.extxyz,beta-TiV,600,beta-TiV__600,0.0060123741917134,0.006320215180433277,0.000307840988719877,0.000307840988719877,1
/Users/yti0811/Desktop/FE_data/npj_CM01/NPJ_CM_Fig_Python/Public_Reproducibility_Package_V01/npjcm-free-energy-surrogate_Re3/Python_Codes/table/snapshots_split/beta-TiV_700K_snap00000.extxyz,beta-TiV,700,beta-TiV__700,0.0092277296810466,0.009242570583988778,1.4840902942177964e-05,1.4840902942177964e-05,0
/Users/yti0811/Desktop/FE_data/npj_CM01/NPJ_CM_Fig_Python/Public_Reproducibility_Package_V01/npjcm-free-energy-surrogate_Re3/Python_Codes/table/snapshots_split/beta-TiV_700K_snap00001.extxyz,beta-TiV,700,beta-TiV__700,0.0088662951953264,0.008981284588251833,0.00011498939292543288,0.00011498939292543288,0
/Users/yti0811/Desktop/FE_data/npj_CM01/NPJ_CM_Fig_Python/Public_Reproducibility_Package_V01/npjcm-free-energy-surrogate_Re3/Python_Codes/table/snapshots_split/beta-TiV_700K_snap00002.extxyz,beta-TiV,700,beta-TiV__700,0.0091268858789564,0.008978303265184008,-0.00014858261377239182,0.00014858261377239182,0
/Users/yti0811/Desktop/FE_data/npj_CM01/NPJ_CM_Fig_Python/Public_Reproducibility_Package_V01/npjcm-free-energy-surrogate_Re3/Python_Codes/table/snapshots_split/beta-TiV_700K_snap00003.extxyz,beta-TiV,700,beta-TiV__700,0.0092207052690141,0.009091356592744166,-0.00012934867626993377,0.00012934867626993377,0
/Users/yti0811/Desktop/FE_data/npj_CM01/NPJ_CM_Fig_Python/Public_Reproducibility_Package_V01/npjcm-free-energy-surrogate_Re3/Python_Codes/table/snapshots_split/beta-TiV_700K_snap00004.extxyz,beta-TiV,700,beta-TiV__700,0.0095470946406737,0.009118246250071665,-0.00042884839060203586,0.00042884839060203586,0
/Users/yti0811/Desktop/FE_data/npj_CM01/NPJ_CM_Fig_Python/Public_Reproducibility_Package_V01/npjcm-free-energy-surrogate_Re3/Python_Codes/table/snapshots_split/beta-TiV_700K_snap00005.extxyz,beta-TiV,700,beta-TiV__700,0.0091389020997579,0.009393013705271064,0.0002541116055131635,0.0002541116055131635,0
/Users/yti0811/Desktop/FE_data/npj_CM01/NPJ_CM_Fig_Python/Public_Reproducibility_Package_V01/npjcm-free-energy-surrogate_Re3/Python_Codes/table/snapshots_split/beta-TiV_700K_snap00006.extxyz,beta-TiV,700,beta-TiV__700,0.0099846022908159,0.008934471612717137,-0.0010501306780987627,0.0010501306780987627,0
/Users/yti0811/Desktop/FE_data/npj_CM01/NPJ_CM_Fig_Python/Public_Reproducibility_Package_V01/npjcm-free-energy-surrogate_Re3/Python_Codes/table/snapshots_split/beta-TiV_700K_snap00007.extxyz,beta-TiV,700,beta-TiV__700,0.0088472697827104,0.009060656597551064,0.00021338681484066487,0.00021338681484066487,0
/Users/yti0811/Desktop/FE_data/npj_CM01/NPJ_CM_Fig_Python/Public_Reproducibility_Package_V01/npjcm-free-energy-surrogate_Re3/Python_Codes/table/snapshots_split/beta-TiV_700K_snap00008.extxyz,beta-TiV,700,beta-TiV__700,0.0092207029591178,0.00935761756993959,0.00013691461082179085,0.00013691461082179085,0
/Users/yti0811/Desktop/FE_data/npj_CM01/NPJ_CM_Fig_Python/Public_Reproducibility_Package_V01/npjcm-free-energy-surrogate_Re3/Python_Codes/table/snapshots_split/beta-TiV_700K_snap00009.extxyz,beta-TiV,700,beta-TiV__700,0.0094823710496119,0.008949782137304301,-0.000532588912307598,0.000532588912307598,0
/Users/yti0811/Desktop/FE_data/npj_CM01/NPJ_CM_Fig_Python/Public_Reproducibility_Package_V01/npjcm-free-energy-surrogate_Re3/Python_Codes/table/snapshots_split/beta-TiV_700K_snap00010.extxyz,beta-TiV,700,beta-TiV__700,0.0096008536660517,0.008945290632566324,-0.0006555630334853756,0.0006555630334853756,0
/Users/yti0811/Desktop/FE_data/npj_CM01/NPJ_CM_Fig_Python/Public_Reproducibility_Package_V01/npjcm-free-energy-surrogate_Re3/Python_Codes/table/snapshots_split/beta-TiV_700K_snap00011.extxyz,beta-TiV,700,beta-TiV__700,0.0092876061688225,0.008983436692638931,-0.00030416947618356824,0.00030416947618356824,0
/Users/yti0811/Desktop/FE_data/npj_CM01/NPJ_CM_Fig_Python/Public_Reproducibility_Package_V01/npjcm-free-energy-surrogate_Re3/Python_Codes/table/snapshots_split/beta-TiV_700K_snap00012.extxyz,beta-TiV,700,beta-TiV__700,0.0094250927745911,0.008984965132053808,-0.0004401276425372927,0.0004401276425372927,0
/Users/yti0811/Desktop/FE_data/npj_CM01/NPJ_CM_Fig_Python/Public_Reproducibility_Package_V01/npjcm-free-energy-surrogate_Re3/Python_Codes/table/snapshots_split/beta-TiV_700K_snap00013.extxyz,beta-TiV,700,beta-TiV__700,0.0098098862034785,0.009177204098681693,-0.0006326821047968074,0.0006326821047968074,0
/Users/yti0811/Desktop/FE_data/npj_CM01/NPJ_CM_Fig_Python/Public_Reproducibility_Package_V01/npjcm-free-energy-surrogate_Re3/Python_Codes/table/snapshots_split/beta-TiV_700K_snap00014.extxyz,beta-TiV,700,beta-TiV__700,0.0095724366940193,0.00904786790766377,-0.0005245687863555306,0.0005245687863555306,0
/Users/yti0811/Desktop/FE_data/npj_CM01/NPJ_CM_Fig_Python/Public_Reproducibility_Package_V01/npjcm-free-energy-surrogate_Re3/Python_Codes/table/snapshots_split/beta-TiV_700K_snap00015.extxyz,beta-TiV,700,beta-TiV__700,0.0092728889591129,0.009072842979296072,-0.00020004597981682776,0.00020004597981682776,0
/Users/yti0811/Desktop/FE_data/npj_CM01/NPJ_CM_Fig_Python/Public_Reproducibility_Package_V01/npjcm-free-energy-surrogate_Re3/Python_Codes/table/snapshots_split/beta-TiV_700K_snap00016.extxyz,beta-TiV,700,beta-TiV__700,0.0094878210976985,0.008763017218675414,-0.0007248038790230865,0.0007248038790230865,0
/Users/yti0811/Desktop/FE_data/npj_CM01/NPJ_CM_Fig_Python/Public_Reproducibility_Package_V01/npjcm-free-energy-surrogate_Re3/Python_Codes/table/snapshots_split/beta-TiV_700K_snap00017.extxyz,beta-TiV,700,beta-TiV__700,0.0088007913754942,0.00930669341130455,0.0005059020358103503,0.0005059020358103503,0
/Users/yti0811/Desktop/FE_data/npj_CM01/NPJ_CM_Fig_Python/Public_Reproducibility_Package_V01/npjcm-free-energy-surrogate_Re3/Python_Codes/table/snapshots_split/beta-TiV_700K_snap00018.extxyz,beta-TiV,700,beta-TiV__700,0.009568198477256,0.008964543652317669,-0.0006036548249383315,0.0006036548249383315,0
/Users/yti0811/Desktop/FE_data/npj_CM01/NPJ_CM_Fig_Python/Public_Reproducibility_Package_V01/npjcm-free-energy-surrogate_Re3/Python_Codes/table/snapshots_split/beta-TiV_700K_snap00019.extxyz,beta-TiV,700,beta-TiV__700,0.0089031073461545,0.00915380627656783,0.0002506989304133303,0.0002506989304133303,0
/Users/yti0811/Desktop/FE_data/npj_CM01/NPJ_CM_Fig_Python/Public_Reproducibility_Package_V01/npjcm-free-energy-surrogate_Re3/Python_Codes/table/snapshots_split/beta-TiV_700K_snap00020.extxyz,beta-TiV,700,beta-TiV__700,0.0092741993357619,0.009363272367334722,8.907303157282276e-05,8.907303157282276e-05,0
/Users/yti0811/Desktop/FE_data/npj_CM01/NPJ_CM_Fig_Python/Public_Reproducibility_Package_V01/npjcm-free-energy-surrogate_Re3/Python_Codes/table/snapshots_split/beta-TiV_700K_snap00021.extxyz,beta-TiV,700,beta-TiV__700,0.009896233104824,0.008845539759762927,-0.0010506933450610718,0.0010506933450610718,0
/Users/yti0811/Desktop/FE_data/npj_CM01/NPJ_CM_Fig_Python/Public_Reproducibility_Package_V01/npjcm-free-energy-surrogate_Re3/Python_Codes/table/snapshots_split/beta-TiV_700K_snap00022.extxyz,beta-TiV,700,beta-TiV__700,0.0090623869979451,0.00904944116016082,-1.2945837784279768e-05,1.2945837784279768e-05,0
/Users/yti0811/Desktop/FE_data/npj_CM01/NPJ_CM_Fig_Python/Public_Reproducibility_Package_V01/npjcm-free-energy-surrogate_Re3/Python_Codes/table/snapshots_split/beta-TiV_700K_snap00023.extxyz,beta-TiV,700,beta-TiV__700,0.0093024753165036,0.009086785437924821,-0.00021568987857877898,0.00021568987857877898,0
/Users/yti0811/Desktop/FE_data/npj_CM01/NPJ_CM_Fig_Python/Public_Reproducibility_Package_V01/npjcm-free-energy-surrogate_Re3/Python_Codes/table/snapshots_split/beta-TiV_700K_snap00024.extxyz,beta-TiV,700,beta-TiV__700,0.0088151450364793,0.009028432801324177,0.00021328776484487617,0.00021328776484487617,0
/Users/yti0811/Desktop/FE_data/npj_CM01/NPJ_CM_Fig_Python/Public_Reproducibility_Package_V01/npjcm-free-energy-surrogate_Re3/Python_Codes/table/snapshots_split/beta-TiV_700K_snap00025.extxyz,beta-TiV,700,beta-TiV__700,0.0092554170031092,0.008891737379372808,-0.00036367962373639283,0.00036367962373639283,0
/Users/yti0811/Desktop/FE_data/npj_CM01/NPJ_CM_Fig_Python/Public_Reproducibility_Package_V01/npjcm-free-energy-surrogate_Re3/Python_Codes/table/snapshots_split/beta-TiV_700K_snap00026.extxyz,beta-TiV,700,beta-TiV__700,0.0095931414249046,0.009097725379960264,-0.0004954160449443367,0.0004954160449443367,0
/Users/yti0811/Desktop/FE_data/npj_CM01/NPJ_CM_Fig_Python/Public_Reproducibility_Package_V01/npjcm-free-energy-surrogate_Re3/Python_Codes/table/snapshots_split/beta-TiV_700K_snap00027.extxyz,beta-TiV,700,beta-TiV__700,0.0091740972582352,0.008975250930188793,-0.0001988463280464068,0.0001988463280464068,0
/Users/yti0811/Desktop/FE_data/npj_CM01/NPJ_CM_Fig_Python/Public_Reproducibility_Package_V01/npjcm-free-energy-surrogate_Re3/Python_Codes/table/snapshots_split/beta-TiV_700K_snap00028.extxyz,beta-TiV,700,beta-TiV__700,0.0088638951665996,0.009360561619189712,0.000496666452590111,0.000496666452590111,0
/Users/yti0811/Desktop/FE_data/npj_CM01/NPJ_CM_Fig_Python/Public_Reproducibility_Package_V01/npjcm-free-energy-surrogate_Re3/Python_Codes/table/snapshots_split/beta-TiV_700K_snap00029.extxyz,beta-TiV,700,beta-TiV__700,0.0091123591340827,0.008972778306723455,-0.0001395808273592456,0.0001395808273592456,0
/Users/yti0811/Desktop/FE_data/npj_CM01/NPJ_CM_Fig_Python/Public_Reproducibility_Package_V01/npjcm-free-energy-surrogate_Re3/Python_Codes/table/snapshots_split/beta-TiV_700K_snap00030.extxyz,beta-TiV,700,beta-TiV__700,0.0089087882038348,0.00910216587736683,0.00019337767353203028,0.00019337767353203028,0
/Users/yti0811/Desktop/FE_data/npj_CM01/NPJ_CM_Fig_Python/Public_Reproducibility_Package_V01/npjcm-free-energy-surrogate_Re3/Python_Codes/table/snapshots_split/beta-TiV_700K_snap00031.extxyz,beta-TiV,700,beta-TiV__700,0.008900467667605,0.00929386765078871,0.00039339998318371067,0.00039339998318371067,0
/Users/yti0811/Desktop/FE_data/npj_CM01/NPJ_CM_Fig_Python/Public_Reproducibility_Package_V01/npjcm-free-energy-surrogate_Re3/Python_Codes/table/snapshots_split/beta-TiV_700K_snap00032.extxyz,beta-TiV,700,beta-TiV__700,0.0093021619860247,0.008653542443536114,-0.0006486195424885849,0.0006486195424885849,0
/Users/yti0811/Desktop/FE_data/npj_CM01/NPJ_CM_Fig_Python/Public_Reproducibility_Package_V01/npjcm-free-energy-surrogate_Re3/Python_Codes/table/snapshots_split/beta-TiV_700K_snap00033.extxyz,beta-TiV,700,beta-TiV__700,0.0091419694213581,0.009060560783195412,-8.140863816268745e-05,8.140863816268745e-05,0
/Users/yti0811/Desktop/FE_data/npj_CM01/NPJ_CM_Fig_Python/Public_Reproducibility_Package_V01/npjcm-free-energy-surrogate_Re3/Python_Codes/table/snapshots_split/beta-TiV_700K_snap00034.extxyz,beta-TiV,700,beta-TiV__700,0.0089973698679044,0.009239173717152747,0.0002418038492483475,0.0002418038492483475,0
/Users/yti0811/Desktop/FE_data/npj_CM01/NPJ_CM_Fig_Python/Public_Reproducibility_Package_V01/npjcm-free-energy-surrogate_Re3/Python_Codes/table/snapshots_split/beta-TiV_700K_snap00035.extxyz,beta-TiV,700,beta-TiV__700,0.0094895682627938,0.009103991148241028,-0.0003855771145527716,0.0003855771145527716,0
/Users/yti0811/Desktop/FE_data/npj_CM01/NPJ_CM_Fig_Python/Public_Reproducibility_Package_V01/npjcm-free-energy-surrogate_Re3/Python_Codes/table/snapshots_split/beta-TiV_700K_snap00036.extxyz,beta-TiV,700,beta-TiV__700,0.0094932714311444,0.009082358950815245,-0.00041091248032915605,0.00041091248032915605,0
/Users/yti0811/Desktop/FE_data/npj_CM01/NPJ_CM_Fig_Python/Public_Reproducibility_Package_V01/npjcm-free-energy-surrogate_Re3/Python_Codes/table/snapshots_split/beta-TiV_700K_snap00037.extxyz,beta-TiV,700,beta-TiV__700,0.0093095956739628,0.008874755020678395,-0.0004348406532844046,0.0004348406532844046,0
/Users/yti0811/Desktop/FE_data/npj_CM01/NPJ_CM_Fig_Python/Public_Reproducibility_Package_V01/npjcm-free-energy-surrogate_Re3/Python_Codes/table/snapshots_split/beta-TiV_700K_snap00038.extxyz,beta-TiV,700,beta-TiV__700,0.0093793199930003,0.008848148261124067,-0.0005311717318762336,0.0005311717318762336,0
/Users/yti0811/Desktop/FE_data/npj_CM01/NPJ_CM_Fig_Python/Public_Reproducibility_Package_V01/npjcm-free-energy-surrogate_Re3/Python_Codes/table/snapshots_split/beta-TiV_700K_snap00039.extxyz,beta-TiV,700,beta-TiV__700,0.009747012241686,0.009041475031481781,-0.0007055372102042195,0.0007055372102042195,0
/Users/yti0811/Desktop/FE_data/npj_CM01/NPJ_CM_Fig_Python/Public_Reproducibility_Package_V01/npjcm-free-energy-surrogate_Re3/Python_Codes/table/snapshots_split/beta-TiV_700K_snap00040.extxyz,beta-TiV,700,beta-TiV__700,0.0095188446027177,0.008978208908649398,-0.0005406356940683022,0.0005406356940683022,0
/Users/yti0811/Desktop/FE_data/npj_CM01/NPJ_CM_Fig_Python/Public_Reproducibility_Package_V01/npjcm-free-energy-surrogate_Re3/Python_Codes/table/snapshots_split/beta-TiV_700K_snap00041.extxyz,beta-TiV,700,beta-TiV__700,0.0095164521248476,0.009066990924257771,-0.0004494612005898277,0.0004494612005898277,0
/Users/yti0811/Desktop/FE_data/npj_CM01/NPJ_CM_Fig_Python/Public_Reproducibility_Package_V01/npjcm-free-energy-surrogate_Re3/Python_Codes/table/snapshots_split/beta-TiV_700K_snap00042.extxyz,beta-TiV,700,beta-TiV__700,0.0091259787964974,0.0088736958028644,-0.0002522829936329983,0.0002522829936329983,0
/Users/yti0811/Desktop/FE_data/npj_CM01/NPJ_CM_Fig_Python/Public_Reproducibility_Package_V01/npjcm-free-energy-surrogate_Re3/Python_Codes/table/snapshots_split/beta-TiV_700K_snap00043.extxyz,beta-TiV,700,beta-TiV__700,0.0092303560101172,0.009262615516347062,3.225950622986161e-05,3.225950622986161e-05,0
/Users/yti0811/Desktop/FE_data/npj_CM01/NPJ_CM_Fig_Python/Public_Reproducibility_Package_V01/npjcm-free-energy-surrogate_Re3/Python_Codes/table/snapshots_split/beta-TiV_700K_snap00044.extxyz,beta-TiV,700,beta-TiV__700,0.0088811423387274,0.009327507571250901,0.0004463652325235011,0.0004463652325235011,0
/Users/yti0811/Desktop/FE_data/npj_CM01/NPJ_CM_Fig_Python/Public_Reproducibility_Package_V01/npjcm-free-energy-surrogate_Re3/Python_Codes/table/snapshots_split/beta-TiV_700K_snap00045.extxyz,beta-TiV,700,beta-TiV__700,0.0093587301672813,0.009299909239282088,-5.882092799921329e-05,5.882092799921329e-05,0
/Users/yti0811/Desktop/FE_data/npj_CM01/NPJ_CM_Fig_Python/Public_Reproducibility_Package_V01/npjcm-free-energy-surrogate_Re3/Python_Codes/table/snapshots_split/beta-TiV_700K_snap00046.extxyz,beta-TiV,700,beta-TiV__700,0.0092024068963765,0.009165010033404914,-3.7396862971586856e-05,3.7396862971586856e-05,0
/Users/yti0811/Desktop/FE_data/npj_CM01/NPJ_CM_Fig_Python/Public_Reproducibility_Package_V01/npjcm-free-energy-surrogate_Re3/Python_Codes/table/snapshots_split/beta-TiV_700K_snap00047.extxyz,beta-TiV,700,beta-TiV__700,0.009613265364002,0.009122411807243559,-0.0004908535567584409,0.0004908535567584409,0
/Users/yti0811/Desktop/FE_data/npj_CM01/NPJ_CM_Fig_Python/Public_Reproducibility_Package_V01/npjcm-free-energy-surrogate_Re3/Python_Codes/table/snapshots_split/beta-TiV_700K_snap00048.extxyz,beta-TiV,700,beta-TiV__700,0.0095384163454881,0.008856080732300852,-0.0006823356131872467,0.0006823356131872467,0
/Users/yti0811/Desktop/FE_data/npj_CM01/NPJ_CM_Fig_Python/Public_Reproducibility_Package_V01/npjcm-free-energy-surrogate_Re3/Python_Codes/table/snapshots_split/beta-TiV_700K_snap00049.extxyz,beta-TiV,700,beta-TiV__700,0.0089214570226723,0.009171440050615822,0.00024998302794352126,0.00024998302794352126,0
/Users/yti0811/Desktop/FE_data/npj_CM01/NPJ_CM_Fig_Python/Public_Reproducibility_Package_V01/npjcm-free-energy-surrogate_Re3/Python_Codes/table/snapshots_split/beta-TiV_700K_snap00050.extxyz,beta-TiV,700,beta-TiV__700,0.0092272610943536,0.009140305161867585,-8.695593248601516e-05,8.695593248601516e-05,0
/Users/yti0811/Desktop/FE_data/npj_CM01/NPJ_CM_Fig_Python/Public_Reproducibility_Package_V01/npjcm-free-energy-surrogate_Re3/Python_Codes/table/snapshots_split/beta-TiV_700K_snap00051.extxyz,beta-TiV,700,beta-TiV__700,0.009309513066148,0.008850584462540632,-0.000458928603607368,0.000458928603607368,0
/Users/yti0811/Desktop/FE_data/npj_CM01/NPJ_CM_Fig_Python/Public_Reproducibility_Package_V01/npjcm-free-energy-surrogate_Re3/Python_Codes/table/snapshots_split/beta-TiV_700K_snap00052.extxyz,beta-TiV,700,beta-TiV__700,0.0088609649484124,0.00920788958093111,0.0003469246325187112,0.0003469246325187112,0
/Users/yti0811/Desktop/FE_data/npj_CM01/NPJ_CM_Fig_Python/Public_Reproducibility_Package_V01/npjcm-free-energy-surrogate_Re3/Python_Codes/table/snapshots_split/beta-TiV_700K_snap00053.extxyz,beta-TiV,700,beta-TiV__700,0.0087035756764797,0.009378714091432656,0.0006751384149529562,0.0006751384149529562,0
/Users/yti0811/Desktop/FE_data/npj_CM01/NPJ_CM_Fig_Python/Public_Reproducibility_Package_V01/npjcm-free-energy-surrogate_Re3/Python_Codes/table/snapshots_split/beta-TiV_700K_snap00054.extxyz,beta-TiV,700,beta-TiV__700,0.0095029529740336,0.009141226636627036,-0.0003617263374065642,0.0003617263374065642,0
/Users/yti0811/Desktop/FE_data/npj_CM01/NPJ_CM_Fig_Python/Public_Reproducibility_Package_V01/npjcm-free-energy-surrogate_Re3/Python_Codes/table/snapshots_split/beta-TiV_700K_snap00055.extxyz,beta-TiV,700,beta-TiV__700,0.00964717752382,0.009000871786493194,-0.0006463057373268053,0.0006463057373268053,0
/Users/yti0811/Desktop/FE_data/npj_CM01/NPJ_CM_Fig_Python/Public_Reproducibility_Package_V01/npjcm-free-energy-surrogate_Re3/Python_Codes/table/snapshots_split/beta-TiV_700K_snap00056.extxyz,beta-TiV,700,beta-TiV__700,0.0087850737896107,0.008890592110241643,0.00010551832063094256,0.00010551832063094256,0
/Users/yti0811/Desktop/FE_data/npj_CM01/NPJ_CM_Fig_Python/Public_Reproducibility_Package_V01/npjcm-free-energy-surrogate_Re3/Python_Codes/table/snapshots_split/beta-TiV_700K_snap00057.extxyz,beta-TiV,700,beta-TiV__700,0.009253087508329,0.009070789283301343,-0.0001822982250276571,0.0001822982250276571,0
/Users/yti0811/Desktop/FE_data/npj_CM01/NPJ_CM_Fig_Python/Public_Reproducibility_Package_V01/npjcm-free-energy-surrogate_Re3/Python_Codes/table/snapshots_split/beta-TiV_700K_snap00058.extxyz,beta-TiV,700,beta-TiV__700,0.0090269248122212,0.008857005588721184,-0.00016991922350001638,0.00016991922350001638,0
/Users/yti0811/Desktop/FE_data/npj_CM01/NPJ_CM_Fig_Python/Public_Reproducibility_Package_V01/npjcm-free-energy-surrogate_Re3/Python_Codes/table/snapshots_split/beta-TiV_700K_snap00059.extxyz,beta-TiV,700,beta-TiV__700,0.0096940264163738,0.009227713927840345,-0.000466312488533455,0.000466312488533455,0
/Users/yti0811/Desktop/FE_data/npj_CM01/NPJ_CM_Fig_Python/Public_Reproducibility_Package_V01/npjcm-free-energy-surrogate_Re3/Python_Codes/table/snapshots_split/beta-TiV_700K_snap00060.extxyz,beta-TiV,700,beta-TiV__700,0.0092631777647176,0.009231560602465255,-3.161716225234465e-05,3.161716225234465e-05,0
/Users/yti0811/Desktop/FE_data/npj_CM01/NPJ_CM_Fig_Python/Public_Reproducibility_Package_V01/npjcm-free-energy-surrogate_Re3/Python_Codes/table/snapshots_split/beta-TiV_700K_snap00061.extxyz,beta-TiV,700,beta-TiV__700,0.0089967725949675,0.009451217118192195,0.0004544445232246945,0.0004544445232246945,0
/Users/yti0811/Desktop/FE_data/npj_CM01/NPJ_CM_Fig_Python/Public_Reproducibility_Package_V01/npjcm-free-energy-surrogate_Re3/Python_Codes/table/snapshots_split/beta-TiV_700K_snap00062.extxyz,beta-TiV,700,beta-TiV__700,0.0095399066189048,0.009189133051293949,-0.0003507735676108511,0.0003507735676108511,0
/Users/yti0811/Desktop/FE_data/npj_CM01/NPJ_CM_Fig_Python/Public_Reproducibility_Package_V01/npjcm-free-energy-surrogate_Re3/Python_Codes/table/snapshots_split/beta-TiV_700K_snap00063.extxyz,beta-TiV,700,beta-TiV__700,0.0095049806320653,0.00885097134415593,-0.0006540092879093705,0.0006540092879093705,0
/Users/yti0811/Desktop/FE_data/npj_CM01/NPJ_CM_Fig_Python/Public_Reproducibility_Package_V01/npjcm-free-energy-surrogate_Re3/Python_Codes/table/snapshots_split/beta-TiV_700K_snap00064.extxyz,beta-TiV,700,beta-TiV__700,0.0091207567935056,0.009046507365184895,-7.424942832070548e-05,7.424942832070548e-05,0
/Users/yti0811/Desktop/FE_data/npj_CM01/NPJ_CM_Fig_Python/Public_Reproducibility_Package_V01/npjcm-free-energy-surrogate_Re3/Python_Codes/table/snapshots_split/beta-TiV_700K_snap00065.extxyz,beta-TiV,700,beta-TiV__700,0.0088342455373163,0.009524565132099441,0.0006903195947831411,0.0006903195947831411,0
/Users/yti0811/Desktop/FE_data/npj_CM01/NPJ_CM_Fig_Python/Public_Reproducibility_Package_V01/npjcm-free-energy-surrogate_Re3/Python_Codes/table/snapshots_split/beta-TiV_700K_snap00066.extxyz,beta-TiV,700,beta-TiV__700,0.0089462772934887,0.008948881786312902,2.6044928242031223e-06,2.6044928242031223e-06,0
/Users/yti0811/Desktop/FE_data/npj_CM01/NPJ_CM_Fig_Python/Public_Reproducibility_Package_V01/npjcm-free-energy-surrogate_Re3/Python_Codes/table/snapshots_split/beta-TiV_700K_snap00067.extxyz,beta-TiV,700,beta-TiV__700,0.0089226950435874,0.009074446928201753,0.00015175188461435257,0.00015175188461435257,0
/Users/yti0811/Desktop/FE_data/npj_CM01/NPJ_CM_Fig_Python/Public_Reproducibility_Package_V01/npjcm-free-energy-surrogate_Re3/Python_Codes/table/snapshots_split/beta-TiV_700K_snap00068.extxyz,beta-TiV,700,beta-TiV__700,0.0093682232777239,0.009237484222542041,-0.0001307390551818586,0.0001307390551818586,0
/Users/yti0811/Desktop/FE_data/npj_CM01/NPJ_CM_Fig_Python/Public_Reproducibility_Package_V01/npjcm-free-energy-surrogate_Re3/Python_Codes/table/snapshots_split/beta-TiV_700K_snap00069.extxyz,beta-TiV,700,beta-TiV__700,0.0090797824903659,0.009148941238630933,6.915874826503299e-05,6.915874826503299e-05,0
/Users/yti0811/Desktop/FE_data/npj_CM01/NPJ_CM_Fig_Python/Public_Reproducibility_Package_V01/npjcm-free-energy-surrogate_Re3/Python_Codes/table/snapshots_split/beta-TiV_700K_snap00070.extxyz,beta-TiV,700,beta-TiV__700,0.0094391226954864,0.009240625764580696,-0.00019849693090570435,0.00019849693090570435,0
/Users/yti0811/Desktop/FE_data/npj_CM01/NPJ_CM_Fig_Python/Public_Reproducibility_Package_V01/npjcm-free-energy-surrogate_Re3/Python_Codes/table/snapshots_split/beta-TiV_700K_snap00071.extxyz,beta-TiV,700,beta-TiV__700,0.0090935200869861,0.008943640423651457,-0.00014987966333464275,0.00014987966333464275,0
/Users/yti0811/Desktop/FE_data/npj_CM01/NPJ_CM_Fig_Python/Public_Reproducibility_Package_V01/npjcm-free-energy-surrogate_Re3/Python_Codes/table/snapshots_split/beta-TiV_700K_snap00072.extxyz,beta-TiV,700,beta-TiV__700,0.0091624205458622,0.009288977158238378,0.00012655661237617744,0.00012655661237617744,0
/Users/yti0811/Desktop/FE_data/npj_CM01/NPJ_CM_Fig_Python/Public_Reproducibility_Package_V01/npjcm-free-energy-surrogate_Re3/Python_Codes/table/snapshots_split/beta-TiV_700K_snap00073.extxyz,beta-TiV,700,beta-TiV__700,0.0090441496523452,0.009176225003278483,0.00013207535093328303,0.00013207535093328303,0
/Users/yti0811/Desktop/FE_data/npj_CM01/NPJ_CM_Fig_Python/Public_Reproducibility_Package_V01/npjcm-free-energy-surrogate_Re3/Python_Codes/table/snapshots_split/beta-TiV_700K_snap00074.extxyz,beta-TiV,700,beta-TiV__700,0.0095134310887623,0.008973742567316877,-0.0005396885214454233,0.0005396885214454233,0
/Users/yti0811/Desktop/FE_data/npj_CM01/NPJ_CM_Fig_Python/Public_Reproducibility_Package_V01/npjcm-free-energy-surrogate_Re3/Python_Codes/table/snapshots_split/beta-TiV_700K_snap00075.extxyz,beta-TiV,700,beta-TiV__700,0.0089542816848411,0.009083900474418462,0.00012961878957736157,0.00012961878957736157,0
/Users/yti0811/Desktop/FE_data/npj_CM01/NPJ_CM_Fig_Python/Public_Reproducibility_Package_V01/npjcm-free-energy-surrogate_Re3/Python_Codes/table/snapshots_split/beta-TiV_700K_snap00076.extxyz,beta-TiV,700,beta-TiV__700,0.0093819866382099,0.009147949185161278,-0.00023403745304862236,0.00023403745304862236,0
/Users/yti0811/Desktop/FE_data/npj_CM01/NPJ_CM_Fig_Python/Public_Reproducibility_Package_V01/npjcm-free-energy-surrogate_Re3/Python_Codes/table/snapshots_split/beta-TiV_700K_snap00077.extxyz,beta-TiV,700,beta-TiV__700,0.009206890465433,0.00893848065874783,-0.00026840980668517075,0.00026840980668517075,0
/Users/yti0811/Desktop/FE_data/npj_CM01/NPJ_CM_Fig_Python/Public_Reproducibility_Package_V01/npjcm-free-energy-surrogate_Re3/Python_Codes/table/snapshots_split/beta-TiV_700K_snap00078.extxyz,beta-TiV,700,beta-TiV__700,0.0094985677459738,0.00909737841632016,-0.00040118932965363917,0.00040118932965363917,0
/Users/yti0811/Desktop/FE_data/npj_CM01/NPJ_CM_Fig_Python/Public_Reproducibility_Package_V01/npjcm-free-energy-surrogate_Re3/Python_Codes/table/snapshots_split/beta-TiV_700K_snap00079.extxyz,beta-TiV,700,beta-TiV__700,0.0095246030746872,0.008863498594305914,-0.000661104480381286,0.000661104480381286,0
/Users/yti0811/Desktop/FE_data/npj_CM01/NPJ_CM_Fig_Python/Public_Reproducibility_Package_V01/npjcm-free-energy-surrogate_Re3/Python_Codes/table/snapshots_split/beta-TiV_700K_snap00080.extxyz,beta-TiV,700,beta-TiV__700,0.0086884726382899,0.009238548278358415,0.0005500756400685161,0.0005500756400685161,0
/Users/yti0811/Desktop/FE_data/npj_CM01/NPJ_CM_Fig_Python/Public_Reproducibility_Package_V01/npjcm-free-energy-surrogate_Re3/Python_Codes/table/snapshots_split/beta-TiV_700K_snap00081.extxyz,beta-TiV,700,beta-TiV__700,0.0087771377156713,0.009119906595114515,0.00034276887944321467,0.00034276887944321467,0
/Users/yti0811/Desktop/FE_data/npj_CM01/NPJ_CM_Fig_Python/Public_Reproducibility_Package_V01/npjcm-free-energy-surrogate_Re3/Python_Codes/table/snapshots_split/beta-TiV_700K_snap00082.extxyz,beta-TiV,700,beta-TiV__700,0.0096548606116553,0.009290178291894647,-0.00036468231976065357,0.00036468231976065357,0
/Users/yti0811/Desktop/FE_data/npj_CM01/NPJ_CM_Fig_Python/Public_Reproducibility_Package_V01/npjcm-free-energy-surrogate_Re3/Python_Codes/table/snapshots_split/beta-TiV_700K_snap00083.extxyz,beta-TiV,700,beta-TiV__700,0.0087633152621518,0.008957614690413401,0.00019429942826160174,0.00019429942826160174,0
/Users/yti0811/Desktop/FE_data/npj_CM01/NPJ_CM_Fig_Python/Public_Reproducibility_Package_V01/npjcm-free-energy-surrogate_Re3/Python_Codes/table/snapshots_split/beta-TiV_700K_snap00084.extxyz,beta-TiV,700,beta-TiV__700,0.0092344881758495,0.008843975293244056,-0.00039051288260544444,0.00039051288260544444,0
/Users/yti0811/Desktop/FE_data/npj_CM01/NPJ_CM_Fig_Python/Public_Reproducibility_Package_V01/npjcm-free-energy-surrogate_Re3/Python_Codes/table/snapshots_split/beta-TiV_700K_snap00085.extxyz,beta-TiV,700,beta-TiV__700,0.0091751269802318,0.009221517450868839,4.639047063703834e-05,4.639047063703834e-05,0
/Users/yti0811/Desktop/FE_data/npj_CM01/NPJ_CM_Fig_Python/Public_Reproducibility_Package_V01/npjcm-free-energy-surrogate_Re3/Python_Codes/table/snapshots_split/beta-TiV_700K_snap00086.extxyz,beta-TiV,700,beta-TiV__700,0.0089855879182725,0.008934150371781873,-5.143754649062672e-05,5.143754649062672e-05,0
/Users/yti0811/Desktop/FE_data/npj_CM01/NPJ_CM_Fig_Python/Public_Reproducibility_Package_V01/npjcm-free-energy-surrogate_Re3/Python_Codes/table/snapshots_split/beta-TiV_700K_snap00087.extxyz,beta-TiV,700,beta-TiV__700,0.0096183126765157,0.00906420066344544,-0.0005541120130702591,0.0005541120130702591,0
/Users/yti0811/Desktop/FE_data/npj_CM01/NPJ_CM_Fig_Python/Public_Reproducibility_Package_V01/npjcm-free-energy-surrogate_Re3/Python_Codes/table/snapshots_split/beta-TiV_700K_snap00088.extxyz,beta-TiV,700,beta-TiV__700,0.0094828191416314,0.009374801825498899,-0.00010801731613250057,0.00010801731613250057,0
/Users/yti0811/Desktop/FE_data/npj_CM01/NPJ_CM_Fig_Python/Public_Reproducibility_Package_V01/npjcm-free-energy-surrogate_Re3/Python_Codes/table/snapshots_split/beta-TiV_700K_snap00089.extxyz,beta-TiV,700,beta-TiV__700,0.0092578239647205,0.009341065449298275,8.3241484577775e-05,8.3241484577775e-05,0
/Users/yti0811/Desktop/FE_data/npj_CM01/NPJ_CM_Fig_Python/Public_Reproducibility_Package_V01/npjcm-free-energy-surrogate_Re3/Python_Codes/table/snapshots_split/beta-TiV_700K_snap00090.extxyz,beta-TiV,700,beta-TiV__700,0.0087972175325837,0.008898255893573312,0.00010103836098961094,0.00010103836098961094,0
/Users/yti0811/Desktop/FE_data/npj_CM01/NPJ_CM_Fig_Python/Public_Reproducibility_Package_V01/npjcm-free-energy-surrogate_Re3/Python_Codes/table/snapshots_split/beta-TiV_700K_snap00091.extxyz,beta-TiV,700,beta-TiV__700,0.0084315228085929,0.008999442522311331,0.0005679197137184316,0.0005679197137184316,0
/Users/yti0811/Desktop/FE_data/npj_CM01/NPJ_CM_Fig_Python/Public_Reproducibility_Package_V01/npjcm-free-energy-surrogate_Re3/Python_Codes/table/snapshots_split/beta-TiV_700K_snap00092.extxyz,beta-TiV,700,beta-TiV__700,0.0091885733878139,0.009070269978460608,-0.000118303409353291,0.000118303409353291,0
/Users/yti0811/Desktop/FE_data/npj_CM01/NPJ_CM_Fig_Python/Public_Reproducibility_Package_V01/npjcm-free-energy-surrogate_Re3/Python_Codes/table/snapshots_split/beta-TiV_700K_snap00093.extxyz,beta-TiV,700,beta-TiV__700,0.0088132731234263,0.008854849638032767,4.157651460646658e-05,4.157651460646658e-05,0
/Users/yti0811/Desktop/FE_data/npj_CM01/NPJ_CM_Fig_Python/Public_Reproducibility_Package_V01/npjcm-free-energy-surrogate_Re3/Python_Codes/table/snapshots_split/beta-TiV_700K_snap00094.extxyz,beta-TiV,700,beta-TiV__700,0.0087521671192141,0.00907068970091315,0.00031852258169904994,0.00031852258169904994,0
/Users/yti0811/Desktop/FE_data/npj_CM01/NPJ_CM_Fig_Python/Public_Reproducibility_Package_V01/npjcm-free-energy-surrogate_Re3/Python_Codes/table/snapshots_split/beta-TiV_700K_snap00095.extxyz,beta-TiV,700,beta-TiV__700,0.0090958422578444,0.008819640405501173,-0.00027620185234322747,0.00027620185234322747,0
/Users/yti0811/Desktop/FE_data/npj_CM01/NPJ_CM_Fig_Python/Public_Reproducibility_Package_V01/npjcm-free-energy-surrogate_Re3/Python_Codes/table/snapshots_split/beta-TiV_700K_snap00096.extxyz,beta-TiV,700,beta-TiV__700,0.0094507004238171,0.00928614214765763,-0.0001645582761594707,0.0001645582761594707,0
/Users/yti0811/Desktop/FE_data/npj_CM01/NPJ_CM_Fig_Python/Public_Reproducibility_Package_V01/npjcm-free-energy-surrogate_Re3/Python_Codes/table/snapshots_split/beta-TiV_700K_snap00097.extxyz,beta-TiV,700,beta-TiV__700,0.0088499645192777,0.009126167504297355,0.0002762029850196541,0.0002762029850196541,0
/Users/yti0811/Desktop/FE_data/npj_CM01/NPJ_CM_Fig_Python/Public_Reproducibility_Package_V01/npjcm-free-energy-surrogate_Re3/Python_Codes/table/snapshots_split/beta-TiV_700K_snap00098.extxyz,beta-TiV,700,beta-TiV__700,0.0094790358793448,0.009306816985098448,-0.00017221889424635234,0.00017221889424635234,0
/Users/yti0811/Desktop/FE_data/npj_CM01/NPJ_CM_Fig_Python/Public_Reproducibility_Package_V01/npjcm-free-energy-surrogate_Re3/Python_Codes/table/snapshots_split/beta-TiV_700K_snap00099.extxyz,beta-TiV,700,beta-TiV__700,0.009076503036596,0.009566279291653363,0.0004897762550573632,0.0004897762550573632,0
/Users/yti0811/Desktop/FE_data/npj_CM01/NPJ_CM_Fig_Python/Public_Reproducibility_Package_V01/npjcm-free-energy-surrogate_Re3/Python_Codes/table/snapshots_split/Ti64_300K_snap00000.extxyz,Ti64,300,Ti64__300,5.212836613365078e-05,0.0006774451925572054,0.0006253168264235546,0.0006253168264235546,2
/Users/yti0811/Desktop/FE_data/npj_CM01/NPJ_CM_Fig_Python/Public_Reproducibility_Package_V01/npjcm-free-energy-surrogate_Re3/Python_Codes/table/snapshots_split/Ti64_300K_snap00001.extxyz,Ti64,300,Ti64__300,7.951094878265159e-06,0.0004584769654056357,0.0004505258705273705,0.0004505258705273705,2
/Users/yti0811/Desktop/FE_data/npj_CM01/NPJ_CM_Fig_Python/Public_Reproducibility_Package_V01/npjcm-free-energy-surrogate_Re3/Python_Codes/table/snapshots_split/Ti64_300K_snap00002.extxyz,Ti64,300,Ti64__300,0.0001991579077162,0.0005933804170258154,0.0003942225093096154,0.0003942225093096154,2
/Users/yti0811/Desktop/FE_data/npj_CM01/NPJ_CM_Fig_Python/Public_Reproducibility_Package_V01/npjcm-free-energy-surrogate_Re3/Python_Codes/table/snapshots_split/Ti64_300K_snap00003.extxyz,Ti64,300,Ti64__300,-0.0001231262965524,0.00028954591024140573,0.0004126722067938057,0.0004126722067938057,2
/Users/yti0811/Desktop/FE_data/npj_CM01/NPJ_CM_Fig_Python/Public_Reproducibility_Package_V01/npjcm-free-energy-surrogate_Re3/Python_Codes/table/snapshots_split/Ti64_300K_snap00004.extxyz,Ti64,300,Ti64__300,-1.855395364659564e-05,0.000354737954812454,0.0003732919084590497,0.0003732919084590497,2
/Users/yti0811/Desktop/FE_data/npj_CM01/NPJ_CM_Fig_Python/Public_Reproducibility_Package_V01/npjcm-free-energy-surrogate_Re3/Python_Codes/table/snapshots_split/Ti64_300K_snap00005.extxyz,Ti64,300,Ti64__300,-9.34515222941318e-05,0.0003013604867061676,0.0003948120090002994,0.0003948120090002994,2
/Users/yti0811/Desktop/FE_data/npj_CM01/NPJ_CM_Fig_Python/Public_Reproducibility_Package_V01/npjcm-free-energy-surrogate_Re3/Python_Codes/table/snapshots_split/Ti64_300K_snap00006.extxyz,Ti64,300,Ti64__300,-5.8682333312866665e-05,0.000368342741855162,0.0004270250751680287,0.0004270250751680287,2
/Users/yti0811/Desktop/FE_data/npj_CM01/NPJ_CM_Fig_Python/Public_Reproducibility_Package_V01/npjcm-free-energy-surrogate_Re3/Python_Codes/table/snapshots_split/Ti64_300K_snap00007.extxyz,Ti64,300,Ti64__300,1.8917264986249555e-05,0.0006549316275965193,0.0006360143626102698,0.0006360143626102698,2
/Users/yti0811/Desktop/FE_data/npj_CM01/NPJ_CM_Fig_Python/Public_Reproducibility_Package_V01/npjcm-free-energy-surrogate_Re3/Python_Codes/table/snapshots_split/Ti64_300K_snap00008.extxyz,Ti64,300,Ti64__300,1.938006871581131e-05,0.00035974341376173265,0.00034036334504592135,0.00034036334504592135,2
/Users/yti0811/Desktop/FE_data/npj_CM01/NPJ_CM_Fig_Python/Public_Reproducibility_Package_V01/npjcm-free-energy-surrogate_Re3/Python_Codes/table/snapshots_split/Ti64_300K_snap00009.extxyz,Ti64,300,Ti64__300,0.0001554903429681,0.0003635145988620045,0.00020802425589390447,0.00020802425589390447,2
/Users/yti0811/Desktop/FE_data/npj_CM01/NPJ_CM_Fig_Python/Public_Reproducibility_Package_V01/npjcm-free-energy-surrogate_Re3/Python_Codes/table/snapshots_split/Ti64_300K_snap00010.extxyz,Ti64,300,Ti64__300,-1.0438857201990353e-05,0.0005492052984301767,0.0005596441556321671,0.0005596441556321671,2
/Users/yti0811/Desktop/FE_data/npj_CM01/NPJ_CM_Fig_Python/Public_Reproducibility_Package_V01/npjcm-free-energy-surrogate_Re3/Python_Codes/table/snapshots_split/Ti64_300K_snap00011.extxyz,Ti64,300,Ti64__300,2.976799190056277e-05,0.0007393454069202013,0.0007095774150196385,0.0007095774150196385,2
/Users/yti0811/Desktop/FE_data/npj_CM01/NPJ_CM_Fig_Python/Public_Reproducibility_Package_V01/npjcm-free-energy-surrogate_Re3/Python_Codes/table/snapshots_split/Ti64_300K_snap00012.extxyz,Ti64,300,Ti64__300,0.0001530490253578,0.00032199270667471094,0.00016894368131691094,0.00016894368131691094,2
/Users/yti0811/Desktop/FE_data/npj_CM01/NPJ_CM_Fig_Python/Public_Reproducibility_Package_V01/npjcm-free-energy-surrogate_Re3/Python_Codes/table/snapshots_split/Ti64_300K_snap00013.extxyz,Ti64,300,Ti64__300,-3.907182358388218e-05,0.00044160434127191975,0.00048067616485580195,0.00048067616485580195,2
/Users/yti0811/Desktop/FE_data/npj_CM01/NPJ_CM_Fig_Python/Public_Reproducibility_Package_V01/npjcm-free-energy-surrogate_Re3/Python_Codes/table/snapshots_split/Ti64_300K_snap00014.extxyz,Ti64,300,Ti64__300,2.6621244031175812e-05,0.0004439881613518116,0.0004173669173206358,0.0004173669173206358,2
/Users/yti0811/Desktop/FE_data/npj_CM01/NPJ_CM_Fig_Python/Public_Reproducibility_Package_V01/npjcm-free-energy-surrogate_Re3/Python_Codes/table/snapshots_split/Ti64_300K_snap00015.extxyz,Ti64,300,Ti64__300,0.0001274065476974,0.00045438099832481463,0.0003269744506274146,0.0003269744506274146,2
/Users/yti0811/Desktop/FE_data/npj_CM01/NPJ_CM_Fig_Python/Public_Reproducibility_Package_V01/npjcm-free-energy-surrogate_Re3/Python_Codes/table/snapshots_split/Ti64_300K_snap00016.extxyz,Ti64,300,Ti64__300,9.398384305260148e-05,0.0006315677283010184,0.000537583885248417,0.000537583885248417,2
/Users/yti0811/Desktop/FE_data/npj_CM01/NPJ_CM_Fig_Python/Public_Reproducibility_Package_V01/npjcm-free-energy-surrogate_Re3/Python_Codes/table/snapshots_split/Ti64_300K_snap00017.extxyz,Ti64,300,Ti64__300,3.290404647836419e-05,0.0006129814902008318,0.0005800774437224676,0.0005800774437224676,2
/Users/yti0811/Desktop/FE_data/npj_CM01/NPJ_CM_Fig_Python/Public_Reproducibility_Package_V01/npjcm-free-energy-surrogate_Re3/Python_Codes/table/snapshots_split/Ti64_300K_snap00018.extxyz,Ti64,300,Ti64__300,-2.7470257832242233e-05,0.0004190800826090802,0.00044655034044132247,0.00044655034044132247,2
/Users/yti0811/Desktop/FE_data/npj_CM01/NPJ_CM_Fig_Python/Public_Reproducibility_Package_V01/npjcm-free-energy-surrogate_Re3/Python_Codes/table/snapshots_split/Ti64_300K_snap00019.extxyz,Ti64,300,Ti64__300,2.86806608549167e-05,0.00021597980907815984,0.00018729914822324315,0.00018729914822324315,2
/Users/yti0811/Desktop/FE_data/npj_CM01/NPJ_CM_Fig_Python/Public_Reproducibility_Package_V01/npjcm-free-energy-surrogate_Re3/Python_Codes/table/snapshots_split/Ti64_300K_snap00020.extxyz,Ti64,300,Ti64__300,-8.998870811561978e-05,0.000404427004309857,0.0004944157124254768,0.0004944157124254768,2
/Users/yti0811/Desktop/FE_data/npj_CM01/NPJ_CM_Fig_Python/Public_Reproducibility_Package_V01/npjcm-free-energy-surrogate_Re3/Python_Codes/table/snapshots_split/Ti64_300K_snap00021.extxyz,Ti64,300,Ti64__300,-2.3507580029459867e-05,0.00040451883124918654,0.0004280264112786464,0.0004280264112786464,2
/Users/yti0811/Desktop/FE_data/npj_CM01/NPJ_CM_Fig_Python/Public_Reproducibility_Package_V01/npjcm-free-energy-surrogate_Re3/Python_Codes/table/snapshots_split/Ti64_300K_snap00022.extxyz,Ti64,300,Ti64__300,0.0001045725466759,0.00023183991756275116,0.00012726737088685115,0.00012726737088685115,2
/Users/yti0811/Desktop/FE_data/npj_CM01/NPJ_CM_Fig_Python/Public_Reproducibility_Package_V01/npjcm-free-energy-surrogate_Re3/Python_Codes/table/snapshots_split/Ti64_300K_snap00023.extxyz,Ti64,300,Ti64__300,-0.0001005038631858,0.0003055487511825962,0.0004060526143683962,0.0004060526143683962,2
/Users/yti0811/Desktop/FE_data/npj_CM01/NPJ_CM_Fig_Python/Public_Reproducibility_Package_V01/npjcm-free-energy-surrogate_Re3/Python_Codes/table/snapshots_split/Ti64_300K_snap00024.extxyz,Ti64,300,Ti64__300,4.193040072463071e-05,0.00015886407846147938,0.00011693367773684867,0.00011693367773684867,2
/Users/yti0811/Desktop/FE_data/npj_CM01/NPJ_CM_Fig_Python/Public_Reproducibility_Package_V01/npjcm-free-energy-surrogate_Re3/Python_Codes/table/snapshots_split/Ti64_300K_snap00025.extxyz,Ti64,300,Ti64__300,-5.264371515446732e-05,0.00028831848273244703,0.00034096219788691437,0.00034096219788691437,2
/Users/yti0811/Desktop/FE_data/npj_CM01/NPJ_CM_Fig_Python/Public_Reproducibility_Package_V01/npjcm-free-energy-surrogate_Re3/Python_Codes/table/snapshots_split/Ti64_300K_snap00026.extxyz,Ti64,300,Ti64__300,-0.0001508083190887,0.00043117391987624893,0.0005819822389649489,0.0005819822389649489,2
/Users/yti0811/Desktop/FE_data/npj_CM01/NPJ_CM_Fig_Python/Public_Reproducibility_Package_V01/npjcm-free-energy-surrogate_Re3/Python_Codes/table/snapshots_split/Ti64_300K_snap00027.extxyz,Ti64,300,Ti64__300,1.957641878445991e-05,0.0002229747961835166,0.0002033983773990567,0.0002033983773990567,2
/Users/yti0811/Desktop/FE_data/npj_CM01/NPJ_CM_Fig_Python/Public_Reproducibility_Package_V01/npjcm-free-energy-surrogate_Re3/Python_Codes/table/snapshots_split/Ti64_300K_snap00028.extxyz,Ti64,300,Ti64__300,-1.8938060650913905e-06,0.0002594452028032122,0.0002613390088683036,0.0002613390088683036,2
/Users/yti0811/Desktop/FE_data/npj_CM01/NPJ_CM_Fig_Python/Public_Reproducibility_Package_V01/npjcm-free-energy-surrogate_Re3/Python_Codes/table/snapshots_split/Ti64_300K_snap00029.extxyz,Ti64,300,Ti64__300,-0.0001346237838647,0.00025537047063789117,0.00038999425450259115,0.00038999425450259115,2
/Users/yti0811/Desktop/FE_data/npj_CM01/NPJ_CM_Fig_Python/Public_Reproducibility_Package_V01/npjcm-free-energy-surrogate_Re3/Python_Codes/table/snapshots_split/Ti64_300K_snap00030.extxyz,Ti64,300,Ti64__300,-9.113659059979574e-05,0.000390506030081283,0.00048164262068107875,0.00048164262068107875,2
/Users/yti0811/Desktop/FE_data/npj_CM01/NPJ_CM_Fig_Python/Public_Reproducibility_Package_V01/npjcm-free-energy-surrogate_Re3/Python_Codes/table/snapshots_split/Ti64_300K_snap00031.extxyz,Ti64,300,Ti64__300,9.414074817000146e-05,0.0004992698201960909,0.00040512907202608947,0.00040512907202608947,2
/Users/yti0811/Desktop/FE_data/npj_CM01/NPJ_CM_Fig_Python/Public_Reproducibility_Package_V01/npjcm-free-energy-surrogate_Re3/Python_Codes/table/snapshots_split/Ti64_300K_snap00032.extxyz,Ti64,300,Ti64__300,-4.396912111405306e-05,0.0006252074999843816,0.0006691766210984347,0.0006691766210984347,2
/Users/yti0811/Desktop/FE_data/npj_CM01/NPJ_CM_Fig_Python/Public_Reproducibility_Package_V01/npjcm-free-energy-surrogate_Re3/Python_Codes/table/snapshots_split/Ti64_300K_snap00033.extxyz,Ti64,300,Ti64__300,-9.573200240910076e-05,0.00040470874424102063,0.0005004407466501214,0.0005004407466501214,2
/Users/yti0811/Desktop/FE_data/npj_CM01/NPJ_CM_Fig_Python/Public_Reproducibility_Package_V01/npjcm-free-energy-surrogate_Re3/Python_Codes/table/snapshots_split/Ti64_300K_snap00034.extxyz,Ti64,300,Ti64__300,-2.5291846484933335e-05,0.0008285776325705007,0.000853869479055434,0.000853869479055434,2
/Users/yti0811/Desktop/FE_data/npj_CM01/NPJ_CM_Fig_Python/Public_Reproducibility_Package_V01/npjcm-free-energy-surrogate_Re3/Python_Codes/table/snapshots_split/Ti64_300K_snap00035.extxyz,Ti64,300,Ti64__300,5.440618571193988e-05,0.0005925123245228156,0.0005381061388108758,0.0005381061388108758,2
/Users/yti0811/Desktop/FE_data/npj_CM01/NPJ_CM_Fig_Python/Public_Reproducibility_Package_V01/npjcm-free-energy-surrogate_Re3/Python_Codes/table/snapshots_split/Ti64_300K_snap00036.extxyz,Ti64,300,Ti64__300,-1.9917236307577817e-05,0.00041274345529106323,0.00043266069159864106,0.00043266069159864106,2
/Users/yti0811/Desktop/FE_data/npj_CM01/NPJ_CM_Fig_Python/Public_Reproducibility_Package_V01/npjcm-free-energy-surrogate_Re3/Python_Codes/table/snapshots_split/Ti64_300K_snap00037.extxyz,Ti64,300,Ti64__300,1.178929309973818e-05,0.0007686964916262754,0.0007569071985265372,0.0007569071985265372,2
/Users/yti0811/Desktop/FE_data/npj_CM01/NPJ_CM_Fig_Python/Public_Reproducibility_Package_V01/npjcm-free-energy-surrogate_Re3/Python_Codes/table/snapshots_split/Ti64_300K_snap00038.extxyz,Ti64,300,Ti64__300,3.7667984723142577e-05,0.0004898674339612455,0.0004521994492381029,0.0004521994492381029,2
/Users/yti0811/Desktop/FE_data/npj_CM01/NPJ_CM_Fig_Python/Public_Reproducibility_Package_V01/npjcm-free-energy-surrogate_Re3/Python_Codes/table/snapshots_split/Ti64_300K_snap00039.extxyz,Ti64,300,Ti64__300,1.2671270741769198e-05,0.0006276535135794939,0.0006149822428377247,0.0006149822428377247,2
/Users/yti0811/Desktop/FE_data/npj_CM01/NPJ_CM_Fig_Python/Public_Reproducibility_Package_V01/npjcm-free-energy-surrogate_Re3/Python_Codes/table/snapshots_split/Ti64_300K_snap00040.extxyz,Ti64,300,Ti64__300,4.5229624578744786e-05,0.0007167845550207876,0.0006715549304420428,0.0006715549304420428,2
/Users/yti0811/Desktop/FE_data/npj_CM01/NPJ_CM_Fig_Python/Public_Reproducibility_Package_V01/npjcm-free-energy-surrogate_Re3/Python_Codes/table/snapshots_split/Ti64_300K_snap00041.extxyz,Ti64,300,Ti64__300,-0.0001319052338423,0.0006438740610680736,0.0007757792949103736,0.0007757792949103736,2
/Users/yti0811/Desktop/FE_data/npj_CM01/NPJ_CM_Fig_Python/Public_Reproducibility_Package_V01/npjcm-free-energy-surrogate_Re3/Python_Codes/table/snapshots_split/Ti64_300K_snap00042.extxyz,Ti64,300,Ti64__300,-0.0001588002977081,0.00037525992199504733,0.0005340602197031473,0.0005340602197031473,2
/Users/yti0811/Desktop/FE_data/npj_CM01/NPJ_CM_Fig_Python/Public_Reproducibility_Package_V01/npjcm-free-energy-surrogate_Re3/Python_Codes/table/snapshots_split/Ti64_300K_snap00043.extxyz,Ti64,300,Ti64__300,-7.876601899182879e-05,0.0005719857198745554,0.0006507517388663842,0.0006507517388663842,2
/Users/yti0811/Desktop/FE_data/npj_CM01/NPJ_CM_Fig_Python/Public_Reproducibility_Package_V01/npjcm-free-energy-surrogate_Re3/Python_Codes/table/snapshots_split/Ti64_300K_snap00044.extxyz,Ti64,300,Ti64__300,-0.0001703869384412,0.0005296286988371267,0.0007000156372783267,0.0007000156372783267,2
/Users/yti0811/Desktop/FE_data/npj_CM01/NPJ_CM_Fig_Python/Public_Reproducibility_Package_V01/npjcm-free-energy-surrogate_Re3/Python_Codes/table/snapshots_split/Ti64_300K_snap00045.extxyz,Ti64,300,Ti64__300,-4.475971294960636e-05,0.0005917427593018981,0.0006365024722515044,0.0006365024722515044,2
/Users/yti0811/Desktop/FE_data/npj_CM01/NPJ_CM_Fig_Python/Public_Reproducibility_Package_V01/npjcm-free-energy-surrogate_Re3/Python_Codes/table/snapshots_split/Ti64_300K_snap00046.extxyz,Ti64,300,Ti64__300,-0.0002379800597466,0.000559356765253245,0.000797336824999845,0.000797336824999845,2
/Users/yti0811/Desktop/FE_data/npj_CM01/NPJ_CM_Fig_Python/Public_Reproducibility_Package_V01/npjcm-free-energy-surrogate_Re3/Python_Codes/table/snapshots_split/Ti64_300K_snap00047.extxyz,Ti64,300,Ti64__300,2.0678266714689293e-05,0.00036894956276928786,0.0003482712960545986,0.0003482712960545986,2
/Users/yti0811/Desktop/FE_data/npj_CM01/NPJ_CM_Fig_Python/Public_Reproducibility_Package_V01/npjcm-free-energy-surrogate_Re3/Python_Codes/table/snapshots_split/Ti64_300K_snap00048.extxyz,Ti64,300,Ti64__300,-4.891129717267296e-05,0.00047265607382158183,0.0005215673709942548,0.0005215673709942548,2
/Users/yti0811/Desktop/FE_data/npj_CM01/NPJ_CM_Fig_Python/Public_Reproducibility_Package_V01/npjcm-free-energy-surrogate_Re3/Python_Codes/table/snapshots_split/Ti64_300K_snap00049.extxyz,Ti64,300,Ti64__300,2.4877233624863144e-05,0.0005231047541770142,0.000498227520552151,0.000498227520552151,2
/Users/yti0811/Desktop/FE_data/npj_CM01/NPJ_CM_Fig_Python/Public_Reproducibility_Package_V01/npjcm-free-energy-surrogate_Re3/Python_Codes/table/snapshots_split/Ti64_300K_snap00050.extxyz,Ti64,300,Ti64__300,1.1677259601366849e-06,0.0005686817213179198,0.0005675139953577831,0.0005675139953577831,2
/Users/yti0811/Desktop/FE_data/npj_CM01/NPJ_CM_Fig_Python/Public_Reproducibility_Package_V01/npjcm-free-energy-surrogate_Re3/Python_Codes/table/snapshots_split/Ti64_300K_snap00051.extxyz,Ti64,300,Ti64__300,-4.648165918942516e-05,0.0006241114664556958,0.000670593125645121,0.000670593125645121,2
/Users/yti0811/Desktop/FE_data/npj_CM01/NPJ_CM_Fig_Python/Public_Reproducibility_Package_V01/npjcm-free-energy-surrogate_Re3/Python_Codes/table/snapshots_split/Ti64_300K_snap00052.extxyz,Ti64,300,Ti64__300,0.0001496783828789,0.00044928006524916076,0.00029960168237026075,0.00029960168237026075,2
/Users/yti0811/Desktop/FE_data/npj_CM01/NPJ_CM_Fig_Python/Public_Reproducibility_Package_V01/npjcm-free-energy-surrogate_Re3/Python_Codes/table/snapshots_split/Ti64_300K_snap00053.extxyz,Ti64,300,Ti64__300,-6.637392798071352e-05,0.00035241844532563516,0.0004187923733063487,0.0004187923733063487,2
/Users/yti0811/Desktop/FE_data/npj_CM01/NPJ_CM_Fig_Python/Public_Reproducibility_Package_V01/npjcm-free-energy-surrogate_Re3/Python_Codes/table/snapshots_split/Ti64_300K_snap00054.extxyz,Ti64,300,Ti64__300,4.294582937868051e-05,0.0007976526769113274,0.0007547068475326469,0.0007547068475326469,2
/Users/yti0811/Desktop/FE_data/npj_CM01/NPJ_CM_Fig_Python/Public_Reproducibility_Package_V01/npjcm-free-energy-surrogate_Re3/Python_Codes/table/snapshots_split/Ti64_300K_snap00055.extxyz,Ti64,300,Ti64__300,-8.493431507285044e-05,0.00017523667844659133,0.0002601709935194418,0.0002601709935194418,2
/Users/yti0811/Desktop/FE_data/npj_CM01/NPJ_CM_Fig_Python/Public_Reproducibility_Package_V01/npjcm-free-energy-surrogate_Re3/Python_Codes/table/snapshots_split/Ti64_300K_snap00056.extxyz,Ti64,300,Ti64__300,0.0001816993306584,0.00022303760011531162,4.133826945691162e-05,4.133826945691162e-05,2
/Users/yti0811/Desktop/FE_data/npj_CM01/NPJ_CM_Fig_Python/Public_Reproducibility_Package_V01/npjcm-free-energy-surrogate_Re3/Python_Codes/table/snapshots_split/Ti64_300K_snap00057.extxyz,Ti64,300,Ti64__300,-5.478255718077888e-07,0.000605132463745068,0.0006056802893168758,0.0006056802893168758,2
/Users/yti0811/Desktop/FE_data/npj_CM01/NPJ_CM_Fig_Python/Public_Reproducibility_Package_V01/npjcm-free-energy-surrogate_Re3/Python_Codes/table/snapshots_split/Ti64_300K_snap00058.extxyz,Ti64,300,Ti64__300,0.0001138498273609,0.000739792919510565,0.000625943092149665,0.000625943092149665,2
/Users/yti0811/Desktop/FE_data/npj_CM01/NPJ_CM_Fig_Python/Public_Reproducibility_Package_V01/npjcm-free-energy-surrogate_Re3/Python_Codes/table/snapshots_split/Ti64_300K_snap00059.extxyz,Ti64,300,Ti64__300,-5.611676402429601e-05,0.0003290228012083616,0.0003851395652326576,0.0003851395652326576,2
/Users/yti0811/Desktop/FE_data/npj_CM01/NPJ_CM_Fig_Python/Public_Reproducibility_Package_V01/npjcm-free-energy-surrogate_Re3/Python_Codes/table/snapshots_split/Ti64_300K_snap00060.extxyz,Ti64,300,Ti64__300,-0.0002520437574357,0.0005323639636139305,0.0007844077210496306,0.0007844077210496306,2
/Users/yti0811/Desktop/FE_data/npj_CM01/NPJ_CM_Fig_Python/Public_Reproducibility_Package_V01/npjcm-free-energy-surrogate_Re3/Python_Codes/table/snapshots_split/Ti64_300K_snap00061.extxyz,Ti64,300,Ti64__300,-0.0001638891553758,0.0005057462457913738,0.0006696354011671737,0.0006696354011671737,2
/Users/yti0811/Desktop/FE_data/npj_CM01/NPJ_CM_Fig_Python/Public_Reproducibility_Package_V01/npjcm-free-energy-surrogate_Re3/Python_Codes/table/snapshots_split/Ti64_300K_snap00062.extxyz,Ti64,300,Ti64__300,-0.0001251795937796,0.0004868611616059799,0.0006120407553855799,0.0006120407553855799,2
/Users/yti0811/Desktop/FE_data/npj_CM01/NPJ_CM_Fig_Python/Public_Reproducibility_Package_V01/npjcm-free-energy-surrogate_Re3/Python_Codes/table/snapshots_split/Ti64_300K_snap00063.extxyz,Ti64,300,Ti64__300,-4.806684303228116e-05,0.000504677275131853,0.0005527441181641342,0.0005527441181641342,2
/Users/yti0811/Desktop/FE_data/npj_CM01/NPJ_CM_Fig_Python/Public_Reproducibility_Package_V01/npjcm-free-energy-surrogate_Re3/Python_Codes/table/snapshots_split/Ti64_300K_snap00064.extxyz,Ti64,300,Ti64__300,0.0001192578430228,3.387692787827872e-05,-8.538091514452128e-05,8.538091514452128e-05,2
/Users/yti0811/Desktop/FE_data/npj_CM01/NPJ_CM_Fig_Python/Public_Reproducibility_Package_V01/npjcm-free-energy-surrogate_Re3/Python_Codes/table/snapshots_split/Ti64_300K_snap00065.extxyz,Ti64,300,Ti64__300,-0.0001152648387397,0.0004704289479673859,0.000585693786707086,0.000585693786707086,2
/Users/yti0811/Desktop/FE_data/npj_CM01/NPJ_CM_Fig_Python/Public_Reproducibility_Package_V01/npjcm-free-energy-surrogate_Re3/Python_Codes/table/snapshots_split/Ti64_300K_snap00066.extxyz,Ti64,300,Ti64__300,-0.0001049430000084,0.00039654978442800573,0.0005014927844364058,0.0005014927844364058,2
/Users/yti0811/Desktop/FE_data/npj_CM01/NPJ_CM_Fig_Python/Public_Reproducibility_Package_V01/npjcm-free-energy-surrogate_Re3/Python_Codes/table/snapshots_split/Ti64_300K_snap00067.extxyz,Ti64,300,Ti64__300,4.69829954029387e-06,0.0004788585716030512,0.00047416027206275736,0.00047416027206275736,2
/Users/yti0811/Desktop/FE_data/npj_CM01/NPJ_CM_Fig_Python/Public_Reproducibility_Package_V01/npjcm-free-energy-surrogate_Re3/Python_Codes/table/snapshots_split/Ti64_300K_snap00068.extxyz,Ti64,300,Ti64__300,0.0001279082931755,0.0006684693075187311,0.0005405610143432311,0.0005405610143432311,2
/Users/yti0811/Desktop/FE_data/npj_CM01/NPJ_CM_Fig_Python/Public_Reproducibility_Package_V01/npjcm-free-energy-surrogate_Re3/Python_Codes/table/snapshots_split/Ti64_300K_snap00069.extxyz,Ti64,300,Ti64__300,7.880210376910146e-05,0.0002158481921946398,0.00013704608842553834,0.00013704608842553834,2
/Users/yti0811/Desktop/FE_data/npj_CM01/NPJ_CM_Fig_Python/Public_Reproducibility_Package_V01/npjcm-free-energy-surrogate_Re3/Python_Codes/table/snapshots_split/Ti64_300K_snap00070.extxyz,Ti64,300,Ti64__300,-7.724404612853454e-05,0.00036744236671650774,0.0004446864128450423,0.0004446864128450423,2
/Users/yti0811/Desktop/FE_data/npj_CM01/NPJ_CM_Fig_Python/Public_Reproducibility_Package_V01/npjcm-free-energy-surrogate_Re3/Python_Codes/table/snapshots_split/Ti64_300K_snap00071.extxyz,Ti64,300,Ti64__300,-0.0001680033314316,0.0004911536323868528,0.0006591569638184527,0.0006591569638184527,2
/Users/yti0811/Desktop/FE_data/npj_CM01/NPJ_CM_Fig_Python/Public_Reproducibility_Package_V01/npjcm-free-energy-surrogate_Re3/Python_Codes/table/snapshots_split/Ti64_300K_snap00072.extxyz,Ti64,300,Ti64__300,-0.0001522314620691,0.000719841033555797,0.000872072495624897,0.000872072495624897,2
/Users/yti0811/Desktop/FE_data/npj_CM01/NPJ_CM_Fig_Python/Public_Reproducibility_Package_V01/npjcm-free-energy-surrogate_Re3/Python_Codes/table/snapshots_split/Ti64_300K_snap00073.extxyz,Ti64,300,Ti64__300,8.737542564794516e-06,0.00035381644114763715,0.00034507889858284265,0.00034507889858284265,2
/Users/yti0811/Desktop/FE_data/npj_CM01/NPJ_CM_Fig_Python/Public_Reproducibility_Package_V01/npjcm-free-energy-surrogate_Re3/Python_Codes/table/snapshots_split/Ti64_300K_snap00074.extxyz,Ti64,300,Ti64__300,-1.0290621935262217e-05,0.0003426315607316753,0.00035292218266693755,0.00035292218266693755,2
/Users/yti0811/Desktop/FE_data/npj_CM01/NPJ_CM_Fig_Python/Public_Reproducibility_Package_V01/npjcm-free-energy-surrogate_Re3/Python_Codes/table/snapshots_split/Ti64_300K_snap00075.extxyz,Ti64,300,Ti64__300,-6.155047968571416e-05,0.0005020473587122826,0.0005635978383979967,0.0005635978383979967,2
/Users/yti0811/Desktop/FE_data/npj_CM01/NPJ_CM_Fig_Python/Public_Reproducibility_Package_V01/npjcm-free-energy-surrogate_Re3/Python_Codes/table/snapshots_split/Ti64_300K_snap00076.extxyz,Ti64,300,Ti64__300,-8.734029512626086e-05,0.0003365172219764734,0.00042385751710273425,0.00042385751710273425,2
/Users/yti0811/Desktop/FE_data/npj_CM01/NPJ_CM_Fig_Python/Public_Reproducibility_Package_V01/npjcm-free-energy-surrogate_Re3/Python_Codes/table/snapshots_split/Ti64_300K_snap00077.extxyz,Ti64,300,Ti64__300,-0.0001516107903098,0.0007737993273778862,0.0009254101176876862,0.0009254101176876862,2
/Users/yti0811/Desktop/FE_data/npj_CM01/NPJ_CM_Fig_Python/Public_Reproducibility_Package_V01/npjcm-free-energy-surrogate_Re3/Python_Codes/table/snapshots_split/Ti64_300K_snap00078.extxyz,Ti64,300,Ti64__300,3.176586702279104e-05,0.0003550129126193917,0.0003232470455966007,0.0003232470455966007,2
/Users/yti0811/Desktop/FE_data/npj_CM01/NPJ_CM_Fig_Python/Public_Reproducibility_Package_V01/npjcm-free-energy-surrogate_Re3/Python_Codes/table/snapshots_split/Ti64_300K_snap00079.extxyz,Ti64,300,Ti64__300,-7.880928883054488e-06,0.00017694619340283442,0.00018482712228588892,0.00018482712228588892,2
/Users/yti0811/Desktop/FE_data/npj_CM01/NPJ_CM_Fig_Python/Public_Reproducibility_Package_V01/npjcm-free-energy-surrogate_Re3/Python_Codes/table/snapshots_split/Ti64_300K_snap00080.extxyz,Ti64,300,Ti64__300,1.2359197672160966e-05,0.00031873132169773735,0.0003063721240255764,0.0003063721240255764,2
/Users/yti0811/Desktop/FE_data/npj_CM01/NPJ_CM_Fig_Python/Public_Reproducibility_Package_V01/npjcm-free-energy-surrogate_Re3/Python_Codes/table/snapshots_split/Ti64_300K_snap00081.extxyz,Ti64,300,Ti64__300,-4.863775791120907e-05,0.0006012774001623744,0.0006499151580735835,0.0006499151580735835,2
/Users/yti0811/Desktop/FE_data/npj_CM01/NPJ_CM_Fig_Python/Public_Reproducibility_Package_V01/npjcm-free-energy-surrogate_Re3/Python_Codes/table/snapshots_split/Ti64_300K_snap00082.extxyz,Ti64,300,Ti64__300,-4.172972801553988e-05,0.0002744848621195655,0.0003162145901351054,0.0003162145901351054,2
/Users/yti0811/Desktop/FE_data/npj_CM01/NPJ_CM_Fig_Python/Public_Reproducibility_Package_V01/npjcm-free-energy-surrogate_Re3/Python_Codes/table/snapshots_split/Ti64_300K_snap00083.extxyz,Ti64,300,Ti64__300,-0.0002704314020906,0.0005499530932953971,0.000820384495385997,0.000820384495385997,2
/Users/yti0811/Desktop/FE_data/npj_CM01/NPJ_CM_Fig_Python/Public_Reproducibility_Package_V01/npjcm-free-energy-surrogate_Re3/Python_Codes/table/snapshots_split/Ti64_300K_snap00084.extxyz,Ti64,300,Ti64__300,-5.2537542588617105e-05,0.00026841453563391984,0.00032095207822253695,0.00032095207822253695,2
/Users/yti0811/Desktop/FE_data/npj_CM01/NPJ_CM_Fig_Python/Public_Reproducibility_Package_V01/npjcm-free-energy-surrogate_Re3/Python_Codes/table/snapshots_split/Ti64_300K_snap00085.extxyz,Ti64,300,Ti64__300,3.770669824175564e-05,0.0007060338285429789,0.0006683271303012233,0.0006683271303012233,2
/Users/yti0811/Desktop/FE_data/npj_CM01/NPJ_CM_Fig_Python/Public_Reproducibility_Package_V01/npjcm-free-energy-surrogate_Re3/Python_Codes/table/snapshots_split/Ti64_300K_snap00086.extxyz,Ti64,300,Ti64__300,-2.6453806084582603e-05,0.0005265555226934021,0.0005530093287779847,0.0005530093287779847,2
/Users/yti0811/Desktop/FE_data/npj_CM01/NPJ_CM_Fig_Python/Public_Reproducibility_Package_V01/npjcm-free-energy-surrogate_Re3/Python_Codes/table/snapshots_split/Ti64_300K_snap00087.extxyz,Ti64,300,Ti64__300,7.759495775840147e-05,0.0006414317766465669,0.0005638368188881654,0.0005638368188881654,2
/Users/yti0811/Desktop/FE_data/npj_CM01/NPJ_CM_Fig_Python/Public_Reproducibility_Package_V01/npjcm-free-energy-surrogate_Re3/Python_Codes/table/snapshots_split/Ti64_300K_snap00088.extxyz,Ti64,300,Ti64__300,-7.638389032595007e-05,0.0005783278812286832,0.0006547117715546333,0.0006547117715546333,2
/Users/yti0811/Desktop/FE_data/npj_CM01/NPJ_CM_Fig_Python/Public_Reproducibility_Package_V01/npjcm-free-energy-surrogate_Re3/Python_Codes/table/snapshots_split/Ti64_300K_snap00089.extxyz,Ti64,300,Ti64__300,4.7847783165564915e-05,0.0005896147801574687,0.0005417669969919038,0.0005417669969919038,2
/Users/yti0811/Desktop/FE_data/npj_CM01/NPJ_CM_Fig_Python/Public_Reproducibility_Package_V01/npjcm-free-energy-surrogate_Re3/Python_Codes/table/snapshots_split/Ti64_300K_snap00090.extxyz,Ti64,300,Ti64__300,5.399028732509913e-05,0.0004848864633837303,0.00043089617605863116,0.00043089617605863116,2
/Users/yti0811/Desktop/FE_data/npj_CM01/NPJ_CM_Fig_Python/Public_Reproducibility_Package_V01/npjcm-free-energy-surrogate_Re3/Python_Codes/table/snapshots_split/Ti64_300K_snap00091.extxyz,Ti64,300,Ti64__300,-0.0001200424026832,0.000797031129915048,0.0009170735325982481,0.0009170735325982481,2
/Users/yti0811/Desktop/FE_data/npj_CM01/NPJ_CM_Fig_Python/Public_Reproducibility_Package_V01/npjcm-free-energy-surrogate_Re3/Python_Codes/table/snapshots_split/Ti64_300K_snap00092.extxyz,Ti64,300,Ti64__300,-5.633404116102304e-05,0.0006954587692219102,0.0007517928103829332,0.0007517928103829332,2
/Users/yti0811/Desktop/FE_data/npj_CM01/NPJ_CM_Fig_Python/Public_Reproducibility_Package_V01/npjcm-free-energy-surrogate_Re3/Python_Codes/table/snapshots_split/Ti64_300K_snap00093.extxyz,Ti64,300,Ti64__300,-0.0001297672353183,0.0005973155927130011,0.0007270828280313012,0.0007270828280313012,2
/Users/yti0811/Desktop/FE_data/npj_CM01/NPJ_CM_Fig_Python/Public_Reproducibility_Package_V01/npjcm-free-energy-surrogate_Re3/Python_Codes/table/snapshots_split/Ti64_300K_snap00094.extxyz,Ti64,300,Ti64__300,2.6255712190824095e-05,0.0003705207901782962,0.0003442650779874721,0.0003442650779874721,2
/Users/yti0811/Desktop/FE_data/npj_CM01/NPJ_CM_Fig_Python/Public_Reproducibility_Package_V01/npjcm-free-energy-surrogate_Re3/Python_Codes/table/snapshots_split/Ti64_300K_snap00095.extxyz,Ti64,300,Ti64__300,-6.179134165963552e-05,0.0002850476681504191,0.0003468390098100546,0.0003468390098100546,2
/Users/yti0811/Desktop/FE_data/npj_CM01/NPJ_CM_Fig_Python/Public_Reproducibility_Package_V01/npjcm-free-energy-surrogate_Re3/Python_Codes/table/snapshots_split/Ti64_300K_snap00096.extxyz,Ti64,300,Ti64__300,1.9303607270298847e-06,0.00019382929843482757,0.0001918989377077977,0.0001918989377077977,2
/Users/yti0811/Desktop/FE_data/npj_CM01/NPJ_CM_Fig_Python/Public_Reproducibility_Package_V01/npjcm-free-energy-surrogate_Re3/Python_Codes/table/snapshots_split/Ti64_300K_snap00097.extxyz,Ti64,300,Ti64__300,-0.0002180132079888,0.00030981617611393564,0.0005278293841027357,0.0005278293841027357,2
/Users/yti0811/Desktop/FE_data/npj_CM01/NPJ_CM_Fig_Python/Public_Reproducibility_Package_V01/npjcm-free-energy-surrogate_Re3/Python_Codes/table/snapshots_split/Ti64_300K_snap00098.extxyz,Ti64,300,Ti64__300,1.6840044563913288e-05,0.00014028181320932317,0.0001234417686454099,0.0001234417686454099,2
/Users/yti0811/Desktop/FE_data/npj_CM01/NPJ_CM_Fig_Python/Public_Reproducibility_Package_V01/npjcm-free-energy-surrogate_Re3/Python_Codes/table/snapshots_split/Ti64_300K_snap00099.extxyz,Ti64,300,Ti64__300,5.139517030071482e-05,6.733789983917277e-05,1.5942729538457955e-05,1.5942729538457955e-05,2
/Users/yti0811/Desktop/FE_data/npj_CM01/NPJ_CM_Fig_Python/Public_Reproducibility_Package_V01/npjcm-free-energy-surrogate_Re3/Python_Codes/table/snapshots_split/Ti64_400K_snap00000.extxyz,Ti64,400,Ti64__400,-0.0016228881899677,-0.0017316659335261096,-0.00010877774355840951,0.00010877774355840951,1
/Users/yti0811/Desktop/FE_data/npj_CM01/NPJ_CM_Fig_Python/Public_Reproducibility_Package_V01/npjcm-free-energy-surrogate_Re3/Python_Codes/table/snapshots_split/Ti64_400K_snap00001.extxyz,Ti64,400,Ti64__400,-0.0013757135174487,-0.001450090169045069,-7.4376651596369e-05,7.4376651596369e-05,1
/Users/yti0811/Desktop/FE_data/npj_CM01/NPJ_CM_Fig_Python/Public_Reproducibility_Package_V01/npjcm-free-energy-surrogate_Re3/Python_Codes/table/snapshots_split/Ti64_400K_snap00002.extxyz,Ti64,400,Ti64__400,-0.0012927753666722,-0.001784402426720328,-0.000491627060048128,0.000491627060048128,1
/Users/yti0811/Desktop/FE_data/npj_CM01/NPJ_CM_Fig_Python/Public_Reproducibility_Package_V01/npjcm-free-energy-surrogate_Re3/Python_Codes/table/snapshots_split/Ti64_400K_snap00003.extxyz,Ti64,400,Ti64__400,-0.0016324164965169,-0.0017469207282619142,-0.00011450423174501432,0.00011450423174501432,1
/Users/yti0811/Desktop/FE_data/npj_CM01/NPJ_CM_Fig_Python/Public_Reproducibility_Package_V01/npjcm-free-energy-surrogate_Re3/Python_Codes/table/snapshots_split/Ti64_400K_snap00004.extxyz,Ti64,400,Ti64__400,-0.001615080236317,-0.001685314729640498,-7.023449332349812e-05,7.023449332349812e-05,1
/Users/yti0811/Desktop/FE_data/npj_CM01/NPJ_CM_Fig_Python/Public_Reproducibility_Package_V01/npjcm-free-energy-surrogate_Re3/Python_Codes/table/snapshots_split/Ti64_400K_snap00005.extxyz,Ti64,400,Ti64__400,-0.0015171159020697,-0.001639390911573267,-0.00012227500950356702,0.00012227500950356702,1
/Users/yti0811/Desktop/FE_data/npj_CM01/NPJ_CM_Fig_Python/Public_Reproducibility_Package_V01/npjcm-free-energy-surrogate_Re3/Python_Codes/table/snapshots_split/Ti64_400K_snap00006.extxyz,Ti64,400,Ti64__400,-0.0014614647193151,-0.0019235706628090597,-0.0004621059434939596,0.0004621059434939596,1
/Users/yti0811/Desktop/FE_data/npj_CM01/NPJ_CM_Fig_Python/Public_Reproducibility_Package_V01/npjcm-free-energy-surrogate_Re3/Python_Codes/table/snapshots_split/Ti64_400K_snap00007.extxyz,Ti64,400,Ti64__400,-0.001536956860886,-0.0017563687231853388,-0.0002194118622993388,0.0002194118622993388,1
/Users/yti0811/Desktop/FE_data/npj_CM01/NPJ_CM_Fig_Python/Public_Reproducibility_Package_V01/npjcm-free-energy-surrogate_Re3/Python_Codes/table/snapshots_split/Ti64_400K_snap00008.extxyz,Ti64,400,Ti64__400,-0.0014520752036648,-0.0018130471559349602,-0.00036097195227016016,0.00036097195227016016,1
/Users/yti0811/Desktop/FE_data/npj_CM01/NPJ_CM_Fig_Python/Public_Reproducibility_Package_V01/npjcm-free-energy-surrogate_Re3/Python_Codes/table/snapshots_split/Ti64_400K_snap00009.extxyz,Ti64,400,Ti64__400,-0.0014088041795987,-0.0018089020455003017,-0.0004000978659016016,0.0004000978659016016,1
/Users/yti0811/Desktop/FE_data/npj_CM01/NPJ_CM_Fig_Python/Public_Reproducibility_Package_V01/npjcm-free-energy-surrogate_Re3/Python_Codes/table/snapshots_split/Ti64_400K_snap00010.extxyz,Ti64,400,Ti64__400,-0.0015107266813207,-0.001875972271005437,-0.00036524558968473696,0.00036524558968473696,1
/Users/yti0811/Desktop/FE_data/npj_CM01/NPJ_CM_Fig_Python/Public_Reproducibility_Package_V01/npjcm-free-energy-surrogate_Re3/Python_Codes/table/snapshots_split/Ti64_400K_snap00011.extxyz,Ti64,400,Ti64__400,-0.0015470180286214,-0.0019409014083511165,-0.00039388337972971646,0.00039388337972971646,1
/Users/yti0811/Desktop/FE_data/npj_CM01/NPJ_CM_Fig_Python/Public_Reproducibility_Package_V01/npjcm-free-energy-surrogate_Re3/Python_Codes/table/snapshots_split/Ti64_400K_snap00012.extxyz,Ti64,400,Ti64__400,-0.0014496049780763,-0.0016813140019914358,-0.0002317090239151358,0.0002317090239151358,1
/Users/yti0811/Desktop/FE_data/npj_CM01/NPJ_CM_Fig_Python/Public_Reproducibility_Package_V01/npjcm-free-energy-surrogate_Re3/Python_Codes/table/snapshots_split/Ti64_400K_snap00013.extxyz,Ti64,400,Ti64__400,-0.0018169315331284,-0.001720270300764434,9.666123236396602e-05,9.666123236396602e-05,1
/Users/yti0811/Desktop/FE_data/npj_CM01/NPJ_CM_Fig_Python/Public_Reproducibility_Package_V01/npjcm-free-energy-surrogate_Re3/Python_Codes/table/snapshots_split/Ti64_400K_snap00014.extxyz,Ti64,400,Ti64__400,-0.0013742040626325,-0.0019569308524839076,-0.0005827267898514076,0.0005827267898514076,1
/Users/yti0811/Desktop/FE_data/npj_CM01/NPJ_CM_Fig_Python/Public_Reproducibility_Package_V01/npjcm-free-energy-surrogate_Re3/Python_Codes/table/snapshots_split/Ti64_400K_snap00015.extxyz,Ti64,400,Ti64__400,-0.0017311393766135,-0.001867132300815141,-0.00013599292420164114,0.00013599292420164114,1
/Users/yti0811/Desktop/FE_data/npj_CM01/NPJ_CM_Fig_Python/Public_Reproducibility_Package_V01/npjcm-free-energy-surrogate_Re3/Python_Codes/table/snapshots_split/Ti64_400K_snap00016.extxyz,Ti64,400,Ti64__400,-0.0014098991123663,-0.0017241025054660643,-0.0003142033930997644,0.0003142033930997644,1
/Users/yti0811/Desktop/FE_data/npj_CM01/NPJ_CM_Fig_Python/Public_Reproducibility_Package_V01/npjcm-free-energy-surrogate_Re3/Python_Codes/table/snapshots_split/Ti64_400K_snap00017.extxyz,Ti64,400,Ti64__400,-0.001299700630932,-0.001752517969595413,-0.00045281733866341296,0.00045281733866341296,1
/Users/yti0811/Desktop/FE_data/npj_CM01/NPJ_CM_Fig_Python/Public_Reproducibility_Package_V01/npjcm-free-energy-surrogate_Re3/Python_Codes/table/snapshots_split/Ti64_400K_snap00018.extxyz,Ti64,400,Ti64__400,-0.0013606528954104,-0.0016580473748747143,-0.00029739447946431426,0.00029739447946431426,1
/Users/yti0811/Desktop/FE_data/npj_CM01/NPJ_CM_Fig_Python/Public_Reproducibility_Package_V01/npjcm-free-energy-surrogate_Re3/Python_Codes/table/snapshots_split/Ti64_400K_snap00019.extxyz,Ti64,400,Ti64__400,-0.0015049714319654,-0.0017972385124360082,-0.0002922670804706082,0.0002922670804706082,1
/Users/yti0811/Desktop/FE_data/npj_CM01/NPJ_CM_Fig_Python/Public_Reproducibility_Package_V01/npjcm-free-energy-surrogate_Re3/Python_Codes/table/snapshots_split/Ti64_400K_snap00020.extxyz,Ti64,400,Ti64__400,-0.0014563317030338,-0.0017846259932054504,-0.0003282942901716504,0.0003282942901716504,1
/Users/yti0811/Desktop/FE_data/npj_CM01/NPJ_CM_Fig_Python/Public_Reproducibility_Package_V01/npjcm-free-energy-surrogate_Re3/Python_Codes/table/snapshots_split/Ti64_400K_snap00021.extxyz,Ti64,400,Ti64__400,-0.0012957189563518,-0.0016559784623357728,-0.00036025950598397275,0.00036025950598397275,1
/Users/yti0811/Desktop/FE_data/npj_CM01/NPJ_CM_Fig_Python/Public_Reproducibility_Package_V01/npjcm-free-energy-surrogate_Re3/Python_Codes/table/snapshots_split/Ti64_400K_snap00022.extxyz,Ti64,400,Ti64__400,-0.0015472075841749,-0.0016467711476271089,-9.956356345220893e-05,9.956356345220893e-05,1
/Users/yti0811/Desktop/FE_data/npj_CM01/NPJ_CM_Fig_Python/Public_Reproducibility_Package_V01/npjcm-free-energy-surrogate_Re3/Python_Codes/table/snapshots_split/Ti64_400K_snap00023.extxyz,Ti64,400,Ti64__400,-0.0015667704707167,-0.0015503010054564769,1.646946526022322e-05,1.646946526022322e-05,1
/Users/yti0811/Desktop/FE_data/npj_CM01/NPJ_CM_Fig_Python/Public_Reproducibility_Package_V01/npjcm-free-energy-surrogate_Re3/Python_Codes/table/snapshots_split/Ti64_400K_snap00024.extxyz,Ti64,400,Ti64__400,-0.0014257338747973,-0.0019931851859357336,-0.0005674513111384337,0.0005674513111384337,1
/Users/yti0811/Desktop/FE_data/npj_CM01/NPJ_CM_Fig_Python/Public_Reproducibility_Package_V01/npjcm-free-energy-surrogate_Re3/Python_Codes/table/snapshots_split/Ti64_400K_snap00025.extxyz,Ti64,400,Ti64__400,-0.0014662742802753,-0.0017436824498955603,-0.00027740816962026037,0.00027740816962026037,1
/Users/yti0811/Desktop/FE_data/npj_CM01/NPJ_CM_Fig_Python/Public_Reproducibility_Package_V01/npjcm-free-energy-surrogate_Re3/Python_Codes/table/snapshots_split/Ti64_400K_snap00026.extxyz,Ti64,400,Ti64__400,-0.0014789072607432,-0.0018669735143192765,-0.00038806625357607643,0.00038806625357607643,1
/Users/yti0811/Desktop/FE_data/npj_CM01/NPJ_CM_Fig_Python/Public_Reproducibility_Package_V01/npjcm-free-energy-surrogate_Re3/Python_Codes/table/snapshots_split/Ti64_400K_snap00027.extxyz,Ti64,400,Ti64__400,-0.0013138385623789,-0.0016735250652127366,-0.00035968650283383654,0.00035968650283383654,1
/Users/yti0811/Desktop/FE_data/npj_CM01/NPJ_CM_Fig_Python/Public_Reproducibility_Package_V01/npjcm-free-energy-surrogate_Re3/Python_Codes/table/snapshots_split/Ti64_400K_snap00028.extxyz,Ti64,400,Ti64__400,-0.0015867646998735,-0.001959410142560154,-0.00037264544268665427,0.00037264544268665427,1
/Users/yti0811/Desktop/FE_data/npj_CM01/NPJ_CM_Fig_Python/Public_Reproducibility_Package_V01/npjcm-free-energy-surrogate_Re3/Python_Codes/table/snapshots_split/Ti64_400K_snap00029.extxyz,Ti64,400,Ti64__400,-0.0013896525945866,-0.0016855958263616746,-0.00029594323177507473,0.00029594323177507473,1
/Users/yti0811/Desktop/FE_data/npj_CM01/NPJ_CM_Fig_Python/Public_Reproducibility_Package_V01/npjcm-free-energy-surrogate_Re3/Python_Codes/table/snapshots_split/Ti64_400K_snap00030.extxyz,Ti64,400,Ti64__400,-0.001450387273026,-0.0016812169851250177,-0.00023082971209901766,0.00023082971209901766,1
/Users/yti0811/Desktop/FE_data/npj_CM01/NPJ_CM_Fig_Python/Public_Reproducibility_Package_V01/npjcm-free-energy-surrogate_Re3/Python_Codes/table/snapshots_split/Ti64_400K_snap00031.extxyz,Ti64,400,Ti64__400,-0.0015471903072288,-0.0019231994264302266,-0.00037600911920142657,0.00037600911920142657,1
/Users/yti0811/Desktop/FE_data/npj_CM01/NPJ_CM_Fig_Python/Public_Reproducibility_Package_V01/npjcm-free-energy-surrogate_Re3/Python_Codes/table/snapshots_split/Ti64_400K_snap00032.extxyz,Ti64,400,Ti64__400,-0.001442702020294,-0.0018660050532239574,-0.00042330303292995746,0.00042330303292995746,1
/Users/yti0811/Desktop/FE_data/npj_CM01/NPJ_CM_Fig_Python/Public_Reproducibility_Package_V01/npjcm-free-energy-surrogate_Re3/Python_Codes/table/snapshots_split/Ti64_400K_snap00033.extxyz,Ti64,400,Ti64__400,-0.0014815234595866,-0.001538851730086996,-5.732827050039611e-05,5.732827050039611e-05,1
/Users/yti0811/Desktop/FE_data/npj_CM01/NPJ_CM_Fig_Python/Public_Reproducibility_Package_V01/npjcm-free-energy-surrogate_Re3/Python_Codes/table/snapshots_split/Ti64_400K_snap00034.extxyz,Ti64,400,Ti64__400,-0.0015333442774678,-0.0017988194279582848,-0.0002654751504904847,0.0002654751504904847,1
/Users/yti0811/Desktop/FE_data/npj_CM01/NPJ_CM_Fig_Python/Public_Reproducibility_Package_V01/npjcm-free-energy-surrogate_Re3/Python_Codes/table/snapshots_split/Ti64_400K_snap00035.extxyz,Ti64,400,Ti64__400,-0.0017221120115136,-0.001705694074238439,1.6417937275161037e-05,1.6417937275161037e-05,1
/Users/yti0811/Desktop/FE_data/npj_CM01/NPJ_CM_Fig_Python/Public_Reproducibility_Package_V01/npjcm-free-energy-surrogate_Re3/Python_Codes/table/snapshots_split/Ti64_400K_snap00036.extxyz,Ti64,400,Ti64__400,-0.0013955516275971,-0.002105207459759003,-0.000709655832161903,0.000709655832161903,1
/Users/yti0811/Desktop/FE_data/npj_CM01/NPJ_CM_Fig_Python/Public_Reproducibility_Package_V01/npjcm-free-energy-surrogate_Re3/Python_Codes/table/snapshots_split/Ti64_400K_snap00037.extxyz,Ti64,400,Ti64__400,-0.0013060263984827,-0.001803724701339441,-0.000497698302856741,0.000497698302856741,1
/Users/yti0811/Desktop/FE_data/npj_CM01/NPJ_CM_Fig_Python/Public_Reproducibility_Package_V01/npjcm-free-energy-surrogate_Re3/Python_Codes/table/snapshots_split/Ti64_400K_snap00038.extxyz,Ti64,400,Ti64__400,-0.0015645171194698,-0.0015937639460744087,-2.924682660460868e-05,2.924682660460868e-05,1
/Users/yti0811/Desktop/FE_data/npj_CM01/NPJ_CM_Fig_Python/Public_Reproducibility_Package_V01/npjcm-free-energy-surrogate_Re3/Python_Codes/table/snapshots_split/Ti64_400K_snap00039.extxyz,Ti64,400,Ti64__400,-0.0015317907752041,-0.001564499689493556,-3.270891428945599e-05,3.270891428945599e-05,1
/Users/yti0811/Desktop/FE_data/npj_CM01/NPJ_CM_Fig_Python/Public_Reproducibility_Package_V01/npjcm-free-energy-surrogate_Re3/Python_Codes/table/snapshots_split/Ti64_400K_snap00040.extxyz,Ti64,400,Ti64__400,-0.0015777813812121,-0.0015903784675457729,-1.2597086333672892e-05,1.2597086333672892e-05,1
/Users/yti0811/Desktop/FE_data/npj_CM01/NPJ_CM_Fig_Python/Public_Reproducibility_Package_V01/npjcm-free-energy-surrogate_Re3/Python_Codes/table/snapshots_split/Ti64_400K_snap00041.extxyz,Ti64,400,Ti64__400,-0.0015742503520372,-0.002098458829984174,-0.0005242084779469738,0.0005242084779469738,1
/Users/yti0811/Desktop/FE_data/npj_CM01/NPJ_CM_Fig_Python/Public_Reproducibility_Package_V01/npjcm-free-energy-surrogate_Re3/Python_Codes/table/snapshots_split/Ti64_400K_snap00042.extxyz,Ti64,400,Ti64__400,-0.0013989930849296,-0.0018310533471061863,-0.00043206026217658617,0.00043206026217658617,1
/Users/yti0811/Desktop/FE_data/npj_CM01/NPJ_CM_Fig_Python/Public_Reproducibility_Package_V01/npjcm-free-energy-surrogate_Re3/Python_Codes/table/snapshots_split/Ti64_400K_snap00043.extxyz,Ti64,400,Ti64__400,-0.001693689879018,-0.001848019114788079,-0.00015432923577007895,0.00015432923577007895,1
/Users/yti0811/Desktop/FE_data/npj_CM01/NPJ_CM_Fig_Python/Public_Reproducibility_Package_V01/npjcm-free-energy-surrogate_Re3/Python_Codes/table/snapshots_split/Ti64_400K_snap00044.extxyz,Ti64,400,Ti64__400,-0.001499844858461,-0.0019761909234024435,-0.0004763460649414436,0.0004763460649414436,1
/Users/yti0811/Desktop/FE_data/npj_CM01/NPJ_CM_Fig_Python/Public_Reproducibility_Package_V01/npjcm-free-energy-surrogate_Re3/Python_Codes/table/snapshots_split/Ti64_400K_snap00045.extxyz,Ti64,400,Ti64__400,-0.001575971399135,-0.0018513554050757844,-0.00027538400594078437,0.00027538400594078437,1
/Users/yti0811/Desktop/FE_data/npj_CM01/NPJ_CM_Fig_Python/Public_Reproducibility_Package_V01/npjcm-free-energy-surrogate_Re3/Python_Codes/table/snapshots_split/Ti64_400K_snap00046.extxyz,Ti64,400,Ti64__400,-0.0013140232027974,-0.0019373620767505003,-0.0006233388739531002,0.0006233388739531002,1
/Users/yti0811/Desktop/FE_data/npj_CM01/NPJ_CM_Fig_Python/Public_Reproducibility_Package_V01/npjcm-free-energy-surrogate_Re3/Python_Codes/table/snapshots_split/Ti64_400K_snap00047.extxyz,Ti64,400,Ti64__400,-0.0016659531540132,-0.0016227002784010847,4.3252875612115283e-05,4.3252875612115283e-05,1
/Users/yti0811/Desktop/FE_data/npj_CM01/NPJ_CM_Fig_Python/Public_Reproducibility_Package_V01/npjcm-free-energy-surrogate_Re3/Python_Codes/table/snapshots_split/Ti64_400K_snap00048.extxyz,Ti64,400,Ti64__400,-0.0013332525644178,-0.0018702006982720507,-0.0005369481338542506,0.0005369481338542506,1
/Users/yti0811/Desktop/FE_data/npj_CM01/NPJ_CM_Fig_Python/Public_Reproducibility_Package_V01/npjcm-free-energy-surrogate_Re3/Python_Codes/table/snapshots_split/Ti64_400K_snap00049.extxyz,Ti64,400,Ti64__400,-0.0013100982529878,-0.0019097008355676752,-0.0005996025825798753,0.0005996025825798753,1
/Users/yti0811/Desktop/FE_data/npj_CM01/NPJ_CM_Fig_Python/Public_Reproducibility_Package_V01/npjcm-free-energy-surrogate_Re3/Python_Codes/table/snapshots_split/Ti64_400K_snap00050.extxyz,Ti64,400,Ti64__400,-0.0015496555750515,-0.0018452265950582637,-0.0002955710200067637,0.0002955710200067637,1
/Users/yti0811/Desktop/FE_data/npj_CM01/NPJ_CM_Fig_Python/Public_Reproducibility_Package_V01/npjcm-free-energy-surrogate_Re3/Python_Codes/table/snapshots_split/Ti64_400K_snap00051.extxyz,Ti64,400,Ti64__400,-0.001789009917237,-0.0018336854454970657,-4.467552826006578e-05,4.467552826006578e-05,1
/Users/yti0811/Desktop/FE_data/npj_CM01/NPJ_CM_Fig_Python/Public_Reproducibility_Package_V01/npjcm-free-energy-surrogate_Re3/Python_Codes/table/snapshots_split/Ti64_400K_snap00052.extxyz,Ti64,400,Ti64__400,-0.0015433670850553,-0.001936645681149915,-0.000393278596094615,0.000393278596094615,1
/Users/yti0811/Desktop/FE_data/npj_CM01/NPJ_CM_Fig_Python/Public_Reproducibility_Package_V01/npjcm-free-energy-surrogate_Re3/Python_Codes/table/snapshots_split/Ti64_400K_snap00053.extxyz,Ti64,400,Ti64__400,-0.0014963058512271,-0.0018008388903248264,-0.0003045330390977264,0.0003045330390977264,1
/Users/yti0811/Desktop/FE_data/npj_CM01/NPJ_CM_Fig_Python/Public_Reproducibility_Package_V01/npjcm-free-energy-surrogate_Re3/Python_Codes/table/snapshots_split/Ti64_400K_snap00054.extxyz,Ti64,400,Ti64__400,-0.0014450485706578,-0.0016853896295758175,-0.00024034105891801742,0.00024034105891801742,1
/Users/yti0811/Desktop/FE_data/npj_CM01/NPJ_CM_Fig_Python/Public_Reproducibility_Package_V01/npjcm-free-energy-surrogate_Re3/Python_Codes/table/snapshots_split/Ti64_400K_snap00055.extxyz,Ti64,400,Ti64__400,-0.0016868540216428,-0.0018452245600950844,-0.0001583705384522844,0.0001583705384522844,1
/Users/yti0811/Desktop/FE_data/npj_CM01/NPJ_CM_Fig_Python/Public_Reproducibility_Package_V01/npjcm-free-energy-surrogate_Re3/Python_Codes/table/snapshots_split/Ti64_400K_snap00056.extxyz,Ti64,400,Ti64__400,-0.0016210645585956,-0.0016096735527824715,1.1391005813128543e-05,1.1391005813128543e-05,1
/Users/yti0811/Desktop/FE_data/npj_CM01/NPJ_CM_Fig_Python/Public_Reproducibility_Package_V01/npjcm-free-energy-surrogate_Re3/Python_Codes/table/snapshots_split/Ti64_400K_snap00057.extxyz,Ti64,400,Ti64__400,-0.0014001355858137,-0.001956924738108762,-0.0005567891522950622,0.0005567891522950622,1
/Users/yti0811/Desktop/FE_data/npj_CM01/NPJ_CM_Fig_Python/Public_Reproducibility_Package_V01/npjcm-free-energy-surrogate_Re3/Python_Codes/table/snapshots_split/Ti64_400K_snap00058.extxyz,Ti64,400,Ti64__400,-0.0015601055511271,-0.0017699072500459382,-0.0002098016989188383,0.0002098016989188383,1
/Users/yti0811/Desktop/FE_data/npj_CM01/NPJ_CM_Fig_Python/Public_Reproducibility_Package_V01/npjcm-free-energy-surrogate_Re3/Python_Codes/table/snapshots_split/Ti64_400K_snap00059.extxyz,Ti64,400,Ti64__400,-0.0015372229389505,-0.0016878615614992205,-0.0001506386225487205,0.0001506386225487205,1
/Users/yti0811/Desktop/FE_data/npj_CM01/NPJ_CM_Fig_Python/Public_Reproducibility_Package_V01/npjcm-free-energy-surrogate_Re3/Python_Codes/table/snapshots_split/Ti64_400K_snap00060.extxyz,Ti64,400,Ti64__400,-0.001387469471062,-0.001913634524585356,-0.000526165053523356,0.000526165053523356,1
/Users/yti0811/Desktop/FE_data/npj_CM01/NPJ_CM_Fig_Python/Public_Reproducibility_Package_V01/npjcm-free-energy-surrogate_Re3/Python_Codes/table/snapshots_split/Ti64_400K_snap00061.extxyz,Ti64,400,Ti64__400,-0.0016717242773169,-0.001967190022760516,-0.00029546574544361587,0.00029546574544361587,1
/Users/yti0811/Desktop/FE_data/npj_CM01/NPJ_CM_Fig_Python/Public_Reproducibility_Package_V01/npjcm-free-energy-surrogate_Re3/Python_Codes/table/snapshots_split/Ti64_400K_snap00062.extxyz,Ti64,400,Ti64__400,-0.0014936405732563,-0.0016798856757049303,-0.00018624510244863034,0.00018624510244863034,1
/Users/yti0811/Desktop/FE_data/npj_CM01/NPJ_CM_Fig_Python/Public_Reproducibility_Package_V01/npjcm-free-energy-surrogate_Re3/Python_Codes/table/snapshots_split/Ti64_400K_snap00063.extxyz,Ti64,400,Ti64__400,-0.0017049190600324,-0.001793779341922179,-8.886028188977916e-05,8.886028188977916e-05,1
/Users/yti0811/Desktop/FE_data/npj_CM01/NPJ_CM_Fig_Python/Public_Reproducibility_Package_V01/npjcm-free-energy-surrogate_Re3/Python_Codes/table/snapshots_split/Ti64_400K_snap00064.extxyz,Ti64,400,Ti64__400,-0.0016060531945176,-0.001993059004272209,-0.000387005809754609,0.000387005809754609,1
/Users/yti0811/Desktop/FE_data/npj_CM01/NPJ_CM_Fig_Python/Public_Reproducibility_Package_V01/npjcm-free-energy-surrogate_Re3/Python_Codes/table/snapshots_split/Ti64_400K_snap00065.extxyz,Ti64,400,Ti64__400,-0.0016752678215758,-0.0018848977049885653,-0.00020962988341276527,0.00020962988341276527,1
/Users/yti0811/Desktop/FE_data/npj_CM01/NPJ_CM_Fig_Python/Public_Reproducibility_Package_V01/npjcm-free-energy-surrogate_Re3/Python_Codes/table/snapshots_split/Ti64_400K_snap00066.extxyz,Ti64,400,Ti64__400,-0.0016402501324905,-0.0016910108198902071,-5.0760687399707205e-05,5.0760687399707205e-05,1
/Users/yti0811/Desktop/FE_data/npj_CM01/NPJ_CM_Fig_Python/Public_Reproducibility_Package_V01/npjcm-free-energy-surrogate_Re3/Python_Codes/table/snapshots_split/Ti64_400K_snap00067.extxyz,Ti64,400,Ti64__400,-0.0013946507157178,-0.0019108616401583914,-0.0005162109244405914,0.0005162109244405914,1
/Users/yti0811/Desktop/FE_data/npj_CM01/NPJ_CM_Fig_Python/Public_Reproducibility_Package_V01/npjcm-free-energy-surrogate_Re3/Python_Codes/table/snapshots_split/Ti64_400K_snap00068.extxyz,Ti64,400,Ti64__400,-0.001412133950122,-0.0017936923362948907,-0.0003815583861728907,0.0003815583861728907,1
/Users/yti0811/Desktop/FE_data/npj_CM01/NPJ_CM_Fig_Python/Public_Reproducibility_Package_V01/npjcm-free-energy-surrogate_Re3/Python_Codes/table/snapshots_split/Ti64_400K_snap00069.extxyz,Ti64,400,Ti64__400,-0.0017407122718526,-0.0018405664721032936,-9.985420025069355e-05,9.985420025069355e-05,1
/Users/yti0811/Desktop/FE_data/npj_CM01/NPJ_CM_Fig_Python/Public_Reproducibility_Package_V01/npjcm-free-energy-surrogate_Re3/Python_Codes/table/snapshots_split/Ti64_400K_snap00070.extxyz,Ti64,400,Ti64__400,-0.0016129408578551,-0.0017556958507500406,-0.00014275499289494046,0.00014275499289494046,1
/Users/yti0811/Desktop/FE_data/npj_CM01/NPJ_CM_Fig_Python/Public_Reproducibility_Package_V01/npjcm-free-energy-surrogate_Re3/Python_Codes/table/snapshots_split/Ti64_400K_snap00071.extxyz,Ti64,400,Ti64__400,-0.0014051869161659,-0.0016426571204898781,-0.00023747020432397813,0.00023747020432397813,1
/Users/yti0811/Desktop/FE_data/npj_CM01/NPJ_CM_Fig_Python/Public_Reproducibility_Package_V01/npjcm-free-energy-surrogate_Re3/Python_Codes/table/snapshots_split/Ti64_400K_snap00072.extxyz,Ti64,400,Ti64__400,-0.0016827959066467,-0.0017493564328462993,-6.656052619959931e-05,6.656052619959931e-05,1
/Users/yti0811/Desktop/FE_data/npj_CM01/NPJ_CM_Fig_Python/Public_Reproducibility_Package_V01/npjcm-free-energy-surrogate_Re3/Python_Codes/table/snapshots_split/Ti64_400K_snap00073.extxyz,Ti64,400,Ti64__400,-0.0015929798560934,-0.0017491484040736637,-0.00015616854798026374,0.00015616854798026374,1
/Users/yti0811/Desktop/FE_data/npj_CM01/NPJ_CM_Fig_Python/Public_Reproducibility_Package_V01/npjcm-free-energy-surrogate_Re3/Python_Codes/table/snapshots_split/Ti64_400K_snap00074.extxyz,Ti64,400,Ti64__400,-0.0015356464399862,-0.0020012333144679814,-0.0004655868744817815,0.0004655868744817815,1
/Users/yti0811/Desktop/FE_data/npj_CM01/NPJ_CM_Fig_Python/Public_Reproducibility_Package_V01/npjcm-free-energy-surrogate_Re3/Python_Codes/table/snapshots_split/Ti64_400K_snap00075.extxyz,Ti64,400,Ti64__400,-0.001518438417994,-0.001796430150947347,-0.0002779917329533469,0.0002779917329533469,1
/Users/yti0811/Desktop/FE_data/npj_CM01/NPJ_CM_Fig_Python/Public_Reproducibility_Package_V01/npjcm-free-energy-surrogate_Re3/Python_Codes/table/snapshots_split/Ti64_400K_snap00076.extxyz,Ti64,400,Ti64__400,-0.0015002928798029,-0.0016477865640043541,-0.00014749368420145402,0.00014749368420145402,1
/Users/yti0811/Desktop/FE_data/npj_CM01/NPJ_CM_Fig_Python/Public_Reproducibility_Package_V01/npjcm-free-energy-surrogate_Re3/Python_Codes/table/snapshots_split/Ti64_400K_snap00077.extxyz,Ti64,400,Ti64__400,-0.0014060585329687,-0.0020397826103327366,-0.0006337240773640366,0.0006337240773640366,1
/Users/yti0811/Desktop/FE_data/npj_CM01/NPJ_CM_Fig_Python/Public_Reproducibility_Package_V01/npjcm-free-energy-surrogate_Re3/Python_Codes/table/snapshots_split/Ti64_400K_snap00078.extxyz,Ti64,400,Ti64__400,-0.0014246942818505,-0.001710034310961354,-0.00028534002911085395,0.00028534002911085395,1
/Users/yti0811/Desktop/FE_data/npj_CM01/NPJ_CM_Fig_Python/Public_Reproducibility_Package_V01/npjcm-free-energy-surrogate_Re3/Python_Codes/table/snapshots_split/Ti64_400K_snap00079.extxyz,Ti64,400,Ti64__400,-0.0016781054007857,-0.0017314762775185776,-5.337087673287755e-05,5.337087673287755e-05,1
/Users/yti0811/Desktop/FE_data/npj_CM01/NPJ_CM_Fig_Python/Public_Reproducibility_Package_V01/npjcm-free-energy-surrogate_Re3/Python_Codes/table/snapshots_split/Ti64_400K_snap00080.extxyz,Ti64,400,Ti64__400,-0.001648499495922,-0.0016991947434741301,-5.069524755213018e-05,5.069524755213018e-05,1
/Users/yti0811/Desktop/FE_data/npj_CM01/NPJ_CM_Fig_Python/Public_Reproducibility_Package_V01/npjcm-free-energy-surrogate_Re3/Python_Codes/table/snapshots_split/Ti64_400K_snap00081.extxyz,Ti64,400,Ti64__400,-0.0014505110113824,-0.0019038411436404826,-0.0004533301322580826,0.0004533301322580826,1
/Users/yti0811/Desktop/FE_data/npj_CM01/NPJ_CM_Fig_Python/Public_Reproducibility_Package_V01/npjcm-free-energy-surrogate_Re3/Python_Codes/table/snapshots_split/Ti64_400K_snap00082.extxyz,Ti64,400,Ti64__400,-0.0013598879837119,-0.002076990231420552,-0.0007171022477086518,0.0007171022477086518,1
/Users/yti0811/Desktop/FE_data/npj_CM01/NPJ_CM_Fig_Python/Public_Reproducibility_Package_V01/npjcm-free-energy-surrogate_Re3/Python_Codes/table/snapshots_split/Ti64_400K_snap00083.extxyz,Ti64,400,Ti64__400,-0.0014761535498519,-0.001931534852894391,-0.000455381303042491,0.000455381303042491,1
/Users/yti0811/Desktop/FE_data/npj_CM01/NPJ_CM_Fig_Python/Public_Reproducibility_Package_V01/npjcm-free-energy-surrogate_Re3/Python_Codes/table/snapshots_split/Ti64_400K_snap00084.extxyz,Ti64,400,Ti64__400,-0.0014110616173439,-0.0017855185963382798,-0.0003744569789943797,0.0003744569789943797,1
/Users/yti0811/Desktop/FE_data/npj_CM01/NPJ_CM_Fig_Python/Public_Reproducibility_Package_V01/npjcm-free-energy-surrogate_Re3/Python_Codes/table/snapshots_split/Ti64_400K_snap00085.extxyz,Ti64,400,Ti64__400,-0.0018494565360771,-0.0014713382375314615,0.0003781182985456385,0.0003781182985456385,1
/Users/yti0811/Desktop/FE_data/npj_CM01/NPJ_CM_Fig_Python/Public_Reproducibility_Package_V01/npjcm-free-energy-surrogate_Re3/Python_Codes/table/snapshots_split/Ti64_400K_snap00086.extxyz,Ti64,400,Ti64__400,-0.0015748417004661,-0.0018570001553876404,-0.00028215845492154034,0.00028215845492154034,1
/Users/yti0811/Desktop/FE_data/npj_CM01/NPJ_CM_Fig_Python/Public_Reproducibility_Package_V01/npjcm-free-energy-surrogate_Re3/Python_Codes/table/snapshots_split/Ti64_400K_snap00087.extxyz,Ti64,400,Ti64__400,-0.0016387454660537,-0.0019303994635668726,-0.00029165399751317255,0.00029165399751317255,1
/Users/yti0811/Desktop/FE_data/npj_CM01/NPJ_CM_Fig_Python/Public_Reproducibility_Package_V01/npjcm-free-energy-surrogate_Re3/Python_Codes/table/snapshots_split/Ti64_400K_snap00088.extxyz,Ti64,400,Ti64__400,-0.0017379802734065,-0.0017084373288998559,2.9542944506644143e-05,2.9542944506644143e-05,1
/Users/yti0811/Desktop/FE_data/npj_CM01/NPJ_CM_Fig_Python/Public_Reproducibility_Package_V01/npjcm-free-energy-surrogate_Re3/Python_Codes/table/snapshots_split/Ti64_400K_snap00089.extxyz,Ti64,400,Ti64__400,-0.0013860425354559,-0.001956916553625623,-0.0005708740181697232,0.0005708740181697232,1
/Users/yti0811/Desktop/FE_data/npj_CM01/NPJ_CM_Fig_Python/Public_Reproducibility_Package_V01/npjcm-free-energy-surrogate_Re3/Python_Codes/table/snapshots_split/Ti64_400K_snap00090.extxyz,Ti64,400,Ti64__400,-0.0015061097008766,-0.0019592614056018628,-0.0004531517047252627,0.0004531517047252627,1
/Users/yti0811/Desktop/FE_data/npj_CM01/NPJ_CM_Fig_Python/Public_Reproducibility_Package_V01/npjcm-free-energy-surrogate_Re3/Python_Codes/table/snapshots_split/Ti64_400K_snap00091.extxyz,Ti64,400,Ti64__400,-0.0014067243290927,-0.0017572573168147866,-0.0003505329877220866,0.0003505329877220866,1
/Users/yti0811/Desktop/FE_data/npj_CM01/NPJ_CM_Fig_Python/Public_Reproducibility_Package_V01/npjcm-free-energy-surrogate_Re3/Python_Codes/table/snapshots_split/Ti64_400K_snap00092.extxyz,Ti64,400,Ti64__400,-0.0014291849423766,-0.001867380484456851,-0.0004381955420802511,0.0004381955420802511,1
/Users/yti0811/Desktop/FE_data/npj_CM01/NPJ_CM_Fig_Python/Public_Reproducibility_Package_V01/npjcm-free-energy-surrogate_Re3/Python_Codes/table/snapshots_split/Ti64_400K_snap00093.extxyz,Ti64,400,Ti64__400,-0.0014026950573737,-0.0015192091915543567,-0.00011651413418065667,0.00011651413418065667,1
/Users/yti0811/Desktop/FE_data/npj_CM01/NPJ_CM_Fig_Python/Public_Reproducibility_Package_V01/npjcm-free-energy-surrogate_Re3/Python_Codes/table/snapshots_split/Ti64_400K_snap00094.extxyz,Ti64,400,Ti64__400,-0.0012213680298971,-0.001944465896997049,-0.0007230978670999489,0.0007230978670999489,1
/Users/yti0811/Desktop/FE_data/npj_CM01/NPJ_CM_Fig_Python/Public_Reproducibility_Package_V01/npjcm-free-energy-surrogate_Re3/Python_Codes/table/snapshots_split/Ti64_400K_snap00095.extxyz,Ti64,400,Ti64__400,-0.0014090340787269,-0.0017054338400938878,-0.0002963997613669878,0.0002963997613669878,1
/Users/yti0811/Desktop/FE_data/npj_CM01/NPJ_CM_Fig_Python/Public_Reproducibility_Package_V01/npjcm-free-energy-surrogate_Re3/Python_Codes/table/snapshots_split/Ti64_400K_snap00096.extxyz,Ti64,400,Ti64__400,-0.001398253371154,-0.0020414140170161212,-0.0006431606458621212,0.0006431606458621212,1
/Users/yti0811/Desktop/FE_data/npj_CM01/NPJ_CM_Fig_Python/Public_Reproducibility_Package_V01/npjcm-free-energy-surrogate_Re3/Python_Codes/table/snapshots_split/Ti64_400K_snap00097.extxyz,Ti64,400,Ti64__400,-0.0012013420334804,-0.0019197564920315126,-0.0007184144585511126,0.0007184144585511126,1
/Users/yti0811/Desktop/FE_data/npj_CM01/NPJ_CM_Fig_Python/Public_Reproducibility_Package_V01/npjcm-free-energy-surrogate_Re3/Python_Codes/table/snapshots_split/Ti64_400K_snap00098.extxyz,Ti64,400,Ti64__400,-0.001572738514177,-0.001678742064951529,-0.00010600355077452898,0.00010600355077452898,1
/Users/yti0811/Desktop/FE_data/npj_CM01/NPJ_CM_Fig_Python/Public_Reproducibility_Package_V01/npjcm-free-energy-surrogate_Re3/Python_Codes/table/snapshots_split/Ti64_400K_snap00099.extxyz,Ti64,400,Ti64__400,-0.0014645204351555,-0.0019647213460216232,-0.0005002009108661233,0.0005002009108661233,1
/Users/yti0811/Desktop/FE_data/npj_CM01/NPJ_CM_Fig_Python/Public_Reproducibility_Package_V01/npjcm-free-energy-surrogate_Re3/Python_Codes/table/snapshots_split/Ti64_500K_snap00000.extxyz,Ti64,500,Ti64__500,-0.0033851838963039,-0.0024968913914703342,0.0008882925048335657,0.0008882925048335657,0
/Users/yti0811/Desktop/FE_data/npj_CM01/NPJ_CM_Fig_Python/Public_Reproducibility_Package_V01/npjcm-free-energy-surrogate_Re3/Python_Codes/table/snapshots_split/Ti64_500K_snap00001.extxyz,Ti64,500,Ti64__500,-0.0033030106880704,-0.0029725624406068195,0.00033044824746358056,0.00033044824746358056,0
/Users/yti0811/Desktop/FE_data/npj_CM01/NPJ_CM_Fig_Python/Public_Reproducibility_Package_V01/npjcm-free-energy-surrogate_Re3/Python_Codes/table/snapshots_split/Ti64_500K_snap00002.extxyz,Ti64,500,Ti64__500,-0.0036793603882309,-0.002421239915994805,0.001258120472236095,0.001258120472236095,0
/Users/yti0811/Desktop/FE_data/npj_CM01/NPJ_CM_Fig_Python/Public_Reproducibility_Package_V01/npjcm-free-energy-surrogate_Re3/Python_Codes/table/snapshots_split/Ti64_500K_snap00003.extxyz,Ti64,500,Ti64__500,-0.0036586450786343,-0.0031254579539501713,0.0005331871246841285,0.0005331871246841285,0
/Users/yti0811/Desktop/FE_data/npj_CM01/NPJ_CM_Fig_Python/Public_Reproducibility_Package_V01/npjcm-free-energy-surrogate_Re3/Python_Codes/table/snapshots_split/Ti64_500K_snap00004.extxyz,Ti64,500,Ti64__500,-0.0035078470165934,-0.002585719060521613,0.0009221279560717869,0.0009221279560717869,0
/Users/yti0811/Desktop/FE_data/npj_CM01/NPJ_CM_Fig_Python/Public_Reproducibility_Package_V01/npjcm-free-energy-surrogate_Re3/Python_Codes/table/snapshots_split/Ti64_500K_snap00005.extxyz,Ti64,500,Ti64__500,-0.0036409627597444,-0.003109146726609113,0.0005318160331352871,0.0005318160331352871,0
/Users/yti0811/Desktop/FE_data/npj_CM01/NPJ_CM_Fig_Python/Public_Reproducibility_Package_V01/npjcm-free-energy-surrogate_Re3/Python_Codes/table/snapshots_split/Ti64_500K_snap00006.extxyz,Ti64,500,Ti64__500,-0.0038119951167805,-0.002913138721214977,0.000898856395565523,0.000898856395565523,0
/Users/yti0811/Desktop/FE_data/npj_CM01/NPJ_CM_Fig_Python/Public_Reproducibility_Package_V01/npjcm-free-energy-surrogate_Re3/Python_Codes/table/snapshots_split/Ti64_500K_snap00007.extxyz,Ti64,500,Ti64__500,-0.0033170848157887,-0.0029045117925865084,0.00041257302320219175,0.00041257302320219175,0
/Users/yti0811/Desktop/FE_data/npj_CM01/NPJ_CM_Fig_Python/Public_Reproducibility_Package_V01/npjcm-free-energy-surrogate_Re3/Python_Codes/table/snapshots_split/Ti64_500K_snap00008.extxyz,Ti64,500,Ti64__500,-0.00332420355987,-0.0027755995548174126,0.0005486040050525875,0.0005486040050525875,0
/Users/yti0811/Desktop/FE_data/npj_CM01/NPJ_CM_Fig_Python/Public_Reproducibility_Package_V01/npjcm-free-energy-surrogate_Re3/Python_Codes/table/snapshots_split/Ti64_500K_snap00009.extxyz,Ti64,500,Ti64__500,-0.0033977276135722,-0.0027113931400153716,0.0006863344735568285,0.0006863344735568285,0
/Users/yti0811/Desktop/FE_data/npj_CM01/NPJ_CM_Fig_Python/Public_Reproducibility_Package_V01/npjcm-free-energy-surrogate_Re3/Python_Codes/table/snapshots_split/Ti64_500K_snap00010.extxyz,Ti64,500,Ti64__500,-0.0031969996483957,-0.002416356309769684,0.0007806433386260158,0.0007806433386260158,0
/Users/yti0811/Desktop/FE_data/npj_CM01/NPJ_CM_Fig_Python/Public_Reproducibility_Package_V01/npjcm-free-energy-surrogate_Re3/Python_Codes/table/snapshots_split/Ti64_500K_snap00011.extxyz,Ti64,500,Ti64__500,-0.003452253144492,-0.0023618921391393407,0.0010903610053526595,0.0010903610053526595,0
/Users/yti0811/Desktop/FE_data/npj_CM01/NPJ_CM_Fig_Python/Public_Reproducibility_Package_V01/npjcm-free-energy-surrogate_Re3/Python_Codes/table/snapshots_split/Ti64_500K_snap00012.extxyz,Ti64,500,Ti64__500,-0.0036564011070062,-0.002334309814228397,0.001322091292777803,0.001322091292777803,0
/Users/yti0811/Desktop/FE_data/npj_CM01/NPJ_CM_Fig_Python/Public_Reproducibility_Package_V01/npjcm-free-energy-surrogate_Re3/Python_Codes/table/snapshots_split/Ti64_500K_snap00013.extxyz,Ti64,500,Ti64__500,-0.0036157340416972,-0.0024923348238674024,0.0011233992178297978,0.0011233992178297978,0
/Users/yti0811/Desktop/FE_data/npj_CM01/NPJ_CM_Fig_Python/Public_Reproducibility_Package_V01/npjcm-free-energy-surrogate_Re3/Python_Codes/table/snapshots_split/Ti64_500K_snap00014.extxyz,Ti64,500,Ti64__500,-0.0034458510983614,-0.0025241127675123907,0.0009217383308490093,0.0009217383308490093,0
/Users/yti0811/Desktop/FE_data/npj_CM01/NPJ_CM_Fig_Python/Public_Reproducibility_Package_V01/npjcm-free-energy-surrogate_Re3/Python_Codes/table/snapshots_split/Ti64_500K_snap00015.extxyz,Ti64,500,Ti64__500,-0.003280206305942,-0.00321802776900341,6.217853693858992e-05,6.217853693858992e-05,0
/Users/yti0811/Desktop/FE_data/npj_CM01/NPJ_CM_Fig_Python/Public_Reproducibility_Package_V01/npjcm-free-energy-surrogate_Re3/Python_Codes/table/snapshots_split/Ti64_500K_snap00016.extxyz,Ti64,500,Ti64__500,-0.0030946637739873,-0.0026288702322467936,0.00046579354174050656,0.00046579354174050656,0
/Users/yti0811/Desktop/FE_data/npj_CM01/NPJ_CM_Fig_Python/Public_Reproducibility_Package_V01/npjcm-free-energy-surrogate_Re3/Python_Codes/table/snapshots_split/Ti64_500K_snap00017.extxyz,Ti64,500,Ti64__500,-0.0031548424697543,-0.002718428886624826,0.00043641358312947404,0.00043641358312947404,0
/Users/yti0811/Desktop/FE_data/npj_CM01/NPJ_CM_Fig_Python/Public_Reproducibility_Package_V01/npjcm-free-energy-surrogate_Re3/Python_Codes/table/snapshots_split/Ti64_500K_snap00018.extxyz,Ti64,500,Ti64__500,-0.0032319048092845,-0.0024404869572566073,0.0007914178520278927,0.0007914178520278927,0
/Users/yti0811/Desktop/FE_data/npj_CM01/NPJ_CM_Fig_Python/Public_Reproducibility_Package_V01/npjcm-free-energy-surrogate_Re3/Python_Codes/table/snapshots_split/Ti64_500K_snap00019.extxyz,Ti64,500,Ti64__500,-0.0035391134629214,-0.0026977607974993435,0.0008413526654220565,0.0008413526654220565,0
/Users/yti0811/Desktop/FE_data/npj_CM01/NPJ_CM_Fig_Python/Public_Reproducibility_Package_V01/npjcm-free-energy-surrogate_Re3/Python_Codes/table/snapshots_split/Ti64_500K_snap00020.extxyz,Ti64,500,Ti64__500,-0.0036977665747348,-0.0028521213492385673,0.0008456452254962327,0.0008456452254962327,0
/Users/yti0811/Desktop/FE_data/npj_CM01/NPJ_CM_Fig_Python/Public_Reproducibility_Package_V01/npjcm-free-energy-surrogate_Re3/Python_Codes/table/snapshots_split/Ti64_500K_snap00021.extxyz,Ti64,500,Ti64__500,-0.003591026657786,-0.002274207809758822,0.001316818848027178,0.001316818848027178,0
/Users/yti0811/Desktop/FE_data/npj_CM01/NPJ_CM_Fig_Python/Public_Reproducibility_Package_V01/npjcm-free-energy-surrogate_Re3/Python_Codes/table/snapshots_split/Ti64_500K_snap00022.extxyz,Ti64,500,Ti64__500,-0.0033838719265772,-0.003223457882060528,0.00016041404451667225,0.00016041404451667225,0
/Users/yti0811/Desktop/FE_data/npj_CM01/NPJ_CM_Fig_Python/Public_Reproducibility_Package_V01/npjcm-free-energy-surrogate_Re3/Python_Codes/table/snapshots_split/Ti64_500K_snap00023.extxyz,Ti64,500,Ti64__500,-0.0034479741177031,-0.0033426626991798886,0.00010531141852321117,0.00010531141852321117,0
/Users/yti0811/Desktop/FE_data/npj_CM01/NPJ_CM_Fig_Python/Public_Reproducibility_Package_V01/npjcm-free-energy-surrogate_Re3/Python_Codes/table/snapshots_split/Ti64_500K_snap00024.extxyz,Ti64,500,Ti64__500,-0.0034551614993023,-0.0032818525427371356,0.00017330895656516437,0.00017330895656516437,0
/Users/yti0811/Desktop/FE_data/npj_CM01/NPJ_CM_Fig_Python/Public_Reproducibility_Package_V01/npjcm-free-energy-surrogate_Re3/Python_Codes/table/snapshots_split/Ti64_500K_snap00025.extxyz,Ti64,500,Ti64__500,-0.0035102336221705,-0.003024645987761037,0.00048558763440946333,0.00048558763440946333,0
/Users/yti0811/Desktop/FE_data/npj_CM01/NPJ_CM_Fig_Python/Public_Reproducibility_Package_V01/npjcm-free-energy-surrogate_Re3/Python_Codes/table/snapshots_split/Ti64_500K_snap00026.extxyz,Ti64,500,Ti64__500,-0.0035120805276462,-0.003050861147260538,0.0004612193803856619,0.0004612193803856619,0
/Users/yti0811/Desktop/FE_data/npj_CM01/NPJ_CM_Fig_Python/Public_Reproducibility_Package_V01/npjcm-free-energy-surrogate_Re3/Python_Codes/table/snapshots_split/Ti64_500K_snap00027.extxyz,Ti64,500,Ti64__500,-0.003232321966864,-0.0029931629757609986,0.00023915899110300148,0.00023915899110300148,0
/Users/yti0811/Desktop/FE_data/npj_CM01/NPJ_CM_Fig_Python/Public_Reproducibility_Package_V01/npjcm-free-energy-surrogate_Re3/Python_Codes/table/snapshots_split/Ti64_500K_snap00028.extxyz,Ti64,500,Ti64__500,-0.0035178794372991,-0.003018991194519196,0.0004988882427799041,0.0004988882427799041,0
/Users/yti0811/Desktop/FE_data/npj_CM01/NPJ_CM_Fig_Python/Public_Reproducibility_Package_V01/npjcm-free-energy-surrogate_Re3/Python_Codes/table/snapshots_split/Ti64_500K_snap00029.extxyz,Ti64,500,Ti64__500,-0.0032330223386592,-0.0032093257787679636,2.3696559891236372e-05,2.3696559891236372e-05,0
/Users/yti0811/Desktop/FE_data/npj_CM01/NPJ_CM_Fig_Python/Public_Reproducibility_Package_V01/npjcm-free-energy-surrogate_Re3/Python_Codes/table/snapshots_split/Ti64_500K_snap00030.extxyz,Ti64,500,Ti64__500,-0.0034582755501434,-0.002492866730609924,0.0009654088195334759,0.0009654088195334759,0
/Users/yti0811/Desktop/FE_data/npj_CM01/NPJ_CM_Fig_Python/Public_Reproducibility_Package_V01/npjcm-free-energy-surrogate_Re3/Python_Codes/table/snapshots_split/Ti64_500K_snap00031.extxyz,Ti64,500,Ti64__500,-0.0033773171027388,-0.002753003011924916,0.0006243140908138841,0.0006243140908138841,0
/Users/yti0811/Desktop/FE_data/npj_CM01/NPJ_CM_Fig_Python/Public_Reproducibility_Package_V01/npjcm-free-energy-surrogate_Re3/Python_Codes/table/snapshots_split/Ti64_500K_snap00032.extxyz,Ti64,500,Ti64__500,-0.0033374999684193,-0.00293113137198442,0.00040636859643488005,0.00040636859643488005,0
/Users/yti0811/Desktop/FE_data/npj_CM01/NPJ_CM_Fig_Python/Public_Reproducibility_Package_V01/npjcm-free-energy-surrogate_Re3/Python_Codes/table/snapshots_split/Ti64_500K_snap00033.extxyz,Ti64,500,Ti64__500,-0.0035643610599503,-0.002881886261959743,0.0006824747979905571,0.0006824747979905571,0
/Users/yti0811/Desktop/FE_data/npj_CM01/NPJ_CM_Fig_Python/Public_Reproducibility_Package_V01/npjcm-free-energy-surrogate_Re3/Python_Codes/table/snapshots_split/Ti64_500K_snap00034.extxyz,Ti64,500,Ti64__500,-0.0033730785628562,-0.002942430596685988,0.0004306479661702117,0.0004306479661702117,0
/Users/yti0811/Desktop/FE_data/npj_CM01/NPJ_CM_Fig_Python/Public_Reproducibility_Package_V01/npjcm-free-energy-surrogate_Re3/Python_Codes/table/snapshots_split/Ti64_500K_snap00035.extxyz,Ti64,500,Ti64__500,-0.0030983970896858,-0.002620992910585471,0.00047740417910032903,0.00047740417910032903,0
/Users/yti0811/Desktop/FE_data/npj_CM01/NPJ_CM_Fig_Python/Public_Reproducibility_Package_V01/npjcm-free-energy-surrogate_Re3/Python_Codes/table/snapshots_split/Ti64_500K_snap00036.extxyz,Ti64,500,Ti64__500,-0.00337712991638,-0.002781866267066826,0.0005952636493131739,0.0005952636493131739,0
/Users/yti0811/Desktop/FE_data/npj_CM01/NPJ_CM_Fig_Python/Public_Reproducibility_Package_V01/npjcm-free-energy-surrogate_Re3/Python_Codes/table/snapshots_split/Ti64_500K_snap00037.extxyz,Ti64,500,Ti64__500,-0.0035716750954193,-0.00266819308255213,0.0009034820128671697,0.0009034820128671697,0
/Users/yti0811/Desktop/FE_data/npj_CM01/NPJ_CM_Fig_Python/Public_Reproducibility_Package_V01/npjcm-free-energy-surrogate_Re3/Python_Codes/table/snapshots_split/Ti64_500K_snap00038.extxyz,Ti64,500,Ti64__500,-0.0033404430116276,-0.002727915083962345,0.0006125279276652552,0.0006125279276652552,0
/Users/yti0811/Desktop/FE_data/npj_CM01/NPJ_CM_Fig_Python/Public_Reproducibility_Package_V01/npjcm-free-energy-surrogate_Re3/Python_Codes/table/snapshots_split/Ti64_500K_snap00039.extxyz,Ti64,500,Ti64__500,-0.0033048462310981,-0.002472121455038334,0.0008327247760597659,0.0008327247760597659,0
/Users/yti0811/Desktop/FE_data/npj_CM01/NPJ_CM_Fig_Python/Public_Reproducibility_Package_V01/npjcm-free-energy-surrogate_Re3/Python_Codes/table/snapshots_split/Ti64_500K_snap00040.extxyz,Ti64,500,Ti64__500,-0.0033536451876396,-0.002649149977060987,0.000704495210578613,0.000704495210578613,0
/Users/yti0811/Desktop/FE_data/npj_CM01/NPJ_CM_Fig_Python/Public_Reproducibility_Package_V01/npjcm-free-energy-surrogate_Re3/Python_Codes/table/snapshots_split/Ti64_500K_snap00041.extxyz,Ti64,500,Ti64__500,-0.0032027595899133,-0.0026545467998100977,0.0005482127901032022,0.0005482127901032022,0
/Users/yti0811/Desktop/FE_data/npj_CM01/NPJ_CM_Fig_Python/Public_Reproducibility_Package_V01/npjcm-free-energy-surrogate_Re3/Python_Codes/table/snapshots_split/Ti64_500K_snap00042.extxyz,Ti64,500,Ti64__500,-0.0035207607430318,-0.0028052550830720622,0.0007155056599597379,0.0007155056599597379,0
/Users/yti0811/Desktop/FE_data/npj_CM01/NPJ_CM_Fig_Python/Public_Reproducibility_Package_V01/npjcm-free-energy-surrogate_Re3/Python_Codes/table/snapshots_split/Ti64_500K_snap00043.extxyz,Ti64,500,Ti64__500,-0.0032427961009797,-0.0021352548761339424,0.0011075412248457575,0.0011075412248457575,0
/Users/yti0811/Desktop/FE_data/npj_CM01/NPJ_CM_Fig_Python/Public_Reproducibility_Package_V01/npjcm-free-energy-surrogate_Re3/Python_Codes/table/snapshots_split/Ti64_500K_snap00044.extxyz,Ti64,500,Ti64__500,-0.0032519816718818,-0.002394899195374542,0.000857082476507258,0.000857082476507258,0
/Users/yti0811/Desktop/FE_data/npj_CM01/NPJ_CM_Fig_Python/Public_Reproducibility_Package_V01/npjcm-free-energy-surrogate_Re3/Python_Codes/table/snapshots_split/Ti64_500K_snap00045.extxyz,Ti64,500,Ti64__500,-0.0034855728685536,-0.002273651956733398,0.0012119209118202018,0.0012119209118202018,0
/Users/yti0811/Desktop/FE_data/npj_CM01/NPJ_CM_Fig_Python/Public_Reproducibility_Package_V01/npjcm-free-energy-surrogate_Re3/Python_Codes/table/snapshots_split/Ti64_500K_snap00046.extxyz,Ti64,500,Ti64__500,-0.003378418303655,-0.0026721104319656045,0.0007063078716893953,0.0007063078716893953,0
/Users/yti0811/Desktop/FE_data/npj_CM01/NPJ_CM_Fig_Python/Public_Reproducibility_Package_V01/npjcm-free-energy-surrogate_Re3/Python_Codes/table/snapshots_split/Ti64_500K_snap00047.extxyz,Ti64,500,Ti64__500,-0.0030456186907003,-0.0026074804229469146,0.00043813826775338524,0.00043813826775338524,0
/Users/yti0811/Desktop/FE_data/npj_CM01/NPJ_CM_Fig_Python/Public_Reproducibility_Package_V01/npjcm-free-energy-surrogate_Re3/Python_Codes/table/snapshots_split/Ti64_500K_snap00048.extxyz,Ti64,500,Ti64__500,-0.0033061262867694,-0.002255429651037415,0.0010506966357319847,0.0010506966357319847,0
/Users/yti0811/Desktop/FE_data/npj_CM01/NPJ_CM_Fig_Python/Public_Reproducibility_Package_V01/npjcm-free-energy-surrogate_Re3/Python_Codes/table/snapshots_split/Ti64_500K_snap00049.extxyz,Ti64,500,Ti64__500,-0.0035351029215273,-0.0029095784745070655,0.0006255244470202343,0.0006255244470202343,0
/Users/yti0811/Desktop/FE_data/npj_CM01/NPJ_CM_Fig_Python/Public_Reproducibility_Package_V01/npjcm-free-energy-surrogate_Re3/Python_Codes/table/snapshots_split/Ti64_500K_snap00050.extxyz,Ti64,500,Ti64__500,-0.0035677278873939,-0.0025795362744188022,0.0009881916129750976,0.0009881916129750976,0
/Users/yti0811/Desktop/FE_data/npj_CM01/NPJ_CM_Fig_Python/Public_Reproducibility_Package_V01/npjcm-free-energy-surrogate_Re3/Python_Codes/table/snapshots_split/Ti64_500K_snap00051.extxyz,Ti64,500,Ti64__500,-0.0032736870161691,-0.0023464649112208942,0.0009272221049482056,0.0009272221049482056,0
/Users/yti0811/Desktop/FE_data/npj_CM01/NPJ_CM_Fig_Python/Public_Reproducibility_Package_V01/npjcm-free-energy-surrogate_Re3/Python_Codes/table/snapshots_split/Ti64_500K_snap00052.extxyz,Ti64,500,Ti64__500,-0.0033616193082958,-0.0025499009390103403,0.0008117183692854598,0.0008117183692854598,0
/Users/yti0811/Desktop/FE_data/npj_CM01/NPJ_CM_Fig_Python/Public_Reproducibility_Package_V01/npjcm-free-energy-surrogate_Re3/Python_Codes/table/snapshots_split/Ti64_500K_snap00053.extxyz,Ti64,500,Ti64__500,-0.0034220205871997,-0.0023417081388410607,0.0010803124483586392,0.0010803124483586392,0
/Users/yti0811/Desktop/FE_data/npj_CM01/NPJ_CM_Fig_Python/Public_Reproducibility_Package_V01/npjcm-free-energy-surrogate_Re3/Python_Codes/table/snapshots_split/Ti64_500K_snap00054.extxyz,Ti64,500,Ti64__500,-0.0034668962060463,-0.0024140080493477724,0.0010528881566985275,0.0010528881566985275,0
/Users/yti0811/Desktop/FE_data/npj_CM01/NPJ_CM_Fig_Python/Public_Reproducibility_Package_V01/npjcm-free-energy-surrogate_Re3/Python_Codes/table/snapshots_split/Ti64_500K_snap00055.extxyz,Ti64,500,Ti64__500,-0.0033865742868204,-0.003138892254446847,0.000247682032373553,0.000247682032373553,0
/Users/yti0811/Desktop/FE_data/npj_CM01/NPJ_CM_Fig_Python/Public_Reproducibility_Package_V01/npjcm-free-energy-surrogate_Re3/Python_Codes/table/snapshots_split/Ti64_500K_snap00056.extxyz,Ti64,500,Ti64__500,-0.0032357056337441,-0.0030357175883119142,0.0001999880454321857,0.0001999880454321857,0
/Users/yti0811/Desktop/FE_data/npj_CM01/NPJ_CM_Fig_Python/Public_Reproducibility_Package_V01/npjcm-free-energy-surrogate_Re3/Python_Codes/table/snapshots_split/Ti64_500K_snap00057.extxyz,Ti64,500,Ti64__500,-0.0034279726723054,-0.0027241327490046064,0.0007038399233007938,0.0007038399233007938,0
/Users/yti0811/Desktop/FE_data/npj_CM01/NPJ_CM_Fig_Python/Public_Reproducibility_Package_V01/npjcm-free-energy-surrogate_Re3/Python_Codes/table/snapshots_split/Ti64_500K_snap00058.extxyz,Ti64,500,Ti64__500,-0.0034718232440009,-0.0027953002174830586,0.0006765230265178414,0.0006765230265178414,0
/Users/yti0811/Desktop/FE_data/npj_CM01/NPJ_CM_Fig_Python/Public_Reproducibility_Package_V01/npjcm-free-energy-surrogate_Re3/Python_Codes/table/snapshots_split/Ti64_500K_snap00059.extxyz,Ti64,500,Ti64__500,-0.0036104907559486,-0.002523962170599529,0.001086528585349071,0.001086528585349071,0
/Users/yti0811/Desktop/FE_data/npj_CM01/NPJ_CM_Fig_Python/Public_Reproducibility_Package_V01/npjcm-free-energy-surrogate_Re3/Python_Codes/table/snapshots_split/Ti64_500K_snap00060.extxyz,Ti64,500,Ti64__500,-0.0036409845240983,-0.00273784481472294,0.00090313970937536,0.00090313970937536,0
/Users/yti0811/Desktop/FE_data/npj_CM01/NPJ_CM_Fig_Python/Public_Reproducibility_Package_V01/npjcm-free-energy-surrogate_Re3/Python_Codes/table/snapshots_split/Ti64_500K_snap00061.extxyz,Ti64,500,Ti64__500,-0.0030838267307086,-0.0031585761045894584,-7.474937388085839e-05,7.474937388085839e-05,0
/Users/yti0811/Desktop/FE_data/npj_CM01/NPJ_CM_Fig_Python/Public_Reproducibility_Package_V01/npjcm-free-energy-surrogate_Re3/Python_Codes/table/snapshots_split/Ti64_500K_snap00062.extxyz,Ti64,500,Ti64__500,-0.0035527370731772,-0.0023748747806470218,0.001177862292530178,0.001177862292530178,0
/Users/yti0811/Desktop/FE_data/npj_CM01/NPJ_CM_Fig_Python/Public_Reproducibility_Package_V01/npjcm-free-energy-surrogate_Re3/Python_Codes/table/snapshots_split/Ti64_500K_snap00063.extxyz,Ti64,500,Ti64__500,-0.0033931253570586,-0.002724929952412032,0.0006681954046465679,0.0006681954046465679,0
/Users/yti0811/Desktop/FE_data/npj_CM01/NPJ_CM_Fig_Python/Public_Reproducibility_Package_V01/npjcm-free-energy-surrogate_Re3/Python_Codes/table/snapshots_split/Ti64_500K_snap00064.extxyz,Ti64,500,Ti64__500,-0.0033818827200551,-0.002384136436460779,0.000997746283594321,0.000997746283594321,0
/Users/yti0811/Desktop/FE_data/npj_CM01/NPJ_CM_Fig_Python/Public_Reproducibility_Package_V01/npjcm-free-energy-surrogate_Re3/Python_Codes/table/snapshots_split/Ti64_500K_snap00065.extxyz,Ti64,500,Ti64__500,-0.0033579551366373,-0.0026243886967500566,0.0007335664398872436,0.0007335664398872436,0
/Users/yti0811/Desktop/FE_data/npj_CM01/NPJ_CM_Fig_Python/Public_Reproducibility_Package_V01/npjcm-free-energy-surrogate_Re3/Python_Codes/table/snapshots_split/Ti64_500K_snap00066.extxyz,Ti64,500,Ti64__500,-0.0035449216196521,-0.002540150477858901,0.001004771141793199,0.001004771141793199,0
/Users/yti0811/Desktop/FE_data/npj_CM01/NPJ_CM_Fig_Python/Public_Reproducibility_Package_V01/npjcm-free-energy-surrogate_Re3/Python_Codes/table/snapshots_split/Ti64_500K_snap00067.extxyz,Ti64,500,Ti64__500,-0.00346228418849,-0.0025010891377540323,0.0009611950507359677,0.0009611950507359677,0
/Users/yti0811/Desktop/FE_data/npj_CM01/NPJ_CM_Fig_Python/Public_Reproducibility_Package_V01/npjcm-free-energy-surrogate_Re3/Python_Codes/table/snapshots_split/Ti64_500K_snap00068.extxyz,Ti64,500,Ti64__500,-0.0031024732199884,-0.002239993418565791,0.000862479801422609,0.000862479801422609,0
/Users/yti0811/Desktop/FE_data/npj_CM01/NPJ_CM_Fig_Python/Public_Reproducibility_Package_V01/npjcm-free-energy-surrogate_Re3/Python_Codes/table/snapshots_split/Ti64_500K_snap00069.extxyz,Ti64,500,Ti64__500,-0.0032656032747745,-0.0026248026839471917,0.0006408005908273085,0.0006408005908273085,0
/Users/yti0811/Desktop/FE_data/npj_CM01/NPJ_CM_Fig_Python/Public_Reproducibility_Package_V01/npjcm-free-energy-surrogate_Re3/Python_Codes/table/snapshots_split/Ti64_500K_snap00070.extxyz,Ti64,500,Ti64__500,-0.0033363401323548,-0.0025615799199831123,0.0007747602123716877,0.0007747602123716877,0
/Users/yti0811/Desktop/FE_data/npj_CM01/NPJ_CM_Fig_Python/Public_Reproducibility_Package_V01/npjcm-free-energy-surrogate_Re3/Python_Codes/table/snapshots_split/Ti64_500K_snap00071.extxyz,Ti64,500,Ti64__500,-0.0035623421504913,-0.0027387007822406513,0.0008236413682506487,0.0008236413682506487,0
/Users/yti0811/Desktop/FE_data/npj_CM01/NPJ_CM_Fig_Python/Public_Reproducibility_Package_V01/npjcm-free-energy-surrogate_Re3/Python_Codes/table/snapshots_split/Ti64_500K_snap00072.extxyz,Ti64,500,Ti64__500,-0.0035547344018868,-0.002588208020854778,0.000966526381032022,0.000966526381032022,0
/Users/yti0811/Desktop/FE_data/npj_CM01/NPJ_CM_Fig_Python/Public_Reproducibility_Package_V01/npjcm-free-energy-surrogate_Re3/Python_Codes/table/snapshots_split/Ti64_500K_snap00073.extxyz,Ti64,500,Ti64__500,-0.0034221763392119,-0.0028922659318133146,0.0005299104073985855,0.0005299104073985855,0
/Users/yti0811/Desktop/FE_data/npj_CM01/NPJ_CM_Fig_Python/Public_Reproducibility_Package_V01/npjcm-free-energy-surrogate_Re3/Python_Codes/table/snapshots_split/Ti64_500K_snap00074.extxyz,Ti64,500,Ti64__500,-0.003274509512377,-0.002498171779191214,0.0007763377331857857,0.0007763377331857857,0
/Users/yti0811/Desktop/FE_data/npj_CM01/NPJ_CM_Fig_Python/Public_Reproducibility_Package_V01/npjcm-free-energy-surrogate_Re3/Python_Codes/table/snapshots_split/Ti64_500K_snap00075.extxyz,Ti64,500,Ti64__500,-0.0036901030766159,-0.002866294464640392,0.0008238086119755081,0.0008238086119755081,0
/Users/yti0811/Desktop/FE_data/npj_CM01/NPJ_CM_Fig_Python/Public_Reproducibility_Package_V01/npjcm-free-energy-surrogate_Re3/Python_Codes/table/snapshots_split/Ti64_500K_snap00076.extxyz,Ti64,500,Ti64__500,-0.0035575826107192,-0.0024444921108103907,0.0011130904999088094,0.0011130904999088094,0
/Users/yti0811/Desktop/FE_data/npj_CM01/NPJ_CM_Fig_Python/Public_Reproducibility_Package_V01/npjcm-free-energy-surrogate_Re3/Python_Codes/table/snapshots_split/Ti64_500K_snap00077.extxyz,Ti64,500,Ti64__500,-0.003468928370936,-0.0023372729600020657,0.001131655410933934,0.001131655410933934,0
/Users/yti0811/Desktop/FE_data/npj_CM01/NPJ_CM_Fig_Python/Public_Reproducibility_Package_V01/npjcm-free-energy-surrogate_Re3/Python_Codes/table/snapshots_split/Ti64_500K_snap00078.extxyz,Ti64,500,Ti64__500,-0.0034010910273953,-0.002196736303019161,0.0012043547243761393,0.0012043547243761393,0
/Users/yti0811/Desktop/FE_data/npj_CM01/NPJ_CM_Fig_Python/Public_Reproducibility_Package_V01/npjcm-free-energy-surrogate_Re3/Python_Codes/table/snapshots_split/Ti64_500K_snap00079.extxyz,Ti64,500,Ti64__500,-0.0031855129665714,-0.0029269934963609603,0.0002585194702104396,0.0002585194702104396,0
/Users/yti0811/Desktop/FE_data/npj_CM01/NPJ_CM_Fig_Python/Public_Reproducibility_Package_V01/npjcm-free-energy-surrogate_Re3/Python_Codes/table/snapshots_split/Ti64_500K_snap00080.extxyz,Ti64,500,Ti64__500,-0.0033133003725135,-0.0026722784709827282,0.0006410219015307718,0.0006410219015307718,0
/Users/yti0811/Desktop/FE_data/npj_CM01/NPJ_CM_Fig_Python/Public_Reproducibility_Package_V01/npjcm-free-energy-surrogate_Re3/Python_Codes/table/snapshots_split/Ti64_500K_snap00081.extxyz,Ti64,500,Ti64__500,-0.0034927839251659,-0.0027802876957649368,0.000712496229400963,0.000712496229400963,0
/Users/yti0811/Desktop/FE_data/npj_CM01/NPJ_CM_Fig_Python/Public_Reproducibility_Package_V01/npjcm-free-energy-surrogate_Re3/Python_Codes/table/snapshots_split/Ti64_500K_snap00082.extxyz,Ti64,500,Ti64__500,-0.0038859498231401,-0.0028117959927488495,0.0010741538303912506,0.0010741538303912506,0
/Users/yti0811/Desktop/FE_data/npj_CM01/NPJ_CM_Fig_Python/Public_Reproducibility_Package_V01/npjcm-free-energy-surrogate_Re3/Python_Codes/table/snapshots_split/Ti64_500K_snap00083.extxyz,Ti64,500,Ti64__500,-0.0029343406841381,-0.0026766152271546924,0.0002577254569834076,0.0002577254569834076,0
/Users/yti0811/Desktop/FE_data/npj_CM01/NPJ_CM_Fig_Python/Public_Reproducibility_Package_V01/npjcm-free-energy-surrogate_Re3/Python_Codes/table/snapshots_split/Ti64_500K_snap00084.extxyz,Ti64,500,Ti64__500,-0.0031789399391637,-0.002903749184995039,0.0002751907541686609,0.0002751907541686609,0
/Users/yti0811/Desktop/FE_data/npj_CM01/NPJ_CM_Fig_Python/Public_Reproducibility_Package_V01/npjcm-free-energy-surrogate_Re3/Python_Codes/table/snapshots_split/Ti64_500K_snap00085.extxyz,Ti64,500,Ti64__500,-0.0033379657360634,-0.0030193420485314943,0.0003186236875319056,0.0003186236875319056,0
/Users/yti0811/Desktop/FE_data/npj_CM01/NPJ_CM_Fig_Python/Public_Reproducibility_Package_V01/npjcm-free-energy-surrogate_Re3/Python_Codes/table/snapshots_split/Ti64_500K_snap00086.extxyz,Ti64,500,Ti64__500,-0.003336672631217,-0.002775150933558215,0.0005615216976587846,0.0005615216976587846,0
/Users/yti0811/Desktop/FE_data/npj_CM01/NPJ_CM_Fig_Python/Public_Reproducibility_Package_V01/npjcm-free-energy-surrogate_Re3/Python_Codes/table/snapshots_split/Ti64_500K_snap00087.extxyz,Ti64,500,Ti64__500,-0.0032262395200512,-0.0025213297186242457,0.0007049098014269544,0.0007049098014269544,0
/Users/yti0811/Desktop/FE_data/npj_CM01/NPJ_CM_Fig_Python/Public_Reproducibility_Package_V01/npjcm-free-energy-surrogate_Re3/Python_Codes/table/snapshots_split/Ti64_500K_snap00088.extxyz,Ti64,500,Ti64__500,-0.0033253167914258,-0.002855278433881914,0.00047003835754388587,0.00047003835754388587,0
/Users/yti0811/Desktop/FE_data/npj_CM01/NPJ_CM_Fig_Python/Public_Reproducibility_Package_V01/npjcm-free-energy-surrogate_Re3/Python_Codes/table/snapshots_split/Ti64_500K_snap00089.extxyz,Ti64,500,Ti64__500,-0.0034740717047332,-0.002503421864257164,0.0009706498404760361,0.0009706498404760361,0
/Users/yti0811/Desktop/FE_data/npj_CM01/NPJ_CM_Fig_Python/Public_Reproducibility_Package_V01/npjcm-free-energy-surrogate_Re3/Python_Codes/table/snapshots_split/Ti64_500K_snap00090.extxyz,Ti64,500,Ti64__500,-0.0032380567406647,-0.002545631219895478,0.000692425520769222,0.000692425520769222,0
/Users/yti0811/Desktop/FE_data/npj_CM01/NPJ_CM_Fig_Python/Public_Reproducibility_Package_V01/npjcm-free-energy-surrogate_Re3/Python_Codes/table/snapshots_split/Ti64_500K_snap00091.extxyz,Ti64,500,Ti64__500,-0.0031950286136719,-0.0024280383974973874,0.0007669902161745127,0.0007669902161745127,0
/Users/yti0811/Desktop/FE_data/npj_CM01/NPJ_CM_Fig_Python/Public_Reproducibility_Package_V01/npjcm-free-energy-surrogate_Re3/Python_Codes/table/snapshots_split/Ti64_500K_snap00092.extxyz,Ti64,500,Ti64__500,-0.0035475398495063,-0.0029248027126739227,0.0006227371368323774,0.0006227371368323774,0
/Users/yti0811/Desktop/FE_data/npj_CM01/NPJ_CM_Fig_Python/Public_Reproducibility_Package_V01/npjcm-free-energy-surrogate_Re3/Python_Codes/table/snapshots_split/Ti64_500K_snap00093.extxyz,Ti64,500,Ti64__500,-0.0036736269884325,-0.002866604715682844,0.0008070222727496559,0.0008070222727496559,0
/Users/yti0811/Desktop/FE_data/npj_CM01/NPJ_CM_Fig_Python/Public_Reproducibility_Package_V01/npjcm-free-energy-surrogate_Re3/Python_Codes/table/snapshots_split/Ti64_500K_snap00094.extxyz,Ti64,500,Ti64__500,-0.003626426048586,-0.0024374061701610016,0.0011890198784249985,0.0011890198784249985,0
/Users/yti0811/Desktop/FE_data/npj_CM01/NPJ_CM_Fig_Python/Public_Reproducibility_Package_V01/npjcm-free-energy-surrogate_Re3/Python_Codes/table/snapshots_split/Ti64_500K_snap00095.extxyz,Ti64,500,Ti64__500,-0.0033921362549854,-0.002375636599137224,0.0010164996558481758,0.0010164996558481758,0
/Users/yti0811/Desktop/FE_data/npj_CM01/NPJ_CM_Fig_Python/Public_Reproducibility_Package_V01/npjcm-free-energy-surrogate_Re3/Python_Codes/table/snapshots_split/Ti64_500K_snap00096.extxyz,Ti64,500,Ti64__500,-0.0036735912532266,-0.0030711564152455643,0.0006024348379810359,0.0006024348379810359,0
/Users/yti0811/Desktop/FE_data/npj_CM01/NPJ_CM_Fig_Python/Public_Reproducibility_Package_V01/npjcm-free-energy-surrogate_Re3/Python_Codes/table/snapshots_split/Ti64_500K_snap00097.extxyz,Ti64,500,Ti64__500,-0.0033607194999693,-0.00297064489594609,0.00039007460402321016,0.00039007460402321016,0
/Users/yti0811/Desktop/FE_data/npj_CM01/NPJ_CM_Fig_Python/Public_Reproducibility_Package_V01/npjcm-free-energy-surrogate_Re3/Python_Codes/table/snapshots_split/Ti64_500K_snap00098.extxyz,Ti64,500,Ti64__500,-0.0031214639408767,-0.003032739562091268,8.872437878543193e-05,8.872437878543193e-05,0
/Users/yti0811/Desktop/FE_data/npj_CM01/NPJ_CM_Fig_Python/Public_Reproducibility_Package_V01/npjcm-free-energy-surrogate_Re3/Python_Codes/table/snapshots_split/Ti64_500K_snap00099.extxyz,Ti64,500,Ti64__500,-0.003607425942867,-0.0032252408519177055,0.00038218509094929427,0.00038218509094929427,0
/Users/yti0811/Desktop/FE_data/npj_CM01/NPJ_CM_Fig_Python/Public_Reproducibility_Package_V01/npjcm-free-energy-surrogate_Re3/Python_Codes/table/snapshots_split/Ti64_600K_snap00000.extxyz,Ti64,600,Ti64__600,-0.0046447461769575,-0.006656817903851317,-0.0020120717268938175,0.0020120717268938175,2
/Users/yti0811/Desktop/FE_data/npj_CM01/NPJ_CM_Fig_Python/Public_Reproducibility_Package_V01/npjcm-free-energy-surrogate_Re3/Python_Codes/table/snapshots_split/Ti64_600K_snap00001.extxyz,Ti64,600,Ti64__600,-0.005269217848384,-0.006751234137357444,-0.0014820162889734442,0.0014820162889734442,2
/Users/yti0811/Desktop/FE_data/npj_CM01/NPJ_CM_Fig_Python/Public_Reproducibility_Package_V01/npjcm-free-energy-surrogate_Re3/Python_Codes/table/snapshots_split/Ti64_600K_snap00002.extxyz,Ti64,600,Ti64__600,-0.0050682362097626,-0.00676229612139889,-0.0016940599116362903,0.0016940599116362903,2
/Users/yti0811/Desktop/FE_data/npj_CM01/NPJ_CM_Fig_Python/Public_Reproducibility_Package_V01/npjcm-free-energy-surrogate_Re3/Python_Codes/table/snapshots_split/Ti64_600K_snap00003.extxyz,Ti64,600,Ti64__600,-0.0055006956938409,-0.007027262332071945,-0.0015265666382310444,0.0015265666382310444,2
/Users/yti0811/Desktop/FE_data/npj_CM01/NPJ_CM_Fig_Python/Public_Reproducibility_Package_V01/npjcm-free-energy-surrogate_Re3/Python_Codes/table/snapshots_split/Ti64_600K_snap00004.extxyz,Ti64,600,Ti64__600,-0.0049578621175837,-0.006914226209394286,-0.0019563640918105855,0.0019563640918105855,2
/Users/yti0811/Desktop/FE_data/npj_CM01/NPJ_CM_Fig_Python/Public_Reproducibility_Package_V01/npjcm-free-energy-surrogate_Re3/Python_Codes/table/snapshots_split/Ti64_600K_snap00005.extxyz,Ti64,600,Ti64__600,-0.0052688815249403,-0.006837729095290801,-0.0015688475703505012,0.0015688475703505012,2
/Users/yti0811/Desktop/FE_data/npj_CM01/NPJ_CM_Fig_Python/Public_Reproducibility_Package_V01/npjcm-free-energy-surrogate_Re3/Python_Codes/table/snapshots_split/Ti64_600K_snap00006.extxyz,Ti64,600,Ti64__600,-0.0053895728830309,-0.006860334579319666,-0.0014707616962887663,0.0014707616962887663,2
/Users/yti0811/Desktop/FE_data/npj_CM01/NPJ_CM_Fig_Python/Public_Reproducibility_Package_V01/npjcm-free-energy-surrogate_Re3/Python_Codes/table/snapshots_split/Ti64_600K_snap00007.extxyz,Ti64,600,Ti64__600,-0.0055005155029875,-0.006762316339648156,-0.001261800836660656,0.001261800836660656,2
/Users/yti0811/Desktop/FE_data/npj_CM01/NPJ_CM_Fig_Python/Public_Reproducibility_Package_V01/npjcm-free-energy-surrogate_Re3/Python_Codes/table/snapshots_split/Ti64_600K_snap00008.extxyz,Ti64,600,Ti64__600,-0.0054723554210288,-0.006730205591752209,-0.001257850170723409,0.001257850170723409,2
/Users/yti0811/Desktop/FE_data/npj_CM01/NPJ_CM_Fig_Python/Public_Reproducibility_Package_V01/npjcm-free-energy-surrogate_Re3/Python_Codes/table/snapshots_split/Ti64_600K_snap00009.extxyz,Ti64,600,Ti64__600,-0.0051651589285547,-0.006843849199864171,-0.0016786902713094715,0.0016786902713094715,2
/Users/yti0811/Desktop/FE_data/npj_CM01/NPJ_CM_Fig_Python/Public_Reproducibility_Package_V01/npjcm-free-energy-surrogate_Re3/Python_Codes/table/snapshots_split/Ti64_600K_snap00010.extxyz,Ti64,600,Ti64__600,-0.0051673570247771,-0.006771599314118297,-0.0016042422893411974,0.0016042422893411974,2
/Users/yti0811/Desktop/FE_data/npj_CM01/NPJ_CM_Fig_Python/Public_Reproducibility_Package_V01/npjcm-free-energy-surrogate_Re3/Python_Codes/table/snapshots_split/Ti64_600K_snap00011.extxyz,Ti64,600,Ti64__600,-0.0054248669814375,-0.006997502621326252,-0.0015726356398887515,0.0015726356398887515,2
/Users/yti0811/Desktop/FE_data/npj_CM01/NPJ_CM_Fig_Python/Public_Reproducibility_Package_V01/npjcm-free-energy-surrogate_Re3/Python_Codes/table/snapshots_split/Ti64_600K_snap00012.extxyz,Ti64,600,Ti64__600,-0.0052395887242308,-0.007301244349596371,-0.002061655625365571,0.002061655625365571,2
/Users/yti0811/Desktop/FE_data/npj_CM01/NPJ_CM_Fig_Python/Public_Reproducibility_Package_V01/npjcm-free-energy-surrogate_Re3/Python_Codes/table/snapshots_split/Ti64_600K_snap00013.extxyz,Ti64,600,Ti64__600,-0.0051463353553461,-0.0070872142574107625,-0.0019408789020646626,0.0019408789020646626,2
/Users/yti0811/Desktop/FE_data/npj_CM01/NPJ_CM_Fig_Python/Public_Reproducibility_Package_V01/npjcm-free-energy-surrogate_Re3/Python_Codes/table/snapshots_split/Ti64_600K_snap00014.extxyz,Ti64,600,Ti64__600,-0.0052399617719826,-0.007068178507392039,-0.0018282167354094388,0.0018282167354094388,2
/Users/yti0811/Desktop/FE_data/npj_CM01/NPJ_CM_Fig_Python/Public_Reproducibility_Package_V01/npjcm-free-energy-surrogate_Re3/Python_Codes/table/snapshots_split/Ti64_600K_snap00015.extxyz,Ti64,600,Ti64__600,-0.0053045396943228,-0.007011102137312608,-0.001706562442989808,0.001706562442989808,2
/Users/yti0811/Desktop/FE_data/npj_CM01/NPJ_CM_Fig_Python/Public_Reproducibility_Package_V01/npjcm-free-energy-surrogate_Re3/Python_Codes/table/snapshots_split/Ti64_600K_snap00016.extxyz,Ti64,600,Ti64__600,-0.0053521003952506,-0.006780743410269626,-0.0014286430150190262,0.0014286430150190262,2
/Users/yti0811/Desktop/FE_data/npj_CM01/NPJ_CM_Fig_Python/Public_Reproducibility_Package_V01/npjcm-free-energy-surrogate_Re3/Python_Codes/table/snapshots_split/Ti64_600K_snap00017.extxyz,Ti64,600,Ti64__600,-0.0051164546867453,-0.006638967586332283,-0.0015225128995869832,0.0015225128995869832,2
/Users/yti0811/Desktop/FE_data/npj_CM01/NPJ_CM_Fig_Python/Public_Reproducibility_Package_V01/npjcm-free-energy-surrogate_Re3/Python_Codes/table/snapshots_split/Ti64_600K_snap00018.extxyz,Ti64,600,Ti64__600,-0.0053995745959919,-0.006738915311357591,-0.0013393407153656908,0.0013393407153656908,2
/Users/yti0811/Desktop/FE_data/npj_CM01/NPJ_CM_Fig_Python/Public_Reproducibility_Package_V01/npjcm-free-energy-surrogate_Re3/Python_Codes/table/snapshots_split/Ti64_600K_snap00019.extxyz,Ti64,600,Ti64__600,-0.0055666060697384,-0.0069168271612464775,-0.0013502210915080776,0.0013502210915080776,2
/Users/yti0811/Desktop/FE_data/npj_CM01/NPJ_CM_Fig_Python/Public_Reproducibility_Package_V01/npjcm-free-energy-surrogate_Re3/Python_Codes/table/snapshots_split/Ti64_600K_snap00020.extxyz,Ti64,600,Ti64__600,-0.0054662896203679,-0.006750073660008699,-0.001283784039640799,0.001283784039640799,2
/Users/yti0811/Desktop/FE_data/npj_CM01/NPJ_CM_Fig_Python/Public_Reproducibility_Package_V01/npjcm-free-energy-surrogate_Re3/Python_Codes/table/snapshots_split/Ti64_600K_snap00021.extxyz,Ti64,600,Ti64__600,-0.0054483422105527,-0.0070083789294581806,-0.0015600367189054802,0.0015600367189054802,2
/Users/yti0811/Desktop/FE_data/npj_CM01/NPJ_CM_Fig_Python/Public_Reproducibility_Package_V01/npjcm-free-energy-surrogate_Re3/Python_Codes/table/snapshots_split/Ti64_600K_snap00022.extxyz,Ti64,600,Ti64__600,-0.0050368695686825,-0.007108788306481202,-0.002071918737798702,0.002071918737798702,2
/Users/yti0811/Desktop/FE_data/npj_CM01/NPJ_CM_Fig_Python/Public_Reproducibility_Package_V01/npjcm-free-energy-surrogate_Re3/Python_Codes/table/snapshots_split/Ti64_600K_snap00023.extxyz,Ti64,600,Ti64__600,-0.0048180868391104,-0.006925853090505202,-0.002107766251394802,0.002107766251394802,2
/Users/yti0811/Desktop/FE_data/npj_CM01/NPJ_CM_Fig_Python/Public_Reproducibility_Package_V01/npjcm-free-energy-surrogate_Re3/Python_Codes/table/snapshots_split/Ti64_600K_snap00024.extxyz,Ti64,600,Ti64__600,-0.0057702282675072,-0.007198686585135906,-0.001428458317628706,0.001428458317628706,2
/Users/yti0811/Desktop/FE_data/npj_CM01/NPJ_CM_Fig_Python/Public_Reproducibility_Package_V01/npjcm-free-energy-surrogate_Re3/Python_Codes/table/snapshots_split/Ti64_600K_snap00025.extxyz,Ti64,600,Ti64__600,-0.0052461436931886,-0.007002868118645548,-0.0017567244254569478,0.0017567244254569478,2
/Users/yti0811/Desktop/FE_data/npj_CM01/NPJ_CM_Fig_Python/Public_Reproducibility_Package_V01/npjcm-free-energy-surrogate_Re3/Python_Codes/table/snapshots_split/Ti64_600K_snap00026.extxyz,Ti64,600,Ti64__600,-0.0048979020654958,-0.0069307503767342005,-0.002032848311238401,0.002032848311238401,2
/Users/yti0811/Desktop/FE_data/npj_CM01/NPJ_CM_Fig_Python/Public_Reproducibility_Package_V01/npjcm-free-energy-surrogate_Re3/Python_Codes/table/snapshots_split/Ti64_600K_snap00027.extxyz,Ti64,600,Ti64__600,-0.0055200577253035,-0.006804033335935868,-0.0012839756106323682,0.0012839756106323682,2
/Users/yti0811/Desktop/FE_data/npj_CM01/NPJ_CM_Fig_Python/Public_Reproducibility_Package_V01/npjcm-free-energy-surrogate_Re3/Python_Codes/table/snapshots_split/Ti64_600K_snap00028.extxyz,Ti64,600,Ti64__600,-0.005256381694915,-0.007008132244209307,-0.001751750549294307,0.001751750549294307,2
/Users/yti0811/Desktop/FE_data/npj_CM01/NPJ_CM_Fig_Python/Public_Reproducibility_Package_V01/npjcm-free-energy-surrogate_Re3/Python_Codes/table/snapshots_split/Ti64_600K_snap00029.extxyz,Ti64,600,Ti64__600,-0.0055577455122942,-0.006886806086576349,-0.0013290605742821487,0.0013290605742821487,2
/Users/yti0811/Desktop/FE_data/npj_CM01/NPJ_CM_Fig_Python/Public_Reproducibility_Package_V01/npjcm-free-energy-surrogate_Re3/Python_Codes/table/snapshots_split/Ti64_600K_snap00030.extxyz,Ti64,600,Ti64__600,-0.0049557399487937,-0.007239221682433098,-0.0022834817336393988,0.0022834817336393988,2
/Users/yti0811/Desktop/FE_data/npj_CM01/NPJ_CM_Fig_Python/Public_Reproducibility_Package_V01/npjcm-free-energy-surrogate_Re3/Python_Codes/table/snapshots_split/Ti64_600K_snap00031.extxyz,Ti64,600,Ti64__600,-0.0050836095317948,-0.006716559441125479,-0.0016329499093306783,0.0016329499093306783,2
/Users/yti0811/Desktop/FE_data/npj_CM01/NPJ_CM_Fig_Python/Public_Reproducibility_Package_V01/npjcm-free-energy-surrogate_Re3/Python_Codes/table/snapshots_split/Ti64_600K_snap00032.extxyz,Ti64,600,Ti64__600,-0.0054910973107525,-0.007148955200763825,-0.0016578578900113255,0.0016578578900113255,2
/Users/yti0811/Desktop/FE_data/npj_CM01/NPJ_CM_Fig_Python/Public_Reproducibility_Package_V01/npjcm-free-energy-surrogate_Re3/Python_Codes/table/snapshots_split/Ti64_600K_snap00033.extxyz,Ti64,600,Ti64__600,-0.0054305312901067,-0.006622123704659882,-0.0011915924145531826,0.0011915924145531826,2
/Users/yti0811/Desktop/FE_data/npj_CM01/NPJ_CM_Fig_Python/Public_Reproducibility_Package_V01/npjcm-free-energy-surrogate_Re3/Python_Codes/table/snapshots_split/Ti64_600K_snap00034.extxyz,Ti64,600,Ti64__600,-0.0054609070998862,-0.006743769820740981,-0.0012828627208547813,0.0012828627208547813,2
/Users/yti0811/Desktop/FE_data/npj_CM01/NPJ_CM_Fig_Python/Public_Reproducibility_Package_V01/npjcm-free-energy-surrogate_Re3/Python_Codes/table/snapshots_split/Ti64_600K_snap00035.extxyz,Ti64,600,Ti64__600,-0.005438007736391,-0.006771121390844434,-0.0013331136544534336,0.0013331136544534336,2
/Users/yti0811/Desktop/FE_data/npj_CM01/NPJ_CM_Fig_Python/Public_Reproducibility_Package_V01/npjcm-free-energy-surrogate_Re3/Python_Codes/table/snapshots_split/Ti64_600K_snap00036.extxyz,Ti64,600,Ti64__600,-0.0050784014290191,-0.006735093595914614,-0.0016566921668955134,0.0016566921668955134,2
/Users/yti0811/Desktop/FE_data/npj_CM01/NPJ_CM_Fig_Python/Public_Reproducibility_Package_V01/npjcm-free-energy-surrogate_Re3/Python_Codes/table/snapshots_split/Ti64_600K_snap00037.extxyz,Ti64,600,Ti64__600,-0.0052237739958728,-0.006842890870692942,-0.001619116874820142,0.001619116874820142,2
/Users/yti0811/Desktop/FE_data/npj_CM01/NPJ_CM_Fig_Python/Public_Reproducibility_Package_V01/npjcm-free-energy-surrogate_Re3/Python_Codes/table/snapshots_split/Ti64_600K_snap00038.extxyz,Ti64,600,Ti64__600,-0.0051914190449081,-0.006923243289933939,-0.001731824245025839,0.001731824245025839,2
/Users/yti0811/Desktop/FE_data/npj_CM01/NPJ_CM_Fig_Python/Public_Reproducibility_Package_V01/npjcm-free-energy-surrogate_Re3/Python_Codes/table/snapshots_split/Ti64_600K_snap00039.extxyz,Ti64,600,Ti64__600,-0.0057319594951473,-0.006916262094346056,-0.0011843025991987565,0.0011843025991987565,2
/Users/yti0811/Desktop/FE_data/npj_CM01/NPJ_CM_Fig_Python/Public_Reproducibility_Package_V01/npjcm-free-energy-surrogate_Re3/Python_Codes/table/snapshots_split/Ti64_600K_snap00040.extxyz,Ti64,600,Ti64__600,-0.0053214366658239,-0.006808697866510611,-0.0014872612006867113,0.0014872612006867113,2
/Users/yti0811/Desktop/FE_data/npj_CM01/NPJ_CM_Fig_Python/Public_Reproducibility_Package_V01/npjcm-free-energy-surrogate_Re3/Python_Codes/table/snapshots_split/Ti64_600K_snap00041.extxyz,Ti64,600,Ti64__600,-0.0050994167104098,-0.0066238027917456055,-0.0015243860813358052,0.0015243860813358052,2
/Users/yti0811/Desktop/FE_data/npj_CM01/NPJ_CM_Fig_Python/Public_Reproducibility_Package_V01/npjcm-free-energy-surrogate_Re3/Python_Codes/table/snapshots_split/Ti64_600K_snap00042.extxyz,Ti64,600,Ti64__600,-0.0055179235806487,-0.006801017286551655,-0.001283093705902955,0.001283093705902955,2
/Users/yti0811/Desktop/FE_data/npj_CM01/NPJ_CM_Fig_Python/Public_Reproducibility_Package_V01/npjcm-free-energy-surrogate_Re3/Python_Codes/table/snapshots_split/Ti64_600K_snap00043.extxyz,Ti64,600,Ti64__600,-0.0051427479113083,-0.006612467600667078,-0.001469719689358778,0.001469719689358778,2
/Users/yti0811/Desktop/FE_data/npj_CM01/NPJ_CM_Fig_Python/Public_Reproducibility_Package_V01/npjcm-free-energy-surrogate_Re3/Python_Codes/table/snapshots_split/Ti64_600K_snap00044.extxyz,Ti64,600,Ti64__600,-0.0051327126183037,-0.006727624389928626,-0.0015949117716249255,0.0015949117716249255,2
/Users/yti0811/Desktop/FE_data/npj_CM01/NPJ_CM_Fig_Python/Public_Reproducibility_Package_V01/npjcm-free-energy-surrogate_Re3/Python_Codes/table/snapshots_split/Ti64_600K_snap00045.extxyz,Ti64,600,Ti64__600,-0.0052913302317191,-0.006672752309879149,-0.001381422078160049,0.001381422078160049,2
/Users/yti0811/Desktop/FE_data/npj_CM01/NPJ_CM_Fig_Python/Public_Reproducibility_Package_V01/npjcm-free-energy-surrogate_Re3/Python_Codes/table/snapshots_split/Ti64_600K_snap00046.extxyz,Ti64,600,Ti64__600,-0.0053969796864487,-0.006569923245705262,-0.0011729435592565621,0.0011729435592565621,2
/Users/yti0811/Desktop/FE_data/npj_CM01/NPJ_CM_Fig_Python/Public_Reproducibility_Package_V01/npjcm-free-energy-surrogate_Re3/Python_Codes/table/snapshots_split/Ti64_600K_snap00047.extxyz,Ti64,600,Ti64__600,-0.0052309793794186,-0.006697966780417093,-0.0014669874009984925,0.0014669874009984925,2
/Users/yti0811/Desktop/FE_data/npj_CM01/NPJ_CM_Fig_Python/Public_Reproducibility_Package_V01/npjcm-free-energy-surrogate_Re3/Python_Codes/table/snapshots_split/Ti64_600K_snap00048.extxyz,Ti64,600,Ti64__600,-0.0055527445146595,-0.006886980063444792,-0.001334235548785292,0.001334235548785292,2
/Users/yti0811/Desktop/FE_data/npj_CM01/NPJ_CM_Fig_Python/Public_Reproducibility_Package_V01/npjcm-free-energy-surrogate_Re3/Python_Codes/table/snapshots_split/Ti64_600K_snap00049.extxyz,Ti64,600,Ti64__600,-0.0053073048118711,-0.007082074473347359,-0.001774769661476259,0.001774769661476259,2
/Users/yti0811/Desktop/FE_data/npj_CM01/NPJ_CM_Fig_Python/Public_Reproducibility_Package_V01/npjcm-free-energy-surrogate_Re3/Python_Codes/table/snapshots_split/Ti64_600K_snap00050.extxyz,Ti64,600,Ti64__600,-0.0055284274434522,-0.006565816834628908,-0.0010373893911767079,0.0010373893911767079,2
/Users/yti0811/Desktop/FE_data/npj_CM01/NPJ_CM_Fig_Python/Public_Reproducibility_Package_V01/npjcm-free-energy-surrogate_Re3/Python_Codes/table/snapshots_split/Ti64_600K_snap00051.extxyz,Ti64,600,Ti64__600,-0.0049785116635688,-0.006549426217163981,-0.0015709145535951806,0.0015709145535951806,2
/Users/yti0811/Desktop/FE_data/npj_CM01/NPJ_CM_Fig_Python/Public_Reproducibility_Package_V01/npjcm-free-energy-surrogate_Re3/Python_Codes/table/snapshots_split/Ti64_600K_snap00052.extxyz,Ti64,600,Ti64__600,-0.0049137829443656,-0.007109997571670115,-0.002196214627304515,0.002196214627304515,2
/Users/yti0811/Desktop/FE_data/npj_CM01/NPJ_CM_Fig_Python/Public_Reproducibility_Package_V01/npjcm-free-energy-surrogate_Re3/Python_Codes/table/snapshots_split/Ti64_600K_snap00053.extxyz,Ti64,600,Ti64__600,-0.0052930148636695,-0.006901321195492808,-0.0016083063318233079,0.0016083063318233079,2
/Users/yti0811/Desktop/FE_data/npj_CM01/NPJ_CM_Fig_Python/Public_Reproducibility_Package_V01/npjcm-free-energy-surrogate_Re3/Python_Codes/table/snapshots_split/Ti64_600K_snap00054.extxyz,Ti64,600,Ti64__600,-0.0052400320947035,-0.00690777752609863,-0.0016677454313951305,0.0016677454313951305,2
/Users/yti0811/Desktop/FE_data/npj_CM01/NPJ_CM_Fig_Python/Public_Reproducibility_Package_V01/npjcm-free-energy-surrogate_Re3/Python_Codes/table/snapshots_split/Ti64_600K_snap00055.extxyz,Ti64,600,Ti64__600,-0.0053005412784631,-0.006834912780384169,-0.0015343715019210686,0.0015343715019210686,2
/Users/yti0811/Desktop/FE_data/npj_CM01/NPJ_CM_Fig_Python/Public_Reproducibility_Package_V01/npjcm-free-energy-surrogate_Re3/Python_Codes/table/snapshots_split/Ti64_600K_snap00056.extxyz,Ti64,600,Ti64__600,-0.0052210183970001,-0.0070727618811590055,-0.0018517434841589051,0.0018517434841589051,2
/Users/yti0811/Desktop/FE_data/npj_CM01/NPJ_CM_Fig_Python/Public_Reproducibility_Package_V01/npjcm-free-energy-surrogate_Re3/Python_Codes/table/snapshots_split/Ti64_600K_snap00057.extxyz,Ti64,600,Ti64__600,-0.005277039271717,-0.006958985415596658,-0.0016819461438796575,0.0016819461438796575,2
/Users/yti0811/Desktop/FE_data/npj_CM01/NPJ_CM_Fig_Python/Public_Reproducibility_Package_V01/npjcm-free-energy-surrogate_Re3/Python_Codes/table/snapshots_split/Ti64_600K_snap00058.extxyz,Ti64,600,Ti64__600,-0.0054723284539291,-0.006804344695888595,-0.001332016241959495,0.001332016241959495,2
/Users/yti0811/Desktop/FE_data/npj_CM01/NPJ_CM_Fig_Python/Public_Reproducibility_Package_V01/npjcm-free-energy-surrogate_Re3/Python_Codes/table/snapshots_split/Ti64_600K_snap00059.extxyz,Ti64,600,Ti64__600,-0.0055848723543397,-0.006981394098369874,-0.0013965217440301738,0.0013965217440301738,2
/Users/yti0811/Desktop/FE_data/npj_CM01/NPJ_CM_Fig_Python/Public_Reproducibility_Package_V01/npjcm-free-energy-surrogate_Re3/Python_Codes/table/snapshots_split/Ti64_600K_snap00060.extxyz,Ti64,600,Ti64__600,-0.0052962347374726,-0.006668097238526695,-0.0013718625010540955,0.0013718625010540955,2
/Users/yti0811/Desktop/FE_data/npj_CM01/NPJ_CM_Fig_Python/Public_Reproducibility_Package_V01/npjcm-free-energy-surrogate_Re3/Python_Codes/table/snapshots_split/Ti64_600K_snap00061.extxyz,Ti64,600,Ti64__600,-0.0050531670992831,-0.0070258814220106845,-0.0019727143227275847,0.0019727143227275847,2
/Users/yti0811/Desktop/FE_data/npj_CM01/NPJ_CM_Fig_Python/Public_Reproducibility_Package_V01/npjcm-free-energy-surrogate_Re3/Python_Codes/table/snapshots_split/Ti64_600K_snap00062.extxyz,Ti64,600,Ti64__600,-0.0051660158008469,-0.007025458227498607,-0.0018594424266517072,0.0018594424266517072,2
/Users/yti0811/Desktop/FE_data/npj_CM01/NPJ_CM_Fig_Python/Public_Reproducibility_Package_V01/npjcm-free-energy-surrogate_Re3/Python_Codes/table/snapshots_split/Ti64_600K_snap00063.extxyz,Ti64,600,Ti64__600,-0.0053965376018664,-0.006609141403052824,-0.001212603801186424,0.001212603801186424,2
/Users/yti0811/Desktop/FE_data/npj_CM01/NPJ_CM_Fig_Python/Public_Reproducibility_Package_V01/npjcm-free-energy-surrogate_Re3/Python_Codes/table/snapshots_split/Ti64_600K_snap00064.extxyz,Ti64,600,Ti64__600,-0.0053539201967957,-0.006828483785446492,-0.001474563588650792,0.001474563588650792,2
/Users/yti0811/Desktop/FE_data/npj_CM01/NPJ_CM_Fig_Python/Public_Reproducibility_Package_V01/npjcm-free-energy-surrogate_Re3/Python_Codes/table/snapshots_split/Ti64_600K_snap00065.extxyz,Ti64,600,Ti64__600,-0.0051712854432822,-0.006682388577853816,-0.0015111031345716158,0.0015111031345716158,2
/Users/yti0811/Desktop/FE_data/npj_CM01/NPJ_CM_Fig_Python/Public_Reproducibility_Package_V01/npjcm-free-energy-surrogate_Re3/Python_Codes/table/snapshots_split/Ti64_600K_snap00066.extxyz,Ti64,600,Ti64__600,-0.0052375332780113,-0.007048841148074881,-0.001811307870063581,0.001811307870063581,2
/Users/yti0811/Desktop/FE_data/npj_CM01/NPJ_CM_Fig_Python/Public_Reproducibility_Package_V01/npjcm-free-energy-surrogate_Re3/Python_Codes/table/snapshots_split/Ti64_600K_snap00067.extxyz,Ti64,600,Ti64__600,-0.0051787888713797,-0.007004283163939941,-0.0018254942925602403,0.0018254942925602403,2
/Users/yti0811/Desktop/FE_data/npj_CM01/NPJ_CM_Fig_Python/Public_Reproducibility_Package_V01/npjcm-free-energy-surrogate_Re3/Python_Codes/table/snapshots_split/Ti64_600K_snap00068.extxyz,Ti64,600,Ti64__600,-0.0050730735623486,-0.006835055523089729,-0.0017619819607411292,0.0017619819607411292,2
/Users/yti0811/Desktop/FE_data/npj_CM01/NPJ_CM_Fig_Python/Public_Reproducibility_Package_V01/npjcm-free-energy-surrogate_Re3/Python_Codes/table/snapshots_split/Ti64_600K_snap00069.extxyz,Ti64,600,Ti64__600,-0.0056146754531002,-0.0068659964809932635,-0.0012513210278930634,0.0012513210278930634,2
/Users/yti0811/Desktop/FE_data/npj_CM01/NPJ_CM_Fig_Python/Public_Reproducibility_Package_V01/npjcm-free-energy-surrogate_Re3/Python_Codes/table/snapshots_split/Ti64_600K_snap00070.extxyz,Ti64,600,Ti64__600,-0.0049572286168074,-0.007190304262951055,-0.0022330756461436552,0.0022330756461436552,2
/Users/yti0811/Desktop/FE_data/npj_CM01/NPJ_CM_Fig_Python/Public_Reproducibility_Package_V01/npjcm-free-energy-surrogate_Re3/Python_Codes/table/snapshots_split/Ti64_600K_snap00071.extxyz,Ti64,600,Ti64__600,-0.0050770980063471,-0.007092085399382997,-0.0020149873930358966,0.0020149873930358966,2
/Users/yti0811/Desktop/FE_data/npj_CM01/NPJ_CM_Fig_Python/Public_Reproducibility_Package_V01/npjcm-free-energy-surrogate_Re3/Python_Codes/table/snapshots_split/Ti64_600K_snap00072.extxyz,Ti64,600,Ti64__600,-0.0055176408655902,-0.006864645129691098,-0.001347004264100898,0.001347004264100898,2
/Users/yti0811/Desktop/FE_data/npj_CM01/NPJ_CM_Fig_Python/Public_Reproducibility_Package_V01/npjcm-free-energy-surrogate_Re3/Python_Codes/table/snapshots_split/Ti64_600K_snap00073.extxyz,Ti64,600,Ti64__600,-0.0050108098313917,-0.0069785131882088465,-0.0019677033568171465,0.0019677033568171465,2
/Users/yti0811/Desktop/FE_data/npj_CM01/NPJ_CM_Fig_Python/Public_Reproducibility_Package_V01/npjcm-free-energy-surrogate_Re3/Python_Codes/table/snapshots_split/Ti64_600K_snap00074.extxyz,Ti64,600,Ti64__600,-0.0048767636923995,-0.00695731852876962,-0.00208055483637012,0.00208055483637012,2
/Users/yti0811/Desktop/FE_data/npj_CM01/NPJ_CM_Fig_Python/Public_Reproducibility_Package_V01/npjcm-free-energy-surrogate_Re3/Python_Codes/table/snapshots_split/Ti64_600K_snap00075.extxyz,Ti64,600,Ti64__600,-0.0053602481920967,-0.007230313336460529,-0.0018700651443638288,0.0018700651443638288,2
/Users/yti0811/Desktop/FE_data/npj_CM01/NPJ_CM_Fig_Python/Public_Reproducibility_Package_V01/npjcm-free-energy-surrogate_Re3/Python_Codes/table/snapshots_split/Ti64_600K_snap00076.extxyz,Ti64,600,Ti64__600,-0.0053718543594262,-0.0068613613700859565,-0.0014895070106597562,0.0014895070106597562,2
/Users/yti0811/Desktop/FE_data/npj_CM01/NPJ_CM_Fig_Python/Public_Reproducibility_Package_V01/npjcm-free-energy-surrogate_Re3/Python_Codes/table/snapshots_split/Ti64_600K_snap00077.extxyz,Ti64,600,Ti64__600,-0.0052420658773862,-0.006910566687803226,-0.0016685008104170259,0.0016685008104170259,2
/Users/yti0811/Desktop/FE_data/npj_CM01/NPJ_CM_Fig_Python/Public_Reproducibility_Package_V01/npjcm-free-energy-surrogate_Re3/Python_Codes/table/snapshots_split/Ti64_600K_snap00078.extxyz,Ti64,600,Ti64__600,-0.0052358251492644,-0.00666449871820852,-0.0014286735689441202,0.0014286735689441202,2
/Users/yti0811/Desktop/FE_data/npj_CM01/NPJ_CM_Fig_Python/Public_Reproducibility_Package_V01/npjcm-free-energy-surrogate_Re3/Python_Codes/table/snapshots_split/Ti64_600K_snap00079.extxyz,Ti64,600,Ti64__600,-0.0049833250856449,-0.007037670742135322,-0.002054345656490422,0.002054345656490422,2
/Users/yti0811/Desktop/FE_data/npj_CM01/NPJ_CM_Fig_Python/Public_Reproducibility_Package_V01/npjcm-free-energy-surrogate_Re3/Python_Codes/table/snapshots_split/Ti64_600K_snap00080.extxyz,Ti64,600,Ti64__600,-0.0054058606836254,-0.006746855497408056,-0.0013409948137826557,0.0013409948137826557,2
/Users/yti0811/Desktop/FE_data/npj_CM01/NPJ_CM_Fig_Python/Public_Reproducibility_Package_V01/npjcm-free-energy-surrogate_Re3/Python_Codes/table/snapshots_split/Ti64_600K_snap00081.extxyz,Ti64,600,Ti64__600,-0.0049102823769261,-0.006789596937281708,-0.0018793145603556083,0.0018793145603556083,2
/Users/yti0811/Desktop/FE_data/npj_CM01/NPJ_CM_Fig_Python/Public_Reproducibility_Package_V01/npjcm-free-energy-surrogate_Re3/Python_Codes/table/snapshots_split/Ti64_600K_snap00082.extxyz,Ti64,600,Ti64__600,-0.0055996486889055,-0.0068009589648783805,-0.0012013102759728805,0.0012013102759728805,2
/Users/yti0811/Desktop/FE_data/npj_CM01/NPJ_CM_Fig_Python/Public_Reproducibility_Package_V01/npjcm-free-energy-surrogate_Re3/Python_Codes/table/snapshots_split/Ti64_600K_snap00083.extxyz,Ti64,600,Ti64__600,-0.0055668760043873,-0.006814009256623154,-0.0012471332522358547,0.0012471332522358547,2
/Users/yti0811/Desktop/FE_data/npj_CM01/NPJ_CM_Fig_Python/Public_Reproducibility_Package_V01/npjcm-free-energy-surrogate_Re3/Python_Codes/table/snapshots_split/Ti64_600K_snap00084.extxyz,Ti64,600,Ti64__600,-0.0050452050581314,-0.007144316638287182,-0.0020991115801557818,0.0020991115801557818,2
/Users/yti0811/Desktop/FE_data/npj_CM01/NPJ_CM_Fig_Python/Public_Reproducibility_Package_V01/npjcm-free-energy-surrogate_Re3/Python_Codes/table/snapshots_split/Ti64_600K_snap00085.extxyz,Ti64,600,Ti64__600,-0.0055010606031428,-0.006838867278015591,-0.0013378066748727909,0.0013378066748727909,2
/Users/yti0811/Desktop/FE_data/npj_CM01/NPJ_CM_Fig_Python/Public_Reproducibility_Package_V01/npjcm-free-energy-surrogate_Re3/Python_Codes/table/snapshots_split/Ti64_600K_snap00086.extxyz,Ti64,600,Ti64__600,-0.0051373877226598,-0.006767348295222933,-0.001629960572563133,0.001629960572563133,2
/Users/yti0811/Desktop/FE_data/npj_CM01/NPJ_CM_Fig_Python/Public_Reproducibility_Package_V01/npjcm-free-energy-surrogate_Re3/Python_Codes/table/snapshots_split/Ti64_600K_snap00087.extxyz,Ti64,600,Ti64__600,-0.0051022428149308,-0.007161191317268673,-0.0020589485023378732,0.0020589485023378732,2
/Users/yti0811/Desktop/FE_data/npj_CM01/NPJ_CM_Fig_Python/Public_Reproducibility_Package_V01/npjcm-free-energy-surrogate_Re3/Python_Codes/table/snapshots_split/Ti64_600K_snap00088.extxyz,Ti64,600,Ti64__600,-0.0055377428411064,-0.007089018353851573,-0.001551275512745173,0.001551275512745173,2
/Users/yti0811/Desktop/FE_data/npj_CM01/NPJ_CM_Fig_Python/Public_Reproducibility_Package_V01/npjcm-free-energy-surrogate_Re3/Python_Codes/table/snapshots_split/Ti64_600K_snap00089.extxyz,Ti64,600,Ti64__600,-0.0054629054620588,-0.006967724645074174,-0.0015048191830153747,0.0015048191830153747,2
/Users/yti0811/Desktop/FE_data/npj_CM01/NPJ_CM_Fig_Python/Public_Reproducibility_Package_V01/npjcm-free-energy-surrogate_Re3/Python_Codes/table/snapshots_split/Ti64_600K_snap00090.extxyz,Ti64,600,Ti64__600,-0.0050542260973706,-0.007163114626330232,-0.0021088885289596328,0.0021088885289596328,2
/Users/yti0811/Desktop/FE_data/npj_CM01/NPJ_CM_Fig_Python/Public_Reproducibility_Package_V01/npjcm-free-energy-surrogate_Re3/Python_Codes/table/snapshots_split/Ti64_600K_snap00091.extxyz,Ti64,600,Ti64__600,-0.0052723326501152,-0.007037783504654362,-0.0017654508545391625,0.0017654508545391625,2
/Users/yti0811/Desktop/FE_data/npj_CM01/NPJ_CM_Fig_Python/Public_Reproducibility_Package_V01/npjcm-free-energy-surrogate_Re3/Python_Codes/table/snapshots_split/Ti64_600K_snap00092.extxyz,Ti64,600,Ti64__600,-0.0053792645876652,-0.006659969001478163,-0.0012807044138129628,0.0012807044138129628,2
/Users/yti0811/Desktop/FE_data/npj_CM01/NPJ_CM_Fig_Python/Public_Reproducibility_Package_V01/npjcm-free-energy-surrogate_Re3/Python_Codes/table/snapshots_split/Ti64_600K_snap00093.extxyz,Ti64,600,Ti64__600,-0.0051289229619692,-0.006743482025318055,-0.0016145590633488555,0.0016145590633488555,2
/Users/yti0811/Desktop/FE_data/npj_CM01/NPJ_CM_Fig_Python/Public_Reproducibility_Package_V01/npjcm-free-energy-surrogate_Re3/Python_Codes/table/snapshots_split/Ti64_600K_snap00094.extxyz,Ti64,600,Ti64__600,-0.0053726387169829,-0.007248729209677766,-0.0018760904926948662,0.0018760904926948662,2
/Users/yti0811/Desktop/FE_data/npj_CM01/NPJ_CM_Fig_Python/Public_Reproducibility_Package_V01/npjcm-free-energy-surrogate_Re3/Python_Codes/table/snapshots_split/Ti64_600K_snap00095.extxyz,Ti64,600,Ti64__600,-0.0056203962030149,-0.006924996967592927,-0.0013046007645780271,0.0013046007645780271,2
/Users/yti0811/Desktop/FE_data/npj_CM01/NPJ_CM_Fig_Python/Public_Reproducibility_Package_V01/npjcm-free-energy-surrogate_Re3/Python_Codes/table/snapshots_split/Ti64_600K_snap00096.extxyz,Ti64,600,Ti64__600,-0.0050523512558485,-0.006788648405233108,-0.0017362971493846083,0.0017362971493846083,2
/Users/yti0811/Desktop/FE_data/npj_CM01/NPJ_CM_Fig_Python/Public_Reproducibility_Package_V01/npjcm-free-energy-surrogate_Re3/Python_Codes/table/snapshots_split/Ti64_600K_snap00097.extxyz,Ti64,600,Ti64__600,-0.0053683716145834,-0.006862408661542638,-0.0014940370469592379,0.0014940370469592379,2
/Users/yti0811/Desktop/FE_data/npj_CM01/NPJ_CM_Fig_Python/Public_Reproducibility_Package_V01/npjcm-free-energy-surrogate_Re3/Python_Codes/table/snapshots_split/Ti64_600K_snap00098.extxyz,Ti64,600,Ti64__600,-0.005317973387907,-0.006683043450743821,-0.0013650700628368212,0.0013650700628368212,2
/Users/yti0811/Desktop/FE_data/npj_CM01/NPJ_CM_Fig_Python/Public_Reproducibility_Package_V01/npjcm-free-energy-surrogate_Re3/Python_Codes/table/snapshots_split/Ti64_600K_snap00099.extxyz,Ti64,600,Ti64__600,-0.0054244951773682,-0.00688497944552517,-0.0014604842681569703,0.0014604842681569703,2
/Users/yti0811/Desktop/FE_data/npj_CM01/NPJ_CM_Fig_Python/Public_Reproducibility_Package_V01/npjcm-free-energy-surrogate_Re3/Python_Codes/table/snapshots_split/Ti64_700K_snap00000.extxyz,Ti64,700,Ti64__700,-0.0106939240473123,-0.007084022601036704,0.0036099014462755968,0.0036099014462755968,1
/Users/yti0811/Desktop/FE_data/npj_CM01/NPJ_CM_Fig_Python/Public_Reproducibility_Package_V01/npjcm-free-energy-surrogate_Re3/Python_Codes/table/snapshots_split/Ti64_700K_snap00001.extxyz,Ti64,700,Ti64__700,-0.0112669431088852,-0.007002649795995478,0.004264293312889721,0.004264293312889721,1
/Users/yti0811/Desktop/FE_data/npj_CM01/NPJ_CM_Fig_Python/Public_Reproducibility_Package_V01/npjcm-free-energy-surrogate_Re3/Python_Codes/table/snapshots_split/Ti64_700K_snap00002.extxyz,Ti64,700,Ti64__700,-0.0110767617028004,-0.007130260025062764,0.003946501677737637,0.003946501677737637,1
/Users/yti0811/Desktop/FE_data/npj_CM01/NPJ_CM_Fig_Python/Public_Reproducibility_Package_V01/npjcm-free-energy-surrogate_Re3/Python_Codes/table/snapshots_split/Ti64_700K_snap00003.extxyz,Ti64,700,Ti64__700,-0.0109981639995036,-0.007037729395689317,0.003960434603814283,0.003960434603814283,1
/Users/yti0811/Desktop/FE_data/npj_CM01/NPJ_CM_Fig_Python/Public_Reproducibility_Package_V01/npjcm-free-energy-surrogate_Re3/Python_Codes/table/snapshots_split/Ti64_700K_snap00004.extxyz,Ti64,700,Ti64__700,-0.0112678755671673,-0.007035218835375768,0.0042326567317915315,0.0042326567317915315,1
/Users/yti0811/Desktop/FE_data/npj_CM01/NPJ_CM_Fig_Python/Public_Reproducibility_Package_V01/npjcm-free-energy-surrogate_Re3/Python_Codes/table/snapshots_split/Ti64_700K_snap00005.extxyz,Ti64,700,Ti64__700,-0.0112201414985264,-0.0070317618561262256,0.004188379642400175,0.004188379642400175,1
/Users/yti0811/Desktop/FE_data/npj_CM01/NPJ_CM_Fig_Python/Public_Reproducibility_Package_V01/npjcm-free-energy-surrogate_Re3/Python_Codes/table/snapshots_split/Ti64_700K_snap00006.extxyz,Ti64,700,Ti64__700,-0.0112428616254378,-0.007011170034868796,0.004231691590569004,0.004231691590569004,1
/Users/yti0811/Desktop/FE_data/npj_CM01/NPJ_CM_Fig_Python/Public_Reproducibility_Package_V01/npjcm-free-energy-surrogate_Re3/Python_Codes/table/snapshots_split/Ti64_700K_snap00007.extxyz,Ti64,700,Ti64__700,-0.0113044800068174,-0.007257388035254317,0.004047091971563083,0.004047091971563083,1
/Users/yti0811/Desktop/FE_data/npj_CM01/NPJ_CM_Fig_Python/Public_Reproducibility_Package_V01/npjcm-free-energy-surrogate_Re3/Python_Codes/table/snapshots_split/Ti64_700K_snap00008.extxyz,Ti64,700,Ti64__700,-0.0111283334036231,-0.007114097235254659,0.00401423616836844,0.00401423616836844,1
/Users/yti0811/Desktop/FE_data/npj_CM01/NPJ_CM_Fig_Python/Public_Reproducibility_Package_V01/npjcm-free-energy-surrogate_Re3/Python_Codes/table/snapshots_split/Ti64_700K_snap00009.extxyz,Ti64,700,Ti64__700,-0.0116085480002858,-0.006639402597341668,0.004969145402944132,0.004969145402944132,1
/Users/yti0811/Desktop/FE_data/npj_CM01/NPJ_CM_Fig_Python/Public_Reproducibility_Package_V01/npjcm-free-energy-surrogate_Re3/Python_Codes/table/snapshots_split/Ti64_700K_snap00010.extxyz,Ti64,700,Ti64__700,-0.0112144782723646,-0.006838712048477679,0.004375766223886921,0.004375766223886921,1
/Users/yti0811/Desktop/FE_data/npj_CM01/NPJ_CM_Fig_Python/Public_Reproducibility_Package_V01/npjcm-free-energy-surrogate_Re3/Python_Codes/table/snapshots_split/Ti64_700K_snap00011.extxyz,Ti64,700,Ti64__700,-0.0107144621213191,-0.007215921800301946,0.0034985403210171535,0.0034985403210171535,1
/Users/yti0811/Desktop/FE_data/npj_CM01/NPJ_CM_Fig_Python/Public_Reproducibility_Package_V01/npjcm-free-energy-surrogate_Re3/Python_Codes/table/snapshots_split/Ti64_700K_snap00012.extxyz,Ti64,700,Ti64__700,-0.0109435168427598,-0.007238241528400373,0.0037052753143594266,0.0037052753143594266,1
/Users/yti0811/Desktop/FE_data/npj_CM01/NPJ_CM_Fig_Python/Public_Reproducibility_Package_V01/npjcm-free-energy-surrogate_Re3/Python_Codes/table/snapshots_split/Ti64_700K_snap00013.extxyz,Ti64,700,Ti64__700,-0.0113981302668984,-0.006903265022665482,0.004494865244232918,0.004494865244232918,1
/Users/yti0811/Desktop/FE_data/npj_CM01/NPJ_CM_Fig_Python/Public_Reproducibility_Package_V01/npjcm-free-energy-surrogate_Re3/Python_Codes/table/snapshots_split/Ti64_700K_snap00014.extxyz,Ti64,700,Ti64__700,-0.0112690784883256,-0.007003600434895559,0.004265478053430041,0.004265478053430041,1
/Users/yti0811/Desktop/FE_data/npj_CM01/NPJ_CM_Fig_Python/Public_Reproducibility_Package_V01/npjcm-free-energy-surrogate_Re3/Python_Codes/table/snapshots_split/Ti64_700K_snap00015.extxyz,Ti64,700,Ti64__700,-0.0113508016718979,-0.00669701863869674,0.0046537830332011604,0.0046537830332011604,1
/Users/yti0811/Desktop/FE_data/npj_CM01/NPJ_CM_Fig_Python/Public_Reproducibility_Package_V01/npjcm-free-energy-surrogate_Re3/Python_Codes/table/snapshots_split/Ti64_700K_snap00016.extxyz,Ti64,700,Ti64__700,-0.0111263526788088,-0.006605287215036384,0.004521065463772416,0.004521065463772416,1
/Users/yti0811/Desktop/FE_data/npj_CM01/NPJ_CM_Fig_Python/Public_Reproducibility_Package_V01/npjcm-free-energy-surrogate_Re3/Python_Codes/table/snapshots_split/Ti64_700K_snap00017.extxyz,Ti64,700,Ti64__700,-0.0111021374932054,-0.007150857041204339,0.003951280452001061,0.003951280452001061,1
/Users/yti0811/Desktop/FE_data/npj_CM01/NPJ_CM_Fig_Python/Public_Reproducibility_Package_V01/npjcm-free-energy-surrogate_Re3/Python_Codes/table/snapshots_split/Ti64_700K_snap00018.extxyz,Ti64,700,Ti64__700,-0.0110964279989547,-0.00685340040006529,0.004243027598889409,0.004243027598889409,1
/Users/yti0811/Desktop/FE_data/npj_CM01/NPJ_CM_Fig_Python/Public_Reproducibility_Package_V01/npjcm-free-energy-surrogate_Re3/Python_Codes/table/snapshots_split/Ti64_700K_snap00019.extxyz,Ti64,700,Ti64__700,-0.0110666671025843,-0.007038027495971256,0.004028639606613043,0.004028639606613043,1
/Users/yti0811/Desktop/FE_data/npj_CM01/NPJ_CM_Fig_Python/Public_Reproducibility_Package_V01/npjcm-free-energy-surrogate_Re3/Python_Codes/table/snapshots_split/Ti64_700K_snap00020.extxyz,Ti64,700,Ti64__700,-0.0113701277076403,-0.0070784859337419005,0.004291641773898399,0.004291641773898399,1
/Users/yti0811/Desktop/FE_data/npj_CM01/NPJ_CM_Fig_Python/Public_Reproducibility_Package_V01/npjcm-free-energy-surrogate_Re3/Python_Codes/table/snapshots_split/Ti64_700K_snap00021.extxyz,Ti64,700,Ti64__700,-0.011066528681181,-0.007159931166435903,0.003906597514745097,0.003906597514745097,1
/Users/yti0811/Desktop/FE_data/npj_CM01/NPJ_CM_Fig_Python/Public_Reproducibility_Package_V01/npjcm-free-energy-surrogate_Re3/Python_Codes/table/snapshots_split/Ti64_700K_snap00022.extxyz,Ti64,700,Ti64__700,-0.011586177442175,-0.006872348305207918,0.004713829136967081,0.004713829136967081,1
/Users/yti0811/Desktop/FE_data/npj_CM01/NPJ_CM_Fig_Python/Public_Reproducibility_Package_V01/npjcm-free-energy-surrogate_Re3/Python_Codes/table/snapshots_split/Ti64_700K_snap00023.extxyz,Ti64,700,Ti64__700,-0.0109883898139511,-0.007271499285998434,0.0037168905279526664,0.0037168905279526664,1
/Users/yti0811/Desktop/FE_data/npj_CM01/NPJ_CM_Fig_Python/Public_Reproducibility_Package_V01/npjcm-free-energy-surrogate_Re3/Python_Codes/table/snapshots_split/Ti64_700K_snap00024.extxyz,Ti64,700,Ti64__700,-0.0110316561063079,-0.007149397798667915,0.003882258307639986,0.003882258307639986,1
/Users/yti0811/Desktop/FE_data/npj_CM01/NPJ_CM_Fig_Python/Public_Reproducibility_Package_V01/npjcm-free-energy-surrogate_Re3/Python_Codes/table/snapshots_split/Ti64_700K_snap00025.extxyz,Ti64,700,Ti64__700,-0.0115489116431204,-0.006768957696256507,0.004779953946863892,0.004779953946863892,1
/Users/yti0811/Desktop/FE_data/npj_CM01/NPJ_CM_Fig_Python/Public_Reproducibility_Package_V01/npjcm-free-energy-surrogate_Re3/Python_Codes/table/snapshots_split/Ti64_700K_snap00026.extxyz,Ti64,700,Ti64__700,-0.0115220003681511,-0.006754300178782588,0.004767700189368511,0.004767700189368511,1
/Users/yti0811/Desktop/FE_data/npj_CM01/NPJ_CM_Fig_Python/Public_Reproducibility_Package_V01/npjcm-free-energy-surrogate_Re3/Python_Codes/table/snapshots_split/Ti64_700K_snap00027.extxyz,Ti64,700,Ti64__700,-0.0114024436753546,-0.006748299337555851,0.00465414433779875,0.00465414433779875,1
/Users/yti0811/Desktop/FE_data/npj_CM01/NPJ_CM_Fig_Python/Public_Reproducibility_Package_V01/npjcm-free-energy-surrogate_Re3/Python_Codes/table/snapshots_split/Ti64_700K_snap00028.extxyz,Ti64,700,Ti64__700,-0.0114440955198098,-0.0068508137739070095,0.004593281745902791,0.004593281745902791,1
/Users/yti0811/Desktop/FE_data/npj_CM01/NPJ_CM_Fig_Python/Public_Reproducibility_Package_V01/npjcm-free-energy-surrogate_Re3/Python_Codes/table/snapshots_split/Ti64_700K_snap00029.extxyz,Ti64,700,Ti64__700,-0.0110924751053778,-0.006911700573283943,0.004180774532093857,0.004180774532093857,1
/Users/yti0811/Desktop/FE_data/npj_CM01/NPJ_CM_Fig_Python/Public_Reproducibility_Package_V01/npjcm-free-energy-surrogate_Re3/Python_Codes/table/snapshots_split/Ti64_700K_snap00030.extxyz,Ti64,700,Ti64__700,-0.0113495094993991,-0.006998872970690529,0.00435063652870857,0.00435063652870857,1
/Users/yti0811/Desktop/FE_data/npj_CM01/NPJ_CM_Fig_Python/Public_Reproducibility_Package_V01/npjcm-free-energy-surrogate_Re3/Python_Codes/table/snapshots_split/Ti64_700K_snap00031.extxyz,Ti64,700,Ti64__700,-0.011325490041238,-0.006986321563978218,0.004339168477259782,0.004339168477259782,1
/Users/yti0811/Desktop/FE_data/npj_CM01/NPJ_CM_Fig_Python/Public_Reproducibility_Package_V01/npjcm-free-energy-surrogate_Re3/Python_Codes/table/snapshots_split/Ti64_700K_snap00032.extxyz,Ti64,700,Ti64__700,-0.0112975786086933,-0.007029373363576842,0.004268205245116458,0.004268205245116458,1
/Users/yti0811/Desktop/FE_data/npj_CM01/NPJ_CM_Fig_Python/Public_Reproducibility_Package_V01/npjcm-free-energy-surrogate_Re3/Python_Codes/table/snapshots_split/Ti64_700K_snap00033.extxyz,Ti64,700,Ti64__700,-0.0110979591178592,-0.007002919798867434,0.004095039318991767,0.004095039318991767,1
/Users/yti0811/Desktop/FE_data/npj_CM01/NPJ_CM_Fig_Python/Public_Reproducibility_Package_V01/npjcm-free-energy-surrogate_Re3/Python_Codes/table/snapshots_split/Ti64_700K_snap00034.extxyz,Ti64,700,Ti64__700,-0.0115839618810458,-0.0068138119936614495,0.004770149887384351,0.004770149887384351,1
/Users/yti0811/Desktop/FE_data/npj_CM01/NPJ_CM_Fig_Python/Public_Reproducibility_Package_V01/npjcm-free-energy-surrogate_Re3/Python_Codes/table/snapshots_split/Ti64_700K_snap00035.extxyz,Ti64,700,Ti64__700,-0.0117695557024069,-0.006695714125196806,0.005073841577210093,0.005073841577210093,1
/Users/yti0811/Desktop/FE_data/npj_CM01/NPJ_CM_Fig_Python/Public_Reproducibility_Package_V01/npjcm-free-energy-surrogate_Re3/Python_Codes/table/snapshots_split/Ti64_700K_snap00036.extxyz,Ti64,700,Ti64__700,-0.0112131628197787,-0.006652755752817079,0.004560407066961621,0.004560407066961621,1
/Users/yti0811/Desktop/FE_data/npj_CM01/NPJ_CM_Fig_Python/Public_Reproducibility_Package_V01/npjcm-free-energy-surrogate_Re3/Python_Codes/table/snapshots_split/Ti64_700K_snap00037.extxyz,Ti64,700,Ti64__700,-0.0107619125603655,-0.007122313388312334,0.003639599172053167,0.003639599172053167,1
/Users/yti0811/Desktop/FE_data/npj_CM01/NPJ_CM_Fig_Python/Public_Reproducibility_Package_V01/npjcm-free-energy-surrogate_Re3/Python_Codes/table/snapshots_split/Ti64_700K_snap00038.extxyz,Ti64,700,Ti64__700,-0.0109361748674326,-0.006891920347703224,0.004044254519729376,0.004044254519729376,1
/Users/yti0811/Desktop/FE_data/npj_CM01/NPJ_CM_Fig_Python/Public_Reproducibility_Package_V01/npjcm-free-energy-surrogate_Re3/Python_Codes/table/snapshots_split/Ti64_700K_snap00039.extxyz,Ti64,700,Ti64__700,-0.0114901988327283,-0.006862014507545027,0.004628184325183272,0.004628184325183272,1
/Users/yti0811/Desktop/FE_data/npj_CM01/NPJ_CM_Fig_Python/Public_Reproducibility_Package_V01/npjcm-free-energy-surrogate_Re3/Python_Codes/table/snapshots_split/Ti64_700K_snap00040.extxyz,Ti64,700,Ti64__700,-0.01082444379605,-0.006987797788631187,0.003836646007418813,0.003836646007418813,1
/Users/yti0811/Desktop/FE_data/npj_CM01/NPJ_CM_Fig_Python/Public_Reproducibility_Package_V01/npjcm-free-energy-surrogate_Re3/Python_Codes/table/snapshots_split/Ti64_700K_snap00041.extxyz,Ti64,700,Ti64__700,-0.0110490064156963,-0.007133914566459929,0.003915091849236371,0.003915091849236371,1
/Users/yti0811/Desktop/FE_data/npj_CM01/NPJ_CM_Fig_Python/Public_Reproducibility_Package_V01/npjcm-free-energy-surrogate_Re3/Python_Codes/table/snapshots_split/Ti64_700K_snap00042.extxyz,Ti64,700,Ti64__700,-0.0113247059717522,-0.00683643612778148,0.00448826984397072,0.00448826984397072,1
/Users/yti0811/Desktop/FE_data/npj_CM01/NPJ_CM_Fig_Python/Public_Reproducibility_Package_V01/npjcm-free-energy-surrogate_Re3/Python_Codes/table/snapshots_split/Ti64_700K_snap00043.extxyz,Ti64,700,Ti64__700,-0.0107495045171495,-0.0068501201509652086,0.0038993843661842918,0.0038993843661842918,1
/Users/yti0811/Desktop/FE_data/npj_CM01/NPJ_CM_Fig_Python/Public_Reproducibility_Package_V01/npjcm-free-energy-surrogate_Re3/Python_Codes/table/snapshots_split/Ti64_700K_snap00044.extxyz,Ti64,700,Ti64__700,-0.0112084729071648,-0.0067800547759916865,0.004428418131173114,0.004428418131173114,1
/Users/yti0811/Desktop/FE_data/npj_CM01/NPJ_CM_Fig_Python/Public_Reproducibility_Package_V01/npjcm-free-energy-surrogate_Re3/Python_Codes/table/snapshots_split/Ti64_700K_snap00045.extxyz,Ti64,700,Ti64__700,-0.0111904804684632,-0.007069391625325459,0.00412108884313774,0.00412108884313774,1
/Users/yti0811/Desktop/FE_data/npj_CM01/NPJ_CM_Fig_Python/Public_Reproducibility_Package_V01/npjcm-free-energy-surrogate_Re3/Python_Codes/table/snapshots_split/Ti64_700K_snap00046.extxyz,Ti64,700,Ti64__700,-0.0108954232158318,-0.006976921151921724,0.003918502063910076,0.003918502063910076,1
/Users/yti0811/Desktop/FE_data/npj_CM01/NPJ_CM_Fig_Python/Public_Reproducibility_Package_V01/npjcm-free-energy-surrogate_Re3/Python_Codes/table/snapshots_split/Ti64_700K_snap00047.extxyz,Ti64,700,Ti64__700,-0.0109811187524657,-0.006982139249048311,0.00399897950341739,0.00399897950341739,1
/Users/yti0811/Desktop/FE_data/npj_CM01/NPJ_CM_Fig_Python/Public_Reproducibility_Package_V01/npjcm-free-energy-surrogate_Re3/Python_Codes/table/snapshots_split/Ti64_700K_snap00048.extxyz,Ti64,700,Ti64__700,-0.0114398030544089,-0.006704913812181497,0.004734889242227402,0.004734889242227402,1
/Users/yti0811/Desktop/FE_data/npj_CM01/NPJ_CM_Fig_Python/Public_Reproducibility_Package_V01/npjcm-free-energy-surrogate_Re3/Python_Codes/table/snapshots_split/Ti64_700K_snap00049.extxyz,Ti64,700,Ti64__700,-0.0113993266424748,-0.007014551190124302,0.004384775452350499,0.004384775452350499,1
/Users/yti0811/Desktop/FE_data/npj_CM01/NPJ_CM_Fig_Python/Public_Reproducibility_Package_V01/npjcm-free-energy-surrogate_Re3/Python_Codes/table/snapshots_split/Ti64_700K_snap00050.extxyz,Ti64,700,Ti64__700,-0.011014183147993,-0.0071580003883443075,0.0038561827596486926,0.0038561827596486926,1
/Users/yti0811/Desktop/FE_data/npj_CM01/NPJ_CM_Fig_Python/Public_Reproducibility_Package_V01/npjcm-free-energy-surrogate_Re3/Python_Codes/table/snapshots_split/Ti64_700K_snap00051.extxyz,Ti64,700,Ti64__700,-0.0112715586599785,-0.007008721678710366,0.0042628369812681335,0.0042628369812681335,1
/Users/yti0811/Desktop/FE_data/npj_CM01/NPJ_CM_Fig_Python/Public_Reproducibility_Package_V01/npjcm-free-energy-surrogate_Re3/Python_Codes/table/snapshots_split/Ti64_700K_snap00052.extxyz,Ti64,700,Ti64__700,-0.0113850520191683,-0.0071816555068223795,0.004203396512345921,0.004203396512345921,1
/Users/yti0811/Desktop/FE_data/npj_CM01/NPJ_CM_Fig_Python/Public_Reproducibility_Package_V01/npjcm-free-energy-surrogate_Re3/Python_Codes/table/snapshots_split/Ti64_700K_snap00053.extxyz,Ti64,700,Ti64__700,-0.0110882880194998,-0.007066796415424436,0.004021491604075363,0.004021491604075363,1
/Users/yti0811/Desktop/FE_data/npj_CM01/NPJ_CM_Fig_Python/Public_Reproducibility_Package_V01/npjcm-free-energy-surrogate_Re3/Python_Codes/table/snapshots_split/Ti64_700K_snap00054.extxyz,Ti64,700,Ti64__700,-0.0118708731555648,-0.0070935479363616015,0.004777325219203198,0.004777325219203198,1
/Users/yti0811/Desktop/FE_data/npj_CM01/NPJ_CM_Fig_Python/Public_Reproducibility_Package_V01/npjcm-free-energy-surrogate_Re3/Python_Codes/table/snapshots_split/Ti64_700K_snap00055.extxyz,Ti64,700,Ti64__700,-0.0108985909729622,-0.007009117273936738,0.0038894736990254617,0.0038894736990254617,1
/Users/yti0811/Desktop/FE_data/npj_CM01/NPJ_CM_Fig_Python/Public_Reproducibility_Package_V01/npjcm-free-energy-surrogate_Re3/Python_Codes/table/snapshots_split/Ti64_700K_snap00056.extxyz,Ti64,700,Ti64__700,-0.011239539813288,-0.0069075699278066125,0.004331969885481387,0.004331969885481387,1
/Users/yti0811/Desktop/FE_data/npj_CM01/NPJ_CM_Fig_Python/Public_Reproducibility_Package_V01/npjcm-free-energy-surrogate_Re3/Python_Codes/table/snapshots_split/Ti64_700K_snap00057.extxyz,Ti64,700,Ti64__700,-0.0119048455276687,-0.006847600423488066,0.005057245104180633,0.005057245104180633,1
/Users/yti0811/Desktop/FE_data/npj_CM01/NPJ_CM_Fig_Python/Public_Reproducibility_Package_V01/npjcm-free-energy-surrogate_Re3/Python_Codes/table/snapshots_split/Ti64_700K_snap00058.extxyz,Ti64,700,Ti64__700,-0.01103621553845,-0.007200831715774765,0.0038353838226752347,0.0038353838226752347,1
/Users/yti0811/Desktop/FE_data/npj_CM01/NPJ_CM_Fig_Python/Public_Reproducibility_Package_V01/npjcm-free-energy-surrogate_Re3/Python_Codes/table/snapshots_split/Ti64_700K_snap00059.extxyz,Ti64,700,Ti64__700,-0.0111385520692311,-0.0070671679942153846,0.004071384075015715,0.004071384075015715,1
/Users/yti0811/Desktop/FE_data/npj_CM01/NPJ_CM_Fig_Python/Public_Reproducibility_Package_V01/npjcm-free-energy-surrogate_Re3/Python_Codes/table/snapshots_split/Ti64_700K_snap00060.extxyz,Ti64,700,Ti64__700,-0.0110228155213718,-0.0072221266650251605,0.0038006888563466394,0.0038006888563466394,1
/Users/yti0811/Desktop/FE_data/npj_CM01/NPJ_CM_Fig_Python/Public_Reproducibility_Package_V01/npjcm-free-energy-surrogate_Re3/Python_Codes/table/snapshots_split/Ti64_700K_snap00061.extxyz,Ti64,700,Ti64__700,-0.0118745715313748,-0.00681238365279054,0.00506218787858426,0.00506218787858426,1
/Users/yti0811/Desktop/FE_data/npj_CM01/NPJ_CM_Fig_Python/Public_Reproducibility_Package_V01/npjcm-free-energy-surrogate_Re3/Python_Codes/table/snapshots_split/Ti64_700K_snap00062.extxyz,Ti64,700,Ti64__700,-0.0113515974756337,-0.007152289682586185,0.004199307793047516,0.004199307793047516,1
/Users/yti0811/Desktop/FE_data/npj_CM01/NPJ_CM_Fig_Python/Public_Reproducibility_Package_V01/npjcm-free-energy-surrogate_Re3/Python_Codes/table/snapshots_split/Ti64_700K_snap00063.extxyz,Ti64,700,Ti64__700,-0.0111559599246264,-0.007140205901839046,0.0040157540227873535,0.0040157540227873535,1
/Users/yti0811/Desktop/FE_data/npj_CM01/NPJ_CM_Fig_Python/Public_Reproducibility_Package_V01/npjcm-free-energy-surrogate_Re3/Python_Codes/table/snapshots_split/Ti64_700K_snap00064.extxyz,Ti64,700,Ti64__700,-0.0110925143956608,-0.0072844964981136,0.0038080178975472,0.0038080178975472,1
/Users/yti0811/Desktop/FE_data/npj_CM01/NPJ_CM_Fig_Python/Public_Reproducibility_Package_V01/npjcm-free-energy-surrogate_Re3/Python_Codes/table/snapshots_split/Ti64_700K_snap00065.extxyz,Ti64,700,Ti64__700,-0.0111453299971709,-0.006874046423259438,0.0042712835739114625,0.0042712835739114625,1
/Users/yti0811/Desktop/FE_data/npj_CM01/NPJ_CM_Fig_Python/Public_Reproducibility_Package_V01/npjcm-free-energy-surrogate_Re3/Python_Codes/table/snapshots_split/Ti64_700K_snap00066.extxyz,Ti64,700,Ti64__700,-0.0108293882541543,-0.0072199591509508575,0.003609429103203443,0.003609429103203443,1
/Users/yti0811/Desktop/FE_data/npj_CM01/NPJ_CM_Fig_Python/Public_Reproducibility_Package_V01/npjcm-free-energy-surrogate_Re3/Python_Codes/table/snapshots_split/Ti64_700K_snap00067.extxyz,Ti64,700,Ti64__700,-0.0108364472161506,-0.007005272349492012,0.0038311748666585883,0.0038311748666585883,1
/Users/yti0811/Desktop/FE_data/npj_CM01/NPJ_CM_Fig_Python/Public_Reproducibility_Package_V01/npjcm-free-energy-surrogate_Re3/Python_Codes/table/snapshots_split/Ti64_700K_snap00068.extxyz,Ti64,700,Ti64__700,-0.0112022784339576,-0.007214368756479798,0.003987909677477803,0.003987909677477803,1
/Users/yti0811/Desktop/FE_data/npj_CM01/NPJ_CM_Fig_Python/Public_Reproducibility_Package_V01/npjcm-free-energy-surrogate_Re3/Python_Codes/table/snapshots_split/Ti64_700K_snap00069.extxyz,Ti64,700,Ti64__700,-0.0114276348351865,-0.007040909835322374,0.004386724999864126,0.004386724999864126,1
/Users/yti0811/Desktop/FE_data/npj_CM01/NPJ_CM_Fig_Python/Public_Reproducibility_Package_V01/npjcm-free-energy-surrogate_Re3/Python_Codes/table/snapshots_split/Ti64_700K_snap00070.extxyz,Ti64,700,Ti64__700,-0.0116225247937773,-0.006992727177911503,0.0046297976158657965,0.0046297976158657965,1
/Users/yti0811/Desktop/FE_data/npj_CM01/NPJ_CM_Fig_Python/Public_Reproducibility_Package_V01/npjcm-free-energy-surrogate_Re3/Python_Codes/table/snapshots_split/Ti64_700K_snap00071.extxyz,Ti64,700,Ti64__700,-0.0112697613845887,-0.006964996432332267,0.004304764952256433,0.004304764952256433,1
/Users/yti0811/Desktop/FE_data/npj_CM01/NPJ_CM_Fig_Python/Public_Reproducibility_Package_V01/npjcm-free-energy-surrogate_Re3/Python_Codes/table/snapshots_split/Ti64_700K_snap00072.extxyz,Ti64,700,Ti64__700,-0.0110960364953616,-0.007041693174495449,0.0040543433208661515,0.0040543433208661515,1
/Users/yti0811/Desktop/FE_data/npj_CM01/NPJ_CM_Fig_Python/Public_Reproducibility_Package_V01/npjcm-free-energy-surrogate_Re3/Python_Codes/table/snapshots_split/Ti64_700K_snap00073.extxyz,Ti64,700,Ti64__700,-0.0111029213785896,-0.007047388192469157,0.004055533186120444,0.004055533186120444,1
/Users/yti0811/Desktop/FE_data/npj_CM01/NPJ_CM_Fig_Python/Public_Reproducibility_Package_V01/npjcm-free-energy-surrogate_Re3/Python_Codes/table/snapshots_split/Ti64_700K_snap00074.extxyz,Ti64,700,Ti64__700,-0.0111613996423427,-0.00702061599132061,0.004140783651022091,0.004140783651022091,1
/Users/yti0811/Desktop/FE_data/npj_CM01/NPJ_CM_Fig_Python/Public_Reproducibility_Package_V01/npjcm-free-energy-surrogate_Re3/Python_Codes/table/snapshots_split/Ti64_700K_snap00075.extxyz,Ti64,700,Ti64__700,-0.0115111840117716,-0.007008994114838564,0.004502189896933036,0.004502189896933036,1
/Users/yti0811/Desktop/FE_data/npj_CM01/NPJ_CM_Fig_Python/Public_Reproducibility_Package_V01/npjcm-free-energy-surrogate_Re3/Python_Codes/table/snapshots_split/Ti64_700K_snap00076.extxyz,Ti64,700,Ti64__700,-0.0113691713994157,-0.00725406132119261,0.004115110078223089,0.004115110078223089,1
/Users/yti0811/Desktop/FE_data/npj_CM01/NPJ_CM_Fig_Python/Public_Reproducibility_Package_V01/npjcm-free-energy-surrogate_Re3/Python_Codes/table/snapshots_split/Ti64_700K_snap00077.extxyz,Ti64,700,Ti64__700,-0.0110516982747652,-0.0072144187926102415,0.003837279482154959,0.003837279482154959,1
/Users/yti0811/Desktop/FE_data/npj_CM01/NPJ_CM_Fig_Python/Public_Reproducibility_Package_V01/npjcm-free-energy-surrogate_Re3/Python_Codes/table/snapshots_split/Ti64_700K_snap00078.extxyz,Ti64,700,Ti64__700,-0.0110530165023608,-0.007149116740542808,0.0039038997618179912,0.0039038997618179912,1
/Users/yti0811/Desktop/FE_data/npj_CM01/NPJ_CM_Fig_Python/Public_Reproducibility_Package_V01/npjcm-free-energy-surrogate_Re3/Python_Codes/table/snapshots_split/Ti64_700K_snap00079.extxyz,Ti64,700,Ti64__700,-0.01097199705608,-0.007062602542499354,0.003909394513580647,0.003909394513580647,1
/Users/yti0811/Desktop/FE_data/npj_CM01/NPJ_CM_Fig_Python/Public_Reproducibility_Package_V01/npjcm-free-energy-surrogate_Re3/Python_Codes/table/snapshots_split/Ti64_700K_snap00080.extxyz,Ti64,700,Ti64__700,-0.0113145836798365,-0.00672769271391368,0.004586890965922819,0.004586890965922819,1
/Users/yti0811/Desktop/FE_data/npj_CM01/NPJ_CM_Fig_Python/Public_Reproducibility_Package_V01/npjcm-free-energy-surrogate_Re3/Python_Codes/table/snapshots_split/Ti64_700K_snap00081.extxyz,Ti64,700,Ti64__700,-0.0113895994835928,-0.00702821241669839,0.00436138706689441,0.00436138706689441,1
/Users/yti0811/Desktop/FE_data/npj_CM01/NPJ_CM_Fig_Python/Public_Reproducibility_Package_V01/npjcm-free-energy-surrogate_Re3/Python_Codes/table/snapshots_split/Ti64_700K_snap00082.extxyz,Ti64,700,Ti64__700,-0.0113159589483205,-0.0071251825277532065,0.004190776420567293,0.004190776420567293,1
/Users/yti0811/Desktop/FE_data/npj_CM01/NPJ_CM_Fig_Python/Public_Reproducibility_Package_V01/npjcm-free-energy-surrogate_Re3/Python_Codes/table/snapshots_split/Ti64_700K_snap00083.extxyz,Ti64,700,Ti64__700,-0.0107996501683258,-0.007074133864678599,0.003725516303647201,0.003725516303647201,1
/Users/yti0811/Desktop/FE_data/npj_CM01/NPJ_CM_Fig_Python/Public_Reproducibility_Package_V01/npjcm-free-energy-surrogate_Re3/Python_Codes/table/snapshots_split/Ti64_700K_snap00084.extxyz,Ti64,700,Ti64__700,-0.0111806027616685,-0.0070618052644274305,0.00411879749724107,0.00411879749724107,1
/Users/yti0811/Desktop/FE_data/npj_CM01/NPJ_CM_Fig_Python/Public_Reproducibility_Package_V01/npjcm-free-energy-surrogate_Re3/Python_Codes/table/snapshots_split/Ti64_700K_snap00085.extxyz,Ti64,700,Ti64__700,-0.0113645808707412,-0.006787805869025747,0.004576775001715453,0.004576775001715453,1
/Users/yti0811/Desktop/FE_data/npj_CM01/NPJ_CM_Fig_Python/Public_Reproducibility_Package_V01/npjcm-free-energy-surrogate_Re3/Python_Codes/table/snapshots_split/Ti64_700K_snap00086.extxyz,Ti64,700,Ti64__700,-0.0108293466180535,-0.006917798638248415,0.003911547979805086,0.003911547979805086,1
/Users/yti0811/Desktop/FE_data/npj_CM01/NPJ_CM_Fig_Python/Public_Reproducibility_Package_V01/npjcm-free-energy-surrogate_Re3/Python_Codes/table/snapshots_split/Ti64_700K_snap00087.extxyz,Ti64,700,Ti64__700,-0.0111518527182523,-0.00701825230060362,0.00413360041764868,0.00413360041764868,1
/Users/yti0811/Desktop/FE_data/npj_CM01/NPJ_CM_Fig_Python/Public_Reproducibility_Package_V01/npjcm-free-energy-surrogate_Re3/Python_Codes/table/snapshots_split/Ti64_700K_snap00088.extxyz,Ti64,700,Ti64__700,-0.0109877932078372,-0.0071553890632962865,0.0038324041445409133,0.0038324041445409133,1
/Users/yti0811/Desktop/FE_data/npj_CM01/NPJ_CM_Fig_Python/Public_Reproducibility_Package_V01/npjcm-free-energy-surrogate_Re3/Python_Codes/table/snapshots_split/Ti64_700K_snap00089.extxyz,Ti64,700,Ti64__700,-0.0112788225051154,-0.007215947480132856,0.004062875024982544,0.004062875024982544,1
/Users/yti0811/Desktop/FE_data/npj_CM01/NPJ_CM_Fig_Python/Public_Reproducibility_Package_V01/npjcm-free-energy-surrogate_Re3/Python_Codes/table/snapshots_split/Ti64_700K_snap00090.extxyz,Ti64,700,Ti64__700,-0.0113223408429963,-0.0070098637448345845,0.004312477098161715,0.004312477098161715,1
/Users/yti0811/Desktop/FE_data/npj_CM01/NPJ_CM_Fig_Python/Public_Reproducibility_Package_V01/npjcm-free-energy-surrogate_Re3/Python_Codes/table/snapshots_split/Ti64_700K_snap00091.extxyz,Ti64,700,Ti64__700,-0.0106687644171783,-0.007263044954328383,0.003405719462849916,0.003405719462849916,1
/Users/yti0811/Desktop/FE_data/npj_CM01/NPJ_CM_Fig_Python/Public_Reproducibility_Package_V01/npjcm-free-energy-surrogate_Re3/Python_Codes/table/snapshots_split/Ti64_700K_snap00092.extxyz,Ti64,700,Ti64__700,-0.0109610499858128,-0.007200299669110224,0.003760750316702576,0.003760750316702576,1
/Users/yti0811/Desktop/FE_data/npj_CM01/NPJ_CM_Fig_Python/Public_Reproducibility_Package_V01/npjcm-free-energy-surrogate_Re3/Python_Codes/table/snapshots_split/Ti64_700K_snap00093.extxyz,Ti64,700,Ti64__700,-0.0113485254404572,-0.006545681862256334,0.004802843578200866,0.004802843578200866,1
/Users/yti0811/Desktop/FE_data/npj_CM01/NPJ_CM_Fig_Python/Public_Reproducibility_Package_V01/npjcm-free-energy-surrogate_Re3/Python_Codes/table/snapshots_split/Ti64_700K_snap00094.extxyz,Ti64,700,Ti64__700,-0.0109823504939976,-0.006675430687870685,0.0043069198061269146,0.0043069198061269146,1
/Users/yti0811/Desktop/FE_data/npj_CM01/NPJ_CM_Fig_Python/Public_Reproducibility_Package_V01/npjcm-free-energy-surrogate_Re3/Python_Codes/table/snapshots_split/Ti64_700K_snap00095.extxyz,Ti64,700,Ti64__700,-0.0110265365589095,-0.007004970920941904,0.004021565637967597,0.004021565637967597,1
/Users/yti0811/Desktop/FE_data/npj_CM01/NPJ_CM_Fig_Python/Public_Reproducibility_Package_V01/npjcm-free-energy-surrogate_Re3/Python_Codes/table/snapshots_split/Ti64_700K_snap00096.extxyz,Ti64,700,Ti64__700,-0.0113368798161532,-0.007077830488366792,0.004259049327786408,0.004259049327786408,1
/Users/yti0811/Desktop/FE_data/npj_CM01/NPJ_CM_Fig_Python/Public_Reproducibility_Package_V01/npjcm-free-energy-surrogate_Re3/Python_Codes/table/snapshots_split/Ti64_700K_snap00097.extxyz,Ti64,700,Ti64__700,-0.0110318581886366,-0.007338267744091945,0.0036935904445446546,0.0036935904445446546,1
/Users/yti0811/Desktop/FE_data/npj_CM01/NPJ_CM_Fig_Python/Public_Reproducibility_Package_V01/npjcm-free-energy-surrogate_Re3/Python_Codes/table/snapshots_split/Ti64_700K_snap00098.extxyz,Ti64,700,Ti64__700,-0.0113353577934694,-0.007116842292023355,0.004218515501446045,0.004218515501446045,1
/Users/yti0811/Desktop/FE_data/npj_CM01/NPJ_CM_Fig_Python/Public_Reproducibility_Package_V01/npjcm-free-energy-surrogate_Re3/Python_Codes/table/snapshots_split/Ti64_700K_snap00099.extxyz,Ti64,700,Ti64__700,-0.0111061871468099,-0.0073000986110091735,0.003806088535800726,0.003806088535800726,1
