snapshot_path,system,temperature,group,target,prediction,error,abs_error
/Users/yti0811/Desktop/FE_data/npj_CM01/NPJ_CM_Fig_Python/Public_Reproducibility_Package_V01/npjcm-free-energy-surrogate_Re3/Python_Codes/table/snapshots_split/Al_300K_snap00000.extxyz,Al,300,Al__300,-9.384418843073784e-05,0.00035432787252205996,0.0004481720609527978,0.0004481720609527978
/Users/yti0811/Desktop/FE_data/npj_CM01/NPJ_CM_Fig_Python/Public_Reproducibility_Package_V01/npjcm-free-energy-surrogate_Re3/Python_Codes/table/snapshots_split/Al_300K_snap00001.extxyz,Al,300,Al__300,-0.0001438238286011,0.0001555435414183908,0.0002993673700194908,0.0002993673700194908
/Users/yti0811/Desktop/FE_data/npj_CM01/NPJ_CM_Fig_Python/Public_Reproducibility_Package_V01/npjcm-free-energy-surrogate_Re3/Python_Codes/table/snapshots_split/Al_300K_snap00002.extxyz,Al,300,Al__300,-3.9668031770369606e-05,-0.0006231838914368199,-0.0005835158596664503,0.0005835158596664503
/Users/yti0811/Desktop/FE_data/npj_CM01/NPJ_CM_Fig_Python/Public_Reproducibility_Package_V01/npjcm-free-energy-surrogate_Re3/Python_Codes/table/snapshots_split/Al_300K_snap00003.extxyz,Al,300,Al__300,6.398399211492266e-05,0.0007047696796652099,0.0006407856875502873,0.0006407856875502873
/Users/yti0811/Desktop/FE_data/npj_CM01/NPJ_CM_Fig_Python/Public_Reproducibility_Package_V01/npjcm-free-energy-surrogate_Re3/Python_Codes/table/snapshots_split/Al_300K_snap00004.extxyz,Al,300,Al__300,-0.0001068266266538,-0.000305766139174488,-0.00019893951252068797,0.00019893951252068797
/Users/yti0811/Desktop/FE_data/npj_CM01/NPJ_CM_Fig_Python/Public_Reproducibility_Package_V01/npjcm-free-energy-surrogate_Re3/Python_Codes/table/snapshots_split/Al_300K_snap00005.extxyz,Al,300,Al__300,5.1853032894220706e-05,-0.00047804550470396587,-0.0005298985375981866,0.0005298985375981866
/Users/yti0811/Desktop/FE_data/npj_CM01/NPJ_CM_Fig_Python/Public_Reproducibility_Package_V01/npjcm-free-energy-surrogate_Re3/Python_Codes/table/snapshots_split/Al_300K_snap00006.extxyz,Al,300,Al__300,-0.0001697802890017,0.0012757205463418317,0.0014455008353435317,0.0014455008353435317
/Users/yti0811/Desktop/FE_data/npj_CM01/NPJ_CM_Fig_Python/Public_Reproducibility_Package_V01/npjcm-free-energy-surrogate_Re3/Python_Codes/table/snapshots_split/Al_300K_snap00007.extxyz,Al,300,Al__300,-8.958226944589977e-05,0.0008735834994971607,0.0009631657689430605,0.0009631657689430605
/Users/yti0811/Desktop/FE_data/npj_CM01/NPJ_CM_Fig_Python/Public_Reproducibility_Package_V01/npjcm-free-energy-surrogate_Re3/Python_Codes/table/snapshots_split/Al_300K_snap00008.extxyz,Al,300,Al__300,0.0001975695466534,0.0006779537418210721,0.00048038419516767216,0.00048038419516767216
/Users/yti0811/Desktop/FE_data/npj_CM01/NPJ_CM_Fig_Python/Public_Reproducibility_Package_V01/npjcm-free-energy-surrogate_Re3/Python_Codes/table/snapshots_split/Al_300K_snap00009.extxyz,Al,300,Al__300,-3.432760323763996e-05,0.0005823317386868582,0.0006166593419244981,0.0006166593419244981
/Users/yti0811/Desktop/FE_data/npj_CM01/NPJ_CM_Fig_Python/Public_Reproducibility_Package_V01/npjcm-free-energy-surrogate_Re3/Python_Codes/table/snapshots_split/Al_300K_snap00010.extxyz,Al,300,Al__300,-3.554763878045487e-05,0.0003171474007465144,0.0003526950395269693,0.0003526950395269693
/Users/yti0811/Desktop/FE_data/npj_CM01/NPJ_CM_Fig_Python/Public_Reproducibility_Package_V01/npjcm-free-energy-surrogate_Re3/Python_Codes/table/snapshots_split/Al_300K_snap00011.extxyz,Al,300,Al__300,0.0001208333651662,-9.304491812052852e-05,-0.00021387828328672852,0.00021387828328672852
/Users/yti0811/Desktop/FE_data/npj_CM01/NPJ_CM_Fig_Python/Public_Reproducibility_Package_V01/npjcm-free-energy-surrogate_Re3/Python_Codes/table/snapshots_split/Al_300K_snap00012.extxyz,Al,300,Al__300,-1.7392533259287817e-05,5.13311113376587e-05,6.872364459694651e-05,6.872364459694651e-05
/Users/yti0811/Desktop/FE_data/npj_CM01/NPJ_CM_Fig_Python/Public_Reproducibility_Package_V01/npjcm-free-energy-surrogate_Re3/Python_Codes/table/snapshots_split/Al_300K_snap00013.extxyz,Al,300,Al__300,-5.057507104257065e-05,4.592596443776764e-05,9.650103548033829e-05,9.650103548033829e-05
/Users/yti0811/Desktop/FE_data/npj_CM01/NPJ_CM_Fig_Python/Public_Reproducibility_Package_V01/npjcm-free-energy-surrogate_Re3/Python_Codes/table/snapshots_split/Al_300K_snap00014.extxyz,Al,300,Al__300,-4.577285417485423e-05,0.00029128801603507177,0.000337060870209926,0.000337060870209926
/Users/yti0811/Desktop/FE_data/npj_CM01/NPJ_CM_Fig_Python/Public_Reproducibility_Package_V01/npjcm-free-energy-surrogate_Re3/Python_Codes/table/snapshots_split/Al_300K_snap00015.extxyz,Al,300,Al__300,-0.0002440167447177,0.00014868560943468443,0.00039270235415238443,0.00039270235415238443
/Users/yti0811/Desktop/FE_data/npj_CM01/NPJ_CM_Fig_Python/Public_Reproducibility_Package_V01/npjcm-free-energy-surrogate_Re3/Python_Codes/table/snapshots_split/Al_300K_snap00016.extxyz,Al,300,Al__300,-0.0001362588360989,-2.7270403450265368e-05,0.00010898843264863462,0.00010898843264863462
/Users/yti0811/Desktop/FE_data/npj_CM01/NPJ_CM_Fig_Python/Public_Reproducibility_Package_V01/npjcm-free-energy-surrogate_Re3/Python_Codes/table/snapshots_split/Al_300K_snap00017.extxyz,Al,300,Al__300,7.447601885966477e-06,0.0006185802552003094,0.000611132653314343,0.000611132653314343
/Users/yti0811/Desktop/FE_data/npj_CM01/NPJ_CM_Fig_Python/Public_Reproducibility_Package_V01/npjcm-free-energy-surrogate_Re3/Python_Codes/table/snapshots_split/Al_300K_snap00018.extxyz,Al,300,Al__300,9.095513180450146e-05,0.00016152158677907843,7.056645497457696e-05,7.056645497457696e-05
/Users/yti0811/Desktop/FE_data/npj_CM01/NPJ_CM_Fig_Python/Public_Reproducibility_Package_V01/npjcm-free-energy-surrogate_Re3/Python_Codes/table/snapshots_split/Al_300K_snap00019.extxyz,Al,300,Al__300,-2.3082958464550345e-05,0.00017762884743326504,0.0002007118058978154,0.0002007118058978154
/Users/yti0811/Desktop/FE_data/npj_CM01/NPJ_CM_Fig_Python/Public_Reproducibility_Package_V01/npjcm-free-energy-surrogate_Re3/Python_Codes/table/snapshots_split/Al_300K_snap00020.extxyz,Al,300,Al__300,5.585336907119985e-05,0.0005869719361535291,0.0005311185670823292,0.0005311185670823292
/Users/yti0811/Desktop/FE_data/npj_CM01/NPJ_CM_Fig_Python/Public_Reproducibility_Package_V01/npjcm-free-energy-surrogate_Re3/Python_Codes/table/snapshots_split/Al_300K_snap00021.extxyz,Al,300,Al__300,-4.373338851716593e-05,-0.0007789568258361652,-0.0007352234373189993,0.0007352234373189993
/Users/yti0811/Desktop/FE_data/npj_CM01/NPJ_CM_Fig_Python/Public_Reproducibility_Package_V01/npjcm-free-energy-surrogate_Re3/Python_Codes/table/snapshots_split/Al_300K_snap00022.extxyz,Al,300,Al__300,8.542791093020146e-05,0.0009674984318869396,0.0008820705209567381,0.0008820705209567381
/Users/yti0811/Desktop/FE_data/npj_CM01/NPJ_CM_Fig_Python/Public_Reproducibility_Package_V01/npjcm-free-energy-surrogate_Re3/Python_Codes/table/snapshots_split/Al_300K_snap00023.extxyz,Al,300,Al__300,-0.0001255180052155,-0.0008641014761040839,-0.0007385834708885839,0.0007385834708885839
/Users/yti0811/Desktop/FE_data/npj_CM01/NPJ_CM_Fig_Python/Public_Reproducibility_Package_V01/npjcm-free-energy-surrogate_Re3/Python_Codes/table/snapshots_split/Al_300K_snap00024.extxyz,Al,300,Al__300,-6.38707300816445e-06,-0.0007673894526621347,-0.0007610023796539703,0.0007610023796539703
/Users/yti0811/Desktop/FE_data/npj_CM01/NPJ_CM_Fig_Python/Public_Reproducibility_Package_V01/npjcm-free-energy-surrogate_Re3/Python_Codes/table/snapshots_split/Al_300K_snap00025.extxyz,Al,300,Al__300,6.058691620945395e-06,2.0103557300405592e-05,1.4044865679460197e-05,1.4044865679460197e-05
/Users/yti0811/Desktop/FE_data/npj_CM01/NPJ_CM_Fig_Python/Public_Reproducibility_Package_V01/npjcm-free-energy-surrogate_Re3/Python_Codes/table/snapshots_split/Al_300K_snap00026.extxyz,Al,300,Al__300,3.787198087233766e-05,-0.0013669812107377933,-0.001404853191610131,0.001404853191610131
/Users/yti0811/Desktop/FE_data/npj_CM01/NPJ_CM_Fig_Python/Public_Reproducibility_Package_V01/npjcm-free-energy-surrogate_Re3/Python_Codes/table/snapshots_split/Al_300K_snap00027.extxyz,Al,300,Al__300,5.573822791725523e-05,7.182717304721229e-05,1.6088945129957057e-05,1.6088945129957057e-05
/Users/yti0811/Desktop/FE_data/npj_CM01/NPJ_CM_Fig_Python/Public_Reproducibility_Package_V01/npjcm-free-energy-surrogate_Re3/Python_Codes/table/snapshots_split/Al_300K_snap00028.extxyz,Al,300,Al__300,-8.565110195659103e-06,-3.382267763389588e-05,-2.5257567438236775e-05,2.5257567438236775e-05
/Users/yti0811/Desktop/FE_data/npj_CM01/NPJ_CM_Fig_Python/Public_Reproducibility_Package_V01/npjcm-free-energy-surrogate_Re3/Python_Codes/table/snapshots_split/Al_300K_snap00029.extxyz,Al,300,Al__300,-0.0001748592456019,-7.985249779952068e-06,0.00016687399582194793,0.00016687399582194793
/Users/yti0811/Desktop/FE_data/npj_CM01/NPJ_CM_Fig_Python/Public_Reproducibility_Package_V01/npjcm-free-energy-surrogate_Re3/Python_Codes/table/snapshots_split/Al_300K_snap00030.extxyz,Al,300,Al__300,-7.93515511880022e-05,0.0018964277425563584,0.0019757792937443604,0.0019757792937443604
/Users/yti0811/Desktop/FE_data/npj_CM01/NPJ_CM_Fig_Python/Public_Reproducibility_Package_V01/npjcm-free-energy-surrogate_Re3/Python_Codes/table/snapshots_split/Al_300K_snap00031.extxyz,Al,300,Al__300,0.0001617169447626,0.00040686078300283547,0.00024514383824023544,0.00024514383824023544
/Users/yti0811/Desktop/FE_data/npj_CM01/NPJ_CM_Fig_Python/Public_Reproducibility_Package_V01/npjcm-free-energy-surrogate_Re3/Python_Codes/table/snapshots_split/Al_300K_snap00032.extxyz,Al,300,Al__300,-1.496750818120897e-05,0.0002591390567740602,0.0002741065649552692,0.0002741065649552692
/Users/yti0811/Desktop/FE_data/npj_CM01/NPJ_CM_Fig_Python/Public_Reproducibility_Package_V01/npjcm-free-energy-surrogate_Re3/Python_Codes/table/snapshots_split/Al_300K_snap00033.extxyz,Al,300,Al__300,-0.0002796196027736,-0.0005050188035566001,-0.00022539920078300013,0.00022539920078300013
/Users/yti0811/Desktop/FE_data/npj_CM01/NPJ_CM_Fig_Python/Public_Reproducibility_Package_V01/npjcm-free-energy-surrogate_Re3/Python_Codes/table/snapshots_split/Al_300K_snap00034.extxyz,Al,300,Al__300,2.857016326728133e-05,0.00029306569104001597,0.00026449552777273465,0.00026449552777273465
/Users/yti0811/Desktop/FE_data/npj_CM01/NPJ_CM_Fig_Python/Public_Reproducibility_Package_V01/npjcm-free-energy-surrogate_Re3/Python_Codes/table/snapshots_split/Al_300K_snap00035.extxyz,Al,300,Al__300,-0.0001859261856804,3.2874990831017727e-06,0.00018921368476350177,0.00018921368476350177
/Users/yti0811/Desktop/FE_data/npj_CM01/NPJ_CM_Fig_Python/Public_Reproducibility_Package_V01/npjcm-free-energy-surrogate_Re3/Python_Codes/table/snapshots_split/Al_300K_snap00036.extxyz,Al,300,Al__300,-0.0001293033461194,-0.0005007841274675878,-0.0003714807813481878,0.0003714807813481878
/Users/yti0811/Desktop/FE_data/npj_CM01/NPJ_CM_Fig_Python/Public_Reproducibility_Package_V01/npjcm-free-energy-surrogate_Re3/Python_Codes/table/snapshots_split/Al_300K_snap00037.extxyz,Al,300,Al__300,8.269051457660146e-05,0.0002955007129968137,0.00021281019842021224,0.00021281019842021224
/Users/yti0811/Desktop/FE_data/npj_CM01/NPJ_CM_Fig_Python/Public_Reproducibility_Package_V01/npjcm-free-energy-surrogate_Re3/Python_Codes/table/snapshots_split/Al_300K_snap00038.extxyz,Al,300,Al__300,0.000196312522419,0.0006571114713101454,0.00046079894889114535,0.00046079894889114535
/Users/yti0811/Desktop/FE_data/npj_CM01/NPJ_CM_Fig_Python/Public_Reproducibility_Package_V01/npjcm-free-energy-surrogate_Re3/Python_Codes/table/snapshots_split/Al_300K_snap00039.extxyz,Al,300,Al__300,-0.0002154514610535,-0.00044314508501751667,-0.00022769362396401666,0.00022769362396401666
/Users/yti0811/Desktop/FE_data/npj_CM01/NPJ_CM_Fig_Python/Public_Reproducibility_Package_V01/npjcm-free-energy-surrogate_Re3/Python_Codes/table/snapshots_split/Al_300K_snap00040.extxyz,Al,300,Al__300,0.0002081594770407,0.0004539884944949001,0.0002458290174542001,0.0002458290174542001
/Users/yti0811/Desktop/FE_data/npj_CM01/NPJ_CM_Fig_Python/Public_Reproducibility_Package_V01/npjcm-free-energy-surrogate_Re3/Python_Codes/table/snapshots_split/Al_300K_snap00041.extxyz,Al,300,Al__300,6.536437788327963e-05,-0.00018334628760837668,-0.0002487106654916563,0.0002487106654916563
/Users/yti0811/Desktop/FE_data/npj_CM01/NPJ_CM_Fig_Python/Public_Reproducibility_Package_V01/npjcm-free-energy-surrogate_Re3/Python_Codes/table/snapshots_split/Al_300K_snap00042.extxyz,Al,300,Al__300,0.0001826582927534,0.00028821032984907417,0.00010555203709567416,0.00010555203709567416
/Users/yti0811/Desktop/FE_data/npj_CM01/NPJ_CM_Fig_Python/Public_Reproducibility_Package_V01/npjcm-free-energy-surrogate_Re3/Python_Codes/table/snapshots_split/Al_300K_snap00043.extxyz,Al,300,Al__300,0.0002133257651647,0.00038305807924337654,0.00016973231407867655,0.00016973231407867655
/Users/yti0811/Desktop/FE_data/npj_CM01/NPJ_CM_Fig_Python/Public_Reproducibility_Package_V01/npjcm-free-energy-surrogate_Re3/Python_Codes/table/snapshots_split/Al_300K_snap00044.extxyz,Al,300,Al__300,-0.0001833225227401,-0.0011285595591192874,-0.0009452370363791875,0.0009452370363791875
/Users/yti0811/Desktop/FE_data/npj_CM01/NPJ_CM_Fig_Python/Public_Reproducibility_Package_V01/npjcm-free-energy-surrogate_Re3/Python_Codes/table/snapshots_split/Al_300K_snap00045.extxyz,Al,300,Al__300,6.722888525222236e-05,-0.00041424272512551855,-0.0004814716103777409,0.0004814716103777409
/Users/yti0811/Desktop/FE_data/npj_CM01/NPJ_CM_Fig_Python/Public_Reproducibility_Package_V01/npjcm-free-energy-surrogate_Re3/Python_Codes/table/snapshots_split/Al_300K_snap00046.extxyz,Al,300,Al__300,-3.5279948728108036e-05,0.0002746941816896179,0.00030997413041772596,0.00030997413041772596
/Users/yti0811/Desktop/FE_data/npj_CM01/NPJ_CM_Fig_Python/Public_Reproducibility_Package_V01/npjcm-free-energy-surrogate_Re3/Python_Codes/table/snapshots_split/Al_300K_snap00047.extxyz,Al,300,Al__300,0.0001107340045099,-0.0007971742292488319,-0.0009079082337587319,0.0009079082337587319
/Users/yti0811/Desktop/FE_data/npj_CM01/NPJ_CM_Fig_Python/Public_Reproducibility_Package_V01/npjcm-free-energy-surrogate_Re3/Python_Codes/table/snapshots_split/Al_300K_snap00048.extxyz,Al,300,Al__300,-0.0001466809627464,0.0003345769177568515,0.0004812578805032515,0.0004812578805032515
/Users/yti0811/Desktop/FE_data/npj_CM01/NPJ_CM_Fig_Python/Public_Reproducibility_Package_V01/npjcm-free-energy-surrogate_Re3/Python_Codes/table/snapshots_split/Al_300K_snap00049.extxyz,Al,300,Al__300,0.0001231596770266,0.0005511144799744439,0.0004279548029478439,0.0004279548029478439
/Users/yti0811/Desktop/FE_data/npj_CM01/NPJ_CM_Fig_Python/Public_Reproducibility_Package_V01/npjcm-free-energy-surrogate_Re3/Python_Codes/table/snapshots_split/Al_300K_snap00050.extxyz,Al,300,Al__300,-0.0001718281790699,0.0003984158834184618,0.0005702440624883618,0.0005702440624883618
/Users/yti0811/Desktop/FE_data/npj_CM01/NPJ_CM_Fig_Python/Public_Reproducibility_Package_V01/npjcm-free-energy-surrogate_Re3/Python_Codes/table/snapshots_split/Al_300K_snap00051.extxyz,Al,300,Al__300,7.120156393468466e-05,0.0003615415113105121,0.00029033994737582744,0.00029033994737582744
/Users/yti0811/Desktop/FE_data/npj_CM01/NPJ_CM_Fig_Python/Public_Reproducibility_Package_V01/npjcm-free-energy-surrogate_Re3/Python_Codes/table/snapshots_split/Al_300K_snap00052.extxyz,Al,300,Al__300,-5.473876245955135e-05,0.0007633901985650356,0.000818128961024587,0.000818128961024587
/Users/yti0811/Desktop/FE_data/npj_CM01/NPJ_CM_Fig_Python/Public_Reproducibility_Package_V01/npjcm-free-energy-surrogate_Re3/Python_Codes/table/snapshots_split/Al_300K_snap00053.extxyz,Al,300,Al__300,-2.8543587558784183e-05,0.0006296661384427084,0.0006582097260014926,0.0006582097260014926
/Users/yti0811/Desktop/FE_data/npj_CM01/NPJ_CM_Fig_Python/Public_Reproducibility_Package_V01/npjcm-free-energy-surrogate_Re3/Python_Codes/table/snapshots_split/Al_300K_snap00054.extxyz,Al,300,Al__300,-0.0001015405897616,0.0007996611568796038,0.0009012017466412039,0.0009012017466412039
/Users/yti0811/Desktop/FE_data/npj_CM01/NPJ_CM_Fig_Python/Public_Reproducibility_Package_V01/npjcm-free-energy-surrogate_Re3/Python_Codes/table/snapshots_split/Al_300K_snap00055.extxyz,Al,300,Al__300,4.240904803475108e-05,-0.0012321577298276642,-0.0012745667778624153,0.0012745667778624153
/Users/yti0811/Desktop/FE_data/npj_CM01/NPJ_CM_Fig_Python/Public_Reproducibility_Package_V01/npjcm-free-energy-surrogate_Re3/Python_Codes/table/snapshots_split/Al_300K_snap00056.extxyz,Al,300,Al__300,-2.8963904205160944e-05,0.000471306958803006,0.0005002708630081669,0.0005002708630081669
/Users/yti0811/Desktop/FE_data/npj_CM01/NPJ_CM_Fig_Python/Public_Reproducibility_Package_V01/npjcm-free-energy-surrogate_Re3/Python_Codes/table/snapshots_split/Al_300K_snap00057.extxyz,Al,300,Al__300,4.506092891630563e-05,-0.00028177970206639933,-0.00032684063098270495,0.00032684063098270495
/Users/yti0811/Desktop/FE_data/npj_CM01/NPJ_CM_Fig_Python/Public_Reproducibility_Package_V01/npjcm-free-energy-surrogate_Re3/Python_Codes/table/snapshots_split/Al_300K_snap00058.extxyz,Al,300,Al__300,-0.0002475370342083,0.00018972085906468437,0.00043725789327298437,0.00043725789327298437
/Users/yti0811/Desktop/FE_data/npj_CM01/NPJ_CM_Fig_Python/Public_Reproducibility_Package_V01/npjcm-free-energy-surrogate_Re3/Python_Codes/table/snapshots_split/Al_300K_snap00059.extxyz,Al,300,Al__300,0.0001605673408758,0.0006082225611737754,0.0004476552202979754,0.0004476552202979754
/Users/yti0811/Desktop/FE_data/npj_CM01/NPJ_CM_Fig_Python/Public_Reproducibility_Package_V01/npjcm-free-energy-surrogate_Re3/Python_Codes/table/snapshots_split/Al_300K_snap00060.extxyz,Al,300,Al__300,-0.0003427540392515,-0.000342405004301482,3.4903495001799723e-07,3.4903495001799723e-07
/Users/yti0811/Desktop/FE_data/npj_CM01/NPJ_CM_Fig_Python/Public_Reproducibility_Package_V01/npjcm-free-energy-surrogate_Re3/Python_Codes/table/snapshots_split/Al_300K_snap00061.extxyz,Al,300,Al__300,-1.1701258317743952e-05,-0.0010168086343126984,-0.0010051073759949544,0.0010051073759949544
/Users/yti0811/Desktop/FE_data/npj_CM01/NPJ_CM_Fig_Python/Public_Reproducibility_Package_V01/npjcm-free-energy-surrogate_Re3/Python_Codes/table/snapshots_split/Al_300K_snap00062.extxyz,Al,300,Al__300,-2.3748401900016163e-05,0.0009856392565997837,0.0010093876584997999,0.0010093876584997999
/Users/yti0811/Desktop/FE_data/npj_CM01/NPJ_CM_Fig_Python/Public_Reproducibility_Package_V01/npjcm-free-energy-surrogate_Re3/Python_Codes/table/snapshots_split/Al_300K_snap00063.extxyz,Al,300,Al__300,-5.7400624180372074e-05,0.0015169152350590091,0.0015743158592393812,0.0015743158592393812
/Users/yti0811/Desktop/FE_data/npj_CM01/NPJ_CM_Fig_Python/Public_Reproducibility_Package_V01/npjcm-free-energy-surrogate_Re3/Python_Codes/table/snapshots_split/Al_300K_snap00064.extxyz,Al,300,Al__300,-0.0001410025026171,-4.9443290689599284e-05,9.155921192750072e-05,9.155921192750072e-05
/Users/yti0811/Desktop/FE_data/npj_CM01/NPJ_CM_Fig_Python/Public_Reproducibility_Package_V01/npjcm-free-energy-surrogate_Re3/Python_Codes/table/snapshots_split/Al_300K_snap00065.extxyz,Al,300,Al__300,6.497022875793774e-06,-0.0005829911429075145,-0.0005894881657833083,0.0005894881657833083
/Users/yti0811/Desktop/FE_data/npj_CM01/NPJ_CM_Fig_Python/Public_Reproducibility_Package_V01/npjcm-free-energy-surrogate_Re3/Python_Codes/table/snapshots_split/Al_300K_snap00066.extxyz,Al,300,Al__300,3.062433745181058e-05,-0.0005282554994933484,-0.000558879836945159,0.000558879836945159
/Users/yti0811/Desktop/FE_data/npj_CM01/NPJ_CM_Fig_Python/Public_Reproducibility_Package_V01/npjcm-free-energy-surrogate_Re3/Python_Codes/table/snapshots_split/Al_300K_snap00067.extxyz,Al,300,Al__300,-8.25746375351505e-05,-4.367638475769184e-05,3.889825277745866e-05,3.889825277745866e-05
/Users/yti0811/Desktop/FE_data/npj_CM01/NPJ_CM_Fig_Python/Public_Reproducibility_Package_V01/npjcm-free-energy-surrogate_Re3/Python_Codes/table/snapshots_split/Al_300K_snap00068.extxyz,Al,300,Al__300,-3.12506535745788e-05,-0.00023225442784055282,-0.00020100377426597403,0.00020100377426597403
/Users/yti0811/Desktop/FE_data/npj_CM01/NPJ_CM_Fig_Python/Public_Reproducibility_Package_V01/npjcm-free-energy-surrogate_Re3/Python_Codes/table/snapshots_split/Al_300K_snap00069.extxyz,Al,300,Al__300,-2.7330297073370773e-05,1.4424843405750347e-06,2.877278141394581e-05,2.877278141394581e-05
/Users/yti0811/Desktop/FE_data/npj_CM01/NPJ_CM_Fig_Python/Public_Reproducibility_Package_V01/npjcm-free-energy-surrogate_Re3/Python_Codes/table/snapshots_split/Al_300K_snap00070.extxyz,Al,300,Al__300,-0.0001321970005941,-0.00033017511215725987,-0.00019797811156315988,0.00019797811156315988
/Users/yti0811/Desktop/FE_data/npj_CM01/NPJ_CM_Fig_Python/Public_Reproducibility_Package_V01/npjcm-free-energy-surrogate_Re3/Python_Codes/table/snapshots_split/Al_300K_snap00071.extxyz,Al,300,Al__300,0.0001915532219071,0.0002363672755841565,4.4814053677056515e-05,4.4814053677056515e-05
/Users/yti0811/Desktop/FE_data/npj_CM01/NPJ_CM_Fig_Python/Public_Reproducibility_Package_V01/npjcm-free-energy-surrogate_Re3/Python_Codes/table/snapshots_split/Al_300K_snap00072.extxyz,Al,300,Al__300,-3.709737768033018e-05,0.000497122403998811,0.0005342197816791412,0.0005342197816791412
/Users/yti0811/Desktop/FE_data/npj_CM01/NPJ_CM_Fig_Python/Public_Reproducibility_Package_V01/npjcm-free-energy-surrogate_Re3/Python_Codes/table/snapshots_split/Al_300K_snap00073.extxyz,Al,300,Al__300,-0.0001242306757187,-0.00017230769855610013,-4.8077022837400123e-05,4.8077022837400123e-05
/Users/yti0811/Desktop/FE_data/npj_CM01/NPJ_CM_Fig_Python/Public_Reproducibility_Package_V01/npjcm-free-energy-surrogate_Re3/Python_Codes/table/snapshots_split/Al_300K_snap00074.extxyz,Al,300,Al__300,-0.0001633953643558,0.0011343578036414098,0.00129775316799721,0.00129775316799721
/Users/yti0811/Desktop/FE_data/npj_CM01/NPJ_CM_Fig_Python/Public_Reproducibility_Package_V01/npjcm-free-energy-surrogate_Re3/Python_Codes/table/snapshots_split/Al_300K_snap00075.extxyz,Al,300,Al__300,9.831100965180148e-05,0.0003711032596816358,0.0002727922500298343,0.0002727922500298343
/Users/yti0811/Desktop/FE_data/npj_CM01/NPJ_CM_Fig_Python/Public_Reproducibility_Package_V01/npjcm-free-energy-surrogate_Re3/Python_Codes/table/snapshots_split/Al_300K_snap00076.extxyz,Al,300,Al__300,-0.0002677422654937,-0.0007143665254556795,-0.0004466242599619795,0.0004466242599619795
/Users/yti0811/Desktop/FE_data/npj_CM01/NPJ_CM_Fig_Python/Public_Reproducibility_Package_V01/npjcm-free-energy-surrogate_Re3/Python_Codes/table/snapshots_split/Al_300K_snap00077.extxyz,Al,300,Al__300,7.262824815344847e-05,6.554883665833839e-06,-6.607336448761463e-05,6.607336448761463e-05
/Users/yti0811/Desktop/FE_data/npj_CM01/NPJ_CM_Fig_Python/Public_Reproducibility_Package_V01/npjcm-free-energy-surrogate_Re3/Python_Codes/table/snapshots_split/Al_300K_snap00078.extxyz,Al,300,Al__300,4.62379583893041e-05,0.0002654299173438688,0.00021919195895456472,0.00021919195895456472
/Users/yti0811/Desktop/FE_data/npj_CM01/NPJ_CM_Fig_Python/Public_Reproducibility_Package_V01/npjcm-free-energy-surrogate_Re3/Python_Codes/table/snapshots_split/Al_300K_snap00079.extxyz,Al,300,Al__300,3.617565579904057e-05,-0.00010619030375269253,-0.00014236595955173308,0.00014236595955173308
/Users/yti0811/Desktop/FE_data/npj_CM01/NPJ_CM_Fig_Python/Public_Reproducibility_Package_V01/npjcm-free-energy-surrogate_Re3/Python_Codes/table/snapshots_split/Al_300K_snap00080.extxyz,Al,300,Al__300,8.031671200560146e-05,0.0003095712376582736,0.00022925452565267216,0.00022925452565267216
/Users/yti0811/Desktop/FE_data/npj_CM01/NPJ_CM_Fig_Python/Public_Reproducibility_Package_V01/npjcm-free-energy-surrogate_Re3/Python_Codes/table/snapshots_split/Al_300K_snap00081.extxyz,Al,300,Al__300,0.0001350603687636,0.0008178988284776059,0.0006828384597140059,0.0006828384597140059
/Users/yti0811/Desktop/FE_data/npj_CM01/NPJ_CM_Fig_Python/Public_Reproducibility_Package_V01/npjcm-free-energy-surrogate_Re3/Python_Codes/table/snapshots_split/Al_300K_snap00082.extxyz,Al,300,Al__300,-2.0215028112685765e-06,0.00021211521200100713,0.00021413671481227572,0.00021413671481227572
/Users/yti0811/Desktop/FE_data/npj_CM01/NPJ_CM_Fig_Python/Public_Reproducibility_Package_V01/npjcm-free-energy-surrogate_Re3/Python_Codes/table/snapshots_split/Al_300K_snap00083.extxyz,Al,300,Al__300,-0.0002732066576867,-0.00010876916227636891,0.00016443749541033106,0.00016443749541033106
/Users/yti0811/Desktop/FE_data/npj_CM01/NPJ_CM_Fig_Python/Public_Reproducibility_Package_V01/npjcm-free-energy-surrogate_Re3/Python_Codes/table/snapshots_split/Al_300K_snap00084.extxyz,Al,300,Al__300,2.1214734388417795e-05,-0.00011966844440911576,-0.00014088317879753354,0.00014088317879753354
/Users/yti0811/Desktop/FE_data/npj_CM01/NPJ_CM_Fig_Python/Public_Reproducibility_Package_V01/npjcm-free-energy-surrogate_Re3/Python_Codes/table/snapshots_split/Al_300K_snap00085.extxyz,Al,300,Al__300,-0.0001179211653438,0.0007120166471208307,0.0008299378124646306,0.0008299378124646306
/Users/yti0811/Desktop/FE_data/npj_CM01/NPJ_CM_Fig_Python/Public_Reproducibility_Package_V01/npjcm-free-energy-surrogate_Re3/Python_Codes/table/snapshots_split/Al_300K_snap00086.extxyz,Al,300,Al__300,-3.554744144053269e-05,-0.00036387850765976084,-0.00032833106621922814,0.00032833106621922814
/Users/yti0811/Desktop/FE_data/npj_CM01/NPJ_CM_Fig_Python/Public_Reproducibility_Package_V01/npjcm-free-energy-surrogate_Re3/Python_Codes/table/snapshots_split/Al_300K_snap00087.extxyz,Al,300,Al__300,-9.905613007078652e-05,-0.00027514937802667033,-0.0001760932479558838,0.0001760932479558838
/Users/yti0811/Desktop/FE_data/npj_CM01/NPJ_CM_Fig_Python/Public_Reproducibility_Package_V01/npjcm-free-energy-surrogate_Re3/Python_Codes/table/snapshots_split/Al_300K_snap00088.extxyz,Al,300,Al__300,6.128838498185961e-05,0.0012164032673948803,0.0011551148824130207,0.0011551148824130207
/Users/yti0811/Desktop/FE_data/npj_CM01/NPJ_CM_Fig_Python/Public_Reproducibility_Package_V01/npjcm-free-energy-surrogate_Re3/Python_Codes/table/snapshots_split/Al_300K_snap00089.extxyz,Al,300,Al__300,9.495221430770146e-05,0.0006609735850480103,0.0005660213707403088,0.0005660213707403088
/Users/yti0811/Desktop/FE_data/npj_CM01/NPJ_CM_Fig_Python/Public_Reproducibility_Package_V01/npjcm-free-energy-surrogate_Re3/Python_Codes/table/snapshots_split/Al_300K_snap00090.extxyz,Al,300,Al__300,-0.0001286558162061,-0.00010129274495142268,2.7363071254677318e-05,2.7363071254677318e-05
/Users/yti0811/Desktop/FE_data/npj_CM01/NPJ_CM_Fig_Python/Public_Reproducibility_Package_V01/npjcm-free-energy-surrogate_Re3/Python_Codes/table/snapshots_split/Al_300K_snap00091.extxyz,Al,300,Al__300,-7.452788297425296e-05,-0.0009334408039859941,-0.0008589129210117411,0.0008589129210117411
/Users/yti0811/Desktop/FE_data/npj_CM01/NPJ_CM_Fig_Python/Public_Reproducibility_Package_V01/npjcm-free-energy-surrogate_Re3/Python_Codes/table/snapshots_split/Al_300K_snap00092.extxyz,Al,300,Al__300,-8.598989726617158e-05,0.0001764250417846236,0.00026241493905079517,0.00026241493905079517
/Users/yti0811/Desktop/FE_data/npj_CM01/NPJ_CM_Fig_Python/Public_Reproducibility_Package_V01/npjcm-free-energy-surrogate_Re3/Python_Codes/table/snapshots_split/Al_300K_snap00093.extxyz,Al,300,Al__300,3.86486841140604e-05,0.0008617756173185013,0.0008231269332044409,0.0008231269332044409
/Users/yti0811/Desktop/FE_data/npj_CM01/NPJ_CM_Fig_Python/Public_Reproducibility_Package_V01/npjcm-free-energy-surrogate_Re3/Python_Codes/table/snapshots_split/Al_300K_snap00094.extxyz,Al,300,Al__300,-0.0003176576397632,-0.0006703001444948198,-0.00035264250473161985,0.00035264250473161985
/Users/yti0811/Desktop/FE_data/npj_CM01/NPJ_CM_Fig_Python/Public_Reproducibility_Package_V01/npjcm-free-energy-surrogate_Re3/Python_Codes/table/snapshots_split/Al_300K_snap00095.extxyz,Al,300,Al__300,2.528663280286612e-05,-0.0006236908510321622,-0.0006489774838350283,0.0006489774838350283
/Users/yti0811/Desktop/FE_data/npj_CM01/NPJ_CM_Fig_Python/Public_Reproducibility_Package_V01/npjcm-free-energy-surrogate_Re3/Python_Codes/table/snapshots_split/Al_300K_snap00096.extxyz,Al,300,Al__300,7.868862978640146e-05,0.0006311111672082021,0.0005524225374218006,0.0005524225374218006
/Users/yti0811/Desktop/FE_data/npj_CM01/NPJ_CM_Fig_Python/Public_Reproducibility_Package_V01/npjcm-free-energy-surrogate_Re3/Python_Codes/table/snapshots_split/Al_300K_snap00097.extxyz,Al,300,Al__300,4.350017662578641e-05,0.0005477624701617682,0.0005042622935359818,0.0005042622935359818
/Users/yti0811/Desktop/FE_data/npj_CM01/NPJ_CM_Fig_Python/Public_Reproducibility_Package_V01/npjcm-free-energy-surrogate_Re3/Python_Codes/table/snapshots_split/Al_300K_snap00098.extxyz,Al,300,Al__300,0.0001763554300914,7.284278067273352e-05,-0.00010351264941866647,0.00010351264941866647
/Users/yti0811/Desktop/FE_data/npj_CM01/NPJ_CM_Fig_Python/Public_Reproducibility_Package_V01/npjcm-free-energy-surrogate_Re3/Python_Codes/table/snapshots_split/Al_300K_snap00099.extxyz,Al,300,Al__300,-5.549263660577121e-05,-0.0005052385421145039,-0.00044974590550873265,0.00044974590550873265
/Users/yti0811/Desktop/FE_data/npj_CM01/NPJ_CM_Fig_Python/Public_Reproducibility_Package_V01/npjcm-free-energy-surrogate_Re3/Python_Codes/table/snapshots_split/Al_400K_snap00000.extxyz,Al,400,Al__400,0.0052052600927857,-0.010233010728990332,-0.015438270821776033,0.015438270821776033
/Users/yti0811/Desktop/FE_data/npj_CM01/NPJ_CM_Fig_Python/Public_Reproducibility_Package_V01/npjcm-free-energy-surrogate_Re3/Python_Codes/table/snapshots_split/Al_400K_snap00001.extxyz,Al,400,Al__400,0.0055428737629675,-0.010375433065065125,-0.015918306828032625,0.015918306828032625
/Users/yti0811/Desktop/FE_data/npj_CM01/NPJ_CM_Fig_Python/Public_Reproducibility_Package_V01/npjcm-free-energy-surrogate_Re3/Python_Codes/table/snapshots_split/Al_400K_snap00002.extxyz,Al,400,Al__400,0.0054520838500292,-0.01087803860615768,-0.01633012245618688,0.01633012245618688
/Users/yti0811/Desktop/FE_data/npj_CM01/NPJ_CM_Fig_Python/Public_Reproducibility_Package_V01/npjcm-free-energy-surrogate_Re3/Python_Codes/table/snapshots_split/Al_400K_snap00003.extxyz,Al,400,Al__400,0.0053378525405657,-0.011327868573830406,-0.016665721114396105,0.016665721114396105
/Users/yti0811/Desktop/FE_data/npj_CM01/NPJ_CM_Fig_Python/Public_Reproducibility_Package_V01/npjcm-free-energy-surrogate_Re3/Python_Codes/table/snapshots_split/Al_400K_snap00004.extxyz,Al,400,Al__400,0.0051857956993078,-0.012121504211804522,-0.017307299911112323,0.017307299911112323
/Users/yti0811/Desktop/FE_data/npj_CM01/NPJ_CM_Fig_Python/Public_Reproducibility_Package_V01/npjcm-free-energy-surrogate_Re3/Python_Codes/table/snapshots_split/Al_400K_snap00005.extxyz,Al,400,Al__400,0.0054491380782205,-0.011467284364017817,-0.016916422442238316,0.016916422442238316
/Users/yti0811/Desktop/FE_data/npj_CM01/NPJ_CM_Fig_Python/Public_Reproducibility_Package_V01/npjcm-free-energy-surrogate_Re3/Python_Codes/table/snapshots_split/Al_400K_snap00006.extxyz,Al,400,Al__400,0.005224301130931,-0.011869519886238163,-0.017093821017169164,0.017093821017169164
/Users/yti0811/Desktop/FE_data/npj_CM01/NPJ_CM_Fig_Python/Public_Reproducibility_Package_V01/npjcm-free-energy-surrogate_Re3/Python_Codes/table/snapshots_split/Al_400K_snap00007.extxyz,Al,400,Al__400,0.0053350434492204,-0.012268449471028543,-0.017603492920248945,0.017603492920248945
/Users/yti0811/Desktop/FE_data/npj_CM01/NPJ_CM_Fig_Python/Public_Reproducibility_Package_V01/npjcm-free-energy-surrogate_Re3/Python_Codes/table/snapshots_split/Al_400K_snap00008.extxyz,Al,400,Al__400,0.0052821906831172,-0.012186425501435888,-0.017468616184553087,0.017468616184553087
/Users/yti0811/Desktop/FE_data/npj_CM01/NPJ_CM_Fig_Python/Public_Reproducibility_Package_V01/npjcm-free-energy-surrogate_Re3/Python_Codes/table/snapshots_split/Al_400K_snap00009.extxyz,Al,400,Al__400,0.0051147727793005,-0.011414975717599368,-0.01652974849689987,0.01652974849689987
/Users/yti0811/Desktop/FE_data/npj_CM01/NPJ_CM_Fig_Python/Public_Reproducibility_Package_V01/npjcm-free-energy-surrogate_Re3/Python_Codes/table/snapshots_split/Al_400K_snap00010.extxyz,Al,400,Al__400,0.0053378691890221,-0.010847639146535278,-0.016185508335557378,0.016185508335557378
/Users/yti0811/Desktop/FE_data/npj_CM01/NPJ_CM_Fig_Python/Public_Reproducibility_Package_V01/npjcm-free-energy-surrogate_Re3/Python_Codes/table/snapshots_split/Al_400K_snap00011.extxyz,Al,400,Al__400,0.0052868115536345,-0.013299981789742317,-0.018586793343376817,0.018586793343376817
/Users/yti0811/Desktop/FE_data/npj_CM01/NPJ_CM_Fig_Python/Public_Reproducibility_Package_V01/npjcm-free-energy-surrogate_Re3/Python_Codes/table/snapshots_split/Al_400K_snap00012.extxyz,Al,400,Al__400,0.005471925930741,-0.01071819549054412,-0.01619012142128512,0.01619012142128512
/Users/yti0811/Desktop/FE_data/npj_CM01/NPJ_CM_Fig_Python/Public_Reproducibility_Package_V01/npjcm-free-energy-surrogate_Re3/Python_Codes/table/snapshots_split/Al_400K_snap00013.extxyz,Al,400,Al__400,0.0057554010881252,-0.012149628854522577,-0.017905029942647775,0.017905029942647775
/Users/yti0811/Desktop/FE_data/npj_CM01/NPJ_CM_Fig_Python/Public_Reproducibility_Package_V01/npjcm-free-energy-surrogate_Re3/Python_Codes/table/snapshots_split/Al_400K_snap00014.extxyz,Al,400,Al__400,0.0051902171070118,-0.01093439290260025,-0.016124610009612052,0.016124610009612052
/Users/yti0811/Desktop/FE_data/npj_CM01/NPJ_CM_Fig_Python/Public_Reproducibility_Package_V01/npjcm-free-energy-surrogate_Re3/Python_Codes/table/snapshots_split/Al_400K_snap00015.extxyz,Al,400,Al__400,0.0057045764701341,-0.010847624147864238,-0.01655220061799834,0.01655220061799834
/Users/yti0811/Desktop/FE_data/npj_CM01/NPJ_CM_Fig_Python/Public_Reproducibility_Package_V01/npjcm-free-energy-surrogate_Re3/Python_Codes/table/snapshots_split/Al_400K_snap00016.extxyz,Al,400,Al__400,0.0051231185197299,-0.010966835690281774,-0.016089954210011675,0.016089954210011675
/Users/yti0811/Desktop/FE_data/npj_CM01/NPJ_CM_Fig_Python/Public_Reproducibility_Package_V01/npjcm-free-energy-surrogate_Re3/Python_Codes/table/snapshots_split/Al_400K_snap00017.extxyz,Al,400,Al__400,0.0052326740955363,-0.012017182986364311,-0.01724985708190061,0.01724985708190061
/Users/yti0811/Desktop/FE_data/npj_CM01/NPJ_CM_Fig_Python/Public_Reproducibility_Package_V01/npjcm-free-energy-surrogate_Re3/Python_Codes/table/snapshots_split/Al_400K_snap00018.extxyz,Al,400,Al__400,0.0055360631321611,-0.01351674351853132,-0.01905280665069242,0.01905280665069242
/Users/yti0811/Desktop/FE_data/npj_CM01/NPJ_CM_Fig_Python/Public_Reproducibility_Package_V01/npjcm-free-energy-surrogate_Re3/Python_Codes/table/snapshots_split/Al_400K_snap00019.extxyz,Al,400,Al__400,0.0056552555563286,-0.01247436477911679,-0.01812962033544539,0.01812962033544539
/Users/yti0811/Desktop/FE_data/npj_CM01/NPJ_CM_Fig_Python/Public_Reproducibility_Package_V01/npjcm-free-energy-surrogate_Re3/Python_Codes/table/snapshots_split/Al_400K_snap00020.extxyz,Al,400,Al__400,0.0054675684345563,-0.010893530420926393,-0.016361098855482693,0.016361098855482693
/Users/yti0811/Desktop/FE_data/npj_CM01/NPJ_CM_Fig_Python/Public_Reproducibility_Package_V01/npjcm-free-energy-surrogate_Re3/Python_Codes/table/snapshots_split/Al_400K_snap00021.extxyz,Al,400,Al__400,0.0050451142845348,-0.01335919622686215,-0.018404310511396953,0.018404310511396953
/Users/yti0811/Desktop/FE_data/npj_CM01/NPJ_CM_Fig_Python/Public_Reproducibility_Package_V01/npjcm-free-energy-surrogate_Re3/Python_Codes/table/snapshots_split/Al_400K_snap00022.extxyz,Al,400,Al__400,0.0052998044954223,-0.01210814515950347,-0.017407949654925772,0.017407949654925772
/Users/yti0811/Desktop/FE_data/npj_CM01/NPJ_CM_Fig_Python/Public_Reproducibility_Package_V01/npjcm-free-energy-surrogate_Re3/Python_Codes/table/snapshots_split/Al_400K_snap00023.extxyz,Al,400,Al__400,0.0054231602165378,-0.011311357946745954,-0.01673451816328375,0.01673451816328375
/Users/yti0811/Desktop/FE_data/npj_CM01/NPJ_CM_Fig_Python/Public_Reproducibility_Package_V01/npjcm-free-energy-surrogate_Re3/Python_Codes/table/snapshots_split/Al_400K_snap00024.extxyz,Al,400,Al__400,0.0051298546780419,-0.012160295199327039,-0.01729014987736894,0.01729014987736894
/Users/yti0811/Desktop/FE_data/npj_CM01/NPJ_CM_Fig_Python/Public_Reproducibility_Package_V01/npjcm-free-energy-surrogate_Re3/Python_Codes/table/snapshots_split/Al_400K_snap00025.extxyz,Al,400,Al__400,0.0048796156608054,-0.011640538446466916,-0.016520154107272318,0.016520154107272318
/Users/yti0811/Desktop/FE_data/npj_CM01/NPJ_CM_Fig_Python/Public_Reproducibility_Package_V01/npjcm-free-energy-surrogate_Re3/Python_Codes/table/snapshots_split/Al_400K_snap00026.extxyz,Al,400,Al__400,0.0052379746577498,-0.011970994129242062,-0.017208968786991862,0.017208968786991862
/Users/yti0811/Desktop/FE_data/npj_CM01/NPJ_CM_Fig_Python/Public_Reproducibility_Package_V01/npjcm-free-energy-surrogate_Re3/Python_Codes/table/snapshots_split/Al_400K_snap00027.extxyz,Al,400,Al__400,0.0053048486172829,-0.012352080686099344,-0.017656929303382245,0.017656929303382245
/Users/yti0811/Desktop/FE_data/npj_CM01/NPJ_CM_Fig_Python/Public_Reproducibility_Package_V01/npjcm-free-energy-surrogate_Re3/Python_Codes/table/snapshots_split/Al_400K_snap00028.extxyz,Al,400,Al__400,0.0051044390650868,-0.010768504896754101,-0.015872943961840903,0.015872943961840903
/Users/yti0811/Desktop/FE_data/npj_CM01/NPJ_CM_Fig_Python/Public_Reproducibility_Package_V01/npjcm-free-energy-surrogate_Re3/Python_Codes/table/snapshots_split/Al_400K_snap00029.extxyz,Al,400,Al__400,0.0055125897215672,-0.012079771092605437,-0.017592360814172637,0.017592360814172637
/Users/yti0811/Desktop/FE_data/npj_CM01/NPJ_CM_Fig_Python/Public_Reproducibility_Package_V01/npjcm-free-energy-surrogate_Re3/Python_Codes/table/snapshots_split/Al_400K_snap00030.extxyz,Al,400,Al__400,0.0052607907854823,-0.011938455651345724,-0.017199246436828027,0.017199246436828027
/Users/yti0811/Desktop/FE_data/npj_CM01/NPJ_CM_Fig_Python/Public_Reproducibility_Package_V01/npjcm-free-energy-surrogate_Re3/Python_Codes/table/snapshots_split/Al_400K_snap00031.extxyz,Al,400,Al__400,0.0052192941392289,-0.013187155330509555,-0.018406449469738455,0.018406449469738455
/Users/yti0811/Desktop/FE_data/npj_CM01/NPJ_CM_Fig_Python/Public_Reproducibility_Package_V01/npjcm-free-energy-surrogate_Re3/Python_Codes/table/snapshots_split/Al_400K_snap00032.extxyz,Al,400,Al__400,0.0053072012062586,-0.012584174086844768,-0.01789137529310337,0.01789137529310337
/Users/yti0811/Desktop/FE_data/npj_CM01/NPJ_CM_Fig_Python/Public_Reproducibility_Package_V01/npjcm-free-energy-surrogate_Re3/Python_Codes/table/snapshots_split/Al_400K_snap00033.extxyz,Al,400,Al__400,0.0050886753304936,-0.011388089678881523,-0.016476765009375123,0.016476765009375123
/Users/yti0811/Desktop/FE_data/npj_CM01/NPJ_CM_Fig_Python/Public_Reproducibility_Package_V01/npjcm-free-energy-surrogate_Re3/Python_Codes/table/snapshots_split/Al_400K_snap00034.extxyz,Al,400,Al__400,0.0054224819859684,-0.012437514756633355,-0.017859996742601754,0.017859996742601754
/Users/yti0811/Desktop/FE_data/npj_CM01/NPJ_CM_Fig_Python/Public_Reproducibility_Package_V01/npjcm-free-energy-surrogate_Re3/Python_Codes/table/snapshots_split/Al_400K_snap00035.extxyz,Al,400,Al__400,0.0052131950044352,-0.012313182971682846,-0.017526377976118047,0.017526377976118047
/Users/yti0811/Desktop/FE_data/npj_CM01/NPJ_CM_Fig_Python/Public_Reproducibility_Package_V01/npjcm-free-energy-surrogate_Re3/Python_Codes/table/snapshots_split/Al_400K_snap00036.extxyz,Al,400,Al__400,0.0050244723980773,-0.012236073213769131,-0.01726054561184643,0.01726054561184643
/Users/yti0811/Desktop/FE_data/npj_CM01/NPJ_CM_Fig_Python/Public_Reproducibility_Package_V01/npjcm-free-energy-surrogate_Re3/Python_Codes/table/snapshots_split/Al_400K_snap00037.extxyz,Al,400,Al__400,0.0054772540783464,-0.010602974467097173,-0.016080228545443574,0.016080228545443574
/Users/yti0811/Desktop/FE_data/npj_CM01/NPJ_CM_Fig_Python/Public_Reproducibility_Package_V01/npjcm-free-energy-surrogate_Re3/Python_Codes/table/snapshots_split/Al_400K_snap00038.extxyz,Al,400,Al__400,0.0053449485756759,-0.010920439152838758,-0.016265387728514658,0.016265387728514658
/Users/yti0811/Desktop/FE_data/npj_CM01/NPJ_CM_Fig_Python/Public_Reproducibility_Package_V01/npjcm-free-energy-surrogate_Re3/Python_Codes/table/snapshots_split/Al_400K_snap00039.extxyz,Al,400,Al__400,0.0054496560221363,-0.011858125058084305,-0.017307781080220606,0.017307781080220606
/Users/yti0811/Desktop/FE_data/npj_CM01/NPJ_CM_Fig_Python/Public_Reproducibility_Package_V01/npjcm-free-energy-surrogate_Re3/Python_Codes/table/snapshots_split/Al_400K_snap00040.extxyz,Al,400,Al__400,0.0054606880765623,-0.011784386330222735,-0.017245074406785035,0.017245074406785035
/Users/yti0811/Desktop/FE_data/npj_CM01/NPJ_CM_Fig_Python/Public_Reproducibility_Package_V01/npjcm-free-energy-surrogate_Re3/Python_Codes/table/snapshots_split/Al_400K_snap00041.extxyz,Al,400,Al__400,0.0054001391654871,-0.011903400525289359,-0.017303539690776457,0.017303539690776457
/Users/yti0811/Desktop/FE_data/npj_CM01/NPJ_CM_Fig_Python/Public_Reproducibility_Package_V01/npjcm-free-energy-surrogate_Re3/Python_Codes/table/snapshots_split/Al_400K_snap00042.extxyz,Al,400,Al__400,0.0050477526129687,-0.011978363707188041,-0.017026116320156742,0.017026116320156742
/Users/yti0811/Desktop/FE_data/npj_CM01/NPJ_CM_Fig_Python/Public_Reproducibility_Package_V01/npjcm-free-energy-surrogate_Re3/Python_Codes/table/snapshots_split/Al_400K_snap00043.extxyz,Al,400,Al__400,0.0052103603712018,-0.010396612912386544,-0.015606973283588343,0.015606973283588343
/Users/yti0811/Desktop/FE_data/npj_CM01/NPJ_CM_Fig_Python/Public_Reproducibility_Package_V01/npjcm-free-energy-surrogate_Re3/Python_Codes/table/snapshots_split/Al_400K_snap00044.extxyz,Al,400,Al__400,0.0052045810944344,-0.0120955477145257,-0.0173001288089601,0.0173001288089601
/Users/yti0811/Desktop/FE_data/npj_CM01/NPJ_CM_Fig_Python/Public_Reproducibility_Package_V01/npjcm-free-energy-surrogate_Re3/Python_Codes/table/snapshots_split/Al_400K_snap00045.extxyz,Al,400,Al__400,0.0051262255745531,-0.01184097898365738,-0.01696720455821048,0.01696720455821048
/Users/yti0811/Desktop/FE_data/npj_CM01/NPJ_CM_Fig_Python/Public_Reproducibility_Package_V01/npjcm-free-energy-surrogate_Re3/Python_Codes/table/snapshots_split/Al_400K_snap00046.extxyz,Al,400,Al__400,0.0053495949142182,-0.011496674938730404,-0.016846269852948605,0.016846269852948605
/Users/yti0811/Desktop/FE_data/npj_CM01/NPJ_CM_Fig_Python/Public_Reproducibility_Package_V01/npjcm-free-energy-surrogate_Re3/Python_Codes/table/snapshots_split/Al_400K_snap00047.extxyz,Al,400,Al__400,0.0052562605668892,-0.011733315912488582,-0.016989576479377783,0.016989576479377783
/Users/yti0811/Desktop/FE_data/npj_CM01/NPJ_CM_Fig_Python/Public_Reproducibility_Package_V01/npjcm-free-energy-surrogate_Re3/Python_Codes/table/snapshots_split/Al_400K_snap00048.extxyz,Al,400,Al__400,0.0054942183620979,-0.01194915660070174,-0.01744337496279964,0.01744337496279964
/Users/yti0811/Desktop/FE_data/npj_CM01/NPJ_CM_Fig_Python/Public_Reproducibility_Package_V01/npjcm-free-energy-surrogate_Re3/Python_Codes/table/snapshots_split/Al_400K_snap00049.extxyz,Al,400,Al__400,0.0053410186937951,-0.01105409896018003,-0.016395117653975128,0.016395117653975128
/Users/yti0811/Desktop/FE_data/npj_CM01/NPJ_CM_Fig_Python/Public_Reproducibility_Package_V01/npjcm-free-energy-surrogate_Re3/Python_Codes/table/snapshots_split/Al_400K_snap00050.extxyz,Al,400,Al__400,0.0054387068733535,-0.012200867010780329,-0.017639573884133827,0.017639573884133827
/Users/yti0811/Desktop/FE_data/npj_CM01/NPJ_CM_Fig_Python/Public_Reproducibility_Package_V01/npjcm-free-energy-surrogate_Re3/Python_Codes/table/snapshots_split/Al_400K_snap00051.extxyz,Al,400,Al__400,0.0053581455065426,-0.011465669675103894,-0.016823815181646495,0.016823815181646495
/Users/yti0811/Desktop/FE_data/npj_CM01/NPJ_CM_Fig_Python/Public_Reproducibility_Package_V01/npjcm-free-energy-surrogate_Re3/Python_Codes/table/snapshots_split/Al_400K_snap00052.extxyz,Al,400,Al__400,0.0056602434836411,-0.01147579749550005,-0.01713604097914115,0.01713604097914115
/Users/yti0811/Desktop/FE_data/npj_CM01/NPJ_CM_Fig_Python/Public_Reproducibility_Package_V01/npjcm-free-energy-surrogate_Re3/Python_Codes/table/snapshots_split/Al_400K_snap00053.extxyz,Al,400,Al__400,0.0054758706678718,-0.011647892263900226,-0.01712376293177203,0.01712376293177203
/Users/yti0811/Desktop/FE_data/npj_CM01/NPJ_CM_Fig_Python/Public_Reproducibility_Package_V01/npjcm-free-energy-surrogate_Re3/Python_Codes/table/snapshots_split/Al_400K_snap00054.extxyz,Al,400,Al__400,0.0051243985259216,-0.011196798360181224,-0.016321196886102826,0.016321196886102826
/Users/yti0811/Desktop/FE_data/npj_CM01/NPJ_CM_Fig_Python/Public_Reproducibility_Package_V01/npjcm-free-energy-surrogate_Re3/Python_Codes/table/snapshots_split/Al_400K_snap00055.extxyz,Al,400,Al__400,0.0054818113887994,-0.011564638280659567,-0.017046449669458966,0.017046449669458966
/Users/yti0811/Desktop/FE_data/npj_CM01/NPJ_CM_Fig_Python/Public_Reproducibility_Package_V01/npjcm-free-energy-surrogate_Re3/Python_Codes/table/snapshots_split/Al_400K_snap00056.extxyz,Al,400,Al__400,0.0054047470328809,-0.011076503541267895,-0.016481250574148794,0.016481250574148794
/Users/yti0811/Desktop/FE_data/npj_CM01/NPJ_CM_Fig_Python/Public_Reproducibility_Package_V01/npjcm-free-energy-surrogate_Re3/Python_Codes/table/snapshots_split/Al_400K_snap00057.extxyz,Al,400,Al__400,0.0054024978762498,-0.011323697374628504,-0.016726195250878303,0.016726195250878303
/Users/yti0811/Desktop/FE_data/npj_CM01/NPJ_CM_Fig_Python/Public_Reproducibility_Package_V01/npjcm-free-energy-surrogate_Re3/Python_Codes/table/snapshots_split/Al_400K_snap00058.extxyz,Al,400,Al__400,0.0052510498338415,-0.01161258010549288,-0.01686362993933438,0.01686362993933438
/Users/yti0811/Desktop/FE_data/npj_CM01/NPJ_CM_Fig_Python/Public_Reproducibility_Package_V01/npjcm-free-energy-surrogate_Re3/Python_Codes/table/snapshots_split/Al_400K_snap00059.extxyz,Al,400,Al__400,0.005282523198936,-0.010490160648406499,-0.015772683847342497,0.015772683847342497
/Users/yti0811/Desktop/FE_data/npj_CM01/NPJ_CM_Fig_Python/Public_Reproducibility_Package_V01/npjcm-free-energy-surrogate_Re3/Python_Codes/table/snapshots_split/Al_400K_snap00060.extxyz,Al,400,Al__400,0.0052337346469594,-0.01060936716043626,-0.01584310180739566,0.01584310180739566
/Users/yti0811/Desktop/FE_data/npj_CM01/NPJ_CM_Fig_Python/Public_Reproducibility_Package_V01/npjcm-free-energy-surrogate_Re3/Python_Codes/table/snapshots_split/Al_400K_snap00061.extxyz,Al,400,Al__400,0.0054129749112031,-0.011987267421578952,-0.01740024233278205,0.01740024233278205
/Users/yti0811/Desktop/FE_data/npj_CM01/NPJ_CM_Fig_Python/Public_Reproducibility_Package_V01/npjcm-free-energy-surrogate_Re3/Python_Codes/table/snapshots_split/Al_400K_snap00062.extxyz,Al,400,Al__400,0.0049276978293996,-0.011423381798392793,-0.016351079627792392,0.016351079627792392
/Users/yti0811/Desktop/FE_data/npj_CM01/NPJ_CM_Fig_Python/Public_Reproducibility_Package_V01/npjcm-free-energy-surrogate_Re3/Python_Codes/table/snapshots_split/Al_400K_snap00063.extxyz,Al,400,Al__400,0.0053724750178588,-0.012359275933894801,-0.0177317509517536,0.0177317509517536
/Users/yti0811/Desktop/FE_data/npj_CM01/NPJ_CM_Fig_Python/Public_Reproducibility_Package_V01/npjcm-free-energy-surrogate_Re3/Python_Codes/table/snapshots_split/Al_400K_snap00064.extxyz,Al,400,Al__400,0.0053031506144752,-0.010940693206353795,-0.016243843820828996,0.016243843820828996
/Users/yti0811/Desktop/FE_data/npj_CM01/NPJ_CM_Fig_Python/Public_Reproducibility_Package_V01/npjcm-free-energy-surrogate_Re3/Python_Codes/table/snapshots_split/Al_400K_snap00065.extxyz,Al,400,Al__400,0.005230918082198,-0.011505436645157536,-0.016736354727355535,0.016736354727355535
/Users/yti0811/Desktop/FE_data/npj_CM01/NPJ_CM_Fig_Python/Public_Reproducibility_Package_V01/npjcm-free-energy-surrogate_Re3/Python_Codes/table/snapshots_split/Al_400K_snap00066.extxyz,Al,400,Al__400,0.005082682175238,-0.012227241625590432,-0.017309923800828433,0.017309923800828433
/Users/yti0811/Desktop/FE_data/npj_CM01/NPJ_CM_Fig_Python/Public_Reproducibility_Package_V01/npjcm-free-energy-surrogate_Re3/Python_Codes/table/snapshots_split/Al_400K_snap00067.extxyz,Al,400,Al__400,0.0053903027298282,-0.010916834728444184,-0.016307137458272385,0.016307137458272385
/Users/yti0811/Desktop/FE_data/npj_CM01/NPJ_CM_Fig_Python/Public_Reproducibility_Package_V01/npjcm-free-energy-surrogate_Re3/Python_Codes/table/snapshots_split/Al_400K_snap00068.extxyz,Al,400,Al__400,0.005386664222443,-0.011169280333114344,-0.016555944555557343,0.016555944555557343
/Users/yti0811/Desktop/FE_data/npj_CM01/NPJ_CM_Fig_Python/Public_Reproducibility_Package_V01/npjcm-free-energy-surrogate_Re3/Python_Codes/table/snapshots_split/Al_400K_snap00069.extxyz,Al,400,Al__400,0.0050366315847633,-0.012380628654209242,-0.01741726023897254,0.01741726023897254
/Users/yti0811/Desktop/FE_data/npj_CM01/NPJ_CM_Fig_Python/Public_Reproducibility_Package_V01/npjcm-free-energy-surrogate_Re3/Python_Codes/table/snapshots_split/Al_400K_snap00070.extxyz,Al,400,Al__400,0.00533771794631,-0.011168889074628497,-0.016506607020938497,0.016506607020938497
/Users/yti0811/Desktop/FE_data/npj_CM01/NPJ_CM_Fig_Python/Public_Reproducibility_Package_V01/npjcm-free-energy-surrogate_Re3/Python_Codes/table/snapshots_split/Al_400K_snap00071.extxyz,Al,400,Al__400,0.0052629509054665,-0.012808797629540127,-0.018071748535006628,0.018071748535006628
/Users/yti0811/Desktop/FE_data/npj_CM01/NPJ_CM_Fig_Python/Public_Reproducibility_Package_V01/npjcm-free-energy-surrogate_Re3/Python_Codes/table/snapshots_split/Al_400K_snap00072.extxyz,Al,400,Al__400,0.0052372624243127,-0.011534704330183021,-0.016771966754495722,0.016771966754495722
/Users/yti0811/Desktop/FE_data/npj_CM01/NPJ_CM_Fig_Python/Public_Reproducibility_Package_V01/npjcm-free-energy-surrogate_Re3/Python_Codes/table/snapshots_split/Al_400K_snap00073.extxyz,Al,400,Al__400,0.0053994725962135,-0.010980388580887174,-0.016379861177100673,0.016379861177100673
/Users/yti0811/Desktop/FE_data/npj_CM01/NPJ_CM_Fig_Python/Public_Reproducibility_Package_V01/npjcm-free-energy-surrogate_Re3/Python_Codes/table/snapshots_split/Al_400K_snap00074.extxyz,Al,400,Al__400,0.0053123286539028,-0.01242655912900142,-0.01773888778290422,0.01773888778290422
/Users/yti0811/Desktop/FE_data/npj_CM01/NPJ_CM_Fig_Python/Public_Reproducibility_Package_V01/npjcm-free-energy-surrogate_Re3/Python_Codes/table/snapshots_split/Al_400K_snap00075.extxyz,Al,400,Al__400,0.005416477938415,-0.012834961053708474,-0.018251438992123475,0.018251438992123475
/Users/yti0811/Desktop/FE_data/npj_CM01/NPJ_CM_Fig_Python/Public_Reproducibility_Package_V01/npjcm-free-energy-surrogate_Re3/Python_Codes/table/snapshots_split/Al_400K_snap00076.extxyz,Al,400,Al__400,0.0056783999440447,-0.012450525769021666,-0.018128925713066367,0.018128925713066367
/Users/yti0811/Desktop/FE_data/npj_CM01/NPJ_CM_Fig_Python/Public_Reproducibility_Package_V01/npjcm-free-energy-surrogate_Re3/Python_Codes/table/snapshots_split/Al_400K_snap00077.extxyz,Al,400,Al__400,0.0054250753167296,-0.012630944897381922,-0.018056020214111523,0.018056020214111523
/Users/yti0811/Desktop/FE_data/npj_CM01/NPJ_CM_Fig_Python/Public_Reproducibility_Package_V01/npjcm-free-energy-surrogate_Re3/Python_Codes/table/snapshots_split/Al_400K_snap00078.extxyz,Al,400,Al__400,0.0052108371904192,-0.011631901063442725,-0.016842738253861924,0.016842738253861924
/Users/yti0811/Desktop/FE_data/npj_CM01/NPJ_CM_Fig_Python/Public_Reproducibility_Package_V01/npjcm-free-energy-surrogate_Re3/Python_Codes/table/snapshots_split/Al_400K_snap00079.extxyz,Al,400,Al__400,0.0052636547943435,-0.011725333782656657,-0.01698898857700016,0.01698898857700016
/Users/yti0811/Desktop/FE_data/npj_CM01/NPJ_CM_Fig_Python/Public_Reproducibility_Package_V01/npjcm-free-energy-surrogate_Re3/Python_Codes/table/snapshots_split/Al_400K_snap00080.extxyz,Al,400,Al__400,0.0053011410682911,-0.01194410944190985,-0.01724525051020095,0.01724525051020095
/Users/yti0811/Desktop/FE_data/npj_CM01/NPJ_CM_Fig_Python/Public_Reproducibility_Package_V01/npjcm-free-energy-surrogate_Re3/Python_Codes/table/snapshots_split/Al_400K_snap00081.extxyz,Al,400,Al__400,0.0049869086779864,-0.011816687065966034,-0.016803595743952432,0.016803595743952432
/Users/yti0811/Desktop/FE_data/npj_CM01/NPJ_CM_Fig_Python/Public_Reproducibility_Package_V01/npjcm-free-energy-surrogate_Re3/Python_Codes/table/snapshots_split/Al_400K_snap00082.extxyz,Al,400,Al__400,0.0051907399631258,-0.012142809115554893,-0.017333549078680694,0.017333549078680694
/Users/yti0811/Desktop/FE_data/npj_CM01/NPJ_CM_Fig_Python/Public_Reproducibility_Package_V01/npjcm-free-energy-surrogate_Re3/Python_Codes/table/snapshots_split/Al_400K_snap00083.extxyz,Al,400,Al__400,0.0054026728044812,-0.012689171147271616,-0.018091843951752815,0.018091843951752815
/Users/yti0811/Desktop/FE_data/npj_CM01/NPJ_CM_Fig_Python/Public_Reproducibility_Package_V01/npjcm-free-energy-surrogate_Re3/Python_Codes/table/snapshots_split/Al_400K_snap00084.extxyz,Al,400,Al__400,0.0054240946592357,-0.012003922344515961,-0.017428017003751663,0.017428017003751663
/Users/yti0811/Desktop/FE_data/npj_CM01/NPJ_CM_Fig_Python/Public_Reproducibility_Package_V01/npjcm-free-energy-surrogate_Re3/Python_Codes/table/snapshots_split/Al_400K_snap00085.extxyz,Al,400,Al__400,0.004953808151274,-0.01151089718481738,-0.01646470533609138,0.01646470533609138
/Users/yti0811/Desktop/FE_data/npj_CM01/NPJ_CM_Fig_Python/Public_Reproducibility_Package_V01/npjcm-free-energy-surrogate_Re3/Python_Codes/table/snapshots_split/Al_400K_snap00086.extxyz,Al,400,Al__400,0.0052733777527543,-0.011513416601800424,-0.016786794354554723,0.016786794354554723
/Users/yti0811/Desktop/FE_data/npj_CM01/NPJ_CM_Fig_Python/Public_Reproducibility_Package_V01/npjcm-free-energy-surrogate_Re3/Python_Codes/table/snapshots_split/Al_400K_snap00087.extxyz,Al,400,Al__400,0.0050655192809535,-0.011314172020061386,-0.016379691301014885,0.016379691301014885
/Users/yti0811/Desktop/FE_data/npj_CM01/NPJ_CM_Fig_Python/Public_Reproducibility_Package_V01/npjcm-free-energy-surrogate_Re3/Python_Codes/table/snapshots_split/Al_400K_snap00088.extxyz,Al,400,Al__400,0.0052488776145481,-0.012132549734745101,-0.0173814273492932,0.0173814273492932
/Users/yti0811/Desktop/FE_data/npj_CM01/NPJ_CM_Fig_Python/Public_Reproducibility_Package_V01/npjcm-free-energy-surrogate_Re3/Python_Codes/table/snapshots_split/Al_400K_snap00089.extxyz,Al,400,Al__400,0.0053296880701855,-0.01130098648217157,-0.01663067455235707,0.01663067455235707
/Users/yti0811/Desktop/FE_data/npj_CM01/NPJ_CM_Fig_Python/Public_Reproducibility_Package_V01/npjcm-free-energy-surrogate_Re3/Python_Codes/table/snapshots_split/Al_400K_snap00090.extxyz,Al,400,Al__400,0.0051125326581088,-0.01202635181329229,-0.017138884471401092,0.017138884471401092
/Users/yti0811/Desktop/FE_data/npj_CM01/NPJ_CM_Fig_Python/Public_Reproducibility_Package_V01/npjcm-free-energy-surrogate_Re3/Python_Codes/table/snapshots_split/Al_400K_snap00091.extxyz,Al,400,Al__400,0.0050518553266042,-0.010821795881198748,-0.015873651207802947,0.015873651207802947
/Users/yti0811/Desktop/FE_data/npj_CM01/NPJ_CM_Fig_Python/Public_Reproducibility_Package_V01/npjcm-free-energy-surrogate_Re3/Python_Codes/table/snapshots_split/Al_400K_snap00092.extxyz,Al,400,Al__400,0.0055341479441609,-0.011802697413071772,-0.01733684535723267,0.01733684535723267
/Users/yti0811/Desktop/FE_data/npj_CM01/NPJ_CM_Fig_Python/Public_Reproducibility_Package_V01/npjcm-free-energy-surrogate_Re3/Python_Codes/table/snapshots_split/Al_400K_snap00093.extxyz,Al,400,Al__400,0.0051870415948848,-0.011679018232000639,-0.016866059826885438,0.016866059826885438
/Users/yti0811/Desktop/FE_data/npj_CM01/NPJ_CM_Fig_Python/Public_Reproducibility_Package_V01/npjcm-free-energy-surrogate_Re3/Python_Codes/table/snapshots_split/Al_400K_snap00094.extxyz,Al,400,Al__400,0.005159471288403,-0.012239506536570325,-0.017398977824973325,0.017398977824973325
/Users/yti0811/Desktop/FE_data/npj_CM01/NPJ_CM_Fig_Python/Public_Reproducibility_Package_V01/npjcm-free-energy-surrogate_Re3/Python_Codes/table/snapshots_split/Al_400K_snap00095.extxyz,Al,400,Al__400,0.0052481393804516,-0.01211826474459741,-0.017366404125049008,0.017366404125049008
/Users/yti0811/Desktop/FE_data/npj_CM01/NPJ_CM_Fig_Python/Public_Reproducibility_Package_V01/npjcm-free-energy-surrogate_Re3/Python_Codes/table/snapshots_split/Al_400K_snap00096.extxyz,Al,400,Al__400,0.0054620487466167,-0.010914984215914298,-0.016377032962531,0.016377032962531
/Users/yti0811/Desktop/FE_data/npj_CM01/NPJ_CM_Fig_Python/Public_Reproducibility_Package_V01/npjcm-free-energy-surrogate_Re3/Python_Codes/table/snapshots_split/Al_400K_snap00097.extxyz,Al,400,Al__400,0.0052286357403287,-0.010747723378657597,-0.015976359118986296,0.015976359118986296
/Users/yti0811/Desktop/FE_data/npj_CM01/NPJ_CM_Fig_Python/Public_Reproducibility_Package_V01/npjcm-free-energy-surrogate_Re3/Python_Codes/table/snapshots_split/Al_400K_snap00098.extxyz,Al,400,Al__400,0.005250886077076,-0.011508899925669273,-0.016759786002745275,0.016759786002745275
/Users/yti0811/Desktop/FE_data/npj_CM01/NPJ_CM_Fig_Python/Public_Reproducibility_Package_V01/npjcm-free-energy-surrogate_Re3/Python_Codes/table/snapshots_split/Al_400K_snap00099.extxyz,Al,400,Al__400,0.0053433383934825,-0.011974614040588045,-0.017317952434070544,0.017317952434070544
/Users/yti0811/Desktop/FE_data/npj_CM01/NPJ_CM_Fig_Python/Public_Reproducibility_Package_V01/npjcm-free-energy-surrogate_Re3/Python_Codes/table/snapshots_split/Al_500K_snap00000.extxyz,Al,500,Al__500,0.0116490693637925,-0.024102372875402372,-0.035751442239194874,0.035751442239194874
/Users/yti0811/Desktop/FE_data/npj_CM01/NPJ_CM_Fig_Python/Public_Reproducibility_Package_V01/npjcm-free-energy-surrogate_Re3/Python_Codes/table/snapshots_split/Al_500K_snap00001.extxyz,Al,500,Al__500,0.011526399842159,-0.02405736706022287,-0.03558376690238187,0.03558376690238187
/Users/yti0811/Desktop/FE_data/npj_CM01/NPJ_CM_Fig_Python/Public_Reproducibility_Package_V01/npjcm-free-energy-surrogate_Re3/Python_Codes/table/snapshots_split/Al_500K_snap00002.extxyz,Al,500,Al__500,0.011568386943413,-0.02425873646310014,-0.035827123406513145,0.035827123406513145
/Users/yti0811/Desktop/FE_data/npj_CM01/NPJ_CM_Fig_Python/Public_Reproducibility_Package_V01/npjcm-free-energy-surrogate_Re3/Python_Codes/table/snapshots_split/Al_500K_snap00003.extxyz,Al,500,Al__500,0.0120251772784218,-0.02327202674169499,-0.03529720402011679,0.03529720402011679
/Users/yti0811/Desktop/FE_data/npj_CM01/NPJ_CM_Fig_Python/Public_Reproducibility_Package_V01/npjcm-free-energy-surrogate_Re3/Python_Codes/table/snapshots_split/Al_500K_snap00004.extxyz,Al,500,Al__500,0.011948223511154,-0.024472203204710045,-0.03642042671586405,0.03642042671586405
/Users/yti0811/Desktop/FE_data/npj_CM01/NPJ_CM_Fig_Python/Public_Reproducibility_Package_V01/npjcm-free-energy-surrogate_Re3/Python_Codes/table/snapshots_split/Al_500K_snap00005.extxyz,Al,500,Al__500,0.0118832058842917,-0.023360967741125983,-0.03524417362541768,0.03524417362541768
/Users/yti0811/Desktop/FE_data/npj_CM01/NPJ_CM_Fig_Python/Public_Reproducibility_Package_V01/npjcm-free-energy-surrogate_Re3/Python_Codes/table/snapshots_split/Al_500K_snap00006.extxyz,Al,500,Al__500,0.0117503204516953,-0.022658368949585388,-0.03440868940128069,0.03440868940128069
/Users/yti0811/Desktop/FE_data/npj_CM01/NPJ_CM_Fig_Python/Public_Reproducibility_Package_V01/npjcm-free-energy-surrogate_Re3/Python_Codes/table/snapshots_split/Al_500K_snap00007.extxyz,Al,500,Al__500,0.0118761196638133,-0.02338176094846528,-0.03525788061227858,0.03525788061227858
/Users/yti0811/Desktop/FE_data/npj_CM01/NPJ_CM_Fig_Python/Public_Reproducibility_Package_V01/npjcm-free-energy-surrogate_Re3/Python_Codes/table/snapshots_split/Al_500K_snap00008.extxyz,Al,500,Al__500,0.0118303942131713,-0.02281800570826374,-0.03464839992143504,0.03464839992143504
/Users/yti0811/Desktop/FE_data/npj_CM01/NPJ_CM_Fig_Python/Public_Reproducibility_Package_V01/npjcm-free-energy-surrogate_Re3/Python_Codes/table/snapshots_split/Al_500K_snap00009.extxyz,Al,500,Al__500,0.0118421088626858,-0.02393707934350312,-0.03577918820618892,0.03577918820618892
/Users/yti0811/Desktop/FE_data/npj_CM01/NPJ_CM_Fig_Python/Public_Reproducibility_Package_V01/npjcm-free-energy-surrogate_Re3/Python_Codes/table/snapshots_split/Al_500K_snap00010.extxyz,Al,500,Al__500,0.0117868216456976,-0.02265733216152236,-0.03444415380721996,0.03444415380721996
/Users/yti0811/Desktop/FE_data/npj_CM01/NPJ_CM_Fig_Python/Public_Reproducibility_Package_V01/npjcm-free-energy-surrogate_Re3/Python_Codes/table/snapshots_split/Al_500K_snap00011.extxyz,Al,500,Al__500,0.0119389287503147,-0.02301110429759153,-0.034950033047906226,0.034950033047906226
/Users/yti0811/Desktop/FE_data/npj_CM01/NPJ_CM_Fig_Python/Public_Reproducibility_Package_V01/npjcm-free-energy-surrogate_Re3/Python_Codes/table/snapshots_split/Al_500K_snap00012.extxyz,Al,500,Al__500,0.0119870041915507,-0.022228186936390375,-0.03421519112794107,0.03421519112794107
/Users/yti0811/Desktop/FE_data/npj_CM01/NPJ_CM_Fig_Python/Public_Reproducibility_Package_V01/npjcm-free-energy-surrogate_Re3/Python_Codes/table/snapshots_split/Al_500K_snap00013.extxyz,Al,500,Al__500,0.0115401564137253,-0.0226206896406325,-0.034160846054357805,0.034160846054357805
/Users/yti0811/Desktop/FE_data/npj_CM01/NPJ_CM_Fig_Python/Public_Reproducibility_Package_V01/npjcm-free-energy-surrogate_Re3/Python_Codes/table/snapshots_split/Al_500K_snap00014.extxyz,Al,500,Al__500,0.0120356602902008,-0.023141306277990038,-0.03517696656819084,0.03517696656819084
/Users/yti0811/Desktop/FE_data/npj_CM01/NPJ_CM_Fig_Python/Public_Reproducibility_Package_V01/npjcm-free-energy-surrogate_Re3/Python_Codes/table/snapshots_split/Al_500K_snap00015.extxyz,Al,500,Al__500,0.0119666036261688,-0.023669422933371907,-0.03563602655954071,0.03563602655954071
/Users/yti0811/Desktop/FE_data/npj_CM01/NPJ_CM_Fig_Python/Public_Reproducibility_Package_V01/npjcm-free-energy-surrogate_Re3/Python_Codes/table/snapshots_split/Al_500K_snap00016.extxyz,Al,500,Al__500,0.0117945219162926,-0.022316149952585,-0.034110671868877604,0.034110671868877604
/Users/yti0811/Desktop/FE_data/npj_CM01/NPJ_CM_Fig_Python/Public_Reproducibility_Package_V01/npjcm-free-energy-surrogate_Re3/Python_Codes/table/snapshots_split/Al_500K_snap00017.extxyz,Al,500,Al__500,0.0117197800099494,-0.022298045492967388,-0.034017825502916786,0.034017825502916786
/Users/yti0811/Desktop/FE_data/npj_CM01/NPJ_CM_Fig_Python/Public_Reproducibility_Package_V01/npjcm-free-energy-surrogate_Re3/Python_Codes/table/snapshots_split/Al_500K_snap00018.extxyz,Al,500,Al__500,0.0120172091597458,-0.02267516805474522,-0.03469237721449102,0.03469237721449102
/Users/yti0811/Desktop/FE_data/npj_CM01/NPJ_CM_Fig_Python/Public_Reproducibility_Package_V01/npjcm-free-energy-surrogate_Re3/Python_Codes/table/snapshots_split/Al_500K_snap00019.extxyz,Al,500,Al__500,0.011591462506612,-0.023282284929336185,-0.034873747435948184,0.034873747435948184
/Users/yti0811/Desktop/FE_data/npj_CM01/NPJ_CM_Fig_Python/Public_Reproducibility_Package_V01/npjcm-free-energy-surrogate_Re3/Python_Codes/table/snapshots_split/Al_500K_snap00020.extxyz,Al,500,Al__500,0.0116011060411224,-0.023341504152429898,-0.0349426101935523,0.0349426101935523
/Users/yti0811/Desktop/FE_data/npj_CM01/NPJ_CM_Fig_Python/Public_Reproducibility_Package_V01/npjcm-free-energy-surrogate_Re3/Python_Codes/table/snapshots_split/Al_500K_snap00021.extxyz,Al,500,Al__500,0.0114906788818333,-0.02360778684206533,-0.03509846572389863,0.03509846572389863
/Users/yti0811/Desktop/FE_data/npj_CM01/NPJ_CM_Fig_Python/Public_Reproducibility_Package_V01/npjcm-free-energy-surrogate_Re3/Python_Codes/table/snapshots_split/Al_500K_snap00022.extxyz,Al,500,Al__500,0.0119970747374741,-0.022087449660343768,-0.03408452439781787,0.03408452439781787
/Users/yti0811/Desktop/FE_data/npj_CM01/NPJ_CM_Fig_Python/Public_Reproducibility_Package_V01/npjcm-free-energy-surrogate_Re3/Python_Codes/table/snapshots_split/Al_500K_snap00023.extxyz,Al,500,Al__500,0.0116231710551676,-0.023577331990454243,-0.03520050304562184,0.03520050304562184
/Users/yti0811/Desktop/FE_data/npj_CM01/NPJ_CM_Fig_Python/Public_Reproducibility_Package_V01/npjcm-free-energy-surrogate_Re3/Python_Codes/table/snapshots_split/Al_500K_snap00024.extxyz,Al,500,Al__500,0.011860185863625,-0.02331922946214732,-0.03517941532577232,0.03517941532577232
/Users/yti0811/Desktop/FE_data/npj_CM01/NPJ_CM_Fig_Python/Public_Reproducibility_Package_V01/npjcm-free-energy-surrogate_Re3/Python_Codes/table/snapshots_split/Al_500K_snap00025.extxyz,Al,500,Al__500,0.0114279586805247,-0.025243487300579376,-0.03667144598110408,0.03667144598110408
/Users/yti0811/Desktop/FE_data/npj_CM01/NPJ_CM_Fig_Python/Public_Reproducibility_Package_V01/npjcm-free-energy-surrogate_Re3/Python_Codes/table/snapshots_split/Al_500K_snap00026.extxyz,Al,500,Al__500,0.0119031948715157,-0.02428116058464053,-0.03618435545615623,0.03618435545615623
/Users/yti0811/Desktop/FE_data/npj_CM01/NPJ_CM_Fig_Python/Public_Reproducibility_Package_V01/npjcm-free-energy-surrogate_Re3/Python_Codes/table/snapshots_split/Al_500K_snap00027.extxyz,Al,500,Al__500,0.0117579481763978,-0.02442515687793563,-0.036183105054333434,0.036183105054333434
/Users/yti0811/Desktop/FE_data/npj_CM01/NPJ_CM_Fig_Python/Public_Reproducibility_Package_V01/npjcm-free-energy-surrogate_Re3/Python_Codes/table/snapshots_split/Al_500K_snap00028.extxyz,Al,500,Al__500,0.0116406880466254,-0.023516665433904762,-0.03515735348053016,0.03515735348053016
/Users/yti0811/Desktop/FE_data/npj_CM01/NPJ_CM_Fig_Python/Public_Reproducibility_Package_V01/npjcm-free-energy-surrogate_Re3/Python_Codes/table/snapshots_split/Al_500K_snap00029.extxyz,Al,500,Al__500,0.0121264147206316,-0.022751641515491444,-0.03487805623612304,0.03487805623612304
/Users/yti0811/Desktop/FE_data/npj_CM01/NPJ_CM_Fig_Python/Public_Reproducibility_Package_V01/npjcm-free-energy-surrogate_Re3/Python_Codes/table/snapshots_split/Al_500K_snap00030.extxyz,Al,500,Al__500,0.0114032040183579,-0.021969327797974565,-0.033372531816332464,0.033372531816332464
/Users/yti0811/Desktop/FE_data/npj_CM01/NPJ_CM_Fig_Python/Public_Reproducibility_Package_V01/npjcm-free-energy-surrogate_Re3/Python_Codes/table/snapshots_split/Al_500K_snap00031.extxyz,Al,500,Al__500,0.0114926239594989,-0.023268876260222355,-0.034761500219721256,0.034761500219721256
/Users/yti0811/Desktop/FE_data/npj_CM01/NPJ_CM_Fig_Python/Public_Reproducibility_Package_V01/npjcm-free-energy-surrogate_Re3/Python_Codes/table/snapshots_split/Al_500K_snap00032.extxyz,Al,500,Al__500,0.0115889831358645,-0.023877420835004933,-0.035466403970869434,0.035466403970869434
/Users/yti0811/Desktop/FE_data/npj_CM01/NPJ_CM_Fig_Python/Public_Reproducibility_Package_V01/npjcm-free-energy-surrogate_Re3/Python_Codes/table/snapshots_split/Al_500K_snap00033.extxyz,Al,500,Al__500,0.0119564061103815,-0.02203597250643155,-0.03399237861681305,0.03399237861681305
/Users/yti0811/Desktop/FE_data/npj_CM01/NPJ_CM_Fig_Python/Public_Reproducibility_Package_V01/npjcm-free-energy-surrogate_Re3/Python_Codes/table/snapshots_split/Al_500K_snap00034.extxyz,Al,500,Al__500,0.0117798092945584,-0.02270161801829314,-0.034481427312851545,0.034481427312851545
/Users/yti0811/Desktop/FE_data/npj_CM01/NPJ_CM_Fig_Python/Public_Reproducibility_Package_V01/npjcm-free-energy-surrogate_Re3/Python_Codes/table/snapshots_split/Al_500K_snap00035.extxyz,Al,500,Al__500,0.0115845498389559,-0.0231946964087464,-0.0347792462477023,0.0347792462477023
/Users/yti0811/Desktop/FE_data/npj_CM01/NPJ_CM_Fig_Python/Public_Reproducibility_Package_V01/npjcm-free-energy-surrogate_Re3/Python_Codes/table/snapshots_split/Al_500K_snap00036.extxyz,Al,500,Al__500,0.0116077786740775,-0.022701671687803564,-0.034309450361881065,0.034309450361881065
/Users/yti0811/Desktop/FE_data/npj_CM01/NPJ_CM_Fig_Python/Public_Reproducibility_Package_V01/npjcm-free-energy-surrogate_Re3/Python_Codes/table/snapshots_split/Al_500K_snap00037.extxyz,Al,500,Al__500,0.011698597418,-0.022912480512586323,-0.03461107793058632,0.03461107793058632
/Users/yti0811/Desktop/FE_data/npj_CM01/NPJ_CM_Fig_Python/Public_Reproducibility_Package_V01/npjcm-free-energy-surrogate_Re3/Python_Codes/table/snapshots_split/Al_500K_snap00038.extxyz,Al,500,Al__500,0.0118917579938503,-0.022080508455642647,-0.033972266449492944,0.033972266449492944
/Users/yti0811/Desktop/FE_data/npj_CM01/NPJ_CM_Fig_Python/Public_Reproducibility_Package_V01/npjcm-free-energy-surrogate_Re3/Python_Codes/table/snapshots_split/Al_500K_snap00039.extxyz,Al,500,Al__500,0.0121916664523615,-0.023992657947193224,-0.036184324399554726,0.036184324399554726
/Users/yti0811/Desktop/FE_data/npj_CM01/NPJ_CM_Fig_Python/Public_Reproducibility_Package_V01/npjcm-free-energy-surrogate_Re3/Python_Codes/table/snapshots_split/Al_500K_snap00040.extxyz,Al,500,Al__500,0.0114510001189317,-0.021102528699477884,-0.03255352881840959,0.03255352881840959
/Users/yti0811/Desktop/FE_data/npj_CM01/NPJ_CM_Fig_Python/Public_Reproducibility_Package_V01/npjcm-free-energy-surrogate_Re3/Python_Codes/table/snapshots_split/Al_500K_snap00041.extxyz,Al,500,Al__500,0.0118500561914929,-0.02209604009965132,-0.03394609629114422,0.03394609629114422
/Users/yti0811/Desktop/FE_data/npj_CM01/NPJ_CM_Fig_Python/Public_Reproducibility_Package_V01/npjcm-free-energy-surrogate_Re3/Python_Codes/table/snapshots_split/Al_500K_snap00042.extxyz,Al,500,Al__500,0.0113399050010533,-0.022945859648382732,-0.03428576464943603,0.03428576464943603
/Users/yti0811/Desktop/FE_data/npj_CM01/NPJ_CM_Fig_Python/Public_Reproducibility_Package_V01/npjcm-free-energy-surrogate_Re3/Python_Codes/table/snapshots_split/Al_500K_snap00043.extxyz,Al,500,Al__500,0.0119519621424648,-0.022937966610402507,-0.03488992875286731,0.03488992875286731
/Users/yti0811/Desktop/FE_data/npj_CM01/NPJ_CM_Fig_Python/Public_Reproducibility_Package_V01/npjcm-free-energy-surrogate_Re3/Python_Codes/table/snapshots_split/Al_500K_snap00044.extxyz,Al,500,Al__500,0.0118463478261549,-0.0238630909716153,-0.0357094387977702,0.0357094387977702
/Users/yti0811/Desktop/FE_data/npj_CM01/NPJ_CM_Fig_Python/Public_Reproducibility_Package_V01/npjcm-free-energy-surrogate_Re3/Python_Codes/table/snapshots_split/Al_500K_snap00045.extxyz,Al,500,Al__500,0.0121587739208506,-0.023072418070385244,-0.035231191991235845,0.035231191991235845
/Users/yti0811/Desktop/FE_data/npj_CM01/NPJ_CM_Fig_Python/Public_Reproducibility_Package_V01/npjcm-free-energy-surrogate_Re3/Python_Codes/table/snapshots_split/Al_500K_snap00046.extxyz,Al,500,Al__500,0.011695630693761,-0.02262355440602871,-0.03431918509978971,0.03431918509978971
/Users/yti0811/Desktop/FE_data/npj_CM01/NPJ_CM_Fig_Python/Public_Reproducibility_Package_V01/npjcm-free-energy-surrogate_Re3/Python_Codes/table/snapshots_split/Al_500K_snap00047.extxyz,Al,500,Al__500,0.011726953937004,-0.023427327968007172,-0.03515428190501117,0.03515428190501117
/Users/yti0811/Desktop/FE_data/npj_CM01/NPJ_CM_Fig_Python/Public_Reproducibility_Package_V01/npjcm-free-energy-surrogate_Re3/Python_Codes/table/snapshots_split/Al_500K_snap00048.extxyz,Al,500,Al__500,0.0117873355310754,-0.023544663315853934,-0.035331998846929336,0.035331998846929336
/Users/yti0811/Desktop/FE_data/npj_CM01/NPJ_CM_Fig_Python/Public_Reproducibility_Package_V01/npjcm-free-energy-surrogate_Re3/Python_Codes/table/snapshots_split/Al_500K_snap00049.extxyz,Al,500,Al__500,0.0118842214213562,-0.023152216639430533,-0.03503643806078673,0.03503643806078673
/Users/yti0811/Desktop/FE_data/npj_CM01/NPJ_CM_Fig_Python/Public_Reproducibility_Package_V01/npjcm-free-energy-surrogate_Re3/Python_Codes/table/snapshots_split/Al_500K_snap00050.extxyz,Al,500,Al__500,0.0118958969469578,-0.023876416584535192,-0.03577231353149299,0.03577231353149299
/Users/yti0811/Desktop/FE_data/npj_CM01/NPJ_CM_Fig_Python/Public_Reproducibility_Package_V01/npjcm-free-energy-surrogate_Re3/Python_Codes/table/snapshots_split/Al_500K_snap00051.extxyz,Al,500,Al__500,0.0121710399799518,-0.02312274596369684,-0.03529378594364864,0.03529378594364864
/Users/yti0811/Desktop/FE_data/npj_CM01/NPJ_CM_Fig_Python/Public_Reproducibility_Package_V01/npjcm-free-energy-surrogate_Re3/Python_Codes/table/snapshots_split/Al_500K_snap00052.extxyz,Al,500,Al__500,0.0114914132686864,-0.02096085078334505,-0.03245226405203145,0.03245226405203145
/Users/yti0811/Desktop/FE_data/npj_CM01/NPJ_CM_Fig_Python/Public_Reproducibility_Package_V01/npjcm-free-energy-surrogate_Re3/Python_Codes/table/snapshots_split/Al_500K_snap00053.extxyz,Al,500,Al__500,0.0114858797353588,-0.023554515523501393,-0.03504039525886019,0.03504039525886019
/Users/yti0811/Desktop/FE_data/npj_CM01/NPJ_CM_Fig_Python/Public_Reproducibility_Package_V01/npjcm-free-energy-surrogate_Re3/Python_Codes/table/snapshots_split/Al_500K_snap00054.extxyz,Al,500,Al__500,0.0121594003530517,-0.022402921418367784,-0.034562321771419484,0.034562321771419484
/Users/yti0811/Desktop/FE_data/npj_CM01/NPJ_CM_Fig_Python/Public_Reproducibility_Package_V01/npjcm-free-energy-surrogate_Re3/Python_Codes/table/snapshots_split/Al_500K_snap00055.extxyz,Al,500,Al__500,0.0116034278182126,-0.023841129160899605,-0.0354445569791122,0.0354445569791122
/Users/yti0811/Desktop/FE_data/npj_CM01/NPJ_CM_Fig_Python/Public_Reproducibility_Package_V01/npjcm-free-energy-surrogate_Re3/Python_Codes/table/snapshots_split/Al_500K_snap00056.extxyz,Al,500,Al__500,0.0117455497788882,-0.02277273517821647,-0.03451828495710467,0.03451828495710467
/Users/yti0811/Desktop/FE_data/npj_CM01/NPJ_CM_Fig_Python/Public_Reproducibility_Package_V01/npjcm-free-energy-surrogate_Re3/Python_Codes/table/snapshots_split/Al_500K_snap00057.extxyz,Al,500,Al__500,0.0116715837776887,-0.02431559447411128,-0.03598717825179998,0.03598717825179998
/Users/yti0811/Desktop/FE_data/npj_CM01/NPJ_CM_Fig_Python/Public_Reproducibility_Package_V01/npjcm-free-energy-surrogate_Re3/Python_Codes/table/snapshots_split/Al_500K_snap00058.extxyz,Al,500,Al__500,0.0119792236478832,-0.02299971730948395,-0.03497894095736715,0.03497894095736715
/Users/yti0811/Desktop/FE_data/npj_CM01/NPJ_CM_Fig_Python/Public_Reproducibility_Package_V01/npjcm-free-energy-surrogate_Re3/Python_Codes/table/snapshots_split/Al_500K_snap00059.extxyz,Al,500,Al__500,0.0119639109400389,-0.022464178273072823,-0.034428089213111725,0.034428089213111725
/Users/yti0811/Desktop/FE_data/npj_CM01/NPJ_CM_Fig_Python/Public_Reproducibility_Package_V01/npjcm-free-energy-surrogate_Re3/Python_Codes/table/snapshots_split/Al_500K_snap00060.extxyz,Al,500,Al__500,0.0118129425059574,-0.021370117981686542,-0.03318306048764394,0.03318306048764394
/Users/yti0811/Desktop/FE_data/npj_CM01/NPJ_CM_Fig_Python/Public_Reproducibility_Package_V01/npjcm-free-energy-surrogate_Re3/Python_Codes/table/snapshots_split/Al_500K_snap00061.extxyz,Al,500,Al__500,0.0121002913133986,-0.02419687273293144,-0.03629716404633004,0.03629716404633004
/Users/yti0811/Desktop/FE_data/npj_CM01/NPJ_CM_Fig_Python/Public_Reproducibility_Package_V01/npjcm-free-energy-surrogate_Re3/Python_Codes/table/snapshots_split/Al_500K_snap00062.extxyz,Al,500,Al__500,0.0117026745585505,-0.024357718403230307,-0.036060392961780804,0.036060392961780804
/Users/yti0811/Desktop/FE_data/npj_CM01/NPJ_CM_Fig_Python/Public_Reproducibility_Package_V01/npjcm-free-energy-surrogate_Re3/Python_Codes/table/snapshots_split/Al_500K_snap00063.extxyz,Al,500,Al__500,0.0116430000490252,-0.022490965752432056,-0.03413396580145726,0.03413396580145726
/Users/yti0811/Desktop/FE_data/npj_CM01/NPJ_CM_Fig_Python/Public_Reproducibility_Package_V01/npjcm-free-energy-surrogate_Re3/Python_Codes/table/snapshots_split/Al_500K_snap00064.extxyz,Al,500,Al__500,0.0118180342772757,-0.023812392835714218,-0.035630427112989915,0.035630427112989915
/Users/yti0811/Desktop/FE_data/npj_CM01/NPJ_CM_Fig_Python/Public_Reproducibility_Package_V01/npjcm-free-energy-surrogate_Re3/Python_Codes/table/snapshots_split/Al_500K_snap00065.extxyz,Al,500,Al__500,0.0116521074307006,-0.023894516523216988,-0.03554662395391759,0.03554662395391759
/Users/yti0811/Desktop/FE_data/npj_CM01/NPJ_CM_Fig_Python/Public_Reproducibility_Package_V01/npjcm-free-energy-surrogate_Re3/Python_Codes/table/snapshots_split/Al_500K_snap00066.extxyz,Al,500,Al__500,0.0116265210769138,-0.023167980198463854,-0.03479450127537766,0.03479450127537766
/Users/yti0811/Desktop/FE_data/npj_CM01/NPJ_CM_Fig_Python/Public_Reproducibility_Package_V01/npjcm-free-energy-surrogate_Re3/Python_Codes/table/snapshots_split/Al_500K_snap00067.extxyz,Al,500,Al__500,0.0117503067535348,-0.025615700272747944,-0.037366007026282747,0.037366007026282747
/Users/yti0811/Desktop/FE_data/npj_CM01/NPJ_CM_Fig_Python/Public_Reproducibility_Package_V01/npjcm-free-energy-surrogate_Re3/Python_Codes/table/snapshots_split/Al_500K_snap00068.extxyz,Al,500,Al__500,0.0114409217643031,-0.022281377013342027,-0.03372229877764513,0.03372229877764513
/Users/yti0811/Desktop/FE_data/npj_CM01/NPJ_CM_Fig_Python/Public_Reproducibility_Package_V01/npjcm-free-energy-surrogate_Re3/Python_Codes/table/snapshots_split/Al_500K_snap00069.extxyz,Al,500,Al__500,0.0119311357557868,-0.0220601327649424,-0.0339912685207292,0.0339912685207292
/Users/yti0811/Desktop/FE_data/npj_CM01/NPJ_CM_Fig_Python/Public_Reproducibility_Package_V01/npjcm-free-energy-surrogate_Re3/Python_Codes/table/snapshots_split/Al_500K_snap00070.extxyz,Al,500,Al__500,0.0117387378020638,-0.022360021189628505,-0.034098758991692305,0.034098758991692305
/Users/yti0811/Desktop/FE_data/npj_CM01/NPJ_CM_Fig_Python/Public_Reproducibility_Package_V01/npjcm-free-energy-surrogate_Re3/Python_Codes/table/snapshots_split/Al_500K_snap00071.extxyz,Al,500,Al__500,0.0119347516944176,-0.02220418565632781,-0.03413893735074541,0.03413893735074541
/Users/yti0811/Desktop/FE_data/npj_CM01/NPJ_CM_Fig_Python/Public_Reproducibility_Package_V01/npjcm-free-energy-surrogate_Re3/Python_Codes/table/snapshots_split/Al_500K_snap00072.extxyz,Al,500,Al__500,0.0114992253480663,-0.022828674470096455,-0.034327899818162755,0.034327899818162755
/Users/yti0811/Desktop/FE_data/npj_CM01/NPJ_CM_Fig_Python/Public_Reproducibility_Package_V01/npjcm-free-energy-surrogate_Re3/Python_Codes/table/snapshots_split/Al_500K_snap00073.extxyz,Al,500,Al__500,0.0117818880390513,-0.023146195054740998,-0.0349280830937923,0.0349280830937923
/Users/yti0811/Desktop/FE_data/npj_CM01/NPJ_CM_Fig_Python/Public_Reproducibility_Package_V01/npjcm-free-energy-surrogate_Re3/Python_Codes/table/snapshots_split/Al_500K_snap00074.extxyz,Al,500,Al__500,0.011777645909493,-0.024295110694896052,-0.03607275660438905,0.03607275660438905
/Users/yti0811/Desktop/FE_data/npj_CM01/NPJ_CM_Fig_Python/Public_Reproducibility_Package_V01/npjcm-free-energy-surrogate_Re3/Python_Codes/table/snapshots_split/Al_500K_snap00075.extxyz,Al,500,Al__500,0.0116984305066402,-0.023898240716802337,-0.03559667122344254,0.03559667122344254
/Users/yti0811/Desktop/FE_data/npj_CM01/NPJ_CM_Fig_Python/Public_Reproducibility_Package_V01/npjcm-free-energy-surrogate_Re3/Python_Codes/table/snapshots_split/Al_500K_snap00076.extxyz,Al,500,Al__500,0.0116030928392595,-0.024044859107828564,-0.035647951947088065,0.035647951947088065
/Users/yti0811/Desktop/FE_data/npj_CM01/NPJ_CM_Fig_Python/Public_Reproducibility_Package_V01/npjcm-free-energy-surrogate_Re3/Python_Codes/table/snapshots_split/Al_500K_snap00077.extxyz,Al,500,Al__500,0.0116954886635062,-0.02402588145039612,-0.03572137011390232,0.03572137011390232
/Users/yti0811/Desktop/FE_data/npj_CM01/NPJ_CM_Fig_Python/Public_Reproducibility_Package_V01/npjcm-free-energy-surrogate_Re3/Python_Codes/table/snapshots_split/Al_500K_snap00078.extxyz,Al,500,Al__500,0.0119459596124743,-0.02351697746082716,-0.03546293707330146,0.03546293707330146
/Users/yti0811/Desktop/FE_data/npj_CM01/NPJ_CM_Fig_Python/Public_Reproducibility_Package_V01/npjcm-free-energy-surrogate_Re3/Python_Codes/table/snapshots_split/Al_500K_snap00079.extxyz,Al,500,Al__500,0.0116313475010222,-0.023820112869020305,-0.0354514603700425,0.0354514603700425
/Users/yti0811/Desktop/FE_data/npj_CM01/NPJ_CM_Fig_Python/Public_Reproducibility_Package_V01/npjcm-free-energy-surrogate_Re3/Python_Codes/table/snapshots_split/Al_500K_snap00080.extxyz,Al,500,Al__500,0.011886344704526,-0.02323843953382228,-0.03512478423834828,0.03512478423834828
/Users/yti0811/Desktop/FE_data/npj_CM01/NPJ_CM_Fig_Python/Public_Reproducibility_Package_V01/npjcm-free-energy-surrogate_Re3/Python_Codes/table/snapshots_split/Al_500K_snap00081.extxyz,Al,500,Al__500,0.0118582620346165,-0.023282928669201144,-0.035141190703817646,0.035141190703817646
/Users/yti0811/Desktop/FE_data/npj_CM01/NPJ_CM_Fig_Python/Public_Reproducibility_Package_V01/npjcm-free-energy-surrogate_Re3/Python_Codes/table/snapshots_split/Al_500K_snap00082.extxyz,Al,500,Al__500,0.0117335186900111,-0.023999041490597527,-0.03573256018060863,0.03573256018060863
/Users/yti0811/Desktop/FE_data/npj_CM01/NPJ_CM_Fig_Python/Public_Reproducibility_Package_V01/npjcm-free-energy-surrogate_Re3/Python_Codes/table/snapshots_split/Al_500K_snap00083.extxyz,Al,500,Al__500,0.0118274936291447,-0.024882336113366686,-0.036709829742511385,0.036709829742511385
/Users/yti0811/Desktop/FE_data/npj_CM01/NPJ_CM_Fig_Python/Public_Reproducibility_Package_V01/npjcm-free-energy-surrogate_Re3/Python_Codes/table/snapshots_split/Al_500K_snap00084.extxyz,Al,500,Al__500,0.0117678508426515,-0.022488688931718348,-0.03425653977436985,0.03425653977436985
/Users/yti0811/Desktop/FE_data/npj_CM01/NPJ_CM_Fig_Python/Public_Reproducibility_Package_V01/npjcm-free-energy-surrogate_Re3/Python_Codes/table/snapshots_split/Al_500K_snap00085.extxyz,Al,500,Al__500,0.0121589866233267,-0.024140486621441675,-0.03629947324476837,0.03629947324476837
/Users/yti0811/Desktop/FE_data/npj_CM01/NPJ_CM_Fig_Python/Public_Reproducibility_Package_V01/npjcm-free-energy-surrogate_Re3/Python_Codes/table/snapshots_split/Al_500K_snap00086.extxyz,Al,500,Al__500,0.0117450621470799,-0.02447691310222151,-0.03622197524930141,0.03622197524930141
/Users/yti0811/Desktop/FE_data/npj_CM01/NPJ_CM_Fig_Python/Public_Reproducibility_Package_V01/npjcm-free-energy-surrogate_Re3/Python_Codes/table/snapshots_split/Al_500K_snap00087.extxyz,Al,500,Al__500,0.011646529091471,-0.02354475569766846,-0.03519128478913946,0.03519128478913946
/Users/yti0811/Desktop/FE_data/npj_CM01/NPJ_CM_Fig_Python/Public_Reproducibility_Package_V01/npjcm-free-energy-surrogate_Re3/Python_Codes/table/snapshots_split/Al_500K_snap00088.extxyz,Al,500,Al__500,0.0117621767984809,-0.02366753095920888,-0.035429707757689784,0.035429707757689784
/Users/yti0811/Desktop/FE_data/npj_CM01/NPJ_CM_Fig_Python/Public_Reproducibility_Package_V01/npjcm-free-energy-surrogate_Re3/Python_Codes/table/snapshots_split/Al_500K_snap00089.extxyz,Al,500,Al__500,0.0120627731256678,-0.023376530147311312,-0.03543930327297911,0.03543930327297911
/Users/yti0811/Desktop/FE_data/npj_CM01/NPJ_CM_Fig_Python/Public_Reproducibility_Package_V01/npjcm-free-energy-surrogate_Re3/Python_Codes/table/snapshots_split/Al_500K_snap00090.extxyz,Al,500,Al__500,0.0118277829444901,-0.023912043033454917,-0.03573982597794502,0.03573982597794502
/Users/yti0811/Desktop/FE_data/npj_CM01/NPJ_CM_Fig_Python/Public_Reproducibility_Package_V01/npjcm-free-energy-surrogate_Re3/Python_Codes/table/snapshots_split/Al_500K_snap00091.extxyz,Al,500,Al__500,0.0116894481460484,-0.023772938012139064,-0.03546238615818746,0.03546238615818746
/Users/yti0811/Desktop/FE_data/npj_CM01/NPJ_CM_Fig_Python/Public_Reproducibility_Package_V01/npjcm-free-energy-surrogate_Re3/Python_Codes/table/snapshots_split/Al_500K_snap00092.extxyz,Al,500,Al__500,0.0121166939567929,-0.023897116196376352,-0.03601381015316925,0.03601381015316925
/Users/yti0811/Desktop/FE_data/npj_CM01/NPJ_CM_Fig_Python/Public_Reproducibility_Package_V01/npjcm-free-energy-surrogate_Re3/Python_Codes/table/snapshots_split/Al_500K_snap00093.extxyz,Al,500,Al__500,0.0118777392644907,-0.023783862794242862,-0.03566160205873356,0.03566160205873356
/Users/yti0811/Desktop/FE_data/npj_CM01/NPJ_CM_Fig_Python/Public_Reproducibility_Package_V01/npjcm-free-energy-surrogate_Re3/Python_Codes/table/snapshots_split/Al_500K_snap00094.extxyz,Al,500,Al__500,0.0117711717323263,-0.02283966488902634,-0.03461083662135264,0.03461083662135264
/Users/yti0811/Desktop/FE_data/npj_CM01/NPJ_CM_Fig_Python/Public_Reproducibility_Package_V01/npjcm-free-energy-surrogate_Re3/Python_Codes/table/snapshots_split/Al_500K_snap00095.extxyz,Al,500,Al__500,0.0116498389710806,-0.024618155811606035,-0.036267994782686636,0.036267994782686636
/Users/yti0811/Desktop/FE_data/npj_CM01/NPJ_CM_Fig_Python/Public_Reproducibility_Package_V01/npjcm-free-energy-surrogate_Re3/Python_Codes/table/snapshots_split/Al_500K_snap00096.extxyz,Al,500,Al__500,0.0119250037627366,-0.021688855277496363,-0.033613859040232966,0.033613859040232966
/Users/yti0811/Desktop/FE_data/npj_CM01/NPJ_CM_Fig_Python/Public_Reproducibility_Package_V01/npjcm-free-energy-surrogate_Re3/Python_Codes/table/snapshots_split/Al_500K_snap00097.extxyz,Al,500,Al__500,0.0113823919170427,-0.023435944655010418,-0.03481833657205312,0.03481833657205312
/Users/yti0811/Desktop/FE_data/npj_CM01/NPJ_CM_Fig_Python/Public_Reproducibility_Package_V01/npjcm-free-energy-surrogate_Re3/Python_Codes/table/snapshots_split/Al_500K_snap00098.extxyz,Al,500,Al__500,0.011722051222218,-0.022125828636880056,-0.033847879859098054,0.033847879859098054
/Users/yti0811/Desktop/FE_data/npj_CM01/NPJ_CM_Fig_Python/Public_Reproducibility_Package_V01/npjcm-free-energy-surrogate_Re3/Python_Codes/table/snapshots_split/Al_500K_snap00099.extxyz,Al,500,Al__500,0.0117764806694175,-0.024329949597893728,-0.036106430267311224,0.036106430267311224
/Users/yti0811/Desktop/FE_data/npj_CM01/NPJ_CM_Fig_Python/Public_Reproducibility_Package_V01/npjcm-free-energy-surrogate_Re3/Python_Codes/table/snapshots_split/Al_600K_snap00000.extxyz,Al,600,Al__600,0.0201773950277954,-0.03442083382369075,-0.05459822885148615,0.05459822885148615
/Users/yti0811/Desktop/FE_data/npj_CM01/NPJ_CM_Fig_Python/Public_Reproducibility_Package_V01/npjcm-free-energy-surrogate_Re3/Python_Codes/table/snapshots_split/Al_600K_snap00001.extxyz,Al,600,Al__600,0.0203153462810508,-0.03529348142694221,-0.05560882770799301,0.05560882770799301
/Users/yti0811/Desktop/FE_data/npj_CM01/NPJ_CM_Fig_Python/Public_Reproducibility_Package_V01/npjcm-free-energy-surrogate_Re3/Python_Codes/table/snapshots_split/Al_600K_snap00002.extxyz,Al,600,Al__600,0.0197545816851748,-0.037136081170984644,-0.056890662856159444,0.056890662856159444
/Users/yti0811/Desktop/FE_data/npj_CM01/NPJ_CM_Fig_Python/Public_Reproducibility_Package_V01/npjcm-free-energy-surrogate_Re3/Python_Codes/table/snapshots_split/Al_600K_snap00003.extxyz,Al,600,Al__600,0.0198862528607783,-0.035451874115246196,-0.0553381269760245,0.0553381269760245
/Users/yti0811/Desktop/FE_data/npj_CM01/NPJ_CM_Fig_Python/Public_Reproducibility_Package_V01/npjcm-free-energy-surrogate_Re3/Python_Codes/table/snapshots_split/Al_600K_snap00004.extxyz,Al,600,Al__600,0.0200946365785938,-0.03425981516047079,-0.054354451739064585,0.054354451739064585
/Users/yti0811/Desktop/FE_data/npj_CM01/NPJ_CM_Fig_Python/Public_Reproducibility_Package_V01/npjcm-free-energy-surrogate_Re3/Python_Codes/table/snapshots_split/Al_600K_snap00005.extxyz,Al,600,Al__600,0.0202269692340359,-0.036415973852214074,-0.056642943086249974,0.056642943086249974
/Users/yti0811/Desktop/FE_data/npj_CM01/NPJ_CM_Fig_Python/Public_Reproducibility_Package_V01/npjcm-free-energy-surrogate_Re3/Python_Codes/table/snapshots_split/Al_600K_snap00006.extxyz,Al,600,Al__600,0.0204529383808307,-0.03555782369634257,-0.05601076207717327,0.05601076207717327
/Users/yti0811/Desktop/FE_data/npj_CM01/NPJ_CM_Fig_Python/Public_Reproducibility_Package_V01/npjcm-free-energy-surrogate_Re3/Python_Codes/table/snapshots_split/Al_600K_snap00007.extxyz,Al,600,Al__600,0.0201299522939154,-0.03373404971183328,-0.05386400200574868,0.05386400200574868
/Users/yti0811/Desktop/FE_data/npj_CM01/NPJ_CM_Fig_Python/Public_Reproducibility_Package_V01/npjcm-free-energy-surrogate_Re3/Python_Codes/table/snapshots_split/Al_600K_snap00008.extxyz,Al,600,Al__600,0.0198723391654256,-0.03472209666440065,-0.05459443582982625,0.05459443582982625
/Users/yti0811/Desktop/FE_data/npj_CM01/NPJ_CM_Fig_Python/Public_Reproducibility_Package_V01/npjcm-free-energy-surrogate_Re3/Python_Codes/table/snapshots_split/Al_600K_snap00009.extxyz,Al,600,Al__600,0.0204253521449058,-0.03461367605035921,-0.055039028195265016,0.055039028195265016
/Users/yti0811/Desktop/FE_data/npj_CM01/NPJ_CM_Fig_Python/Public_Reproducibility_Package_V01/npjcm-free-energy-surrogate_Re3/Python_Codes/table/snapshots_split/Al_600K_snap00010.extxyz,Al,600,Al__600,0.020420800052445,-0.03558280537892178,-0.056003605431366774,0.056003605431366774
/Users/yti0811/Desktop/FE_data/npj_CM01/NPJ_CM_Fig_Python/Public_Reproducibility_Package_V01/npjcm-free-energy-surrogate_Re3/Python_Codes/table/snapshots_split/Al_600K_snap00011.extxyz,Al,600,Al__600,0.0202033201172222,-0.03728334572257447,-0.05748666583979667,0.05748666583979667
/Users/yti0811/Desktop/FE_data/npj_CM01/NPJ_CM_Fig_Python/Public_Reproducibility_Package_V01/npjcm-free-energy-surrogate_Re3/Python_Codes/table/snapshots_split/Al_600K_snap00012.extxyz,Al,600,Al__600,0.0206555465939166,-0.035474205800530595,-0.056129752394447195,0.056129752394447195
/Users/yti0811/Desktop/FE_data/npj_CM01/NPJ_CM_Fig_Python/Public_Reproducibility_Package_V01/npjcm-free-energy-surrogate_Re3/Python_Codes/table/snapshots_split/Al_600K_snap00013.extxyz,Al,600,Al__600,0.0202135053776431,-0.03462324184713339,-0.054836747224776494,0.054836747224776494
/Users/yti0811/Desktop/FE_data/npj_CM01/NPJ_CM_Fig_Python/Public_Reproducibility_Package_V01/npjcm-free-energy-surrogate_Re3/Python_Codes/table/snapshots_split/Al_600K_snap00014.extxyz,Al,600,Al__600,0.0201400599042023,-0.03528883955851806,-0.055428899462720366,0.055428899462720366
/Users/yti0811/Desktop/FE_data/npj_CM01/NPJ_CM_Fig_Python/Public_Reproducibility_Package_V01/npjcm-free-energy-surrogate_Re3/Python_Codes/table/snapshots_split/Al_600K_snap00015.extxyz,Al,600,Al__600,0.0200298610651155,-0.03398317883884084,-0.05401303990395634,0.05401303990395634
/Users/yti0811/Desktop/FE_data/npj_CM01/NPJ_CM_Fig_Python/Public_Reproducibility_Package_V01/npjcm-free-energy-surrogate_Re3/Python_Codes/table/snapshots_split/Al_600K_snap00016.extxyz,Al,600,Al__600,0.0199739266034832,-0.03631077577343809,-0.05628470237692129,0.05628470237692129
/Users/yti0811/Desktop/FE_data/npj_CM01/NPJ_CM_Fig_Python/Public_Reproducibility_Package_V01/npjcm-free-energy-surrogate_Re3/Python_Codes/table/snapshots_split/Al_600K_snap00017.extxyz,Al,600,Al__600,0.0202317842789077,-0.03578323863035306,-0.05601502290926076,0.05601502290926076
/Users/yti0811/Desktop/FE_data/npj_CM01/NPJ_CM_Fig_Python/Public_Reproducibility_Package_V01/npjcm-free-energy-surrogate_Re3/Python_Codes/table/snapshots_split/Al_600K_snap00018.extxyz,Al,600,Al__600,0.0196236076261262,-0.03441606702328791,-0.05403967464941411,0.05403967464941411
/Users/yti0811/Desktop/FE_data/npj_CM01/NPJ_CM_Fig_Python/Public_Reproducibility_Package_V01/npjcm-free-energy-surrogate_Re3/Python_Codes/table/snapshots_split/Al_600K_snap00019.extxyz,Al,600,Al__600,0.0207259500585152,-0.036222778190863086,-0.056948728249378286,0.056948728249378286
/Users/yti0811/Desktop/FE_data/npj_CM01/NPJ_CM_Fig_Python/Public_Reproducibility_Package_V01/npjcm-free-energy-surrogate_Re3/Python_Codes/table/snapshots_split/Al_600K_snap00020.extxyz,Al,600,Al__600,0.0202017611431009,-0.034983786799081734,-0.05518554794218264,0.05518554794218264
/Users/yti0811/Desktop/FE_data/npj_CM01/NPJ_CM_Fig_Python/Public_Reproducibility_Package_V01/npjcm-free-energy-surrogate_Re3/Python_Codes/table/snapshots_split/Al_600K_snap00021.extxyz,Al,600,Al__600,0.0204754053865945,-0.034585559456666366,-0.05506096484326087,0.05506096484326087
/Users/yti0811/Desktop/FE_data/npj_CM01/NPJ_CM_Fig_Python/Public_Reproducibility_Package_V01/npjcm-free-energy-surrogate_Re3/Python_Codes/table/snapshots_split/Al_600K_snap00022.extxyz,Al,600,Al__600,0.0199691256712897,-0.03420569489278349,-0.05417482056407319,0.05417482056407319
/Users/yti0811/Desktop/FE_data/npj_CM01/NPJ_CM_Fig_Python/Public_Reproducibility_Package_V01/npjcm-free-energy-surrogate_Re3/Python_Codes/table/snapshots_split/Al_600K_snap00023.extxyz,Al,600,Al__600,0.0204862316266913,-0.03450890667297262,-0.05499513829966392,0.05499513829966392
/Users/yti0811/Desktop/FE_data/npj_CM01/NPJ_CM_Fig_Python/Public_Reproducibility_Package_V01/npjcm-free-energy-surrogate_Re3/Python_Codes/table/snapshots_split/Al_600K_snap00024.extxyz,Al,600,Al__600,0.0205097933899256,-0.03536346996287308,-0.055873263352798685,0.055873263352798685
/Users/yti0811/Desktop/FE_data/npj_CM01/NPJ_CM_Fig_Python/Public_Reproducibility_Package_V01/npjcm-free-energy-surrogate_Re3/Python_Codes/table/snapshots_split/Al_600K_snap00025.extxyz,Al,600,Al__600,0.020209783297328,-0.03443393609284553,-0.054643719390173526,0.054643719390173526
/Users/yti0811/Desktop/FE_data/npj_CM01/NPJ_CM_Fig_Python/Public_Reproducibility_Package_V01/npjcm-free-energy-surrogate_Re3/Python_Codes/table/snapshots_split/Al_600K_snap00026.extxyz,Al,600,Al__600,0.0197476421785192,-0.03369252739828037,-0.05344016957679956,0.05344016957679956
/Users/yti0811/Desktop/FE_data/npj_CM01/NPJ_CM_Fig_Python/Public_Reproducibility_Package_V01/npjcm-free-energy-surrogate_Re3/Python_Codes/table/snapshots_split/Al_600K_snap00027.extxyz,Al,600,Al__600,0.0205690702054124,-0.036108374527105754,-0.05667744473251815,0.05667744473251815
/Users/yti0811/Desktop/FE_data/npj_CM01/NPJ_CM_Fig_Python/Public_Reproducibility_Package_V01/npjcm-free-energy-surrogate_Re3/Python_Codes/table/snapshots_split/Al_600K_snap00028.extxyz,Al,600,Al__600,0.0197864038336581,-0.03307172513676315,-0.05285812897042125,0.05285812897042125
/Users/yti0811/Desktop/FE_data/npj_CM01/NPJ_CM_Fig_Python/Public_Reproducibility_Package_V01/npjcm-free-energy-surrogate_Re3/Python_Codes/table/snapshots_split/Al_600K_snap00029.extxyz,Al,600,Al__600,0.0202038567573457,-0.03439387702665114,-0.05459773378399684,0.05459773378399684
/Users/yti0811/Desktop/FE_data/npj_CM01/NPJ_CM_Fig_Python/Public_Reproducibility_Package_V01/npjcm-free-energy-surrogate_Re3/Python_Codes/table/snapshots_split/Al_600K_snap00030.extxyz,Al,600,Al__600,0.0201335454356701,-0.036358438378892,-0.0564919838145621,0.0564919838145621
/Users/yti0811/Desktop/FE_data/npj_CM01/NPJ_CM_Fig_Python/Public_Reproducibility_Package_V01/npjcm-free-energy-surrogate_Re3/Python_Codes/table/snapshots_split/Al_600K_snap00031.extxyz,Al,600,Al__600,0.0203584695190877,-0.03731328261286214,-0.05767175213194984,0.05767175213194984
/Users/yti0811/Desktop/FE_data/npj_CM01/NPJ_CM_Fig_Python/Public_Reproducibility_Package_V01/npjcm-free-energy-surrogate_Re3/Python_Codes/table/snapshots_split/Al_600K_snap00032.extxyz,Al,600,Al__600,0.0203238241302738,-0.03555621256251768,-0.055880036692791485,0.055880036692791485
/Users/yti0811/Desktop/FE_data/npj_CM01/NPJ_CM_Fig_Python/Public_Reproducibility_Package_V01/npjcm-free-energy-surrogate_Re3/Python_Codes/table/snapshots_split/Al_600K_snap00033.extxyz,Al,600,Al__600,0.0202477957032589,-0.03564597244296694,-0.05589376814622584,0.05589376814622584
/Users/yti0811/Desktop/FE_data/npj_CM01/NPJ_CM_Fig_Python/Public_Reproducibility_Package_V01/npjcm-free-energy-surrogate_Re3/Python_Codes/table/snapshots_split/Al_600K_snap00034.extxyz,Al,600,Al__600,0.0199299315088297,-0.034213669726940885,-0.05414360123577058,0.05414360123577058
/Users/yti0811/Desktop/FE_data/npj_CM01/NPJ_CM_Fig_Python/Public_Reproducibility_Package_V01/npjcm-free-energy-surrogate_Re3/Python_Codes/table/snapshots_split/Al_600K_snap00035.extxyz,Al,600,Al__600,0.0196858356459201,-0.034612116788009226,-0.054297952433929327,0.054297952433929327
/Users/yti0811/Desktop/FE_data/npj_CM01/NPJ_CM_Fig_Python/Public_Reproducibility_Package_V01/npjcm-free-energy-surrogate_Re3/Python_Codes/table/snapshots_split/Al_600K_snap00036.extxyz,Al,600,Al__600,0.0202400469829668,-0.034821464865105026,-0.05506151184807183,0.05506151184807183
/Users/yti0811/Desktop/FE_data/npj_CM01/NPJ_CM_Fig_Python/Public_Reproducibility_Package_V01/npjcm-free-energy-surrogate_Re3/Python_Codes/table/snapshots_split/Al_600K_snap00037.extxyz,Al,600,Al__600,0.0204266057041773,-0.03470469849446938,-0.05513130419864668,0.05513130419864668
/Users/yti0811/Desktop/FE_data/npj_CM01/NPJ_CM_Fig_Python/Public_Reproducibility_Package_V01/npjcm-free-energy-surrogate_Re3/Python_Codes/table/snapshots_split/Al_600K_snap00038.extxyz,Al,600,Al__600,0.0200365742714476,-0.03286136749535532,-0.05289794176680292,0.05289794176680292
/Users/yti0811/Desktop/FE_data/npj_CM01/NPJ_CM_Fig_Python/Public_Reproducibility_Package_V01/npjcm-free-energy-surrogate_Re3/Python_Codes/table/snapshots_split/Al_600K_snap00039.extxyz,Al,600,Al__600,0.0201866184238428,-0.03584461094747636,-0.05603122937131916,0.05603122937131916
/Users/yti0811/Desktop/FE_data/npj_CM01/NPJ_CM_Fig_Python/Public_Reproducibility_Package_V01/npjcm-free-energy-surrogate_Re3/Python_Codes/table/snapshots_split/Al_600K_snap00040.extxyz,Al,600,Al__600,0.0201051053102048,-0.03464327366632697,-0.05474837897653177,0.05474837897653177
/Users/yti0811/Desktop/FE_data/npj_CM01/NPJ_CM_Fig_Python/Public_Reproducibility_Package_V01/npjcm-free-energy-surrogate_Re3/Python_Codes/table/snapshots_split/Al_600K_snap00041.extxyz,Al,600,Al__600,0.0199860003162467,-0.03608320582007675,-0.05606920613632345,0.05606920613632345
/Users/yti0811/Desktop/FE_data/npj_CM01/NPJ_CM_Fig_Python/Public_Reproducibility_Package_V01/npjcm-free-energy-surrogate_Re3/Python_Codes/table/snapshots_split/Al_600K_snap00042.extxyz,Al,600,Al__600,0.020052308921042,-0.03529766015938151,-0.055349969080423514,0.055349969080423514
/Users/yti0811/Desktop/FE_data/npj_CM01/NPJ_CM_Fig_Python/Public_Reproducibility_Package_V01/npjcm-free-energy-surrogate_Re3/Python_Codes/table/snapshots_split/Al_600K_snap00043.extxyz,Al,600,Al__600,0.0203159819013307,-0.0353506671387388,-0.0556666490400695,0.0556666490400695
/Users/yti0811/Desktop/FE_data/npj_CM01/NPJ_CM_Fig_Python/Public_Reproducibility_Package_V01/npjcm-free-energy-surrogate_Re3/Python_Codes/table/snapshots_split/Al_600K_snap00044.extxyz,Al,600,Al__600,0.0206167772523986,-0.03598156769538273,-0.056598344947781334,0.056598344947781334
/Users/yti0811/Desktop/FE_data/npj_CM01/NPJ_CM_Fig_Python/Public_Reproducibility_Package_V01/npjcm-free-energy-surrogate_Re3/Python_Codes/table/snapshots_split/Al_600K_snap00045.extxyz,Al,600,Al__600,0.0203958589389638,-0.034694488234035654,-0.05509034717299945,0.05509034717299945
/Users/yti0811/Desktop/FE_data/npj_CM01/NPJ_CM_Fig_Python/Public_Reproducibility_Package_V01/npjcm-free-energy-surrogate_Re3/Python_Codes/table/snapshots_split/Al_600K_snap00046.extxyz,Al,600,Al__600,0.0195443831788553,-0.0351397207593612,-0.0546841039382165,0.0546841039382165
/Users/yti0811/Desktop/FE_data/npj_CM01/NPJ_CM_Fig_Python/Public_Reproducibility_Package_V01/npjcm-free-energy-surrogate_Re3/Python_Codes/table/snapshots_split/Al_600K_snap00047.extxyz,Al,600,Al__600,0.0197286466516544,-0.03372660396328472,-0.053455250614939116,0.053455250614939116
/Users/yti0811/Desktop/FE_data/npj_CM01/NPJ_CM_Fig_Python/Public_Reproducibility_Package_V01/npjcm-free-energy-surrogate_Re3/Python_Codes/table/snapshots_split/Al_600K_snap00048.extxyz,Al,600,Al__600,0.0204188604309549,-0.03458504886371808,-0.055003909294672984,0.055003909294672984
/Users/yti0811/Desktop/FE_data/npj_CM01/NPJ_CM_Fig_Python/Public_Reproducibility_Package_V01/npjcm-free-energy-surrogate_Re3/Python_Codes/table/snapshots_split/Al_600K_snap00049.extxyz,Al,600,Al__600,0.0201452522276628,-0.03417749391189932,-0.054322746139562124,0.054322746139562124
/Users/yti0811/Desktop/FE_data/npj_CM01/NPJ_CM_Fig_Python/Public_Reproducibility_Package_V01/npjcm-free-energy-surrogate_Re3/Python_Codes/table/snapshots_split/Al_600K_snap00050.extxyz,Al,600,Al__600,0.0204585782795254,-0.036532564024792255,-0.056991142304317656,0.056991142304317656
/Users/yti0811/Desktop/FE_data/npj_CM01/NPJ_CM_Fig_Python/Public_Reproducibility_Package_V01/npjcm-free-energy-surrogate_Re3/Python_Codes/table/snapshots_split/Al_600K_snap00051.extxyz,Al,600,Al__600,0.0196414916402571,-0.03301392396121565,-0.05265541560147275,0.05265541560147275
/Users/yti0811/Desktop/FE_data/npj_CM01/NPJ_CM_Fig_Python/Public_Reproducibility_Package_V01/npjcm-free-energy-surrogate_Re3/Python_Codes/table/snapshots_split/Al_600K_snap00052.extxyz,Al,600,Al__600,0.0202579915559704,-0.03550310584536046,-0.05576109740133087,0.05576109740133087
/Users/yti0811/Desktop/FE_data/npj_CM01/NPJ_CM_Fig_Python/Public_Reproducibility_Package_V01/npjcm-free-energy-surrogate_Re3/Python_Codes/table/snapshots_split/Al_600K_snap00053.extxyz,Al,600,Al__600,0.0202390189448913,-0.03566871106553322,-0.055907730010424525,0.055907730010424525
/Users/yti0811/Desktop/FE_data/npj_CM01/NPJ_CM_Fig_Python/Public_Reproducibility_Package_V01/npjcm-free-energy-surrogate_Re3/Python_Codes/table/snapshots_split/Al_600K_snap00054.extxyz,Al,600,Al__600,0.0200970474829433,-0.03467214642646664,-0.054769193909409944,0.054769193909409944
/Users/yti0811/Desktop/FE_data/npj_CM01/NPJ_CM_Fig_Python/Public_Reproducibility_Package_V01/npjcm-free-energy-surrogate_Re3/Python_Codes/table/snapshots_split/Al_600K_snap00055.extxyz,Al,600,Al__600,0.019932491023318,-0.03415419660861889,-0.054086687631936886,0.054086687631936886
/Users/yti0811/Desktop/FE_data/npj_CM01/NPJ_CM_Fig_Python/Public_Reproducibility_Package_V01/npjcm-free-energy-surrogate_Re3/Python_Codes/table/snapshots_split/Al_600K_snap00056.extxyz,Al,600,Al__600,0.0199530061869463,-0.034764950080072875,-0.054717956267019176,0.054717956267019176
/Users/yti0811/Desktop/FE_data/npj_CM01/NPJ_CM_Fig_Python/Public_Reproducibility_Package_V01/npjcm-free-energy-surrogate_Re3/Python_Codes/table/snapshots_split/Al_600K_snap00057.extxyz,Al,600,Al__600,0.0202032299682313,-0.034703145533090556,-0.05490637550132185,0.05490637550132185
/Users/yti0811/Desktop/FE_data/npj_CM01/NPJ_CM_Fig_Python/Public_Reproducibility_Package_V01/npjcm-free-energy-surrogate_Re3/Python_Codes/table/snapshots_split/Al_600K_snap00058.extxyz,Al,600,Al__600,0.0202514067522618,-0.034411098201026884,-0.054662504953288685,0.054662504953288685
/Users/yti0811/Desktop/FE_data/npj_CM01/NPJ_CM_Fig_Python/Public_Reproducibility_Package_V01/npjcm-free-energy-surrogate_Re3/Python_Codes/table/snapshots_split/Al_600K_snap00059.extxyz,Al,600,Al__600,0.0202677775281772,-0.03586808931345703,-0.05613586684163423,0.05613586684163423
/Users/yti0811/Desktop/FE_data/npj_CM01/NPJ_CM_Fig_Python/Public_Reproducibility_Package_V01/npjcm-free-energy-surrogate_Re3/Python_Codes/table/snapshots_split/Al_600K_snap00060.extxyz,Al,600,Al__600,0.0197852473457726,-0.03585311516554134,-0.055638362511313946,0.055638362511313946
/Users/yti0811/Desktop/FE_data/npj_CM01/NPJ_CM_Fig_Python/Public_Reproducibility_Package_V01/npjcm-free-energy-surrogate_Re3/Python_Codes/table/snapshots_split/Al_600K_snap00061.extxyz,Al,600,Al__600,0.0202676086568007,-0.03619922294743049,-0.05646683160423119,0.05646683160423119
/Users/yti0811/Desktop/FE_data/npj_CM01/NPJ_CM_Fig_Python/Public_Reproducibility_Package_V01/npjcm-free-energy-surrogate_Re3/Python_Codes/table/snapshots_split/Al_600K_snap00062.extxyz,Al,600,Al__600,0.0202492000482312,-0.03429866596894444,-0.054547866017175636,0.054547866017175636
/Users/yti0811/Desktop/FE_data/npj_CM01/NPJ_CM_Fig_Python/Public_Reproducibility_Package_V01/npjcm-free-energy-surrogate_Re3/Python_Codes/table/snapshots_split/Al_600K_snap00063.extxyz,Al,600,Al__600,0.0198802041331681,-0.035622812617434094,-0.055503016750602194,0.055503016750602194
/Users/yti0811/Desktop/FE_data/npj_CM01/NPJ_CM_Fig_Python/Public_Reproducibility_Package_V01/npjcm-free-energy-surrogate_Re3/Python_Codes/table/snapshots_split/Al_600K_snap00064.extxyz,Al,600,Al__600,0.0205597706817883,-0.033111916892326405,-0.05367168757411471,0.05367168757411471
/Users/yti0811/Desktop/FE_data/npj_CM01/NPJ_CM_Fig_Python/Public_Reproducibility_Package_V01/npjcm-free-energy-surrogate_Re3/Python_Codes/table/snapshots_split/Al_600K_snap00065.extxyz,Al,600,Al__600,0.020277708110296,-0.03484007755602573,-0.05511778566632173,0.05511778566632173
/Users/yti0811/Desktop/FE_data/npj_CM01/NPJ_CM_Fig_Python/Public_Reproducibility_Package_V01/npjcm-free-energy-surrogate_Re3/Python_Codes/table/snapshots_split/Al_600K_snap00066.extxyz,Al,600,Al__600,0.0203526377642735,-0.0357470910491,-0.056099728813373495,0.056099728813373495
/Users/yti0811/Desktop/FE_data/npj_CM01/NPJ_CM_Fig_Python/Public_Reproducibility_Package_V01/npjcm-free-energy-surrogate_Re3/Python_Codes/table/snapshots_split/Al_600K_snap00067.extxyz,Al,600,Al__600,0.019902878320033,-0.03432394680886731,-0.054226825128900306,0.054226825128900306
/Users/yti0811/Desktop/FE_data/npj_CM01/NPJ_CM_Fig_Python/Public_Reproducibility_Package_V01/npjcm-free-energy-surrogate_Re3/Python_Codes/table/snapshots_split/Al_600K_snap00068.extxyz,Al,600,Al__600,0.0201695658571223,-0.035878627361876345,-0.05604819321899865,0.05604819321899865
/Users/yti0811/Desktop/FE_data/npj_CM01/NPJ_CM_Fig_Python/Public_Reproducibility_Package_V01/npjcm-free-energy-surrogate_Re3/Python_Codes/table/snapshots_split/Al_600K_snap00069.extxyz,Al,600,Al__600,0.0201608363837599,-0.03529636935411655,-0.05545720573787645,0.05545720573787645
/Users/yti0811/Desktop/FE_data/npj_CM01/NPJ_CM_Fig_Python/Public_Reproducibility_Package_V01/npjcm-free-energy-surrogate_Re3/Python_Codes/table/snapshots_split/Al_600K_snap00070.extxyz,Al,600,Al__600,0.0199016381777361,-0.03349871967567031,-0.05340035785340641,0.05340035785340641
/Users/yti0811/Desktop/FE_data/npj_CM01/NPJ_CM_Fig_Python/Public_Reproducibility_Package_V01/npjcm-free-energy-surrogate_Re3/Python_Codes/table/snapshots_split/Al_600K_snap00071.extxyz,Al,600,Al__600,0.0198639878466078,-0.03497768906129952,-0.054841676907907325,0.054841676907907325
/Users/yti0811/Desktop/FE_data/npj_CM01/NPJ_CM_Fig_Python/Public_Reproducibility_Package_V01/npjcm-free-energy-surrogate_Re3/Python_Codes/table/snapshots_split/Al_600K_snap00072.extxyz,Al,600,Al__600,0.0201938855917191,-0.034616935143794485,-0.054810820735513584,0.054810820735513584
/Users/yti0811/Desktop/FE_data/npj_CM01/NPJ_CM_Fig_Python/Public_Reproducibility_Package_V01/npjcm-free-energy-surrogate_Re3/Python_Codes/table/snapshots_split/Al_600K_snap00073.extxyz,Al,600,Al__600,0.020085295968504,-0.03472829968681305,-0.05481359565531704,0.05481359565531704
/Users/yti0811/Desktop/FE_data/npj_CM01/NPJ_CM_Fig_Python/Public_Reproducibility_Package_V01/npjcm-free-energy-surrogate_Re3/Python_Codes/table/snapshots_split/Al_600K_snap00074.extxyz,Al,600,Al__600,0.0204106333412161,-0.03514584940093925,-0.05555648274215535,0.05555648274215535
/Users/yti0811/Desktop/FE_data/npj_CM01/NPJ_CM_Fig_Python/Public_Reproducibility_Package_V01/npjcm-free-energy-surrogate_Re3/Python_Codes/table/snapshots_split/Al_600K_snap00075.extxyz,Al,600,Al__600,0.0199057285558528,-0.033907392082456474,-0.05381312063830927,0.05381312063830927
/Users/yti0811/Desktop/FE_data/npj_CM01/NPJ_CM_Fig_Python/Public_Reproducibility_Package_V01/npjcm-free-energy-surrogate_Re3/Python_Codes/table/snapshots_split/Al_600K_snap00076.extxyz,Al,600,Al__600,0.0200490810118962,-0.034377662826761364,-0.05442674383865756,0.05442674383865756
/Users/yti0811/Desktop/FE_data/npj_CM01/NPJ_CM_Fig_Python/Public_Reproducibility_Package_V01/npjcm-free-energy-surrogate_Re3/Python_Codes/table/snapshots_split/Al_600K_snap00077.extxyz,Al,600,Al__600,0.0204702737322877,-0.03375220453941872,-0.05422247827170642,0.05422247827170642
/Users/yti0811/Desktop/FE_data/npj_CM01/NPJ_CM_Fig_Python/Public_Reproducibility_Package_V01/npjcm-free-energy-surrogate_Re3/Python_Codes/table/snapshots_split/Al_600K_snap00078.extxyz,Al,600,Al__600,0.0196015905978252,-0.03523132913226032,-0.05483291973008552,0.05483291973008552
/Users/yti0811/Desktop/FE_data/npj_CM01/NPJ_CM_Fig_Python/Public_Reproducibility_Package_V01/npjcm-free-energy-surrogate_Re3/Python_Codes/table/snapshots_split/Al_600K_snap00079.extxyz,Al,600,Al__600,0.0203686221259411,-0.0349210801508194,-0.0552897022767605,0.0552897022767605
/Users/yti0811/Desktop/FE_data/npj_CM01/NPJ_CM_Fig_Python/Public_Reproducibility_Package_V01/npjcm-free-energy-surrogate_Re3/Python_Codes/table/snapshots_split/Al_600K_snap00080.extxyz,Al,600,Al__600,0.0203031488494274,-0.03300559044271266,-0.053308739292140056,0.053308739292140056
/Users/yti0811/Desktop/FE_data/npj_CM01/NPJ_CM_Fig_Python/Public_Reproducibility_Package_V01/npjcm-free-energy-surrogate_Re3/Python_Codes/table/snapshots_split/Al_600K_snap00081.extxyz,Al,600,Al__600,0.0204622475287663,-0.03411802956282585,-0.05458027709159215,0.05458027709159215
/Users/yti0811/Desktop/FE_data/npj_CM01/NPJ_CM_Fig_Python/Public_Reproducibility_Package_V01/npjcm-free-energy-surrogate_Re3/Python_Codes/table/snapshots_split/Al_600K_snap00082.extxyz,Al,600,Al__600,0.0200472028226432,-0.03476240361177079,-0.05480960643441399,0.05480960643441399
/Users/yti0811/Desktop/FE_data/npj_CM01/NPJ_CM_Fig_Python/Public_Reproducibility_Package_V01/npjcm-free-energy-surrogate_Re3/Python_Codes/table/snapshots_split/Al_600K_snap00083.extxyz,Al,600,Al__600,0.0197644859990993,-0.03535741987713324,-0.055121905876232544,0.055121905876232544
/Users/yti0811/Desktop/FE_data/npj_CM01/NPJ_CM_Fig_Python/Public_Reproducibility_Package_V01/npjcm-free-energy-surrogate_Re3/Python_Codes/table/snapshots_split/Al_600K_snap00084.extxyz,Al,600,Al__600,0.0199329783260571,-0.03491638737192314,-0.05484936569798024,0.05484936569798024
/Users/yti0811/Desktop/FE_data/npj_CM01/NPJ_CM_Fig_Python/Public_Reproducibility_Package_V01/npjcm-free-energy-surrogate_Re3/Python_Codes/table/snapshots_split/Al_600K_snap00085.extxyz,Al,600,Al__600,0.0203761881151718,-0.033883750469661265,-0.054259938584833065,0.054259938584833065
/Users/yti0811/Desktop/FE_data/npj_CM01/NPJ_CM_Fig_Python/Public_Reproducibility_Package_V01/npjcm-free-energy-surrogate_Re3/Python_Codes/table/snapshots_split/Al_600K_snap00086.extxyz,Al,600,Al__600,0.0204550987788862,-0.03517676876441386,-0.05563186754330006,0.05563186754330006
/Users/yti0811/Desktop/FE_data/npj_CM01/NPJ_CM_Fig_Python/Public_Reproducibility_Package_V01/npjcm-free-energy-surrogate_Re3/Python_Codes/table/snapshots_split/Al_600K_snap00087.extxyz,Al,600,Al__600,0.0197176541505654,-0.035402304369393164,-0.055119958519958566,0.055119958519958566
/Users/yti0811/Desktop/FE_data/npj_CM01/NPJ_CM_Fig_Python/Public_Reproducibility_Package_V01/npjcm-free-energy-surrogate_Re3/Python_Codes/table/snapshots_split/Al_600K_snap00088.extxyz,Al,600,Al__600,0.0200452209996144,-0.034598488392306406,-0.05464370939192081,0.05464370939192081
/Users/yti0811/Desktop/FE_data/npj_CM01/NPJ_CM_Fig_Python/Public_Reproducibility_Package_V01/npjcm-free-energy-surrogate_Re3/Python_Codes/table/snapshots_split/Al_600K_snap00089.extxyz,Al,600,Al__600,0.0200985519665015,-0.03436698695974307,-0.054465538926244575,0.054465538926244575
/Users/yti0811/Desktop/FE_data/npj_CM01/NPJ_CM_Fig_Python/Public_Reproducibility_Package_V01/npjcm-free-energy-surrogate_Re3/Python_Codes/table/snapshots_split/Al_600K_snap00090.extxyz,Al,600,Al__600,0.0205293225930185,-0.03471107821715367,-0.055240400810172174,0.055240400810172174
/Users/yti0811/Desktop/FE_data/npj_CM01/NPJ_CM_Fig_Python/Public_Reproducibility_Package_V01/npjcm-free-energy-surrogate_Re3/Python_Codes/table/snapshots_split/Al_600K_snap00091.extxyz,Al,600,Al__600,0.0200674909997247,-0.034315492448120155,-0.054382983447844854,0.054382983447844854
/Users/yti0811/Desktop/FE_data/npj_CM01/NPJ_CM_Fig_Python/Public_Reproducibility_Package_V01/npjcm-free-energy-surrogate_Re3/Python_Codes/table/snapshots_split/Al_600K_snap00092.extxyz,Al,600,Al__600,0.0200306685435693,-0.03543261555177789,-0.05546328409534719,0.05546328409534719
/Users/yti0811/Desktop/FE_data/npj_CM01/NPJ_CM_Fig_Python/Public_Reproducibility_Package_V01/npjcm-free-energy-surrogate_Re3/Python_Codes/table/snapshots_split/Al_600K_snap00093.extxyz,Al,600,Al__600,0.0202817927727212,-0.03408325456696985,-0.05436504733969105,0.05436504733969105
/Users/yti0811/Desktop/FE_data/npj_CM01/NPJ_CM_Fig_Python/Public_Reproducibility_Package_V01/npjcm-free-energy-surrogate_Re3/Python_Codes/table/snapshots_split/Al_600K_snap00094.extxyz,Al,600,Al__600,0.0199530864054644,-0.036538881088433756,-0.056491967493898156,0.056491967493898156
/Users/yti0811/Desktop/FE_data/npj_CM01/NPJ_CM_Fig_Python/Public_Reproducibility_Package_V01/npjcm-free-energy-surrogate_Re3/Python_Codes/table/snapshots_split/Al_600K_snap00095.extxyz,Al,600,Al__600,0.0198978109583961,-0.036166882662757194,-0.056064693621153294,0.056064693621153294
/Users/yti0811/Desktop/FE_data/npj_CM01/NPJ_CM_Fig_Python/Public_Reproducibility_Package_V01/npjcm-free-energy-surrogate_Re3/Python_Codes/table/snapshots_split/Al_600K_snap00096.extxyz,Al,600,Al__600,0.0199845813833696,-0.035482469022717705,-0.055467050406087307,0.055467050406087307
/Users/yti0811/Desktop/FE_data/npj_CM01/NPJ_CM_Fig_Python/Public_Reproducibility_Package_V01/npjcm-free-energy-surrogate_Re3/Python_Codes/table/snapshots_split/Al_600K_snap00097.extxyz,Al,600,Al__600,0.0208253186278379,-0.0355746626939701,-0.056399981321808,0.056399981321808
/Users/yti0811/Desktop/FE_data/npj_CM01/NPJ_CM_Fig_Python/Public_Reproducibility_Package_V01/npjcm-free-energy-surrogate_Re3/Python_Codes/table/snapshots_split/Al_600K_snap00098.extxyz,Al,600,Al__600,0.0202296814815274,-0.033911252204191236,-0.05414093368571864,0.05414093368571864
/Users/yti0811/Desktop/FE_data/npj_CM01/NPJ_CM_Fig_Python/Public_Reproducibility_Package_V01/npjcm-free-energy-surrogate_Re3/Python_Codes/table/snapshots_split/Al_600K_snap00099.extxyz,Al,600,Al__600,0.0206663992565603,-0.03352379675321593,-0.05419019600977623,0.05419019600977623
/Users/yti0811/Desktop/FE_data/npj_CM01/NPJ_CM_Fig_Python/Public_Reproducibility_Package_V01/npjcm-free-energy-surrogate_Re3/Python_Codes/table/snapshots_split/Al_700K_snap00000.extxyz,Al,700,Al__700,0.030925923898306,-0.047138395102146624,-0.07806431900045263,0.07806431900045263
/Users/yti0811/Desktop/FE_data/npj_CM01/NPJ_CM_Fig_Python/Public_Reproducibility_Package_V01/npjcm-free-energy-surrogate_Re3/Python_Codes/table/snapshots_split/Al_700K_snap00001.extxyz,Al,700,Al__700,0.031055107605525,-0.04580892615866177,-0.07686403376418677,0.07686403376418677
/Users/yti0811/Desktop/FE_data/npj_CM01/NPJ_CM_Fig_Python/Public_Reproducibility_Package_V01/npjcm-free-energy-surrogate_Re3/Python_Codes/table/snapshots_split/Al_700K_snap00002.extxyz,Al,700,Al__700,0.0307792547882826,-0.04486294650795195,-0.07564220129623456,0.07564220129623456
/Users/yti0811/Desktop/FE_data/npj_CM01/NPJ_CM_Fig_Python/Public_Reproducibility_Package_V01/npjcm-free-energy-surrogate_Re3/Python_Codes/table/snapshots_split/Al_700K_snap00003.extxyz,Al,700,Al__700,0.0311126627851992,-0.04570248601138927,-0.07681514879658848,0.07681514879658848
/Users/yti0811/Desktop/FE_data/npj_CM01/NPJ_CM_Fig_Python/Public_Reproducibility_Package_V01/npjcm-free-energy-surrogate_Re3/Python_Codes/table/snapshots_split/Al_700K_snap00004.extxyz,Al,700,Al__700,0.0308490071617891,-0.04530582391108492,-0.07615483107287402,0.07615483107287402
/Users/yti0811/Desktop/FE_data/npj_CM01/NPJ_CM_Fig_Python/Public_Reproducibility_Package_V01/npjcm-free-energy-surrogate_Re3/Python_Codes/table/snapshots_split/Al_700K_snap00005.extxyz,Al,700,Al__700,0.0306061970691991,-0.04731238689299299,-0.07791858396219209,0.07791858396219209
/Users/yti0811/Desktop/FE_data/npj_CM01/NPJ_CM_Fig_Python/Public_Reproducibility_Package_V01/npjcm-free-energy-surrogate_Re3/Python_Codes/table/snapshots_split/Al_700K_snap00006.extxyz,Al,700,Al__700,0.030803984441598,-0.04605772124340186,-0.07686170568499986,0.07686170568499986
/Users/yti0811/Desktop/FE_data/npj_CM01/NPJ_CM_Fig_Python/Public_Reproducibility_Package_V01/npjcm-free-energy-surrogate_Re3/Python_Codes/table/snapshots_split/Al_700K_snap00007.extxyz,Al,700,Al__700,0.0307242708120031,-0.046603050385159245,-0.07732732119716235,0.07732732119716235
/Users/yti0811/Desktop/FE_data/npj_CM01/NPJ_CM_Fig_Python/Public_Reproducibility_Package_V01/npjcm-free-energy-surrogate_Re3/Python_Codes/table/snapshots_split/Al_700K_snap00008.extxyz,Al,700,Al__700,0.0310401342302676,-0.04408177600504552,-0.07512191023531312,0.07512191023531312
/Users/yti0811/Desktop/FE_data/npj_CM01/NPJ_CM_Fig_Python/Public_Reproducibility_Package_V01/npjcm-free-energy-surrogate_Re3/Python_Codes/table/snapshots_split/Al_700K_snap00009.extxyz,Al,700,Al__700,0.0309816599008029,-0.04740902962008655,-0.07839068952088946,0.07839068952088946
/Users/yti0811/Desktop/FE_data/npj_CM01/NPJ_CM_Fig_Python/Public_Reproducibility_Package_V01/npjcm-free-energy-surrogate_Re3/Python_Codes/table/snapshots_split/Al_700K_snap00010.extxyz,Al,700,Al__700,0.0309392718181141,-0.04512036905328334,-0.07605964087139744,0.07605964087139744
/Users/yti0811/Desktop/FE_data/npj_CM01/NPJ_CM_Fig_Python/Public_Reproducibility_Package_V01/npjcm-free-energy-surrogate_Re3/Python_Codes/table/snapshots_split/Al_700K_snap00011.extxyz,Al,700,Al__700,0.0308351394489333,-0.04677342965923102,-0.07760856910816433,0.07760856910816433
/Users/yti0811/Desktop/FE_data/npj_CM01/NPJ_CM_Fig_Python/Public_Reproducibility_Package_V01/npjcm-free-energy-surrogate_Re3/Python_Codes/table/snapshots_split/Al_700K_snap00012.extxyz,Al,700,Al__700,0.0315791182147922,-0.04560283150546761,-0.07718194972025981,0.07718194972025981
/Users/yti0811/Desktop/FE_data/npj_CM01/NPJ_CM_Fig_Python/Public_Reproducibility_Package_V01/npjcm-free-energy-surrogate_Re3/Python_Codes/table/snapshots_split/Al_700K_snap00013.extxyz,Al,700,Al__700,0.031303038872762,-0.04570909305270069,-0.07701213192546269,0.07701213192546269
/Users/yti0811/Desktop/FE_data/npj_CM01/NPJ_CM_Fig_Python/Public_Reproducibility_Package_V01/npjcm-free-energy-surrogate_Re3/Python_Codes/table/snapshots_split/Al_700K_snap00014.extxyz,Al,700,Al__700,0.0304531036576379,-0.046128133831399236,-0.07658123748903714,0.07658123748903714
/Users/yti0811/Desktop/FE_data/npj_CM01/NPJ_CM_Fig_Python/Public_Reproducibility_Package_V01/npjcm-free-energy-surrogate_Re3/Python_Codes/table/snapshots_split/Al_700K_snap00015.extxyz,Al,700,Al__700,0.0305827428980508,-0.044551938629492936,-0.07513468152754374,0.07513468152754374
/Users/yti0811/Desktop/FE_data/npj_CM01/NPJ_CM_Fig_Python/Public_Reproducibility_Package_V01/npjcm-free-energy-surrogate_Re3/Python_Codes/table/snapshots_split/Al_700K_snap00016.extxyz,Al,700,Al__700,0.0309206419673441,-0.047058741208003525,-0.07797938317534762,0.07797938317534762
/Users/yti0811/Desktop/FE_data/npj_CM01/NPJ_CM_Fig_Python/Public_Reproducibility_Package_V01/npjcm-free-energy-surrogate_Re3/Python_Codes/table/snapshots_split/Al_700K_snap00017.extxyz,Al,700,Al__700,0.0310761245982339,-0.046384205681253635,-0.07746033027948754,0.07746033027948754
/Users/yti0811/Desktop/FE_data/npj_CM01/NPJ_CM_Fig_Python/Public_Reproducibility_Package_V01/npjcm-free-energy-surrogate_Re3/Python_Codes/table/snapshots_split/Al_700K_snap00018.extxyz,Al,700,Al__700,0.0312769938800422,-0.04854779250555729,-0.07982478638559949,0.07982478638559949
/Users/yti0811/Desktop/FE_data/npj_CM01/NPJ_CM_Fig_Python/Public_Reproducibility_Package_V01/npjcm-free-energy-surrogate_Re3/Python_Codes/table/snapshots_split/Al_700K_snap00019.extxyz,Al,700,Al__700,0.0305754465758284,-0.04534981225833408,-0.07592525883416248,0.07592525883416248
/Users/yti0811/Desktop/FE_data/npj_CM01/NPJ_CM_Fig_Python/Public_Reproducibility_Package_V01/npjcm-free-energy-surrogate_Re3/Python_Codes/table/snapshots_split/Al_700K_snap00020.extxyz,Al,700,Al__700,0.0312357014045881,-0.04734222504267939,-0.0785779264472675,0.0785779264472675
/Users/yti0811/Desktop/FE_data/npj_CM01/NPJ_CM_Fig_Python/Public_Reproducibility_Package_V01/npjcm-free-energy-surrogate_Re3/Python_Codes/table/snapshots_split/Al_700K_snap00021.extxyz,Al,700,Al__700,0.0313557408700976,-0.047403546316220874,-0.07875928718631847,0.07875928718631847
/Users/yti0811/Desktop/FE_data/npj_CM01/NPJ_CM_Fig_Python/Public_Reproducibility_Package_V01/npjcm-free-energy-surrogate_Re3/Python_Codes/table/snapshots_split/Al_700K_snap00022.extxyz,Al,700,Al__700,0.0304893350851739,-0.045683990822299285,-0.07617332590747318,0.07617332590747318
/Users/yti0811/Desktop/FE_data/npj_CM01/NPJ_CM_Fig_Python/Public_Reproducibility_Package_V01/npjcm-free-energy-surrogate_Re3/Python_Codes/table/snapshots_split/Al_700K_snap00023.extxyz,Al,700,Al__700,0.0306620363690933,-0.048103267036424244,-0.07876530340551754,0.07876530340551754
/Users/yti0811/Desktop/FE_data/npj_CM01/NPJ_CM_Fig_Python/Public_Reproducibility_Package_V01/npjcm-free-energy-surrogate_Re3/Python_Codes/table/snapshots_split/Al_700K_snap00024.extxyz,Al,700,Al__700,0.0312659086456722,-0.0470763164577395,-0.0783422251034117,0.0783422251034117
/Users/yti0811/Desktop/FE_data/npj_CM01/NPJ_CM_Fig_Python/Public_Reproducibility_Package_V01/npjcm-free-energy-surrogate_Re3/Python_Codes/table/snapshots_split/Al_700K_snap00025.extxyz,Al,700,Al__700,0.0308244308406003,-0.0470332110902192,-0.0778576419308195,0.0778576419308195
/Users/yti0811/Desktop/FE_data/npj_CM01/NPJ_CM_Fig_Python/Public_Reproducibility_Package_V01/npjcm-free-energy-surrogate_Re3/Python_Codes/table/snapshots_split/Al_700K_snap00026.extxyz,Al,700,Al__700,0.0311544813302771,-0.04669634997482495,-0.07785083130510205,0.07785083130510205
/Users/yti0811/Desktop/FE_data/npj_CM01/NPJ_CM_Fig_Python/Public_Reproducibility_Package_V01/npjcm-free-energy-surrogate_Re3/Python_Codes/table/snapshots_split/Al_700K_snap00027.extxyz,Al,700,Al__700,0.0310125424944199,-0.04729202524615486,-0.07830456774057476,0.07830456774057476
/Users/yti0811/Desktop/FE_data/npj_CM01/NPJ_CM_Fig_Python/Public_Reproducibility_Package_V01/npjcm-free-energy-surrogate_Re3/Python_Codes/table/snapshots_split/Al_700K_snap00028.extxyz,Al,700,Al__700,0.0305665672801013,-0.04731908360019087,-0.07788565088029217,0.07788565088029217
/Users/yti0811/Desktop/FE_data/npj_CM01/NPJ_CM_Fig_Python/Public_Reproducibility_Package_V01/npjcm-free-energy-surrogate_Re3/Python_Codes/table/snapshots_split/Al_700K_snap00029.extxyz,Al,700,Al__700,0.0308750591703884,-0.04605329374864322,-0.07692835291903162,0.07692835291903162
/Users/yti0811/Desktop/FE_data/npj_CM01/NPJ_CM_Fig_Python/Public_Reproducibility_Package_V01/npjcm-free-energy-surrogate_Re3/Python_Codes/table/snapshots_split/Al_700K_snap00030.extxyz,Al,700,Al__700,0.0309805666226264,-0.04453917354760812,-0.07551974017023452,0.07551974017023452
/Users/yti0811/Desktop/FE_data/npj_CM01/NPJ_CM_Fig_Python/Public_Reproducibility_Package_V01/npjcm-free-energy-surrogate_Re3/Python_Codes/table/snapshots_split/Al_700K_snap00031.extxyz,Al,700,Al__700,0.031143367132229,-0.04704298598432179,-0.0781863531165508,0.0781863531165508
/Users/yti0811/Desktop/FE_data/npj_CM01/NPJ_CM_Fig_Python/Public_Reproducibility_Package_V01/npjcm-free-energy-surrogate_Re3/Python_Codes/table/snapshots_split/Al_700K_snap00032.extxyz,Al,700,Al__700,0.031431171900876,-0.04490674467623633,-0.07633791657711234,0.07633791657711234
/Users/yti0811/Desktop/FE_data/npj_CM01/NPJ_CM_Fig_Python/Public_Reproducibility_Package_V01/npjcm-free-energy-surrogate_Re3/Python_Codes/table/snapshots_split/Al_700K_snap00033.extxyz,Al,700,Al__700,0.0301878768412663,-0.04600459320531547,-0.07619247004658176,0.07619247004658176
/Users/yti0811/Desktop/FE_data/npj_CM01/NPJ_CM_Fig_Python/Public_Reproducibility_Package_V01/npjcm-free-energy-surrogate_Re3/Python_Codes/table/snapshots_split/Al_700K_snap00034.extxyz,Al,700,Al__700,0.0308143039823119,-0.048586722397853964,-0.07940102638016586,0.07940102638016586
/Users/yti0811/Desktop/FE_data/npj_CM01/NPJ_CM_Fig_Python/Public_Reproducibility_Package_V01/npjcm-free-energy-surrogate_Re3/Python_Codes/table/snapshots_split/Al_700K_snap00035.extxyz,Al,700,Al__700,0.0307549026534424,-0.0436803674836589,-0.0744352701371013,0.0744352701371013
/Users/yti0811/Desktop/FE_data/npj_CM01/NPJ_CM_Fig_Python/Public_Reproducibility_Package_V01/npjcm-free-energy-surrogate_Re3/Python_Codes/table/snapshots_split/Al_700K_snap00036.extxyz,Al,700,Al__700,0.030943478761871,-0.04696057970075342,-0.07790405846262442,0.07790405846262442
/Users/yti0811/Desktop/FE_data/npj_CM01/NPJ_CM_Fig_Python/Public_Reproducibility_Package_V01/npjcm-free-energy-surrogate_Re3/Python_Codes/table/snapshots_split/Al_700K_snap00037.extxyz,Al,700,Al__700,0.0307487537500258,-0.047728384650644405,-0.07847713840067021,0.07847713840067021
/Users/yti0811/Desktop/FE_data/npj_CM01/NPJ_CM_Fig_Python/Public_Reproducibility_Package_V01/npjcm-free-energy-surrogate_Re3/Python_Codes/table/snapshots_split/Al_700K_snap00038.extxyz,Al,700,Al__700,0.0307039478829155,-0.04761435766197256,-0.07831830554488806,0.07831830554488806
/Users/yti0811/Desktop/FE_data/npj_CM01/NPJ_CM_Fig_Python/Public_Reproducibility_Package_V01/npjcm-free-energy-surrogate_Re3/Python_Codes/table/snapshots_split/Al_700K_snap00039.extxyz,Al,700,Al__700,0.0308916125281196,-0.046441687136243755,-0.07733329966436335,0.07733329966436335
/Users/yti0811/Desktop/FE_data/npj_CM01/NPJ_CM_Fig_Python/Public_Reproducibility_Package_V01/npjcm-free-energy-surrogate_Re3/Python_Codes/table/snapshots_split/Al_700K_snap00040.extxyz,Al,700,Al__700,0.030733448847798,-0.04688362143828109,-0.07761707028607909,0.07761707028607909
/Users/yti0811/Desktop/FE_data/npj_CM01/NPJ_CM_Fig_Python/Public_Reproducibility_Package_V01/npjcm-free-energy-surrogate_Re3/Python_Codes/table/snapshots_split/Al_700K_snap00041.extxyz,Al,700,Al__700,0.0309146445049911,-0.0457646955948829,-0.076679340099874,0.076679340099874
/Users/yti0811/Desktop/FE_data/npj_CM01/NPJ_CM_Fig_Python/Public_Reproducibility_Package_V01/npjcm-free-energy-surrogate_Re3/Python_Codes/table/snapshots_split/Al_700K_snap00042.extxyz,Al,700,Al__700,0.0307822691291795,-0.04599179567326951,-0.07677406480244901,0.07677406480244901
/Users/yti0811/Desktop/FE_data/npj_CM01/NPJ_CM_Fig_Python/Public_Reproducibility_Package_V01/npjcm-free-energy-surrogate_Re3/Python_Codes/table/snapshots_split/Al_700K_snap00043.extxyz,Al,700,Al__700,0.0308215322594497,-0.045726308030834495,-0.07654784029028419,0.07654784029028419
/Users/yti0811/Desktop/FE_data/npj_CM01/NPJ_CM_Fig_Python/Public_Reproducibility_Package_V01/npjcm-free-energy-surrogate_Re3/Python_Codes/table/snapshots_split/Al_700K_snap00044.extxyz,Al,700,Al__700,0.0307364146165734,-0.04674066153194322,-0.07747707614851662,0.07747707614851662
/Users/yti0811/Desktop/FE_data/npj_CM01/NPJ_CM_Fig_Python/Public_Reproducibility_Package_V01/npjcm-free-energy-surrogate_Re3/Python_Codes/table/snapshots_split/Al_700K_snap00045.extxyz,Al,700,Al__700,0.0308223121168949,-0.04711432763124533,-0.07793663974814023,0.07793663974814023
/Users/yti0811/Desktop/FE_data/npj_CM01/NPJ_CM_Fig_Python/Public_Reproducibility_Package_V01/npjcm-free-energy-surrogate_Re3/Python_Codes/table/snapshots_split/Al_700K_snap00046.extxyz,Al,700,Al__700,0.0311619103727361,-0.045589636613365,-0.0767515469861011,0.0767515469861011
/Users/yti0811/Desktop/FE_data/npj_CM01/NPJ_CM_Fig_Python/Public_Reproducibility_Package_V01/npjcm-free-energy-surrogate_Re3/Python_Codes/table/snapshots_split/Al_700K_snap00047.extxyz,Al,700,Al__700,0.0310456544562563,-0.0478638403780778,-0.0789094948343341,0.0789094948343341
/Users/yti0811/Desktop/FE_data/npj_CM01/NPJ_CM_Fig_Python/Public_Reproducibility_Package_V01/npjcm-free-energy-surrogate_Re3/Python_Codes/table/snapshots_split/Al_700K_snap00048.extxyz,Al,700,Al__700,0.0308493825226528,-0.04653996075125682,-0.07738934327390962,0.07738934327390962
/Users/yti0811/Desktop/FE_data/npj_CM01/NPJ_CM_Fig_Python/Public_Reproducibility_Package_V01/npjcm-free-energy-surrogate_Re3/Python_Codes/table/snapshots_split/Al_700K_snap00049.extxyz,Al,700,Al__700,0.0303952971735855,-0.04661977826417909,-0.07701507543776459,0.07701507543776459
/Users/yti0811/Desktop/FE_data/npj_CM01/NPJ_CM_Fig_Python/Public_Reproducibility_Package_V01/npjcm-free-energy-surrogate_Re3/Python_Codes/table/snapshots_split/Al_700K_snap00050.extxyz,Al,700,Al__700,0.030615293023012,-0.046545023708674756,-0.07716031673168676,0.07716031673168676
/Users/yti0811/Desktop/FE_data/npj_CM01/NPJ_CM_Fig_Python/Public_Reproducibility_Package_V01/npjcm-free-energy-surrogate_Re3/Python_Codes/table/snapshots_split/Al_700K_snap00051.extxyz,Al,700,Al__700,0.031017793637483,-0.04730005654390035,-0.07831785018138335,0.07831785018138335
/Users/yti0811/Desktop/FE_data/npj_CM01/NPJ_CM_Fig_Python/Public_Reproducibility_Package_V01/npjcm-free-energy-surrogate_Re3/Python_Codes/table/snapshots_split/Al_700K_snap00052.extxyz,Al,700,Al__700,0.0312726244697672,-0.045975209579391454,-0.07724783404915866,0.07724783404915866
/Users/yti0811/Desktop/FE_data/npj_CM01/NPJ_CM_Fig_Python/Public_Reproducibility_Package_V01/npjcm-free-energy-surrogate_Re3/Python_Codes/table/snapshots_split/Al_700K_snap00053.extxyz,Al,700,Al__700,0.0307080378802447,-0.04596990577378846,-0.07667794365403316,0.07667794365403316
/Users/yti0811/Desktop/FE_data/npj_CM01/NPJ_CM_Fig_Python/Public_Reproducibility_Package_V01/npjcm-free-energy-surrogate_Re3/Python_Codes/table/snapshots_split/Al_700K_snap00054.extxyz,Al,700,Al__700,0.0306933355540798,-0.04325053260672559,-0.07394386816080539,0.07394386816080539
/Users/yti0811/Desktop/FE_data/npj_CM01/NPJ_CM_Fig_Python/Public_Reproducibility_Package_V01/npjcm-free-energy-surrogate_Re3/Python_Codes/table/snapshots_split/Al_700K_snap00055.extxyz,Al,700,Al__700,0.0310928457418059,-0.04740453186776369,-0.07849737760956958,0.07849737760956958
/Users/yti0811/Desktop/FE_data/npj_CM01/NPJ_CM_Fig_Python/Public_Reproducibility_Package_V01/npjcm-free-energy-surrogate_Re3/Python_Codes/table/snapshots_split/Al_700K_snap00056.extxyz,Al,700,Al__700,0.0307707185044699,-0.04681018693780677,-0.07758090544227667,0.07758090544227667
/Users/yti0811/Desktop/FE_data/npj_CM01/NPJ_CM_Fig_Python/Public_Reproducibility_Package_V01/npjcm-free-energy-surrogate_Re3/Python_Codes/table/snapshots_split/Al_700K_snap00057.extxyz,Al,700,Al__700,0.031200341425173,-0.04504186102710268,-0.07624220245227567,0.07624220245227567
/Users/yti0811/Desktop/FE_data/npj_CM01/NPJ_CM_Fig_Python/Public_Reproducibility_Package_V01/npjcm-free-energy-surrogate_Re3/Python_Codes/table/snapshots_split/Al_700K_snap00058.extxyz,Al,700,Al__700,0.030860841113727,-0.046456919573020464,-0.07731776068674746,0.07731776068674746
/Users/yti0811/Desktop/FE_data/npj_CM01/NPJ_CM_Fig_Python/Public_Reproducibility_Package_V01/npjcm-free-energy-surrogate_Re3/Python_Codes/table/snapshots_split/Al_700K_snap00059.extxyz,Al,700,Al__700,0.0306595586162322,-0.04922111607544789,-0.07988067469168009,0.07988067469168009
/Users/yti0811/Desktop/FE_data/npj_CM01/NPJ_CM_Fig_Python/Public_Reproducibility_Package_V01/npjcm-free-energy-surrogate_Re3/Python_Codes/table/snapshots_split/Al_700K_snap00060.extxyz,Al,700,Al__700,0.0315357247988846,-0.04648286340495705,-0.07801858820384165,0.07801858820384165
/Users/yti0811/Desktop/FE_data/npj_CM01/NPJ_CM_Fig_Python/Public_Reproducibility_Package_V01/npjcm-free-energy-surrogate_Re3/Python_Codes/table/snapshots_split/Al_700K_snap00061.extxyz,Al,700,Al__700,0.0312827956744266,-0.04807385868937354,-0.07935665436380014,0.07935665436380014
/Users/yti0811/Desktop/FE_data/npj_CM01/NPJ_CM_Fig_Python/Public_Reproducibility_Package_V01/npjcm-free-energy-surrogate_Re3/Python_Codes/table/snapshots_split/Al_700K_snap00062.extxyz,Al,700,Al__700,0.0300510122278513,-0.04773124152267323,-0.07778225375052453,0.07778225375052453
/Users/yti0811/Desktop/FE_data/npj_CM01/NPJ_CM_Fig_Python/Public_Reproducibility_Package_V01/npjcm-free-energy-surrogate_Re3/Python_Codes/table/snapshots_split/Al_700K_snap00063.extxyz,Al,700,Al__700,0.0310489082929262,-0.04917925859570786,-0.08022816688863406,0.08022816688863406
/Users/yti0811/Desktop/FE_data/npj_CM01/NPJ_CM_Fig_Python/Public_Reproducibility_Package_V01/npjcm-free-energy-surrogate_Re3/Python_Codes/table/snapshots_split/Al_700K_snap00064.extxyz,Al,700,Al__700,0.0309221651430634,-0.047272400277553785,-0.07819456542061719,0.07819456542061719
/Users/yti0811/Desktop/FE_data/npj_CM01/NPJ_CM_Fig_Python/Public_Reproducibility_Package_V01/npjcm-free-energy-surrogate_Re3/Python_Codes/table/snapshots_split/Al_700K_snap00065.extxyz,Al,700,Al__700,0.0305816656375007,-0.04686680093034412,-0.07744846656784482,0.07744846656784482
/Users/yti0811/Desktop/FE_data/npj_CM01/NPJ_CM_Fig_Python/Public_Reproducibility_Package_V01/npjcm-free-energy-surrogate_Re3/Python_Codes/table/snapshots_split/Al_700K_snap00066.extxyz,Al,700,Al__700,0.0309237410542769,-0.04654192937675253,-0.07746567043102942,0.07746567043102942
/Users/yti0811/Desktop/FE_data/npj_CM01/NPJ_CM_Fig_Python/Public_Reproducibility_Package_V01/npjcm-free-energy-surrogate_Re3/Python_Codes/table/snapshots_split/Al_700K_snap00067.extxyz,Al,700,Al__700,0.0303067673566429,-0.04826107695235127,-0.07856784430899416,0.07856784430899416
/Users/yti0811/Desktop/FE_data/npj_CM01/NPJ_CM_Fig_Python/Public_Reproducibility_Package_V01/npjcm-free-energy-surrogate_Re3/Python_Codes/table/snapshots_split/Al_700K_snap00068.extxyz,Al,700,Al__700,0.030879173460926,-0.04604632502438176,-0.07692549848530776,0.07692549848530776
/Users/yti0811/Desktop/FE_data/npj_CM01/NPJ_CM_Fig_Python/Public_Reproducibility_Package_V01/npjcm-free-energy-surrogate_Re3/Python_Codes/table/snapshots_split/Al_700K_snap00069.extxyz,Al,700,Al__700,0.0309744421478658,-0.044359216739767476,-0.07533365888763327,0.07533365888763327
/Users/yti0811/Desktop/FE_data/npj_CM01/NPJ_CM_Fig_Python/Public_Reproducibility_Package_V01/npjcm-free-energy-surrogate_Re3/Python_Codes/table/snapshots_split/Al_700K_snap00070.extxyz,Al,700,Al__700,0.030943296422701,-0.04613593031087881,-0.07707922673357981,0.07707922673357981
/Users/yti0811/Desktop/FE_data/npj_CM01/NPJ_CM_Fig_Python/Public_Reproducibility_Package_V01/npjcm-free-energy-surrogate_Re3/Python_Codes/table/snapshots_split/Al_700K_snap00071.extxyz,Al,700,Al__700,0.0310864942813105,-0.04359606674079035,-0.07468256102210084,0.07468256102210084
/Users/yti0811/Desktop/FE_data/npj_CM01/NPJ_CM_Fig_Python/Public_Reproducibility_Package_V01/npjcm-free-energy-surrogate_Re3/Python_Codes/table/snapshots_split/Al_700K_snap00072.extxyz,Al,700,Al__700,0.0303779211303448,-0.045471344118727074,-0.07584926524907187,0.07584926524907187
/Users/yti0811/Desktop/FE_data/npj_CM01/NPJ_CM_Fig_Python/Public_Reproducibility_Package_V01/npjcm-free-energy-surrogate_Re3/Python_Codes/table/snapshots_split/Al_700K_snap00073.extxyz,Al,700,Al__700,0.0307551226460488,-0.04445490346653805,-0.07521002611258684,0.07521002611258684
/Users/yti0811/Desktop/FE_data/npj_CM01/NPJ_CM_Fig_Python/Public_Reproducibility_Package_V01/npjcm-free-energy-surrogate_Re3/Python_Codes/table/snapshots_split/Al_700K_snap00074.extxyz,Al,700,Al__700,0.0312229256604455,-0.04744898658804323,-0.07867191224848873,0.07867191224848873
/Users/yti0811/Desktop/FE_data/npj_CM01/NPJ_CM_Fig_Python/Public_Reproducibility_Package_V01/npjcm-free-energy-surrogate_Re3/Python_Codes/table/snapshots_split/Al_700K_snap00075.extxyz,Al,700,Al__700,0.0310551967831135,-0.04767357583578799,-0.07872877261890149,0.07872877261890149
/Users/yti0811/Desktop/FE_data/npj_CM01/NPJ_CM_Fig_Python/Public_Reproducibility_Package_V01/npjcm-free-energy-surrogate_Re3/Python_Codes/table/snapshots_split/Al_700K_snap00076.extxyz,Al,700,Al__700,0.0310133841387168,-0.045205473093425784,-0.07621885723214258,0.07621885723214258
/Users/yti0811/Desktop/FE_data/npj_CM01/NPJ_CM_Fig_Python/Public_Reproducibility_Package_V01/npjcm-free-energy-surrogate_Re3/Python_Codes/table/snapshots_split/Al_700K_snap00077.extxyz,Al,700,Al__700,0.0306611371702073,-0.04710446061252217,-0.07776559778272947,0.07776559778272947
/Users/yti0811/Desktop/FE_data/npj_CM01/NPJ_CM_Fig_Python/Public_Reproducibility_Package_V01/npjcm-free-energy-surrogate_Re3/Python_Codes/table/snapshots_split/Al_700K_snap00078.extxyz,Al,700,Al__700,0.0308731197477708,-0.0478671639258904,-0.0787402836736612,0.0787402836736612
/Users/yti0811/Desktop/FE_data/npj_CM01/NPJ_CM_Fig_Python/Public_Reproducibility_Package_V01/npjcm-free-energy-surrogate_Re3/Python_Codes/table/snapshots_split/Al_700K_snap00079.extxyz,Al,700,Al__700,0.030482901613443,-0.045985671571134944,-0.07646857318457795,0.07646857318457795
/Users/yti0811/Desktop/FE_data/npj_CM01/NPJ_CM_Fig_Python/Public_Reproducibility_Package_V01/npjcm-free-energy-surrogate_Re3/Python_Codes/table/snapshots_split/Al_700K_snap00080.extxyz,Al,700,Al__700,0.0309063219228667,-0.04541486090970845,-0.07632118283257515,0.07632118283257515
/Users/yti0811/Desktop/FE_data/npj_CM01/NPJ_CM_Fig_Python/Public_Reproducibility_Package_V01/npjcm-free-energy-surrogate_Re3/Python_Codes/table/snapshots_split/Al_700K_snap00081.extxyz,Al,700,Al__700,0.0306082900659151,-0.0479266856871228,-0.0785349757530379,0.0785349757530379
/Users/yti0811/Desktop/FE_data/npj_CM01/NPJ_CM_Fig_Python/Public_Reproducibility_Package_V01/npjcm-free-energy-surrogate_Re3/Python_Codes/table/snapshots_split/Al_700K_snap00082.extxyz,Al,700,Al__700,0.0307690086445154,-0.04738127127332227,-0.07815027991783767,0.07815027991783767
/Users/yti0811/Desktop/FE_data/npj_CM01/NPJ_CM_Fig_Python/Public_Reproducibility_Package_V01/npjcm-free-energy-surrogate_Re3/Python_Codes/table/snapshots_split/Al_700K_snap00083.extxyz,Al,700,Al__700,0.0309085164046133,-0.046299188501663514,-0.07720770490627682,0.07720770490627682
/Users/yti0811/Desktop/FE_data/npj_CM01/NPJ_CM_Fig_Python/Public_Reproducibility_Package_V01/npjcm-free-energy-surrogate_Re3/Python_Codes/table/snapshots_split/Al_700K_snap00084.extxyz,Al,700,Al__700,0.0303713730280631,-0.04694126084015593,-0.07731263386821903,0.07731263386821903
/Users/yti0811/Desktop/FE_data/npj_CM01/NPJ_CM_Fig_Python/Public_Reproducibility_Package_V01/npjcm-free-energy-surrogate_Re3/Python_Codes/table/snapshots_split/Al_700K_snap00085.extxyz,Al,700,Al__700,0.031286278655667,-0.04661330462658884,-0.07789958328225584,0.07789958328225584
/Users/yti0811/Desktop/FE_data/npj_CM01/NPJ_CM_Fig_Python/Public_Reproducibility_Package_V01/npjcm-free-energy-surrogate_Re3/Python_Codes/table/snapshots_split/Al_700K_snap00086.extxyz,Al,700,Al__700,0.0306281496778998,-0.04867678064233182,-0.07930493032023161,0.07930493032023161
/Users/yti0811/Desktop/FE_data/npj_CM01/NPJ_CM_Fig_Python/Public_Reproducibility_Package_V01/npjcm-free-energy-surrogate_Re3/Python_Codes/table/snapshots_split/Al_700K_snap00087.extxyz,Al,700,Al__700,0.030963949043356,-0.047439566599508994,-0.07840351564286499,0.07840351564286499
/Users/yti0811/Desktop/FE_data/npj_CM01/NPJ_CM_Fig_Python/Public_Reproducibility_Package_V01/npjcm-free-energy-surrogate_Re3/Python_Codes/table/snapshots_split/Al_700K_snap00088.extxyz,Al,700,Al__700,0.0310131625720278,-0.0450418478084825,-0.0760550103805103,0.0760550103805103
/Users/yti0811/Desktop/FE_data/npj_CM01/NPJ_CM_Fig_Python/Public_Reproducibility_Package_V01/npjcm-free-energy-surrogate_Re3/Python_Codes/table/snapshots_split/Al_700K_snap00089.extxyz,Al,700,Al__700,0.0302447146849188,-0.04528442196857919,-0.07552913665349799,0.07552913665349799
/Users/yti0811/Desktop/FE_data/npj_CM01/NPJ_CM_Fig_Python/Public_Reproducibility_Package_V01/npjcm-free-energy-surrogate_Re3/Python_Codes/table/snapshots_split/Al_700K_snap00090.extxyz,Al,700,Al__700,0.0310375075701026,-0.046935923259965553,-0.07797343083006815,0.07797343083006815
/Users/yti0811/Desktop/FE_data/npj_CM01/NPJ_CM_Fig_Python/Public_Reproducibility_Package_V01/npjcm-free-energy-surrogate_Re3/Python_Codes/table/snapshots_split/Al_700K_snap00091.extxyz,Al,700,Al__700,0.030672171762509,-0.04627736213432363,-0.07694953389683262,0.07694953389683262
/Users/yti0811/Desktop/FE_data/npj_CM01/NPJ_CM_Fig_Python/Public_Reproducibility_Package_V01/npjcm-free-energy-surrogate_Re3/Python_Codes/table/snapshots_split/Al_700K_snap00092.extxyz,Al,700,Al__700,0.0305567388831738,-0.04647063018562389,-0.07702736906879769,0.07702736906879769
/Users/yti0811/Desktop/FE_data/npj_CM01/NPJ_CM_Fig_Python/Public_Reproducibility_Package_V01/npjcm-free-energy-surrogate_Re3/Python_Codes/table/snapshots_split/Al_700K_snap00093.extxyz,Al,700,Al__700,0.0309954353967943,-0.048502090251145887,-0.07949752564794019,0.07949752564794019
/Users/yti0811/Desktop/FE_data/npj_CM01/NPJ_CM_Fig_Python/Public_Reproducibility_Package_V01/npjcm-free-energy-surrogate_Re3/Python_Codes/table/snapshots_split/Al_700K_snap00094.extxyz,Al,700,Al__700,0.031157987546046,-0.04547969923390598,-0.07663768677995199,0.07663768677995199
/Users/yti0811/Desktop/FE_data/npj_CM01/NPJ_CM_Fig_Python/Public_Reproducibility_Package_V01/npjcm-free-energy-surrogate_Re3/Python_Codes/table/snapshots_split/Al_700K_snap00095.extxyz,Al,700,Al__700,0.0313209462807736,-0.04689289743559634,-0.07821384371636994,0.07821384371636994
/Users/yti0811/Desktop/FE_data/npj_CM01/NPJ_CM_Fig_Python/Public_Reproducibility_Package_V01/npjcm-free-energy-surrogate_Re3/Python_Codes/table/snapshots_split/Al_700K_snap00096.extxyz,Al,700,Al__700,0.0309289263362829,-0.04649792874722789,-0.0774268550835108,0.0774268550835108
/Users/yti0811/Desktop/FE_data/npj_CM01/NPJ_CM_Fig_Python/Public_Reproducibility_Package_V01/npjcm-free-energy-surrogate_Re3/Python_Codes/table/snapshots_split/Al_700K_snap00097.extxyz,Al,700,Al__700,0.0308944730642778,-0.04381072682245749,-0.0747051998867353,0.0747051998867353
/Users/yti0811/Desktop/FE_data/npj_CM01/NPJ_CM_Fig_Python/Public_Reproducibility_Package_V01/npjcm-free-energy-surrogate_Re3/Python_Codes/table/snapshots_split/Al_700K_snap00098.extxyz,Al,700,Al__700,0.0316958093220443,-0.04568270515882394,-0.07737851448086824,0.07737851448086824
/Users/yti0811/Desktop/FE_data/npj_CM01/NPJ_CM_Fig_Python/Public_Reproducibility_Package_V01/npjcm-free-energy-surrogate_Re3/Python_Codes/table/snapshots_split/Al_700K_snap00099.extxyz,Al,700,Al__700,0.0307912176426036,-0.04768919817841674,-0.07848041582102035,0.07848041582102035
