snapshot_path,system,temperature,group,target,prediction,error,abs_error,fold
/Users/yti0811/Desktop/FE_data/npj_CM01/NPJ_CM_Fig_Python/Public_Reproducibility_Package_V01/npjcm-free-energy-surrogate_Re3/Python_Codes/table/snapshots_split/alpha-TiAl_300K_snap00000.extxyz,alpha-TiAl,300,alpha-TiAl__300,-0.0004166660413323,0.0008138798115041348,0.0012305458528364347,0.0012305458528364347,0
/Users/yti0811/Desktop/FE_data/npj_CM01/NPJ_CM_Fig_Python/Public_Reproducibility_Package_V01/npjcm-free-energy-surrogate_Re3/Python_Codes/table/snapshots_split/alpha-TiAl_300K_snap00001.extxyz,alpha-TiAl,300,alpha-TiAl__300,9.961658588360146e-05,-0.00023534999781273276,-0.00033496658369633423,0.00033496658369633423,0
/Users/yti0811/Desktop/FE_data/npj_CM01/NPJ_CM_Fig_Python/Public_Reproducibility_Package_V01/npjcm-free-energy-surrogate_Re3/Python_Codes/table/snapshots_split/alpha-TiAl_300K_snap00002.extxyz,alpha-TiAl,300,alpha-TiAl__300,5.96743077861822e-05,-0.0018366882406957697,-0.0018963625484819519,0.0018963625484819519,0
/Users/yti0811/Desktop/FE_data/npj_CM01/NPJ_CM_Fig_Python/Public_Reproducibility_Package_V01/npjcm-free-energy-surrogate_Re3/Python_Codes/table/snapshots_split/alpha-TiAl_300K_snap00003.extxyz,alpha-TiAl,300,alpha-TiAl__300,-0.000346255209275,-0.0010122489888821694,-0.0006659937796071693,0.0006659937796071693,0
/Users/yti0811/Desktop/FE_data/npj_CM01/NPJ_CM_Fig_Python/Public_Reproducibility_Package_V01/npjcm-free-energy-surrogate_Re3/Python_Codes/table/snapshots_split/alpha-TiAl_300K_snap00004.extxyz,alpha-TiAl,300,alpha-TiAl__300,-5.751213234685028e-05,-0.00039133808952015954,-0.00033382595717330925,0.00033382595717330925,0
/Users/yti0811/Desktop/FE_data/npj_CM01/NPJ_CM_Fig_Python/Public_Reproducibility_Package_V01/npjcm-free-energy-surrogate_Re3/Python_Codes/table/snapshots_split/alpha-TiAl_300K_snap00005.extxyz,alpha-TiAl,300,alpha-TiAl__300,7.288008400006926e-05,0.0022475104235747194,0.00217463033957465,0.00217463033957465,0
/Users/yti0811/Desktop/FE_data/npj_CM01/NPJ_CM_Fig_Python/Public_Reproducibility_Package_V01/npjcm-free-energy-surrogate_Re3/Python_Codes/table/snapshots_split/alpha-TiAl_300K_snap00006.extxyz,alpha-TiAl,300,alpha-TiAl__300,3.860960091493891e-05,-0.00014974561811497073,-0.00018835521902990963,0.00018835521902990963,0
/Users/yti0811/Desktop/FE_data/npj_CM01/NPJ_CM_Fig_Python/Public_Reproducibility_Package_V01/npjcm-free-energy-surrogate_Re3/Python_Codes/table/snapshots_split/alpha-TiAl_300K_snap00007.extxyz,alpha-TiAl,300,alpha-TiAl__300,0.0001245022827272,-0.0007035250991231682,-0.0008280273818503682,0.0008280273818503682,0
/Users/yti0811/Desktop/FE_data/npj_CM01/NPJ_CM_Fig_Python/Public_Reproducibility_Package_V01/npjcm-free-energy-surrogate_Re3/Python_Codes/table/snapshots_split/alpha-TiAl_300K_snap00008.extxyz,alpha-TiAl,300,alpha-TiAl__300,7.900829039210146e-05,0.0008130531283732195,0.000734044837981118,0.000734044837981118,0
/Users/yti0811/Desktop/FE_data/npj_CM01/NPJ_CM_Fig_Python/Public_Reproducibility_Package_V01/npjcm-free-energy-surrogate_Re3/Python_Codes/table/snapshots_split/alpha-TiAl_300K_snap00009.extxyz,alpha-TiAl,300,alpha-TiAl__300,0.0002218276714088,0.0006657716740612363,0.0004439440026524363,0.0004439440026524363,0
/Users/yti0811/Desktop/FE_data/npj_CM01/NPJ_CM_Fig_Python/Public_Reproducibility_Package_V01/npjcm-free-energy-surrogate_Re3/Python_Codes/table/snapshots_split/alpha-TiAl_300K_snap00010.extxyz,alpha-TiAl,300,alpha-TiAl__300,-0.0001255620793281,-0.0011401026091133648,-0.001014540529785265,0.001014540529785265,0
/Users/yti0811/Desktop/FE_data/npj_CM01/NPJ_CM_Fig_Python/Public_Reproducibility_Package_V01/npjcm-free-energy-surrogate_Re3/Python_Codes/table/snapshots_split/alpha-TiAl_300K_snap00011.extxyz,alpha-TiAl,300,alpha-TiAl__300,2.1827933366230597e-06,0.0009743715432546661,0.000972188749918043,0.000972188749918043,0
/Users/yti0811/Desktop/FE_data/npj_CM01/NPJ_CM_Fig_Python/Public_Reproducibility_Package_V01/npjcm-free-energy-surrogate_Re3/Python_Codes/table/snapshots_split/alpha-TiAl_300K_snap00012.extxyz,alpha-TiAl,300,alpha-TiAl__300,-0.0002297512203886,0.0005713321971803875,0.0008010834175689875,0.0008010834175689875,0
/Users/yti0811/Desktop/FE_data/npj_CM01/NPJ_CM_Fig_Python/Public_Reproducibility_Package_V01/npjcm-free-energy-surrogate_Re3/Python_Codes/table/snapshots_split/alpha-TiAl_300K_snap00013.extxyz,alpha-TiAl,300,alpha-TiAl__300,-3.381435128137102e-05,-0.001108796098030262,-0.001074981746748891,0.001074981746748891,0
/Users/yti0811/Desktop/FE_data/npj_CM01/NPJ_CM_Fig_Python/Public_Reproducibility_Package_V01/npjcm-free-energy-surrogate_Re3/Python_Codes/table/snapshots_split/alpha-TiAl_300K_snap00014.extxyz,alpha-TiAl,300,alpha-TiAl__300,5.2492563017523795e-05,0.0002645494004161615,0.0002120568373986377,0.0002120568373986377,0
/Users/yti0811/Desktop/FE_data/npj_CM01/NPJ_CM_Fig_Python/Public_Reproducibility_Package_V01/npjcm-free-energy-surrogate_Re3/Python_Codes/table/snapshots_split/alpha-TiAl_300K_snap00015.extxyz,alpha-TiAl,300,alpha-TiAl__300,-9.92413837958134e-05,0.00035376961233751856,0.00045301099613333196,0.00045301099613333196,0
/Users/yti0811/Desktop/FE_data/npj_CM01/NPJ_CM_Fig_Python/Public_Reproducibility_Package_V01/npjcm-free-energy-surrogate_Re3/Python_Codes/table/snapshots_split/alpha-TiAl_300K_snap00016.extxyz,alpha-TiAl,300,alpha-TiAl__300,1.568095894320774e-05,0.0003692789136853094,0.00035359795474210166,0.00035359795474210166,0
/Users/yti0811/Desktop/FE_data/npj_CM01/NPJ_CM_Fig_Python/Public_Reproducibility_Package_V01/npjcm-free-energy-surrogate_Re3/Python_Codes/table/snapshots_split/alpha-TiAl_300K_snap00017.extxyz,alpha-TiAl,300,alpha-TiAl__300,-0.0001346247252347,0.0013448233330100958,0.0014794480582447959,0.0014794480582447959,0
/Users/yti0811/Desktop/FE_data/npj_CM01/NPJ_CM_Fig_Python/Public_Reproducibility_Package_V01/npjcm-free-energy-surrogate_Re3/Python_Codes/table/snapshots_split/alpha-TiAl_300K_snap00018.extxyz,alpha-TiAl,300,alpha-TiAl__300,-0.0001028151899215,0.0016803889566667824,0.0017832041465882824,0.0017832041465882824,0
/Users/yti0811/Desktop/FE_data/npj_CM01/NPJ_CM_Fig_Python/Public_Reproducibility_Package_V01/npjcm-free-energy-surrogate_Re3/Python_Codes/table/snapshots_split/alpha-TiAl_300K_snap00019.extxyz,alpha-TiAl,300,alpha-TiAl__300,-0.0001378544946226,-0.0017707812036736954,-0.0016329267090510954,0.0016329267090510954,0
/Users/yti0811/Desktop/FE_data/npj_CM01/NPJ_CM_Fig_Python/Public_Reproducibility_Package_V01/npjcm-free-energy-surrogate_Re3/Python_Codes/table/snapshots_split/alpha-TiAl_300K_snap00020.extxyz,alpha-TiAl,300,alpha-TiAl__300,-1.5659589058926742e-05,0.0009977692743177108,0.0010134288633766376,0.0010134288633766376,0
/Users/yti0811/Desktop/FE_data/npj_CM01/NPJ_CM_Fig_Python/Public_Reproducibility_Package_V01/npjcm-free-energy-surrogate_Re3/Python_Codes/table/snapshots_split/alpha-TiAl_300K_snap00021.extxyz,alpha-TiAl,300,alpha-TiAl__300,-0.0002417644391745,-0.000983346384404314,-0.000741581945229814,0.000741581945229814,0
/Users/yti0811/Desktop/FE_data/npj_CM01/NPJ_CM_Fig_Python/Public_Reproducibility_Package_V01/npjcm-free-energy-surrogate_Re3/Python_Codes/table/snapshots_split/alpha-TiAl_300K_snap00022.extxyz,alpha-TiAl,300,alpha-TiAl__300,-4.195285107634507e-05,-0.0012358546419370237,-0.0011939017908606786,0.0011939017908606786,0
/Users/yti0811/Desktop/FE_data/npj_CM01/NPJ_CM_Fig_Python/Public_Reproducibility_Package_V01/npjcm-free-energy-surrogate_Re3/Python_Codes/table/snapshots_split/alpha-TiAl_300K_snap00023.extxyz,alpha-TiAl,300,alpha-TiAl__300,-0.0001798856375701,0.0002160815400221672,0.00039596717759226717,0.00039596717759226717,0
/Users/yti0811/Desktop/FE_data/npj_CM01/NPJ_CM_Fig_Python/Public_Reproducibility_Package_V01/npjcm-free-energy-surrogate_Re3/Python_Codes/table/snapshots_split/alpha-TiAl_300K_snap00024.extxyz,alpha-TiAl,300,alpha-TiAl__300,9.974558300940149e-05,-0.0003737122262088916,-0.00047345780921829306,0.00047345780921829306,0
/Users/yti0811/Desktop/FE_data/npj_CM01/NPJ_CM_Fig_Python/Public_Reproducibility_Package_V01/npjcm-free-energy-surrogate_Re3/Python_Codes/table/snapshots_split/alpha-TiAl_300K_snap00025.extxyz,alpha-TiAl,300,alpha-TiAl__300,-0.0001323183727524,-0.0013624498141113677,-0.0012301314413589678,0.0012301314413589678,0
/Users/yti0811/Desktop/FE_data/npj_CM01/NPJ_CM_Fig_Python/Public_Reproducibility_Package_V01/npjcm-free-energy-surrogate_Re3/Python_Codes/table/snapshots_split/alpha-TiAl_300K_snap00026.extxyz,alpha-TiAl,300,alpha-TiAl__300,-0.0001487864330918,-7.377367333452568e-05,7.501275975727433e-05,7.501275975727433e-05,0
/Users/yti0811/Desktop/FE_data/npj_CM01/NPJ_CM_Fig_Python/Public_Reproducibility_Package_V01/npjcm-free-energy-surrogate_Re3/Python_Codes/table/snapshots_split/alpha-TiAl_300K_snap00027.extxyz,alpha-TiAl,300,alpha-TiAl__300,9.543430160110148e-05,-8.554221320862922e-06,-0.0001039885229219644,0.0001039885229219644,0
/Users/yti0811/Desktop/FE_data/npj_CM01/NPJ_CM_Fig_Python/Public_Reproducibility_Package_V01/npjcm-free-energy-surrogate_Re3/Python_Codes/table/snapshots_split/alpha-TiAl_300K_snap00028.extxyz,alpha-TiAl,300,alpha-TiAl__300,-0.0001455517819777,-5.389014275299976e-06,0.00014016276770240001,0.00014016276770240001,0
/Users/yti0811/Desktop/FE_data/npj_CM01/NPJ_CM_Fig_Python/Public_Reproducibility_Package_V01/npjcm-free-energy-surrogate_Re3/Python_Codes/table/snapshots_split/alpha-TiAl_300K_snap00029.extxyz,alpha-TiAl,300,alpha-TiAl__300,6.841789410892406e-06,0.001036421456215309,0.0010295796668044167,0.0010295796668044167,0
/Users/yti0811/Desktop/FE_data/npj_CM01/NPJ_CM_Fig_Python/Public_Reproducibility_Package_V01/npjcm-free-energy-surrogate_Re3/Python_Codes/table/snapshots_split/alpha-TiAl_300K_snap00030.extxyz,alpha-TiAl,300,alpha-TiAl__300,-8.451757372863912e-05,0.0008381206783377855,0.0009226382520664246,0.0009226382520664246,0
/Users/yti0811/Desktop/FE_data/npj_CM01/NPJ_CM_Fig_Python/Public_Reproducibility_Package_V01/npjcm-free-energy-surrogate_Re3/Python_Codes/table/snapshots_split/alpha-TiAl_300K_snap00031.extxyz,alpha-TiAl,300,alpha-TiAl__300,-5.678550184708032e-05,7.120167417416171e-05,0.00012798717602124205,0.00012798717602124205,0
/Users/yti0811/Desktop/FE_data/npj_CM01/NPJ_CM_Fig_Python/Public_Reproducibility_Package_V01/npjcm-free-energy-surrogate_Re3/Python_Codes/table/snapshots_split/alpha-TiAl_300K_snap00032.extxyz,alpha-TiAl,300,alpha-TiAl__300,2.9644539547000732e-05,-0.0006147866152095821,-0.0006444311547565829,0.0006444311547565829,0
/Users/yti0811/Desktop/FE_data/npj_CM01/NPJ_CM_Fig_Python/Public_Reproducibility_Package_V01/npjcm-free-energy-surrogate_Re3/Python_Codes/table/snapshots_split/alpha-TiAl_300K_snap00033.extxyz,alpha-TiAl,300,alpha-TiAl__300,9.151946603960146e-05,0.0009695173867725492,0.0008779979207329478,0.0008779979207329478,0
/Users/yti0811/Desktop/FE_data/npj_CM01/NPJ_CM_Fig_Python/Public_Reproducibility_Package_V01/npjcm-free-energy-surrogate_Re3/Python_Codes/table/snapshots_split/alpha-TiAl_300K_snap00034.extxyz,alpha-TiAl,300,alpha-TiAl__300,6.673991584836668e-05,-0.00036382918075832376,-0.0004305690966066904,0.0004305690966066904,0
/Users/yti0811/Desktop/FE_data/npj_CM01/NPJ_CM_Fig_Python/Public_Reproducibility_Package_V01/npjcm-free-energy-surrogate_Re3/Python_Codes/table/snapshots_split/alpha-TiAl_300K_snap00035.extxyz,alpha-TiAl,300,alpha-TiAl__300,-9.900846121592312e-05,0.001251014748255981,0.0013500232094719041,0.0013500232094719041,0
/Users/yti0811/Desktop/FE_data/npj_CM01/NPJ_CM_Fig_Python/Public_Reproducibility_Package_V01/npjcm-free-energy-surrogate_Re3/Python_Codes/table/snapshots_split/alpha-TiAl_300K_snap00036.extxyz,alpha-TiAl,300,alpha-TiAl__300,0.0001651590978045,-0.0004646862912661806,-0.0006298453890706806,0.0006298453890706806,0
/Users/yti0811/Desktop/FE_data/npj_CM01/NPJ_CM_Fig_Python/Public_Reproducibility_Package_V01/npjcm-free-energy-surrogate_Re3/Python_Codes/table/snapshots_split/alpha-TiAl_300K_snap00037.extxyz,alpha-TiAl,300,alpha-TiAl__300,-1.0049147458736656e-05,0.0018618279740471658,0.0018718771215059024,0.0018718771215059024,0
/Users/yti0811/Desktop/FE_data/npj_CM01/NPJ_CM_Fig_Python/Public_Reproducibility_Package_V01/npjcm-free-energy-surrogate_Re3/Python_Codes/table/snapshots_split/alpha-TiAl_300K_snap00038.extxyz,alpha-TiAl,300,alpha-TiAl__300,8.122473945910146e-05,0.0004277609456320063,0.00034653620617290486,0.00034653620617290486,0
/Users/yti0811/Desktop/FE_data/npj_CM01/NPJ_CM_Fig_Python/Public_Reproducibility_Package_V01/npjcm-free-energy-surrogate_Re3/Python_Codes/table/snapshots_split/alpha-TiAl_300K_snap00039.extxyz,alpha-TiAl,300,alpha-TiAl__300,3.4997869691509297e-05,-0.0006232535649682209,-0.0006582514346597302,0.0006582514346597302,0
/Users/yti0811/Desktop/FE_data/npj_CM01/NPJ_CM_Fig_Python/Public_Reproducibility_Package_V01/npjcm-free-energy-surrogate_Re3/Python_Codes/table/snapshots_split/alpha-TiAl_300K_snap00040.extxyz,alpha-TiAl,300,alpha-TiAl__300,6.857034185824117e-05,9.76918115333529e-05,2.912146967511173e-05,2.912146967511173e-05,0
/Users/yti0811/Desktop/FE_data/npj_CM01/NPJ_CM_Fig_Python/Public_Reproducibility_Package_V01/npjcm-free-energy-surrogate_Re3/Python_Codes/table/snapshots_split/alpha-TiAl_300K_snap00041.extxyz,alpha-TiAl,300,alpha-TiAl__300,6.21016336527097e-05,-0.0005648438969344835,-0.0006269455305871932,0.0006269455305871932,0
/Users/yti0811/Desktop/FE_data/npj_CM01/NPJ_CM_Fig_Python/Public_Reproducibility_Package_V01/npjcm-free-energy-surrogate_Re3/Python_Codes/table/snapshots_split/alpha-TiAl_300K_snap00042.extxyz,alpha-TiAl,300,alpha-TiAl__300,9.859071001490148e-05,-0.0004626625305409568,-0.0005612532405558583,0.0005612532405558583,0
/Users/yti0811/Desktop/FE_data/npj_CM01/NPJ_CM_Fig_Python/Public_Reproducibility_Package_V01/npjcm-free-energy-surrogate_Re3/Python_Codes/table/snapshots_split/alpha-TiAl_300K_snap00043.extxyz,alpha-TiAl,300,alpha-TiAl__300,-3.501512346438975e-05,0.0015947380449309943,0.001629753168395384,0.001629753168395384,0
/Users/yti0811/Desktop/FE_data/npj_CM01/NPJ_CM_Fig_Python/Public_Reproducibility_Package_V01/npjcm-free-energy-surrogate_Re3/Python_Codes/table/snapshots_split/alpha-TiAl_300K_snap00044.extxyz,alpha-TiAl,300,alpha-TiAl__300,-0.0001521540043998,0.00037138680491192674,0.0005235408093117268,0.0005235408093117268,0
/Users/yti0811/Desktop/FE_data/npj_CM01/NPJ_CM_Fig_Python/Public_Reproducibility_Package_V01/npjcm-free-energy-surrogate_Re3/Python_Codes/table/snapshots_split/alpha-TiAl_300K_snap00045.extxyz,alpha-TiAl,300,alpha-TiAl__300,-6.320635510238705e-05,-0.0015136230583633666,-0.0014504167032609796,0.0014504167032609796,0
/Users/yti0811/Desktop/FE_data/npj_CM01/NPJ_CM_Fig_Python/Public_Reproducibility_Package_V01/npjcm-free-energy-surrogate_Re3/Python_Codes/table/snapshots_split/alpha-TiAl_300K_snap00046.extxyz,alpha-TiAl,300,alpha-TiAl__300,0.0002140606198513,-0.0004999016565052602,-0.0007139622763565602,0.0007139622763565602,0
/Users/yti0811/Desktop/FE_data/npj_CM01/NPJ_CM_Fig_Python/Public_Reproducibility_Package_V01/npjcm-free-energy-surrogate_Re3/Python_Codes/table/snapshots_split/alpha-TiAl_300K_snap00047.extxyz,alpha-TiAl,300,alpha-TiAl__300,-7.580845623390732e-05,-0.00023664479911118363,-0.0001608363428772763,0.0001608363428772763,0
/Users/yti0811/Desktop/FE_data/npj_CM01/NPJ_CM_Fig_Python/Public_Reproducibility_Package_V01/npjcm-free-energy-surrogate_Re3/Python_Codes/table/snapshots_split/alpha-TiAl_300K_snap00048.extxyz,alpha-TiAl,300,alpha-TiAl__300,0.0001631059010834,0.001807228374735358,0.001644122473651958,0.001644122473651958,0
/Users/yti0811/Desktop/FE_data/npj_CM01/NPJ_CM_Fig_Python/Public_Reproducibility_Package_V01/npjcm-free-energy-surrogate_Re3/Python_Codes/table/snapshots_split/alpha-TiAl_300K_snap00049.extxyz,alpha-TiAl,300,alpha-TiAl__300,0.0001353780560296,-0.0012477357817221725,-0.0013831138377517725,0.0013831138377517725,0
/Users/yti0811/Desktop/FE_data/npj_CM01/NPJ_CM_Fig_Python/Public_Reproducibility_Package_V01/npjcm-free-energy-surrogate_Re3/Python_Codes/table/snapshots_split/alpha-TiAl_300K_snap00050.extxyz,alpha-TiAl,300,alpha-TiAl__300,7.648902873240146e-05,0.0013614916020658722,0.0012850025733334707,0.0012850025733334707,0
/Users/yti0811/Desktop/FE_data/npj_CM01/NPJ_CM_Fig_Python/Public_Reproducibility_Package_V01/npjcm-free-energy-surrogate_Re3/Python_Codes/table/snapshots_split/alpha-TiAl_300K_snap00051.extxyz,alpha-TiAl,300,alpha-TiAl__300,-4.230644356052639e-05,-0.0008530407406823507,-0.0008107342971218243,0.0008107342971218243,0
/Users/yti0811/Desktop/FE_data/npj_CM01/NPJ_CM_Fig_Python/Public_Reproducibility_Package_V01/npjcm-free-energy-surrogate_Re3/Python_Codes/table/snapshots_split/alpha-TiAl_300K_snap00052.extxyz,alpha-TiAl,300,alpha-TiAl__300,0.0001217156903659,-0.0009036475106003909,-0.001025363200966291,0.001025363200966291,0
/Users/yti0811/Desktop/FE_data/npj_CM01/NPJ_CM_Fig_Python/Public_Reproducibility_Package_V01/npjcm-free-energy-surrogate_Re3/Python_Codes/table/snapshots_split/alpha-TiAl_300K_snap00053.extxyz,alpha-TiAl,300,alpha-TiAl__300,-0.0001357053170667,0.00033981187193480244,0.00047551718900150244,0.00047551718900150244,0
/Users/yti0811/Desktop/FE_data/npj_CM01/NPJ_CM_Fig_Python/Public_Reproducibility_Package_V01/npjcm-free-energy-surrogate_Re3/Python_Codes/table/snapshots_split/alpha-TiAl_300K_snap00054.extxyz,alpha-TiAl,300,alpha-TiAl__300,0.0001458615059467,-0.001683430736159783,-0.001829292242106483,0.001829292242106483,0
/Users/yti0811/Desktop/FE_data/npj_CM01/NPJ_CM_Fig_Python/Public_Reproducibility_Package_V01/npjcm-free-energy-surrogate_Re3/Python_Codes/table/snapshots_split/alpha-TiAl_300K_snap00055.extxyz,alpha-TiAl,300,alpha-TiAl__300,-3.905557878848444e-05,-0.001790664652587114,-0.0017516090737986296,0.0017516090737986296,0
/Users/yti0811/Desktop/FE_data/npj_CM01/NPJ_CM_Fig_Python/Public_Reproducibility_Package_V01/npjcm-free-energy-surrogate_Re3/Python_Codes/table/snapshots_split/alpha-TiAl_300K_snap00056.extxyz,alpha-TiAl,300,alpha-TiAl__300,-0.0001654004506615,-0.00032683817458182423,-0.00016143772392032425,0.00016143772392032425,0
/Users/yti0811/Desktop/FE_data/npj_CM01/NPJ_CM_Fig_Python/Public_Reproducibility_Package_V01/npjcm-free-energy-surrogate_Re3/Python_Codes/table/snapshots_split/alpha-TiAl_300K_snap00057.extxyz,alpha-TiAl,300,alpha-TiAl__300,0.0002260006348467,0.000533761218193512,0.00030776058334681196,0.00030776058334681196,0
/Users/yti0811/Desktop/FE_data/npj_CM01/NPJ_CM_Fig_Python/Public_Reproducibility_Package_V01/npjcm-free-energy-surrogate_Re3/Python_Codes/table/snapshots_split/alpha-TiAl_300K_snap00058.extxyz,alpha-TiAl,300,alpha-TiAl__300,-0.0001032546793379,0.000394985159437433,0.000498239838775333,0.000498239838775333,0
/Users/yti0811/Desktop/FE_data/npj_CM01/NPJ_CM_Fig_Python/Public_Reproducibility_Package_V01/npjcm-free-energy-surrogate_Re3/Python_Codes/table/snapshots_split/alpha-TiAl_300K_snap00059.extxyz,alpha-TiAl,300,alpha-TiAl__300,0.0001679073153682,-0.0006050259727265569,-0.0007729332880947569,0.0007729332880947569,0
/Users/yti0811/Desktop/FE_data/npj_CM01/NPJ_CM_Fig_Python/Public_Reproducibility_Package_V01/npjcm-free-energy-surrogate_Re3/Python_Codes/table/snapshots_split/alpha-TiAl_300K_snap00060.extxyz,alpha-TiAl,300,alpha-TiAl__300,-6.19620861842657e-05,-0.0016431897491092054,-0.0015812276629249397,0.0015812276629249397,0
/Users/yti0811/Desktop/FE_data/npj_CM01/NPJ_CM_Fig_Python/Public_Reproducibility_Package_V01/npjcm-free-energy-surrogate_Re3/Python_Codes/table/snapshots_split/alpha-TiAl_300K_snap00061.extxyz,alpha-TiAl,300,alpha-TiAl__300,-5.226461977660025e-05,-0.0006287094688420302,-0.0005764448490654299,0.0005764448490654299,0
/Users/yti0811/Desktop/FE_data/npj_CM01/NPJ_CM_Fig_Python/Public_Reproducibility_Package_V01/npjcm-free-energy-surrogate_Re3/Python_Codes/table/snapshots_split/alpha-TiAl_300K_snap00062.extxyz,alpha-TiAl,300,alpha-TiAl__300,-0.000193313040699,-0.0002760810060959798,-8.276796539697981e-05,8.276796539697981e-05,0
/Users/yti0811/Desktop/FE_data/npj_CM01/NPJ_CM_Fig_Python/Public_Reproducibility_Package_V01/npjcm-free-energy-surrogate_Re3/Python_Codes/table/snapshots_split/alpha-TiAl_300K_snap00063.extxyz,alpha-TiAl,300,alpha-TiAl__300,0.0002202124849833,0.0002375598363980484,1.7347351414748397e-05,1.7347351414748397e-05,0
/Users/yti0811/Desktop/FE_data/npj_CM01/NPJ_CM_Fig_Python/Public_Reproducibility_Package_V01/npjcm-free-energy-surrogate_Re3/Python_Codes/table/snapshots_split/alpha-TiAl_300K_snap00064.extxyz,alpha-TiAl,300,alpha-TiAl__300,5.103948983752159e-05,0.000892420386449781,0.0008413808966122595,0.0008413808966122595,0
/Users/yti0811/Desktop/FE_data/npj_CM01/NPJ_CM_Fig_Python/Public_Reproducibility_Package_V01/npjcm-free-energy-surrogate_Re3/Python_Codes/table/snapshots_split/alpha-TiAl_300K_snap00065.extxyz,alpha-TiAl,300,alpha-TiAl__300,-2.399763489936592e-05,0.00045011276596769684,0.00047411040086706277,0.00047411040086706277,0
/Users/yti0811/Desktop/FE_data/npj_CM01/NPJ_CM_Fig_Python/Public_Reproducibility_Package_V01/npjcm-free-energy-surrogate_Re3/Python_Codes/table/snapshots_split/alpha-TiAl_300K_snap00066.extxyz,alpha-TiAl,300,alpha-TiAl__300,4.110791738064333e-05,9.6132430049907e-06,-3.149467437565263e-05,3.149467437565263e-05,0
/Users/yti0811/Desktop/FE_data/npj_CM01/NPJ_CM_Fig_Python/Public_Reproducibility_Package_V01/npjcm-free-energy-surrogate_Re3/Python_Codes/table/snapshots_split/alpha-TiAl_300K_snap00067.extxyz,alpha-TiAl,300,alpha-TiAl__300,-0.0002365621051763,0.0020404782000428942,0.0022770403052191942,0.0022770403052191942,0
/Users/yti0811/Desktop/FE_data/npj_CM01/NPJ_CM_Fig_Python/Public_Reproducibility_Package_V01/npjcm-free-energy-surrogate_Re3/Python_Codes/table/snapshots_split/alpha-TiAl_300K_snap00068.extxyz,alpha-TiAl,300,alpha-TiAl__300,-2.5067705888516827e-05,-0.0004676875514259149,-0.00044261984553739807,0.00044261984553739807,0
/Users/yti0811/Desktop/FE_data/npj_CM01/NPJ_CM_Fig_Python/Public_Reproducibility_Package_V01/npjcm-free-energy-surrogate_Re3/Python_Codes/table/snapshots_split/alpha-TiAl_300K_snap00069.extxyz,alpha-TiAl,300,alpha-TiAl__300,-0.0001232564627141,0.0003603346066369048,0.00048359106935100477,0.00048359106935100477,0
/Users/yti0811/Desktop/FE_data/npj_CM01/NPJ_CM_Fig_Python/Public_Reproducibility_Package_V01/npjcm-free-energy-surrogate_Re3/Python_Codes/table/snapshots_split/alpha-TiAl_300K_snap00070.extxyz,alpha-TiAl,300,alpha-TiAl__300,-0.0001766677377239,-0.00030187182535638843,-0.00012520408763248844,0.00012520408763248844,0
/Users/yti0811/Desktop/FE_data/npj_CM01/NPJ_CM_Fig_Python/Public_Reproducibility_Package_V01/npjcm-free-energy-surrogate_Re3/Python_Codes/table/snapshots_split/alpha-TiAl_300K_snap00071.extxyz,alpha-TiAl,300,alpha-TiAl__300,0.0001347111715282,0.0017372278152927977,0.0016025166437645976,0.0016025166437645976,0
/Users/yti0811/Desktop/FE_data/npj_CM01/NPJ_CM_Fig_Python/Public_Reproducibility_Package_V01/npjcm-free-energy-surrogate_Re3/Python_Codes/table/snapshots_split/alpha-TiAl_300K_snap00072.extxyz,alpha-TiAl,300,alpha-TiAl__300,-0.0003317303873094,-0.00028670096531654363,4.502942199285638e-05,4.502942199285638e-05,0
/Users/yti0811/Desktop/FE_data/npj_CM01/NPJ_CM_Fig_Python/Public_Reproducibility_Package_V01/npjcm-free-energy-surrogate_Re3/Python_Codes/table/snapshots_split/alpha-TiAl_300K_snap00073.extxyz,alpha-TiAl,300,alpha-TiAl__300,-0.0002372206001006,0.00029076481171451645,0.0005279854118151164,0.0005279854118151164,0
/Users/yti0811/Desktop/FE_data/npj_CM01/NPJ_CM_Fig_Python/Public_Reproducibility_Package_V01/npjcm-free-energy-surrogate_Re3/Python_Codes/table/snapshots_split/alpha-TiAl_300K_snap00074.extxyz,alpha-TiAl,300,alpha-TiAl__300,0.0001027169977042,0.0004954069862897519,0.0003926899885855519,0.0003926899885855519,0
/Users/yti0811/Desktop/FE_data/npj_CM01/NPJ_CM_Fig_Python/Public_Reproducibility_Package_V01/npjcm-free-energy-surrogate_Re3/Python_Codes/table/snapshots_split/alpha-TiAl_300K_snap00075.extxyz,alpha-TiAl,300,alpha-TiAl__300,-0.0001666310367691,7.82915239285354e-05,0.0002449225606976354,0.0002449225606976354,0
/Users/yti0811/Desktop/FE_data/npj_CM01/NPJ_CM_Fig_Python/Public_Reproducibility_Package_V01/npjcm-free-energy-surrogate_Re3/Python_Codes/table/snapshots_split/alpha-TiAl_300K_snap00076.extxyz,alpha-TiAl,300,alpha-TiAl__300,0.0001676422390411,0.0003043484359597832,0.0001367061969186832,0.0001367061969186832,0
/Users/yti0811/Desktop/FE_data/npj_CM01/NPJ_CM_Fig_Python/Public_Reproducibility_Package_V01/npjcm-free-energy-surrogate_Re3/Python_Codes/table/snapshots_split/alpha-TiAl_300K_snap00077.extxyz,alpha-TiAl,300,alpha-TiAl__300,-5.005113880386548e-05,0.00023115709325765936,0.00028120823206152486,0.00028120823206152486,0
/Users/yti0811/Desktop/FE_data/npj_CM01/NPJ_CM_Fig_Python/Public_Reproducibility_Package_V01/npjcm-free-energy-surrogate_Re3/Python_Codes/table/snapshots_split/alpha-TiAl_300K_snap00078.extxyz,alpha-TiAl,300,alpha-TiAl__300,0.0003855005462914,0.0014130852073635826,0.0010275846610721825,0.0010275846610721825,0
/Users/yti0811/Desktop/FE_data/npj_CM01/NPJ_CM_Fig_Python/Public_Reproducibility_Package_V01/npjcm-free-energy-surrogate_Re3/Python_Codes/table/snapshots_split/alpha-TiAl_300K_snap00079.extxyz,alpha-TiAl,300,alpha-TiAl__300,0.0001032126429846,-0.0007136842443059615,-0.0008168968872905616,0.0008168968872905616,0
/Users/yti0811/Desktop/FE_data/npj_CM01/NPJ_CM_Fig_Python/Public_Reproducibility_Package_V01/npjcm-free-energy-surrogate_Re3/Python_Codes/table/snapshots_split/alpha-TiAl_300K_snap00080.extxyz,alpha-TiAl,300,alpha-TiAl__300,6.601549420302942e-05,0.0001675434752353087,0.00010152798103227929,0.00010152798103227929,0
/Users/yti0811/Desktop/FE_data/npj_CM01/NPJ_CM_Fig_Python/Public_Reproducibility_Package_V01/npjcm-free-energy-surrogate_Re3/Python_Codes/table/snapshots_split/alpha-TiAl_300K_snap00081.extxyz,alpha-TiAl,300,alpha-TiAl__300,-9.443367499141376e-05,0.0013410171744290883,0.001435450849420502,0.001435450849420502,0
/Users/yti0811/Desktop/FE_data/npj_CM01/NPJ_CM_Fig_Python/Public_Reproducibility_Package_V01/npjcm-free-energy-surrogate_Re3/Python_Codes/table/snapshots_split/alpha-TiAl_300K_snap00082.extxyz,alpha-TiAl,300,alpha-TiAl__300,6.430618528551034e-05,0.0008253532414337689,0.0007610470561482586,0.0007610470561482586,0
/Users/yti0811/Desktop/FE_data/npj_CM01/NPJ_CM_Fig_Python/Public_Reproducibility_Package_V01/npjcm-free-energy-surrogate_Re3/Python_Codes/table/snapshots_split/alpha-TiAl_300K_snap00083.extxyz,alpha-TiAl,300,alpha-TiAl__300,-5.101910251283386e-06,0.00016499788737020299,0.00017009979762148638,0.00017009979762148638,0
/Users/yti0811/Desktop/FE_data/npj_CM01/NPJ_CM_Fig_Python/Public_Reproducibility_Package_V01/npjcm-free-energy-surrogate_Re3/Python_Codes/table/snapshots_split/alpha-TiAl_300K_snap00084.extxyz,alpha-TiAl,300,alpha-TiAl__300,3.7486788450600815e-05,0.002527198995962657,0.002489712207512056,0.002489712207512056,0
/Users/yti0811/Desktop/FE_data/npj_CM01/NPJ_CM_Fig_Python/Public_Reproducibility_Package_V01/npjcm-free-energy-surrogate_Re3/Python_Codes/table/snapshots_split/alpha-TiAl_300K_snap00085.extxyz,alpha-TiAl,300,alpha-TiAl__300,-0.0001526880700235,-9.481109416240106e-05,5.787697586109893e-05,5.787697586109893e-05,0
/Users/yti0811/Desktop/FE_data/npj_CM01/NPJ_CM_Fig_Python/Public_Reproducibility_Package_V01/npjcm-free-energy-surrogate_Re3/Python_Codes/table/snapshots_split/alpha-TiAl_300K_snap00086.extxyz,alpha-TiAl,300,alpha-TiAl__300,5.8757950311836825e-05,-0.0012620573923033268,-0.0013208153426151636,0.0013208153426151636,0
/Users/yti0811/Desktop/FE_data/npj_CM01/NPJ_CM_Fig_Python/Public_Reproducibility_Package_V01/npjcm-free-energy-surrogate_Re3/Python_Codes/table/snapshots_split/alpha-TiAl_300K_snap00087.extxyz,alpha-TiAl,300,alpha-TiAl__300,-0.0003036474381823,-0.00044016825533355113,-0.00013652081715125112,0.00013652081715125112,0
/Users/yti0811/Desktop/FE_data/npj_CM01/NPJ_CM_Fig_Python/Public_Reproducibility_Package_V01/npjcm-free-energy-surrogate_Re3/Python_Codes/table/snapshots_split/alpha-TiAl_300K_snap00088.extxyz,alpha-TiAl,300,alpha-TiAl__300,0.000123834986239,0.0012756485418234905,0.0011518135555844905,0.0011518135555844905,0
/Users/yti0811/Desktop/FE_data/npj_CM01/NPJ_CM_Fig_Python/Public_Reproducibility_Package_V01/npjcm-free-energy-surrogate_Re3/Python_Codes/table/snapshots_split/alpha-TiAl_300K_snap00089.extxyz,alpha-TiAl,300,alpha-TiAl__300,3.97742247614073e-06,-2.9176633805614877e-06,-6.895085856702218e-06,6.895085856702218e-06,0
/Users/yti0811/Desktop/FE_data/npj_CM01/NPJ_CM_Fig_Python/Public_Reproducibility_Package_V01/npjcm-free-energy-surrogate_Re3/Python_Codes/table/snapshots_split/alpha-TiAl_300K_snap00090.extxyz,alpha-TiAl,300,alpha-TiAl__300,5.26153488701203e-05,0.0019517942746200868,0.0018991789257499665,0.0018991789257499665,0
/Users/yti0811/Desktop/FE_data/npj_CM01/NPJ_CM_Fig_Python/Public_Reproducibility_Package_V01/npjcm-free-energy-surrogate_Re3/Python_Codes/table/snapshots_split/alpha-TiAl_300K_snap00091.extxyz,alpha-TiAl,300,alpha-TiAl__300,-0.0001850418222777,-0.0003611509052647425,-0.00017610908298704248,0.00017610908298704248,0
/Users/yti0811/Desktop/FE_data/npj_CM01/NPJ_CM_Fig_Python/Public_Reproducibility_Package_V01/npjcm-free-energy-surrogate_Re3/Python_Codes/table/snapshots_split/alpha-TiAl_300K_snap00092.extxyz,alpha-TiAl,300,alpha-TiAl__300,-0.000147888931576,0.0013966235154264056,0.0015445124470024056,0.0015445124470024056,0
/Users/yti0811/Desktop/FE_data/npj_CM01/NPJ_CM_Fig_Python/Public_Reproducibility_Package_V01/npjcm-free-energy-surrogate_Re3/Python_Codes/table/snapshots_split/alpha-TiAl_300K_snap00093.extxyz,alpha-TiAl,300,alpha-TiAl__300,-2.390538429665358e-05,0.00020019231701332843,0.00022409770130998202,0.00022409770130998202,0
/Users/yti0811/Desktop/FE_data/npj_CM01/NPJ_CM_Fig_Python/Public_Reproducibility_Package_V01/npjcm-free-energy-surrogate_Re3/Python_Codes/table/snapshots_split/alpha-TiAl_300K_snap00094.extxyz,alpha-TiAl,300,alpha-TiAl__300,-1.7576107916989095e-06,0.0003707109568344887,0.00037246856762618763,0.00037246856762618763,0
/Users/yti0811/Desktop/FE_data/npj_CM01/NPJ_CM_Fig_Python/Public_Reproducibility_Package_V01/npjcm-free-energy-surrogate_Re3/Python_Codes/table/snapshots_split/alpha-TiAl_300K_snap00095.extxyz,alpha-TiAl,300,alpha-TiAl__300,-0.0002357756202964,0.0012334950223333082,0.001469270642629708,0.001469270642629708,0
/Users/yti0811/Desktop/FE_data/npj_CM01/NPJ_CM_Fig_Python/Public_Reproducibility_Package_V01/npjcm-free-energy-surrogate_Re3/Python_Codes/table/snapshots_split/alpha-TiAl_300K_snap00096.extxyz,alpha-TiAl,300,alpha-TiAl__300,4.874981846946068e-05,0.0005700964132480609,0.0005213465947786002,0.0005213465947786002,0
/Users/yti0811/Desktop/FE_data/npj_CM01/NPJ_CM_Fig_Python/Public_Reproducibility_Package_V01/npjcm-free-energy-surrogate_Re3/Python_Codes/table/snapshots_split/alpha-TiAl_300K_snap00097.extxyz,alpha-TiAl,300,alpha-TiAl__300,-6.236410025163454e-05,-0.00025870529553590036,-0.0001963411952842658,0.0001963411952842658,0
/Users/yti0811/Desktop/FE_data/npj_CM01/NPJ_CM_Fig_Python/Public_Reproducibility_Package_V01/npjcm-free-energy-surrogate_Re3/Python_Codes/table/snapshots_split/alpha-TiAl_300K_snap00098.extxyz,alpha-TiAl,300,alpha-TiAl__300,-8.770094688394127e-05,-4.223554893451314e-06,8.347739199048995e-05,8.347739199048995e-05,0
/Users/yti0811/Desktop/FE_data/npj_CM01/NPJ_CM_Fig_Python/Public_Reproducibility_Package_V01/npjcm-free-energy-surrogate_Re3/Python_Codes/table/snapshots_split/alpha-TiAl_300K_snap00099.extxyz,alpha-TiAl,300,alpha-TiAl__300,-0.0003031658033712,-0.00015283034974607646,0.00015033545362512355,0.00015033545362512355,0
/Users/yti0811/Desktop/FE_data/npj_CM01/NPJ_CM_Fig_Python/Public_Reproducibility_Package_V01/npjcm-free-energy-surrogate_Re3/Python_Codes/table/snapshots_split/alpha-TiAl_400K_snap00000.extxyz,alpha-TiAl,400,alpha-TiAl__400,-0.0003506447582238,-0.0022390024488606036,-0.0018883576906368036,0.0018883576906368036,2
/Users/yti0811/Desktop/FE_data/npj_CM01/NPJ_CM_Fig_Python/Public_Reproducibility_Package_V01/npjcm-free-energy-surrogate_Re3/Python_Codes/table/snapshots_split/alpha-TiAl_400K_snap00001.extxyz,alpha-TiAl,400,alpha-TiAl__400,-0.0008006809081432,-0.0015703790730608278,-0.0007696981649176278,0.0007696981649176278,2
/Users/yti0811/Desktop/FE_data/npj_CM01/NPJ_CM_Fig_Python/Public_Reproducibility_Package_V01/npjcm-free-energy-surrogate_Re3/Python_Codes/table/snapshots_split/alpha-TiAl_400K_snap00002.extxyz,alpha-TiAl,400,alpha-TiAl__400,-0.0002370502393907,0.0022034865198487926,0.0024405367592394926,0.0024405367592394926,2
/Users/yti0811/Desktop/FE_data/npj_CM01/NPJ_CM_Fig_Python/Public_Reproducibility_Package_V01/npjcm-free-energy-surrogate_Re3/Python_Codes/table/snapshots_split/alpha-TiAl_400K_snap00003.extxyz,alpha-TiAl,400,alpha-TiAl__400,-0.0004108516488036,-0.0017333043237211844,-0.0013224526749175845,0.0013224526749175845,2
/Users/yti0811/Desktop/FE_data/npj_CM01/NPJ_CM_Fig_Python/Public_Reproducibility_Package_V01/npjcm-free-energy-surrogate_Re3/Python_Codes/table/snapshots_split/alpha-TiAl_400K_snap00004.extxyz,alpha-TiAl,400,alpha-TiAl__400,-0.0006205514899885,-0.001224677336897798,-0.0006041258469092981,0.0006041258469092981,2
/Users/yti0811/Desktop/FE_data/npj_CM01/NPJ_CM_Fig_Python/Public_Reproducibility_Package_V01/npjcm-free-energy-surrogate_Re3/Python_Codes/table/snapshots_split/alpha-TiAl_400K_snap00005.extxyz,alpha-TiAl,400,alpha-TiAl__400,-0.0001508004568418,0.00011866501107336796,0.00026946546791516797,0.00026946546791516797,2
/Users/yti0811/Desktop/FE_data/npj_CM01/NPJ_CM_Fig_Python/Public_Reproducibility_Package_V01/npjcm-free-energy-surrogate_Re3/Python_Codes/table/snapshots_split/alpha-TiAl_400K_snap00006.extxyz,alpha-TiAl,400,alpha-TiAl__400,-0.0004663035058226,-0.0006772991841771371,-0.0002109956783545371,0.0002109956783545371,2
/Users/yti0811/Desktop/FE_data/npj_CM01/NPJ_CM_Fig_Python/Public_Reproducibility_Package_V01/npjcm-free-energy-surrogate_Re3/Python_Codes/table/snapshots_split/alpha-TiAl_400K_snap00007.extxyz,alpha-TiAl,400,alpha-TiAl__400,-0.0006148390866417,-0.0010095004218085726,-0.0003946613351668726,0.0003946613351668726,2
/Users/yti0811/Desktop/FE_data/npj_CM01/NPJ_CM_Fig_Python/Public_Reproducibility_Package_V01/npjcm-free-energy-surrogate_Re3/Python_Codes/table/snapshots_split/alpha-TiAl_400K_snap00008.extxyz,alpha-TiAl,400,alpha-TiAl__400,-0.0002391086735019,0.00010724647640518064,0.00034635514990708063,0.00034635514990708063,2
/Users/yti0811/Desktop/FE_data/npj_CM01/NPJ_CM_Fig_Python/Public_Reproducibility_Package_V01/npjcm-free-energy-surrogate_Re3/Python_Codes/table/snapshots_split/alpha-TiAl_400K_snap00009.extxyz,alpha-TiAl,400,alpha-TiAl__400,-0.000801586489291,-0.000544476485798704,0.00025711000349229603,0.00025711000349229603,2
/Users/yti0811/Desktop/FE_data/npj_CM01/NPJ_CM_Fig_Python/Public_Reproducibility_Package_V01/npjcm-free-energy-surrogate_Re3/Python_Codes/table/snapshots_split/alpha-TiAl_400K_snap00010.extxyz,alpha-TiAl,400,alpha-TiAl__400,-0.0003517879818338,-0.0006413281935772045,-0.0002895402117434045,0.0002895402117434045,2
/Users/yti0811/Desktop/FE_data/npj_CM01/NPJ_CM_Fig_Python/Public_Reproducibility_Package_V01/npjcm-free-energy-surrogate_Re3/Python_Codes/table/snapshots_split/alpha-TiAl_400K_snap00011.extxyz,alpha-TiAl,400,alpha-TiAl__400,-0.0006150658257492,0.002318105658391598,0.0029331714841407982,0.0029331714841407982,2
/Users/yti0811/Desktop/FE_data/npj_CM01/NPJ_CM_Fig_Python/Public_Reproducibility_Package_V01/npjcm-free-energy-surrogate_Re3/Python_Codes/table/snapshots_split/alpha-TiAl_400K_snap00012.extxyz,alpha-TiAl,400,alpha-TiAl__400,-0.0004806903730162,-0.0010636204278510269,-0.000582930054834827,0.000582930054834827,2
/Users/yti0811/Desktop/FE_data/npj_CM01/NPJ_CM_Fig_Python/Public_Reproducibility_Package_V01/npjcm-free-energy-surrogate_Re3/Python_Codes/table/snapshots_split/alpha-TiAl_400K_snap00013.extxyz,alpha-TiAl,400,alpha-TiAl__400,-0.0003988633167289,-0.0005376143194400595,-0.00013875100271115953,0.00013875100271115953,2
/Users/yti0811/Desktop/FE_data/npj_CM01/NPJ_CM_Fig_Python/Public_Reproducibility_Package_V01/npjcm-free-energy-surrogate_Re3/Python_Codes/table/snapshots_split/alpha-TiAl_400K_snap00014.extxyz,alpha-TiAl,400,alpha-TiAl__400,-9.73892572747187e-05,0.0017509806350429421,0.0018483698923176608,0.0018483698923176608,2
/Users/yti0811/Desktop/FE_data/npj_CM01/NPJ_CM_Fig_Python/Public_Reproducibility_Package_V01/npjcm-free-energy-surrogate_Re3/Python_Codes/table/snapshots_split/alpha-TiAl_400K_snap00015.extxyz,alpha-TiAl,400,alpha-TiAl__400,-0.0004432411998288,-0.0012563014973135072,-0.0008130602974847072,0.0008130602974847072,2
/Users/yti0811/Desktop/FE_data/npj_CM01/NPJ_CM_Fig_Python/Public_Reproducibility_Package_V01/npjcm-free-energy-surrogate_Re3/Python_Codes/table/snapshots_split/alpha-TiAl_400K_snap00016.extxyz,alpha-TiAl,400,alpha-TiAl__400,-0.0006142640496494,-0.0006594864979394869,-4.522244829008684e-05,4.522244829008684e-05,2
/Users/yti0811/Desktop/FE_data/npj_CM01/NPJ_CM_Fig_Python/Public_Reproducibility_Package_V01/npjcm-free-energy-surrogate_Re3/Python_Codes/table/snapshots_split/alpha-TiAl_400K_snap00017.extxyz,alpha-TiAl,400,alpha-TiAl__400,-0.0003324594307186,0.001043246755755196,0.001375706186473796,0.001375706186473796,2
/Users/yti0811/Desktop/FE_data/npj_CM01/NPJ_CM_Fig_Python/Public_Reproducibility_Package_V01/npjcm-free-energy-surrogate_Re3/Python_Codes/table/snapshots_split/alpha-TiAl_400K_snap00018.extxyz,alpha-TiAl,400,alpha-TiAl__400,-0.0005497090810512,0.0017198964968741127,0.0022696055779253127,0.0022696055779253127,2
/Users/yti0811/Desktop/FE_data/npj_CM01/NPJ_CM_Fig_Python/Public_Reproducibility_Package_V01/npjcm-free-energy-surrogate_Re3/Python_Codes/table/snapshots_split/alpha-TiAl_400K_snap00019.extxyz,alpha-TiAl,400,alpha-TiAl__400,-0.0001113667438811,0.00024518539159236474,0.00035655213547346475,0.00035655213547346475,2
/Users/yti0811/Desktop/FE_data/npj_CM01/NPJ_CM_Fig_Python/Public_Reproducibility_Package_V01/npjcm-free-energy-surrogate_Re3/Python_Codes/table/snapshots_split/alpha-TiAl_400K_snap00020.extxyz,alpha-TiAl,400,alpha-TiAl__400,6.05800287879904e-05,0.0001308852004101874,7.0305171622197e-05,7.0305171622197e-05,2
/Users/yti0811/Desktop/FE_data/npj_CM01/NPJ_CM_Fig_Python/Public_Reproducibility_Package_V01/npjcm-free-energy-surrogate_Re3/Python_Codes/table/snapshots_split/alpha-TiAl_400K_snap00021.extxyz,alpha-TiAl,400,alpha-TiAl__400,-0.0005020087542276,3.575982559830196e-05,0.000537768579825902,0.000537768579825902,2
/Users/yti0811/Desktop/FE_data/npj_CM01/NPJ_CM_Fig_Python/Public_Reproducibility_Package_V01/npjcm-free-energy-surrogate_Re3/Python_Codes/table/snapshots_split/alpha-TiAl_400K_snap00022.extxyz,alpha-TiAl,400,alpha-TiAl__400,-6.258577728521231e-05,-0.002490280063181012,-0.0024276942858958,0.0024276942858958,2
/Users/yti0811/Desktop/FE_data/npj_CM01/NPJ_CM_Fig_Python/Public_Reproducibility_Package_V01/npjcm-free-energy-surrogate_Re3/Python_Codes/table/snapshots_split/alpha-TiAl_400K_snap00023.extxyz,alpha-TiAl,400,alpha-TiAl__400,-0.0003324683749906,-0.00024023731467861736,9.223106031198261e-05,9.223106031198261e-05,2
/Users/yti0811/Desktop/FE_data/npj_CM01/NPJ_CM_Fig_Python/Public_Reproducibility_Package_V01/npjcm-free-energy-surrogate_Re3/Python_Codes/table/snapshots_split/alpha-TiAl_400K_snap00024.extxyz,alpha-TiAl,400,alpha-TiAl__400,-0.0003456696163227,0.0012082504485643754,0.0015539200648870754,0.0015539200648870754,2
/Users/yti0811/Desktop/FE_data/npj_CM01/NPJ_CM_Fig_Python/Public_Reproducibility_Package_V01/npjcm-free-energy-surrogate_Re3/Python_Codes/table/snapshots_split/alpha-TiAl_400K_snap00025.extxyz,alpha-TiAl,400,alpha-TiAl__400,-0.0003392256262372,-0.0007601192622954709,-0.0004208936360582709,0.0004208936360582709,2
/Users/yti0811/Desktop/FE_data/npj_CM01/NPJ_CM_Fig_Python/Public_Reproducibility_Package_V01/npjcm-free-energy-surrogate_Re3/Python_Codes/table/snapshots_split/alpha-TiAl_400K_snap00026.extxyz,alpha-TiAl,400,alpha-TiAl__400,-0.0004426571544141,0.0011202287206963353,0.0015628858751104353,0.0015628858751104353,2
/Users/yti0811/Desktop/FE_data/npj_CM01/NPJ_CM_Fig_Python/Public_Reproducibility_Package_V01/npjcm-free-energy-surrogate_Re3/Python_Codes/table/snapshots_split/alpha-TiAl_400K_snap00027.extxyz,alpha-TiAl,400,alpha-TiAl__400,-0.0002379156415433,-0.00202161521096581,-0.00178369956942251,0.00178369956942251,2
/Users/yti0811/Desktop/FE_data/npj_CM01/NPJ_CM_Fig_Python/Public_Reproducibility_Package_V01/npjcm-free-energy-surrogate_Re3/Python_Codes/table/snapshots_split/alpha-TiAl_400K_snap00028.extxyz,alpha-TiAl,400,alpha-TiAl__400,-0.0006117280296865,0.0003731023815566676,0.0009848304112431675,0.0009848304112431675,2
/Users/yti0811/Desktop/FE_data/npj_CM01/NPJ_CM_Fig_Python/Public_Reproducibility_Package_V01/npjcm-free-energy-surrogate_Re3/Python_Codes/table/snapshots_split/alpha-TiAl_400K_snap00029.extxyz,alpha-TiAl,400,alpha-TiAl__400,-0.0003322182608372,-0.0008331247772701129,-0.0005009065164329129,0.0005009065164329129,2
/Users/yti0811/Desktop/FE_data/npj_CM01/NPJ_CM_Fig_Python/Public_Reproducibility_Package_V01/npjcm-free-energy-surrogate_Re3/Python_Codes/table/snapshots_split/alpha-TiAl_400K_snap00030.extxyz,alpha-TiAl,400,alpha-TiAl__400,-0.0006080004225267,-9.113358249499782e-05,0.0005168668400317021,0.0005168668400317021,2
/Users/yti0811/Desktop/FE_data/npj_CM01/NPJ_CM_Fig_Python/Public_Reproducibility_Package_V01/npjcm-free-energy-surrogate_Re3/Python_Codes/table/snapshots_split/alpha-TiAl_400K_snap00031.extxyz,alpha-TiAl,400,alpha-TiAl__400,-0.0006808971058403,-0.0016707577076078147,-0.0009898606017675147,0.0009898606017675147,2
/Users/yti0811/Desktop/FE_data/npj_CM01/NPJ_CM_Fig_Python/Public_Reproducibility_Package_V01/npjcm-free-energy-surrogate_Re3/Python_Codes/table/snapshots_split/alpha-TiAl_400K_snap00032.extxyz,alpha-TiAl,400,alpha-TiAl__400,-0.0002806776020137,0.000655468439998799,0.0009361460420124991,0.0009361460420124991,2
/Users/yti0811/Desktop/FE_data/npj_CM01/NPJ_CM_Fig_Python/Public_Reproducibility_Package_V01/npjcm-free-energy-surrogate_Re3/Python_Codes/table/snapshots_split/alpha-TiAl_400K_snap00033.extxyz,alpha-TiAl,400,alpha-TiAl__400,-0.000482663609124,-0.0008888154810189233,-0.00040615187189492333,0.00040615187189492333,2
/Users/yti0811/Desktop/FE_data/npj_CM01/NPJ_CM_Fig_Python/Public_Reproducibility_Package_V01/npjcm-free-energy-surrogate_Re3/Python_Codes/table/snapshots_split/alpha-TiAl_400K_snap00034.extxyz,alpha-TiAl,400,alpha-TiAl__400,-0.0006236812033711,-0.00019452607202090534,0.00042915513135019463,0.00042915513135019463,2
/Users/yti0811/Desktop/FE_data/npj_CM01/NPJ_CM_Fig_Python/Public_Reproducibility_Package_V01/npjcm-free-energy-surrogate_Re3/Python_Codes/table/snapshots_split/alpha-TiAl_400K_snap00035.extxyz,alpha-TiAl,400,alpha-TiAl__400,-0.0004681506716083,0.000172813749603661,0.000640964421211961,0.000640964421211961,2
/Users/yti0811/Desktop/FE_data/npj_CM01/NPJ_CM_Fig_Python/Public_Reproducibility_Package_V01/npjcm-free-energy-surrogate_Re3/Python_Codes/table/snapshots_split/alpha-TiAl_400K_snap00036.extxyz,alpha-TiAl,400,alpha-TiAl__400,-7.963659635382148e-05,-0.00024980156353073,-0.00017016496717690854,0.00017016496717690854,2
/Users/yti0811/Desktop/FE_data/npj_CM01/NPJ_CM_Fig_Python/Public_Reproducibility_Package_V01/npjcm-free-energy-surrogate_Re3/Python_Codes/table/snapshots_split/alpha-TiAl_400K_snap00037.extxyz,alpha-TiAl,400,alpha-TiAl__400,-0.0003260067192273,-0.0010803910412949056,-0.0007543843220676056,0.0007543843220676056,2
/Users/yti0811/Desktop/FE_data/npj_CM01/NPJ_CM_Fig_Python/Public_Reproducibility_Package_V01/npjcm-free-energy-surrogate_Re3/Python_Codes/table/snapshots_split/alpha-TiAl_400K_snap00038.extxyz,alpha-TiAl,400,alpha-TiAl__400,-0.0007598121092603,0.0012975471005251553,0.0020573592097854554,0.0020573592097854554,2
/Users/yti0811/Desktop/FE_data/npj_CM01/NPJ_CM_Fig_Python/Public_Reproducibility_Package_V01/npjcm-free-energy-surrogate_Re3/Python_Codes/table/snapshots_split/alpha-TiAl_400K_snap00039.extxyz,alpha-TiAl,400,alpha-TiAl__400,-0.0003454528466609,0.0004145117620834845,0.0007599646087443845,0.0007599646087443845,2
/Users/yti0811/Desktop/FE_data/npj_CM01/NPJ_CM_Fig_Python/Public_Reproducibility_Package_V01/npjcm-free-energy-surrogate_Re3/Python_Codes/table/snapshots_split/alpha-TiAl_400K_snap00040.extxyz,alpha-TiAl,400,alpha-TiAl__400,-0.0004829629313079,8.26235940151576e-05,0.0005655865253230576,0.0005655865253230576,2
/Users/yti0811/Desktop/FE_data/npj_CM01/NPJ_CM_Fig_Python/Public_Reproducibility_Package_V01/npjcm-free-energy-surrogate_Re3/Python_Codes/table/snapshots_split/alpha-TiAl_400K_snap00041.extxyz,alpha-TiAl,400,alpha-TiAl__400,-0.0004095795776973,0.003394188732907801,0.003803768310605101,0.003803768310605101,2
/Users/yti0811/Desktop/FE_data/npj_CM01/NPJ_CM_Fig_Python/Public_Reproducibility_Package_V01/npjcm-free-energy-surrogate_Re3/Python_Codes/table/snapshots_split/alpha-TiAl_400K_snap00042.extxyz,alpha-TiAl,400,alpha-TiAl__400,-0.0003442027153034,0.0003751886365324575,0.0007193913518358575,0.0007193913518358575,2
/Users/yti0811/Desktop/FE_data/npj_CM01/NPJ_CM_Fig_Python/Public_Reproducibility_Package_V01/npjcm-free-energy-surrogate_Re3/Python_Codes/table/snapshots_split/alpha-TiAl_400K_snap00043.extxyz,alpha-TiAl,400,alpha-TiAl__400,-0.0005204374151911,-0.0005679705764226469,-4.753316123154688e-05,4.753316123154688e-05,2
/Users/yti0811/Desktop/FE_data/npj_CM01/NPJ_CM_Fig_Python/Public_Reproducibility_Package_V01/npjcm-free-energy-surrogate_Re3/Python_Codes/table/snapshots_split/alpha-TiAl_400K_snap00044.extxyz,alpha-TiAl,400,alpha-TiAl__400,-0.0005757764617381,0.003946719830533508,0.004522496292271608,0.004522496292271608,2
/Users/yti0811/Desktop/FE_data/npj_CM01/NPJ_CM_Fig_Python/Public_Reproducibility_Package_V01/npjcm-free-energy-surrogate_Re3/Python_Codes/table/snapshots_split/alpha-TiAl_400K_snap00045.extxyz,alpha-TiAl,400,alpha-TiAl__400,-0.0001302960857315,0.0003605159793059219,0.0004908120650374219,0.0004908120650374219,2
/Users/yti0811/Desktop/FE_data/npj_CM01/NPJ_CM_Fig_Python/Public_Reproducibility_Package_V01/npjcm-free-energy-surrogate_Re3/Python_Codes/table/snapshots_split/alpha-TiAl_400K_snap00046.extxyz,alpha-TiAl,400,alpha-TiAl__400,-0.0004888291930048,0.0007159516095307831,0.001204780802535583,0.001204780802535583,2
/Users/yti0811/Desktop/FE_data/npj_CM01/NPJ_CM_Fig_Python/Public_Reproducibility_Package_V01/npjcm-free-energy-surrogate_Re3/Python_Codes/table/snapshots_split/alpha-TiAl_400K_snap00047.extxyz,alpha-TiAl,400,alpha-TiAl__400,-0.0003941729299646,0.00028784120668939737,0.0006820141366539974,0.0006820141366539974,2
/Users/yti0811/Desktop/FE_data/npj_CM01/NPJ_CM_Fig_Python/Public_Reproducibility_Package_V01/npjcm-free-energy-surrogate_Re3/Python_Codes/table/snapshots_split/alpha-TiAl_400K_snap00048.extxyz,alpha-TiAl,400,alpha-TiAl__400,-0.0005814883651594,-0.0004859532946131931,9.55350705462069e-05,9.55350705462069e-05,2
/Users/yti0811/Desktop/FE_data/npj_CM01/NPJ_CM_Fig_Python/Public_Reproducibility_Package_V01/npjcm-free-energy-surrogate_Re3/Python_Codes/table/snapshots_split/alpha-TiAl_400K_snap00049.extxyz,alpha-TiAl,400,alpha-TiAl__400,-0.0005236811489509,-0.0023967076346543383,-0.0018730264857034383,0.0018730264857034383,2
/Users/yti0811/Desktop/FE_data/npj_CM01/NPJ_CM_Fig_Python/Public_Reproducibility_Package_V01/npjcm-free-energy-surrogate_Re3/Python_Codes/table/snapshots_split/alpha-TiAl_400K_snap00050.extxyz,alpha-TiAl,400,alpha-TiAl__400,-0.0003123726359072,-0.00018821827771301055,0.00012415435819418944,0.00012415435819418944,2
/Users/yti0811/Desktop/FE_data/npj_CM01/NPJ_CM_Fig_Python/Public_Reproducibility_Package_V01/npjcm-free-energy-surrogate_Re3/Python_Codes/table/snapshots_split/alpha-TiAl_400K_snap00051.extxyz,alpha-TiAl,400,alpha-TiAl__400,-0.0003328668415783,-0.0005230141018196505,-0.0001901472602413505,0.0001901472602413505,2
/Users/yti0811/Desktop/FE_data/npj_CM01/NPJ_CM_Fig_Python/Public_Reproducibility_Package_V01/npjcm-free-energy-surrogate_Re3/Python_Codes/table/snapshots_split/alpha-TiAl_400K_snap00052.extxyz,alpha-TiAl,400,alpha-TiAl__400,-0.0003472626049446,-0.001125456053984524,-0.0007781934490399241,0.0007781934490399241,2
/Users/yti0811/Desktop/FE_data/npj_CM01/NPJ_CM_Fig_Python/Public_Reproducibility_Package_V01/npjcm-free-energy-surrogate_Re3/Python_Codes/table/snapshots_split/alpha-TiAl_400K_snap00053.extxyz,alpha-TiAl,400,alpha-TiAl__400,-0.0005633201300848,-0.001134927474738376,-0.000571607344653576,0.000571607344653576,2
/Users/yti0811/Desktop/FE_data/npj_CM01/NPJ_CM_Fig_Python/Public_Reproducibility_Package_V01/npjcm-free-energy-surrogate_Re3/Python_Codes/table/snapshots_split/alpha-TiAl_400K_snap00054.extxyz,alpha-TiAl,400,alpha-TiAl__400,-0.0004587635025333,-0.0016499782988829835,-0.0011912147963496836,0.0011912147963496836,2
/Users/yti0811/Desktop/FE_data/npj_CM01/NPJ_CM_Fig_Python/Public_Reproducibility_Package_V01/npjcm-free-energy-surrogate_Re3/Python_Codes/table/snapshots_split/alpha-TiAl_400K_snap00055.extxyz,alpha-TiAl,400,alpha-TiAl__400,-0.0006462178350795,-0.0017577142140797282,-0.0011114963790002281,0.0011114963790002281,2
/Users/yti0811/Desktop/FE_data/npj_CM01/NPJ_CM_Fig_Python/Public_Reproducibility_Package_V01/npjcm-free-energy-surrogate_Re3/Python_Codes/table/snapshots_split/alpha-TiAl_400K_snap00056.extxyz,alpha-TiAl,400,alpha-TiAl__400,-0.0004554763221912,-0.000731736885545222,-0.000276260563354022,0.000276260563354022,2
/Users/yti0811/Desktop/FE_data/npj_CM01/NPJ_CM_Fig_Python/Public_Reproducibility_Package_V01/npjcm-free-energy-surrogate_Re3/Python_Codes/table/snapshots_split/alpha-TiAl_400K_snap00057.extxyz,alpha-TiAl,400,alpha-TiAl__400,-0.0004783258851769,-0.0014307546658811389,-0.0009524287807042388,0.0009524287807042388,2
/Users/yti0811/Desktop/FE_data/npj_CM01/NPJ_CM_Fig_Python/Public_Reproducibility_Package_V01/npjcm-free-energy-surrogate_Re3/Python_Codes/table/snapshots_split/alpha-TiAl_400K_snap00058.extxyz,alpha-TiAl,400,alpha-TiAl__400,-0.000593052221376,-0.00044538264176563014,0.0001476695796103699,0.0001476695796103699,2
/Users/yti0811/Desktop/FE_data/npj_CM01/NPJ_CM_Fig_Python/Public_Reproducibility_Package_V01/npjcm-free-energy-surrogate_Re3/Python_Codes/table/snapshots_split/alpha-TiAl_400K_snap00059.extxyz,alpha-TiAl,400,alpha-TiAl__400,-0.000218056653262,-0.0012047403047755903,-0.0009866836515135904,0.0009866836515135904,2
/Users/yti0811/Desktop/FE_data/npj_CM01/NPJ_CM_Fig_Python/Public_Reproducibility_Package_V01/npjcm-free-energy-surrogate_Re3/Python_Codes/table/snapshots_split/alpha-TiAl_400K_snap00060.extxyz,alpha-TiAl,400,alpha-TiAl__400,-0.0001936790605699,-0.00043010507856343805,-0.00023642601799353806,0.00023642601799353806,2
/Users/yti0811/Desktop/FE_data/npj_CM01/NPJ_CM_Fig_Python/Public_Reproducibility_Package_V01/npjcm-free-energy-surrogate_Re3/Python_Codes/table/snapshots_split/alpha-TiAl_400K_snap00061.extxyz,alpha-TiAl,400,alpha-TiAl__400,-0.0002856886576855,0.0005972405257731437,0.0008829291834586437,0.0008829291834586437,2
/Users/yti0811/Desktop/FE_data/npj_CM01/NPJ_CM_Fig_Python/Public_Reproducibility_Package_V01/npjcm-free-energy-surrogate_Re3/Python_Codes/table/snapshots_split/alpha-TiAl_400K_snap00062.extxyz,alpha-TiAl,400,alpha-TiAl__400,-0.0009834721782518,0.00045125479400024674,0.0014347269722520468,0.0014347269722520468,2
/Users/yti0811/Desktop/FE_data/npj_CM01/NPJ_CM_Fig_Python/Public_Reproducibility_Package_V01/npjcm-free-energy-surrogate_Re3/Python_Codes/table/snapshots_split/alpha-TiAl_400K_snap00063.extxyz,alpha-TiAl,400,alpha-TiAl__400,-0.0005190507993165,-0.0005995711984217043,-8.052039910520434e-05,8.052039910520434e-05,2
/Users/yti0811/Desktop/FE_data/npj_CM01/NPJ_CM_Fig_Python/Public_Reproducibility_Package_V01/npjcm-free-energy-surrogate_Re3/Python_Codes/table/snapshots_split/alpha-TiAl_400K_snap00064.extxyz,alpha-TiAl,400,alpha-TiAl__400,-0.000194415051265,0.0015517328446968525,0.0017461478959618524,0.0017461478959618524,2
/Users/yti0811/Desktop/FE_data/npj_CM01/NPJ_CM_Fig_Python/Public_Reproducibility_Package_V01/npjcm-free-energy-surrogate_Re3/Python_Codes/table/snapshots_split/alpha-TiAl_400K_snap00065.extxyz,alpha-TiAl,400,alpha-TiAl__400,-0.0005721068988783,-0.0006139492361670318,-4.1842337288731826e-05,4.1842337288731826e-05,2
/Users/yti0811/Desktop/FE_data/npj_CM01/NPJ_CM_Fig_Python/Public_Reproducibility_Package_V01/npjcm-free-energy-surrogate_Re3/Python_Codes/table/snapshots_split/alpha-TiAl_400K_snap00066.extxyz,alpha-TiAl,400,alpha-TiAl__400,-9.037940225110896e-05,-0.001409565186315601,-0.001319185784064492,0.001319185784064492,2
/Users/yti0811/Desktop/FE_data/npj_CM01/NPJ_CM_Fig_Python/Public_Reproducibility_Package_V01/npjcm-free-energy-surrogate_Re3/Python_Codes/table/snapshots_split/alpha-TiAl_400K_snap00067.extxyz,alpha-TiAl,400,alpha-TiAl__400,-0.0001958140768359,0.0018448775783129832,0.0020406916551488834,0.0020406916551488834,2
/Users/yti0811/Desktop/FE_data/npj_CM01/NPJ_CM_Fig_Python/Public_Reproducibility_Package_V01/npjcm-free-energy-surrogate_Re3/Python_Codes/table/snapshots_split/alpha-TiAl_400K_snap00068.extxyz,alpha-TiAl,400,alpha-TiAl__400,-0.0002989441236796,-0.002036832878631228,-0.0017378887549516278,0.0017378887549516278,2
/Users/yti0811/Desktop/FE_data/npj_CM01/NPJ_CM_Fig_Python/Public_Reproducibility_Package_V01/npjcm-free-energy-surrogate_Re3/Python_Codes/table/snapshots_split/alpha-TiAl_400K_snap00069.extxyz,alpha-TiAl,400,alpha-TiAl__400,-0.000395865959237,-0.0011748210813788608,-0.0007789551221418609,0.0007789551221418609,2
/Users/yti0811/Desktop/FE_data/npj_CM01/NPJ_CM_Fig_Python/Public_Reproducibility_Package_V01/npjcm-free-energy-surrogate_Re3/Python_Codes/table/snapshots_split/alpha-TiAl_400K_snap00070.extxyz,alpha-TiAl,400,alpha-TiAl__400,-0.0004015151433503,-0.0012654743240539845,-0.0008639591807036845,0.0008639591807036845,2
/Users/yti0811/Desktop/FE_data/npj_CM01/NPJ_CM_Fig_Python/Public_Reproducibility_Package_V01/npjcm-free-energy-surrogate_Re3/Python_Codes/table/snapshots_split/alpha-TiAl_400K_snap00071.extxyz,alpha-TiAl,400,alpha-TiAl__400,-0.0006773265112577,-0.0013783070129915877,-0.0007009805017338876,0.0007009805017338876,2
/Users/yti0811/Desktop/FE_data/npj_CM01/NPJ_CM_Fig_Python/Public_Reproducibility_Package_V01/npjcm-free-energy-surrogate_Re3/Python_Codes/table/snapshots_split/alpha-TiAl_400K_snap00072.extxyz,alpha-TiAl,400,alpha-TiAl__400,-3.856241121101556e-05,0.0004465507882037273,0.00048511319941474287,0.00048511319941474287,2
/Users/yti0811/Desktop/FE_data/npj_CM01/NPJ_CM_Fig_Python/Public_Reproducibility_Package_V01/npjcm-free-energy-surrogate_Re3/Python_Codes/table/snapshots_split/alpha-TiAl_400K_snap00073.extxyz,alpha-TiAl,400,alpha-TiAl__400,-0.0002148986068189,-0.0003482858448621147,-0.00013338723804321473,0.00013338723804321473,2
/Users/yti0811/Desktop/FE_data/npj_CM01/NPJ_CM_Fig_Python/Public_Reproducibility_Package_V01/npjcm-free-energy-surrogate_Re3/Python_Codes/table/snapshots_split/alpha-TiAl_400K_snap00074.extxyz,alpha-TiAl,400,alpha-TiAl__400,-0.0003155554031152,-0.0013877724708591583,-0.0010722170677439583,0.0010722170677439583,2
/Users/yti0811/Desktop/FE_data/npj_CM01/NPJ_CM_Fig_Python/Public_Reproducibility_Package_V01/npjcm-free-energy-surrogate_Re3/Python_Codes/table/snapshots_split/alpha-TiAl_400K_snap00075.extxyz,alpha-TiAl,400,alpha-TiAl__400,-0.0004606949648283,-0.0011668218800600758,-0.0007061269152317758,0.0007061269152317758,2
/Users/yti0811/Desktop/FE_data/npj_CM01/NPJ_CM_Fig_Python/Public_Reproducibility_Package_V01/npjcm-free-energy-surrogate_Re3/Python_Codes/table/snapshots_split/alpha-TiAl_400K_snap00076.extxyz,alpha-TiAl,400,alpha-TiAl__400,-0.0002761914677949,0.0005908075362920432,0.0008669990040869432,0.0008669990040869432,2
/Users/yti0811/Desktop/FE_data/npj_CM01/NPJ_CM_Fig_Python/Public_Reproducibility_Package_V01/npjcm-free-energy-surrogate_Re3/Python_Codes/table/snapshots_split/alpha-TiAl_400K_snap00077.extxyz,alpha-TiAl,400,alpha-TiAl__400,-0.0005135963619357,-0.0014338203372527328,-0.0009202239753170328,0.0009202239753170328,2
/Users/yti0811/Desktop/FE_data/npj_CM01/NPJ_CM_Fig_Python/Public_Reproducibility_Package_V01/npjcm-free-energy-surrogate_Re3/Python_Codes/table/snapshots_split/alpha-TiAl_400K_snap00078.extxyz,alpha-TiAl,400,alpha-TiAl__400,-0.0006225024523028,3.3643112993387944e-05,0.0006561455652961879,0.0006561455652961879,2
/Users/yti0811/Desktop/FE_data/npj_CM01/NPJ_CM_Fig_Python/Public_Reproducibility_Package_V01/npjcm-free-energy-surrogate_Re3/Python_Codes/table/snapshots_split/alpha-TiAl_400K_snap00079.extxyz,alpha-TiAl,400,alpha-TiAl__400,-0.0001599375256279,0.0013954730060411588,0.0015554105316690587,0.0015554105316690587,2
/Users/yti0811/Desktop/FE_data/npj_CM01/NPJ_CM_Fig_Python/Public_Reproducibility_Package_V01/npjcm-free-energy-surrogate_Re3/Python_Codes/table/snapshots_split/alpha-TiAl_400K_snap00080.extxyz,alpha-TiAl,400,alpha-TiAl__400,-0.0006720998935795,-0.001069870907576779,-0.00039777101399727903,0.00039777101399727903,2
/Users/yti0811/Desktop/FE_data/npj_CM01/NPJ_CM_Fig_Python/Public_Reproducibility_Package_V01/npjcm-free-energy-surrogate_Re3/Python_Codes/table/snapshots_split/alpha-TiAl_400K_snap00081.extxyz,alpha-TiAl,400,alpha-TiAl__400,-0.0003286224630497,0.0010232164507700237,0.0013518389138197236,0.0013518389138197236,2
/Users/yti0811/Desktop/FE_data/npj_CM01/NPJ_CM_Fig_Python/Public_Reproducibility_Package_V01/npjcm-free-energy-surrogate_Re3/Python_Codes/table/snapshots_split/alpha-TiAl_400K_snap00082.extxyz,alpha-TiAl,400,alpha-TiAl__400,-0.0005673341222857,-0.0010280756408328417,-0.0004607415185471417,0.0004607415185471417,2
/Users/yti0811/Desktop/FE_data/npj_CM01/NPJ_CM_Fig_Python/Public_Reproducibility_Package_V01/npjcm-free-energy-surrogate_Re3/Python_Codes/table/snapshots_split/alpha-TiAl_400K_snap00083.extxyz,alpha-TiAl,400,alpha-TiAl__400,-4.867672470881823e-05,-0.002015747454481771,-0.0019670707297729526,0.0019670707297729526,2
/Users/yti0811/Desktop/FE_data/npj_CM01/NPJ_CM_Fig_Python/Public_Reproducibility_Package_V01/npjcm-free-energy-surrogate_Re3/Python_Codes/table/snapshots_split/alpha-TiAl_400K_snap00084.extxyz,alpha-TiAl,400,alpha-TiAl__400,4.7574879115289126e-05,-0.0013744013732554308,-0.00142197625237072,0.00142197625237072,2
/Users/yti0811/Desktop/FE_data/npj_CM01/NPJ_CM_Fig_Python/Public_Reproducibility_Package_V01/npjcm-free-energy-surrogate_Re3/Python_Codes/table/snapshots_split/alpha-TiAl_400K_snap00085.extxyz,alpha-TiAl,400,alpha-TiAl__400,-0.0004208235286161,7.940465379254862e-05,0.0005002281824086486,0.0005002281824086486,2
/Users/yti0811/Desktop/FE_data/npj_CM01/NPJ_CM_Fig_Python/Public_Reproducibility_Package_V01/npjcm-free-energy-surrogate_Re3/Python_Codes/table/snapshots_split/alpha-TiAl_400K_snap00086.extxyz,alpha-TiAl,400,alpha-TiAl__400,-0.0001347941696804,0.0012118673875367763,0.0013466615572171763,0.0013466615572171763,2
/Users/yti0811/Desktop/FE_data/npj_CM01/NPJ_CM_Fig_Python/Public_Reproducibility_Package_V01/npjcm-free-energy-surrogate_Re3/Python_Codes/table/snapshots_split/alpha-TiAl_400K_snap00087.extxyz,alpha-TiAl,400,alpha-TiAl__400,-0.0006751637062035,0.0012833991679120648,0.0019585628741155647,0.0019585628741155647,2
/Users/yti0811/Desktop/FE_data/npj_CM01/NPJ_CM_Fig_Python/Public_Reproducibility_Package_V01/npjcm-free-energy-surrogate_Re3/Python_Codes/table/snapshots_split/alpha-TiAl_400K_snap00088.extxyz,alpha-TiAl,400,alpha-TiAl__400,-0.0004648068238638,0.00025336659054104617,0.0007181734144048462,0.0007181734144048462,2
/Users/yti0811/Desktop/FE_data/npj_CM01/NPJ_CM_Fig_Python/Public_Reproducibility_Package_V01/npjcm-free-energy-surrogate_Re3/Python_Codes/table/snapshots_split/alpha-TiAl_400K_snap00089.extxyz,alpha-TiAl,400,alpha-TiAl__400,-0.0006564515772132,-0.0009940920297664992,-0.00033764045255329914,0.00033764045255329914,2
/Users/yti0811/Desktop/FE_data/npj_CM01/NPJ_CM_Fig_Python/Public_Reproducibility_Package_V01/npjcm-free-energy-surrogate_Re3/Python_Codes/table/snapshots_split/alpha-TiAl_400K_snap00090.extxyz,alpha-TiAl,400,alpha-TiAl__400,-7.885288464941353e-05,-0.00011956711285745262,-4.0714228208039085e-05,4.0714228208039085e-05,2
/Users/yti0811/Desktop/FE_data/npj_CM01/NPJ_CM_Fig_Python/Public_Reproducibility_Package_V01/npjcm-free-energy-surrogate_Re3/Python_Codes/table/snapshots_split/alpha-TiAl_400K_snap00091.extxyz,alpha-TiAl,400,alpha-TiAl__400,-0.0003638838027467,-0.0010656542435595107,-0.0007017704408128107,0.0007017704408128107,2
/Users/yti0811/Desktop/FE_data/npj_CM01/NPJ_CM_Fig_Python/Public_Reproducibility_Package_V01/npjcm-free-energy-surrogate_Re3/Python_Codes/table/snapshots_split/alpha-TiAl_400K_snap00092.extxyz,alpha-TiAl,400,alpha-TiAl__400,-0.000350346288462,-3.7003327115166075e-05,0.00031334296134683394,0.00031334296134683394,2
/Users/yti0811/Desktop/FE_data/npj_CM01/NPJ_CM_Fig_Python/Public_Reproducibility_Package_V01/npjcm-free-energy-surrogate_Re3/Python_Codes/table/snapshots_split/alpha-TiAl_400K_snap00093.extxyz,alpha-TiAl,400,alpha-TiAl__400,-0.0003511826120156,-0.00015811178390808445,0.00019307082810751555,0.00019307082810751555,2
/Users/yti0811/Desktop/FE_data/npj_CM01/NPJ_CM_Fig_Python/Public_Reproducibility_Package_V01/npjcm-free-energy-surrogate_Re3/Python_Codes/table/snapshots_split/alpha-TiAl_400K_snap00094.extxyz,alpha-TiAl,400,alpha-TiAl__400,-0.0005877727161999,0.00023509858098224456,0.0008228712971821445,0.0008228712971821445,2
/Users/yti0811/Desktop/FE_data/npj_CM01/NPJ_CM_Fig_Python/Public_Reproducibility_Package_V01/npjcm-free-energy-surrogate_Re3/Python_Codes/table/snapshots_split/alpha-TiAl_400K_snap00095.extxyz,alpha-TiAl,400,alpha-TiAl__400,-0.0002485687736816,-0.0006694863334207803,-0.0004209175597391803,0.0004209175597391803,2
/Users/yti0811/Desktop/FE_data/npj_CM01/NPJ_CM_Fig_Python/Public_Reproducibility_Package_V01/npjcm-free-energy-surrogate_Re3/Python_Codes/table/snapshots_split/alpha-TiAl_400K_snap00096.extxyz,alpha-TiAl,400,alpha-TiAl__400,-0.0001486394091624,-0.0025018584473769996,-0.0023532190382145996,0.0023532190382145996,2
/Users/yti0811/Desktop/FE_data/npj_CM01/NPJ_CM_Fig_Python/Public_Reproducibility_Package_V01/npjcm-free-energy-surrogate_Re3/Python_Codes/table/snapshots_split/alpha-TiAl_400K_snap00097.extxyz,alpha-TiAl,400,alpha-TiAl__400,-0.0003612696422373,0.0002576529096786143,0.0006189225519159143,0.0006189225519159143,2
/Users/yti0811/Desktop/FE_data/npj_CM01/NPJ_CM_Fig_Python/Public_Reproducibility_Package_V01/npjcm-free-energy-surrogate_Re3/Python_Codes/table/snapshots_split/alpha-TiAl_400K_snap00098.extxyz,alpha-TiAl,400,alpha-TiAl__400,-0.0003537278872062,0.002249510923392579,0.002603238810598779,0.002603238810598779,2
/Users/yti0811/Desktop/FE_data/npj_CM01/NPJ_CM_Fig_Python/Public_Reproducibility_Package_V01/npjcm-free-energy-surrogate_Re3/Python_Codes/table/snapshots_split/alpha-TiAl_400K_snap00099.extxyz,alpha-TiAl,400,alpha-TiAl__400,-8.395744352011902e-05,-0.00029049025972101766,-0.00020653281620089864,0.00020653281620089864,2
/Users/yti0811/Desktop/FE_data/npj_CM01/NPJ_CM_Fig_Python/Public_Reproducibility_Package_V01/npjcm-free-energy-surrogate_Re3/Python_Codes/table/snapshots_split/alpha-TiAl_500K_snap00000.extxyz,alpha-TiAl,500,alpha-TiAl__500,-0.0010775870947591,0.0006058838270891174,0.0016834709218482174,0.0016834709218482174,1
/Users/yti0811/Desktop/FE_data/npj_CM01/NPJ_CM_Fig_Python/Public_Reproducibility_Package_V01/npjcm-free-energy-surrogate_Re3/Python_Codes/table/snapshots_split/alpha-TiAl_500K_snap00001.extxyz,alpha-TiAl,500,alpha-TiAl__500,-0.0011657001932788,-3.6331322994184474e-05,0.0011293688702846156,0.0011293688702846156,1
/Users/yti0811/Desktop/FE_data/npj_CM01/NPJ_CM_Fig_Python/Public_Reproducibility_Package_V01/npjcm-free-energy-surrogate_Re3/Python_Codes/table/snapshots_split/alpha-TiAl_500K_snap00002.extxyz,alpha-TiAl,500,alpha-TiAl__500,-0.0010290601598797,0.0013675983173308246,0.002396658477210525,0.002396658477210525,1
/Users/yti0811/Desktop/FE_data/npj_CM01/NPJ_CM_Fig_Python/Public_Reproducibility_Package_V01/npjcm-free-energy-surrogate_Re3/Python_Codes/table/snapshots_split/alpha-TiAl_500K_snap00003.extxyz,alpha-TiAl,500,alpha-TiAl__500,-0.0007584032364142,-0.0012534936342774227,-0.0004950903978632227,0.0004950903978632227,1
/Users/yti0811/Desktop/FE_data/npj_CM01/NPJ_CM_Fig_Python/Public_Reproducibility_Package_V01/npjcm-free-energy-surrogate_Re3/Python_Codes/table/snapshots_split/alpha-TiAl_500K_snap00004.extxyz,alpha-TiAl,500,alpha-TiAl__500,-0.0009574526540206,8.023029825311603e-05,0.0010376829522737159,0.0010376829522737159,1
/Users/yti0811/Desktop/FE_data/npj_CM01/NPJ_CM_Fig_Python/Public_Reproducibility_Package_V01/npjcm-free-energy-surrogate_Re3/Python_Codes/table/snapshots_split/alpha-TiAl_500K_snap00005.extxyz,alpha-TiAl,500,alpha-TiAl__500,-0.0013041208459086,0.0004698495699213638,0.001773970415829964,0.001773970415829964,1
/Users/yti0811/Desktop/FE_data/npj_CM01/NPJ_CM_Fig_Python/Public_Reproducibility_Package_V01/npjcm-free-energy-surrogate_Re3/Python_Codes/table/snapshots_split/alpha-TiAl_500K_snap00006.extxyz,alpha-TiAl,500,alpha-TiAl__500,-0.0011701629255417,0.0013050792409201864,0.0024752421664618863,0.0024752421664618863,1
/Users/yti0811/Desktop/FE_data/npj_CM01/NPJ_CM_Fig_Python/Public_Reproducibility_Package_V01/npjcm-free-energy-surrogate_Re3/Python_Codes/table/snapshots_split/alpha-TiAl_500K_snap00007.extxyz,alpha-TiAl,500,alpha-TiAl__500,-0.0009452534264778,-0.00093532004064002,9.933385837779967e-06,9.933385837779967e-06,1
/Users/yti0811/Desktop/FE_data/npj_CM01/NPJ_CM_Fig_Python/Public_Reproducibility_Package_V01/npjcm-free-energy-surrogate_Re3/Python_Codes/table/snapshots_split/alpha-TiAl_500K_snap00008.extxyz,alpha-TiAl,500,alpha-TiAl__500,-0.0010971861251523,-0.001084549988643704,1.2636136508595991e-05,1.2636136508595991e-05,1
/Users/yti0811/Desktop/FE_data/npj_CM01/NPJ_CM_Fig_Python/Public_Reproducibility_Package_V01/npjcm-free-energy-surrogate_Re3/Python_Codes/table/snapshots_split/alpha-TiAl_500K_snap00009.extxyz,alpha-TiAl,500,alpha-TiAl__500,-0.0012075682676578,-0.0013803719120482382,-0.00017280364439043816,0.00017280364439043816,1
/Users/yti0811/Desktop/FE_data/npj_CM01/NPJ_CM_Fig_Python/Public_Reproducibility_Package_V01/npjcm-free-energy-surrogate_Re3/Python_Codes/table/snapshots_split/alpha-TiAl_500K_snap00010.extxyz,alpha-TiAl,500,alpha-TiAl__500,-0.0008997805112019,-0.0005327653764962635,0.00036701513470563656,0.00036701513470563656,1
/Users/yti0811/Desktop/FE_data/npj_CM01/NPJ_CM_Fig_Python/Public_Reproducibility_Package_V01/npjcm-free-energy-surrogate_Re3/Python_Codes/table/snapshots_split/alpha-TiAl_500K_snap00011.extxyz,alpha-TiAl,500,alpha-TiAl__500,-0.0008374796705989,-0.0008644301581255139,-2.6950487526613892e-05,2.6950487526613892e-05,1
/Users/yti0811/Desktop/FE_data/npj_CM01/NPJ_CM_Fig_Python/Public_Reproducibility_Package_V01/npjcm-free-energy-surrogate_Re3/Python_Codes/table/snapshots_split/alpha-TiAl_500K_snap00012.extxyz,alpha-TiAl,500,alpha-TiAl__500,-0.000944629862409,-0.0001654620520266625,0.0007791678103823375,0.0007791678103823375,1
/Users/yti0811/Desktop/FE_data/npj_CM01/NPJ_CM_Fig_Python/Public_Reproducibility_Package_V01/npjcm-free-energy-surrogate_Re3/Python_Codes/table/snapshots_split/alpha-TiAl_500K_snap00013.extxyz,alpha-TiAl,500,alpha-TiAl__500,-0.0010135390142639,-0.0008834400686959042,0.0001300989455679959,0.0001300989455679959,1
/Users/yti0811/Desktop/FE_data/npj_CM01/NPJ_CM_Fig_Python/Public_Reproducibility_Package_V01/npjcm-free-energy-surrogate_Re3/Python_Codes/table/snapshots_split/alpha-TiAl_500K_snap00014.extxyz,alpha-TiAl,500,alpha-TiAl__500,-0.0010109846946146,-0.00111550323663421,-0.00010451854201961003,0.00010451854201961003,1
/Users/yti0811/Desktop/FE_data/npj_CM01/NPJ_CM_Fig_Python/Public_Reproducibility_Package_V01/npjcm-free-energy-surrogate_Re3/Python_Codes/table/snapshots_split/alpha-TiAl_500K_snap00015.extxyz,alpha-TiAl,500,alpha-TiAl__500,-0.0014668146229467,-0.00012470846097320455,0.0013421061619734954,0.0013421061619734954,1
/Users/yti0811/Desktop/FE_data/npj_CM01/NPJ_CM_Fig_Python/Public_Reproducibility_Package_V01/npjcm-free-energy-surrogate_Re3/Python_Codes/table/snapshots_split/alpha-TiAl_500K_snap00016.extxyz,alpha-TiAl,500,alpha-TiAl__500,-0.0010052169731259,0.0002740774030961712,0.0012792943762220711,0.0012792943762220711,1
/Users/yti0811/Desktop/FE_data/npj_CM01/NPJ_CM_Fig_Python/Public_Reproducibility_Package_V01/npjcm-free-energy-surrogate_Re3/Python_Codes/table/snapshots_split/alpha-TiAl_500K_snap00017.extxyz,alpha-TiAl,500,alpha-TiAl__500,-0.0013998509194657,0.0011662834594144155,0.0025661343788801155,0.0025661343788801155,1
/Users/yti0811/Desktop/FE_data/npj_CM01/NPJ_CM_Fig_Python/Public_Reproducibility_Package_V01/npjcm-free-energy-surrogate_Re3/Python_Codes/table/snapshots_split/alpha-TiAl_500K_snap00018.extxyz,alpha-TiAl,500,alpha-TiAl__500,-0.0007293274864794,0.0011558631445115469,0.001885190630990947,0.001885190630990947,1
/Users/yti0811/Desktop/FE_data/npj_CM01/NPJ_CM_Fig_Python/Public_Reproducibility_Package_V01/npjcm-free-energy-surrogate_Re3/Python_Codes/table/snapshots_split/alpha-TiAl_500K_snap00019.extxyz,alpha-TiAl,500,alpha-TiAl__500,-0.0010711896834428,-0.0002060056477389984,0.0008651840357038015,0.0008651840357038015,1
/Users/yti0811/Desktop/FE_data/npj_CM01/NPJ_CM_Fig_Python/Public_Reproducibility_Package_V01/npjcm-free-energy-surrogate_Re3/Python_Codes/table/snapshots_split/alpha-TiAl_500K_snap00020.extxyz,alpha-TiAl,500,alpha-TiAl__500,-0.000760907009993,0.000947041548693155,0.001707948558686155,0.001707948558686155,1
/Users/yti0811/Desktop/FE_data/npj_CM01/NPJ_CM_Fig_Python/Public_Reproducibility_Package_V01/npjcm-free-energy-surrogate_Re3/Python_Codes/table/snapshots_split/alpha-TiAl_500K_snap00021.extxyz,alpha-TiAl,500,alpha-TiAl__500,-0.0007091754879305,-0.0004050612829314019,0.00030411420499909807,0.00030411420499909807,1
/Users/yti0811/Desktop/FE_data/npj_CM01/NPJ_CM_Fig_Python/Public_Reproducibility_Package_V01/npjcm-free-energy-surrogate_Re3/Python_Codes/table/snapshots_split/alpha-TiAl_500K_snap00022.extxyz,alpha-TiAl,500,alpha-TiAl__500,-0.0011047801351883,0.0011108225736654828,0.0022156027088537826,0.0022156027088537826,1
/Users/yti0811/Desktop/FE_data/npj_CM01/NPJ_CM_Fig_Python/Public_Reproducibility_Package_V01/npjcm-free-energy-surrogate_Re3/Python_Codes/table/snapshots_split/alpha-TiAl_500K_snap00023.extxyz,alpha-TiAl,500,alpha-TiAl__500,-0.0012016181905085,-0.0005972505353489017,0.0006043676551595983,0.0006043676551595983,1
/Users/yti0811/Desktop/FE_data/npj_CM01/NPJ_CM_Fig_Python/Public_Reproducibility_Package_V01/npjcm-free-energy-surrogate_Re3/Python_Codes/table/snapshots_split/alpha-TiAl_500K_snap00024.extxyz,alpha-TiAl,500,alpha-TiAl__500,-0.0004618215738174,-0.0013008301510661225,-0.0008390085772487225,0.0008390085772487225,1
/Users/yti0811/Desktop/FE_data/npj_CM01/NPJ_CM_Fig_Python/Public_Reproducibility_Package_V01/npjcm-free-energy-surrogate_Re3/Python_Codes/table/snapshots_split/alpha-TiAl_500K_snap00025.extxyz,alpha-TiAl,500,alpha-TiAl__500,-0.0009522524588385,-0.0005430536182684384,0.0004091988405700615,0.0004091988405700615,1
/Users/yti0811/Desktop/FE_data/npj_CM01/NPJ_CM_Fig_Python/Public_Reproducibility_Package_V01/npjcm-free-energy-surrogate_Re3/Python_Codes/table/snapshots_split/alpha-TiAl_500K_snap00026.extxyz,alpha-TiAl,500,alpha-TiAl__500,-0.0009226258610706,0.0008686925115641979,0.0017913183726347979,0.0017913183726347979,1
/Users/yti0811/Desktop/FE_data/npj_CM01/NPJ_CM_Fig_Python/Public_Reproducibility_Package_V01/npjcm-free-energy-surrogate_Re3/Python_Codes/table/snapshots_split/alpha-TiAl_500K_snap00027.extxyz,alpha-TiAl,500,alpha-TiAl__500,-0.0013043119484371,0.0007239076444076301,0.0020282195928447303,0.0020282195928447303,1
/Users/yti0811/Desktop/FE_data/npj_CM01/NPJ_CM_Fig_Python/Public_Reproducibility_Package_V01/npjcm-free-energy-surrogate_Re3/Python_Codes/table/snapshots_split/alpha-TiAl_500K_snap00028.extxyz,alpha-TiAl,500,alpha-TiAl__500,-0.0010122544127489,-0.0002072087838911477,0.0008050456288577522,0.0008050456288577522,1
/Users/yti0811/Desktop/FE_data/npj_CM01/NPJ_CM_Fig_Python/Public_Reproducibility_Package_V01/npjcm-free-energy-surrogate_Re3/Python_Codes/table/snapshots_split/alpha-TiAl_500K_snap00029.extxyz,alpha-TiAl,500,alpha-TiAl__500,-0.0010749180971938,0.002379482532803595,0.0034544006299973952,0.0034544006299973952,1
/Users/yti0811/Desktop/FE_data/npj_CM01/NPJ_CM_Fig_Python/Public_Reproducibility_Package_V01/npjcm-free-energy-surrogate_Re3/Python_Codes/table/snapshots_split/alpha-TiAl_500K_snap00030.extxyz,alpha-TiAl,500,alpha-TiAl__500,-0.0008549268758049,0.0009033487756026815,0.0017582756514075814,0.0017582756514075814,1
/Users/yti0811/Desktop/FE_data/npj_CM01/NPJ_CM_Fig_Python/Public_Reproducibility_Package_V01/npjcm-free-energy-surrogate_Re3/Python_Codes/table/snapshots_split/alpha-TiAl_500K_snap00031.extxyz,alpha-TiAl,500,alpha-TiAl__500,-0.0008723206982894,-0.0004727588019238033,0.00039956189636559676,0.00039956189636559676,1
/Users/yti0811/Desktop/FE_data/npj_CM01/NPJ_CM_Fig_Python/Public_Reproducibility_Package_V01/npjcm-free-energy-surrogate_Re3/Python_Codes/table/snapshots_split/alpha-TiAl_500K_snap00032.extxyz,alpha-TiAl,500,alpha-TiAl__500,-0.0005329596590133,0.0005395550685031576,0.0010725147275164578,0.0010725147275164578,1
/Users/yti0811/Desktop/FE_data/npj_CM01/NPJ_CM_Fig_Python/Public_Reproducibility_Package_V01/npjcm-free-energy-surrogate_Re3/Python_Codes/table/snapshots_split/alpha-TiAl_500K_snap00033.extxyz,alpha-TiAl,500,alpha-TiAl__500,-0.0008081976311657,0.0007553674392988488,0.0015635650704645487,0.0015635650704645487,1
/Users/yti0811/Desktop/FE_data/npj_CM01/NPJ_CM_Fig_Python/Public_Reproducibility_Package_V01/npjcm-free-energy-surrogate_Re3/Python_Codes/table/snapshots_split/alpha-TiAl_500K_snap00034.extxyz,alpha-TiAl,500,alpha-TiAl__500,-0.00126839278726,0.002372237193998923,0.003640629981258923,0.003640629981258923,1
/Users/yti0811/Desktop/FE_data/npj_CM01/NPJ_CM_Fig_Python/Public_Reproducibility_Package_V01/npjcm-free-energy-surrogate_Re3/Python_Codes/table/snapshots_split/alpha-TiAl_500K_snap00035.extxyz,alpha-TiAl,500,alpha-TiAl__500,-0.0010011524415497,-0.00018462551349900092,0.000816526928050699,0.000816526928050699,1
/Users/yti0811/Desktop/FE_data/npj_CM01/NPJ_CM_Fig_Python/Public_Reproducibility_Package_V01/npjcm-free-energy-surrogate_Re3/Python_Codes/table/snapshots_split/alpha-TiAl_500K_snap00036.extxyz,alpha-TiAl,500,alpha-TiAl__500,-0.0006275897022494,-0.00015851743164699088,0.00046907227060240914,0.00046907227060240914,1
/Users/yti0811/Desktop/FE_data/npj_CM01/NPJ_CM_Fig_Python/Public_Reproducibility_Package_V01/npjcm-free-energy-surrogate_Re3/Python_Codes/table/snapshots_split/alpha-TiAl_500K_snap00037.extxyz,alpha-TiAl,500,alpha-TiAl__500,-0.0012013521293985,-0.0005318859062122962,0.0006694662231862039,0.0006694662231862039,1
/Users/yti0811/Desktop/FE_data/npj_CM01/NPJ_CM_Fig_Python/Public_Reproducibility_Package_V01/npjcm-free-energy-surrogate_Re3/Python_Codes/table/snapshots_split/alpha-TiAl_500K_snap00038.extxyz,alpha-TiAl,500,alpha-TiAl__500,-0.0013385865397222,-0.0012189557389885295,0.00011963080073367047,0.00011963080073367047,1
/Users/yti0811/Desktop/FE_data/npj_CM01/NPJ_CM_Fig_Python/Public_Reproducibility_Package_V01/npjcm-free-energy-surrogate_Re3/Python_Codes/table/snapshots_split/alpha-TiAl_500K_snap00039.extxyz,alpha-TiAl,500,alpha-TiAl__500,-0.0008661611766377,-0.0002899762741832905,0.0005761849024544095,0.0005761849024544095,1
/Users/yti0811/Desktop/FE_data/npj_CM01/NPJ_CM_Fig_Python/Public_Reproducibility_Package_V01/npjcm-free-energy-surrogate_Re3/Python_Codes/table/snapshots_split/alpha-TiAl_500K_snap00040.extxyz,alpha-TiAl,500,alpha-TiAl__500,-0.0010492069240345,-0.001059489477473433,-1.028255343893305e-05,1.028255343893305e-05,1
/Users/yti0811/Desktop/FE_data/npj_CM01/NPJ_CM_Fig_Python/Public_Reproducibility_Package_V01/npjcm-free-energy-surrogate_Re3/Python_Codes/table/snapshots_split/alpha-TiAl_500K_snap00041.extxyz,alpha-TiAl,500,alpha-TiAl__500,-0.0012165671894273,-0.00044473601959212083,0.0007718311698351792,0.0007718311698351792,1
/Users/yti0811/Desktop/FE_data/npj_CM01/NPJ_CM_Fig_Python/Public_Reproducibility_Package_V01/npjcm-free-energy-surrogate_Re3/Python_Codes/table/snapshots_split/alpha-TiAl_500K_snap00042.extxyz,alpha-TiAl,500,alpha-TiAl__500,-0.0009482908532945,0.0021285860702221614,0.0030768769235166617,0.0030768769235166617,1
/Users/yti0811/Desktop/FE_data/npj_CM01/NPJ_CM_Fig_Python/Public_Reproducibility_Package_V01/npjcm-free-energy-surrogate_Re3/Python_Codes/table/snapshots_split/alpha-TiAl_500K_snap00043.extxyz,alpha-TiAl,500,alpha-TiAl__500,-0.0009157313038672,0.00047717239187985386,0.0013929036957470537,0.0013929036957470537,1
/Users/yti0811/Desktop/FE_data/npj_CM01/NPJ_CM_Fig_Python/Public_Reproducibility_Package_V01/npjcm-free-energy-surrogate_Re3/Python_Codes/table/snapshots_split/alpha-TiAl_500K_snap00044.extxyz,alpha-TiAl,500,alpha-TiAl__500,-0.0012958287860156,0.0003812883476585478,0.0016771171336741478,0.0016771171336741478,1
/Users/yti0811/Desktop/FE_data/npj_CM01/NPJ_CM_Fig_Python/Public_Reproducibility_Package_V01/npjcm-free-energy-surrogate_Re3/Python_Codes/table/snapshots_split/alpha-TiAl_500K_snap00045.extxyz,alpha-TiAl,500,alpha-TiAl__500,-0.0008830804162346,0.0020014416736029873,0.0028845220898375875,0.0028845220898375875,1
/Users/yti0811/Desktop/FE_data/npj_CM01/NPJ_CM_Fig_Python/Public_Reproducibility_Package_V01/npjcm-free-energy-surrogate_Re3/Python_Codes/table/snapshots_split/alpha-TiAl_500K_snap00046.extxyz,alpha-TiAl,500,alpha-TiAl__500,-0.0005200666770885,-0.0002757793504553685,0.0002442873266331315,0.0002442873266331315,1
/Users/yti0811/Desktop/FE_data/npj_CM01/NPJ_CM_Fig_Python/Public_Reproducibility_Package_V01/npjcm-free-energy-surrogate_Re3/Python_Codes/table/snapshots_split/alpha-TiAl_500K_snap00047.extxyz,alpha-TiAl,500,alpha-TiAl__500,-0.0007890373385396,-0.000926957009242149,-0.00013791967070254897,0.00013791967070254897,1
/Users/yti0811/Desktop/FE_data/npj_CM01/NPJ_CM_Fig_Python/Public_Reproducibility_Package_V01/npjcm-free-energy-surrogate_Re3/Python_Codes/table/snapshots_split/alpha-TiAl_500K_snap00048.extxyz,alpha-TiAl,500,alpha-TiAl__500,-0.0007519386367071,0.0015295814797402977,0.0022815201164473977,0.0022815201164473977,1
/Users/yti0811/Desktop/FE_data/npj_CM01/NPJ_CM_Fig_Python/Public_Reproducibility_Package_V01/npjcm-free-energy-surrogate_Re3/Python_Codes/table/snapshots_split/alpha-TiAl_500K_snap00049.extxyz,alpha-TiAl,500,alpha-TiAl__500,-0.0009524450759315,5.627184866276603e-06,0.0009580722607977766,0.0009580722607977766,1
/Users/yti0811/Desktop/FE_data/npj_CM01/NPJ_CM_Fig_Python/Public_Reproducibility_Package_V01/npjcm-free-energy-surrogate_Re3/Python_Codes/table/snapshots_split/alpha-TiAl_500K_snap00050.extxyz,alpha-TiAl,500,alpha-TiAl__500,-0.0012176904588399,-0.0013764056962927416,-0.0001587152374528415,0.0001587152374528415,1
/Users/yti0811/Desktop/FE_data/npj_CM01/NPJ_CM_Fig_Python/Public_Reproducibility_Package_V01/npjcm-free-energy-surrogate_Re3/Python_Codes/table/snapshots_split/alpha-TiAl_500K_snap00051.extxyz,alpha-TiAl,500,alpha-TiAl__500,-0.0009812769366225,-0.0014256534165666022,-0.00044437647994410227,0.00044437647994410227,1
/Users/yti0811/Desktop/FE_data/npj_CM01/NPJ_CM_Fig_Python/Public_Reproducibility_Package_V01/npjcm-free-energy-surrogate_Re3/Python_Codes/table/snapshots_split/alpha-TiAl_500K_snap00052.extxyz,alpha-TiAl,500,alpha-TiAl__500,-0.0007917761686996,0.00020969409679640408,0.001001470265496004,0.001001470265496004,1
/Users/yti0811/Desktop/FE_data/npj_CM01/NPJ_CM_Fig_Python/Public_Reproducibility_Package_V01/npjcm-free-energy-surrogate_Re3/Python_Codes/table/snapshots_split/alpha-TiAl_500K_snap00053.extxyz,alpha-TiAl,500,alpha-TiAl__500,-0.0007846453433515,0.0019371697685192125,0.0027218151118707126,0.0027218151118707126,1
/Users/yti0811/Desktop/FE_data/npj_CM01/NPJ_CM_Fig_Python/Public_Reproducibility_Package_V01/npjcm-free-energy-surrogate_Re3/Python_Codes/table/snapshots_split/alpha-TiAl_500K_snap00054.extxyz,alpha-TiAl,500,alpha-TiAl__500,-0.0010179828783911,0.0010235534678338183,0.0020415363462249186,0.0020415363462249186,1
/Users/yti0811/Desktop/FE_data/npj_CM01/NPJ_CM_Fig_Python/Public_Reproducibility_Package_V01/npjcm-free-energy-surrogate_Re3/Python_Codes/table/snapshots_split/alpha-TiAl_500K_snap00055.extxyz,alpha-TiAl,500,alpha-TiAl__500,-0.0011781984780273,-0.0018913731218811623,-0.0007131746438538624,0.0007131746438538624,1
/Users/yti0811/Desktop/FE_data/npj_CM01/NPJ_CM_Fig_Python/Public_Reproducibility_Package_V01/npjcm-free-energy-surrogate_Re3/Python_Codes/table/snapshots_split/alpha-TiAl_500K_snap00056.extxyz,alpha-TiAl,500,alpha-TiAl__500,-0.0005170205610562,-0.0004207380634833475,9.628249757285244e-05,9.628249757285244e-05,1
/Users/yti0811/Desktop/FE_data/npj_CM01/NPJ_CM_Fig_Python/Public_Reproducibility_Package_V01/npjcm-free-energy-surrogate_Re3/Python_Codes/table/snapshots_split/alpha-TiAl_500K_snap00057.extxyz,alpha-TiAl,500,alpha-TiAl__500,-0.0010460485974422,0.00030041813731074426,0.0013464667347529444,0.0013464667347529444,1
/Users/yti0811/Desktop/FE_data/npj_CM01/NPJ_CM_Fig_Python/Public_Reproducibility_Package_V01/npjcm-free-energy-surrogate_Re3/Python_Codes/table/snapshots_split/alpha-TiAl_500K_snap00058.extxyz,alpha-TiAl,500,alpha-TiAl__500,-0.001120629991071,-0.00033994705518584033,0.0007806829358851596,0.0007806829358851596,1
/Users/yti0811/Desktop/FE_data/npj_CM01/NPJ_CM_Fig_Python/Public_Reproducibility_Package_V01/npjcm-free-energy-surrogate_Re3/Python_Codes/table/snapshots_split/alpha-TiAl_500K_snap00059.extxyz,alpha-TiAl,500,alpha-TiAl__500,-0.0006851751049588,0.0016301176200410245,0.0023152927249998245,0.0023152927249998245,1
/Users/yti0811/Desktop/FE_data/npj_CM01/NPJ_CM_Fig_Python/Public_Reproducibility_Package_V01/npjcm-free-energy-surrogate_Re3/Python_Codes/table/snapshots_split/alpha-TiAl_500K_snap00060.extxyz,alpha-TiAl,500,alpha-TiAl__500,-0.0007696409410211,-7.549395954173832e-05,0.0006941469814793616,0.0006941469814793616,1
/Users/yti0811/Desktop/FE_data/npj_CM01/NPJ_CM_Fig_Python/Public_Reproducibility_Package_V01/npjcm-free-energy-surrogate_Re3/Python_Codes/table/snapshots_split/alpha-TiAl_500K_snap00061.extxyz,alpha-TiAl,500,alpha-TiAl__500,-0.0012521096481218,0.0015583364739833465,0.0028104461221051466,0.0028104461221051466,1
/Users/yti0811/Desktop/FE_data/npj_CM01/NPJ_CM_Fig_Python/Public_Reproducibility_Package_V01/npjcm-free-energy-surrogate_Re3/Python_Codes/table/snapshots_split/alpha-TiAl_500K_snap00062.extxyz,alpha-TiAl,500,alpha-TiAl__500,-0.001047955433636,0.0017754415269796622,0.0028233969606156623,0.0028233969606156623,1
/Users/yti0811/Desktop/FE_data/npj_CM01/NPJ_CM_Fig_Python/Public_Reproducibility_Package_V01/npjcm-free-energy-surrogate_Re3/Python_Codes/table/snapshots_split/alpha-TiAl_500K_snap00063.extxyz,alpha-TiAl,500,alpha-TiAl__500,-0.0006098546599639,-0.00038584753700350637,0.00022400712296039363,0.00022400712296039363,1
/Users/yti0811/Desktop/FE_data/npj_CM01/NPJ_CM_Fig_Python/Public_Reproducibility_Package_V01/npjcm-free-energy-surrogate_Re3/Python_Codes/table/snapshots_split/alpha-TiAl_500K_snap00064.extxyz,alpha-TiAl,500,alpha-TiAl__500,-0.0008431277083245,-0.0015428490885455739,-0.0006997213802210739,0.0006997213802210739,1
/Users/yti0811/Desktop/FE_data/npj_CM01/NPJ_CM_Fig_Python/Public_Reproducibility_Package_V01/npjcm-free-energy-surrogate_Re3/Python_Codes/table/snapshots_split/alpha-TiAl_500K_snap00065.extxyz,alpha-TiAl,500,alpha-TiAl__500,-0.0007399269298399,0.0009110534576237949,0.0016509803874636948,0.0016509803874636948,1
/Users/yti0811/Desktop/FE_data/npj_CM01/NPJ_CM_Fig_Python/Public_Reproducibility_Package_V01/npjcm-free-energy-surrogate_Re3/Python_Codes/table/snapshots_split/alpha-TiAl_500K_snap00066.extxyz,alpha-TiAl,500,alpha-TiAl__500,-0.0008049870820726,-0.0013936434019200545,-0.0005886563198474545,0.0005886563198474545,1
/Users/yti0811/Desktop/FE_data/npj_CM01/NPJ_CM_Fig_Python/Public_Reproducibility_Package_V01/npjcm-free-energy-surrogate_Re3/Python_Codes/table/snapshots_split/alpha-TiAl_500K_snap00067.extxyz,alpha-TiAl,500,alpha-TiAl__500,-0.001228969301402,-0.0012809264618567663,-5.195716045476627e-05,5.195716045476627e-05,1
/Users/yti0811/Desktop/FE_data/npj_CM01/NPJ_CM_Fig_Python/Public_Reproducibility_Package_V01/npjcm-free-energy-surrogate_Re3/Python_Codes/table/snapshots_split/alpha-TiAl_500K_snap00068.extxyz,alpha-TiAl,500,alpha-TiAl__500,-0.0011897766262417,0.0006194116474508981,0.001809188273692598,0.001809188273692598,1
/Users/yti0811/Desktop/FE_data/npj_CM01/NPJ_CM_Fig_Python/Public_Reproducibility_Package_V01/npjcm-free-energy-surrogate_Re3/Python_Codes/table/snapshots_split/alpha-TiAl_500K_snap00069.extxyz,alpha-TiAl,500,alpha-TiAl__500,-0.0009883746099426,0.0003304716041029358,0.0013188462140455359,0.0013188462140455359,1
/Users/yti0811/Desktop/FE_data/npj_CM01/NPJ_CM_Fig_Python/Public_Reproducibility_Package_V01/npjcm-free-energy-surrogate_Re3/Python_Codes/table/snapshots_split/alpha-TiAl_500K_snap00070.extxyz,alpha-TiAl,500,alpha-TiAl__500,-0.0008987450807565,0.0019875380261893043,0.002886283106945804,0.002886283106945804,1
/Users/yti0811/Desktop/FE_data/npj_CM01/NPJ_CM_Fig_Python/Public_Reproducibility_Package_V01/npjcm-free-energy-surrogate_Re3/Python_Codes/table/snapshots_split/alpha-TiAl_500K_snap00071.extxyz,alpha-TiAl,500,alpha-TiAl__500,-0.0006786587623039,0.0014342828050713037,0.002112941567375204,0.002112941567375204,1
/Users/yti0811/Desktop/FE_data/npj_CM01/NPJ_CM_Fig_Python/Public_Reproducibility_Package_V01/npjcm-free-energy-surrogate_Re3/Python_Codes/table/snapshots_split/alpha-TiAl_500K_snap00072.extxyz,alpha-TiAl,500,alpha-TiAl__500,-0.001158816975174,0.0010614827803542863,0.002220299755528286,0.002220299755528286,1
/Users/yti0811/Desktop/FE_data/npj_CM01/NPJ_CM_Fig_Python/Public_Reproducibility_Package_V01/npjcm-free-energy-surrogate_Re3/Python_Codes/table/snapshots_split/alpha-TiAl_500K_snap00073.extxyz,alpha-TiAl,500,alpha-TiAl__500,-0.0008238081865973,0.0010094074292390143,0.0018332156158363143,0.0018332156158363143,1
/Users/yti0811/Desktop/FE_data/npj_CM01/NPJ_CM_Fig_Python/Public_Reproducibility_Package_V01/npjcm-free-energy-surrogate_Re3/Python_Codes/table/snapshots_split/alpha-TiAl_500K_snap00074.extxyz,alpha-TiAl,500,alpha-TiAl__500,-0.0007443987604905,-0.0006959776105405884,4.8421149949911526e-05,4.8421149949911526e-05,1
/Users/yti0811/Desktop/FE_data/npj_CM01/NPJ_CM_Fig_Python/Public_Reproducibility_Package_V01/npjcm-free-energy-surrogate_Re3/Python_Codes/table/snapshots_split/alpha-TiAl_500K_snap00075.extxyz,alpha-TiAl,500,alpha-TiAl__500,-0.0012483242065766,0.0007339584751141711,0.0019822826816907712,0.0019822826816907712,1
/Users/yti0811/Desktop/FE_data/npj_CM01/NPJ_CM_Fig_Python/Public_Reproducibility_Package_V01/npjcm-free-energy-surrogate_Re3/Python_Codes/table/snapshots_split/alpha-TiAl_500K_snap00076.extxyz,alpha-TiAl,500,alpha-TiAl__500,-0.0006090482105794,0.00048230728497954047,0.0010913554955589405,0.0010913554955589405,1
/Users/yti0811/Desktop/FE_data/npj_CM01/NPJ_CM_Fig_Python/Public_Reproducibility_Package_V01/npjcm-free-energy-surrogate_Re3/Python_Codes/table/snapshots_split/alpha-TiAl_500K_snap00077.extxyz,alpha-TiAl,500,alpha-TiAl__500,-0.000758022145205,-0.00016968651551037424,0.0005883356296946257,0.0005883356296946257,1
/Users/yti0811/Desktop/FE_data/npj_CM01/NPJ_CM_Fig_Python/Public_Reproducibility_Package_V01/npjcm-free-energy-surrogate_Re3/Python_Codes/table/snapshots_split/alpha-TiAl_500K_snap00078.extxyz,alpha-TiAl,500,alpha-TiAl__500,-0.000760807815631,-0.0011476495669801167,-0.0003868417513491167,0.0003868417513491167,1
/Users/yti0811/Desktop/FE_data/npj_CM01/NPJ_CM_Fig_Python/Public_Reproducibility_Package_V01/npjcm-free-energy-surrogate_Re3/Python_Codes/table/snapshots_split/alpha-TiAl_500K_snap00079.extxyz,alpha-TiAl,500,alpha-TiAl__500,-0.0008901444737859,0.0012944326806335954,0.0021845771544194955,0.0021845771544194955,1
/Users/yti0811/Desktop/FE_data/npj_CM01/NPJ_CM_Fig_Python/Public_Reproducibility_Package_V01/npjcm-free-energy-surrogate_Re3/Python_Codes/table/snapshots_split/alpha-TiAl_500K_snap00080.extxyz,alpha-TiAl,500,alpha-TiAl__500,-0.0008267417399744,0.000296733434795861,0.001123475174770261,0.001123475174770261,1
/Users/yti0811/Desktop/FE_data/npj_CM01/NPJ_CM_Fig_Python/Public_Reproducibility_Package_V01/npjcm-free-energy-surrogate_Re3/Python_Codes/table/snapshots_split/alpha-TiAl_500K_snap00081.extxyz,alpha-TiAl,500,alpha-TiAl__500,-0.0011195136564331,0.0008542084155510931,0.001973722071984193,0.001973722071984193,1
/Users/yti0811/Desktop/FE_data/npj_CM01/NPJ_CM_Fig_Python/Public_Reproducibility_Package_V01/npjcm-free-energy-surrogate_Re3/Python_Codes/table/snapshots_split/alpha-TiAl_500K_snap00082.extxyz,alpha-TiAl,500,alpha-TiAl__500,-0.0007219959333646,0.001354714173638093,0.002076710107002693,0.002076710107002693,1
/Users/yti0811/Desktop/FE_data/npj_CM01/NPJ_CM_Fig_Python/Public_Reproducibility_Package_V01/npjcm-free-energy-surrogate_Re3/Python_Codes/table/snapshots_split/alpha-TiAl_500K_snap00083.extxyz,alpha-TiAl,500,alpha-TiAl__500,-0.0012109757700136,2.0140296304918624e-05,0.0012311160663185186,0.0012311160663185186,1
/Users/yti0811/Desktop/FE_data/npj_CM01/NPJ_CM_Fig_Python/Public_Reproducibility_Package_V01/npjcm-free-energy-surrogate_Re3/Python_Codes/table/snapshots_split/alpha-TiAl_500K_snap00084.extxyz,alpha-TiAl,500,alpha-TiAl__500,-0.0009677717708909,-0.0008715188440628327,9.625292682806732e-05,9.625292682806732e-05,1
/Users/yti0811/Desktop/FE_data/npj_CM01/NPJ_CM_Fig_Python/Public_Reproducibility_Package_V01/npjcm-free-energy-surrogate_Re3/Python_Codes/table/snapshots_split/alpha-TiAl_500K_snap00085.extxyz,alpha-TiAl,500,alpha-TiAl__500,-0.001300353574142,0.0010998461885249919,0.0024001997626669916,0.0024001997626669916,1
/Users/yti0811/Desktop/FE_data/npj_CM01/NPJ_CM_Fig_Python/Public_Reproducibility_Package_V01/npjcm-free-energy-surrogate_Re3/Python_Codes/table/snapshots_split/alpha-TiAl_500K_snap00086.extxyz,alpha-TiAl,500,alpha-TiAl__500,-0.0011657853993432,0.0005662773235391984,0.0017320627228823984,0.0017320627228823984,1
/Users/yti0811/Desktop/FE_data/npj_CM01/NPJ_CM_Fig_Python/Public_Reproducibility_Package_V01/npjcm-free-energy-surrogate_Re3/Python_Codes/table/snapshots_split/alpha-TiAl_500K_snap00087.extxyz,alpha-TiAl,500,alpha-TiAl__500,-0.001148191380639,-0.0009698695867060334,0.00017832179393296652,0.00017832179393296652,1
/Users/yti0811/Desktop/FE_data/npj_CM01/NPJ_CM_Fig_Python/Public_Reproducibility_Package_V01/npjcm-free-energy-surrogate_Re3/Python_Codes/table/snapshots_split/alpha-TiAl_500K_snap00088.extxyz,alpha-TiAl,500,alpha-TiAl__500,-0.0008673145026971,0.0006508944089129959,0.0015182089116100958,0.0015182089116100958,1
/Users/yti0811/Desktop/FE_data/npj_CM01/NPJ_CM_Fig_Python/Public_Reproducibility_Package_V01/npjcm-free-energy-surrogate_Re3/Python_Codes/table/snapshots_split/alpha-TiAl_500K_snap00089.extxyz,alpha-TiAl,500,alpha-TiAl__500,-0.0011670871497991,0.000701418614837788,0.001868505764636888,0.001868505764636888,1
/Users/yti0811/Desktop/FE_data/npj_CM01/NPJ_CM_Fig_Python/Public_Reproducibility_Package_V01/npjcm-free-energy-surrogate_Re3/Python_Codes/table/snapshots_split/alpha-TiAl_500K_snap00090.extxyz,alpha-TiAl,500,alpha-TiAl__500,-0.0008367051345201,-0.0013199609308512366,-0.0004832557963311366,0.0004832557963311366,1
/Users/yti0811/Desktop/FE_data/npj_CM01/NPJ_CM_Fig_Python/Public_Reproducibility_Package_V01/npjcm-free-energy-surrogate_Re3/Python_Codes/table/snapshots_split/alpha-TiAl_500K_snap00091.extxyz,alpha-TiAl,500,alpha-TiAl__500,-0.0007957093906273,-0.0007262066080284416,6.950278259885837e-05,6.950278259885837e-05,1
/Users/yti0811/Desktop/FE_data/npj_CM01/NPJ_CM_Fig_Python/Public_Reproducibility_Package_V01/npjcm-free-energy-surrogate_Re3/Python_Codes/table/snapshots_split/alpha-TiAl_500K_snap00092.extxyz,alpha-TiAl,500,alpha-TiAl__500,-0.0008805123195791,-0.0005038425700311385,0.0003766697495479615,0.0003766697495479615,1
/Users/yti0811/Desktop/FE_data/npj_CM01/NPJ_CM_Fig_Python/Public_Reproducibility_Package_V01/npjcm-free-energy-surrogate_Re3/Python_Codes/table/snapshots_split/alpha-TiAl_500K_snap00093.extxyz,alpha-TiAl,500,alpha-TiAl__500,-0.0007336884053188,0.0007625328963763001,0.0014962213016951002,0.0014962213016951002,1
/Users/yti0811/Desktop/FE_data/npj_CM01/NPJ_CM_Fig_Python/Public_Reproducibility_Package_V01/npjcm-free-energy-surrogate_Re3/Python_Codes/table/snapshots_split/alpha-TiAl_500K_snap00094.extxyz,alpha-TiAl,500,alpha-TiAl__500,-0.0008750670593808,-0.0006941412194882162,0.00018092583989258372,0.00018092583989258372,1
/Users/yti0811/Desktop/FE_data/npj_CM01/NPJ_CM_Fig_Python/Public_Reproducibility_Package_V01/npjcm-free-energy-surrogate_Re3/Python_Codes/table/snapshots_split/alpha-TiAl_500K_snap00095.extxyz,alpha-TiAl,500,alpha-TiAl__500,-0.0006257771207912,0.00012100970514991854,0.0007467868259411185,0.0007467868259411185,1
/Users/yti0811/Desktop/FE_data/npj_CM01/NPJ_CM_Fig_Python/Public_Reproducibility_Package_V01/npjcm-free-energy-surrogate_Re3/Python_Codes/table/snapshots_split/alpha-TiAl_500K_snap00096.extxyz,alpha-TiAl,500,alpha-TiAl__500,-0.0011222127898352,0.0006354814958059338,0.0017576942856411338,0.0017576942856411338,1
/Users/yti0811/Desktop/FE_data/npj_CM01/NPJ_CM_Fig_Python/Public_Reproducibility_Package_V01/npjcm-free-energy-surrogate_Re3/Python_Codes/table/snapshots_split/alpha-TiAl_500K_snap00097.extxyz,alpha-TiAl,500,alpha-TiAl__500,-0.0003779996294621,0.00043424189351909555,0.0008122415229811956,0.0008122415229811956,1
/Users/yti0811/Desktop/FE_data/npj_CM01/NPJ_CM_Fig_Python/Public_Reproducibility_Package_V01/npjcm-free-energy-surrogate_Re3/Python_Codes/table/snapshots_split/alpha-TiAl_500K_snap00098.extxyz,alpha-TiAl,500,alpha-TiAl__500,-0.0010861779198051,5.033969321843312e-05,0.001136517613023533,0.001136517613023533,1
/Users/yti0811/Desktop/FE_data/npj_CM01/NPJ_CM_Fig_Python/Public_Reproducibility_Package_V01/npjcm-free-energy-surrogate_Re3/Python_Codes/table/snapshots_split/alpha-TiAl_500K_snap00099.extxyz,alpha-TiAl,500,alpha-TiAl__500,-0.0010612113537789,-0.0002587686350121768,0.0008024427187667231,0.0008024427187667231,1
/Users/yti0811/Desktop/FE_data/npj_CM01/NPJ_CM_Fig_Python/Public_Reproducibility_Package_V01/npjcm-free-energy-surrogate_Re3/Python_Codes/table/snapshots_split/alpha-TiAl_600K_snap00000.extxyz,alpha-TiAl,600,alpha-TiAl__600,9.49585062026692e-05,0.0012020188775283503,0.0011070603713256811,0.0011070603713256811,0
/Users/yti0811/Desktop/FE_data/npj_CM01/NPJ_CM_Fig_Python/Public_Reproducibility_Package_V01/npjcm-free-energy-surrogate_Re3/Python_Codes/table/snapshots_split/alpha-TiAl_600K_snap00001.extxyz,alpha-TiAl,600,alpha-TiAl__600,-0.0005203549049022,0.0012592431858985697,0.0017795980908007698,0.0017795980908007698,0
/Users/yti0811/Desktop/FE_data/npj_CM01/NPJ_CM_Fig_Python/Public_Reproducibility_Package_V01/npjcm-free-energy-surrogate_Re3/Python_Codes/table/snapshots_split/alpha-TiAl_600K_snap00002.extxyz,alpha-TiAl,600,alpha-TiAl__600,0.0003655194330449,-0.000164704035434946,-0.000530223468479846,0.000530223468479846,0
/Users/yti0811/Desktop/FE_data/npj_CM01/NPJ_CM_Fig_Python/Public_Reproducibility_Package_V01/npjcm-free-energy-surrogate_Re3/Python_Codes/table/snapshots_split/alpha-TiAl_600K_snap00003.extxyz,alpha-TiAl,600,alpha-TiAl__600,-0.000677303299756,0.0030375793642505007,0.003714882664006501,0.003714882664006501,0
/Users/yti0811/Desktop/FE_data/npj_CM01/NPJ_CM_Fig_Python/Public_Reproducibility_Package_V01/npjcm-free-energy-surrogate_Re3/Python_Codes/table/snapshots_split/alpha-TiAl_600K_snap00004.extxyz,alpha-TiAl,600,alpha-TiAl__600,-0.0004829003167707,-0.0008677231648560726,-0.00038482284808537265,0.00038482284808537265,0
/Users/yti0811/Desktop/FE_data/npj_CM01/NPJ_CM_Fig_Python/Public_Reproducibility_Package_V01/npjcm-free-energy-surrogate_Re3/Python_Codes/table/snapshots_split/alpha-TiAl_600K_snap00005.extxyz,alpha-TiAl,600,alpha-TiAl__600,-0.0005328877211163,0.00036471381723016214,0.0008976015383464622,0.0008976015383464622,0
/Users/yti0811/Desktop/FE_data/npj_CM01/NPJ_CM_Fig_Python/Public_Reproducibility_Package_V01/npjcm-free-energy-surrogate_Re3/Python_Codes/table/snapshots_split/alpha-TiAl_600K_snap00006.extxyz,alpha-TiAl,600,alpha-TiAl__600,5.704450694876684e-05,0.0006021258917637897,0.0005450813848150228,0.0005450813848150228,0
/Users/yti0811/Desktop/FE_data/npj_CM01/NPJ_CM_Fig_Python/Public_Reproducibility_Package_V01/npjcm-free-energy-surrogate_Re3/Python_Codes/table/snapshots_split/alpha-TiAl_600K_snap00007.extxyz,alpha-TiAl,600,alpha-TiAl__600,-0.0008473262483534,0.000525200947622919,0.001372527195976319,0.001372527195976319,0
/Users/yti0811/Desktop/FE_data/npj_CM01/NPJ_CM_Fig_Python/Public_Reproducibility_Package_V01/npjcm-free-energy-surrogate_Re3/Python_Codes/table/snapshots_split/alpha-TiAl_600K_snap00008.extxyz,alpha-TiAl,600,alpha-TiAl__600,-0.0004158841456738,0.001508607460912646,0.001924491606586446,0.001924491606586446,0
/Users/yti0811/Desktop/FE_data/npj_CM01/NPJ_CM_Fig_Python/Public_Reproducibility_Package_V01/npjcm-free-energy-surrogate_Re3/Python_Codes/table/snapshots_split/alpha-TiAl_600K_snap00009.extxyz,alpha-TiAl,600,alpha-TiAl__600,-0.0003527246174921,0.001314003100310181,0.001666727717802281,0.001666727717802281,0
/Users/yti0811/Desktop/FE_data/npj_CM01/NPJ_CM_Fig_Python/Public_Reproducibility_Package_V01/npjcm-free-energy-surrogate_Re3/Python_Codes/table/snapshots_split/alpha-TiAl_600K_snap00010.extxyz,alpha-TiAl,600,alpha-TiAl__600,-0.0007655534007597,-0.0004630653657681548,0.00030248803499154526,0.00030248803499154526,0
/Users/yti0811/Desktop/FE_data/npj_CM01/NPJ_CM_Fig_Python/Public_Reproducibility_Package_V01/npjcm-free-energy-surrogate_Re3/Python_Codes/table/snapshots_split/alpha-TiAl_600K_snap00011.extxyz,alpha-TiAl,600,alpha-TiAl__600,-0.0005231175115159,0.00022843438107051901,0.000751551892586419,0.000751551892586419,0
/Users/yti0811/Desktop/FE_data/npj_CM01/NPJ_CM_Fig_Python/Public_Reproducibility_Package_V01/npjcm-free-energy-surrogate_Re3/Python_Codes/table/snapshots_split/alpha-TiAl_600K_snap00012.extxyz,alpha-TiAl,600,alpha-TiAl__600,-0.00067571732886,0.0005660743496788669,0.001241791678538867,0.001241791678538867,0
/Users/yti0811/Desktop/FE_data/npj_CM01/NPJ_CM_Fig_Python/Public_Reproducibility_Package_V01/npjcm-free-energy-surrogate_Re3/Python_Codes/table/snapshots_split/alpha-TiAl_600K_snap00013.extxyz,alpha-TiAl,600,alpha-TiAl__600,-0.0004258718034972,0.0011909707996202567,0.0016168426031174566,0.0016168426031174566,0
/Users/yti0811/Desktop/FE_data/npj_CM01/NPJ_CM_Fig_Python/Public_Reproducibility_Package_V01/npjcm-free-energy-surrogate_Re3/Python_Codes/table/snapshots_split/alpha-TiAl_600K_snap00014.extxyz,alpha-TiAl,600,alpha-TiAl__600,-0.000480486068906,0.0014009086132708154,0.0018813946821768155,0.0018813946821768155,0
/Users/yti0811/Desktop/FE_data/npj_CM01/NPJ_CM_Fig_Python/Public_Reproducibility_Package_V01/npjcm-free-energy-surrogate_Re3/Python_Codes/table/snapshots_split/alpha-TiAl_600K_snap00015.extxyz,alpha-TiAl,600,alpha-TiAl__600,-0.0001802497218084,-0.0004359042240935513,-0.0002556545022851513,0.0002556545022851513,0
/Users/yti0811/Desktop/FE_data/npj_CM01/NPJ_CM_Fig_Python/Public_Reproducibility_Package_V01/npjcm-free-energy-surrogate_Re3/Python_Codes/table/snapshots_split/alpha-TiAl_600K_snap00016.extxyz,alpha-TiAl,600,alpha-TiAl__600,-0.0005152464660684,0.0013266820357886477,0.0018419285018570477,0.0018419285018570477,0
/Users/yti0811/Desktop/FE_data/npj_CM01/NPJ_CM_Fig_Python/Public_Reproducibility_Package_V01/npjcm-free-energy-surrogate_Re3/Python_Codes/table/snapshots_split/alpha-TiAl_600K_snap00017.extxyz,alpha-TiAl,600,alpha-TiAl__600,-0.0002559100495651,-0.0009272892244744828,-0.0006713791749093828,0.0006713791749093828,0
/Users/yti0811/Desktop/FE_data/npj_CM01/NPJ_CM_Fig_Python/Public_Reproducibility_Package_V01/npjcm-free-energy-surrogate_Re3/Python_Codes/table/snapshots_split/alpha-TiAl_600K_snap00018.extxyz,alpha-TiAl,600,alpha-TiAl__600,-5.6011549859125154e-05,0.0013525513298944586,0.0014085628797535837,0.0014085628797535837,0
/Users/yti0811/Desktop/FE_data/npj_CM01/NPJ_CM_Fig_Python/Public_Reproducibility_Package_V01/npjcm-free-energy-surrogate_Re3/Python_Codes/table/snapshots_split/alpha-TiAl_600K_snap00019.extxyz,alpha-TiAl,600,alpha-TiAl__600,-0.0002308401753805,-0.00040748772007855895,-0.00017664754469805895,0.00017664754469805895,0
/Users/yti0811/Desktop/FE_data/npj_CM01/NPJ_CM_Fig_Python/Public_Reproducibility_Package_V01/npjcm-free-energy-surrogate_Re3/Python_Codes/table/snapshots_split/alpha-TiAl_600K_snap00020.extxyz,alpha-TiAl,600,alpha-TiAl__600,-0.0007959394404308,-0.0011959442754438515,-0.00040000483501305157,0.00040000483501305157,0
/Users/yti0811/Desktop/FE_data/npj_CM01/NPJ_CM_Fig_Python/Public_Reproducibility_Package_V01/npjcm-free-energy-surrogate_Re3/Python_Codes/table/snapshots_split/alpha-TiAl_600K_snap00021.extxyz,alpha-TiAl,600,alpha-TiAl__600,-0.0006393365670702,0.0004561804812911657,0.0010955170483613658,0.0010955170483613658,0
/Users/yti0811/Desktop/FE_data/npj_CM01/NPJ_CM_Fig_Python/Public_Reproducibility_Package_V01/npjcm-free-energy-surrogate_Re3/Python_Codes/table/snapshots_split/alpha-TiAl_600K_snap00022.extxyz,alpha-TiAl,600,alpha-TiAl__600,-0.0005461978086507,-0.0008566788782916567,-0.00031048106964095667,0.00031048106964095667,0
/Users/yti0811/Desktop/FE_data/npj_CM01/NPJ_CM_Fig_Python/Public_Reproducibility_Package_V01/npjcm-free-energy-surrogate_Re3/Python_Codes/table/snapshots_split/alpha-TiAl_600K_snap00023.extxyz,alpha-TiAl,600,alpha-TiAl__600,-0.0004432911636027,0.0004725928808291753,0.0009158840444318753,0.0009158840444318753,0
/Users/yti0811/Desktop/FE_data/npj_CM01/NPJ_CM_Fig_Python/Public_Reproducibility_Package_V01/npjcm-free-energy-surrogate_Re3/Python_Codes/table/snapshots_split/alpha-TiAl_600K_snap00024.extxyz,alpha-TiAl,600,alpha-TiAl__600,-0.0007221124493246,0.00027478424957013694,0.000996896698894737,0.000996896698894737,0
/Users/yti0811/Desktop/FE_data/npj_CM01/NPJ_CM_Fig_Python/Public_Reproducibility_Package_V01/npjcm-free-energy-surrogate_Re3/Python_Codes/table/snapshots_split/alpha-TiAl_600K_snap00025.extxyz,alpha-TiAl,600,alpha-TiAl__600,-0.0003038747181505,0.001083211619519658,0.001387086337670158,0.001387086337670158,0
/Users/yti0811/Desktop/FE_data/npj_CM01/NPJ_CM_Fig_Python/Public_Reproducibility_Package_V01/npjcm-free-energy-surrogate_Re3/Python_Codes/table/snapshots_split/alpha-TiAl_600K_snap00026.extxyz,alpha-TiAl,600,alpha-TiAl__600,-0.0003006035346539,0.0006808981734501071,0.0009815017081040071,0.0009815017081040071,0
/Users/yti0811/Desktop/FE_data/npj_CM01/NPJ_CM_Fig_Python/Public_Reproducibility_Package_V01/npjcm-free-energy-surrogate_Re3/Python_Codes/table/snapshots_split/alpha-TiAl_600K_snap00027.extxyz,alpha-TiAl,600,alpha-TiAl__600,-0.0008713475206181,0.0021913568185864284,0.0030627043392045285,0.0030627043392045285,0
/Users/yti0811/Desktop/FE_data/npj_CM01/NPJ_CM_Fig_Python/Public_Reproducibility_Package_V01/npjcm-free-energy-surrogate_Re3/Python_Codes/table/snapshots_split/alpha-TiAl_600K_snap00028.extxyz,alpha-TiAl,600,alpha-TiAl__600,0.0002919850402878,-0.0002118708948856676,-0.0005038559351734676,0.0005038559351734676,0
/Users/yti0811/Desktop/FE_data/npj_CM01/NPJ_CM_Fig_Python/Public_Reproducibility_Package_V01/npjcm-free-energy-surrogate_Re3/Python_Codes/table/snapshots_split/alpha-TiAl_600K_snap00029.extxyz,alpha-TiAl,600,alpha-TiAl__600,-0.0004605690944257,0.0001587998852932087,0.0006193689797189087,0.0006193689797189087,0
/Users/yti0811/Desktop/FE_data/npj_CM01/NPJ_CM_Fig_Python/Public_Reproducibility_Package_V01/npjcm-free-energy-surrogate_Re3/Python_Codes/table/snapshots_split/alpha-TiAl_600K_snap00030.extxyz,alpha-TiAl,600,alpha-TiAl__600,-0.0004147712763864,-0.0007141148417920445,-0.00029934356540564443,0.00029934356540564443,0
/Users/yti0811/Desktop/FE_data/npj_CM01/NPJ_CM_Fig_Python/Public_Reproducibility_Package_V01/npjcm-free-energy-surrogate_Re3/Python_Codes/table/snapshots_split/alpha-TiAl_600K_snap00031.extxyz,alpha-TiAl,600,alpha-TiAl__600,-0.0007302076141875,-0.000105174458536092,0.000625033155651408,0.000625033155651408,0
/Users/yti0811/Desktop/FE_data/npj_CM01/NPJ_CM_Fig_Python/Public_Reproducibility_Package_V01/npjcm-free-energy-surrogate_Re3/Python_Codes/table/snapshots_split/alpha-TiAl_600K_snap00032.extxyz,alpha-TiAl,600,alpha-TiAl__600,-0.0005765975821171,-0.00046049722857678476,0.00011610035354031519,0.00011610035354031519,0
/Users/yti0811/Desktop/FE_data/npj_CM01/NPJ_CM_Fig_Python/Public_Reproducibility_Package_V01/npjcm-free-energy-surrogate_Re3/Python_Codes/table/snapshots_split/alpha-TiAl_600K_snap00033.extxyz,alpha-TiAl,600,alpha-TiAl__600,-7.868526733600945e-05,0.0004830604391652195,0.0005617457065012289,0.0005617457065012289,0
/Users/yti0811/Desktop/FE_data/npj_CM01/NPJ_CM_Fig_Python/Public_Reproducibility_Package_V01/npjcm-free-energy-surrogate_Re3/Python_Codes/table/snapshots_split/alpha-TiAl_600K_snap00034.extxyz,alpha-TiAl,600,alpha-TiAl__600,-0.0007943372767882,0.0016073187385077488,0.002401656015295949,0.002401656015295949,0
/Users/yti0811/Desktop/FE_data/npj_CM01/NPJ_CM_Fig_Python/Public_Reproducibility_Package_V01/npjcm-free-energy-surrogate_Re3/Python_Codes/table/snapshots_split/alpha-TiAl_600K_snap00035.extxyz,alpha-TiAl,600,alpha-TiAl__600,-0.0004680151823506,-7.402772232964049e-05,0.0003939874600209595,0.0003939874600209595,0
/Users/yti0811/Desktop/FE_data/npj_CM01/NPJ_CM_Fig_Python/Public_Reproducibility_Package_V01/npjcm-free-energy-surrogate_Re3/Python_Codes/table/snapshots_split/alpha-TiAl_600K_snap00036.extxyz,alpha-TiAl,600,alpha-TiAl__600,-0.0003284841743824,-0.00017907686325977846,0.00014940731112262154,0.00014940731112262154,0
/Users/yti0811/Desktop/FE_data/npj_CM01/NPJ_CM_Fig_Python/Public_Reproducibility_Package_V01/npjcm-free-energy-surrogate_Re3/Python_Codes/table/snapshots_split/alpha-TiAl_600K_snap00037.extxyz,alpha-TiAl,600,alpha-TiAl__600,-0.0002480908661346,-0.00027064337056624126,-2.255250443164127e-05,2.255250443164127e-05,0
/Users/yti0811/Desktop/FE_data/npj_CM01/NPJ_CM_Fig_Python/Public_Reproducibility_Package_V01/npjcm-free-energy-surrogate_Re3/Python_Codes/table/snapshots_split/alpha-TiAl_600K_snap00038.extxyz,alpha-TiAl,600,alpha-TiAl__600,-0.0006070221678053,-0.0006673241011078758,-6.0301933302575866e-05,6.0301933302575866e-05,0
/Users/yti0811/Desktop/FE_data/npj_CM01/NPJ_CM_Fig_Python/Public_Reproducibility_Package_V01/npjcm-free-energy-surrogate_Re3/Python_Codes/table/snapshots_split/alpha-TiAl_600K_snap00039.extxyz,alpha-TiAl,600,alpha-TiAl__600,-0.0003522950191281,-0.0009699785420850045,-0.0006176835229569045,0.0006176835229569045,0
/Users/yti0811/Desktop/FE_data/npj_CM01/NPJ_CM_Fig_Python/Public_Reproducibility_Package_V01/npjcm-free-energy-surrogate_Re3/Python_Codes/table/snapshots_split/alpha-TiAl_600K_snap00040.extxyz,alpha-TiAl,600,alpha-TiAl__600,-0.0011601115466279,0.001988510575984137,0.003148622122612037,0.003148622122612037,0
/Users/yti0811/Desktop/FE_data/npj_CM01/NPJ_CM_Fig_Python/Public_Reproducibility_Package_V01/npjcm-free-energy-surrogate_Re3/Python_Codes/table/snapshots_split/alpha-TiAl_600K_snap00041.extxyz,alpha-TiAl,600,alpha-TiAl__600,-0.0003572881926472,0.001188444360982413,0.001545732553629613,0.001545732553629613,0
/Users/yti0811/Desktop/FE_data/npj_CM01/NPJ_CM_Fig_Python/Public_Reproducibility_Package_V01/npjcm-free-energy-surrogate_Re3/Python_Codes/table/snapshots_split/alpha-TiAl_600K_snap00042.extxyz,alpha-TiAl,600,alpha-TiAl__600,-0.0007823632882497,-2.5411443473241234e-05,0.0007569518447764588,0.0007569518447764588,0
/Users/yti0811/Desktop/FE_data/npj_CM01/NPJ_CM_Fig_Python/Public_Reproducibility_Package_V01/npjcm-free-energy-surrogate_Re3/Python_Codes/table/snapshots_split/alpha-TiAl_600K_snap00043.extxyz,alpha-TiAl,600,alpha-TiAl__600,-0.0005503807972844,0.0002883923326899351,0.0008387731299743351,0.0008387731299743351,0
/Users/yti0811/Desktop/FE_data/npj_CM01/NPJ_CM_Fig_Python/Public_Reproducibility_Package_V01/npjcm-free-energy-surrogate_Re3/Python_Codes/table/snapshots_split/alpha-TiAl_600K_snap00044.extxyz,alpha-TiAl,600,alpha-TiAl__600,-0.0003079338614644,0.0010778273335532661,0.0013857611950176662,0.0013857611950176662,0
/Users/yti0811/Desktop/FE_data/npj_CM01/NPJ_CM_Fig_Python/Public_Reproducibility_Package_V01/npjcm-free-energy-surrogate_Re3/Python_Codes/table/snapshots_split/alpha-TiAl_600K_snap00045.extxyz,alpha-TiAl,600,alpha-TiAl__600,-0.0004690871975285,0.0002707386467044919,0.0007398258442329918,0.0007398258442329918,0
/Users/yti0811/Desktop/FE_data/npj_CM01/NPJ_CM_Fig_Python/Public_Reproducibility_Package_V01/npjcm-free-energy-surrogate_Re3/Python_Codes/table/snapshots_split/alpha-TiAl_600K_snap00046.extxyz,alpha-TiAl,600,alpha-TiAl__600,-0.0003900881832588,0.0004615941865143792,0.0008516823697731792,0.0008516823697731792,0
/Users/yti0811/Desktop/FE_data/npj_CM01/NPJ_CM_Fig_Python/Public_Reproducibility_Package_V01/npjcm-free-energy-surrogate_Re3/Python_Codes/table/snapshots_split/alpha-TiAl_600K_snap00047.extxyz,alpha-TiAl,600,alpha-TiAl__600,-0.0004761483057564,0.001041723754538532,0.001517872060294932,0.001517872060294932,0
/Users/yti0811/Desktop/FE_data/npj_CM01/NPJ_CM_Fig_Python/Public_Reproducibility_Package_V01/npjcm-free-energy-surrogate_Re3/Python_Codes/table/snapshots_split/alpha-TiAl_600K_snap00048.extxyz,alpha-TiAl,600,alpha-TiAl__600,-0.0005636480573225,-0.0004534257428932733,0.00011022231442922668,0.00011022231442922668,0
/Users/yti0811/Desktop/FE_data/npj_CM01/NPJ_CM_Fig_Python/Public_Reproducibility_Package_V01/npjcm-free-energy-surrogate_Re3/Python_Codes/table/snapshots_split/alpha-TiAl_600K_snap00049.extxyz,alpha-TiAl,600,alpha-TiAl__600,-0.0004106135616059,0.00105228402754664,0.00146289758915254,0.00146289758915254,0
/Users/yti0811/Desktop/FE_data/npj_CM01/NPJ_CM_Fig_Python/Public_Reproducibility_Package_V01/npjcm-free-energy-surrogate_Re3/Python_Codes/table/snapshots_split/alpha-TiAl_600K_snap00050.extxyz,alpha-TiAl,600,alpha-TiAl__600,-0.0007768092720401,0.0008803462860723599,0.00165715555811246,0.00165715555811246,0
/Users/yti0811/Desktop/FE_data/npj_CM01/NPJ_CM_Fig_Python/Public_Reproducibility_Package_V01/npjcm-free-energy-surrogate_Re3/Python_Codes/table/snapshots_split/alpha-TiAl_600K_snap00051.extxyz,alpha-TiAl,600,alpha-TiAl__600,6.738450578019917e-05,0.0007329177776313481,0.000665533271851149,0.000665533271851149,0
/Users/yti0811/Desktop/FE_data/npj_CM01/NPJ_CM_Fig_Python/Public_Reproducibility_Package_V01/npjcm-free-energy-surrogate_Re3/Python_Codes/table/snapshots_split/alpha-TiAl_600K_snap00052.extxyz,alpha-TiAl,600,alpha-TiAl__600,-0.00014875449305,0.0029042530727542526,0.0030530075658042524,0.0030530075658042524,0
/Users/yti0811/Desktop/FE_data/npj_CM01/NPJ_CM_Fig_Python/Public_Reproducibility_Package_V01/npjcm-free-energy-surrogate_Re3/Python_Codes/table/snapshots_split/alpha-TiAl_600K_snap00053.extxyz,alpha-TiAl,600,alpha-TiAl__600,-0.0003019965519572,5.6922883277126185e-05,0.0003589194352343262,0.0003589194352343262,0
/Users/yti0811/Desktop/FE_data/npj_CM01/NPJ_CM_Fig_Python/Public_Reproducibility_Package_V01/npjcm-free-energy-surrogate_Re3/Python_Codes/table/snapshots_split/alpha-TiAl_600K_snap00054.extxyz,alpha-TiAl,600,alpha-TiAl__600,-0.0008701647540143,-0.0005720718901232643,0.00029809286389103566,0.00029809286389103566,0
/Users/yti0811/Desktop/FE_data/npj_CM01/NPJ_CM_Fig_Python/Public_Reproducibility_Package_V01/npjcm-free-energy-surrogate_Re3/Python_Codes/table/snapshots_split/alpha-TiAl_600K_snap00055.extxyz,alpha-TiAl,600,alpha-TiAl__600,-0.0001332977729577,0.00022656108294915472,0.00035985885590685473,0.00035985885590685473,0
/Users/yti0811/Desktop/FE_data/npj_CM01/NPJ_CM_Fig_Python/Public_Reproducibility_Package_V01/npjcm-free-energy-surrogate_Re3/Python_Codes/table/snapshots_split/alpha-TiAl_600K_snap00056.extxyz,alpha-TiAl,600,alpha-TiAl__600,-0.000750676913269,-9.527183236488445e-05,0.0006554050809041155,0.0006554050809041155,0
/Users/yti0811/Desktop/FE_data/npj_CM01/NPJ_CM_Fig_Python/Public_Reproducibility_Package_V01/npjcm-free-energy-surrogate_Re3/Python_Codes/table/snapshots_split/alpha-TiAl_600K_snap00057.extxyz,alpha-TiAl,600,alpha-TiAl__600,-0.000525587051539,0.0013671075454398272,0.0018926945969788272,0.0018926945969788272,0
/Users/yti0811/Desktop/FE_data/npj_CM01/NPJ_CM_Fig_Python/Public_Reproducibility_Package_V01/npjcm-free-energy-surrogate_Re3/Python_Codes/table/snapshots_split/alpha-TiAl_600K_snap00058.extxyz,alpha-TiAl,600,alpha-TiAl__600,-0.0004500278593986,-0.000743750822424077,-0.000293722963025477,0.000293722963025477,0
/Users/yti0811/Desktop/FE_data/npj_CM01/NPJ_CM_Fig_Python/Public_Reproducibility_Package_V01/npjcm-free-energy-surrogate_Re3/Python_Codes/table/snapshots_split/alpha-TiAl_600K_snap00059.extxyz,alpha-TiAl,600,alpha-TiAl__600,-0.0001204793985709,0.0010005122796712478,0.0011209916782421478,0.0011209916782421478,0
/Users/yti0811/Desktop/FE_data/npj_CM01/NPJ_CM_Fig_Python/Public_Reproducibility_Package_V01/npjcm-free-energy-surrogate_Re3/Python_Codes/table/snapshots_split/alpha-TiAl_600K_snap00060.extxyz,alpha-TiAl,600,alpha-TiAl__600,-0.0005180081920967,0.00011066199942170822,0.0006286701915184082,0.0006286701915184082,0
/Users/yti0811/Desktop/FE_data/npj_CM01/NPJ_CM_Fig_Python/Public_Reproducibility_Package_V01/npjcm-free-energy-surrogate_Re3/Python_Codes/table/snapshots_split/alpha-TiAl_600K_snap00061.extxyz,alpha-TiAl,600,alpha-TiAl__600,-0.0004992220384196,0.001215233062491279,0.0017144551009108792,0.0017144551009108792,0
/Users/yti0811/Desktop/FE_data/npj_CM01/NPJ_CM_Fig_Python/Public_Reproducibility_Package_V01/npjcm-free-energy-surrogate_Re3/Python_Codes/table/snapshots_split/alpha-TiAl_600K_snap00062.extxyz,alpha-TiAl,600,alpha-TiAl__600,0.000126965713759,0.002519040766112878,0.002392075052353878,0.002392075052353878,0
/Users/yti0811/Desktop/FE_data/npj_CM01/NPJ_CM_Fig_Python/Public_Reproducibility_Package_V01/npjcm-free-energy-surrogate_Re3/Python_Codes/table/snapshots_split/alpha-TiAl_600K_snap00063.extxyz,alpha-TiAl,600,alpha-TiAl__600,-0.0001887704983354,-0.0021953670337296256,-0.0020065965353942257,0.0020065965353942257,0
/Users/yti0811/Desktop/FE_data/npj_CM01/NPJ_CM_Fig_Python/Public_Reproducibility_Package_V01/npjcm-free-energy-surrogate_Re3/Python_Codes/table/snapshots_split/alpha-TiAl_600K_snap00064.extxyz,alpha-TiAl,600,alpha-TiAl__600,-0.0004110654809692,2.516739462642267e-05,0.0004362328755956227,0.0004362328755956227,0
/Users/yti0811/Desktop/FE_data/npj_CM01/NPJ_CM_Fig_Python/Public_Reproducibility_Package_V01/npjcm-free-energy-surrogate_Re3/Python_Codes/table/snapshots_split/alpha-TiAl_600K_snap00065.extxyz,alpha-TiAl,600,alpha-TiAl__600,-0.0003224040464258,0.00011148327662988827,0.00043388732305568825,0.00043388732305568825,0
/Users/yti0811/Desktop/FE_data/npj_CM01/NPJ_CM_Fig_Python/Public_Reproducibility_Package_V01/npjcm-free-energy-surrogate_Re3/Python_Codes/table/snapshots_split/alpha-TiAl_600K_snap00066.extxyz,alpha-TiAl,600,alpha-TiAl__600,-0.0003667472393744,0.0008754235048277346,0.0012421707442021347,0.0012421707442021347,0
/Users/yti0811/Desktop/FE_data/npj_CM01/NPJ_CM_Fig_Python/Public_Reproducibility_Package_V01/npjcm-free-energy-surrogate_Re3/Python_Codes/table/snapshots_split/alpha-TiAl_600K_snap00067.extxyz,alpha-TiAl,600,alpha-TiAl__600,-0.0002921989311785,0.0011501964973666696,0.0014423954285451696,0.0014423954285451696,0
/Users/yti0811/Desktop/FE_data/npj_CM01/NPJ_CM_Fig_Python/Public_Reproducibility_Package_V01/npjcm-free-energy-surrogate_Re3/Python_Codes/table/snapshots_split/alpha-TiAl_600K_snap00068.extxyz,alpha-TiAl,600,alpha-TiAl__600,-0.000457073330812,0.0007841192231402312,0.0012411925539522312,0.0012411925539522312,0
/Users/yti0811/Desktop/FE_data/npj_CM01/NPJ_CM_Fig_Python/Public_Reproducibility_Package_V01/npjcm-free-energy-surrogate_Re3/Python_Codes/table/snapshots_split/alpha-TiAl_600K_snap00069.extxyz,alpha-TiAl,600,alpha-TiAl__600,-0.0003846791895978,-0.0016605574805890037,-0.0012758782909912036,0.0012758782909912036,0
/Users/yti0811/Desktop/FE_data/npj_CM01/NPJ_CM_Fig_Python/Public_Reproducibility_Package_V01/npjcm-free-energy-surrogate_Re3/Python_Codes/table/snapshots_split/alpha-TiAl_600K_snap00070.extxyz,alpha-TiAl,600,alpha-TiAl__600,-0.0005709192718179,-0.0005153150375102721,5.5604234307627884e-05,5.5604234307627884e-05,0
/Users/yti0811/Desktop/FE_data/npj_CM01/NPJ_CM_Fig_Python/Public_Reproducibility_Package_V01/npjcm-free-energy-surrogate_Re3/Python_Codes/table/snapshots_split/alpha-TiAl_600K_snap00071.extxyz,alpha-TiAl,600,alpha-TiAl__600,-0.0001071262627241,-5.9252329323613824e-06,0.00010120102979173861,0.00010120102979173861,0
/Users/yti0811/Desktop/FE_data/npj_CM01/NPJ_CM_Fig_Python/Public_Reproducibility_Package_V01/npjcm-free-energy-surrogate_Re3/Python_Codes/table/snapshots_split/alpha-TiAl_600K_snap00072.extxyz,alpha-TiAl,600,alpha-TiAl__600,-1.8381101716702375e-05,-0.0006083212637018401,-0.0005899401619851377,0.0005899401619851377,0
/Users/yti0811/Desktop/FE_data/npj_CM01/NPJ_CM_Fig_Python/Public_Reproducibility_Package_V01/npjcm-free-energy-surrogate_Re3/Python_Codes/table/snapshots_split/alpha-TiAl_600K_snap00073.extxyz,alpha-TiAl,600,alpha-TiAl__600,-0.0003968321245904,0.0005452250355272842,0.0009420571601176842,0.0009420571601176842,0
/Users/yti0811/Desktop/FE_data/npj_CM01/NPJ_CM_Fig_Python/Public_Reproducibility_Package_V01/npjcm-free-energy-surrogate_Re3/Python_Codes/table/snapshots_split/alpha-TiAl_600K_snap00074.extxyz,alpha-TiAl,600,alpha-TiAl__600,-0.0008227844772608,-0.0010630541774886732,-0.00024026970022787318,0.00024026970022787318,0
/Users/yti0811/Desktop/FE_data/npj_CM01/NPJ_CM_Fig_Python/Public_Reproducibility_Package_V01/npjcm-free-energy-surrogate_Re3/Python_Codes/table/snapshots_split/alpha-TiAl_600K_snap00075.extxyz,alpha-TiAl,600,alpha-TiAl__600,-0.0008685098067275,-0.0026784318958173255,-0.0018099220890898256,0.0018099220890898256,0
/Users/yti0811/Desktop/FE_data/npj_CM01/NPJ_CM_Fig_Python/Public_Reproducibility_Package_V01/npjcm-free-energy-surrogate_Re3/Python_Codes/table/snapshots_split/alpha-TiAl_600K_snap00076.extxyz,alpha-TiAl,600,alpha-TiAl__600,0.0001231327310615,0.001939626114681809,0.001816493383620309,0.001816493383620309,0
/Users/yti0811/Desktop/FE_data/npj_CM01/NPJ_CM_Fig_Python/Public_Reproducibility_Package_V01/npjcm-free-energy-surrogate_Re3/Python_Codes/table/snapshots_split/alpha-TiAl_600K_snap00077.extxyz,alpha-TiAl,600,alpha-TiAl__600,-0.0005139681700803,0.0012768393973255601,0.00179080756740586,0.00179080756740586,0
/Users/yti0811/Desktop/FE_data/npj_CM01/NPJ_CM_Fig_Python/Public_Reproducibility_Package_V01/npjcm-free-energy-surrogate_Re3/Python_Codes/table/snapshots_split/alpha-TiAl_600K_snap00078.extxyz,alpha-TiAl,600,alpha-TiAl__600,-0.0006076850703276,-9.614767081947309e-05,0.0005115373995081269,0.0005115373995081269,0
/Users/yti0811/Desktop/FE_data/npj_CM01/NPJ_CM_Fig_Python/Public_Reproducibility_Package_V01/npjcm-free-energy-surrogate_Re3/Python_Codes/table/snapshots_split/alpha-TiAl_600K_snap00079.extxyz,alpha-TiAl,600,alpha-TiAl__600,-0.0006366771640524,-0.0004456153414985219,0.0001910618225538781,0.0001910618225538781,0
/Users/yti0811/Desktop/FE_data/npj_CM01/NPJ_CM_Fig_Python/Public_Reproducibility_Package_V01/npjcm-free-energy-surrogate_Re3/Python_Codes/table/snapshots_split/alpha-TiAl_600K_snap00080.extxyz,alpha-TiAl,600,alpha-TiAl__600,-0.0003945570912926,-0.00011426019309614967,0.00028029689819645035,0.00028029689819645035,0
/Users/yti0811/Desktop/FE_data/npj_CM01/NPJ_CM_Fig_Python/Public_Reproducibility_Package_V01/npjcm-free-energy-surrogate_Re3/Python_Codes/table/snapshots_split/alpha-TiAl_600K_snap00081.extxyz,alpha-TiAl,600,alpha-TiAl__600,-0.0003756077461143,0.0015067325814051226,0.0018823403275194225,0.0018823403275194225,0
/Users/yti0811/Desktop/FE_data/npj_CM01/NPJ_CM_Fig_Python/Public_Reproducibility_Package_V01/npjcm-free-energy-surrogate_Re3/Python_Codes/table/snapshots_split/alpha-TiAl_600K_snap00082.extxyz,alpha-TiAl,600,alpha-TiAl__600,-0.0005869770491506,-0.0010425585471805867,-0.00045558149802998676,0.00045558149802998676,0
/Users/yti0811/Desktop/FE_data/npj_CM01/NPJ_CM_Fig_Python/Public_Reproducibility_Package_V01/npjcm-free-energy-surrogate_Re3/Python_Codes/table/snapshots_split/alpha-TiAl_600K_snap00083.extxyz,alpha-TiAl,600,alpha-TiAl__600,0.0001898707669076,0.0008265615032583656,0.0006366907363507656,0.0006366907363507656,0
/Users/yti0811/Desktop/FE_data/npj_CM01/NPJ_CM_Fig_Python/Public_Reproducibility_Package_V01/npjcm-free-energy-surrogate_Re3/Python_Codes/table/snapshots_split/alpha-TiAl_600K_snap00084.extxyz,alpha-TiAl,600,alpha-TiAl__600,-0.0003108216994536,0.003462427574759988,0.003773249274213588,0.003773249274213588,0
/Users/yti0811/Desktop/FE_data/npj_CM01/NPJ_CM_Fig_Python/Public_Reproducibility_Package_V01/npjcm-free-energy-surrogate_Re3/Python_Codes/table/snapshots_split/alpha-TiAl_600K_snap00085.extxyz,alpha-TiAl,600,alpha-TiAl__600,-0.0004165517996344,-0.0013830437480562279,-0.0009664919484218279,0.0009664919484218279,0
/Users/yti0811/Desktop/FE_data/npj_CM01/NPJ_CM_Fig_Python/Public_Reproducibility_Package_V01/npjcm-free-energy-surrogate_Re3/Python_Codes/table/snapshots_split/alpha-TiAl_600K_snap00086.extxyz,alpha-TiAl,600,alpha-TiAl__600,-0.000845554031819,0.0004875815286690977,0.0013331355604880978,0.0013331355604880978,0
/Users/yti0811/Desktop/FE_data/npj_CM01/NPJ_CM_Fig_Python/Public_Reproducibility_Package_V01/npjcm-free-energy-surrogate_Re3/Python_Codes/table/snapshots_split/alpha-TiAl_600K_snap00087.extxyz,alpha-TiAl,600,alpha-TiAl__600,-0.0008772462182906,4.8385649868880136e-05,0.0009256318681594802,0.0009256318681594802,0
/Users/yti0811/Desktop/FE_data/npj_CM01/NPJ_CM_Fig_Python/Public_Reproducibility_Package_V01/npjcm-free-energy-surrogate_Re3/Python_Codes/table/snapshots_split/alpha-TiAl_600K_snap00088.extxyz,alpha-TiAl,600,alpha-TiAl__600,8.556070081189304e-05,-0.00024952328762979203,-0.00033508398844168507,0.00033508398844168507,0
/Users/yti0811/Desktop/FE_data/npj_CM01/NPJ_CM_Fig_Python/Public_Reproducibility_Package_V01/npjcm-free-energy-surrogate_Re3/Python_Codes/table/snapshots_split/alpha-TiAl_600K_snap00089.extxyz,alpha-TiAl,600,alpha-TiAl__600,-0.000350302782436,0.0006449965010278139,0.0009952992834638139,0.0009952992834638139,0
/Users/yti0811/Desktop/FE_data/npj_CM01/NPJ_CM_Fig_Python/Public_Reproducibility_Package_V01/npjcm-free-energy-surrogate_Re3/Python_Codes/table/snapshots_split/alpha-TiAl_600K_snap00090.extxyz,alpha-TiAl,600,alpha-TiAl__600,-0.0003816564264895,-0.0022171236906316076,-0.0018354672641421076,0.0018354672641421076,0
/Users/yti0811/Desktop/FE_data/npj_CM01/NPJ_CM_Fig_Python/Public_Reproducibility_Package_V01/npjcm-free-energy-surrogate_Re3/Python_Codes/table/snapshots_split/alpha-TiAl_600K_snap00091.extxyz,alpha-TiAl,600,alpha-TiAl__600,-0.0006690712371812,0.002217089380207154,0.002886160617388354,0.002886160617388354,0
/Users/yti0811/Desktop/FE_data/npj_CM01/NPJ_CM_Fig_Python/Public_Reproducibility_Package_V01/npjcm-free-energy-surrogate_Re3/Python_Codes/table/snapshots_split/alpha-TiAl_600K_snap00092.extxyz,alpha-TiAl,600,alpha-TiAl__600,-0.0001870593932626,0.00012878729955067756,0.00031584669281327756,0.00031584669281327756,0
/Users/yti0811/Desktop/FE_data/npj_CM01/NPJ_CM_Fig_Python/Public_Reproducibility_Package_V01/npjcm-free-energy-surrogate_Re3/Python_Codes/table/snapshots_split/alpha-TiAl_600K_snap00093.extxyz,alpha-TiAl,600,alpha-TiAl__600,-0.00019912027166,0.0010667327029030673,0.0012658529745630672,0.0012658529745630672,0
/Users/yti0811/Desktop/FE_data/npj_CM01/NPJ_CM_Fig_Python/Public_Reproducibility_Package_V01/npjcm-free-energy-surrogate_Re3/Python_Codes/table/snapshots_split/alpha-TiAl_600K_snap00094.extxyz,alpha-TiAl,600,alpha-TiAl__600,-0.0010686666124573,-8.346796949478832e-05,0.0009851986429625116,0.0009851986429625116,0
/Users/yti0811/Desktop/FE_data/npj_CM01/NPJ_CM_Fig_Python/Public_Reproducibility_Package_V01/npjcm-free-energy-surrogate_Re3/Python_Codes/table/snapshots_split/alpha-TiAl_600K_snap00095.extxyz,alpha-TiAl,600,alpha-TiAl__600,-0.0007530811721818,0.0009494725733605103,0.0017025537455423103,0.0017025537455423103,0
/Users/yti0811/Desktop/FE_data/npj_CM01/NPJ_CM_Fig_Python/Public_Reproducibility_Package_V01/npjcm-free-energy-surrogate_Re3/Python_Codes/table/snapshots_split/alpha-TiAl_600K_snap00096.extxyz,alpha-TiAl,600,alpha-TiAl__600,-0.0009380123107862,-3.857780934370808e-05,0.0008994345014424919,0.0008994345014424919,0
/Users/yti0811/Desktop/FE_data/npj_CM01/NPJ_CM_Fig_Python/Public_Reproducibility_Package_V01/npjcm-free-energy-surrogate_Re3/Python_Codes/table/snapshots_split/alpha-TiAl_600K_snap00097.extxyz,alpha-TiAl,600,alpha-TiAl__600,-0.0007421668113063,0.0006782517818570579,0.001420418593163358,0.001420418593163358,0
/Users/yti0811/Desktop/FE_data/npj_CM01/NPJ_CM_Fig_Python/Public_Reproducibility_Package_V01/npjcm-free-energy-surrogate_Re3/Python_Codes/table/snapshots_split/alpha-TiAl_600K_snap00098.extxyz,alpha-TiAl,600,alpha-TiAl__600,-0.0006148494312117,0.0015342484269806837,0.0021490978581923835,0.0021490978581923835,0
/Users/yti0811/Desktop/FE_data/npj_CM01/NPJ_CM_Fig_Python/Public_Reproducibility_Package_V01/npjcm-free-energy-surrogate_Re3/Python_Codes/table/snapshots_split/alpha-TiAl_600K_snap00099.extxyz,alpha-TiAl,600,alpha-TiAl__600,-0.0003337454692338,0.0005986111303390927,0.0009323565995728927,0.0009323565995728927,0
/Users/yti0811/Desktop/FE_data/npj_CM01/NPJ_CM_Fig_Python/Public_Reproducibility_Package_V01/npjcm-free-energy-surrogate_Re3/Python_Codes/table/snapshots_split/alpha-TiAl_700K_snap00000.extxyz,alpha-TiAl,700,alpha-TiAl__700,0.0021259260157982,-0.002482036940787324,-0.0046079629565855245,0.0046079629565855245,2
/Users/yti0811/Desktop/FE_data/npj_CM01/NPJ_CM_Fig_Python/Public_Reproducibility_Package_V01/npjcm-free-energy-surrogate_Re3/Python_Codes/table/snapshots_split/alpha-TiAl_700K_snap00001.extxyz,alpha-TiAl,700,alpha-TiAl__700,0.0019789665596846,-0.0019574331340195916,-0.0039363996937041915,0.0039363996937041915,2
/Users/yti0811/Desktop/FE_data/npj_CM01/NPJ_CM_Fig_Python/Public_Reproducibility_Package_V01/npjcm-free-energy-surrogate_Re3/Python_Codes/table/snapshots_split/alpha-TiAl_700K_snap00002.extxyz,alpha-TiAl,700,alpha-TiAl__700,0.001882050189598,-0.0024817271376962042,-0.004363777327294204,0.004363777327294204,2
/Users/yti0811/Desktop/FE_data/npj_CM01/NPJ_CM_Fig_Python/Public_Reproducibility_Package_V01/npjcm-free-energy-surrogate_Re3/Python_Codes/table/snapshots_split/alpha-TiAl_700K_snap00003.extxyz,alpha-TiAl,700,alpha-TiAl__700,0.0017135711903618,-0.0032822297667504767,-0.0049958009571122765,0.0049958009571122765,2
/Users/yti0811/Desktop/FE_data/npj_CM01/NPJ_CM_Fig_Python/Public_Reproducibility_Package_V01/npjcm-free-energy-surrogate_Re3/Python_Codes/table/snapshots_split/alpha-TiAl_700K_snap00004.extxyz,alpha-TiAl,700,alpha-TiAl__700,0.0016686806191513,-0.003028532616703139,-0.004697213235854439,0.004697213235854439,2
/Users/yti0811/Desktop/FE_data/npj_CM01/NPJ_CM_Fig_Python/Public_Reproducibility_Package_V01/npjcm-free-energy-surrogate_Re3/Python_Codes/table/snapshots_split/alpha-TiAl_700K_snap00005.extxyz,alpha-TiAl,700,alpha-TiAl__700,0.0014306664512156,-0.00203861838416099,-0.0034692848353765904,0.0034692848353765904,2
/Users/yti0811/Desktop/FE_data/npj_CM01/NPJ_CM_Fig_Python/Public_Reproducibility_Package_V01/npjcm-free-energy-surrogate_Re3/Python_Codes/table/snapshots_split/alpha-TiAl_700K_snap00006.extxyz,alpha-TiAl,700,alpha-TiAl__700,0.0016288395852633,-0.0018146389019250981,-0.003443478487188398,0.003443478487188398,2
/Users/yti0811/Desktop/FE_data/npj_CM01/NPJ_CM_Fig_Python/Public_Reproducibility_Package_V01/npjcm-free-energy-surrogate_Re3/Python_Codes/table/snapshots_split/alpha-TiAl_700K_snap00007.extxyz,alpha-TiAl,700,alpha-TiAl__700,0.0020416245606359,-0.0033588132382956367,-0.0054004377989315365,0.0054004377989315365,2
/Users/yti0811/Desktop/FE_data/npj_CM01/NPJ_CM_Fig_Python/Public_Reproducibility_Package_V01/npjcm-free-energy-surrogate_Re3/Python_Codes/table/snapshots_split/alpha-TiAl_700K_snap00008.extxyz,alpha-TiAl,700,alpha-TiAl__700,0.0016608565423471,-0.003948286486151006,-0.005609143028498106,0.005609143028498106,2
/Users/yti0811/Desktop/FE_data/npj_CM01/NPJ_CM_Fig_Python/Public_Reproducibility_Package_V01/npjcm-free-energy-surrogate_Re3/Python_Codes/table/snapshots_split/alpha-TiAl_700K_snap00009.extxyz,alpha-TiAl,700,alpha-TiAl__700,0.0021147184673516,-0.0018913167776539964,-0.004006035245005596,0.004006035245005596,2
/Users/yti0811/Desktop/FE_data/npj_CM01/NPJ_CM_Fig_Python/Public_Reproducibility_Package_V01/npjcm-free-energy-surrogate_Re3/Python_Codes/table/snapshots_split/alpha-TiAl_700K_snap00010.extxyz,alpha-TiAl,700,alpha-TiAl__700,0.0012708988531434,-0.001124234197563131,-0.002395133050706531,0.002395133050706531,2
/Users/yti0811/Desktop/FE_data/npj_CM01/NPJ_CM_Fig_Python/Public_Reproducibility_Package_V01/npjcm-free-energy-surrogate_Re3/Python_Codes/table/snapshots_split/alpha-TiAl_700K_snap00011.extxyz,alpha-TiAl,700,alpha-TiAl__700,0.0024722404398836,-0.002110913746670577,-0.004583154186554177,0.004583154186554177,2
/Users/yti0811/Desktop/FE_data/npj_CM01/NPJ_CM_Fig_Python/Public_Reproducibility_Package_V01/npjcm-free-energy-surrogate_Re3/Python_Codes/table/snapshots_split/alpha-TiAl_700K_snap00012.extxyz,alpha-TiAl,700,alpha-TiAl__700,0.0018290053201953,-0.0029583372414573096,-0.00478734256165261,0.00478734256165261,2
/Users/yti0811/Desktop/FE_data/npj_CM01/NPJ_CM_Fig_Python/Public_Reproducibility_Package_V01/npjcm-free-energy-surrogate_Re3/Python_Codes/table/snapshots_split/alpha-TiAl_700K_snap00013.extxyz,alpha-TiAl,700,alpha-TiAl__700,0.0022241851269329,-0.0014493372958223128,-0.003673522422755213,0.003673522422755213,2
/Users/yti0811/Desktop/FE_data/npj_CM01/NPJ_CM_Fig_Python/Public_Reproducibility_Package_V01/npjcm-free-energy-surrogate_Re3/Python_Codes/table/snapshots_split/alpha-TiAl_700K_snap00014.extxyz,alpha-TiAl,700,alpha-TiAl__700,0.0010603930488294,-0.0036570656690583787,-0.004717458717887779,0.004717458717887779,2
/Users/yti0811/Desktop/FE_data/npj_CM01/NPJ_CM_Fig_Python/Public_Reproducibility_Package_V01/npjcm-free-energy-surrogate_Re3/Python_Codes/table/snapshots_split/alpha-TiAl_700K_snap00015.extxyz,alpha-TiAl,700,alpha-TiAl__700,0.0024563671103644,-0.0019380424316436066,-0.004394409542008006,0.004394409542008006,2
/Users/yti0811/Desktop/FE_data/npj_CM01/NPJ_CM_Fig_Python/Public_Reproducibility_Package_V01/npjcm-free-energy-surrogate_Re3/Python_Codes/table/snapshots_split/alpha-TiAl_700K_snap00016.extxyz,alpha-TiAl,700,alpha-TiAl__700,0.0019234904058947,-0.0021308405744872535,-0.004054330980381954,0.004054330980381954,2
/Users/yti0811/Desktop/FE_data/npj_CM01/NPJ_CM_Fig_Python/Public_Reproducibility_Package_V01/npjcm-free-energy-surrogate_Re3/Python_Codes/table/snapshots_split/alpha-TiAl_700K_snap00017.extxyz,alpha-TiAl,700,alpha-TiAl__700,0.002698792984337,0.00012178761452697632,-0.002577005369810024,0.002577005369810024,2
/Users/yti0811/Desktop/FE_data/npj_CM01/NPJ_CM_Fig_Python/Public_Reproducibility_Package_V01/npjcm-free-energy-surrogate_Re3/Python_Codes/table/snapshots_split/alpha-TiAl_700K_snap00018.extxyz,alpha-TiAl,700,alpha-TiAl__700,0.0014600493212523,0.0011536960455127336,-0.0003063532757395665,0.0003063532757395665,2
/Users/yti0811/Desktop/FE_data/npj_CM01/NPJ_CM_Fig_Python/Public_Reproducibility_Package_V01/npjcm-free-energy-surrogate_Re3/Python_Codes/table/snapshots_split/alpha-TiAl_700K_snap00019.extxyz,alpha-TiAl,700,alpha-TiAl__700,0.0025249303747237,-0.004591544405728548,-0.007116474780452248,0.007116474780452248,2
/Users/yti0811/Desktop/FE_data/npj_CM01/NPJ_CM_Fig_Python/Public_Reproducibility_Package_V01/npjcm-free-energy-surrogate_Re3/Python_Codes/table/snapshots_split/alpha-TiAl_700K_snap00020.extxyz,alpha-TiAl,700,alpha-TiAl__700,0.0023411912947915,-0.0052688930161703534,-0.007610084310961853,0.007610084310961853,2
/Users/yti0811/Desktop/FE_data/npj_CM01/NPJ_CM_Fig_Python/Public_Reproducibility_Package_V01/npjcm-free-energy-surrogate_Re3/Python_Codes/table/snapshots_split/alpha-TiAl_700K_snap00021.extxyz,alpha-TiAl,700,alpha-TiAl__700,0.0015146414627903,-0.004127212195840674,-0.005641853658630974,0.005641853658630974,2
/Users/yti0811/Desktop/FE_data/npj_CM01/NPJ_CM_Fig_Python/Public_Reproducibility_Package_V01/npjcm-free-energy-surrogate_Re3/Python_Codes/table/snapshots_split/alpha-TiAl_700K_snap00022.extxyz,alpha-TiAl,700,alpha-TiAl__700,0.0019748214011979,-0.002417341109705733,-0.0043921625109036334,0.0043921625109036334,2
/Users/yti0811/Desktop/FE_data/npj_CM01/NPJ_CM_Fig_Python/Public_Reproducibility_Package_V01/npjcm-free-energy-surrogate_Re3/Python_Codes/table/snapshots_split/alpha-TiAl_700K_snap00023.extxyz,alpha-TiAl,700,alpha-TiAl__700,0.0019041139833021,-0.002852048802303833,-0.004756162785605933,0.004756162785605933,2
/Users/yti0811/Desktop/FE_data/npj_CM01/NPJ_CM_Fig_Python/Public_Reproducibility_Package_V01/npjcm-free-energy-surrogate_Re3/Python_Codes/table/snapshots_split/alpha-TiAl_700K_snap00024.extxyz,alpha-TiAl,700,alpha-TiAl__700,0.0024999932106549,-0.0006986236702215917,-0.0031986168808764916,0.0031986168808764916,2
/Users/yti0811/Desktop/FE_data/npj_CM01/NPJ_CM_Fig_Python/Public_Reproducibility_Package_V01/npjcm-free-energy-surrogate_Re3/Python_Codes/table/snapshots_split/alpha-TiAl_700K_snap00025.extxyz,alpha-TiAl,700,alpha-TiAl__700,0.0019606146568188,-0.0019162737835529268,-0.003876888440371727,0.003876888440371727,2
/Users/yti0811/Desktop/FE_data/npj_CM01/NPJ_CM_Fig_Python/Public_Reproducibility_Package_V01/npjcm-free-energy-surrogate_Re3/Python_Codes/table/snapshots_split/alpha-TiAl_700K_snap00026.extxyz,alpha-TiAl,700,alpha-TiAl__700,0.0024138660786873,-0.0024662379357075436,-0.0048801040143948435,0.0048801040143948435,2
/Users/yti0811/Desktop/FE_data/npj_CM01/NPJ_CM_Fig_Python/Public_Reproducibility_Package_V01/npjcm-free-energy-surrogate_Re3/Python_Codes/table/snapshots_split/alpha-TiAl_700K_snap00027.extxyz,alpha-TiAl,700,alpha-TiAl__700,0.0019880255019476,-0.002925179780883355,-0.004913205282830955,0.004913205282830955,2
/Users/yti0811/Desktop/FE_data/npj_CM01/NPJ_CM_Fig_Python/Public_Reproducibility_Package_V01/npjcm-free-energy-surrogate_Re3/Python_Codes/table/snapshots_split/alpha-TiAl_700K_snap00028.extxyz,alpha-TiAl,700,alpha-TiAl__700,0.0020883830029291,-0.0016508637994026823,-0.0037392468023317825,0.0037392468023317825,2
/Users/yti0811/Desktop/FE_data/npj_CM01/NPJ_CM_Fig_Python/Public_Reproducibility_Package_V01/npjcm-free-energy-surrogate_Re3/Python_Codes/table/snapshots_split/alpha-TiAl_700K_snap00029.extxyz,alpha-TiAl,700,alpha-TiAl__700,0.0013950146884798,-0.0008745129153869337,-0.002269527603866734,0.002269527603866734,2
/Users/yti0811/Desktop/FE_data/npj_CM01/NPJ_CM_Fig_Python/Public_Reproducibility_Package_V01/npjcm-free-energy-surrogate_Re3/Python_Codes/table/snapshots_split/alpha-TiAl_700K_snap00030.extxyz,alpha-TiAl,700,alpha-TiAl__700,0.0019641701550826,-0.0011174383910554214,-0.0030816085461380215,0.0030816085461380215,2
/Users/yti0811/Desktop/FE_data/npj_CM01/NPJ_CM_Fig_Python/Public_Reproducibility_Package_V01/npjcm-free-energy-surrogate_Re3/Python_Codes/table/snapshots_split/alpha-TiAl_700K_snap00031.extxyz,alpha-TiAl,700,alpha-TiAl__700,0.0024695265392363,-0.0016628074232645927,-0.0041323339625008925,0.0041323339625008925,2
/Users/yti0811/Desktop/FE_data/npj_CM01/NPJ_CM_Fig_Python/Public_Reproducibility_Package_V01/npjcm-free-energy-surrogate_Re3/Python_Codes/table/snapshots_split/alpha-TiAl_700K_snap00032.extxyz,alpha-TiAl,700,alpha-TiAl__700,0.002304201485408,-0.002535492417495383,-0.004839693902903383,0.004839693902903383,2
/Users/yti0811/Desktop/FE_data/npj_CM01/NPJ_CM_Fig_Python/Public_Reproducibility_Package_V01/npjcm-free-energy-surrogate_Re3/Python_Codes/table/snapshots_split/alpha-TiAl_700K_snap00033.extxyz,alpha-TiAl,700,alpha-TiAl__700,0.0018391515009229,-0.0022457326574167776,-0.004084884158339678,0.004084884158339678,2
/Users/yti0811/Desktop/FE_data/npj_CM01/NPJ_CM_Fig_Python/Public_Reproducibility_Package_V01/npjcm-free-energy-surrogate_Re3/Python_Codes/table/snapshots_split/alpha-TiAl_700K_snap00034.extxyz,alpha-TiAl,700,alpha-TiAl__700,0.0021377124792932,-0.0037877627107264483,-0.005925475190019649,0.005925475190019649,2
/Users/yti0811/Desktop/FE_data/npj_CM01/NPJ_CM_Fig_Python/Public_Reproducibility_Package_V01/npjcm-free-energy-surrogate_Re3/Python_Codes/table/snapshots_split/alpha-TiAl_700K_snap00035.extxyz,alpha-TiAl,700,alpha-TiAl__700,0.001738550352274,-0.0025089197713897954,-0.004247470123663796,0.004247470123663796,2
/Users/yti0811/Desktop/FE_data/npj_CM01/NPJ_CM_Fig_Python/Public_Reproducibility_Package_V01/npjcm-free-energy-surrogate_Re3/Python_Codes/table/snapshots_split/alpha-TiAl_700K_snap00036.extxyz,alpha-TiAl,700,alpha-TiAl__700,0.0024075391404162,-0.0029185826153031976,-0.005326121755719398,0.005326121755719398,2
/Users/yti0811/Desktop/FE_data/npj_CM01/NPJ_CM_Fig_Python/Public_Reproducibility_Package_V01/npjcm-free-energy-surrogate_Re3/Python_Codes/table/snapshots_split/alpha-TiAl_700K_snap00037.extxyz,alpha-TiAl,700,alpha-TiAl__700,0.0020928801913116,-0.002542810806391081,-0.0046356909977026805,0.0046356909977026805,2
/Users/yti0811/Desktop/FE_data/npj_CM01/NPJ_CM_Fig_Python/Public_Reproducibility_Package_V01/npjcm-free-energy-surrogate_Re3/Python_Codes/table/snapshots_split/alpha-TiAl_700K_snap00038.extxyz,alpha-TiAl,700,alpha-TiAl__700,0.0019479175126223,-0.0022069238476034123,-0.004154841360225712,0.004154841360225712,2
/Users/yti0811/Desktop/FE_data/npj_CM01/NPJ_CM_Fig_Python/Public_Reproducibility_Package_V01/npjcm-free-energy-surrogate_Re3/Python_Codes/table/snapshots_split/alpha-TiAl_700K_snap00039.extxyz,alpha-TiAl,700,alpha-TiAl__700,0.001920050272934,-0.0036819089283367675,-0.0056019592012707675,0.0056019592012707675,2
/Users/yti0811/Desktop/FE_data/npj_CM01/NPJ_CM_Fig_Python/Public_Reproducibility_Package_V01/npjcm-free-energy-surrogate_Re3/Python_Codes/table/snapshots_split/alpha-TiAl_700K_snap00040.extxyz,alpha-TiAl,700,alpha-TiAl__700,0.0019904917324954,-0.003335467075715156,-0.005325958808210556,0.005325958808210556,2
/Users/yti0811/Desktop/FE_data/npj_CM01/NPJ_CM_Fig_Python/Public_Reproducibility_Package_V01/npjcm-free-energy-surrogate_Re3/Python_Codes/table/snapshots_split/alpha-TiAl_700K_snap00041.extxyz,alpha-TiAl,700,alpha-TiAl__700,0.0012279053783107,-0.0005049918565946186,-0.0017328972349053187,0.0017328972349053187,2
/Users/yti0811/Desktop/FE_data/npj_CM01/NPJ_CM_Fig_Python/Public_Reproducibility_Package_V01/npjcm-free-energy-surrogate_Re3/Python_Codes/table/snapshots_split/alpha-TiAl_700K_snap00042.extxyz,alpha-TiAl,700,alpha-TiAl__700,0.0023323408694629,-0.003273045854259179,-0.005605386723722079,0.005605386723722079,2
/Users/yti0811/Desktop/FE_data/npj_CM01/NPJ_CM_Fig_Python/Public_Reproducibility_Package_V01/npjcm-free-energy-surrogate_Re3/Python_Codes/table/snapshots_split/alpha-TiAl_700K_snap00043.extxyz,alpha-TiAl,700,alpha-TiAl__700,0.0016641196820922,-0.001413831480310211,-0.0030779511624024107,0.0030779511624024107,2
/Users/yti0811/Desktop/FE_data/npj_CM01/NPJ_CM_Fig_Python/Public_Reproducibility_Package_V01/npjcm-free-energy-surrogate_Re3/Python_Codes/table/snapshots_split/alpha-TiAl_700K_snap00044.extxyz,alpha-TiAl,700,alpha-TiAl__700,0.0019866790263375,-0.001650398367689559,-0.003637077394027059,0.003637077394027059,2
/Users/yti0811/Desktop/FE_data/npj_CM01/NPJ_CM_Fig_Python/Public_Reproducibility_Package_V01/npjcm-free-energy-surrogate_Re3/Python_Codes/table/snapshots_split/alpha-TiAl_700K_snap00045.extxyz,alpha-TiAl,700,alpha-TiAl__700,0.0014585445667242,0.0010931967330623067,-0.00036534783366189345,0.00036534783366189345,2
/Users/yti0811/Desktop/FE_data/npj_CM01/NPJ_CM_Fig_Python/Public_Reproducibility_Package_V01/npjcm-free-energy-surrogate_Re3/Python_Codes/table/snapshots_split/alpha-TiAl_700K_snap00046.extxyz,alpha-TiAl,700,alpha-TiAl__700,0.0017420124931796,-0.0019946351157478052,-0.003736647608927405,0.003736647608927405,2
/Users/yti0811/Desktop/FE_data/npj_CM01/NPJ_CM_Fig_Python/Public_Reproducibility_Package_V01/npjcm-free-energy-surrogate_Re3/Python_Codes/table/snapshots_split/alpha-TiAl_700K_snap00047.extxyz,alpha-TiAl,700,alpha-TiAl__700,0.0019954423335729,-0.0018196007963412928,-0.003815043129914193,0.003815043129914193,2
/Users/yti0811/Desktop/FE_data/npj_CM01/NPJ_CM_Fig_Python/Public_Reproducibility_Package_V01/npjcm-free-energy-surrogate_Re3/Python_Codes/table/snapshots_split/alpha-TiAl_700K_snap00048.extxyz,alpha-TiAl,700,alpha-TiAl__700,0.0020787462405357,-0.0006353476076141882,-0.0027140938481498883,0.0027140938481498883,2
/Users/yti0811/Desktop/FE_data/npj_CM01/NPJ_CM_Fig_Python/Public_Reproducibility_Package_V01/npjcm-free-energy-surrogate_Re3/Python_Codes/table/snapshots_split/alpha-TiAl_700K_snap00049.extxyz,alpha-TiAl,700,alpha-TiAl__700,0.0017443179186834,-0.002650813565960997,-0.004395131484644397,0.004395131484644397,2
/Users/yti0811/Desktop/FE_data/npj_CM01/NPJ_CM_Fig_Python/Public_Reproducibility_Package_V01/npjcm-free-energy-surrogate_Re3/Python_Codes/table/snapshots_split/alpha-TiAl_700K_snap00050.extxyz,alpha-TiAl,700,alpha-TiAl__700,0.0016945198284595,-0.004354230287151423,-0.006048750115610923,0.006048750115610923,2
/Users/yti0811/Desktop/FE_data/npj_CM01/NPJ_CM_Fig_Python/Public_Reproducibility_Package_V01/npjcm-free-energy-surrogate_Re3/Python_Codes/table/snapshots_split/alpha-TiAl_700K_snap00051.extxyz,alpha-TiAl,700,alpha-TiAl__700,0.001569875351946,-0.0024753222203659536,-0.004045197572311953,0.004045197572311953,2
/Users/yti0811/Desktop/FE_data/npj_CM01/NPJ_CM_Fig_Python/Public_Reproducibility_Package_V01/npjcm-free-energy-surrogate_Re3/Python_Codes/table/snapshots_split/alpha-TiAl_700K_snap00052.extxyz,alpha-TiAl,700,alpha-TiAl__700,0.0019348937695454,-0.0017312554379849189,-0.003666149207530319,0.003666149207530319,2
/Users/yti0811/Desktop/FE_data/npj_CM01/NPJ_CM_Fig_Python/Public_Reproducibility_Package_V01/npjcm-free-energy-surrogate_Re3/Python_Codes/table/snapshots_split/alpha-TiAl_700K_snap00053.extxyz,alpha-TiAl,700,alpha-TiAl__700,0.0014298803778643,-0.0010627934669304728,-0.002492673844794773,0.002492673844794773,2
/Users/yti0811/Desktop/FE_data/npj_CM01/NPJ_CM_Fig_Python/Public_Reproducibility_Package_V01/npjcm-free-energy-surrogate_Re3/Python_Codes/table/snapshots_split/alpha-TiAl_700K_snap00054.extxyz,alpha-TiAl,700,alpha-TiAl__700,0.0020226285358685,-0.0036551346073538764,-0.005677763143222376,0.005677763143222376,2
/Users/yti0811/Desktop/FE_data/npj_CM01/NPJ_CM_Fig_Python/Public_Reproducibility_Package_V01/npjcm-free-energy-surrogate_Re3/Python_Codes/table/snapshots_split/alpha-TiAl_700K_snap00055.extxyz,alpha-TiAl,700,alpha-TiAl__700,0.0017866973691035,-0.0025494005908274194,-0.004336097959930919,0.004336097959930919,2
/Users/yti0811/Desktop/FE_data/npj_CM01/NPJ_CM_Fig_Python/Public_Reproducibility_Package_V01/npjcm-free-energy-surrogate_Re3/Python_Codes/table/snapshots_split/alpha-TiAl_700K_snap00056.extxyz,alpha-TiAl,700,alpha-TiAl__700,0.0017380999961679,-0.0027612400418111885,-0.004499340037979089,0.004499340037979089,2
/Users/yti0811/Desktop/FE_data/npj_CM01/NPJ_CM_Fig_Python/Public_Reproducibility_Package_V01/npjcm-free-energy-surrogate_Re3/Python_Codes/table/snapshots_split/alpha-TiAl_700K_snap00057.extxyz,alpha-TiAl,700,alpha-TiAl__700,0.0018629887384685,-0.001843467192097943,-0.003706455930566443,0.003706455930566443,2
/Users/yti0811/Desktop/FE_data/npj_CM01/NPJ_CM_Fig_Python/Public_Reproducibility_Package_V01/npjcm-free-energy-surrogate_Re3/Python_Codes/table/snapshots_split/alpha-TiAl_700K_snap00058.extxyz,alpha-TiAl,700,alpha-TiAl__700,0.0015688281722981,-0.0023042298225567728,-0.003873057994854873,0.003873057994854873,2
/Users/yti0811/Desktop/FE_data/npj_CM01/NPJ_CM_Fig_Python/Public_Reproducibility_Package_V01/npjcm-free-energy-surrogate_Re3/Python_Codes/table/snapshots_split/alpha-TiAl_700K_snap00059.extxyz,alpha-TiAl,700,alpha-TiAl__700,0.0020271518467428,-0.0012602554704553737,-0.003287407317198174,0.003287407317198174,2
/Users/yti0811/Desktop/FE_data/npj_CM01/NPJ_CM_Fig_Python/Public_Reproducibility_Package_V01/npjcm-free-energy-surrogate_Re3/Python_Codes/table/snapshots_split/alpha-TiAl_700K_snap00060.extxyz,alpha-TiAl,700,alpha-TiAl__700,0.0014304410241022,-0.0034523972813742215,-0.0048828383054764215,0.0048828383054764215,2
/Users/yti0811/Desktop/FE_data/npj_CM01/NPJ_CM_Fig_Python/Public_Reproducibility_Package_V01/npjcm-free-energy-surrogate_Re3/Python_Codes/table/snapshots_split/alpha-TiAl_700K_snap00061.extxyz,alpha-TiAl,700,alpha-TiAl__700,0.0024522774038576,-0.0030985370002039525,-0.005550814404061553,0.005550814404061553,2
/Users/yti0811/Desktop/FE_data/npj_CM01/NPJ_CM_Fig_Python/Public_Reproducibility_Package_V01/npjcm-free-energy-surrogate_Re3/Python_Codes/table/snapshots_split/alpha-TiAl_700K_snap00062.extxyz,alpha-TiAl,700,alpha-TiAl__700,0.0018393042153054,-0.00534411457137303,-0.00718341878667843,0.00718341878667843,2
/Users/yti0811/Desktop/FE_data/npj_CM01/NPJ_CM_Fig_Python/Public_Reproducibility_Package_V01/npjcm-free-energy-surrogate_Re3/Python_Codes/table/snapshots_split/alpha-TiAl_700K_snap00063.extxyz,alpha-TiAl,700,alpha-TiAl__700,0.0018732419594385,-0.003262577413746535,-0.005135819373185035,0.005135819373185035,2
/Users/yti0811/Desktop/FE_data/npj_CM01/NPJ_CM_Fig_Python/Public_Reproducibility_Package_V01/npjcm-free-energy-surrogate_Re3/Python_Codes/table/snapshots_split/alpha-TiAl_700K_snap00064.extxyz,alpha-TiAl,700,alpha-TiAl__700,0.0015347344279051,-0.002410193664911682,-0.003944928092816782,0.003944928092816782,2
/Users/yti0811/Desktop/FE_data/npj_CM01/NPJ_CM_Fig_Python/Public_Reproducibility_Package_V01/npjcm-free-energy-surrogate_Re3/Python_Codes/table/snapshots_split/alpha-TiAl_700K_snap00065.extxyz,alpha-TiAl,700,alpha-TiAl__700,0.0013331159799495,-0.0017410801713817722,-0.003074196151331272,0.003074196151331272,2
/Users/yti0811/Desktop/FE_data/npj_CM01/NPJ_CM_Fig_Python/Public_Reproducibility_Package_V01/npjcm-free-energy-surrogate_Re3/Python_Codes/table/snapshots_split/alpha-TiAl_700K_snap00066.extxyz,alpha-TiAl,700,alpha-TiAl__700,0.0018787087660051,-0.0013465527875319938,-0.003225261553537094,0.003225261553537094,2
/Users/yti0811/Desktop/FE_data/npj_CM01/NPJ_CM_Fig_Python/Public_Reproducibility_Package_V01/npjcm-free-energy-surrogate_Re3/Python_Codes/table/snapshots_split/alpha-TiAl_700K_snap00067.extxyz,alpha-TiAl,700,alpha-TiAl__700,0.0018377329649551,-0.003777719402529652,-0.005615452367484753,0.005615452367484753,2
/Users/yti0811/Desktop/FE_data/npj_CM01/NPJ_CM_Fig_Python/Public_Reproducibility_Package_V01/npjcm-free-energy-surrogate_Re3/Python_Codes/table/snapshots_split/alpha-TiAl_700K_snap00068.extxyz,alpha-TiAl,700,alpha-TiAl__700,0.0019918326370046,-0.0032856492637281915,-0.005277481900732791,0.005277481900732791,2
/Users/yti0811/Desktop/FE_data/npj_CM01/NPJ_CM_Fig_Python/Public_Reproducibility_Package_V01/npjcm-free-energy-surrogate_Re3/Python_Codes/table/snapshots_split/alpha-TiAl_700K_snap00069.extxyz,alpha-TiAl,700,alpha-TiAl__700,0.0012881730411008,-0.0020842120687640697,-0.0033723851098648697,0.0033723851098648697,2
/Users/yti0811/Desktop/FE_data/npj_CM01/NPJ_CM_Fig_Python/Public_Reproducibility_Package_V01/npjcm-free-energy-surrogate_Re3/Python_Codes/table/snapshots_split/alpha-TiAl_700K_snap00070.extxyz,alpha-TiAl,700,alpha-TiAl__700,0.0020823186830321,-0.002346282140600639,-0.00442860082363274,0.00442860082363274,2
/Users/yti0811/Desktop/FE_data/npj_CM01/NPJ_CM_Fig_Python/Public_Reproducibility_Package_V01/npjcm-free-energy-surrogate_Re3/Python_Codes/table/snapshots_split/alpha-TiAl_700K_snap00071.extxyz,alpha-TiAl,700,alpha-TiAl__700,0.0018311658798252,-0.0022200598602879983,-0.0040512257401131985,0.0040512257401131985,2
/Users/yti0811/Desktop/FE_data/npj_CM01/NPJ_CM_Fig_Python/Public_Reproducibility_Package_V01/npjcm-free-energy-surrogate_Re3/Python_Codes/table/snapshots_split/alpha-TiAl_700K_snap00072.extxyz,alpha-TiAl,700,alpha-TiAl__700,0.0018924571433723,-0.0032688554174375626,-0.0051613125608098625,0.0051613125608098625,2
/Users/yti0811/Desktop/FE_data/npj_CM01/NPJ_CM_Fig_Python/Public_Reproducibility_Package_V01/npjcm-free-energy-surrogate_Re3/Python_Codes/table/snapshots_split/alpha-TiAl_700K_snap00073.extxyz,alpha-TiAl,700,alpha-TiAl__700,0.0023048264209425,-0.0016085393753420072,-0.003913365796284507,0.003913365796284507,2
/Users/yti0811/Desktop/FE_data/npj_CM01/NPJ_CM_Fig_Python/Public_Reproducibility_Package_V01/npjcm-free-energy-surrogate_Re3/Python_Codes/table/snapshots_split/alpha-TiAl_700K_snap00074.extxyz,alpha-TiAl,700,alpha-TiAl__700,0.0021183584960159,-0.0036521464900342074,-0.005770504986050107,0.005770504986050107,2
/Users/yti0811/Desktop/FE_data/npj_CM01/NPJ_CM_Fig_Python/Public_Reproducibility_Package_V01/npjcm-free-energy-surrogate_Re3/Python_Codes/table/snapshots_split/alpha-TiAl_700K_snap00075.extxyz,alpha-TiAl,700,alpha-TiAl__700,0.0018921028283088,-0.004547421547189629,-0.006439524375498429,0.006439524375498429,2
/Users/yti0811/Desktop/FE_data/npj_CM01/NPJ_CM_Fig_Python/Public_Reproducibility_Package_V01/npjcm-free-energy-surrogate_Re3/Python_Codes/table/snapshots_split/alpha-TiAl_700K_snap00076.extxyz,alpha-TiAl,700,alpha-TiAl__700,0.0022954402907236,-0.00315796606998184,-0.00545340636070544,0.00545340636070544,2
/Users/yti0811/Desktop/FE_data/npj_CM01/NPJ_CM_Fig_Python/Public_Reproducibility_Package_V01/npjcm-free-energy-surrogate_Re3/Python_Codes/table/snapshots_split/alpha-TiAl_700K_snap00077.extxyz,alpha-TiAl,700,alpha-TiAl__700,0.0021555037671353,-0.0023302633555374527,-0.004485767122672753,0.004485767122672753,2
/Users/yti0811/Desktop/FE_data/npj_CM01/NPJ_CM_Fig_Python/Public_Reproducibility_Package_V01/npjcm-free-energy-surrogate_Re3/Python_Codes/table/snapshots_split/alpha-TiAl_700K_snap00078.extxyz,alpha-TiAl,700,alpha-TiAl__700,0.001560730348523,-0.00011938262484335244,-0.0016801129733663525,0.0016801129733663525,2
/Users/yti0811/Desktop/FE_data/npj_CM01/NPJ_CM_Fig_Python/Public_Reproducibility_Package_V01/npjcm-free-energy-surrogate_Re3/Python_Codes/table/snapshots_split/alpha-TiAl_700K_snap00079.extxyz,alpha-TiAl,700,alpha-TiAl__700,0.001642559599326,-0.002677369291861092,-0.004319928891187092,0.004319928891187092,2
/Users/yti0811/Desktop/FE_data/npj_CM01/NPJ_CM_Fig_Python/Public_Reproducibility_Package_V01/npjcm-free-energy-surrogate_Re3/Python_Codes/table/snapshots_split/alpha-TiAl_700K_snap00080.extxyz,alpha-TiAl,700,alpha-TiAl__700,0.0021775877344817,-0.0037659191307671844,-0.005943506865248884,0.005943506865248884,2
/Users/yti0811/Desktop/FE_data/npj_CM01/NPJ_CM_Fig_Python/Public_Reproducibility_Package_V01/npjcm-free-energy-surrogate_Re3/Python_Codes/table/snapshots_split/alpha-TiAl_700K_snap00081.extxyz,alpha-TiAl,700,alpha-TiAl__700,0.0018546570279204,-0.003406924063368614,-0.005261581091289014,0.005261581091289014,2
/Users/yti0811/Desktop/FE_data/npj_CM01/NPJ_CM_Fig_Python/Public_Reproducibility_Package_V01/npjcm-free-energy-surrogate_Re3/Python_Codes/table/snapshots_split/alpha-TiAl_700K_snap00082.extxyz,alpha-TiAl,700,alpha-TiAl__700,0.0025439121753661,-0.001659293683678146,-0.004203205859044246,0.004203205859044246,2
/Users/yti0811/Desktop/FE_data/npj_CM01/NPJ_CM_Fig_Python/Public_Reproducibility_Package_V01/npjcm-free-energy-surrogate_Re3/Python_Codes/table/snapshots_split/alpha-TiAl_700K_snap00083.extxyz,alpha-TiAl,700,alpha-TiAl__700,0.002110900495381,-0.0019102805717547266,-0.004021181067135726,0.004021181067135726,2
/Users/yti0811/Desktop/FE_data/npj_CM01/NPJ_CM_Fig_Python/Public_Reproducibility_Package_V01/npjcm-free-energy-surrogate_Re3/Python_Codes/table/snapshots_split/alpha-TiAl_700K_snap00084.extxyz,alpha-TiAl,700,alpha-TiAl__700,0.0014769069514827,-0.001358084169652966,-0.002834991121135666,0.002834991121135666,2
/Users/yti0811/Desktop/FE_data/npj_CM01/NPJ_CM_Fig_Python/Public_Reproducibility_Package_V01/npjcm-free-energy-surrogate_Re3/Python_Codes/table/snapshots_split/alpha-TiAl_700K_snap00085.extxyz,alpha-TiAl,700,alpha-TiAl__700,0.0014210390459453,-0.001212452533600935,-0.002633491579546235,0.002633491579546235,2
/Users/yti0811/Desktop/FE_data/npj_CM01/NPJ_CM_Fig_Python/Public_Reproducibility_Package_V01/npjcm-free-energy-surrogate_Re3/Python_Codes/table/snapshots_split/alpha-TiAl_700K_snap00086.extxyz,alpha-TiAl,700,alpha-TiAl__700,0.0018225653478976,-0.0017757208263677016,-0.003598286174265302,0.003598286174265302,2
/Users/yti0811/Desktop/FE_data/npj_CM01/NPJ_CM_Fig_Python/Public_Reproducibility_Package_V01/npjcm-free-energy-surrogate_Re3/Python_Codes/table/snapshots_split/alpha-TiAl_700K_snap00087.extxyz,alpha-TiAl,700,alpha-TiAl__700,0.0021299571790823,-0.002507574936403112,-0.004637532115485412,0.004637532115485412,2
/Users/yti0811/Desktop/FE_data/npj_CM01/NPJ_CM_Fig_Python/Public_Reproducibility_Package_V01/npjcm-free-energy-surrogate_Re3/Python_Codes/table/snapshots_split/alpha-TiAl_700K_snap00088.extxyz,alpha-TiAl,700,alpha-TiAl__700,0.0018646713306532,0.0005171209543781227,-0.0013475503762750774,0.0013475503762750774,2
/Users/yti0811/Desktop/FE_data/npj_CM01/NPJ_CM_Fig_Python/Public_Reproducibility_Package_V01/npjcm-free-energy-surrogate_Re3/Python_Codes/table/snapshots_split/alpha-TiAl_700K_snap00089.extxyz,alpha-TiAl,700,alpha-TiAl__700,0.0021397933750414,-0.002132467749902177,-0.0042722611249435775,0.0042722611249435775,2
/Users/yti0811/Desktop/FE_data/npj_CM01/NPJ_CM_Fig_Python/Public_Reproducibility_Package_V01/npjcm-free-energy-surrogate_Re3/Python_Codes/table/snapshots_split/alpha-TiAl_700K_snap00090.extxyz,alpha-TiAl,700,alpha-TiAl__700,0.0016344387768803,-0.002090525745698472,-0.003724964522578772,0.003724964522578772,2
/Users/yti0811/Desktop/FE_data/npj_CM01/NPJ_CM_Fig_Python/Public_Reproducibility_Package_V01/npjcm-free-energy-surrogate_Re3/Python_Codes/table/snapshots_split/alpha-TiAl_700K_snap00091.extxyz,alpha-TiAl,700,alpha-TiAl__700,0.0021923169697718,-0.0021754732458194774,-0.004367790215591277,0.004367790215591277,2
/Users/yti0811/Desktop/FE_data/npj_CM01/NPJ_CM_Fig_Python/Public_Reproducibility_Package_V01/npjcm-free-energy-surrogate_Re3/Python_Codes/table/snapshots_split/alpha-TiAl_700K_snap00092.extxyz,alpha-TiAl,700,alpha-TiAl__700,0.0019750227546198,-0.0012023477814868846,-0.0031773705361066848,0.0031773705361066848,2
/Users/yti0811/Desktop/FE_data/npj_CM01/NPJ_CM_Fig_Python/Public_Reproducibility_Package_V01/npjcm-free-energy-surrogate_Re3/Python_Codes/table/snapshots_split/alpha-TiAl_700K_snap00093.extxyz,alpha-TiAl,700,alpha-TiAl__700,0.0017382660644941,-0.004935106327336366,-0.006673372391830466,0.006673372391830466,2
/Users/yti0811/Desktop/FE_data/npj_CM01/NPJ_CM_Fig_Python/Public_Reproducibility_Package_V01/npjcm-free-energy-surrogate_Re3/Python_Codes/table/snapshots_split/alpha-TiAl_700K_snap00094.extxyz,alpha-TiAl,700,alpha-TiAl__700,0.0014846677428726,-0.00043322609294077437,-0.0019178938358133744,0.0019178938358133744,2
/Users/yti0811/Desktop/FE_data/npj_CM01/NPJ_CM_Fig_Python/Public_Reproducibility_Package_V01/npjcm-free-energy-surrogate_Re3/Python_Codes/table/snapshots_split/alpha-TiAl_700K_snap00095.extxyz,alpha-TiAl,700,alpha-TiAl__700,0.0020248388139748,-0.0018244036341998385,-0.0038492424481746386,0.0038492424481746386,2
/Users/yti0811/Desktop/FE_data/npj_CM01/NPJ_CM_Fig_Python/Public_Reproducibility_Package_V01/npjcm-free-energy-surrogate_Re3/Python_Codes/table/snapshots_split/alpha-TiAl_700K_snap00096.extxyz,alpha-TiAl,700,alpha-TiAl__700,0.0019354740467735,-0.0029764972445260416,-0.004911971291299541,0.004911971291299541,2
/Users/yti0811/Desktop/FE_data/npj_CM01/NPJ_CM_Fig_Python/Public_Reproducibility_Package_V01/npjcm-free-energy-surrogate_Re3/Python_Codes/table/snapshots_split/alpha-TiAl_700K_snap00097.extxyz,alpha-TiAl,700,alpha-TiAl__700,0.0011001126860477,-0.0038040395715905396,-0.00490415225763824,0.00490415225763824,2
/Users/yti0811/Desktop/FE_data/npj_CM01/NPJ_CM_Fig_Python/Public_Reproducibility_Package_V01/npjcm-free-energy-surrogate_Re3/Python_Codes/table/snapshots_split/alpha-TiAl_700K_snap00098.extxyz,alpha-TiAl,700,alpha-TiAl__700,0.0013951673540587,-0.0031500557755649206,-0.00454522312962362,0.00454522312962362,2
/Users/yti0811/Desktop/FE_data/npj_CM01/NPJ_CM_Fig_Python/Public_Reproducibility_Package_V01/npjcm-free-energy-surrogate_Re3/Python_Codes/table/snapshots_split/alpha-TiAl_700K_snap00099.extxyz,alpha-TiAl,700,alpha-TiAl__700,0.0023273970038962,-0.0020982450339531687,-0.004425642037849368,0.004425642037849368,2
/Users/yti0811/Desktop/FE_data/npj_CM01/NPJ_CM_Fig_Python/Public_Reproducibility_Package_V01/npjcm-free-energy-surrogate_Re3/Python_Codes/table/snapshots_split/beta-TiV_300K_snap00000.extxyz,beta-TiV,300,beta-TiV__300,-5.241638062787491e-05,-0.00023795934921452897,-0.00018554296858665407,0.00018554296858665407,1
/Users/yti0811/Desktop/FE_data/npj_CM01/NPJ_CM_Fig_Python/Public_Reproducibility_Package_V01/npjcm-free-energy-surrogate_Re3/Python_Codes/table/snapshots_split/beta-TiV_300K_snap00001.extxyz,beta-TiV,300,beta-TiV__300,-6.890928402376763e-05,-7.546264869366225e-06,6.13630191544014e-05,6.13630191544014e-05,1
/Users/yti0811/Desktop/FE_data/npj_CM01/NPJ_CM_Fig_Python/Public_Reproducibility_Package_V01/npjcm-free-energy-surrogate_Re3/Python_Codes/table/snapshots_split/beta-TiV_300K_snap00002.extxyz,beta-TiV,300,beta-TiV__300,5.742395673373589e-05,-0.00031638963090139594,-0.0003738135876351318,0.0003738135876351318,1
/Users/yti0811/Desktop/FE_data/npj_CM01/NPJ_CM_Fig_Python/Public_Reproducibility_Package_V01/npjcm-free-energy-surrogate_Re3/Python_Codes/table/snapshots_split/beta-TiV_300K_snap00003.extxyz,beta-TiV,300,beta-TiV__300,-1.812900498250504e-05,-0.000499138285226068,-0.00048100928024356296,0.00048100928024356296,1
/Users/yti0811/Desktop/FE_data/npj_CM01/NPJ_CM_Fig_Python/Public_Reproducibility_Package_V01/npjcm-free-energy-surrogate_Re3/Python_Codes/table/snapshots_split/beta-TiV_300K_snap00004.extxyz,beta-TiV,300,beta-TiV__300,-4.951444439306748e-06,0.00046479625412161434,0.0004697476985609211,0.0004697476985609211,1
/Users/yti0811/Desktop/FE_data/npj_CM01/NPJ_CM_Fig_Python/Public_Reproducibility_Package_V01/npjcm-free-energy-surrogate_Re3/Python_Codes/table/snapshots_split/beta-TiV_300K_snap00005.extxyz,beta-TiV,300,beta-TiV__300,-0.0001523486112392,0.0004613543431116145,0.0006137029543508146,0.0006137029543508146,1
/Users/yti0811/Desktop/FE_data/npj_CM01/NPJ_CM_Fig_Python/Public_Reproducibility_Package_V01/npjcm-free-energy-surrogate_Re3/Python_Codes/table/snapshots_split/beta-TiV_300K_snap00006.extxyz,beta-TiV,300,beta-TiV__300,0.0001213808558003,0.0006536348342561444,0.0005322539784558443,0.0005322539784558443,1
/Users/yti0811/Desktop/FE_data/npj_CM01/NPJ_CM_Fig_Python/Public_Reproducibility_Package_V01/npjcm-free-energy-surrogate_Re3/Python_Codes/table/snapshots_split/beta-TiV_300K_snap00007.extxyz,beta-TiV,300,beta-TiV__300,-0.0001627845535104,-0.0004575576526453681,-0.00029477309913496816,0.00029477309913496816,1
/Users/yti0811/Desktop/FE_data/npj_CM01/NPJ_CM_Fig_Python/Public_Reproducibility_Package_V01/npjcm-free-energy-surrogate_Re3/Python_Codes/table/snapshots_split/beta-TiV_300K_snap00008.extxyz,beta-TiV,300,beta-TiV__300,4.938304650452362e-05,-0.0006375086266930157,-0.0006868916731975393,0.0006868916731975393,1
/Users/yti0811/Desktop/FE_data/npj_CM01/NPJ_CM_Fig_Python/Public_Reproducibility_Package_V01/npjcm-free-energy-surrogate_Re3/Python_Codes/table/snapshots_split/beta-TiV_300K_snap00009.extxyz,beta-TiV,300,beta-TiV__300,-1.362910690079379e-05,0.0003781129207799947,0.0003917420276807885,0.0003917420276807885,1
/Users/yti0811/Desktop/FE_data/npj_CM01/NPJ_CM_Fig_Python/Public_Reproducibility_Package_V01/npjcm-free-energy-surrogate_Re3/Python_Codes/table/snapshots_split/beta-TiV_300K_snap00010.extxyz,beta-TiV,300,beta-TiV__300,-6.321763594292652e-05,-6.680211714873887e-05,-3.584481205812351e-06,3.584481205812351e-06,1
/Users/yti0811/Desktop/FE_data/npj_CM01/NPJ_CM_Fig_Python/Public_Reproducibility_Package_V01/npjcm-free-energy-surrogate_Re3/Python_Codes/table/snapshots_split/beta-TiV_300K_snap00011.extxyz,beta-TiV,300,beta-TiV__300,2.0844347179014828e-05,-0.0008182470087563356,-0.0008390913559353505,0.0008390913559353505,1
/Users/yti0811/Desktop/FE_data/npj_CM01/NPJ_CM_Fig_Python/Public_Reproducibility_Package_V01/npjcm-free-energy-surrogate_Re3/Python_Codes/table/snapshots_split/beta-TiV_300K_snap00012.extxyz,beta-TiV,300,beta-TiV__300,0.0002311231951468,-0.0004116139292017852,-0.0006427371243485852,0.0006427371243485852,1
/Users/yti0811/Desktop/FE_data/npj_CM01/NPJ_CM_Fig_Python/Public_Reproducibility_Package_V01/npjcm-free-energy-surrogate_Re3/Python_Codes/table/snapshots_split/beta-TiV_300K_snap00013.extxyz,beta-TiV,300,beta-TiV__300,-8.239564972174652e-05,-0.0005350884281721538,-0.0004526927784504073,0.0004526927784504073,1
/Users/yti0811/Desktop/FE_data/npj_CM01/NPJ_CM_Fig_Python/Public_Reproducibility_Package_V01/npjcm-free-energy-surrogate_Re3/Python_Codes/table/snapshots_split/beta-TiV_300K_snap00014.extxyz,beta-TiV,300,beta-TiV__300,-5.924988305490321e-05,-0.0008560292138090744,-0.0007967793307541712,0.0007967793307541712,1
/Users/yti0811/Desktop/FE_data/npj_CM01/NPJ_CM_Fig_Python/Public_Reproducibility_Package_V01/npjcm-free-energy-surrogate_Re3/Python_Codes/table/snapshots_split/beta-TiV_300K_snap00015.extxyz,beta-TiV,300,beta-TiV__300,-0.0001778944980806,-0.0004464247072132119,-0.00026853020913261184,0.00026853020913261184,1
/Users/yti0811/Desktop/FE_data/npj_CM01/NPJ_CM_Fig_Python/Public_Reproducibility_Package_V01/npjcm-free-energy-surrogate_Re3/Python_Codes/table/snapshots_split/beta-TiV_300K_snap00016.extxyz,beta-TiV,300,beta-TiV__300,-7.225164738229485e-05,-0.0010294405712746096,-0.0009571889238923147,0.0009571889238923147,1
/Users/yti0811/Desktop/FE_data/npj_CM01/NPJ_CM_Fig_Python/Public_Reproducibility_Package_V01/npjcm-free-energy-surrogate_Re3/Python_Codes/table/snapshots_split/beta-TiV_300K_snap00017.extxyz,beta-TiV,300,beta-TiV__300,-0.0002265993404043,0.0011273796875160697,0.0013539790279203697,0.0013539790279203697,1
/Users/yti0811/Desktop/FE_data/npj_CM01/NPJ_CM_Fig_Python/Public_Reproducibility_Package_V01/npjcm-free-energy-surrogate_Re3/Python_Codes/table/snapshots_split/beta-TiV_300K_snap00018.extxyz,beta-TiV,300,beta-TiV__300,0.0001333569300854,0.00035210745494875423,0.00021875052486335423,0.00021875052486335423,1
/Users/yti0811/Desktop/FE_data/npj_CM01/NPJ_CM_Fig_Python/Public_Reproducibility_Package_V01/npjcm-free-energy-surrogate_Re3/Python_Codes/table/snapshots_split/beta-TiV_300K_snap00019.extxyz,beta-TiV,300,beta-TiV__300,-1.5977839422156042e-05,-0.00016104888078247073,-0.00014507104136031468,0.00014507104136031468,1
/Users/yti0811/Desktop/FE_data/npj_CM01/NPJ_CM_Fig_Python/Public_Reproducibility_Package_V01/npjcm-free-energy-surrogate_Re3/Python_Codes/table/snapshots_split/beta-TiV_300K_snap00020.extxyz,beta-TiV,300,beta-TiV__300,0.0001448277545339,-0.0010114969615464156,-0.0011563247160803155,0.0011563247160803155,1
/Users/yti0811/Desktop/FE_data/npj_CM01/NPJ_CM_Fig_Python/Public_Reproducibility_Package_V01/npjcm-free-energy-surrogate_Re3/Python_Codes/table/snapshots_split/beta-TiV_300K_snap00021.extxyz,beta-TiV,300,beta-TiV__300,-8.290867674616455e-05,0.0001955027329162449,0.00027841140966240947,0.00027841140966240947,1
/Users/yti0811/Desktop/FE_data/npj_CM01/NPJ_CM_Fig_Python/Public_Reproducibility_Package_V01/npjcm-free-energy-surrogate_Re3/Python_Codes/table/snapshots_split/beta-TiV_300K_snap00022.extxyz,beta-TiV,300,beta-TiV__300,-0.0002111472857409,-0.0006985408455777543,-0.0004873935598368543,0.0004873935598368543,1
/Users/yti0811/Desktop/FE_data/npj_CM01/NPJ_CM_Fig_Python/Public_Reproducibility_Package_V01/npjcm-free-energy-surrogate_Re3/Python_Codes/table/snapshots_split/beta-TiV_300K_snap00023.extxyz,beta-TiV,300,beta-TiV__300,5.625905554933307e-05,-0.0009278738801114503,-0.0009841329356607834,0.0009841329356607834,1
/Users/yti0811/Desktop/FE_data/npj_CM01/NPJ_CM_Fig_Python/Public_Reproducibility_Package_V01/npjcm-free-energy-surrogate_Re3/Python_Codes/table/snapshots_split/beta-TiV_300K_snap00024.extxyz,beta-TiV,300,beta-TiV__300,0.000264307542257,-0.00044958799156045754,-0.0007138955338174576,0.0007138955338174576,1
/Users/yti0811/Desktop/FE_data/npj_CM01/NPJ_CM_Fig_Python/Public_Reproducibility_Package_V01/npjcm-free-energy-surrogate_Re3/Python_Codes/table/snapshots_split/beta-TiV_300K_snap00025.extxyz,beta-TiV,300,beta-TiV__300,-0.0001038911410588,-0.0007220240803759835,-0.0006181329393171835,0.0006181329393171835,1
/Users/yti0811/Desktop/FE_data/npj_CM01/NPJ_CM_Fig_Python/Public_Reproducibility_Package_V01/npjcm-free-energy-surrogate_Re3/Python_Codes/table/snapshots_split/beta-TiV_300K_snap00026.extxyz,beta-TiV,300,beta-TiV__300,-0.0001898228341142,-0.0008447121686394995,-0.0006548893345252995,0.0006548893345252995,1
/Users/yti0811/Desktop/FE_data/npj_CM01/NPJ_CM_Fig_Python/Public_Reproducibility_Package_V01/npjcm-free-energy-surrogate_Re3/Python_Codes/table/snapshots_split/beta-TiV_300K_snap00027.extxyz,beta-TiV,300,beta-TiV__300,-0.0001531472029804,-0.00024745268029958696,-9.430547731918696e-05,9.430547731918696e-05,1
/Users/yti0811/Desktop/FE_data/npj_CM01/NPJ_CM_Fig_Python/Public_Reproducibility_Package_V01/npjcm-free-energy-surrogate_Re3/Python_Codes/table/snapshots_split/beta-TiV_300K_snap00028.extxyz,beta-TiV,300,beta-TiV__300,-0.0001038959762222,0.0002682268471768892,0.00037212282339908916,0.00037212282339908916,1
/Users/yti0811/Desktop/FE_data/npj_CM01/NPJ_CM_Fig_Python/Public_Reproducibility_Package_V01/npjcm-free-energy-surrogate_Re3/Python_Codes/table/snapshots_split/beta-TiV_300K_snap00029.extxyz,beta-TiV,300,beta-TiV__300,-1.1535214475124085e-05,-0.0002783951307385302,-0.0002668599162634061,0.0002668599162634061,1
/Users/yti0811/Desktop/FE_data/npj_CM01/NPJ_CM_Fig_Python/Public_Reproducibility_Package_V01/npjcm-free-energy-surrogate_Re3/Python_Codes/table/snapshots_split/beta-TiV_300K_snap00030.extxyz,beta-TiV,300,beta-TiV__300,-0.0001502572359129,5.790600169819089e-05,0.00020816323761109088,0.00020816323761109088,1
/Users/yti0811/Desktop/FE_data/npj_CM01/NPJ_CM_Fig_Python/Public_Reproducibility_Package_V01/npjcm-free-energy-surrogate_Re3/Python_Codes/table/snapshots_split/beta-TiV_300K_snap00031.extxyz,beta-TiV,300,beta-TiV__300,-4.381975352309461e-06,-8.287612530412684e-05,-7.849414995181737e-05,7.849414995181737e-05,1
/Users/yti0811/Desktop/FE_data/npj_CM01/NPJ_CM_Fig_Python/Public_Reproducibility_Package_V01/npjcm-free-energy-surrogate_Re3/Python_Codes/table/snapshots_split/beta-TiV_300K_snap00032.extxyz,beta-TiV,300,beta-TiV__300,-0.0001671379444755,0.0004029066685878347,0.0005700446130633347,0.0005700446130633347,1
/Users/yti0811/Desktop/FE_data/npj_CM01/NPJ_CM_Fig_Python/Public_Reproducibility_Package_V01/npjcm-free-energy-surrogate_Re3/Python_Codes/table/snapshots_split/beta-TiV_300K_snap00033.extxyz,beta-TiV,300,beta-TiV__300,-1.247748984307852e-05,-0.0007867426378355865,-0.000774265147992508,0.000774265147992508,1
/Users/yti0811/Desktop/FE_data/npj_CM01/NPJ_CM_Fig_Python/Public_Reproducibility_Package_V01/npjcm-free-energy-surrogate_Re3/Python_Codes/table/snapshots_split/beta-TiV_300K_snap00034.extxyz,beta-TiV,300,beta-TiV__300,7.346104054666122e-05,-0.001194358882602662,-0.0012678199231493232,0.0012678199231493232,1
/Users/yti0811/Desktop/FE_data/npj_CM01/NPJ_CM_Fig_Python/Public_Reproducibility_Package_V01/npjcm-free-energy-surrogate_Re3/Python_Codes/table/snapshots_split/beta-TiV_300K_snap00035.extxyz,beta-TiV,300,beta-TiV__300,5.411183441155042e-05,-0.00040456285185545,-0.00045867468626700043,0.00045867468626700043,1
/Users/yti0811/Desktop/FE_data/npj_CM01/NPJ_CM_Fig_Python/Public_Reproducibility_Package_V01/npjcm-free-energy-surrogate_Re3/Python_Codes/table/snapshots_split/beta-TiV_300K_snap00036.extxyz,beta-TiV,300,beta-TiV__300,0.0001936774167106,-0.0001096558902694356,-0.0003033333069800356,0.0003033333069800356,1
/Users/yti0811/Desktop/FE_data/npj_CM01/NPJ_CM_Fig_Python/Public_Reproducibility_Package_V01/npjcm-free-energy-surrogate_Re3/Python_Codes/table/snapshots_split/beta-TiV_300K_snap00037.extxyz,beta-TiV,300,beta-TiV__300,-0.0001151617614469,-0.00046903737506924124,-0.0003538756136223412,0.0003538756136223412,1
/Users/yti0811/Desktop/FE_data/npj_CM01/NPJ_CM_Fig_Python/Public_Reproducibility_Package_V01/npjcm-free-energy-surrogate_Re3/Python_Codes/table/snapshots_split/beta-TiV_300K_snap00038.extxyz,beta-TiV,300,beta-TiV__300,0.0001269429911348,-0.001090317667215705,-0.001217260658350505,0.001217260658350505,1
/Users/yti0811/Desktop/FE_data/npj_CM01/NPJ_CM_Fig_Python/Public_Reproducibility_Package_V01/npjcm-free-energy-surrogate_Re3/Python_Codes/table/snapshots_split/beta-TiV_300K_snap00039.extxyz,beta-TiV,300,beta-TiV__300,-1.0102698936932955e-05,-8.658599132709411e-06,1.4440998042235439e-06,1.4440998042235439e-06,1
/Users/yti0811/Desktop/FE_data/npj_CM01/NPJ_CM_Fig_Python/Public_Reproducibility_Package_V01/npjcm-free-energy-surrogate_Re3/Python_Codes/table/snapshots_split/beta-TiV_300K_snap00040.extxyz,beta-TiV,300,beta-TiV__300,8.260032918180146e-05,-0.00047501848510646337,-0.0005576188142882648,0.0005576188142882648,1
/Users/yti0811/Desktop/FE_data/npj_CM01/NPJ_CM_Fig_Python/Public_Reproducibility_Package_V01/npjcm-free-energy-surrogate_Re3/Python_Codes/table/snapshots_split/beta-TiV_300K_snap00041.extxyz,beta-TiV,300,beta-TiV__300,-4.394437548067733e-05,-0.0015343280727281288,-0.0014903836972474515,0.0014903836972474515,1
/Users/yti0811/Desktop/FE_data/npj_CM01/NPJ_CM_Fig_Python/Public_Reproducibility_Package_V01/npjcm-free-energy-surrogate_Re3/Python_Codes/table/snapshots_split/beta-TiV_300K_snap00042.extxyz,beta-TiV,300,beta-TiV__300,-1.9689940127200505e-05,-5.83434867280888e-05,-3.86535466008883e-05,3.86535466008883e-05,1
/Users/yti0811/Desktop/FE_data/npj_CM01/NPJ_CM_Fig_Python/Public_Reproducibility_Package_V01/npjcm-free-energy-surrogate_Re3/Python_Codes/table/snapshots_split/beta-TiV_300K_snap00043.extxyz,beta-TiV,300,beta-TiV__300,7.959849796222424e-06,-0.00036908130238185626,-0.0003770411521780787,0.0003770411521780787,1
/Users/yti0811/Desktop/FE_data/npj_CM01/NPJ_CM_Fig_Python/Public_Reproducibility_Package_V01/npjcm-free-energy-surrogate_Re3/Python_Codes/table/snapshots_split/beta-TiV_300K_snap00044.extxyz,beta-TiV,300,beta-TiV__300,-0.0001918571812254,-0.0017446713492142228,-0.0015528141679888227,0.0015528141679888227,1
/Users/yti0811/Desktop/FE_data/npj_CM01/NPJ_CM_Fig_Python/Public_Reproducibility_Package_V01/npjcm-free-energy-surrogate_Re3/Python_Codes/table/snapshots_split/beta-TiV_300K_snap00045.extxyz,beta-TiV,300,beta-TiV__300,-0.0001807158029184,9.929141781261604e-05,0.000280007220731016,0.000280007220731016,1
/Users/yti0811/Desktop/FE_data/npj_CM01/NPJ_CM_Fig_Python/Public_Reproducibility_Package_V01/npjcm-free-energy-surrogate_Re3/Python_Codes/table/snapshots_split/beta-TiV_300K_snap00046.extxyz,beta-TiV,300,beta-TiV__300,6.372834575878282e-05,-0.00021339159940190848,-0.0002771199451606913,0.0002771199451606913,1
/Users/yti0811/Desktop/FE_data/npj_CM01/NPJ_CM_Fig_Python/Public_Reproducibility_Package_V01/npjcm-free-energy-surrogate_Re3/Python_Codes/table/snapshots_split/beta-TiV_300K_snap00047.extxyz,beta-TiV,300,beta-TiV__300,-0.0003296630257237,-0.00026144563649298485,6.821738923071512e-05,6.821738923071512e-05,1
/Users/yti0811/Desktop/FE_data/npj_CM01/NPJ_CM_Fig_Python/Public_Reproducibility_Package_V01/npjcm-free-energy-surrogate_Re3/Python_Codes/table/snapshots_split/beta-TiV_300K_snap00048.extxyz,beta-TiV,300,beta-TiV__300,-1.6987601565005165e-06,0.00012644063605110395,0.00012813939620760447,0.00012813939620760447,1
/Users/yti0811/Desktop/FE_data/npj_CM01/NPJ_CM_Fig_Python/Public_Reproducibility_Package_V01/npjcm-free-energy-surrogate_Re3/Python_Codes/table/snapshots_split/beta-TiV_300K_snap00049.extxyz,beta-TiV,300,beta-TiV__300,-0.0001368422927211,3.268776086326887e-05,0.00016953005358436886,0.00016953005358436886,1
/Users/yti0811/Desktop/FE_data/npj_CM01/NPJ_CM_Fig_Python/Public_Reproducibility_Package_V01/npjcm-free-energy-surrogate_Re3/Python_Codes/table/snapshots_split/beta-TiV_300K_snap00050.extxyz,beta-TiV,300,beta-TiV__300,-6.839439233181811e-05,0.0004004956219500347,0.00046889001428185285,0.00046889001428185285,1
/Users/yti0811/Desktop/FE_data/npj_CM01/NPJ_CM_Fig_Python/Public_Reproducibility_Package_V01/npjcm-free-energy-surrogate_Re3/Python_Codes/table/snapshots_split/beta-TiV_300K_snap00051.extxyz,beta-TiV,300,beta-TiV__300,-0.0001228912927135,5.858641225702714e-06,0.00012874993393920272,0.00012874993393920272,1
/Users/yti0811/Desktop/FE_data/npj_CM01/NPJ_CM_Fig_Python/Public_Reproducibility_Package_V01/npjcm-free-energy-surrogate_Re3/Python_Codes/table/snapshots_split/beta-TiV_300K_snap00052.extxyz,beta-TiV,300,beta-TiV__300,-8.302352700790995e-05,-0.000802021828913206,-0.000718998301905296,0.000718998301905296,1
/Users/yti0811/Desktop/FE_data/npj_CM01/NPJ_CM_Fig_Python/Public_Reproducibility_Package_V01/npjcm-free-energy-surrogate_Re3/Python_Codes/table/snapshots_split/beta-TiV_300K_snap00053.extxyz,beta-TiV,300,beta-TiV__300,-0.0002187328903627,-0.0008189970582788147,-0.0006002641679161147,0.0006002641679161147,1
/Users/yti0811/Desktop/FE_data/npj_CM01/NPJ_CM_Fig_Python/Public_Reproducibility_Package_V01/npjcm-free-energy-surrogate_Re3/Python_Codes/table/snapshots_split/beta-TiV_300K_snap00054.extxyz,beta-TiV,300,beta-TiV__300,-6.042130093603263e-07,0.00023915277578203287,0.0002397569887913932,0.0002397569887913932,1
/Users/yti0811/Desktop/FE_data/npj_CM01/NPJ_CM_Fig_Python/Public_Reproducibility_Package_V01/npjcm-free-energy-surrogate_Re3/Python_Codes/table/snapshots_split/beta-TiV_300K_snap00055.extxyz,beta-TiV,300,beta-TiV__300,-0.000168598725798,-0.0002627210173963506,-9.412229159835059e-05,9.412229159835059e-05,1
/Users/yti0811/Desktop/FE_data/npj_CM01/NPJ_CM_Fig_Python/Public_Reproducibility_Package_V01/npjcm-free-energy-surrogate_Re3/Python_Codes/table/snapshots_split/beta-TiV_300K_snap00056.extxyz,beta-TiV,300,beta-TiV__300,0.0001237054640963,4.4576838782894325e-05,-7.912862531340566e-05,7.912862531340566e-05,1
/Users/yti0811/Desktop/FE_data/npj_CM01/NPJ_CM_Fig_Python/Public_Reproducibility_Package_V01/npjcm-free-energy-surrogate_Re3/Python_Codes/table/snapshots_split/beta-TiV_300K_snap00057.extxyz,beta-TiV,300,beta-TiV__300,-0.000332910441055,-0.0007120077055202163,-0.00037909726446521633,0.00037909726446521633,1
/Users/yti0811/Desktop/FE_data/npj_CM01/NPJ_CM_Fig_Python/Public_Reproducibility_Package_V01/npjcm-free-energy-surrogate_Re3/Python_Codes/table/snapshots_split/beta-TiV_300K_snap00058.extxyz,beta-TiV,300,beta-TiV__300,0.0002874526848391,0.00030231907034148486,1.4866385502384886e-05,1.4866385502384886e-05,1
/Users/yti0811/Desktop/FE_data/npj_CM01/NPJ_CM_Fig_Python/Public_Reproducibility_Package_V01/npjcm-free-energy-surrogate_Re3/Python_Codes/table/snapshots_split/beta-TiV_300K_snap00059.extxyz,beta-TiV,300,beta-TiV__300,0.0001501795447503,-0.0009169014505357468,-0.0010670809952860467,0.0010670809952860467,1
/Users/yti0811/Desktop/FE_data/npj_CM01/NPJ_CM_Fig_Python/Public_Reproducibility_Package_V01/npjcm-free-energy-surrogate_Re3/Python_Codes/table/snapshots_split/beta-TiV_300K_snap00060.extxyz,beta-TiV,300,beta-TiV__300,-3.599568697860879e-05,-0.00013102635499261908,-9.50306680140103e-05,9.50306680140103e-05,1
/Users/yti0811/Desktop/FE_data/npj_CM01/NPJ_CM_Fig_Python/Public_Reproducibility_Package_V01/npjcm-free-energy-surrogate_Re3/Python_Codes/table/snapshots_split/beta-TiV_300K_snap00061.extxyz,beta-TiV,300,beta-TiV__300,-0.0001281112806229,-0.00031006882542424657,-0.00018195754480134657,0.00018195754480134657,1
/Users/yti0811/Desktop/FE_data/npj_CM01/NPJ_CM_Fig_Python/Public_Reproducibility_Package_V01/npjcm-free-energy-surrogate_Re3/Python_Codes/table/snapshots_split/beta-TiV_300K_snap00062.extxyz,beta-TiV,300,beta-TiV__300,0.0001956530376761,0.00065120895968188,0.00045555592200577995,0.00045555592200577995,1
/Users/yti0811/Desktop/FE_data/npj_CM01/NPJ_CM_Fig_Python/Public_Reproducibility_Package_V01/npjcm-free-energy-surrogate_Re3/Python_Codes/table/snapshots_split/beta-TiV_300K_snap00063.extxyz,beta-TiV,300,beta-TiV__300,-3.692779209880816e-05,0.00025595277205180654,0.0002928805641506147,0.0002928805641506147,1
/Users/yti0811/Desktop/FE_data/npj_CM01/NPJ_CM_Fig_Python/Public_Reproducibility_Package_V01/npjcm-free-energy-surrogate_Re3/Python_Codes/table/snapshots_split/beta-TiV_300K_snap00064.extxyz,beta-TiV,300,beta-TiV__300,3.400867318607946e-05,-0.0005137579237000303,-0.0005477665968861098,0.0005477665968861098,1
/Users/yti0811/Desktop/FE_data/npj_CM01/NPJ_CM_Fig_Python/Public_Reproducibility_Package_V01/npjcm-free-energy-surrogate_Re3/Python_Codes/table/snapshots_split/beta-TiV_300K_snap00065.extxyz,beta-TiV,300,beta-TiV__300,1.0834021382287158e-05,8.668245990777162e-05,7.584843852548446e-05,7.584843852548446e-05,1
/Users/yti0811/Desktop/FE_data/npj_CM01/NPJ_CM_Fig_Python/Public_Reproducibility_Package_V01/npjcm-free-energy-surrogate_Re3/Python_Codes/table/snapshots_split/beta-TiV_300K_snap00066.extxyz,beta-TiV,300,beta-TiV__300,-2.9038218178413804e-05,0.0004108524142131468,0.00043989063239156063,0.00043989063239156063,1
/Users/yti0811/Desktop/FE_data/npj_CM01/NPJ_CM_Fig_Python/Public_Reproducibility_Package_V01/npjcm-free-energy-surrogate_Re3/Python_Codes/table/snapshots_split/beta-TiV_300K_snap00067.extxyz,beta-TiV,300,beta-TiV__300,0.0001374188456395,-0.00033514493735801564,-0.00047256378299751563,0.00047256378299751563,1
/Users/yti0811/Desktop/FE_data/npj_CM01/NPJ_CM_Fig_Python/Public_Reproducibility_Package_V01/npjcm-free-energy-surrogate_Re3/Python_Codes/table/snapshots_split/beta-TiV_300K_snap00068.extxyz,beta-TiV,300,beta-TiV__300,-8.932014384739507e-05,-0.0004271512108272303,-0.0003378310669798352,0.0003378310669798352,1
/Users/yti0811/Desktop/FE_data/npj_CM01/NPJ_CM_Fig_Python/Public_Reproducibility_Package_V01/npjcm-free-energy-surrogate_Re3/Python_Codes/table/snapshots_split/beta-TiV_300K_snap00069.extxyz,beta-TiV,300,beta-TiV__300,-0.000124465760768,0.00023703601503433027,0.0003615017758023303,0.0003615017758023303,1
/Users/yti0811/Desktop/FE_data/npj_CM01/NPJ_CM_Fig_Python/Public_Reproducibility_Package_V01/npjcm-free-energy-surrogate_Re3/Python_Codes/table/snapshots_split/beta-TiV_300K_snap00070.extxyz,beta-TiV,300,beta-TiV__300,5.665689175508969e-05,-0.0006758237631474695,-0.0007324806549025591,0.0007324806549025591,1
/Users/yti0811/Desktop/FE_data/npj_CM01/NPJ_CM_Fig_Python/Public_Reproducibility_Package_V01/npjcm-free-energy-surrogate_Re3/Python_Codes/table/snapshots_split/beta-TiV_300K_snap00071.extxyz,beta-TiV,300,beta-TiV__300,0.0001296038610112,-0.0003773023441275774,-0.0005069062051387774,0.0005069062051387774,1
/Users/yti0811/Desktop/FE_data/npj_CM01/NPJ_CM_Fig_Python/Public_Reproducibility_Package_V01/npjcm-free-energy-surrogate_Re3/Python_Codes/table/snapshots_split/beta-TiV_300K_snap00072.extxyz,beta-TiV,300,beta-TiV__300,5.9220958866107295e-06,0.000115486378556719,0.00010956428267010826,0.00010956428267010826,1
/Users/yti0811/Desktop/FE_data/npj_CM01/NPJ_CM_Fig_Python/Public_Reproducibility_Package_V01/npjcm-free-energy-surrogate_Re3/Python_Codes/table/snapshots_split/beta-TiV_300K_snap00073.extxyz,beta-TiV,300,beta-TiV__300,0.0001364160696386,-0.00038347355734810577,-0.0005198896269867058,0.0005198896269867058,1
/Users/yti0811/Desktop/FE_data/npj_CM01/NPJ_CM_Fig_Python/Public_Reproducibility_Package_V01/npjcm-free-energy-surrogate_Re3/Python_Codes/table/snapshots_split/beta-TiV_300K_snap00074.extxyz,beta-TiV,300,beta-TiV__300,-7.699081379715257e-05,-0.0015972826056958344,-0.0015202917918986818,0.0015202917918986818,1
/Users/yti0811/Desktop/FE_data/npj_CM01/NPJ_CM_Fig_Python/Public_Reproducibility_Package_V01/npjcm-free-energy-surrogate_Re3/Python_Codes/table/snapshots_split/beta-TiV_300K_snap00075.extxyz,beta-TiV,300,beta-TiV__300,0.0001401709419868,-0.0014049860946406794,-0.0015451570366274794,0.0015451570366274794,1
/Users/yti0811/Desktop/FE_data/npj_CM01/NPJ_CM_Fig_Python/Public_Reproducibility_Package_V01/npjcm-free-energy-surrogate_Re3/Python_Codes/table/snapshots_split/beta-TiV_300K_snap00076.extxyz,beta-TiV,300,beta-TiV__300,2.598987815542851e-05,8.002802315759509e-05,5.403814500216658e-05,5.403814500216658e-05,1
/Users/yti0811/Desktop/FE_data/npj_CM01/NPJ_CM_Fig_Python/Public_Reproducibility_Package_V01/npjcm-free-energy-surrogate_Re3/Python_Codes/table/snapshots_split/beta-TiV_300K_snap00077.extxyz,beta-TiV,300,beta-TiV__300,-0.000150781505728,0.000605674926647525,0.0007564564323755251,0.0007564564323755251,1
/Users/yti0811/Desktop/FE_data/npj_CM01/NPJ_CM_Fig_Python/Public_Reproducibility_Package_V01/npjcm-free-energy-surrogate_Re3/Python_Codes/table/snapshots_split/beta-TiV_300K_snap00078.extxyz,beta-TiV,300,beta-TiV__300,1.900547307624843e-05,-0.00021518028065099163,-0.00023418575372724005,0.00023418575372724005,1
/Users/yti0811/Desktop/FE_data/npj_CM01/NPJ_CM_Fig_Python/Public_Reproducibility_Package_V01/npjcm-free-energy-surrogate_Re3/Python_Codes/table/snapshots_split/beta-TiV_300K_snap00079.extxyz,beta-TiV,300,beta-TiV__300,-6.96064591200879e-05,-0.0007740914801507766,-0.0007044850210306887,0.0007044850210306887,1
/Users/yti0811/Desktop/FE_data/npj_CM01/NPJ_CM_Fig_Python/Public_Reproducibility_Package_V01/npjcm-free-energy-surrogate_Re3/Python_Codes/table/snapshots_split/beta-TiV_300K_snap00080.extxyz,beta-TiV,300,beta-TiV__300,-5.725798142903916e-05,-0.0004092571266507138,-0.0003519991452216746,0.0003519991452216746,1
/Users/yti0811/Desktop/FE_data/npj_CM01/NPJ_CM_Fig_Python/Public_Reproducibility_Package_V01/npjcm-free-energy-surrogate_Re3/Python_Codes/table/snapshots_split/beta-TiV_300K_snap00081.extxyz,beta-TiV,300,beta-TiV__300,0.0001741711314231,-0.0008969552140798345,-0.0010711263455029346,0.0010711263455029346,1
/Users/yti0811/Desktop/FE_data/npj_CM01/NPJ_CM_Fig_Python/Public_Reproducibility_Package_V01/npjcm-free-energy-surrogate_Re3/Python_Codes/table/snapshots_split/beta-TiV_300K_snap00082.extxyz,beta-TiV,300,beta-TiV__300,1.298910641627069e-05,-0.00011649212223522666,-0.00012948122865149734,0.00012948122865149734,1
/Users/yti0811/Desktop/FE_data/npj_CM01/NPJ_CM_Fig_Python/Public_Reproducibility_Package_V01/npjcm-free-energy-surrogate_Re3/Python_Codes/table/snapshots_split/beta-TiV_300K_snap00083.extxyz,beta-TiV,300,beta-TiV__300,-6.024684937684545e-05,8.432244363321963e-05,0.0001445692930100651,0.0001445692930100651,1
/Users/yti0811/Desktop/FE_data/npj_CM01/NPJ_CM_Fig_Python/Public_Reproducibility_Package_V01/npjcm-free-energy-surrogate_Re3/Python_Codes/table/snapshots_split/beta-TiV_300K_snap00084.extxyz,beta-TiV,300,beta-TiV__300,-0.0001687104590269,-0.0008219680353317023,-0.0006532575763048022,0.0006532575763048022,1
/Users/yti0811/Desktop/FE_data/npj_CM01/NPJ_CM_Fig_Python/Public_Reproducibility_Package_V01/npjcm-free-energy-surrogate_Re3/Python_Codes/table/snapshots_split/beta-TiV_300K_snap00085.extxyz,beta-TiV,300,beta-TiV__300,-1.662521883712022e-05,0.0002733795785316843,0.0002900047973688045,0.0002900047973688045,1
/Users/yti0811/Desktop/FE_data/npj_CM01/NPJ_CM_Fig_Python/Public_Reproducibility_Package_V01/npjcm-free-energy-surrogate_Re3/Python_Codes/table/snapshots_split/beta-TiV_300K_snap00086.extxyz,beta-TiV,300,beta-TiV__300,4.615785980725927e-05,-0.0004790448357424006,-0.0005252026955496599,0.0005252026955496599,1
/Users/yti0811/Desktop/FE_data/npj_CM01/NPJ_CM_Fig_Python/Public_Reproducibility_Package_V01/npjcm-free-energy-surrogate_Re3/Python_Codes/table/snapshots_split/beta-TiV_300K_snap00087.extxyz,beta-TiV,300,beta-TiV__300,-0.0001493673862603,-0.00027208521504852145,-0.00012271782878822145,0.00012271782878822145,1
/Users/yti0811/Desktop/FE_data/npj_CM01/NPJ_CM_Fig_Python/Public_Reproducibility_Package_V01/npjcm-free-energy-surrogate_Re3/Python_Codes/table/snapshots_split/beta-TiV_300K_snap00088.extxyz,beta-TiV,300,beta-TiV__300,-0.0001097303401759,-0.000347648324520012,-0.00023791798434411198,0.00023791798434411198,1
/Users/yti0811/Desktop/FE_data/npj_CM01/NPJ_CM_Fig_Python/Public_Reproducibility_Package_V01/npjcm-free-energy-surrogate_Re3/Python_Codes/table/snapshots_split/beta-TiV_300K_snap00089.extxyz,beta-TiV,300,beta-TiV__300,0.0001987974316524,0.00024634579885910617,4.754836720670616e-05,4.754836720670616e-05,1
/Users/yti0811/Desktop/FE_data/npj_CM01/NPJ_CM_Fig_Python/Public_Reproducibility_Package_V01/npjcm-free-energy-surrogate_Re3/Python_Codes/table/snapshots_split/beta-TiV_300K_snap00090.extxyz,beta-TiV,300,beta-TiV__300,-0.0001472298561962,0.00010901007958019897,0.000256239935776399,0.000256239935776399,1
/Users/yti0811/Desktop/FE_data/npj_CM01/NPJ_CM_Fig_Python/Public_Reproducibility_Package_V01/npjcm-free-energy-surrogate_Re3/Python_Codes/table/snapshots_split/beta-TiV_300K_snap00091.extxyz,beta-TiV,300,beta-TiV__300,2.443599810146689e-05,-0.000687332145775618,-0.0007117681438770848,0.0007117681438770848,1
/Users/yti0811/Desktop/FE_data/npj_CM01/NPJ_CM_Fig_Python/Public_Reproducibility_Package_V01/npjcm-free-energy-surrogate_Re3/Python_Codes/table/snapshots_split/beta-TiV_300K_snap00092.extxyz,beta-TiV,300,beta-TiV__300,0.0002052660943477,-0.0009384454992811755,-0.0011437115936288756,0.0011437115936288756,1
/Users/yti0811/Desktop/FE_data/npj_CM01/NPJ_CM_Fig_Python/Public_Reproducibility_Package_V01/npjcm-free-energy-surrogate_Re3/Python_Codes/table/snapshots_split/beta-TiV_300K_snap00093.extxyz,beta-TiV,300,beta-TiV__300,-0.0001110920638999,0.000238902390787695,0.000349994454687595,0.000349994454687595,1
/Users/yti0811/Desktop/FE_data/npj_CM01/NPJ_CM_Fig_Python/Public_Reproducibility_Package_V01/npjcm-free-energy-surrogate_Re3/Python_Codes/table/snapshots_split/beta-TiV_300K_snap00094.extxyz,beta-TiV,300,beta-TiV__300,-9.024648515594426e-05,-0.000379093263312325,-0.00028884677815638074,0.00028884677815638074,1
/Users/yti0811/Desktop/FE_data/npj_CM01/NPJ_CM_Fig_Python/Public_Reproducibility_Package_V01/npjcm-free-energy-surrogate_Re3/Python_Codes/table/snapshots_split/beta-TiV_300K_snap00095.extxyz,beta-TiV,300,beta-TiV__300,-0.0004841890781193,-0.0006849878543518773,-0.00020079877623257732,0.00020079877623257732,1
/Users/yti0811/Desktop/FE_data/npj_CM01/NPJ_CM_Fig_Python/Public_Reproducibility_Package_V01/npjcm-free-energy-surrogate_Re3/Python_Codes/table/snapshots_split/beta-TiV_300K_snap00096.extxyz,beta-TiV,300,beta-TiV__300,-0.0001775341460258,-0.0013085645203641978,-0.0011310303743383978,0.0011310303743383978,1
/Users/yti0811/Desktop/FE_data/npj_CM01/NPJ_CM_Fig_Python/Public_Reproducibility_Package_V01/npjcm-free-energy-surrogate_Re3/Python_Codes/table/snapshots_split/beta-TiV_300K_snap00097.extxyz,beta-TiV,300,beta-TiV__300,3.788240536466257e-05,-0.0006209223124608037,-0.0006588047178254663,0.0006588047178254663,1
/Users/yti0811/Desktop/FE_data/npj_CM01/NPJ_CM_Fig_Python/Public_Reproducibility_Package_V01/npjcm-free-energy-surrogate_Re3/Python_Codes/table/snapshots_split/beta-TiV_300K_snap00098.extxyz,beta-TiV,300,beta-TiV__300,0.0001170599905125,-0.0007311910639206551,-0.0008482510544331551,0.0008482510544331551,1
/Users/yti0811/Desktop/FE_data/npj_CM01/NPJ_CM_Fig_Python/Public_Reproducibility_Package_V01/npjcm-free-energy-surrogate_Re3/Python_Codes/table/snapshots_split/beta-TiV_300K_snap00099.extxyz,beta-TiV,300,beta-TiV__300,0.0003934631795737,-0.0009037165831454001,-0.0012971797627191,0.0012971797627191,1
/Users/yti0811/Desktop/FE_data/npj_CM01/NPJ_CM_Fig_Python/Public_Reproducibility_Package_V01/npjcm-free-energy-surrogate_Re3/Python_Codes/table/snapshots_split/beta-TiV_400K_snap00000.extxyz,beta-TiV,400,beta-TiV__400,0.0023457397586522,0.0020240827359230135,-0.0003216570227291865,0.0003216570227291865,0
/Users/yti0811/Desktop/FE_data/npj_CM01/NPJ_CM_Fig_Python/Public_Reproducibility_Package_V01/npjcm-free-energy-surrogate_Re3/Python_Codes/table/snapshots_split/beta-TiV_400K_snap00001.extxyz,beta-TiV,400,beta-TiV__400,0.0019463249981109,0.0008855862533347782,-0.0010607387447761217,0.0010607387447761217,0
/Users/yti0811/Desktop/FE_data/npj_CM01/NPJ_CM_Fig_Python/Public_Reproducibility_Package_V01/npjcm-free-energy-surrogate_Re3/Python_Codes/table/snapshots_split/beta-TiV_400K_snap00002.extxyz,beta-TiV,400,beta-TiV__400,0.0019316336824971,0.002941381721292475,0.0010097480387953749,0.0010097480387953749,0
/Users/yti0811/Desktop/FE_data/npj_CM01/NPJ_CM_Fig_Python/Public_Reproducibility_Package_V01/npjcm-free-energy-surrogate_Re3/Python_Codes/table/snapshots_split/beta-TiV_400K_snap00003.extxyz,beta-TiV,400,beta-TiV__400,0.0023992285336259,0.002030709390054599,-0.000368519143571301,0.000368519143571301,0
/Users/yti0811/Desktop/FE_data/npj_CM01/NPJ_CM_Fig_Python/Public_Reproducibility_Package_V01/npjcm-free-energy-surrogate_Re3/Python_Codes/table/snapshots_split/beta-TiV_400K_snap00004.extxyz,beta-TiV,400,beta-TiV__400,0.0023838275990511,0.0019102717526759154,-0.00047355584637518485,0.00047355584637518485,0
/Users/yti0811/Desktop/FE_data/npj_CM01/NPJ_CM_Fig_Python/Public_Reproducibility_Package_V01/npjcm-free-energy-surrogate_Re3/Python_Codes/table/snapshots_split/beta-TiV_400K_snap00005.extxyz,beta-TiV,400,beta-TiV__400,0.0022565773012446,0.0013218968600337954,-0.0009346804412108047,0.0009346804412108047,0
/Users/yti0811/Desktop/FE_data/npj_CM01/NPJ_CM_Fig_Python/Public_Reproducibility_Package_V01/npjcm-free-energy-surrogate_Re3/Python_Codes/table/snapshots_split/beta-TiV_400K_snap00006.extxyz,beta-TiV,400,beta-TiV__400,0.0020784306370811,0.0014658174845970243,-0.0006126131524840758,0.0006126131524840758,0
/Users/yti0811/Desktop/FE_data/npj_CM01/NPJ_CM_Fig_Python/Public_Reproducibility_Package_V01/npjcm-free-energy-surrogate_Re3/Python_Codes/table/snapshots_split/beta-TiV_400K_snap00007.extxyz,beta-TiV,400,beta-TiV__400,0.001997052564938,0.002105625540900205,0.00010857297596220507,0.00010857297596220507,0
/Users/yti0811/Desktop/FE_data/npj_CM01/NPJ_CM_Fig_Python/Public_Reproducibility_Package_V01/npjcm-free-energy-surrogate_Re3/Python_Codes/table/snapshots_split/beta-TiV_400K_snap00008.extxyz,beta-TiV,400,beta-TiV__400,0.0022204666065853,0.002938277077600703,0.000717810471015403,0.000717810471015403,0
/Users/yti0811/Desktop/FE_data/npj_CM01/NPJ_CM_Fig_Python/Public_Reproducibility_Package_V01/npjcm-free-energy-surrogate_Re3/Python_Codes/table/snapshots_split/beta-TiV_400K_snap00009.extxyz,beta-TiV,400,beta-TiV__400,0.0021697623777812,0.0016549507645744629,-0.0005148116132067371,0.0005148116132067371,0
/Users/yti0811/Desktop/FE_data/npj_CM01/NPJ_CM_Fig_Python/Public_Reproducibility_Package_V01/npjcm-free-energy-surrogate_Re3/Python_Codes/table/snapshots_split/beta-TiV_400K_snap00010.extxyz,beta-TiV,400,beta-TiV__400,0.0018280944029479,0.0019238425766904535,9.574817374255343e-05,9.574817374255343e-05,0
/Users/yti0811/Desktop/FE_data/npj_CM01/NPJ_CM_Fig_Python/Public_Reproducibility_Package_V01/npjcm-free-energy-surrogate_Re3/Python_Codes/table/snapshots_split/beta-TiV_400K_snap00011.extxyz,beta-TiV,400,beta-TiV__400,0.0020387198948009,0.0029959780602664813,0.0009572581654655812,0.0009572581654655812,0
/Users/yti0811/Desktop/FE_data/npj_CM01/NPJ_CM_Fig_Python/Public_Reproducibility_Package_V01/npjcm-free-energy-surrogate_Re3/Python_Codes/table/snapshots_split/beta-TiV_400K_snap00012.extxyz,beta-TiV,400,beta-TiV__400,0.0021838458162482,0.0021946917352210207,1.0845918972820796e-05,1.0845918972820796e-05,0
/Users/yti0811/Desktop/FE_data/npj_CM01/NPJ_CM_Fig_Python/Public_Reproducibility_Package_V01/npjcm-free-energy-surrogate_Re3/Python_Codes/table/snapshots_split/beta-TiV_400K_snap00013.extxyz,beta-TiV,400,beta-TiV__400,0.0022522773558778,0.0036162585711766175,0.0013639812152988176,0.0013639812152988176,0
/Users/yti0811/Desktop/FE_data/npj_CM01/NPJ_CM_Fig_Python/Public_Reproducibility_Package_V01/npjcm-free-energy-surrogate_Re3/Python_Codes/table/snapshots_split/beta-TiV_400K_snap00014.extxyz,beta-TiV,400,beta-TiV__400,0.0024354990803057,0.0015613203750609096,-0.0008741787052447903,0.0008741787052447903,0
/Users/yti0811/Desktop/FE_data/npj_CM01/NPJ_CM_Fig_Python/Public_Reproducibility_Package_V01/npjcm-free-energy-surrogate_Re3/Python_Codes/table/snapshots_split/beta-TiV_400K_snap00015.extxyz,beta-TiV,400,beta-TiV__400,0.0021262242624318,0.0015130973330549492,-0.000613126929376851,0.000613126929376851,0
/Users/yti0811/Desktop/FE_data/npj_CM01/NPJ_CM_Fig_Python/Public_Reproducibility_Package_V01/npjcm-free-energy-surrogate_Re3/Python_Codes/table/snapshots_split/beta-TiV_400K_snap00016.extxyz,beta-TiV,400,beta-TiV__400,0.0023284387180351,0.004451427599898815,0.0021229888818637146,0.0021229888818637146,0
/Users/yti0811/Desktop/FE_data/npj_CM01/NPJ_CM_Fig_Python/Public_Reproducibility_Package_V01/npjcm-free-energy-surrogate_Re3/Python_Codes/table/snapshots_split/beta-TiV_400K_snap00017.extxyz,beta-TiV,400,beta-TiV__400,0.0023013489803723,0.0027950399705418795,0.0004936909901695793,0.0004936909901695793,0
/Users/yti0811/Desktop/FE_data/npj_CM01/NPJ_CM_Fig_Python/Public_Reproducibility_Package_V01/npjcm-free-energy-surrogate_Re3/Python_Codes/table/snapshots_split/beta-TiV_400K_snap00018.extxyz,beta-TiV,400,beta-TiV__400,0.0022384593369824,0.002094160367178241,-0.00014429896980415902,0.00014429896980415902,0
/Users/yti0811/Desktop/FE_data/npj_CM01/NPJ_CM_Fig_Python/Public_Reproducibility_Package_V01/npjcm-free-energy-surrogate_Re3/Python_Codes/table/snapshots_split/beta-TiV_400K_snap00019.extxyz,beta-TiV,400,beta-TiV__400,0.0022413436419906,0.002437753691840645,0.00019641004985004526,0.00019641004985004526,0
/Users/yti0811/Desktop/FE_data/npj_CM01/NPJ_CM_Fig_Python/Public_Reproducibility_Package_V01/npjcm-free-energy-surrogate_Re3/Python_Codes/table/snapshots_split/beta-TiV_400K_snap00020.extxyz,beta-TiV,400,beta-TiV__400,0.0019890902779678,0.0015799867068113718,-0.0004091035711564282,0.0004091035711564282,0
/Users/yti0811/Desktop/FE_data/npj_CM01/NPJ_CM_Fig_Python/Public_Reproducibility_Package_V01/npjcm-free-energy-surrogate_Re3/Python_Codes/table/snapshots_split/beta-TiV_400K_snap00021.extxyz,beta-TiV,400,beta-TiV__400,0.0022741585785196,0.0024647180639039037,0.0001905594853843038,0.0001905594853843038,0
/Users/yti0811/Desktop/FE_data/npj_CM01/NPJ_CM_Fig_Python/Public_Reproducibility_Package_V01/npjcm-free-energy-surrogate_Re3/Python_Codes/table/snapshots_split/beta-TiV_400K_snap00022.extxyz,beta-TiV,400,beta-TiV__400,0.0021214282288411,0.0024695651803395,0.0003481369514983998,0.0003481369514983998,0
/Users/yti0811/Desktop/FE_data/npj_CM01/NPJ_CM_Fig_Python/Public_Reproducibility_Package_V01/npjcm-free-energy-surrogate_Re3/Python_Codes/table/snapshots_split/beta-TiV_400K_snap00023.extxyz,beta-TiV,400,beta-TiV__400,0.0022674974944557,0.002794766529225023,0.0005272690347693228,0.0005272690347693228,0
/Users/yti0811/Desktop/FE_data/npj_CM01/NPJ_CM_Fig_Python/Public_Reproducibility_Package_V01/npjcm-free-energy-surrogate_Re3/Python_Codes/table/snapshots_split/beta-TiV_400K_snap00024.extxyz,beta-TiV,400,beta-TiV__400,0.0024514378337197,0.0011392389045229638,-0.0013121989291967361,0.0013121989291967361,0
/Users/yti0811/Desktop/FE_data/npj_CM01/NPJ_CM_Fig_Python/Public_Reproducibility_Package_V01/npjcm-free-energy-surrogate_Re3/Python_Codes/table/snapshots_split/beta-TiV_400K_snap00025.extxyz,beta-TiV,400,beta-TiV__400,0.0021027860382552,0.0012967662025127665,-0.0008060198357424334,0.0008060198357424334,0
/Users/yti0811/Desktop/FE_data/npj_CM01/NPJ_CM_Fig_Python/Public_Reproducibility_Package_V01/npjcm-free-energy-surrogate_Re3/Python_Codes/table/snapshots_split/beta-TiV_400K_snap00026.extxyz,beta-TiV,400,beta-TiV__400,0.0020556161916718,0.0020178138167334047,-3.780237493839541e-05,3.780237493839541e-05,0
/Users/yti0811/Desktop/FE_data/npj_CM01/NPJ_CM_Fig_Python/Public_Reproducibility_Package_V01/npjcm-free-energy-surrogate_Re3/Python_Codes/table/snapshots_split/beta-TiV_400K_snap00027.extxyz,beta-TiV,400,beta-TiV__400,0.0021273633963825,0.002311571560002366,0.0001842081636198663,0.0001842081636198663,0
/Users/yti0811/Desktop/FE_data/npj_CM01/NPJ_CM_Fig_Python/Public_Reproducibility_Package_V01/npjcm-free-energy-surrogate_Re3/Python_Codes/table/snapshots_split/beta-TiV_400K_snap00028.extxyz,beta-TiV,400,beta-TiV__400,0.0022897717834218,0.002323646447804528,3.3874664382727796e-05,3.3874664382727796e-05,0
/Users/yti0811/Desktop/FE_data/npj_CM01/NPJ_CM_Fig_Python/Public_Reproducibility_Package_V01/npjcm-free-energy-surrogate_Re3/Python_Codes/table/snapshots_split/beta-TiV_400K_snap00029.extxyz,beta-TiV,400,beta-TiV__400,0.0019940444878723,0.0014339106834611944,-0.0005601338044111054,0.0005601338044111054,0
/Users/yti0811/Desktop/FE_data/npj_CM01/NPJ_CM_Fig_Python/Public_Reproducibility_Package_V01/npjcm-free-energy-surrogate_Re3/Python_Codes/table/snapshots_split/beta-TiV_400K_snap00030.extxyz,beta-TiV,400,beta-TiV__400,0.0022794881635231,0.0010801146624005629,-0.0011993735011225372,0.0011993735011225372,0
/Users/yti0811/Desktop/FE_data/npj_CM01/NPJ_CM_Fig_Python/Public_Reproducibility_Package_V01/npjcm-free-energy-surrogate_Re3/Python_Codes/table/snapshots_split/beta-TiV_400K_snap00031.extxyz,beta-TiV,400,beta-TiV__400,0.0019692200509698,0.0022427080162107193,0.0002734879652409195,0.0002734879652409195,0
/Users/yti0811/Desktop/FE_data/npj_CM01/NPJ_CM_Fig_Python/Public_Reproducibility_Package_V01/npjcm-free-energy-surrogate_Re3/Python_Codes/table/snapshots_split/beta-TiV_400K_snap00032.extxyz,beta-TiV,400,beta-TiV__400,0.0022486584320007,0.002030016101770707,-0.00021864233022999332,0.00021864233022999332,0
/Users/yti0811/Desktop/FE_data/npj_CM01/NPJ_CM_Fig_Python/Public_Reproducibility_Package_V01/npjcm-free-energy-surrogate_Re3/Python_Codes/table/snapshots_split/beta-TiV_400K_snap00033.extxyz,beta-TiV,400,beta-TiV__400,0.0022466872469003,0.001840218248282803,-0.00040646899861749696,0.00040646899861749696,0
/Users/yti0811/Desktop/FE_data/npj_CM01/NPJ_CM_Fig_Python/Public_Reproducibility_Package_V01/npjcm-free-energy-surrogate_Re3/Python_Codes/table/snapshots_split/beta-TiV_400K_snap00034.extxyz,beta-TiV,400,beta-TiV__400,0.0021890353991885,0.0009575926787034863,-0.0012314427204850138,0.0012314427204850138,0
/Users/yti0811/Desktop/FE_data/npj_CM01/NPJ_CM_Fig_Python/Public_Reproducibility_Package_V01/npjcm-free-energy-surrogate_Re3/Python_Codes/table/snapshots_split/beta-TiV_400K_snap00035.extxyz,beta-TiV,400,beta-TiV__400,0.0023016000378458,0.0014732371333811421,-0.0008283629044646577,0.0008283629044646577,0
/Users/yti0811/Desktop/FE_data/npj_CM01/NPJ_CM_Fig_Python/Public_Reproducibility_Package_V01/npjcm-free-energy-surrogate_Re3/Python_Codes/table/snapshots_split/beta-TiV_400K_snap00036.extxyz,beta-TiV,400,beta-TiV__400,0.0021048922266052,0.0018337913131701018,-0.0002711009134350982,0.0002711009134350982,0
/Users/yti0811/Desktop/FE_data/npj_CM01/NPJ_CM_Fig_Python/Public_Reproducibility_Package_V01/npjcm-free-energy-surrogate_Re3/Python_Codes/table/snapshots_split/beta-TiV_400K_snap00037.extxyz,beta-TiV,400,beta-TiV__400,0.0020412131265331,0.0014452563060420405,-0.0005959568204910596,0.0005959568204910596,0
/Users/yti0811/Desktop/FE_data/npj_CM01/NPJ_CM_Fig_Python/Public_Reproducibility_Package_V01/npjcm-free-energy-surrogate_Re3/Python_Codes/table/snapshots_split/beta-TiV_400K_snap00038.extxyz,beta-TiV,400,beta-TiV__400,0.0025712928601336,0.0014392240492386104,-0.0011320688108949896,0.0011320688108949896,0
/Users/yti0811/Desktop/FE_data/npj_CM01/NPJ_CM_Fig_Python/Public_Reproducibility_Package_V01/npjcm-free-energy-surrogate_Re3/Python_Codes/table/snapshots_split/beta-TiV_400K_snap00039.extxyz,beta-TiV,400,beta-TiV__400,0.0022220715877608,0.0033123767086846423,0.0010903051209238423,0.0010903051209238423,0
/Users/yti0811/Desktop/FE_data/npj_CM01/NPJ_CM_Fig_Python/Public_Reproducibility_Package_V01/npjcm-free-energy-surrogate_Re3/Python_Codes/table/snapshots_split/beta-TiV_400K_snap00040.extxyz,beta-TiV,400,beta-TiV__400,0.0019245823480341,0.00019857208450536586,-0.001726010263528734,0.001726010263528734,0
/Users/yti0811/Desktop/FE_data/npj_CM01/NPJ_CM_Fig_Python/Public_Reproducibility_Package_V01/npjcm-free-energy-surrogate_Re3/Python_Codes/table/snapshots_split/beta-TiV_400K_snap00041.extxyz,beta-TiV,400,beta-TiV__400,0.002343712896248,0.0007869644707409672,-0.0015567484255070325,0.0015567484255070325,0
/Users/yti0811/Desktop/FE_data/npj_CM01/NPJ_CM_Fig_Python/Public_Reproducibility_Package_V01/npjcm-free-energy-surrogate_Re3/Python_Codes/table/snapshots_split/beta-TiV_400K_snap00042.extxyz,beta-TiV,400,beta-TiV__400,0.0020806698236862,0.0021940871920958635,0.00011341736840966366,0.00011341736840966366,0
/Users/yti0811/Desktop/FE_data/npj_CM01/NPJ_CM_Fig_Python/Public_Reproducibility_Package_V01/npjcm-free-energy-surrogate_Re3/Python_Codes/table/snapshots_split/beta-TiV_400K_snap00043.extxyz,beta-TiV,400,beta-TiV__400,0.0021639918789469,0.0024939493383673,0.0003299574594203998,0.0003299574594203998,0
/Users/yti0811/Desktop/FE_data/npj_CM01/NPJ_CM_Fig_Python/Public_Reproducibility_Package_V01/npjcm-free-energy-surrogate_Re3/Python_Codes/table/snapshots_split/beta-TiV_400K_snap00044.extxyz,beta-TiV,400,beta-TiV__400,0.0021118508622586,0.001974280971133667,-0.0001375698911249331,0.0001375698911249331,0
/Users/yti0811/Desktop/FE_data/npj_CM01/NPJ_CM_Fig_Python/Public_Reproducibility_Package_V01/npjcm-free-energy-surrogate_Re3/Python_Codes/table/snapshots_split/beta-TiV_400K_snap00045.extxyz,beta-TiV,400,beta-TiV__400,0.0020504277896989,0.00224241179368025,0.00019198400398135005,0.00019198400398135005,0
/Users/yti0811/Desktop/FE_data/npj_CM01/NPJ_CM_Fig_Python/Public_Reproducibility_Package_V01/npjcm-free-energy-surrogate_Re3/Python_Codes/table/snapshots_split/beta-TiV_400K_snap00046.extxyz,beta-TiV,400,beta-TiV__400,0.0021046070673534,0.002737576463101859,0.0006329693957484593,0.0006329693957484593,0
/Users/yti0811/Desktop/FE_data/npj_CM01/NPJ_CM_Fig_Python/Public_Reproducibility_Package_V01/npjcm-free-energy-surrogate_Re3/Python_Codes/table/snapshots_split/beta-TiV_400K_snap00047.extxyz,beta-TiV,400,beta-TiV__400,0.002168824897987,0.0018940211141775533,-0.0002748037838094467,0.0002748037838094467,0
/Users/yti0811/Desktop/FE_data/npj_CM01/NPJ_CM_Fig_Python/Public_Reproducibility_Package_V01/npjcm-free-energy-surrogate_Re3/Python_Codes/table/snapshots_split/beta-TiV_400K_snap00048.extxyz,beta-TiV,400,beta-TiV__400,0.0023046051613807,0.0011029564597817088,-0.0012016487015989912,0.0012016487015989912,0
/Users/yti0811/Desktop/FE_data/npj_CM01/NPJ_CM_Fig_Python/Public_Reproducibility_Package_V01/npjcm-free-energy-surrogate_Re3/Python_Codes/table/snapshots_split/beta-TiV_400K_snap00049.extxyz,beta-TiV,400,beta-TiV__400,0.0021193993733175,0.0013464699948676291,-0.0007729293784498707,0.0007729293784498707,0
/Users/yti0811/Desktop/FE_data/npj_CM01/NPJ_CM_Fig_Python/Public_Reproducibility_Package_V01/npjcm-free-energy-surrogate_Re3/Python_Codes/table/snapshots_split/beta-TiV_400K_snap00050.extxyz,beta-TiV,400,beta-TiV__400,0.002164202791199,0.0019107237680243152,-0.00025347902317468486,0.00025347902317468486,0
/Users/yti0811/Desktop/FE_data/npj_CM01/NPJ_CM_Fig_Python/Public_Reproducibility_Package_V01/npjcm-free-energy-surrogate_Re3/Python_Codes/table/snapshots_split/beta-TiV_400K_snap00051.extxyz,beta-TiV,400,beta-TiV__400,0.0024240175732566,0.0018991995651949012,-0.0005248180080616987,0.0005248180080616987,0
/Users/yti0811/Desktop/FE_data/npj_CM01/NPJ_CM_Fig_Python/Public_Reproducibility_Package_V01/npjcm-free-energy-surrogate_Re3/Python_Codes/table/snapshots_split/beta-TiV_400K_snap00052.extxyz,beta-TiV,400,beta-TiV__400,0.001812988733755,0.0011393623581750514,-0.0006736263755799487,0.0006736263755799487,0
/Users/yti0811/Desktop/FE_data/npj_CM01/NPJ_CM_Fig_Python/Public_Reproducibility_Package_V01/npjcm-free-energy-surrogate_Re3/Python_Codes/table/snapshots_split/beta-TiV_400K_snap00053.extxyz,beta-TiV,400,beta-TiV__400,0.0019800664070862,0.0016563743842313914,-0.00032369202285480875,0.00032369202285480875,0
/Users/yti0811/Desktop/FE_data/npj_CM01/NPJ_CM_Fig_Python/Public_Reproducibility_Package_V01/npjcm-free-energy-surrogate_Re3/Python_Codes/table/snapshots_split/beta-TiV_400K_snap00054.extxyz,beta-TiV,400,beta-TiV__400,0.0023657864797859,0.001860713494773928,-0.0005050729850119722,0.0005050729850119722,0
/Users/yti0811/Desktop/FE_data/npj_CM01/NPJ_CM_Fig_Python/Public_Reproducibility_Package_V01/npjcm-free-energy-surrogate_Re3/Python_Codes/table/snapshots_split/beta-TiV_400K_snap00055.extxyz,beta-TiV,400,beta-TiV__400,0.0021489806366764,0.0012931088124304053,-0.0008558718242459946,0.0008558718242459946,0
/Users/yti0811/Desktop/FE_data/npj_CM01/NPJ_CM_Fig_Python/Public_Reproducibility_Package_V01/npjcm-free-energy-surrogate_Re3/Python_Codes/table/snapshots_split/beta-TiV_400K_snap00056.extxyz,beta-TiV,400,beta-TiV__400,0.0023273336636574,0.002497122530961799,0.00016978886730439902,0.00016978886730439902,0
/Users/yti0811/Desktop/FE_data/npj_CM01/NPJ_CM_Fig_Python/Public_Reproducibility_Package_V01/npjcm-free-energy-surrogate_Re3/Python_Codes/table/snapshots_split/beta-TiV_400K_snap00057.extxyz,beta-TiV,400,beta-TiV__400,0.002110733348236,0.002293623919782554,0.00018289057154655423,0.00018289057154655423,0
/Users/yti0811/Desktop/FE_data/npj_CM01/NPJ_CM_Fig_Python/Public_Reproducibility_Package_V01/npjcm-free-energy-surrogate_Re3/Python_Codes/table/snapshots_split/beta-TiV_400K_snap00058.extxyz,beta-TiV,400,beta-TiV__400,0.0024627404394875,0.0017391304717430962,-0.0007236099677444038,0.0007236099677444038,0
/Users/yti0811/Desktop/FE_data/npj_CM01/NPJ_CM_Fig_Python/Public_Reproducibility_Package_V01/npjcm-free-energy-surrogate_Re3/Python_Codes/table/snapshots_split/beta-TiV_400K_snap00059.extxyz,beta-TiV,400,beta-TiV__400,0.0022450798731355,0.0021550154401542556,-9.006443298124455e-05,9.006443298124455e-05,0
/Users/yti0811/Desktop/FE_data/npj_CM01/NPJ_CM_Fig_Python/Public_Reproducibility_Package_V01/npjcm-free-energy-surrogate_Re3/Python_Codes/table/snapshots_split/beta-TiV_400K_snap00060.extxyz,beta-TiV,400,beta-TiV__400,0.0021767205823919,0.0013886561231602453,-0.0007880644592316547,0.0007880644592316547,0
/Users/yti0811/Desktop/FE_data/npj_CM01/NPJ_CM_Fig_Python/Public_Reproducibility_Package_V01/npjcm-free-energy-surrogate_Re3/Python_Codes/table/snapshots_split/beta-TiV_400K_snap00061.extxyz,beta-TiV,400,beta-TiV__400,0.0024496361740014,0.00024917453382016267,-0.0022004616401812374,0.0022004616401812374,0
/Users/yti0811/Desktop/FE_data/npj_CM01/NPJ_CM_Fig_Python/Public_Reproducibility_Package_V01/npjcm-free-energy-surrogate_Re3/Python_Codes/table/snapshots_split/beta-TiV_400K_snap00062.extxyz,beta-TiV,400,beta-TiV__400,0.0020924566349074,0.0014542591365835867,-0.0006381974983238133,0.0006381974983238133,0
/Users/yti0811/Desktop/FE_data/npj_CM01/NPJ_CM_Fig_Python/Public_Reproducibility_Package_V01/npjcm-free-energy-surrogate_Re3/Python_Codes/table/snapshots_split/beta-TiV_400K_snap00063.extxyz,beta-TiV,400,beta-TiV__400,0.0021430450050217,0.0024064295577765024,0.0002633845527548022,0.0002633845527548022,0
/Users/yti0811/Desktop/FE_data/npj_CM01/NPJ_CM_Fig_Python/Public_Reproducibility_Package_V01/npjcm-free-energy-surrogate_Re3/Python_Codes/table/snapshots_split/beta-TiV_400K_snap00064.extxyz,beta-TiV,400,beta-TiV__400,0.0023047199420723,0.0009274162115263464,-0.0013773037305459539,0.0013773037305459539,0
/Users/yti0811/Desktop/FE_data/npj_CM01/NPJ_CM_Fig_Python/Public_Reproducibility_Package_V01/npjcm-free-energy-surrogate_Re3/Python_Codes/table/snapshots_split/beta-TiV_400K_snap00065.extxyz,beta-TiV,400,beta-TiV__400,0.0021744610110788,0.0020096683643733636,-0.00016479264670543657,0.00016479264670543657,0
/Users/yti0811/Desktop/FE_data/npj_CM01/NPJ_CM_Fig_Python/Public_Reproducibility_Package_V01/npjcm-free-energy-surrogate_Re3/Python_Codes/table/snapshots_split/beta-TiV_400K_snap00066.extxyz,beta-TiV,400,beta-TiV__400,0.0020099121361574,0.002507018889729433,0.0004971067535720331,0.0004971067535720331,0
/Users/yti0811/Desktop/FE_data/npj_CM01/NPJ_CM_Fig_Python/Public_Reproducibility_Package_V01/npjcm-free-energy-surrogate_Re3/Python_Codes/table/snapshots_split/beta-TiV_400K_snap00067.extxyz,beta-TiV,400,beta-TiV__400,0.0022786779719719,0.0016061793676512303,-0.0006724986043206696,0.0006724986043206696,0
/Users/yti0811/Desktop/FE_data/npj_CM01/NPJ_CM_Fig_Python/Public_Reproducibility_Package_V01/npjcm-free-energy-surrogate_Re3/Python_Codes/table/snapshots_split/beta-TiV_400K_snap00068.extxyz,beta-TiV,400,beta-TiV__400,0.0023839730141853,0.0019583487386970523,-0.00042562427548824755,0.00042562427548824755,0
/Users/yti0811/Desktop/FE_data/npj_CM01/NPJ_CM_Fig_Python/Public_Reproducibility_Package_V01/npjcm-free-energy-surrogate_Re3/Python_Codes/table/snapshots_split/beta-TiV_400K_snap00069.extxyz,beta-TiV,400,beta-TiV__400,0.0021982171265243,0.002305807659593805,0.00010759053306950506,0.00010759053306950506,0
/Users/yti0811/Desktop/FE_data/npj_CM01/NPJ_CM_Fig_Python/Public_Reproducibility_Package_V01/npjcm-free-energy-surrogate_Re3/Python_Codes/table/snapshots_split/beta-TiV_400K_snap00070.extxyz,beta-TiV,400,beta-TiV__400,0.0022606575016542,0.002720852245222407,0.00046019474356820715,0.00046019474356820715,0
/Users/yti0811/Desktop/FE_data/npj_CM01/NPJ_CM_Fig_Python/Public_Reproducibility_Package_V01/npjcm-free-energy-surrogate_Re3/Python_Codes/table/snapshots_split/beta-TiV_400K_snap00071.extxyz,beta-TiV,400,beta-TiV__400,0.0022646202257923,0.002264513388931785,-1.068368605150645e-07,1.068368605150645e-07,0
/Users/yti0811/Desktop/FE_data/npj_CM01/NPJ_CM_Fig_Python/Public_Reproducibility_Package_V01/npjcm-free-energy-surrogate_Re3/Python_Codes/table/snapshots_split/beta-TiV_400K_snap00072.extxyz,beta-TiV,400,beta-TiV__400,0.0022174148287655,0.002170134666050958,-4.728016271454173e-05,4.728016271454173e-05,0
/Users/yti0811/Desktop/FE_data/npj_CM01/NPJ_CM_Fig_Python/Public_Reproducibility_Package_V01/npjcm-free-energy-surrogate_Re3/Python_Codes/table/snapshots_split/beta-TiV_400K_snap00073.extxyz,beta-TiV,400,beta-TiV__400,0.002450731085204,0.001438784945125047,-0.0010119461400789529,0.0010119461400789529,0
/Users/yti0811/Desktop/FE_data/npj_CM01/NPJ_CM_Fig_Python/Public_Reproducibility_Package_V01/npjcm-free-energy-surrogate_Re3/Python_Codes/table/snapshots_split/beta-TiV_400K_snap00074.extxyz,beta-TiV,400,beta-TiV__400,0.0023593836201257,0.002464662198679591,0.00010527857855389088,0.00010527857855389088,0
/Users/yti0811/Desktop/FE_data/npj_CM01/NPJ_CM_Fig_Python/Public_Reproducibility_Package_V01/npjcm-free-energy-surrogate_Re3/Python_Codes/table/snapshots_split/beta-TiV_400K_snap00075.extxyz,beta-TiV,400,beta-TiV__400,0.0023343327049044,0.0014558149018414814,-0.0008785178030629188,0.0008785178030629188,0
/Users/yti0811/Desktop/FE_data/npj_CM01/NPJ_CM_Fig_Python/Public_Reproducibility_Package_V01/npjcm-free-energy-surrogate_Re3/Python_Codes/table/snapshots_split/beta-TiV_400K_snap00076.extxyz,beta-TiV,400,beta-TiV__400,0.0022665906386617,0.0017953639162173948,-0.00047122672244430527,0.00047122672244430527,0
/Users/yti0811/Desktop/FE_data/npj_CM01/NPJ_CM_Fig_Python/Public_Reproducibility_Package_V01/npjcm-free-energy-surrogate_Re3/Python_Codes/table/snapshots_split/beta-TiV_400K_snap00077.extxyz,beta-TiV,400,beta-TiV__400,0.002447743089776,0.001766151471621129,-0.0006815916181548711,0.0006815916181548711,0
/Users/yti0811/Desktop/FE_data/npj_CM01/NPJ_CM_Fig_Python/Public_Reproducibility_Package_V01/npjcm-free-energy-surrogate_Re3/Python_Codes/table/snapshots_split/beta-TiV_400K_snap00078.extxyz,beta-TiV,400,beta-TiV__400,0.0021930317376291,0.0017258730288557097,-0.0004671587087733903,0.0004671587087733903,0
/Users/yti0811/Desktop/FE_data/npj_CM01/NPJ_CM_Fig_Python/Public_Reproducibility_Package_V01/npjcm-free-energy-surrogate_Re3/Python_Codes/table/snapshots_split/beta-TiV_400K_snap00079.extxyz,beta-TiV,400,beta-TiV__400,0.0022119452713576,0.0019202790168859184,-0.00029166625447168146,0.00029166625447168146,0
/Users/yti0811/Desktop/FE_data/npj_CM01/NPJ_CM_Fig_Python/Public_Reproducibility_Package_V01/npjcm-free-energy-surrogate_Re3/Python_Codes/table/snapshots_split/beta-TiV_400K_snap00080.extxyz,beta-TiV,400,beta-TiV__400,0.0020684803957329,0.0021156398602539214,4.715946452102122e-05,4.715946452102122e-05,0
/Users/yti0811/Desktop/FE_data/npj_CM01/NPJ_CM_Fig_Python/Public_Reproducibility_Package_V01/npjcm-free-energy-surrogate_Re3/Python_Codes/table/snapshots_split/beta-TiV_400K_snap00081.extxyz,beta-TiV,400,beta-TiV__400,0.0019267013153415,0.0025305288163343636,0.0006038275009928637,0.0006038275009928637,0
/Users/yti0811/Desktop/FE_data/npj_CM01/NPJ_CM_Fig_Python/Public_Reproducibility_Package_V01/npjcm-free-energy-surrogate_Re3/Python_Codes/table/snapshots_split/beta-TiV_400K_snap00082.extxyz,beta-TiV,400,beta-TiV__400,0.0020879222807993,0.0013870251945921593,-0.0007008970862071406,0.0007008970862071406,0
/Users/yti0811/Desktop/FE_data/npj_CM01/NPJ_CM_Fig_Python/Public_Reproducibility_Package_V01/npjcm-free-energy-surrogate_Re3/Python_Codes/table/snapshots_split/beta-TiV_400K_snap00083.extxyz,beta-TiV,400,beta-TiV__400,0.002027333385453,0.003007605040533421,0.000980271655080421,0.000980271655080421,0
/Users/yti0811/Desktop/FE_data/npj_CM01/NPJ_CM_Fig_Python/Public_Reproducibility_Package_V01/npjcm-free-energy-surrogate_Re3/Python_Codes/table/snapshots_split/beta-TiV_400K_snap00084.extxyz,beta-TiV,400,beta-TiV__400,0.0021464068753923,0.0023285621148057233,0.00018215523941342337,0.00018215523941342337,0
/Users/yti0811/Desktop/FE_data/npj_CM01/NPJ_CM_Fig_Python/Public_Reproducibility_Package_V01/npjcm-free-energy-surrogate_Re3/Python_Codes/table/snapshots_split/beta-TiV_400K_snap00085.extxyz,beta-TiV,400,beta-TiV__400,0.0020969603637142,0.0018291833063540297,-0.0002677770573601703,0.0002677770573601703,0
/Users/yti0811/Desktop/FE_data/npj_CM01/NPJ_CM_Fig_Python/Public_Reproducibility_Package_V01/npjcm-free-energy-surrogate_Re3/Python_Codes/table/snapshots_split/beta-TiV_400K_snap00086.extxyz,beta-TiV,400,beta-TiV__400,0.0019952702087802,0.0016540044397469018,-0.0003412657690332983,0.0003412657690332983,0
/Users/yti0811/Desktop/FE_data/npj_CM01/NPJ_CM_Fig_Python/Public_Reproducibility_Package_V01/npjcm-free-energy-surrogate_Re3/Python_Codes/table/snapshots_split/beta-TiV_400K_snap00087.extxyz,beta-TiV,400,beta-TiV__400,0.0022851842058347,0.0013375093830890108,-0.0009476748227456892,0.0009476748227456892,0
/Users/yti0811/Desktop/FE_data/npj_CM01/NPJ_CM_Fig_Python/Public_Reproducibility_Package_V01/npjcm-free-energy-surrogate_Re3/Python_Codes/table/snapshots_split/beta-TiV_400K_snap00088.extxyz,beta-TiV,400,beta-TiV__400,0.002279336313483,0.0027398302477052295,0.0004604939342222297,0.0004604939342222297,0
/Users/yti0811/Desktop/FE_data/npj_CM01/NPJ_CM_Fig_Python/Public_Reproducibility_Package_V01/npjcm-free-energy-surrogate_Re3/Python_Codes/table/snapshots_split/beta-TiV_400K_snap00089.extxyz,beta-TiV,400,beta-TiV__400,0.0022178425536574,0.0016440576808526737,-0.0005737848728047264,0.0005737848728047264,0
/Users/yti0811/Desktop/FE_data/npj_CM01/NPJ_CM_Fig_Python/Public_Reproducibility_Package_V01/npjcm-free-energy-surrogate_Re3/Python_Codes/table/snapshots_split/beta-TiV_400K_snap00090.extxyz,beta-TiV,400,beta-TiV__400,0.0022634977497504,0.002415704348466852,0.00015220659871645207,0.00015220659871645207,0
/Users/yti0811/Desktop/FE_data/npj_CM01/NPJ_CM_Fig_Python/Public_Reproducibility_Package_V01/npjcm-free-energy-surrogate_Re3/Python_Codes/table/snapshots_split/beta-TiV_400K_snap00091.extxyz,beta-TiV,400,beta-TiV__400,0.0021173425018515,0.0027909871329390343,0.0006736446310875344,0.0006736446310875344,0
/Users/yti0811/Desktop/FE_data/npj_CM01/NPJ_CM_Fig_Python/Public_Reproducibility_Package_V01/npjcm-free-energy-surrogate_Re3/Python_Codes/table/snapshots_split/beta-TiV_400K_snap00092.extxyz,beta-TiV,400,beta-TiV__400,0.0019793017417285,0.001676199551601065,-0.00030310219012743504,0.00030310219012743504,0
/Users/yti0811/Desktop/FE_data/npj_CM01/NPJ_CM_Fig_Python/Public_Reproducibility_Package_V01/npjcm-free-energy-surrogate_Re3/Python_Codes/table/snapshots_split/beta-TiV_400K_snap00093.extxyz,beta-TiV,400,beta-TiV__400,0.0022635832908686,0.0018159070681399501,-0.0004476762227286499,0.0004476762227286499,0
/Users/yti0811/Desktop/FE_data/npj_CM01/NPJ_CM_Fig_Python/Public_Reproducibility_Package_V01/npjcm-free-energy-surrogate_Re3/Python_Codes/table/snapshots_split/beta-TiV_400K_snap00094.extxyz,beta-TiV,400,beta-TiV__400,0.0022759000950798,0.001674066167903721,-0.0006018339271760789,0.0006018339271760789,0
/Users/yti0811/Desktop/FE_data/npj_CM01/NPJ_CM_Fig_Python/Public_Reproducibility_Package_V01/npjcm-free-energy-surrogate_Re3/Python_Codes/table/snapshots_split/beta-TiV_400K_snap00095.extxyz,beta-TiV,400,beta-TiV__400,0.0022277163095255,0.0025524676922812116,0.00032475138275571153,0.00032475138275571153,0
/Users/yti0811/Desktop/FE_data/npj_CM01/NPJ_CM_Fig_Python/Public_Reproducibility_Package_V01/npjcm-free-energy-surrogate_Re3/Python_Codes/table/snapshots_split/beta-TiV_400K_snap00096.extxyz,beta-TiV,400,beta-TiV__400,0.0025258659576966,0.0011265249436256237,-0.0013993410140709763,0.0013993410140709763,0
/Users/yti0811/Desktop/FE_data/npj_CM01/NPJ_CM_Fig_Python/Public_Reproducibility_Package_V01/npjcm-free-energy-surrogate_Re3/Python_Codes/table/snapshots_split/beta-TiV_400K_snap00097.extxyz,beta-TiV,400,beta-TiV__400,0.0021802331445575,0.003356760608642813,0.0011765274640853133,0.0011765274640853133,0
/Users/yti0811/Desktop/FE_data/npj_CM01/NPJ_CM_Fig_Python/Public_Reproducibility_Package_V01/npjcm-free-energy-surrogate_Re3/Python_Codes/table/snapshots_split/beta-TiV_400K_snap00098.extxyz,beta-TiV,400,beta-TiV__400,0.0018718383001173,0.0009238687366796534,-0.0009479695634376466,0.0009479695634376466,0
/Users/yti0811/Desktop/FE_data/npj_CM01/NPJ_CM_Fig_Python/Public_Reproducibility_Package_V01/npjcm-free-energy-surrogate_Re3/Python_Codes/table/snapshots_split/beta-TiV_400K_snap00099.extxyz,beta-TiV,400,beta-TiV__400,0.0023576113877506,0.0014991550156560661,-0.0008584563720945341,0.0008584563720945341,0
/Users/yti0811/Desktop/FE_data/npj_CM01/NPJ_CM_Fig_Python/Public_Reproducibility_Package_V01/npjcm-free-energy-surrogate_Re3/Python_Codes/table/snapshots_split/beta-TiV_500K_snap00000.extxyz,beta-TiV,500,beta-TiV__500,0.0040317127263294,0.004280161408383097,0.0002484486820536966,0.0002484486820536966,2
/Users/yti0811/Desktop/FE_data/npj_CM01/NPJ_CM_Fig_Python/Public_Reproducibility_Package_V01/npjcm-free-energy-surrogate_Re3/Python_Codes/table/snapshots_split/beta-TiV_500K_snap00001.extxyz,beta-TiV,500,beta-TiV__500,0.0037134246083475,0.005164160769514385,0.0014507361611668847,0.0014507361611668847,2
/Users/yti0811/Desktop/FE_data/npj_CM01/NPJ_CM_Fig_Python/Public_Reproducibility_Package_V01/npjcm-free-energy-surrogate_Re3/Python_Codes/table/snapshots_split/beta-TiV_500K_snap00002.extxyz,beta-TiV,500,beta-TiV__500,0.0037970022010359,0.0037191575721436105,-7.784462889228946e-05,7.784462889228946e-05,2
/Users/yti0811/Desktop/FE_data/npj_CM01/NPJ_CM_Fig_Python/Public_Reproducibility_Package_V01/npjcm-free-energy-surrogate_Re3/Python_Codes/table/snapshots_split/beta-TiV_500K_snap00003.extxyz,beta-TiV,500,beta-TiV__500,0.0036725141079433,0.005128947077492679,0.0014564329695493788,0.0014564329695493788,2
/Users/yti0811/Desktop/FE_data/npj_CM01/NPJ_CM_Fig_Python/Public_Reproducibility_Package_V01/npjcm-free-energy-surrogate_Re3/Python_Codes/table/snapshots_split/beta-TiV_500K_snap00004.extxyz,beta-TiV,500,beta-TiV__500,0.0039514523300112,0.0049940336047602585,0.0010425812747490585,0.0010425812747490585,2
/Users/yti0811/Desktop/FE_data/npj_CM01/NPJ_CM_Fig_Python/Public_Reproducibility_Package_V01/npjcm-free-energy-surrogate_Re3/Python_Codes/table/snapshots_split/beta-TiV_500K_snap00005.extxyz,beta-TiV,500,beta-TiV__500,0.0038772798106394,0.004200031059485577,0.00032275124884617677,0.00032275124884617677,2
/Users/yti0811/Desktop/FE_data/npj_CM01/NPJ_CM_Fig_Python/Public_Reproducibility_Package_V01/npjcm-free-energy-surrogate_Re3/Python_Codes/table/snapshots_split/beta-TiV_500K_snap00006.extxyz,beta-TiV,500,beta-TiV__500,0.0037928249189254,0.004630609940851266,0.0008377850219258658,0.0008377850219258658,2
/Users/yti0811/Desktop/FE_data/npj_CM01/NPJ_CM_Fig_Python/Public_Reproducibility_Package_V01/npjcm-free-energy-surrogate_Re3/Python_Codes/table/snapshots_split/beta-TiV_500K_snap00007.extxyz,beta-TiV,500,beta-TiV__500,0.0040520751600739,0.004467225175223318,0.0004151500151494177,0.0004151500151494177,2
/Users/yti0811/Desktop/FE_data/npj_CM01/NPJ_CM_Fig_Python/Public_Reproducibility_Package_V01/npjcm-free-energy-surrogate_Re3/Python_Codes/table/snapshots_split/beta-TiV_500K_snap00008.extxyz,beta-TiV,500,beta-TiV__500,0.0035460364674954,0.006604164049112176,0.0030581275816167763,0.0030581275816167763,2
/Users/yti0811/Desktop/FE_data/npj_CM01/NPJ_CM_Fig_Python/Public_Reproducibility_Package_V01/npjcm-free-energy-surrogate_Re3/Python_Codes/table/snapshots_split/beta-TiV_500K_snap00009.extxyz,beta-TiV,500,beta-TiV__500,0.0038343985143025,0.005041241956312751,0.0012068434420102513,0.0012068434420102513,2
/Users/yti0811/Desktop/FE_data/npj_CM01/NPJ_CM_Fig_Python/Public_Reproducibility_Package_V01/npjcm-free-energy-surrogate_Re3/Python_Codes/table/snapshots_split/beta-TiV_500K_snap00010.extxyz,beta-TiV,500,beta-TiV__500,0.0036515511303308,0.0055784789635162195,0.0019269278331854197,0.0019269278331854197,2
/Users/yti0811/Desktop/FE_data/npj_CM01/NPJ_CM_Fig_Python/Public_Reproducibility_Package_V01/npjcm-free-energy-surrogate_Re3/Python_Codes/table/snapshots_split/beta-TiV_500K_snap00011.extxyz,beta-TiV,500,beta-TiV__500,0.0037179397817098,0.0045358539791943,0.0008179141974844996,0.0008179141974844996,2
/Users/yti0811/Desktop/FE_data/npj_CM01/NPJ_CM_Fig_Python/Public_Reproducibility_Package_V01/npjcm-free-energy-surrogate_Re3/Python_Codes/table/snapshots_split/beta-TiV_500K_snap00012.extxyz,beta-TiV,500,beta-TiV__500,0.0041431077731003,0.003620486581231837,-0.000522621191868463,0.000522621191868463,2
/Users/yti0811/Desktop/FE_data/npj_CM01/NPJ_CM_Fig_Python/Public_Reproducibility_Package_V01/npjcm-free-energy-surrogate_Re3/Python_Codes/table/snapshots_split/beta-TiV_500K_snap00013.extxyz,beta-TiV,500,beta-TiV__500,0.0040115479520373,0.0029975722310069987,-0.0010139757210303017,0.0010139757210303017,2
/Users/yti0811/Desktop/FE_data/npj_CM01/NPJ_CM_Fig_Python/Public_Reproducibility_Package_V01/npjcm-free-energy-surrogate_Re3/Python_Codes/table/snapshots_split/beta-TiV_500K_snap00014.extxyz,beta-TiV,500,beta-TiV__500,0.0036610046166251,0.004294369538447408,0.0006333649218223081,0.0006333649218223081,2
/Users/yti0811/Desktop/FE_data/npj_CM01/NPJ_CM_Fig_Python/Public_Reproducibility_Package_V01/npjcm-free-energy-surrogate_Re3/Python_Codes/table/snapshots_split/beta-TiV_500K_snap00015.extxyz,beta-TiV,500,beta-TiV__500,0.0040184429975853,0.005066334831874195,0.0010478918342888954,0.0010478918342888954,2
/Users/yti0811/Desktop/FE_data/npj_CM01/NPJ_CM_Fig_Python/Public_Reproducibility_Package_V01/npjcm-free-energy-surrogate_Re3/Python_Codes/table/snapshots_split/beta-TiV_500K_snap00016.extxyz,beta-TiV,500,beta-TiV__500,0.0038274257890653,0.0042753907890564075,0.00044796499999110763,0.00044796499999110763,2
/Users/yti0811/Desktop/FE_data/npj_CM01/NPJ_CM_Fig_Python/Public_Reproducibility_Package_V01/npjcm-free-energy-surrogate_Re3/Python_Codes/table/snapshots_split/beta-TiV_500K_snap00017.extxyz,beta-TiV,500,beta-TiV__500,0.0039987808391399,0.005868210690409233,0.0018694298512693325,0.0018694298512693325,2
/Users/yti0811/Desktop/FE_data/npj_CM01/NPJ_CM_Fig_Python/Public_Reproducibility_Package_V01/npjcm-free-energy-surrogate_Re3/Python_Codes/table/snapshots_split/beta-TiV_500K_snap00018.extxyz,beta-TiV,500,beta-TiV__500,0.0040778062543009,0.0043178072788307145,0.00024000102452981491,0.00024000102452981491,2
/Users/yti0811/Desktop/FE_data/npj_CM01/NPJ_CM_Fig_Python/Public_Reproducibility_Package_V01/npjcm-free-energy-surrogate_Re3/Python_Codes/table/snapshots_split/beta-TiV_500K_snap00019.extxyz,beta-TiV,500,beta-TiV__500,0.0034841289774215,0.004067550148318781,0.0005834211708972813,0.0005834211708972813,2
/Users/yti0811/Desktop/FE_data/npj_CM01/NPJ_CM_Fig_Python/Public_Reproducibility_Package_V01/npjcm-free-energy-surrogate_Re3/Python_Codes/table/snapshots_split/beta-TiV_500K_snap00020.extxyz,beta-TiV,500,beta-TiV__500,0.0043745868257107,0.003866117093299528,-0.0005084697324111722,0.0005084697324111722,2
/Users/yti0811/Desktop/FE_data/npj_CM01/NPJ_CM_Fig_Python/Public_Reproducibility_Package_V01/npjcm-free-energy-surrogate_Re3/Python_Codes/table/snapshots_split/beta-TiV_500K_snap00021.extxyz,beta-TiV,500,beta-TiV__500,0.0037838380052535,0.005287972146781936,0.0015041341415284355,0.0015041341415284355,2
/Users/yti0811/Desktop/FE_data/npj_CM01/NPJ_CM_Fig_Python/Public_Reproducibility_Package_V01/npjcm-free-energy-surrogate_Re3/Python_Codes/table/snapshots_split/beta-TiV_500K_snap00022.extxyz,beta-TiV,500,beta-TiV__500,0.0036214625630043,0.004737248763570662,0.0011157862005663618,0.0011157862005663618,2
/Users/yti0811/Desktop/FE_data/npj_CM01/NPJ_CM_Fig_Python/Public_Reproducibility_Package_V01/npjcm-free-energy-surrogate_Re3/Python_Codes/table/snapshots_split/beta-TiV_500K_snap00023.extxyz,beta-TiV,500,beta-TiV__500,0.0035503163521624,0.004906750017385065,0.0013564336652226654,0.0013564336652226654,2
/Users/yti0811/Desktop/FE_data/npj_CM01/NPJ_CM_Fig_Python/Public_Reproducibility_Package_V01/npjcm-free-energy-surrogate_Re3/Python_Codes/table/snapshots_split/beta-TiV_500K_snap00024.extxyz,beta-TiV,500,beta-TiV__500,0.0041694852428403,0.0038910607761347936,-0.00027842446670550604,0.00027842446670550604,2
/Users/yti0811/Desktop/FE_data/npj_CM01/NPJ_CM_Fig_Python/Public_Reproducibility_Package_V01/npjcm-free-energy-surrogate_Re3/Python_Codes/table/snapshots_split/beta-TiV_500K_snap00025.extxyz,beta-TiV,500,beta-TiV__500,0.0039661073298523,0.004227307783907383,0.0002612004540550831,0.0002612004540550831,2
/Users/yti0811/Desktop/FE_data/npj_CM01/NPJ_CM_Fig_Python/Public_Reproducibility_Package_V01/npjcm-free-energy-surrogate_Re3/Python_Codes/table/snapshots_split/beta-TiV_500K_snap00026.extxyz,beta-TiV,500,beta-TiV__500,0.0040780786688869,0.004688309762270976,0.0006102310933840767,0.0006102310933840767,2
/Users/yti0811/Desktop/FE_data/npj_CM01/NPJ_CM_Fig_Python/Public_Reproducibility_Package_V01/npjcm-free-energy-surrogate_Re3/Python_Codes/table/snapshots_split/beta-TiV_500K_snap00027.extxyz,beta-TiV,500,beta-TiV__500,0.0041214128370314,0.003896408448152711,-0.00022500438887868924,0.00022500438887868924,2
/Users/yti0811/Desktop/FE_data/npj_CM01/NPJ_CM_Fig_Python/Public_Reproducibility_Package_V01/npjcm-free-energy-surrogate_Re3/Python_Codes/table/snapshots_split/beta-TiV_500K_snap00028.extxyz,beta-TiV,500,beta-TiV__500,0.0037518464935187,0.004098511188653139,0.00034666469513443916,0.00034666469513443916,2
/Users/yti0811/Desktop/FE_data/npj_CM01/NPJ_CM_Fig_Python/Public_Reproducibility_Package_V01/npjcm-free-energy-surrogate_Re3/Python_Codes/table/snapshots_split/beta-TiV_500K_snap00029.extxyz,beta-TiV,500,beta-TiV__500,0.0036842447784369,0.005633822596517085,0.0019495778180801848,0.0019495778180801848,2
/Users/yti0811/Desktop/FE_data/npj_CM01/NPJ_CM_Fig_Python/Public_Reproducibility_Package_V01/npjcm-free-energy-surrogate_Re3/Python_Codes/table/snapshots_split/beta-TiV_500K_snap00030.extxyz,beta-TiV,500,beta-TiV__500,0.0038130491549207,0.003940040684020107,0.00012699152909940656,0.00012699152909940656,2
/Users/yti0811/Desktop/FE_data/npj_CM01/NPJ_CM_Fig_Python/Public_Reproducibility_Package_V01/npjcm-free-energy-surrogate_Re3/Python_Codes/table/snapshots_split/beta-TiV_500K_snap00031.extxyz,beta-TiV,500,beta-TiV__500,0.0040375997617717,0.004400307145617659,0.00036270738384595966,0.00036270738384595966,2
/Users/yti0811/Desktop/FE_data/npj_CM01/NPJ_CM_Fig_Python/Public_Reproducibility_Package_V01/npjcm-free-energy-surrogate_Re3/Python_Codes/table/snapshots_split/beta-TiV_500K_snap00032.extxyz,beta-TiV,500,beta-TiV__500,0.0039537527159302,0.004701567296474105,0.0007478145805439049,0.0007478145805439049,2
/Users/yti0811/Desktop/FE_data/npj_CM01/NPJ_CM_Fig_Python/Public_Reproducibility_Package_V01/npjcm-free-energy-surrogate_Re3/Python_Codes/table/snapshots_split/beta-TiV_500K_snap00033.extxyz,beta-TiV,500,beta-TiV__500,0.0041193074548872,0.005624785608552365,0.001505478153665165,0.001505478153665165,2
/Users/yti0811/Desktop/FE_data/npj_CM01/NPJ_CM_Fig_Python/Public_Reproducibility_Package_V01/npjcm-free-energy-surrogate_Re3/Python_Codes/table/snapshots_split/beta-TiV_500K_snap00034.extxyz,beta-TiV,500,beta-TiV__500,0.0038646739899561,0.005143610333439867,0.0012789363434837667,0.0012789363434837667,2
/Users/yti0811/Desktop/FE_data/npj_CM01/NPJ_CM_Fig_Python/Public_Reproducibility_Package_V01/npjcm-free-energy-surrogate_Re3/Python_Codes/table/snapshots_split/beta-TiV_500K_snap00035.extxyz,beta-TiV,500,beta-TiV__500,0.0036399310538458,0.004130154631334681,0.0004902235774888811,0.0004902235774888811,2
/Users/yti0811/Desktop/FE_data/npj_CM01/NPJ_CM_Fig_Python/Public_Reproducibility_Package_V01/npjcm-free-energy-surrogate_Re3/Python_Codes/table/snapshots_split/beta-TiV_500K_snap00036.extxyz,beta-TiV,500,beta-TiV__500,0.0038149771231386,0.0044671946849131365,0.0006522175617745367,0.0006522175617745367,2
/Users/yti0811/Desktop/FE_data/npj_CM01/NPJ_CM_Fig_Python/Public_Reproducibility_Package_V01/npjcm-free-energy-surrogate_Re3/Python_Codes/table/snapshots_split/beta-TiV_500K_snap00037.extxyz,beta-TiV,500,beta-TiV__500,0.0035942688283162,0.0028558308995849306,-0.0007384379287312696,0.0007384379287312696,2
/Users/yti0811/Desktop/FE_data/npj_CM01/NPJ_CM_Fig_Python/Public_Reproducibility_Package_V01/npjcm-free-energy-surrogate_Re3/Python_Codes/table/snapshots_split/beta-TiV_500K_snap00038.extxyz,beta-TiV,500,beta-TiV__500,0.0042237178670601,0.00388751457305638,-0.00033620329400372,0.00033620329400372,2
/Users/yti0811/Desktop/FE_data/npj_CM01/NPJ_CM_Fig_Python/Public_Reproducibility_Package_V01/npjcm-free-energy-surrogate_Re3/Python_Codes/table/snapshots_split/beta-TiV_500K_snap00039.extxyz,beta-TiV,500,beta-TiV__500,0.0040076960017667,0.004677147548890336,0.000669451547123636,0.000669451547123636,2
/Users/yti0811/Desktop/FE_data/npj_CM01/NPJ_CM_Fig_Python/Public_Reproducibility_Package_V01/npjcm-free-energy-surrogate_Re3/Python_Codes/table/snapshots_split/beta-TiV_500K_snap00040.extxyz,beta-TiV,500,beta-TiV__500,0.0037125366762605,0.003822443284150458,0.00010990660788995788,0.00010990660788995788,2
/Users/yti0811/Desktop/FE_data/npj_CM01/NPJ_CM_Fig_Python/Public_Reproducibility_Package_V01/npjcm-free-energy-surrogate_Re3/Python_Codes/table/snapshots_split/beta-TiV_500K_snap00041.extxyz,beta-TiV,500,beta-TiV__500,0.0039405429637927,0.004007331560256168,6.678859646346794e-05,6.678859646346794e-05,2
/Users/yti0811/Desktop/FE_data/npj_CM01/NPJ_CM_Fig_Python/Public_Reproducibility_Package_V01/npjcm-free-energy-surrogate_Re3/Python_Codes/table/snapshots_split/beta-TiV_500K_snap00042.extxyz,beta-TiV,500,beta-TiV__500,0.0035664921862195,0.005062293462742821,0.0014958012765233213,0.0014958012765233213,2
/Users/yti0811/Desktop/FE_data/npj_CM01/NPJ_CM_Fig_Python/Public_Reproducibility_Package_V01/npjcm-free-energy-surrogate_Re3/Python_Codes/table/snapshots_split/beta-TiV_500K_snap00043.extxyz,beta-TiV,500,beta-TiV__500,0.0039952676824001,0.004882653506374507,0.000887385823974407,0.000887385823974407,2
/Users/yti0811/Desktop/FE_data/npj_CM01/NPJ_CM_Fig_Python/Public_Reproducibility_Package_V01/npjcm-free-energy-surrogate_Re3/Python_Codes/table/snapshots_split/beta-TiV_500K_snap00044.extxyz,beta-TiV,500,beta-TiV__500,0.0035843321489693,0.003168266074794797,-0.000416066074174503,0.000416066074174503,2
/Users/yti0811/Desktop/FE_data/npj_CM01/NPJ_CM_Fig_Python/Public_Reproducibility_Package_V01/npjcm-free-energy-surrogate_Re3/Python_Codes/table/snapshots_split/beta-TiV_500K_snap00045.extxyz,beta-TiV,500,beta-TiV__500,0.0039227655597861,0.00493135745246451,0.00100859189267841,0.00100859189267841,2
/Users/yti0811/Desktop/FE_data/npj_CM01/NPJ_CM_Fig_Python/Public_Reproducibility_Package_V01/npjcm-free-energy-surrogate_Re3/Python_Codes/table/snapshots_split/beta-TiV_500K_snap00046.extxyz,beta-TiV,500,beta-TiV__500,0.004051451300311,0.0044550870938169975,0.0004036357935059973,0.0004036357935059973,2
/Users/yti0811/Desktop/FE_data/npj_CM01/NPJ_CM_Fig_Python/Public_Reproducibility_Package_V01/npjcm-free-energy-surrogate_Re3/Python_Codes/table/snapshots_split/beta-TiV_500K_snap00047.extxyz,beta-TiV,500,beta-TiV__500,0.0040857091716161,0.004310381942534135,0.00022467277091803555,0.00022467277091803555,2
/Users/yti0811/Desktop/FE_data/npj_CM01/NPJ_CM_Fig_Python/Public_Reproducibility_Package_V01/npjcm-free-energy-surrogate_Re3/Python_Codes/table/snapshots_split/beta-TiV_500K_snap00048.extxyz,beta-TiV,500,beta-TiV__500,0.0040078219357169,0.004421536657463863,0.00041371472174696333,0.00041371472174696333,2
/Users/yti0811/Desktop/FE_data/npj_CM01/NPJ_CM_Fig_Python/Public_Reproducibility_Package_V01/npjcm-free-energy-surrogate_Re3/Python_Codes/table/snapshots_split/beta-TiV_500K_snap00049.extxyz,beta-TiV,500,beta-TiV__500,0.0041627340450439,0.005285338281107415,0.0011226042360635144,0.0011226042360635144,2
/Users/yti0811/Desktop/FE_data/npj_CM01/NPJ_CM_Fig_Python/Public_Reproducibility_Package_V01/npjcm-free-energy-surrogate_Re3/Python_Codes/table/snapshots_split/beta-TiV_500K_snap00050.extxyz,beta-TiV,500,beta-TiV__500,0.003966374794025,0.004802828798258245,0.0008364540042332452,0.0008364540042332452,2
/Users/yti0811/Desktop/FE_data/npj_CM01/NPJ_CM_Fig_Python/Public_Reproducibility_Package_V01/npjcm-free-energy-surrogate_Re3/Python_Codes/table/snapshots_split/beta-TiV_500K_snap00051.extxyz,beta-TiV,500,beta-TiV__500,0.0039257727761971,0.00297870442246775,-0.0009470683537293498,0.0009470683537293498,2
/Users/yti0811/Desktop/FE_data/npj_CM01/NPJ_CM_Fig_Python/Public_Reproducibility_Package_V01/npjcm-free-energy-surrogate_Re3/Python_Codes/table/snapshots_split/beta-TiV_500K_snap00052.extxyz,beta-TiV,500,beta-TiV__500,0.0042743909134209,0.0038048259254772677,-0.0004695649879436323,0.0004695649879436323,2
/Users/yti0811/Desktop/FE_data/npj_CM01/NPJ_CM_Fig_Python/Public_Reproducibility_Package_V01/npjcm-free-energy-surrogate_Re3/Python_Codes/table/snapshots_split/beta-TiV_500K_snap00053.extxyz,beta-TiV,500,beta-TiV__500,0.0040372275963861,0.003937083901569947,-0.00010014369481615298,0.00010014369481615298,2
/Users/yti0811/Desktop/FE_data/npj_CM01/NPJ_CM_Fig_Python/Public_Reproducibility_Package_V01/npjcm-free-energy-surrogate_Re3/Python_Codes/table/snapshots_split/beta-TiV_500K_snap00054.extxyz,beta-TiV,500,beta-TiV__500,0.004005240833506,0.0051882778191161575,0.0011830369856101579,0.0011830369856101579,2
/Users/yti0811/Desktop/FE_data/npj_CM01/NPJ_CM_Fig_Python/Public_Reproducibility_Package_V01/npjcm-free-energy-surrogate_Re3/Python_Codes/table/snapshots_split/beta-TiV_500K_snap00055.extxyz,beta-TiV,500,beta-TiV__500,0.0039152826695177,0.004028732582630555,0.00011344991311285513,0.00011344991311285513,2
/Users/yti0811/Desktop/FE_data/npj_CM01/NPJ_CM_Fig_Python/Public_Reproducibility_Package_V01/npjcm-free-energy-surrogate_Re3/Python_Codes/table/snapshots_split/beta-TiV_500K_snap00056.extxyz,beta-TiV,500,beta-TiV__500,0.003977341796277,0.005260864032384818,0.0012835222361078187,0.0012835222361078187,2
/Users/yti0811/Desktop/FE_data/npj_CM01/NPJ_CM_Fig_Python/Public_Reproducibility_Package_V01/npjcm-free-energy-surrogate_Re3/Python_Codes/table/snapshots_split/beta-TiV_500K_snap00057.extxyz,beta-TiV,500,beta-TiV__500,0.0036007449643578,0.003602743837864341,1.998873506540988e-06,1.998873506540988e-06,2
/Users/yti0811/Desktop/FE_data/npj_CM01/NPJ_CM_Fig_Python/Public_Reproducibility_Package_V01/npjcm-free-energy-surrogate_Re3/Python_Codes/table/snapshots_split/beta-TiV_500K_snap00058.extxyz,beta-TiV,500,beta-TiV__500,0.0042352964624235,0.005567342215916091,0.0013320457534925908,0.0013320457534925908,2
/Users/yti0811/Desktop/FE_data/npj_CM01/NPJ_CM_Fig_Python/Public_Reproducibility_Package_V01/npjcm-free-energy-surrogate_Re3/Python_Codes/table/snapshots_split/beta-TiV_500K_snap00059.extxyz,beta-TiV,500,beta-TiV__500,0.0039025534170346,0.004747536454428197,0.0008449830373935966,0.0008449830373935966,2
/Users/yti0811/Desktop/FE_data/npj_CM01/NPJ_CM_Fig_Python/Public_Reproducibility_Package_V01/npjcm-free-energy-surrogate_Re3/Python_Codes/table/snapshots_split/beta-TiV_500K_snap00060.extxyz,beta-TiV,500,beta-TiV__500,0.0039066624357181,0.003214013101688474,-0.0006926493340296256,0.0006926493340296256,2
/Users/yti0811/Desktop/FE_data/npj_CM01/NPJ_CM_Fig_Python/Public_Reproducibility_Package_V01/npjcm-free-energy-surrogate_Re3/Python_Codes/table/snapshots_split/beta-TiV_500K_snap00061.extxyz,beta-TiV,500,beta-TiV__500,0.0035231709224788,0.005723438753989237,0.0022002678315104374,0.0022002678315104374,2
/Users/yti0811/Desktop/FE_data/npj_CM01/NPJ_CM_Fig_Python/Public_Reproducibility_Package_V01/npjcm-free-energy-surrogate_Re3/Python_Codes/table/snapshots_split/beta-TiV_500K_snap00062.extxyz,beta-TiV,500,beta-TiV__500,0.0041040433535513,0.004754084288720769,0.0006500409351694689,0.0006500409351694689,2
/Users/yti0811/Desktop/FE_data/npj_CM01/NPJ_CM_Fig_Python/Public_Reproducibility_Package_V01/npjcm-free-energy-surrogate_Re3/Python_Codes/table/snapshots_split/beta-TiV_500K_snap00063.extxyz,beta-TiV,500,beta-TiV__500,0.0040610782718323,0.004731299711374092,0.0006702214395417922,0.0006702214395417922,2
/Users/yti0811/Desktop/FE_data/npj_CM01/NPJ_CM_Fig_Python/Public_Reproducibility_Package_V01/npjcm-free-energy-surrogate_Re3/Python_Codes/table/snapshots_split/beta-TiV_500K_snap00064.extxyz,beta-TiV,500,beta-TiV__500,0.0041646814941676,0.004177264918271256,1.2583424103655878e-05,1.2583424103655878e-05,2
/Users/yti0811/Desktop/FE_data/npj_CM01/NPJ_CM_Fig_Python/Public_Reproducibility_Package_V01/npjcm-free-energy-surrogate_Re3/Python_Codes/table/snapshots_split/beta-TiV_500K_snap00065.extxyz,beta-TiV,500,beta-TiV__500,0.0042734597087635,0.00272199849796119,-0.0015514612108023106,0.0015514612108023106,2
/Users/yti0811/Desktop/FE_data/npj_CM01/NPJ_CM_Fig_Python/Public_Reproducibility_Package_V01/npjcm-free-energy-surrogate_Re3/Python_Codes/table/snapshots_split/beta-TiV_500K_snap00066.extxyz,beta-TiV,500,beta-TiV__500,0.0040398453791757,0.00507901280605616,0.0010391674268804604,0.0010391674268804604,2
/Users/yti0811/Desktop/FE_data/npj_CM01/NPJ_CM_Fig_Python/Public_Reproducibility_Package_V01/npjcm-free-energy-surrogate_Re3/Python_Codes/table/snapshots_split/beta-TiV_500K_snap00067.extxyz,beta-TiV,500,beta-TiV__500,0.0041386672934319,0.004212388166336412,7.37208729045119e-05,7.37208729045119e-05,2
/Users/yti0811/Desktop/FE_data/npj_CM01/NPJ_CM_Fig_Python/Public_Reproducibility_Package_V01/npjcm-free-energy-surrogate_Re3/Python_Codes/table/snapshots_split/beta-TiV_500K_snap00068.extxyz,beta-TiV,500,beta-TiV__500,0.0038102492174779,0.004751016324728705,0.0009407671072508049,0.0009407671072508049,2
/Users/yti0811/Desktop/FE_data/npj_CM01/NPJ_CM_Fig_Python/Public_Reproducibility_Package_V01/npjcm-free-energy-surrogate_Re3/Python_Codes/table/snapshots_split/beta-TiV_500K_snap00069.extxyz,beta-TiV,500,beta-TiV__500,0.0035288744705412,0.004181519163908358,0.0006526446933671579,0.0006526446933671579,2
/Users/yti0811/Desktop/FE_data/npj_CM01/NPJ_CM_Fig_Python/Public_Reproducibility_Package_V01/npjcm-free-energy-surrogate_Re3/Python_Codes/table/snapshots_split/beta-TiV_500K_snap00070.extxyz,beta-TiV,500,beta-TiV__500,0.0039941232786878,0.004225254209385151,0.00023113093069735118,0.00023113093069735118,2
/Users/yti0811/Desktop/FE_data/npj_CM01/NPJ_CM_Fig_Python/Public_Reproducibility_Package_V01/npjcm-free-energy-surrogate_Re3/Python_Codes/table/snapshots_split/beta-TiV_500K_snap00071.extxyz,beta-TiV,500,beta-TiV__500,0.0041001625085203,0.004945464818391941,0.0008453023098716414,0.0008453023098716414,2
/Users/yti0811/Desktop/FE_data/npj_CM01/NPJ_CM_Fig_Python/Public_Reproducibility_Package_V01/npjcm-free-energy-surrogate_Re3/Python_Codes/table/snapshots_split/beta-TiV_500K_snap00072.extxyz,beta-TiV,500,beta-TiV__500,0.0037735273842788,0.004928974297044075,0.0011554469127652753,0.0011554469127652753,2
/Users/yti0811/Desktop/FE_data/npj_CM01/NPJ_CM_Fig_Python/Public_Reproducibility_Package_V01/npjcm-free-energy-surrogate_Re3/Python_Codes/table/snapshots_split/beta-TiV_500K_snap00073.extxyz,beta-TiV,500,beta-TiV__500,0.0039155891480296,0.005893541254264773,0.0019779521062351724,0.0019779521062351724,2
/Users/yti0811/Desktop/FE_data/npj_CM01/NPJ_CM_Fig_Python/Public_Reproducibility_Package_V01/npjcm-free-energy-surrogate_Re3/Python_Codes/table/snapshots_split/beta-TiV_500K_snap00074.extxyz,beta-TiV,500,beta-TiV__500,0.0040879090481565,0.00491508054035423,0.0008271714921977294,0.0008271714921977294,2
/Users/yti0811/Desktop/FE_data/npj_CM01/NPJ_CM_Fig_Python/Public_Reproducibility_Package_V01/npjcm-free-energy-surrogate_Re3/Python_Codes/table/snapshots_split/beta-TiV_500K_snap00075.extxyz,beta-TiV,500,beta-TiV__500,0.0040525445265174,0.004341124701325023,0.0002885801748076233,0.0002885801748076233,2
/Users/yti0811/Desktop/FE_data/npj_CM01/NPJ_CM_Fig_Python/Public_Reproducibility_Package_V01/npjcm-free-energy-surrogate_Re3/Python_Codes/table/snapshots_split/beta-TiV_500K_snap00076.extxyz,beta-TiV,500,beta-TiV__500,0.0035317580589882,0.004321453652937319,0.000789695593949119,0.000789695593949119,2
/Users/yti0811/Desktop/FE_data/npj_CM01/NPJ_CM_Fig_Python/Public_Reproducibility_Package_V01/npjcm-free-energy-surrogate_Re3/Python_Codes/table/snapshots_split/beta-TiV_500K_snap00077.extxyz,beta-TiV,500,beta-TiV__500,0.0042773003170537,0.004274908981276791,-2.3913357769089066e-06,2.3913357769089066e-06,2
/Users/yti0811/Desktop/FE_data/npj_CM01/NPJ_CM_Fig_Python/Public_Reproducibility_Package_V01/npjcm-free-energy-surrogate_Re3/Python_Codes/table/snapshots_split/beta-TiV_500K_snap00078.extxyz,beta-TiV,500,beta-TiV__500,0.003675198725984,0.0034463900127917418,-0.00022880871319225834,0.00022880871319225834,2
/Users/yti0811/Desktop/FE_data/npj_CM01/NPJ_CM_Fig_Python/Public_Reproducibility_Package_V01/npjcm-free-energy-surrogate_Re3/Python_Codes/table/snapshots_split/beta-TiV_500K_snap00079.extxyz,beta-TiV,500,beta-TiV__500,0.0036540912516787,0.005010499162089714,0.001356407910411014,0.001356407910411014,2
/Users/yti0811/Desktop/FE_data/npj_CM01/NPJ_CM_Fig_Python/Public_Reproducibility_Package_V01/npjcm-free-energy-surrogate_Re3/Python_Codes/table/snapshots_split/beta-TiV_500K_snap00080.extxyz,beta-TiV,500,beta-TiV__500,0.0038979157103314,0.0035577964241045464,-0.0003401192862268537,0.0003401192862268537,2
/Users/yti0811/Desktop/FE_data/npj_CM01/NPJ_CM_Fig_Python/Public_Reproducibility_Package_V01/npjcm-free-energy-surrogate_Re3/Python_Codes/table/snapshots_split/beta-TiV_500K_snap00081.extxyz,beta-TiV,500,beta-TiV__500,0.0039719171432009,0.003186049151124087,-0.000785867992076813,0.000785867992076813,2
/Users/yti0811/Desktop/FE_data/npj_CM01/NPJ_CM_Fig_Python/Public_Reproducibility_Package_V01/npjcm-free-energy-surrogate_Re3/Python_Codes/table/snapshots_split/beta-TiV_500K_snap00082.extxyz,beta-TiV,500,beta-TiV__500,0.0042924425067601,0.00420317723932708,-8.926526743302e-05,8.926526743302e-05,2
/Users/yti0811/Desktop/FE_data/npj_CM01/NPJ_CM_Fig_Python/Public_Reproducibility_Package_V01/npjcm-free-energy-surrogate_Re3/Python_Codes/table/snapshots_split/beta-TiV_500K_snap00083.extxyz,beta-TiV,500,beta-TiV__500,0.0035165723531941,0.0046266359060139475,0.0011100635528198473,0.0011100635528198473,2
/Users/yti0811/Desktop/FE_data/npj_CM01/NPJ_CM_Fig_Python/Public_Reproducibility_Package_V01/npjcm-free-energy-surrogate_Re3/Python_Codes/table/snapshots_split/beta-TiV_500K_snap00084.extxyz,beta-TiV,500,beta-TiV__500,0.0037347593386579,0.004620702641149883,0.000885943302491983,0.000885943302491983,2
/Users/yti0811/Desktop/FE_data/npj_CM01/NPJ_CM_Fig_Python/Public_Reproducibility_Package_V01/npjcm-free-energy-surrogate_Re3/Python_Codes/table/snapshots_split/beta-TiV_500K_snap00085.extxyz,beta-TiV,500,beta-TiV__500,0.0036060091587955,0.005762469232305909,0.002156460073510409,0.002156460073510409,2
/Users/yti0811/Desktop/FE_data/npj_CM01/NPJ_CM_Fig_Python/Public_Reproducibility_Package_V01/npjcm-free-energy-surrogate_Re3/Python_Codes/table/snapshots_split/beta-TiV_500K_snap00086.extxyz,beta-TiV,500,beta-TiV__500,0.0042184002469301,0.0037367247735622107,-0.0004816754733678896,0.0004816754733678896,2
/Users/yti0811/Desktop/FE_data/npj_CM01/NPJ_CM_Fig_Python/Public_Reproducibility_Package_V01/npjcm-free-energy-surrogate_Re3/Python_Codes/table/snapshots_split/beta-TiV_500K_snap00087.extxyz,beta-TiV,500,beta-TiV__500,0.0037263742824069,0.004338323900357454,0.0006119496179505541,0.0006119496179505541,2
/Users/yti0811/Desktop/FE_data/npj_CM01/NPJ_CM_Fig_Python/Public_Reproducibility_Package_V01/npjcm-free-energy-surrogate_Re3/Python_Codes/table/snapshots_split/beta-TiV_500K_snap00088.extxyz,beta-TiV,500,beta-TiV__500,0.0042697301289594,0.003936296534229938,-0.000333433594729462,0.000333433594729462,2
/Users/yti0811/Desktop/FE_data/npj_CM01/NPJ_CM_Fig_Python/Public_Reproducibility_Package_V01/npjcm-free-energy-surrogate_Re3/Python_Codes/table/snapshots_split/beta-TiV_500K_snap00089.extxyz,beta-TiV,500,beta-TiV__500,0.0039258080009934,0.004418611382078338,0.0004928033810849379,0.0004928033810849379,2
/Users/yti0811/Desktop/FE_data/npj_CM01/NPJ_CM_Fig_Python/Public_Reproducibility_Package_V01/npjcm-free-energy-surrogate_Re3/Python_Codes/table/snapshots_split/beta-TiV_500K_snap00090.extxyz,beta-TiV,500,beta-TiV__500,0.0041590809426642,0.0039199334975509505,-0.00023914744511324953,0.00023914744511324953,2
/Users/yti0811/Desktop/FE_data/npj_CM01/NPJ_CM_Fig_Python/Public_Reproducibility_Package_V01/npjcm-free-energy-surrogate_Re3/Python_Codes/table/snapshots_split/beta-TiV_500K_snap00091.extxyz,beta-TiV,500,beta-TiV__500,0.0044741900685126,0.005457740156046992,0.0009835500875343918,0.0009835500875343918,2
/Users/yti0811/Desktop/FE_data/npj_CM01/NPJ_CM_Fig_Python/Public_Reproducibility_Package_V01/npjcm-free-energy-surrogate_Re3/Python_Codes/table/snapshots_split/beta-TiV_500K_snap00092.extxyz,beta-TiV,500,beta-TiV__500,0.0040103924306734,0.004497388788464333,0.00048699635779093225,0.00048699635779093225,2
/Users/yti0811/Desktop/FE_data/npj_CM01/NPJ_CM_Fig_Python/Public_Reproducibility_Package_V01/npjcm-free-energy-surrogate_Re3/Python_Codes/table/snapshots_split/beta-TiV_500K_snap00093.extxyz,beta-TiV,500,beta-TiV__500,0.0037528445480528,0.0030786867977012594,-0.0006741577503515408,0.0006741577503515408,2
/Users/yti0811/Desktop/FE_data/npj_CM01/NPJ_CM_Fig_Python/Public_Reproducibility_Package_V01/npjcm-free-energy-surrogate_Re3/Python_Codes/table/snapshots_split/beta-TiV_500K_snap00094.extxyz,beta-TiV,500,beta-TiV__500,0.0036134747248258,0.0038692549383042263,0.0002557802134784265,0.0002557802134784265,2
/Users/yti0811/Desktop/FE_data/npj_CM01/NPJ_CM_Fig_Python/Public_Reproducibility_Package_V01/npjcm-free-energy-surrogate_Re3/Python_Codes/table/snapshots_split/beta-TiV_500K_snap00095.extxyz,beta-TiV,500,beta-TiV__500,0.004260029801325,0.0039733614846663105,-0.0002866683166586892,0.0002866683166586892,2
/Users/yti0811/Desktop/FE_data/npj_CM01/NPJ_CM_Fig_Python/Public_Reproducibility_Package_V01/npjcm-free-energy-surrogate_Re3/Python_Codes/table/snapshots_split/beta-TiV_500K_snap00096.extxyz,beta-TiV,500,beta-TiV__500,0.0038656991555839,0.0052098927240021905,0.0013441935684182903,0.0013441935684182903,2
/Users/yti0811/Desktop/FE_data/npj_CM01/NPJ_CM_Fig_Python/Public_Reproducibility_Package_V01/npjcm-free-energy-surrogate_Re3/Python_Codes/table/snapshots_split/beta-TiV_500K_snap00097.extxyz,beta-TiV,500,beta-TiV__500,0.0036026576380822,0.0035938565701657908,-8.801067916409163e-06,8.801067916409163e-06,2
/Users/yti0811/Desktop/FE_data/npj_CM01/NPJ_CM_Fig_Python/Public_Reproducibility_Package_V01/npjcm-free-energy-surrogate_Re3/Python_Codes/table/snapshots_split/beta-TiV_500K_snap00098.extxyz,beta-TiV,500,beta-TiV__500,0.0042273075467043,0.0040467660525085585,-0.00018054149419574183,0.00018054149419574183,2
/Users/yti0811/Desktop/FE_data/npj_CM01/NPJ_CM_Fig_Python/Public_Reproducibility_Package_V01/npjcm-free-energy-surrogate_Re3/Python_Codes/table/snapshots_split/beta-TiV_500K_snap00099.extxyz,beta-TiV,500,beta-TiV__500,0.0036778965014359,0.004656674354023275,0.0009787778525873745,0.0009787778525873745,2
/Users/yti0811/Desktop/FE_data/npj_CM01/NPJ_CM_Fig_Python/Public_Reproducibility_Package_V01/npjcm-free-energy-surrogate_Re3/Python_Codes/table/snapshots_split/beta-TiV_600K_snap00000.extxyz,beta-TiV,600,beta-TiV__600,0.0057442542106579,0.006052877581414353,0.0003086233707564534,0.0003086233707564534,1
/Users/yti0811/Desktop/FE_data/npj_CM01/NPJ_CM_Fig_Python/Public_Reproducibility_Package_V01/npjcm-free-energy-surrogate_Re3/Python_Codes/table/snapshots_split/beta-TiV_600K_snap00001.extxyz,beta-TiV,600,beta-TiV__600,0.0056204410429955,0.006891252493102263,0.0012708114501067628,0.0012708114501067628,1
/Users/yti0811/Desktop/FE_data/npj_CM01/NPJ_CM_Fig_Python/Public_Reproducibility_Package_V01/npjcm-free-energy-surrogate_Re3/Python_Codes/table/snapshots_split/beta-TiV_600K_snap00002.extxyz,beta-TiV,600,beta-TiV__600,0.0064710456081355,0.005796742029457437,-0.0006743035786780632,0.0006743035786780632,1
/Users/yti0811/Desktop/FE_data/npj_CM01/NPJ_CM_Fig_Python/Public_Reproducibility_Package_V01/npjcm-free-energy-surrogate_Re3/Python_Codes/table/snapshots_split/beta-TiV_600K_snap00003.extxyz,beta-TiV,600,beta-TiV__600,0.0060194911810082,0.005243115336701536,-0.0007763758443066638,0.0007763758443066638,1
/Users/yti0811/Desktop/FE_data/npj_CM01/NPJ_CM_Fig_Python/Public_Reproducibility_Package_V01/npjcm-free-energy-surrogate_Re3/Python_Codes/table/snapshots_split/beta-TiV_600K_snap00004.extxyz,beta-TiV,600,beta-TiV__600,0.0060738204068614,0.006552377914427875,0.0004785575075664751,0.0004785575075664751,1
/Users/yti0811/Desktop/FE_data/npj_CM01/NPJ_CM_Fig_Python/Public_Reproducibility_Package_V01/npjcm-free-energy-surrogate_Re3/Python_Codes/table/snapshots_split/beta-TiV_600K_snap00005.extxyz,beta-TiV,600,beta-TiV__600,0.0059454059199579,0.007141886038748356,0.0011964801187904564,0.0011964801187904564,1
/Users/yti0811/Desktop/FE_data/npj_CM01/NPJ_CM_Fig_Python/Public_Reproducibility_Package_V01/npjcm-free-energy-surrogate_Re3/Python_Codes/table/snapshots_split/beta-TiV_600K_snap00006.extxyz,beta-TiV,600,beta-TiV__600,0.0061372312529447,0.007258512399044779,0.001121281146100079,0.001121281146100079,1
/Users/yti0811/Desktop/FE_data/npj_CM01/NPJ_CM_Fig_Python/Public_Reproducibility_Package_V01/npjcm-free-energy-surrogate_Re3/Python_Codes/table/snapshots_split/beta-TiV_600K_snap00007.extxyz,beta-TiV,600,beta-TiV__600,0.0061228644791457,0.006912852570485858,0.0007899880913401578,0.0007899880913401578,1
/Users/yti0811/Desktop/FE_data/npj_CM01/NPJ_CM_Fig_Python/Public_Reproducibility_Package_V01/npjcm-free-energy-surrogate_Re3/Python_Codes/table/snapshots_split/beta-TiV_600K_snap00008.extxyz,beta-TiV,600,beta-TiV__600,0.0060887997702422,0.006382737639809205,0.0002939378695670054,0.0002939378695670054,1
/Users/yti0811/Desktop/FE_data/npj_CM01/NPJ_CM_Fig_Python/Public_Reproducibility_Package_V01/npjcm-free-energy-surrogate_Re3/Python_Codes/table/snapshots_split/beta-TiV_600K_snap00009.extxyz,beta-TiV,600,beta-TiV__600,0.006223270714771,0.006123964443606175,-9.93062711648245e-05,9.93062711648245e-05,1
/Users/yti0811/Desktop/FE_data/npj_CM01/NPJ_CM_Fig_Python/Public_Reproducibility_Package_V01/npjcm-free-energy-surrogate_Re3/Python_Codes/table/snapshots_split/beta-TiV_600K_snap00010.extxyz,beta-TiV,600,beta-TiV__600,0.0063701444146204,0.007157186204998438,0.0007870417903780378,0.0007870417903780378,1
/Users/yti0811/Desktop/FE_data/npj_CM01/NPJ_CM_Fig_Python/Public_Reproducibility_Package_V01/npjcm-free-energy-surrogate_Re3/Python_Codes/table/snapshots_split/beta-TiV_600K_snap00011.extxyz,beta-TiV,600,beta-TiV__600,0.0062758201173604,0.005598560219376336,-0.0006772598979840633,0.0006772598979840633,1
/Users/yti0811/Desktop/FE_data/npj_CM01/NPJ_CM_Fig_Python/Public_Reproducibility_Package_V01/npjcm-free-energy-surrogate_Re3/Python_Codes/table/snapshots_split/beta-TiV_600K_snap00012.extxyz,beta-TiV,600,beta-TiV__600,0.0060633479062552,0.005452726729270321,-0.0006106211769848794,0.0006106211769848794,1
/Users/yti0811/Desktop/FE_data/npj_CM01/NPJ_CM_Fig_Python/Public_Reproducibility_Package_V01/npjcm-free-energy-surrogate_Re3/Python_Codes/table/snapshots_split/beta-TiV_600K_snap00013.extxyz,beta-TiV,600,beta-TiV__600,0.0057966479156734,0.005763573644269066,-3.307427140433403e-05,3.307427140433403e-05,1
/Users/yti0811/Desktop/FE_data/npj_CM01/NPJ_CM_Fig_Python/Public_Reproducibility_Package_V01/npjcm-free-energy-surrogate_Re3/Python_Codes/table/snapshots_split/beta-TiV_600K_snap00014.extxyz,beta-TiV,600,beta-TiV__600,0.0062329735083174,0.005959992028484424,-0.0002729814798329757,0.0002729814798329757,1
/Users/yti0811/Desktop/FE_data/npj_CM01/NPJ_CM_Fig_Python/Public_Reproducibility_Package_V01/npjcm-free-energy-surrogate_Re3/Python_Codes/table/snapshots_split/beta-TiV_600K_snap00015.extxyz,beta-TiV,600,beta-TiV__600,0.0058468188522387,0.006639605049143747,0.0007927861969050471,0.0007927861969050471,1
/Users/yti0811/Desktop/FE_data/npj_CM01/NPJ_CM_Fig_Python/Public_Reproducibility_Package_V01/npjcm-free-energy-surrogate_Re3/Python_Codes/table/snapshots_split/beta-TiV_600K_snap00016.extxyz,beta-TiV,600,beta-TiV__600,0.0063808504669743,0.006286782863414785,-9.406760355951463e-05,9.406760355951463e-05,1
/Users/yti0811/Desktop/FE_data/npj_CM01/NPJ_CM_Fig_Python/Public_Reproducibility_Package_V01/npjcm-free-energy-surrogate_Re3/Python_Codes/table/snapshots_split/beta-TiV_600K_snap00017.extxyz,beta-TiV,600,beta-TiV__600,0.0061187751843291,0.00597136196571053,-0.0001474132186185693,0.0001474132186185693,1
/Users/yti0811/Desktop/FE_data/npj_CM01/NPJ_CM_Fig_Python/Public_Reproducibility_Package_V01/npjcm-free-energy-surrogate_Re3/Python_Codes/table/snapshots_split/beta-TiV_600K_snap00018.extxyz,beta-TiV,600,beta-TiV__600,0.0063463160237599,0.006217597834864348,-0.00012871818889555187,0.00012871818889555187,1
/Users/yti0811/Desktop/FE_data/npj_CM01/NPJ_CM_Fig_Python/Public_Reproducibility_Package_V01/npjcm-free-energy-surrogate_Re3/Python_Codes/table/snapshots_split/beta-TiV_600K_snap00019.extxyz,beta-TiV,600,beta-TiV__600,0.0059143237382219,0.00608922419612856,0.00017490045790666004,0.00017490045790666004,1
/Users/yti0811/Desktop/FE_data/npj_CM01/NPJ_CM_Fig_Python/Public_Reproducibility_Package_V01/npjcm-free-energy-surrogate_Re3/Python_Codes/table/snapshots_split/beta-TiV_600K_snap00020.extxyz,beta-TiV,600,beta-TiV__600,0.0057181555409677,0.005567252648490758,-0.00015090289247694268,0.00015090289247694268,1
/Users/yti0811/Desktop/FE_data/npj_CM01/NPJ_CM_Fig_Python/Public_Reproducibility_Package_V01/npjcm-free-energy-surrogate_Re3/Python_Codes/table/snapshots_split/beta-TiV_600K_snap00021.extxyz,beta-TiV,600,beta-TiV__600,0.0056712226387036,0.005514947415511625,-0.00015627522319197444,0.00015627522319197444,1
/Users/yti0811/Desktop/FE_data/npj_CM01/NPJ_CM_Fig_Python/Public_Reproducibility_Package_V01/npjcm-free-energy-surrogate_Re3/Python_Codes/table/snapshots_split/beta-TiV_600K_snap00022.extxyz,beta-TiV,600,beta-TiV__600,0.0061420053105278,0.006400487992019556,0.00025848268149175537,0.00025848268149175537,1
/Users/yti0811/Desktop/FE_data/npj_CM01/NPJ_CM_Fig_Python/Public_Reproducibility_Package_V01/npjcm-free-energy-surrogate_Re3/Python_Codes/table/snapshots_split/beta-TiV_600K_snap00023.extxyz,beta-TiV,600,beta-TiV__600,0.0057000498933838,0.006389226959232879,0.0006891770658490797,0.0006891770658490797,1
/Users/yti0811/Desktop/FE_data/npj_CM01/NPJ_CM_Fig_Python/Public_Reproducibility_Package_V01/npjcm-free-energy-surrogate_Re3/Python_Codes/table/snapshots_split/beta-TiV_600K_snap00024.extxyz,beta-TiV,600,beta-TiV__600,0.0058578713944774,0.006463631877244053,0.0006057604827666525,0.0006057604827666525,1
/Users/yti0811/Desktop/FE_data/npj_CM01/NPJ_CM_Fig_Python/Public_Reproducibility_Package_V01/npjcm-free-energy-surrogate_Re3/Python_Codes/table/snapshots_split/beta-TiV_600K_snap00025.extxyz,beta-TiV,600,beta-TiV__600,0.0057978421041592,0.006948676495439651,0.0011508343912804515,0.0011508343912804515,1
/Users/yti0811/Desktop/FE_data/npj_CM01/NPJ_CM_Fig_Python/Public_Reproducibility_Package_V01/npjcm-free-energy-surrogate_Re3/Python_Codes/table/snapshots_split/beta-TiV_600K_snap00026.extxyz,beta-TiV,600,beta-TiV__600,0.0060704020770662,0.007756057811642621,0.0016856557345764217,0.0016856557345764217,1
/Users/yti0811/Desktop/FE_data/npj_CM01/NPJ_CM_Fig_Python/Public_Reproducibility_Package_V01/npjcm-free-energy-surrogate_Re3/Python_Codes/table/snapshots_split/beta-TiV_600K_snap00027.extxyz,beta-TiV,600,beta-TiV__600,0.0059284762668731,0.005660785179130663,-0.00026769108774243704,0.00026769108774243704,1
/Users/yti0811/Desktop/FE_data/npj_CM01/NPJ_CM_Fig_Python/Public_Reproducibility_Package_V01/npjcm-free-energy-surrogate_Re3/Python_Codes/table/snapshots_split/beta-TiV_600K_snap00028.extxyz,beta-TiV,600,beta-TiV__600,0.0061133916813755,0.00616066555862098,4.727387724547984e-05,4.727387724547984e-05,1
/Users/yti0811/Desktop/FE_data/npj_CM01/NPJ_CM_Fig_Python/Public_Reproducibility_Package_V01/npjcm-free-energy-surrogate_Re3/Python_Codes/table/snapshots_split/beta-TiV_600K_snap00029.extxyz,beta-TiV,600,beta-TiV__600,0.0061363644609626,0.006909949904005909,0.0007735854430433089,0.0007735854430433089,1
/Users/yti0811/Desktop/FE_data/npj_CM01/NPJ_CM_Fig_Python/Public_Reproducibility_Package_V01/npjcm-free-energy-surrogate_Re3/Python_Codes/table/snapshots_split/beta-TiV_600K_snap00030.extxyz,beta-TiV,600,beta-TiV__600,0.0061559848658465,0.007202023010826094,0.0010460381449795934,0.0010460381449795934,1
/Users/yti0811/Desktop/FE_data/npj_CM01/NPJ_CM_Fig_Python/Public_Reproducibility_Package_V01/npjcm-free-energy-surrogate_Re3/Python_Codes/table/snapshots_split/beta-TiV_600K_snap00031.extxyz,beta-TiV,600,beta-TiV__600,0.0058452020355758,0.005897477348905617,5.227531332981702e-05,5.227531332981702e-05,1
/Users/yti0811/Desktop/FE_data/npj_CM01/NPJ_CM_Fig_Python/Public_Reproducibility_Package_V01/npjcm-free-energy-surrogate_Re3/Python_Codes/table/snapshots_split/beta-TiV_600K_snap00032.extxyz,beta-TiV,600,beta-TiV__600,0.0057814302012479,0.006162196214382123,0.00038076601313422314,0.00038076601313422314,1
/Users/yti0811/Desktop/FE_data/npj_CM01/NPJ_CM_Fig_Python/Public_Reproducibility_Package_V01/npjcm-free-energy-surrogate_Re3/Python_Codes/table/snapshots_split/beta-TiV_600K_snap00033.extxyz,beta-TiV,600,beta-TiV__600,0.0065002033041371,0.0063371081582767755,-0.00016309514586032407,0.00016309514586032407,1
/Users/yti0811/Desktop/FE_data/npj_CM01/NPJ_CM_Fig_Python/Public_Reproducibility_Package_V01/npjcm-free-energy-surrogate_Re3/Python_Codes/table/snapshots_split/beta-TiV_600K_snap00034.extxyz,beta-TiV,600,beta-TiV__600,0.0059878307235454,0.005977471272965399,-1.0359450580000977e-05,1.0359450580000977e-05,1
/Users/yti0811/Desktop/FE_data/npj_CM01/NPJ_CM_Fig_Python/Public_Reproducibility_Package_V01/npjcm-free-energy-surrogate_Re3/Python_Codes/table/snapshots_split/beta-TiV_600K_snap00035.extxyz,beta-TiV,600,beta-TiV__600,0.0059015732827633,0.007032510417404826,0.0011309371346415256,0.0011309371346415256,1
/Users/yti0811/Desktop/FE_data/npj_CM01/NPJ_CM_Fig_Python/Public_Reproducibility_Package_V01/npjcm-free-energy-surrogate_Re3/Python_Codes/table/snapshots_split/beta-TiV_600K_snap00036.extxyz,beta-TiV,600,beta-TiV__600,0.0055788808396146,0.0067900674645692645,0.0012111866249546648,0.0012111866249546648,1
/Users/yti0811/Desktop/FE_data/npj_CM01/NPJ_CM_Fig_Python/Public_Reproducibility_Package_V01/npjcm-free-energy-surrogate_Re3/Python_Codes/table/snapshots_split/beta-TiV_600K_snap00037.extxyz,beta-TiV,600,beta-TiV__600,0.0057457081222624,0.006534300385058637,0.0007885922627962364,0.0007885922627962364,1
/Users/yti0811/Desktop/FE_data/npj_CM01/NPJ_CM_Fig_Python/Public_Reproducibility_Package_V01/npjcm-free-energy-surrogate_Re3/Python_Codes/table/snapshots_split/beta-TiV_600K_snap00038.extxyz,beta-TiV,600,beta-TiV__600,0.0054533539056126,0.006101691348340687,0.0006483374427280874,0.0006483374427280874,1
/Users/yti0811/Desktop/FE_data/npj_CM01/NPJ_CM_Fig_Python/Public_Reproducibility_Package_V01/npjcm-free-energy-surrogate_Re3/Python_Codes/table/snapshots_split/beta-TiV_600K_snap00039.extxyz,beta-TiV,600,beta-TiV__600,0.0059034945850619,0.006843848189567583,0.0009403536045056822,0.0009403536045056822,1
/Users/yti0811/Desktop/FE_data/npj_CM01/NPJ_CM_Fig_Python/Public_Reproducibility_Package_V01/npjcm-free-energy-surrogate_Re3/Python_Codes/table/snapshots_split/beta-TiV_600K_snap00040.extxyz,beta-TiV,600,beta-TiV__600,0.0062017845664785,0.006000987196573517,-0.00020079736990498247,0.00020079736990498247,1
/Users/yti0811/Desktop/FE_data/npj_CM01/NPJ_CM_Fig_Python/Public_Reproducibility_Package_V01/npjcm-free-energy-surrogate_Re3/Python_Codes/table/snapshots_split/beta-TiV_600K_snap00041.extxyz,beta-TiV,600,beta-TiV__600,0.0065583760221754,0.006521441961144137,-3.693406103126313e-05,3.693406103126313e-05,1
/Users/yti0811/Desktop/FE_data/npj_CM01/NPJ_CM_Fig_Python/Public_Reproducibility_Package_V01/npjcm-free-energy-surrogate_Re3/Python_Codes/table/snapshots_split/beta-TiV_600K_snap00042.extxyz,beta-TiV,600,beta-TiV__600,0.0058991917887631,0.0070052005591402814,0.0011060087703771817,0.0011060087703771817,1
/Users/yti0811/Desktop/FE_data/npj_CM01/NPJ_CM_Fig_Python/Public_Reproducibility_Package_V01/npjcm-free-energy-surrogate_Re3/Python_Codes/table/snapshots_split/beta-TiV_600K_snap00043.extxyz,beta-TiV,600,beta-TiV__600,0.0059964625486907,0.005878440955118452,-0.00011802159357224805,0.00011802159357224805,1
/Users/yti0811/Desktop/FE_data/npj_CM01/NPJ_CM_Fig_Python/Public_Reproducibility_Package_V01/npjcm-free-energy-surrogate_Re3/Python_Codes/table/snapshots_split/beta-TiV_600K_snap00044.extxyz,beta-TiV,600,beta-TiV__600,0.00631873292601,0.006030318873324266,-0.0002884140526857341,0.0002884140526857341,1
/Users/yti0811/Desktop/FE_data/npj_CM01/NPJ_CM_Fig_Python/Public_Reproducibility_Package_V01/npjcm-free-energy-surrogate_Re3/Python_Codes/table/snapshots_split/beta-TiV_600K_snap00045.extxyz,beta-TiV,600,beta-TiV__600,0.0060860627523783,0.006256694051372106,0.00017063129899380636,0.00017063129899380636,1
/Users/yti0811/Desktop/FE_data/npj_CM01/NPJ_CM_Fig_Python/Public_Reproducibility_Package_V01/npjcm-free-energy-surrogate_Re3/Python_Codes/table/snapshots_split/beta-TiV_600K_snap00046.extxyz,beta-TiV,600,beta-TiV__600,0.0060436213535634,0.006399291482313295,0.00035567012874989506,0.00035567012874989506,1
/Users/yti0811/Desktop/FE_data/npj_CM01/NPJ_CM_Fig_Python/Public_Reproducibility_Package_V01/npjcm-free-energy-surrogate_Re3/Python_Codes/table/snapshots_split/beta-TiV_600K_snap00047.extxyz,beta-TiV,600,beta-TiV__600,0.0057992939678738,0.005919091260333062,0.00011979729245926215,0.00011979729245926215,1
/Users/yti0811/Desktop/FE_data/npj_CM01/NPJ_CM_Fig_Python/Public_Reproducibility_Package_V01/npjcm-free-energy-surrogate_Re3/Python_Codes/table/snapshots_split/beta-TiV_600K_snap00048.extxyz,beta-TiV,600,beta-TiV__600,0.0065361366419136,0.005808785743867334,-0.0007273508980462657,0.0007273508980462657,1
/Users/yti0811/Desktop/FE_data/npj_CM01/NPJ_CM_Fig_Python/Public_Reproducibility_Package_V01/npjcm-free-energy-surrogate_Re3/Python_Codes/table/snapshots_split/beta-TiV_600K_snap00049.extxyz,beta-TiV,600,beta-TiV__600,0.0061346723519452,0.0063590143908355745,0.0002243420388903742,0.0002243420388903742,1
/Users/yti0811/Desktop/FE_data/npj_CM01/NPJ_CM_Fig_Python/Public_Reproducibility_Package_V01/npjcm-free-energy-surrogate_Re3/Python_Codes/table/snapshots_split/beta-TiV_600K_snap00050.extxyz,beta-TiV,600,beta-TiV__600,0.0059934196828221,0.006389522965029783,0.0003961032822076835,0.0003961032822076835,1
/Users/yti0811/Desktop/FE_data/npj_CM01/NPJ_CM_Fig_Python/Public_Reproducibility_Package_V01/npjcm-free-energy-surrogate_Re3/Python_Codes/table/snapshots_split/beta-TiV_600K_snap00051.extxyz,beta-TiV,600,beta-TiV__600,0.0056879442602275,0.005282528886406768,-0.00040541537382073143,0.00040541537382073143,1
/Users/yti0811/Desktop/FE_data/npj_CM01/NPJ_CM_Fig_Python/Public_Reproducibility_Package_V01/npjcm-free-energy-surrogate_Re3/Python_Codes/table/snapshots_split/beta-TiV_600K_snap00052.extxyz,beta-TiV,600,beta-TiV__600,0.0061063755479865,0.006291738569680173,0.00018536302169367292,0.00018536302169367292,1
/Users/yti0811/Desktop/FE_data/npj_CM01/NPJ_CM_Fig_Python/Public_Reproducibility_Package_V01/npjcm-free-energy-surrogate_Re3/Python_Codes/table/snapshots_split/beta-TiV_600K_snap00053.extxyz,beta-TiV,600,beta-TiV__600,0.00616744647974,0.005960576534514734,-0.00020686994522526626,0.00020686994522526626,1
/Users/yti0811/Desktop/FE_data/npj_CM01/NPJ_CM_Fig_Python/Public_Reproducibility_Package_V01/npjcm-free-energy-surrogate_Re3/Python_Codes/table/snapshots_split/beta-TiV_600K_snap00054.extxyz,beta-TiV,600,beta-TiV__600,0.0060960597068489,0.005318605700803578,-0.0007774540060453217,0.0007774540060453217,1
/Users/yti0811/Desktop/FE_data/npj_CM01/NPJ_CM_Fig_Python/Public_Reproducibility_Package_V01/npjcm-free-energy-surrogate_Re3/Python_Codes/table/snapshots_split/beta-TiV_600K_snap00055.extxyz,beta-TiV,600,beta-TiV__600,0.0059531444591096,0.004701910447725587,-0.001251234011384013,0.001251234011384013,1
/Users/yti0811/Desktop/FE_data/npj_CM01/NPJ_CM_Fig_Python/Public_Reproducibility_Package_V01/npjcm-free-energy-surrogate_Re3/Python_Codes/table/snapshots_split/beta-TiV_600K_snap00056.extxyz,beta-TiV,600,beta-TiV__600,0.0058844514956632,0.005673575604780475,-0.00021087589088272535,0.00021087589088272535,1
/Users/yti0811/Desktop/FE_data/npj_CM01/NPJ_CM_Fig_Python/Public_Reproducibility_Package_V01/npjcm-free-energy-surrogate_Re3/Python_Codes/table/snapshots_split/beta-TiV_600K_snap00057.extxyz,beta-TiV,600,beta-TiV__600,0.0058701177157926,0.005955842692516653,8.57249767240529e-05,8.57249767240529e-05,1
/Users/yti0811/Desktop/FE_data/npj_CM01/NPJ_CM_Fig_Python/Public_Reproducibility_Package_V01/npjcm-free-energy-surrogate_Re3/Python_Codes/table/snapshots_split/beta-TiV_600K_snap00058.extxyz,beta-TiV,600,beta-TiV__600,0.0059055010171375,0.006181051384255686,0.00027555036711818595,0.00027555036711818595,1
/Users/yti0811/Desktop/FE_data/npj_CM01/NPJ_CM_Fig_Python/Public_Reproducibility_Package_V01/npjcm-free-energy-surrogate_Re3/Python_Codes/table/snapshots_split/beta-TiV_600K_snap00059.extxyz,beta-TiV,600,beta-TiV__600,0.0060521010760254,0.006345532134037049,0.0002934310580116487,0.0002934310580116487,1
/Users/yti0811/Desktop/FE_data/npj_CM01/NPJ_CM_Fig_Python/Public_Reproducibility_Package_V01/npjcm-free-energy-surrogate_Re3/Python_Codes/table/snapshots_split/beta-TiV_600K_snap00060.extxyz,beta-TiV,600,beta-TiV__600,0.0060816175630986,0.0052091629026963255,-0.0008724546604022745,0.0008724546604022745,1
/Users/yti0811/Desktop/FE_data/npj_CM01/NPJ_CM_Fig_Python/Public_Reproducibility_Package_V01/npjcm-free-energy-surrogate_Re3/Python_Codes/table/snapshots_split/beta-TiV_600K_snap00061.extxyz,beta-TiV,600,beta-TiV__600,0.0064541914167126,0.0072125518772439765,0.0007583604605313765,0.0007583604605313765,1
/Users/yti0811/Desktop/FE_data/npj_CM01/NPJ_CM_Fig_Python/Public_Reproducibility_Package_V01/npjcm-free-energy-surrogate_Re3/Python_Codes/table/snapshots_split/beta-TiV_600K_snap00062.extxyz,beta-TiV,600,beta-TiV__600,0.00579376659298,0.005390964396489214,-0.00040280219649078616,0.00040280219649078616,1
/Users/yti0811/Desktop/FE_data/npj_CM01/NPJ_CM_Fig_Python/Public_Reproducibility_Package_V01/npjcm-free-energy-surrogate_Re3/Python_Codes/table/snapshots_split/beta-TiV_600K_snap00063.extxyz,beta-TiV,600,beta-TiV__600,0.0061598091192111,0.00605129204887919,-0.00010851707033190938,0.00010851707033190938,1
/Users/yti0811/Desktop/FE_data/npj_CM01/NPJ_CM_Fig_Python/Public_Reproducibility_Package_V01/npjcm-free-energy-surrogate_Re3/Python_Codes/table/snapshots_split/beta-TiV_600K_snap00064.extxyz,beta-TiV,600,beta-TiV__600,0.0061950902579798,0.005561085700097338,-0.0006340045578824621,0.0006340045578824621,1
/Users/yti0811/Desktop/FE_data/npj_CM01/NPJ_CM_Fig_Python/Public_Reproducibility_Package_V01/npjcm-free-energy-surrogate_Re3/Python_Codes/table/snapshots_split/beta-TiV_600K_snap00065.extxyz,beta-TiV,600,beta-TiV__600,0.0060663820356003,0.0060621542823876395,-4.227753212660522e-06,4.227753212660522e-06,1
/Users/yti0811/Desktop/FE_data/npj_CM01/NPJ_CM_Fig_Python/Public_Reproducibility_Package_V01/npjcm-free-energy-surrogate_Re3/Python_Codes/table/snapshots_split/beta-TiV_600K_snap00066.extxyz,beta-TiV,600,beta-TiV__600,0.0065675944195737,0.006343979676400302,-0.00022361474317339827,0.00022361474317339827,1
/Users/yti0811/Desktop/FE_data/npj_CM01/NPJ_CM_Fig_Python/Public_Reproducibility_Package_V01/npjcm-free-energy-surrogate_Re3/Python_Codes/table/snapshots_split/beta-TiV_600K_snap00067.extxyz,beta-TiV,600,beta-TiV__600,0.0057940924747469,0.006493343607453224,0.0006992511327063248,0.0006992511327063248,1
/Users/yti0811/Desktop/FE_data/npj_CM01/NPJ_CM_Fig_Python/Public_Reproducibility_Package_V01/npjcm-free-energy-surrogate_Re3/Python_Codes/table/snapshots_split/beta-TiV_600K_snap00068.extxyz,beta-TiV,600,beta-TiV__600,0.0062052221145664,0.007143354215431622,0.0009381321008652228,0.0009381321008652228,1
/Users/yti0811/Desktop/FE_data/npj_CM01/NPJ_CM_Fig_Python/Public_Reproducibility_Package_V01/npjcm-free-energy-surrogate_Re3/Python_Codes/table/snapshots_split/beta-TiV_600K_snap00069.extxyz,beta-TiV,600,beta-TiV__600,0.0056135919457053,0.006995398911271773,0.0013818069655664733,0.0013818069655664733,1
/Users/yti0811/Desktop/FE_data/npj_CM01/NPJ_CM_Fig_Python/Public_Reproducibility_Package_V01/npjcm-free-energy-surrogate_Re3/Python_Codes/table/snapshots_split/beta-TiV_600K_snap00070.extxyz,beta-TiV,600,beta-TiV__600,0.0064650413654449,0.007555276689599102,0.001090235324154202,0.001090235324154202,1
/Users/yti0811/Desktop/FE_data/npj_CM01/NPJ_CM_Fig_Python/Public_Reproducibility_Package_V01/npjcm-free-energy-surrogate_Re3/Python_Codes/table/snapshots_split/beta-TiV_600K_snap00071.extxyz,beta-TiV,600,beta-TiV__600,0.0062358385424296,0.006045069437284383,-0.00019076910514521667,0.00019076910514521667,1
/Users/yti0811/Desktop/FE_data/npj_CM01/NPJ_CM_Fig_Python/Public_Reproducibility_Package_V01/npjcm-free-energy-surrogate_Re3/Python_Codes/table/snapshots_split/beta-TiV_600K_snap00072.extxyz,beta-TiV,600,beta-TiV__600,0.00653928329315,0.005352413008510935,-0.0011868702846390645,0.0011868702846390645,1
/Users/yti0811/Desktop/FE_data/npj_CM01/NPJ_CM_Fig_Python/Public_Reproducibility_Package_V01/npjcm-free-energy-surrogate_Re3/Python_Codes/table/snapshots_split/beta-TiV_600K_snap00073.extxyz,beta-TiV,600,beta-TiV__600,0.0060063462041954,0.006869178704204963,0.0008628325000095624,0.0008628325000095624,1
/Users/yti0811/Desktop/FE_data/npj_CM01/NPJ_CM_Fig_Python/Public_Reproducibility_Package_V01/npjcm-free-energy-surrogate_Re3/Python_Codes/table/snapshots_split/beta-TiV_600K_snap00074.extxyz,beta-TiV,600,beta-TiV__600,0.0060572783768854,0.0062784454279645975,0.0002211670510791977,0.0002211670510791977,1
/Users/yti0811/Desktop/FE_data/npj_CM01/NPJ_CM_Fig_Python/Public_Reproducibility_Package_V01/npjcm-free-energy-surrogate_Re3/Python_Codes/table/snapshots_split/beta-TiV_600K_snap00075.extxyz,beta-TiV,600,beta-TiV__600,0.0062070399345596,0.0068454866346604,0.0006384467001008002,0.0006384467001008002,1
/Users/yti0811/Desktop/FE_data/npj_CM01/NPJ_CM_Fig_Python/Public_Reproducibility_Package_V01/npjcm-free-energy-surrogate_Re3/Python_Codes/table/snapshots_split/beta-TiV_600K_snap00076.extxyz,beta-TiV,600,beta-TiV__600,0.0059311113216324,0.005606713304312456,-0.00032439801731994414,0.00032439801731994414,1
/Users/yti0811/Desktop/FE_data/npj_CM01/NPJ_CM_Fig_Python/Public_Reproducibility_Package_V01/npjcm-free-energy-surrogate_Re3/Python_Codes/table/snapshots_split/beta-TiV_600K_snap00077.extxyz,beta-TiV,600,beta-TiV__600,0.0060596771606686,0.006563076986585678,0.0005033998259170776,0.0005033998259170776,1
/Users/yti0811/Desktop/FE_data/npj_CM01/NPJ_CM_Fig_Python/Public_Reproducibility_Package_V01/npjcm-free-energy-surrogate_Re3/Python_Codes/table/snapshots_split/beta-TiV_600K_snap00078.extxyz,beta-TiV,600,beta-TiV__600,0.0061688204954066,0.006803353154085077,0.0006345326586784774,0.0006345326586784774,1
/Users/yti0811/Desktop/FE_data/npj_CM01/NPJ_CM_Fig_Python/Public_Reproducibility_Package_V01/npjcm-free-energy-surrogate_Re3/Python_Codes/table/snapshots_split/beta-TiV_600K_snap00079.extxyz,beta-TiV,600,beta-TiV__600,0.0057084122526404,0.006322149465889727,0.0006137372132493267,0.0006137372132493267,1
/Users/yti0811/Desktop/FE_data/npj_CM01/NPJ_CM_Fig_Python/Public_Reproducibility_Package_V01/npjcm-free-energy-surrogate_Re3/Python_Codes/table/snapshots_split/beta-TiV_600K_snap00080.extxyz,beta-TiV,600,beta-TiV__600,0.0060794018519924,0.006541742302093561,0.00046234045010116066,0.00046234045010116066,1
/Users/yti0811/Desktop/FE_data/npj_CM01/NPJ_CM_Fig_Python/Public_Reproducibility_Package_V01/npjcm-free-energy-surrogate_Re3/Python_Codes/table/snapshots_split/beta-TiV_600K_snap00081.extxyz,beta-TiV,600,beta-TiV__600,0.0054942979152061,0.007360678759837136,0.001866380844631036,0.001866380844631036,1
/Users/yti0811/Desktop/FE_data/npj_CM01/NPJ_CM_Fig_Python/Public_Reproducibility_Package_V01/npjcm-free-energy-surrogate_Re3/Python_Codes/table/snapshots_split/beta-TiV_600K_snap00082.extxyz,beta-TiV,600,beta-TiV__600,0.0059141208045058,0.007394564394910384,0.0014804435904045843,0.0014804435904045843,1
/Users/yti0811/Desktop/FE_data/npj_CM01/NPJ_CM_Fig_Python/Public_Reproducibility_Package_V01/npjcm-free-energy-surrogate_Re3/Python_Codes/table/snapshots_split/beta-TiV_600K_snap00083.extxyz,beta-TiV,600,beta-TiV__600,0.006234694988038,0.005917266371777362,-0.0003174286162606378,0.0003174286162606378,1
/Users/yti0811/Desktop/FE_data/npj_CM01/NPJ_CM_Fig_Python/Public_Reproducibility_Package_V01/npjcm-free-energy-surrogate_Re3/Python_Codes/table/snapshots_split/beta-TiV_600K_snap00084.extxyz,beta-TiV,600,beta-TiV__600,0.0059524449050185,0.005854716046829987,-9.772885818851249e-05,9.772885818851249e-05,1
/Users/yti0811/Desktop/FE_data/npj_CM01/NPJ_CM_Fig_Python/Public_Reproducibility_Package_V01/npjcm-free-energy-surrogate_Re3/Python_Codes/table/snapshots_split/beta-TiV_600K_snap00085.extxyz,beta-TiV,600,beta-TiV__600,0.0057805867852069,0.005267454834205462,-0.0005131319510014382,0.0005131319510014382,1
/Users/yti0811/Desktop/FE_data/npj_CM01/NPJ_CM_Fig_Python/Public_Reproducibility_Package_V01/npjcm-free-energy-surrogate_Re3/Python_Codes/table/snapshots_split/beta-TiV_600K_snap00086.extxyz,beta-TiV,600,beta-TiV__600,0.0054548611086754,0.006682003054299476,0.0012271419456240757,0.0012271419456240757,1
/Users/yti0811/Desktop/FE_data/npj_CM01/NPJ_CM_Fig_Python/Public_Reproducibility_Package_V01/npjcm-free-energy-surrogate_Re3/Python_Codes/table/snapshots_split/beta-TiV_600K_snap00087.extxyz,beta-TiV,600,beta-TiV__600,0.0060369014457536,0.006800318191436421,0.0007634167456828213,0.0007634167456828213,1
/Users/yti0811/Desktop/FE_data/npj_CM01/NPJ_CM_Fig_Python/Public_Reproducibility_Package_V01/npjcm-free-energy-surrogate_Re3/Python_Codes/table/snapshots_split/beta-TiV_600K_snap00088.extxyz,beta-TiV,600,beta-TiV__600,0.0061854664678639,0.005334243325709724,-0.0008512231421541764,0.0008512231421541764,1
/Users/yti0811/Desktop/FE_data/npj_CM01/NPJ_CM_Fig_Python/Public_Reproducibility_Package_V01/npjcm-free-energy-surrogate_Re3/Python_Codes/table/snapshots_split/beta-TiV_600K_snap00089.extxyz,beta-TiV,600,beta-TiV__600,0.006199818240945,0.007546761411536373,0.0013469431705913724,0.0013469431705913724,1
/Users/yti0811/Desktop/FE_data/npj_CM01/NPJ_CM_Fig_Python/Public_Reproducibility_Package_V01/npjcm-free-energy-surrogate_Re3/Python_Codes/table/snapshots_split/beta-TiV_600K_snap00090.extxyz,beta-TiV,600,beta-TiV__600,0.0058726069311145,0.005492187535889436,-0.0003804193952250635,0.0003804193952250635,1
/Users/yti0811/Desktop/FE_data/npj_CM01/NPJ_CM_Fig_Python/Public_Reproducibility_Package_V01/npjcm-free-energy-surrogate_Re3/Python_Codes/table/snapshots_split/beta-TiV_600K_snap00091.extxyz,beta-TiV,600,beta-TiV__600,0.0061256757767608,0.006417060539187995,0.00029138476242719473,0.00029138476242719473,1
/Users/yti0811/Desktop/FE_data/npj_CM01/NPJ_CM_Fig_Python/Public_Reproducibility_Package_V01/npjcm-free-energy-surrogate_Re3/Python_Codes/table/snapshots_split/beta-TiV_600K_snap00092.extxyz,beta-TiV,600,beta-TiV__600,0.005577633060729,0.00768506394872569,0.0021074308879966896,0.0021074308879966896,1
/Users/yti0811/Desktop/FE_data/npj_CM01/NPJ_CM_Fig_Python/Public_Reproducibility_Package_V01/npjcm-free-energy-surrogate_Re3/Python_Codes/table/snapshots_split/beta-TiV_600K_snap00093.extxyz,beta-TiV,600,beta-TiV__600,0.0059201102788836,0.00613348070279239,0.0002133704239087892,0.0002133704239087892,1
/Users/yti0811/Desktop/FE_data/npj_CM01/NPJ_CM_Fig_Python/Public_Reproducibility_Package_V01/npjcm-free-energy-surrogate_Re3/Python_Codes/table/snapshots_split/beta-TiV_600K_snap00094.extxyz,beta-TiV,600,beta-TiV__600,0.0061731994091502,0.006609573427030115,0.0004363740178799152,0.0004363740178799152,1
/Users/yti0811/Desktop/FE_data/npj_CM01/NPJ_CM_Fig_Python/Public_Reproducibility_Package_V01/npjcm-free-energy-surrogate_Re3/Python_Codes/table/snapshots_split/beta-TiV_600K_snap00095.extxyz,beta-TiV,600,beta-TiV__600,0.0055362402463725,0.006175852798531065,0.0006396125521585649,0.0006396125521585649,1
/Users/yti0811/Desktop/FE_data/npj_CM01/NPJ_CM_Fig_Python/Public_Reproducibility_Package_V01/npjcm-free-energy-surrogate_Re3/Python_Codes/table/snapshots_split/beta-TiV_600K_snap00096.extxyz,beta-TiV,600,beta-TiV__600,0.0061352864328407,0.0048854986168889395,-0.0012497878159517606,0.0012497878159517606,1
/Users/yti0811/Desktop/FE_data/npj_CM01/NPJ_CM_Fig_Python/Public_Reproducibility_Package_V01/npjcm-free-energy-surrogate_Re3/Python_Codes/table/snapshots_split/beta-TiV_600K_snap00097.extxyz,beta-TiV,600,beta-TiV__600,0.0064161708292937,0.0069059474569875675,0.0004897766276938673,0.0004897766276938673,1
/Users/yti0811/Desktop/FE_data/npj_CM01/NPJ_CM_Fig_Python/Public_Reproducibility_Package_V01/npjcm-free-energy-surrogate_Re3/Python_Codes/table/snapshots_split/beta-TiV_600K_snap00098.extxyz,beta-TiV,600,beta-TiV__600,0.0057673715468588,0.005793048844646228,2.5677297787428388e-05,2.5677297787428388e-05,1
/Users/yti0811/Desktop/FE_data/npj_CM01/NPJ_CM_Fig_Python/Public_Reproducibility_Package_V01/npjcm-free-energy-surrogate_Re3/Python_Codes/table/snapshots_split/beta-TiV_600K_snap00099.extxyz,beta-TiV,600,beta-TiV__600,0.0060123741917134,0.00564545496265825,-0.0003669192290551501,0.0003669192290551501,1
/Users/yti0811/Desktop/FE_data/npj_CM01/NPJ_CM_Fig_Python/Public_Reproducibility_Package_V01/npjcm-free-energy-surrogate_Re3/Python_Codes/table/snapshots_split/beta-TiV_700K_snap00000.extxyz,beta-TiV,700,beta-TiV__700,0.0092277296810466,0.008003013283926108,-0.0012247163971204917,0.0012247163971204917,0
/Users/yti0811/Desktop/FE_data/npj_CM01/NPJ_CM_Fig_Python/Public_Reproducibility_Package_V01/npjcm-free-energy-surrogate_Re3/Python_Codes/table/snapshots_split/beta-TiV_700K_snap00001.extxyz,beta-TiV,700,beta-TiV__700,0.0088662951953264,0.008929236679914524,6.294148458812349e-05,6.294148458812349e-05,0
/Users/yti0811/Desktop/FE_data/npj_CM01/NPJ_CM_Fig_Python/Public_Reproducibility_Package_V01/npjcm-free-energy-surrogate_Re3/Python_Codes/table/snapshots_split/beta-TiV_700K_snap00002.extxyz,beta-TiV,700,beta-TiV__700,0.0091268858789564,0.006821684003750422,-0.0023052018752059786,0.0023052018752059786,0
/Users/yti0811/Desktop/FE_data/npj_CM01/NPJ_CM_Fig_Python/Public_Reproducibility_Package_V01/npjcm-free-energy-surrogate_Re3/Python_Codes/table/snapshots_split/beta-TiV_700K_snap00003.extxyz,beta-TiV,700,beta-TiV__700,0.0092207052690141,0.006499279784049335,-0.002721425484964765,0.002721425484964765,0
/Users/yti0811/Desktop/FE_data/npj_CM01/NPJ_CM_Fig_Python/Public_Reproducibility_Package_V01/npjcm-free-energy-surrogate_Re3/Python_Codes/table/snapshots_split/beta-TiV_700K_snap00004.extxyz,beta-TiV,700,beta-TiV__700,0.0095470946406737,0.0073423849067295235,-0.002204709733944177,0.002204709733944177,0
/Users/yti0811/Desktop/FE_data/npj_CM01/NPJ_CM_Fig_Python/Public_Reproducibility_Package_V01/npjcm-free-energy-surrogate_Re3/Python_Codes/table/snapshots_split/beta-TiV_700K_snap00005.extxyz,beta-TiV,700,beta-TiV__700,0.0091389020997579,0.007876004412573497,-0.0012628976871844038,0.0012628976871844038,0
/Users/yti0811/Desktop/FE_data/npj_CM01/NPJ_CM_Fig_Python/Public_Reproducibility_Package_V01/npjcm-free-energy-surrogate_Re3/Python_Codes/table/snapshots_split/beta-TiV_700K_snap00006.extxyz,beta-TiV,700,beta-TiV__700,0.0099846022908159,0.00660926265931676,-0.003375339631499139,0.003375339631499139,0
/Users/yti0811/Desktop/FE_data/npj_CM01/NPJ_CM_Fig_Python/Public_Reproducibility_Package_V01/npjcm-free-energy-surrogate_Re3/Python_Codes/table/snapshots_split/beta-TiV_700K_snap00007.extxyz,beta-TiV,700,beta-TiV__700,0.0088472697827104,0.006559876912005504,-0.0022873928707048954,0.0022873928707048954,0
/Users/yti0811/Desktop/FE_data/npj_CM01/NPJ_CM_Fig_Python/Public_Reproducibility_Package_V01/npjcm-free-energy-surrogate_Re3/Python_Codes/table/snapshots_split/beta-TiV_700K_snap00008.extxyz,beta-TiV,700,beta-TiV__700,0.0092207029591178,0.007284426880729332,-0.0019362760783884683,0.0019362760783884683,0
/Users/yti0811/Desktop/FE_data/npj_CM01/NPJ_CM_Fig_Python/Public_Reproducibility_Package_V01/npjcm-free-energy-surrogate_Re3/Python_Codes/table/snapshots_split/beta-TiV_700K_snap00009.extxyz,beta-TiV,700,beta-TiV__700,0.0094823710496119,0.006719463018974381,-0.0027629080306375182,0.0027629080306375182,0
/Users/yti0811/Desktop/FE_data/npj_CM01/NPJ_CM_Fig_Python/Public_Reproducibility_Package_V01/npjcm-free-energy-surrogate_Re3/Python_Codes/table/snapshots_split/beta-TiV_700K_snap00010.extxyz,beta-TiV,700,beta-TiV__700,0.0096008536660517,0.008100720151712135,-0.0015001335143395647,0.0015001335143395647,0
/Users/yti0811/Desktop/FE_data/npj_CM01/NPJ_CM_Fig_Python/Public_Reproducibility_Package_V01/npjcm-free-energy-surrogate_Re3/Python_Codes/table/snapshots_split/beta-TiV_700K_snap00011.extxyz,beta-TiV,700,beta-TiV__700,0.0092876061688225,0.007531961849427841,-0.001755644319394659,0.001755644319394659,0
/Users/yti0811/Desktop/FE_data/npj_CM01/NPJ_CM_Fig_Python/Public_Reproducibility_Package_V01/npjcm-free-energy-surrogate_Re3/Python_Codes/table/snapshots_split/beta-TiV_700K_snap00012.extxyz,beta-TiV,700,beta-TiV__700,0.0094250927745911,0.006374563431892,-0.0030505293426991006,0.0030505293426991006,0
/Users/yti0811/Desktop/FE_data/npj_CM01/NPJ_CM_Fig_Python/Public_Reproducibility_Package_V01/npjcm-free-energy-surrogate_Re3/Python_Codes/table/snapshots_split/beta-TiV_700K_snap00013.extxyz,beta-TiV,700,beta-TiV__700,0.0098098862034785,0.0064149103406565735,-0.0033949758628219265,0.0033949758628219265,0
/Users/yti0811/Desktop/FE_data/npj_CM01/NPJ_CM_Fig_Python/Public_Reproducibility_Package_V01/npjcm-free-energy-surrogate_Re3/Python_Codes/table/snapshots_split/beta-TiV_700K_snap00014.extxyz,beta-TiV,700,beta-TiV__700,0.0095724366940193,0.008033310924367619,-0.0015391257696516815,0.0015391257696516815,0
/Users/yti0811/Desktop/FE_data/npj_CM01/NPJ_CM_Fig_Python/Public_Reproducibility_Package_V01/npjcm-free-energy-surrogate_Re3/Python_Codes/table/snapshots_split/beta-TiV_700K_snap00015.extxyz,beta-TiV,700,beta-TiV__700,0.0092728889591129,0.007854929708004402,-0.0014179592511084985,0.0014179592511084985,0
/Users/yti0811/Desktop/FE_data/npj_CM01/NPJ_CM_Fig_Python/Public_Reproducibility_Package_V01/npjcm-free-energy-surrogate_Re3/Python_Codes/table/snapshots_split/beta-TiV_700K_snap00016.extxyz,beta-TiV,700,beta-TiV__700,0.0094878210976985,0.006283907869374598,-0.0032039132283239024,0.0032039132283239024,0
/Users/yti0811/Desktop/FE_data/npj_CM01/NPJ_CM_Fig_Python/Public_Reproducibility_Package_V01/npjcm-free-energy-surrogate_Re3/Python_Codes/table/snapshots_split/beta-TiV_700K_snap00017.extxyz,beta-TiV,700,beta-TiV__700,0.0088007913754942,0.007568406302783538,-0.001232385072710663,0.001232385072710663,0
/Users/yti0811/Desktop/FE_data/npj_CM01/NPJ_CM_Fig_Python/Public_Reproducibility_Package_V01/npjcm-free-energy-surrogate_Re3/Python_Codes/table/snapshots_split/beta-TiV_700K_snap00018.extxyz,beta-TiV,700,beta-TiV__700,0.009568198477256,0.006500021800693436,-0.0030681766765625644,0.0030681766765625644,0
/Users/yti0811/Desktop/FE_data/npj_CM01/NPJ_CM_Fig_Python/Public_Reproducibility_Package_V01/npjcm-free-energy-surrogate_Re3/Python_Codes/table/snapshots_split/beta-TiV_700K_snap00019.extxyz,beta-TiV,700,beta-TiV__700,0.0089031073461545,0.0067473108967438635,-0.002155796449410636,0.002155796449410636,0
/Users/yti0811/Desktop/FE_data/npj_CM01/NPJ_CM_Fig_Python/Public_Reproducibility_Package_V01/npjcm-free-energy-surrogate_Re3/Python_Codes/table/snapshots_split/beta-TiV_700K_snap00020.extxyz,beta-TiV,700,beta-TiV__700,0.0092741993357619,0.006137634605839869,-0.0031365647299220305,0.0031365647299220305,0
/Users/yti0811/Desktop/FE_data/npj_CM01/NPJ_CM_Fig_Python/Public_Reproducibility_Package_V01/npjcm-free-energy-surrogate_Re3/Python_Codes/table/snapshots_split/beta-TiV_700K_snap00021.extxyz,beta-TiV,700,beta-TiV__700,0.009896233104824,0.007362619405212217,-0.0025336136996117822,0.0025336136996117822,0
/Users/yti0811/Desktop/FE_data/npj_CM01/NPJ_CM_Fig_Python/Public_Reproducibility_Package_V01/npjcm-free-energy-surrogate_Re3/Python_Codes/table/snapshots_split/beta-TiV_700K_snap00022.extxyz,beta-TiV,700,beta-TiV__700,0.0090623869979451,0.008016756139575112,-0.0010456308583699885,0.0010456308583699885,0
/Users/yti0811/Desktop/FE_data/npj_CM01/NPJ_CM_Fig_Python/Public_Reproducibility_Package_V01/npjcm-free-energy-surrogate_Re3/Python_Codes/table/snapshots_split/beta-TiV_700K_snap00023.extxyz,beta-TiV,700,beta-TiV__700,0.0093024753165036,0.007484004539031423,-0.0018184707774721778,0.0018184707774721778,0
/Users/yti0811/Desktop/FE_data/npj_CM01/NPJ_CM_Fig_Python/Public_Reproducibility_Package_V01/npjcm-free-energy-surrogate_Re3/Python_Codes/table/snapshots_split/beta-TiV_700K_snap00024.extxyz,beta-TiV,700,beta-TiV__700,0.0088151450364793,0.00759170927771655,-0.0012234357587627507,0.0012234357587627507,0
/Users/yti0811/Desktop/FE_data/npj_CM01/NPJ_CM_Fig_Python/Public_Reproducibility_Package_V01/npjcm-free-energy-surrogate_Re3/Python_Codes/table/snapshots_split/beta-TiV_700K_snap00025.extxyz,beta-TiV,700,beta-TiV__700,0.0092554170031092,0.0062759904380423545,-0.002979426565066846,0.002979426565066846,0
/Users/yti0811/Desktop/FE_data/npj_CM01/NPJ_CM_Fig_Python/Public_Reproducibility_Package_V01/npjcm-free-energy-surrogate_Re3/Python_Codes/table/snapshots_split/beta-TiV_700K_snap00026.extxyz,beta-TiV,700,beta-TiV__700,0.0095931414249046,0.0076203493433794015,-0.001972792081525199,0.001972792081525199,0
/Users/yti0811/Desktop/FE_data/npj_CM01/NPJ_CM_Fig_Python/Public_Reproducibility_Package_V01/npjcm-free-energy-surrogate_Re3/Python_Codes/table/snapshots_split/beta-TiV_700K_snap00027.extxyz,beta-TiV,700,beta-TiV__700,0.0091740972582352,0.006784574217703848,-0.002389523040531352,0.002389523040531352,0
/Users/yti0811/Desktop/FE_data/npj_CM01/NPJ_CM_Fig_Python/Public_Reproducibility_Package_V01/npjcm-free-energy-surrogate_Re3/Python_Codes/table/snapshots_split/beta-TiV_700K_snap00028.extxyz,beta-TiV,700,beta-TiV__700,0.0088638951665996,0.0065245888853530404,-0.00233930628124656,0.00233930628124656,0
/Users/yti0811/Desktop/FE_data/npj_CM01/NPJ_CM_Fig_Python/Public_Reproducibility_Package_V01/npjcm-free-energy-surrogate_Re3/Python_Codes/table/snapshots_split/beta-TiV_700K_snap00029.extxyz,beta-TiV,700,beta-TiV__700,0.0091123591340827,0.0069236332624018435,-0.0021887258716808567,0.0021887258716808567,0
/Users/yti0811/Desktop/FE_data/npj_CM01/NPJ_CM_Fig_Python/Public_Reproducibility_Package_V01/npjcm-free-energy-surrogate_Re3/Python_Codes/table/snapshots_split/beta-TiV_700K_snap00030.extxyz,beta-TiV,700,beta-TiV__700,0.0089087882038348,0.0071905576896806375,-0.001718230514154163,0.001718230514154163,0
/Users/yti0811/Desktop/FE_data/npj_CM01/NPJ_CM_Fig_Python/Public_Reproducibility_Package_V01/npjcm-free-energy-surrogate_Re3/Python_Codes/table/snapshots_split/beta-TiV_700K_snap00031.extxyz,beta-TiV,700,beta-TiV__700,0.008900467667605,0.008473321528132913,-0.00042714613947208643,0.00042714613947208643,0
/Users/yti0811/Desktop/FE_data/npj_CM01/NPJ_CM_Fig_Python/Public_Reproducibility_Package_V01/npjcm-free-energy-surrogate_Re3/Python_Codes/table/snapshots_split/beta-TiV_700K_snap00032.extxyz,beta-TiV,700,beta-TiV__700,0.0093021619860247,0.006990204261473757,-0.0023119577245509426,0.0023119577245509426,0
/Users/yti0811/Desktop/FE_data/npj_CM01/NPJ_CM_Fig_Python/Public_Reproducibility_Package_V01/npjcm-free-energy-surrogate_Re3/Python_Codes/table/snapshots_split/beta-TiV_700K_snap00033.extxyz,beta-TiV,700,beta-TiV__700,0.0091419694213581,0.006830729732289586,-0.002311239689068513,0.002311239689068513,0
/Users/yti0811/Desktop/FE_data/npj_CM01/NPJ_CM_Fig_Python/Public_Reproducibility_Package_V01/npjcm-free-energy-surrogate_Re3/Python_Codes/table/snapshots_split/beta-TiV_700K_snap00034.extxyz,beta-TiV,700,beta-TiV__700,0.0089973698679044,0.006892103534991748,-0.002105266332912651,0.002105266332912651,0
/Users/yti0811/Desktop/FE_data/npj_CM01/NPJ_CM_Fig_Python/Public_Reproducibility_Package_V01/npjcm-free-energy-surrogate_Re3/Python_Codes/table/snapshots_split/beta-TiV_700K_snap00035.extxyz,beta-TiV,700,beta-TiV__700,0.0094895682627938,0.006914164075003647,-0.0025754041877901522,0.0025754041877901522,0
/Users/yti0811/Desktop/FE_data/npj_CM01/NPJ_CM_Fig_Python/Public_Reproducibility_Package_V01/npjcm-free-energy-surrogate_Re3/Python_Codes/table/snapshots_split/beta-TiV_700K_snap00036.extxyz,beta-TiV,700,beta-TiV__700,0.0094932714311444,0.008163778182101492,-0.0013294932490429089,0.0013294932490429089,0
/Users/yti0811/Desktop/FE_data/npj_CM01/NPJ_CM_Fig_Python/Public_Reproducibility_Package_V01/npjcm-free-energy-surrogate_Re3/Python_Codes/table/snapshots_split/beta-TiV_700K_snap00037.extxyz,beta-TiV,700,beta-TiV__700,0.0093095956739628,0.00763433135339589,-0.001675264320566909,0.001675264320566909,0
/Users/yti0811/Desktop/FE_data/npj_CM01/NPJ_CM_Fig_Python/Public_Reproducibility_Package_V01/npjcm-free-energy-surrogate_Re3/Python_Codes/table/snapshots_split/beta-TiV_700K_snap00038.extxyz,beta-TiV,700,beta-TiV__700,0.0093793199930003,0.008134537888678633,-0.0012447821043216675,0.0012447821043216675,0
/Users/yti0811/Desktop/FE_data/npj_CM01/NPJ_CM_Fig_Python/Public_Reproducibility_Package_V01/npjcm-free-energy-surrogate_Re3/Python_Codes/table/snapshots_split/beta-TiV_700K_snap00039.extxyz,beta-TiV,700,beta-TiV__700,0.009747012241686,0.005537975690387505,-0.004209036551298496,0.004209036551298496,0
/Users/yti0811/Desktop/FE_data/npj_CM01/NPJ_CM_Fig_Python/Public_Reproducibility_Package_V01/npjcm-free-energy-surrogate_Re3/Python_Codes/table/snapshots_split/beta-TiV_700K_snap00040.extxyz,beta-TiV,700,beta-TiV__700,0.0095188446027177,0.007317040596523085,-0.002201804006194616,0.002201804006194616,0
/Users/yti0811/Desktop/FE_data/npj_CM01/NPJ_CM_Fig_Python/Public_Reproducibility_Package_V01/npjcm-free-energy-surrogate_Re3/Python_Codes/table/snapshots_split/beta-TiV_700K_snap00041.extxyz,beta-TiV,700,beta-TiV__700,0.0095164521248476,0.00791203943264869,-0.0016044126921989088,0.0016044126921989088,0
/Users/yti0811/Desktop/FE_data/npj_CM01/NPJ_CM_Fig_Python/Public_Reproducibility_Package_V01/npjcm-free-energy-surrogate_Re3/Python_Codes/table/snapshots_split/beta-TiV_700K_snap00042.extxyz,beta-TiV,700,beta-TiV__700,0.0091259787964974,0.006640032839869822,-0.0024859459566275773,0.0024859459566275773,0
/Users/yti0811/Desktop/FE_data/npj_CM01/NPJ_CM_Fig_Python/Public_Reproducibility_Package_V01/npjcm-free-energy-surrogate_Re3/Python_Codes/table/snapshots_split/beta-TiV_700K_snap00043.extxyz,beta-TiV,700,beta-TiV__700,0.0092303560101172,0.00543237814981847,-0.003797977860298731,0.003797977860298731,0
/Users/yti0811/Desktop/FE_data/npj_CM01/NPJ_CM_Fig_Python/Public_Reproducibility_Package_V01/npjcm-free-energy-surrogate_Re3/Python_Codes/table/snapshots_split/beta-TiV_700K_snap00044.extxyz,beta-TiV,700,beta-TiV__700,0.0088811423387274,0.00783217690022942,-0.00104896543849798,0.00104896543849798,0
/Users/yti0811/Desktop/FE_data/npj_CM01/NPJ_CM_Fig_Python/Public_Reproducibility_Package_V01/npjcm-free-energy-surrogate_Re3/Python_Codes/table/snapshots_split/beta-TiV_700K_snap00045.extxyz,beta-TiV,700,beta-TiV__700,0.0093587301672813,0.007507029060870795,-0.0018517011064105061,0.0018517011064105061,0
/Users/yti0811/Desktop/FE_data/npj_CM01/NPJ_CM_Fig_Python/Public_Reproducibility_Package_V01/npjcm-free-energy-surrogate_Re3/Python_Codes/table/snapshots_split/beta-TiV_700K_snap00046.extxyz,beta-TiV,700,beta-TiV__700,0.0092024068963765,0.008144220219651775,-0.0010581866767247258,0.0010581866767247258,0
/Users/yti0811/Desktop/FE_data/npj_CM01/NPJ_CM_Fig_Python/Public_Reproducibility_Package_V01/npjcm-free-energy-surrogate_Re3/Python_Codes/table/snapshots_split/beta-TiV_700K_snap00047.extxyz,beta-TiV,700,beta-TiV__700,0.009613265364002,0.0061132248775550655,-0.0035000404864469342,0.0035000404864469342,0
/Users/yti0811/Desktop/FE_data/npj_CM01/NPJ_CM_Fig_Python/Public_Reproducibility_Package_V01/npjcm-free-energy-surrogate_Re3/Python_Codes/table/snapshots_split/beta-TiV_700K_snap00048.extxyz,beta-TiV,700,beta-TiV__700,0.0095384163454881,0.007861511591324956,-0.0016769047541631433,0.0016769047541631433,0
/Users/yti0811/Desktop/FE_data/npj_CM01/NPJ_CM_Fig_Python/Public_Reproducibility_Package_V01/npjcm-free-energy-surrogate_Re3/Python_Codes/table/snapshots_split/beta-TiV_700K_snap00049.extxyz,beta-TiV,700,beta-TiV__700,0.0089214570226723,0.005975451474934514,-0.0029460055477377864,0.0029460055477377864,0
/Users/yti0811/Desktop/FE_data/npj_CM01/NPJ_CM_Fig_Python/Public_Reproducibility_Package_V01/npjcm-free-energy-surrogate_Re3/Python_Codes/table/snapshots_split/beta-TiV_700K_snap00050.extxyz,beta-TiV,700,beta-TiV__700,0.0092272610943536,0.006522099584963775,-0.002705161509389825,0.002705161509389825,0
/Users/yti0811/Desktop/FE_data/npj_CM01/NPJ_CM_Fig_Python/Public_Reproducibility_Package_V01/npjcm-free-energy-surrogate_Re3/Python_Codes/table/snapshots_split/beta-TiV_700K_snap00051.extxyz,beta-TiV,700,beta-TiV__700,0.009309513066148,0.007330207730084366,-0.001979305336063634,0.001979305336063634,0
/Users/yti0811/Desktop/FE_data/npj_CM01/NPJ_CM_Fig_Python/Public_Reproducibility_Package_V01/npjcm-free-energy-surrogate_Re3/Python_Codes/table/snapshots_split/beta-TiV_700K_snap00052.extxyz,beta-TiV,700,beta-TiV__700,0.0088609649484124,0.008594475910387292,-0.00026648903802510733,0.00026648903802510733,0
/Users/yti0811/Desktop/FE_data/npj_CM01/NPJ_CM_Fig_Python/Public_Reproducibility_Package_V01/npjcm-free-energy-surrogate_Re3/Python_Codes/table/snapshots_split/beta-TiV_700K_snap00053.extxyz,beta-TiV,700,beta-TiV__700,0.0087035756764797,0.0060961075790084175,-0.0026074680974712827,0.0026074680974712827,0
/Users/yti0811/Desktop/FE_data/npj_CM01/NPJ_CM_Fig_Python/Public_Reproducibility_Package_V01/npjcm-free-energy-surrogate_Re3/Python_Codes/table/snapshots_split/beta-TiV_700K_snap00054.extxyz,beta-TiV,700,beta-TiV__700,0.0095029529740336,0.006813395156101785,-0.0026895578179318156,0.0026895578179318156,0
/Users/yti0811/Desktop/FE_data/npj_CM01/NPJ_CM_Fig_Python/Public_Reproducibility_Package_V01/npjcm-free-energy-surrogate_Re3/Python_Codes/table/snapshots_split/beta-TiV_700K_snap00055.extxyz,beta-TiV,700,beta-TiV__700,0.00964717752382,0.008153208285694685,-0.0014939692381253141,0.0014939692381253141,0
/Users/yti0811/Desktop/FE_data/npj_CM01/NPJ_CM_Fig_Python/Public_Reproducibility_Package_V01/npjcm-free-energy-surrogate_Re3/Python_Codes/table/snapshots_split/beta-TiV_700K_snap00056.extxyz,beta-TiV,700,beta-TiV__700,0.0087850737896107,0.007136685531525565,-0.0016483882580851355,0.0016483882580851355,0
/Users/yti0811/Desktop/FE_data/npj_CM01/NPJ_CM_Fig_Python/Public_Reproducibility_Package_V01/npjcm-free-energy-surrogate_Re3/Python_Codes/table/snapshots_split/beta-TiV_700K_snap00057.extxyz,beta-TiV,700,beta-TiV__700,0.009253087508329,0.006893824855838612,-0.002359262652490389,0.002359262652490389,0
/Users/yti0811/Desktop/FE_data/npj_CM01/NPJ_CM_Fig_Python/Public_Reproducibility_Package_V01/npjcm-free-energy-surrogate_Re3/Python_Codes/table/snapshots_split/beta-TiV_700K_snap00058.extxyz,beta-TiV,700,beta-TiV__700,0.0090269248122212,0.006323135138753022,-0.0027037896734681786,0.0027037896734681786,0
/Users/yti0811/Desktop/FE_data/npj_CM01/NPJ_CM_Fig_Python/Public_Reproducibility_Package_V01/npjcm-free-energy-surrogate_Re3/Python_Codes/table/snapshots_split/beta-TiV_700K_snap00059.extxyz,beta-TiV,700,beta-TiV__700,0.0096940264163738,0.008806017574292242,-0.0008880088420815582,0.0008880088420815582,0
/Users/yti0811/Desktop/FE_data/npj_CM01/NPJ_CM_Fig_Python/Public_Reproducibility_Package_V01/npjcm-free-energy-surrogate_Re3/Python_Codes/table/snapshots_split/beta-TiV_700K_snap00060.extxyz,beta-TiV,700,beta-TiV__700,0.0092631777647176,0.007035955789927107,-0.002227221974790492,0.002227221974790492,0
/Users/yti0811/Desktop/FE_data/npj_CM01/NPJ_CM_Fig_Python/Public_Reproducibility_Package_V01/npjcm-free-energy-surrogate_Re3/Python_Codes/table/snapshots_split/beta-TiV_700K_snap00061.extxyz,beta-TiV,700,beta-TiV__700,0.0089967725949675,0.006990633455191048,-0.002006139139776453,0.002006139139776453,0
/Users/yti0811/Desktop/FE_data/npj_CM01/NPJ_CM_Fig_Python/Public_Reproducibility_Package_V01/npjcm-free-energy-surrogate_Re3/Python_Codes/table/snapshots_split/beta-TiV_700K_snap00062.extxyz,beta-TiV,700,beta-TiV__700,0.0095399066189048,0.006292978259600593,-0.0032469283593042067,0.0032469283593042067,0
/Users/yti0811/Desktop/FE_data/npj_CM01/NPJ_CM_Fig_Python/Public_Reproducibility_Package_V01/npjcm-free-energy-surrogate_Re3/Python_Codes/table/snapshots_split/beta-TiV_700K_snap00063.extxyz,beta-TiV,700,beta-TiV__700,0.0095049806320653,0.007097133486765668,-0.002407847145299633,0.002407847145299633,0
/Users/yti0811/Desktop/FE_data/npj_CM01/NPJ_CM_Fig_Python/Public_Reproducibility_Package_V01/npjcm-free-energy-surrogate_Re3/Python_Codes/table/snapshots_split/beta-TiV_700K_snap00064.extxyz,beta-TiV,700,beta-TiV__700,0.0091207567935056,0.007859249206467479,-0.0012615075870381215,0.0012615075870381215,0
/Users/yti0811/Desktop/FE_data/npj_CM01/NPJ_CM_Fig_Python/Public_Reproducibility_Package_V01/npjcm-free-energy-surrogate_Re3/Python_Codes/table/snapshots_split/beta-TiV_700K_snap00065.extxyz,beta-TiV,700,beta-TiV__700,0.0088342455373163,0.008517962382815356,-0.0003162831545009438,0.0003162831545009438,0
/Users/yti0811/Desktop/FE_data/npj_CM01/NPJ_CM_Fig_Python/Public_Reproducibility_Package_V01/npjcm-free-energy-surrogate_Re3/Python_Codes/table/snapshots_split/beta-TiV_700K_snap00066.extxyz,beta-TiV,700,beta-TiV__700,0.0089462772934887,0.007428992087494231,-0.0015172852059944682,0.0015172852059944682,0
/Users/yti0811/Desktop/FE_data/npj_CM01/NPJ_CM_Fig_Python/Public_Reproducibility_Package_V01/npjcm-free-energy-surrogate_Re3/Python_Codes/table/snapshots_split/beta-TiV_700K_snap00067.extxyz,beta-TiV,700,beta-TiV__700,0.0089226950435874,0.007465534416127587,-0.001457160627459814,0.001457160627459814,0
/Users/yti0811/Desktop/FE_data/npj_CM01/NPJ_CM_Fig_Python/Public_Reproducibility_Package_V01/npjcm-free-energy-surrogate_Re3/Python_Codes/table/snapshots_split/beta-TiV_700K_snap00068.extxyz,beta-TiV,700,beta-TiV__700,0.0093682232777239,0.00810467711648213,-0.001263546161241769,0.001263546161241769,0
/Users/yti0811/Desktop/FE_data/npj_CM01/NPJ_CM_Fig_Python/Public_Reproducibility_Package_V01/npjcm-free-energy-surrogate_Re3/Python_Codes/table/snapshots_split/beta-TiV_700K_snap00069.extxyz,beta-TiV,700,beta-TiV__700,0.0090797824903659,0.006818617151669589,-0.0022611653386963113,0.0022611653386963113,0
/Users/yti0811/Desktop/FE_data/npj_CM01/NPJ_CM_Fig_Python/Public_Reproducibility_Package_V01/npjcm-free-energy-surrogate_Re3/Python_Codes/table/snapshots_split/beta-TiV_700K_snap00070.extxyz,beta-TiV,700,beta-TiV__700,0.0094391226954864,0.007932877698462695,-0.0015062449970237052,0.0015062449970237052,0
/Users/yti0811/Desktop/FE_data/npj_CM01/NPJ_CM_Fig_Python/Public_Reproducibility_Package_V01/npjcm-free-energy-surrogate_Re3/Python_Codes/table/snapshots_split/beta-TiV_700K_snap00071.extxyz,beta-TiV,700,beta-TiV__700,0.0090935200869861,0.007762390646223241,-0.0013311294407628588,0.0013311294407628588,0
/Users/yti0811/Desktop/FE_data/npj_CM01/NPJ_CM_Fig_Python/Public_Reproducibility_Package_V01/npjcm-free-energy-surrogate_Re3/Python_Codes/table/snapshots_split/beta-TiV_700K_snap00072.extxyz,beta-TiV,700,beta-TiV__700,0.0091624205458622,0.00730661361955927,-0.00185580692630293,0.00185580692630293,0
/Users/yti0811/Desktop/FE_data/npj_CM01/NPJ_CM_Fig_Python/Public_Reproducibility_Package_V01/npjcm-free-energy-surrogate_Re3/Python_Codes/table/snapshots_split/beta-TiV_700K_snap00073.extxyz,beta-TiV,700,beta-TiV__700,0.0090441496523452,0.005862991161566236,-0.0031811584907789642,0.0031811584907789642,0
/Users/yti0811/Desktop/FE_data/npj_CM01/NPJ_CM_Fig_Python/Public_Reproducibility_Package_V01/npjcm-free-energy-surrogate_Re3/Python_Codes/table/snapshots_split/beta-TiV_700K_snap00074.extxyz,beta-TiV,700,beta-TiV__700,0.0095134310887623,0.007577753105550542,-0.0019356779832117588,0.0019356779832117588,0
/Users/yti0811/Desktop/FE_data/npj_CM01/NPJ_CM_Fig_Python/Public_Reproducibility_Package_V01/npjcm-free-energy-surrogate_Re3/Python_Codes/table/snapshots_split/beta-TiV_700K_snap00075.extxyz,beta-TiV,700,beta-TiV__700,0.0089542816848411,0.007579242274095534,-0.0013750394107455658,0.0013750394107455658,0
/Users/yti0811/Desktop/FE_data/npj_CM01/NPJ_CM_Fig_Python/Public_Reproducibility_Package_V01/npjcm-free-energy-surrogate_Re3/Python_Codes/table/snapshots_split/beta-TiV_700K_snap00076.extxyz,beta-TiV,700,beta-TiV__700,0.0093819866382099,0.005770293617465045,-0.0036116930207448546,0.0036116930207448546,0
/Users/yti0811/Desktop/FE_data/npj_CM01/NPJ_CM_Fig_Python/Public_Reproducibility_Package_V01/npjcm-free-energy-surrogate_Re3/Python_Codes/table/snapshots_split/beta-TiV_700K_snap00077.extxyz,beta-TiV,700,beta-TiV__700,0.009206890465433,0.007469918252000562,-0.0017369722134324382,0.0017369722134324382,0
/Users/yti0811/Desktop/FE_data/npj_CM01/NPJ_CM_Fig_Python/Public_Reproducibility_Package_V01/npjcm-free-energy-surrogate_Re3/Python_Codes/table/snapshots_split/beta-TiV_700K_snap00078.extxyz,beta-TiV,700,beta-TiV__700,0.0094985677459738,0.007638204747737753,-0.0018603629982360467,0.0018603629982360467,0
/Users/yti0811/Desktop/FE_data/npj_CM01/NPJ_CM_Fig_Python/Public_Reproducibility_Package_V01/npjcm-free-energy-surrogate_Re3/Python_Codes/table/snapshots_split/beta-TiV_700K_snap00079.extxyz,beta-TiV,700,beta-TiV__700,0.0095246030746872,0.0075906538239420805,-0.0019339492507451199,0.0019339492507451199,0
/Users/yti0811/Desktop/FE_data/npj_CM01/NPJ_CM_Fig_Python/Public_Reproducibility_Package_V01/npjcm-free-energy-surrogate_Re3/Python_Codes/table/snapshots_split/beta-TiV_700K_snap00080.extxyz,beta-TiV,700,beta-TiV__700,0.0086884726382899,0.007417452936344731,-0.0012710197019451686,0.0012710197019451686,0
/Users/yti0811/Desktop/FE_data/npj_CM01/NPJ_CM_Fig_Python/Public_Reproducibility_Package_V01/npjcm-free-energy-surrogate_Re3/Python_Codes/table/snapshots_split/beta-TiV_700K_snap00081.extxyz,beta-TiV,700,beta-TiV__700,0.0087771377156713,0.0061351944605092775,-0.0026419432551620234,0.0026419432551620234,0
/Users/yti0811/Desktop/FE_data/npj_CM01/NPJ_CM_Fig_Python/Public_Reproducibility_Package_V01/npjcm-free-energy-surrogate_Re3/Python_Codes/table/snapshots_split/beta-TiV_700K_snap00082.extxyz,beta-TiV,700,beta-TiV__700,0.0096548606116553,0.006515530029178567,-0.0031393305824767336,0.0031393305824767336,0
/Users/yti0811/Desktop/FE_data/npj_CM01/NPJ_CM_Fig_Python/Public_Reproducibility_Package_V01/npjcm-free-energy-surrogate_Re3/Python_Codes/table/snapshots_split/beta-TiV_700K_snap00083.extxyz,beta-TiV,700,beta-TiV__700,0.0087633152621518,0.007269034424453279,-0.0014942808376985205,0.0014942808376985205,0
/Users/yti0811/Desktop/FE_data/npj_CM01/NPJ_CM_Fig_Python/Public_Reproducibility_Package_V01/npjcm-free-energy-surrogate_Re3/Python_Codes/table/snapshots_split/beta-TiV_700K_snap00084.extxyz,beta-TiV,700,beta-TiV__700,0.0092344881758495,0.007288186351434403,-0.001946301824415098,0.001946301824415098,0
/Users/yti0811/Desktop/FE_data/npj_CM01/NPJ_CM_Fig_Python/Public_Reproducibility_Package_V01/npjcm-free-energy-surrogate_Re3/Python_Codes/table/snapshots_split/beta-TiV_700K_snap00085.extxyz,beta-TiV,700,beta-TiV__700,0.0091751269802318,0.007479711691859634,-0.0016954152883721669,0.0016954152883721669,0
/Users/yti0811/Desktop/FE_data/npj_CM01/NPJ_CM_Fig_Python/Public_Reproducibility_Package_V01/npjcm-free-energy-surrogate_Re3/Python_Codes/table/snapshots_split/beta-TiV_700K_snap00086.extxyz,beta-TiV,700,beta-TiV__700,0.0089855879182725,0.007546355045543483,-0.0014392328727290161,0.0014392328727290161,0
/Users/yti0811/Desktop/FE_data/npj_CM01/NPJ_CM_Fig_Python/Public_Reproducibility_Package_V01/npjcm-free-energy-surrogate_Re3/Python_Codes/table/snapshots_split/beta-TiV_700K_snap00087.extxyz,beta-TiV,700,beta-TiV__700,0.0096183126765157,0.008335620260336338,-0.001282692416179362,0.001282692416179362,0
/Users/yti0811/Desktop/FE_data/npj_CM01/NPJ_CM_Fig_Python/Public_Reproducibility_Package_V01/npjcm-free-energy-surrogate_Re3/Python_Codes/table/snapshots_split/beta-TiV_700K_snap00088.extxyz,beta-TiV,700,beta-TiV__700,0.0094828191416314,0.008635532505838484,-0.0008472866357929158,0.0008472866357929158,0
/Users/yti0811/Desktop/FE_data/npj_CM01/NPJ_CM_Fig_Python/Public_Reproducibility_Package_V01/npjcm-free-energy-surrogate_Re3/Python_Codes/table/snapshots_split/beta-TiV_700K_snap00089.extxyz,beta-TiV,700,beta-TiV__700,0.0092578239647205,0.0076795890283444974,-0.0015782349363760023,0.0015782349363760023,0
/Users/yti0811/Desktop/FE_data/npj_CM01/NPJ_CM_Fig_Python/Public_Reproducibility_Package_V01/npjcm-free-energy-surrogate_Re3/Python_Codes/table/snapshots_split/beta-TiV_700K_snap00090.extxyz,beta-TiV,700,beta-TiV__700,0.0087972175325837,0.008507277644724053,-0.0002899398878596481,0.0002899398878596481,0
/Users/yti0811/Desktop/FE_data/npj_CM01/NPJ_CM_Fig_Python/Public_Reproducibility_Package_V01/npjcm-free-energy-surrogate_Re3/Python_Codes/table/snapshots_split/beta-TiV_700K_snap00091.extxyz,beta-TiV,700,beta-TiV__700,0.0084315228085929,0.006121092834530842,-0.0023104299740620577,0.0023104299740620577,0
/Users/yti0811/Desktop/FE_data/npj_CM01/NPJ_CM_Fig_Python/Public_Reproducibility_Package_V01/npjcm-free-energy-surrogate_Re3/Python_Codes/table/snapshots_split/beta-TiV_700K_snap00092.extxyz,beta-TiV,700,beta-TiV__700,0.0091885733878139,0.006639658669812023,-0.002548914718001876,0.002548914718001876,0
/Users/yti0811/Desktop/FE_data/npj_CM01/NPJ_CM_Fig_Python/Public_Reproducibility_Package_V01/npjcm-free-energy-surrogate_Re3/Python_Codes/table/snapshots_split/beta-TiV_700K_snap00093.extxyz,beta-TiV,700,beta-TiV__700,0.0088132731234263,0.00818742756638671,-0.0006258455570395897,0.0006258455570395897,0
/Users/yti0811/Desktop/FE_data/npj_CM01/NPJ_CM_Fig_Python/Public_Reproducibility_Package_V01/npjcm-free-energy-surrogate_Re3/Python_Codes/table/snapshots_split/beta-TiV_700K_snap00094.extxyz,beta-TiV,700,beta-TiV__700,0.0087521671192141,0.007165414081322425,-0.0015867530378916757,0.0015867530378916757,0
/Users/yti0811/Desktop/FE_data/npj_CM01/NPJ_CM_Fig_Python/Public_Reproducibility_Package_V01/npjcm-free-energy-surrogate_Re3/Python_Codes/table/snapshots_split/beta-TiV_700K_snap00095.extxyz,beta-TiV,700,beta-TiV__700,0.0090958422578444,0.006832539815402035,-0.002263302442442365,0.002263302442442365,0
/Users/yti0811/Desktop/FE_data/npj_CM01/NPJ_CM_Fig_Python/Public_Reproducibility_Package_V01/npjcm-free-energy-surrogate_Re3/Python_Codes/table/snapshots_split/beta-TiV_700K_snap00096.extxyz,beta-TiV,700,beta-TiV__700,0.0094507004238171,0.008727078785558272,-0.0007236216382588284,0.0007236216382588284,0
/Users/yti0811/Desktop/FE_data/npj_CM01/NPJ_CM_Fig_Python/Public_Reproducibility_Package_V01/npjcm-free-energy-surrogate_Re3/Python_Codes/table/snapshots_split/beta-TiV_700K_snap00097.extxyz,beta-TiV,700,beta-TiV__700,0.0088499645192777,0.007167187562724131,-0.0016827769565535694,0.0016827769565535694,0
/Users/yti0811/Desktop/FE_data/npj_CM01/NPJ_CM_Fig_Python/Public_Reproducibility_Package_V01/npjcm-free-energy-surrogate_Re3/Python_Codes/table/snapshots_split/beta-TiV_700K_snap00098.extxyz,beta-TiV,700,beta-TiV__700,0.0094790358793448,0.007796814367626866,-0.0016822215117179348,0.0016822215117179348,0
/Users/yti0811/Desktop/FE_data/npj_CM01/NPJ_CM_Fig_Python/Public_Reproducibility_Package_V01/npjcm-free-energy-surrogate_Re3/Python_Codes/table/snapshots_split/beta-TiV_700K_snap00099.extxyz,beta-TiV,700,beta-TiV__700,0.009076503036596,0.007559505141894589,-0.001516997894701411,0.001516997894701411,0
/Users/yti0811/Desktop/FE_data/npj_CM01/NPJ_CM_Fig_Python/Public_Reproducibility_Package_V01/npjcm-free-energy-surrogate_Re3/Python_Codes/table/snapshots_split/Ti64_300K_snap00000.extxyz,Ti64,300,Ti64__300,5.212836613365078e-05,-0.0009667153226740249,-0.0010188436888076758,0.0010188436888076758,2
/Users/yti0811/Desktop/FE_data/npj_CM01/NPJ_CM_Fig_Python/Public_Reproducibility_Package_V01/npjcm-free-energy-surrogate_Re3/Python_Codes/table/snapshots_split/Ti64_300K_snap00001.extxyz,Ti64,300,Ti64__300,7.951094878265159e-06,-0.0005940229651999535,-0.0006019740600782187,0.0006019740600782187,2
/Users/yti0811/Desktop/FE_data/npj_CM01/NPJ_CM_Fig_Python/Public_Reproducibility_Package_V01/npjcm-free-energy-surrogate_Re3/Python_Codes/table/snapshots_split/Ti64_300K_snap00002.extxyz,Ti64,300,Ti64__300,0.0001991579077162,-0.0016407663444453122,-0.0018399242521615123,0.0018399242521615123,2
/Users/yti0811/Desktop/FE_data/npj_CM01/NPJ_CM_Fig_Python/Public_Reproducibility_Package_V01/npjcm-free-energy-surrogate_Re3/Python_Codes/table/snapshots_split/Ti64_300K_snap00003.extxyz,Ti64,300,Ti64__300,-0.0001231262965524,0.00026748247527874544,0.0003906087718311454,0.0003906087718311454,2
/Users/yti0811/Desktop/FE_data/npj_CM01/NPJ_CM_Fig_Python/Public_Reproducibility_Package_V01/npjcm-free-energy-surrogate_Re3/Python_Codes/table/snapshots_split/Ti64_300K_snap00004.extxyz,Ti64,300,Ti64__300,-1.855395364659564e-05,0.0016596061551644118,0.0016781601088110075,0.0016781601088110075,2
/Users/yti0811/Desktop/FE_data/npj_CM01/NPJ_CM_Fig_Python/Public_Reproducibility_Package_V01/npjcm-free-energy-surrogate_Re3/Python_Codes/table/snapshots_split/Ti64_300K_snap00005.extxyz,Ti64,300,Ti64__300,-9.34515222941318e-05,0.0014809843723658626,0.0015744358946599944,0.0015744358946599944,2
/Users/yti0811/Desktop/FE_data/npj_CM01/NPJ_CM_Fig_Python/Public_Reproducibility_Package_V01/npjcm-free-energy-surrogate_Re3/Python_Codes/table/snapshots_split/Ti64_300K_snap00006.extxyz,Ti64,300,Ti64__300,-5.8682333312866665e-05,0.00248034758172194,0.0025390299150348065,0.0025390299150348065,2
/Users/yti0811/Desktop/FE_data/npj_CM01/NPJ_CM_Fig_Python/Public_Reproducibility_Package_V01/npjcm-free-energy-surrogate_Re3/Python_Codes/table/snapshots_split/Ti64_300K_snap00007.extxyz,Ti64,300,Ti64__300,1.8917264986249555e-05,-0.0001925795005550743,-0.00021149676554132384,0.00021149676554132384,2
/Users/yti0811/Desktop/FE_data/npj_CM01/NPJ_CM_Fig_Python/Public_Reproducibility_Package_V01/npjcm-free-energy-surrogate_Re3/Python_Codes/table/snapshots_split/Ti64_300K_snap00008.extxyz,Ti64,300,Ti64__300,1.938006871581131e-05,0.0007949528205204204,0.0007755727518046091,0.0007755727518046091,2
/Users/yti0811/Desktop/FE_data/npj_CM01/NPJ_CM_Fig_Python/Public_Reproducibility_Package_V01/npjcm-free-energy-surrogate_Re3/Python_Codes/table/snapshots_split/Ti64_300K_snap00009.extxyz,Ti64,300,Ti64__300,0.0001554903429681,0.0037808502360611013,0.0036253598930930013,0.0036253598930930013,2
/Users/yti0811/Desktop/FE_data/npj_CM01/NPJ_CM_Fig_Python/Public_Reproducibility_Package_V01/npjcm-free-energy-surrogate_Re3/Python_Codes/table/snapshots_split/Ti64_300K_snap00010.extxyz,Ti64,300,Ti64__300,-1.0438857201990353e-05,0.002829766479987121,0.002840205337189111,0.002840205337189111,2
/Users/yti0811/Desktop/FE_data/npj_CM01/NPJ_CM_Fig_Python/Public_Reproducibility_Package_V01/npjcm-free-energy-surrogate_Re3/Python_Codes/table/snapshots_split/Ti64_300K_snap00011.extxyz,Ti64,300,Ti64__300,2.976799190056277e-05,0.0011922441160804127,0.00116247612417985,0.00116247612417985,2
/Users/yti0811/Desktop/FE_data/npj_CM01/NPJ_CM_Fig_Python/Public_Reproducibility_Package_V01/npjcm-free-energy-surrogate_Re3/Python_Codes/table/snapshots_split/Ti64_300K_snap00012.extxyz,Ti64,300,Ti64__300,0.0001530490253578,0.0026460181095394166,0.002492969084181617,0.002492969084181617,2
/Users/yti0811/Desktop/FE_data/npj_CM01/NPJ_CM_Fig_Python/Public_Reproducibility_Package_V01/npjcm-free-energy-surrogate_Re3/Python_Codes/table/snapshots_split/Ti64_300K_snap00013.extxyz,Ti64,300,Ti64__300,-3.907182358388218e-05,-0.0010225325583668521,-0.00098346073478297,0.00098346073478297,2
/Users/yti0811/Desktop/FE_data/npj_CM01/NPJ_CM_Fig_Python/Public_Reproducibility_Package_V01/npjcm-free-energy-surrogate_Re3/Python_Codes/table/snapshots_split/Ti64_300K_snap00014.extxyz,Ti64,300,Ti64__300,2.6621244031175812e-05,0.0013048083236303007,0.0012781870795991249,0.0012781870795991249,2
/Users/yti0811/Desktop/FE_data/npj_CM01/NPJ_CM_Fig_Python/Public_Reproducibility_Package_V01/npjcm-free-energy-surrogate_Re3/Python_Codes/table/snapshots_split/Ti64_300K_snap00015.extxyz,Ti64,300,Ti64__300,0.0001274065476974,0.0009523132682431202,0.0008249067205457201,0.0008249067205457201,2
/Users/yti0811/Desktop/FE_data/npj_CM01/NPJ_CM_Fig_Python/Public_Reproducibility_Package_V01/npjcm-free-energy-surrogate_Re3/Python_Codes/table/snapshots_split/Ti64_300K_snap00016.extxyz,Ti64,300,Ti64__300,9.398384305260148e-05,0.0015480704629254965,0.001454086619872895,0.001454086619872895,2
/Users/yti0811/Desktop/FE_data/npj_CM01/NPJ_CM_Fig_Python/Public_Reproducibility_Package_V01/npjcm-free-energy-surrogate_Re3/Python_Codes/table/snapshots_split/Ti64_300K_snap00017.extxyz,Ti64,300,Ti64__300,3.290404647836419e-05,-0.0006883207971152525,-0.0007212248435936166,0.0007212248435936166,2
/Users/yti0811/Desktop/FE_data/npj_CM01/NPJ_CM_Fig_Python/Public_Reproducibility_Package_V01/npjcm-free-energy-surrogate_Re3/Python_Codes/table/snapshots_split/Ti64_300K_snap00018.extxyz,Ti64,300,Ti64__300,-2.7470257832242233e-05,0.0030077366748446567,0.0030352069326768987,0.0030352069326768987,2
/Users/yti0811/Desktop/FE_data/npj_CM01/NPJ_CM_Fig_Python/Public_Reproducibility_Package_V01/npjcm-free-energy-surrogate_Re3/Python_Codes/table/snapshots_split/Ti64_300K_snap00019.extxyz,Ti64,300,Ti64__300,2.86806608549167e-05,-5.698685118966355e-05,-8.566751204458026e-05,8.566751204458026e-05,2
/Users/yti0811/Desktop/FE_data/npj_CM01/NPJ_CM_Fig_Python/Public_Reproducibility_Package_V01/npjcm-free-energy-surrogate_Re3/Python_Codes/table/snapshots_split/Ti64_300K_snap00020.extxyz,Ti64,300,Ti64__300,-8.998870811561978e-05,-0.0011590784376869973,-0.0010690897295713776,0.0010690897295713776,2
/Users/yti0811/Desktop/FE_data/npj_CM01/NPJ_CM_Fig_Python/Public_Reproducibility_Package_V01/npjcm-free-energy-surrogate_Re3/Python_Codes/table/snapshots_split/Ti64_300K_snap00021.extxyz,Ti64,300,Ti64__300,-2.3507580029459867e-05,-0.0006457718371420582,-0.0006222642571125983,0.0006222642571125983,2
/Users/yti0811/Desktop/FE_data/npj_CM01/NPJ_CM_Fig_Python/Public_Reproducibility_Package_V01/npjcm-free-energy-surrogate_Re3/Python_Codes/table/snapshots_split/Ti64_300K_snap00022.extxyz,Ti64,300,Ti64__300,0.0001045725466759,0.00012947682485101256,2.490427817511256e-05,2.490427817511256e-05,2
/Users/yti0811/Desktop/FE_data/npj_CM01/NPJ_CM_Fig_Python/Public_Reproducibility_Package_V01/npjcm-free-energy-surrogate_Re3/Python_Codes/table/snapshots_split/Ti64_300K_snap00023.extxyz,Ti64,300,Ti64__300,-0.0001005038631858,-0.0006555449020960113,-0.0005550410389102112,0.0005550410389102112,2
/Users/yti0811/Desktop/FE_data/npj_CM01/NPJ_CM_Fig_Python/Public_Reproducibility_Package_V01/npjcm-free-energy-surrogate_Re3/Python_Codes/table/snapshots_split/Ti64_300K_snap00024.extxyz,Ti64,300,Ti64__300,4.193040072463071e-05,0.002758283950841297,0.002716353550116666,0.002716353550116666,2
/Users/yti0811/Desktop/FE_data/npj_CM01/NPJ_CM_Fig_Python/Public_Reproducibility_Package_V01/npjcm-free-energy-surrogate_Re3/Python_Codes/table/snapshots_split/Ti64_300K_snap00025.extxyz,Ti64,300,Ti64__300,-5.264371515446732e-05,0.0031135397236793884,0.0031661834388338555,0.0031661834388338555,2
/Users/yti0811/Desktop/FE_data/npj_CM01/NPJ_CM_Fig_Python/Public_Reproducibility_Package_V01/npjcm-free-energy-surrogate_Re3/Python_Codes/table/snapshots_split/Ti64_300K_snap00026.extxyz,Ti64,300,Ti64__300,-0.0001508083190887,0.0028084375653586965,0.0029592458844473965,0.0029592458844473965,2
/Users/yti0811/Desktop/FE_data/npj_CM01/NPJ_CM_Fig_Python/Public_Reproducibility_Package_V01/npjcm-free-energy-surrogate_Re3/Python_Codes/table/snapshots_split/Ti64_300K_snap00027.extxyz,Ti64,300,Ti64__300,1.957641878445991e-05,0.00030868819871770846,0.00028911177993324856,0.00028911177993324856,2
/Users/yti0811/Desktop/FE_data/npj_CM01/NPJ_CM_Fig_Python/Public_Reproducibility_Package_V01/npjcm-free-energy-surrogate_Re3/Python_Codes/table/snapshots_split/Ti64_300K_snap00028.extxyz,Ti64,300,Ti64__300,-1.8938060650913905e-06,-0.0005918846329750493,-0.0005899908269099579,0.0005899908269099579,2
/Users/yti0811/Desktop/FE_data/npj_CM01/NPJ_CM_Fig_Python/Public_Reproducibility_Package_V01/npjcm-free-energy-surrogate_Re3/Python_Codes/table/snapshots_split/Ti64_300K_snap00029.extxyz,Ti64,300,Ti64__300,-0.0001346237838647,0.0007676000125819978,0.0009022237964466978,0.0009022237964466978,2
/Users/yti0811/Desktop/FE_data/npj_CM01/NPJ_CM_Fig_Python/Public_Reproducibility_Package_V01/npjcm-free-energy-surrogate_Re3/Python_Codes/table/snapshots_split/Ti64_300K_snap00030.extxyz,Ti64,300,Ti64__300,-9.113659059979574e-05,0.004818658635661983,0.004909795226261779,0.004909795226261779,2
/Users/yti0811/Desktop/FE_data/npj_CM01/NPJ_CM_Fig_Python/Public_Reproducibility_Package_V01/npjcm-free-energy-surrogate_Re3/Python_Codes/table/snapshots_split/Ti64_300K_snap00031.extxyz,Ti64,300,Ti64__300,9.414074817000146e-05,0.005899489652709472,0.005805348904539471,0.005805348904539471,2
/Users/yti0811/Desktop/FE_data/npj_CM01/NPJ_CM_Fig_Python/Public_Reproducibility_Package_V01/npjcm-free-energy-surrogate_Re3/Python_Codes/table/snapshots_split/Ti64_300K_snap00032.extxyz,Ti64,300,Ti64__300,-4.396912111405306e-05,9.779606677426905e-05,0.0001417651878883221,0.0001417651878883221,2
/Users/yti0811/Desktop/FE_data/npj_CM01/NPJ_CM_Fig_Python/Public_Reproducibility_Package_V01/npjcm-free-energy-surrogate_Re3/Python_Codes/table/snapshots_split/Ti64_300K_snap00033.extxyz,Ti64,300,Ti64__300,-9.573200240910076e-05,0.0011823797763592856,0.0012781117787683863,0.0012781117787683863,2
/Users/yti0811/Desktop/FE_data/npj_CM01/NPJ_CM_Fig_Python/Public_Reproducibility_Package_V01/npjcm-free-energy-surrogate_Re3/Python_Codes/table/snapshots_split/Ti64_300K_snap00034.extxyz,Ti64,300,Ti64__300,-2.5291846484933335e-05,0.0015849086713820009,0.0016102005178669342,0.0016102005178669342,2
/Users/yti0811/Desktop/FE_data/npj_CM01/NPJ_CM_Fig_Python/Public_Reproducibility_Package_V01/npjcm-free-energy-surrogate_Re3/Python_Codes/table/snapshots_split/Ti64_300K_snap00035.extxyz,Ti64,300,Ti64__300,5.440618571193988e-05,-0.0042031766682558295,-0.004257582853967769,0.004257582853967769,2
/Users/yti0811/Desktop/FE_data/npj_CM01/NPJ_CM_Fig_Python/Public_Reproducibility_Package_V01/npjcm-free-energy-surrogate_Re3/Python_Codes/table/snapshots_split/Ti64_300K_snap00036.extxyz,Ti64,300,Ti64__300,-1.9917236307577817e-05,0.003039120843727822,0.0030590380800354,0.0030590380800354,2
/Users/yti0811/Desktop/FE_data/npj_CM01/NPJ_CM_Fig_Python/Public_Reproducibility_Package_V01/npjcm-free-energy-surrogate_Re3/Python_Codes/table/snapshots_split/Ti64_300K_snap00037.extxyz,Ti64,300,Ti64__300,1.178929309973818e-05,-0.0008989885676475675,-0.0009107778607473057,0.0009107778607473057,2
/Users/yti0811/Desktop/FE_data/npj_CM01/NPJ_CM_Fig_Python/Public_Reproducibility_Package_V01/npjcm-free-energy-surrogate_Re3/Python_Codes/table/snapshots_split/Ti64_300K_snap00038.extxyz,Ti64,300,Ti64__300,3.7667984723142577e-05,-0.0021088501607081666,-0.0021465181454313094,0.0021465181454313094,2
/Users/yti0811/Desktop/FE_data/npj_CM01/NPJ_CM_Fig_Python/Public_Reproducibility_Package_V01/npjcm-free-energy-surrogate_Re3/Python_Codes/table/snapshots_split/Ti64_300K_snap00039.extxyz,Ti64,300,Ti64__300,1.2671270741769198e-05,-0.0006017647759809503,-0.0006144360467227194,0.0006144360467227194,2
/Users/yti0811/Desktop/FE_data/npj_CM01/NPJ_CM_Fig_Python/Public_Reproducibility_Package_V01/npjcm-free-energy-surrogate_Re3/Python_Codes/table/snapshots_split/Ti64_300K_snap00040.extxyz,Ti64,300,Ti64__300,4.5229624578744786e-05,0.0012658931247871608,0.001220663500208416,0.001220663500208416,2
/Users/yti0811/Desktop/FE_data/npj_CM01/NPJ_CM_Fig_Python/Public_Reproducibility_Package_V01/npjcm-free-energy-surrogate_Re3/Python_Codes/table/snapshots_split/Ti64_300K_snap00041.extxyz,Ti64,300,Ti64__300,-0.0001319052338423,0.0019516061612334966,0.0020835113950757964,0.0020835113950757964,2
/Users/yti0811/Desktop/FE_data/npj_CM01/NPJ_CM_Fig_Python/Public_Reproducibility_Package_V01/npjcm-free-energy-surrogate_Re3/Python_Codes/table/snapshots_split/Ti64_300K_snap00042.extxyz,Ti64,300,Ti64__300,-0.0001588002977081,-0.0002070110924063561,-4.821079469825612e-05,4.821079469825612e-05,2
/Users/yti0811/Desktop/FE_data/npj_CM01/NPJ_CM_Fig_Python/Public_Reproducibility_Package_V01/npjcm-free-energy-surrogate_Re3/Python_Codes/table/snapshots_split/Ti64_300K_snap00043.extxyz,Ti64,300,Ti64__300,-7.876601899182879e-05,0.0009727963877857637,0.0010515624067775925,0.0010515624067775925,2
/Users/yti0811/Desktop/FE_data/npj_CM01/NPJ_CM_Fig_Python/Public_Reproducibility_Package_V01/npjcm-free-energy-surrogate_Re3/Python_Codes/table/snapshots_split/Ti64_300K_snap00044.extxyz,Ti64,300,Ti64__300,-0.0001703869384412,0.0006182798002232028,0.0007886667386644028,0.0007886667386644028,2
/Users/yti0811/Desktop/FE_data/npj_CM01/NPJ_CM_Fig_Python/Public_Reproducibility_Package_V01/npjcm-free-energy-surrogate_Re3/Python_Codes/table/snapshots_split/Ti64_300K_snap00045.extxyz,Ti64,300,Ti64__300,-4.475971294960636e-05,-7.73339065529088e-05,-3.257419360330245e-05,3.257419360330245e-05,2
/Users/yti0811/Desktop/FE_data/npj_CM01/NPJ_CM_Fig_Python/Public_Reproducibility_Package_V01/npjcm-free-energy-surrogate_Re3/Python_Codes/table/snapshots_split/Ti64_300K_snap00046.extxyz,Ti64,300,Ti64__300,-0.0002379800597466,-0.0019465129745586123,-0.0017085329148120122,0.0017085329148120122,2
/Users/yti0811/Desktop/FE_data/npj_CM01/NPJ_CM_Fig_Python/Public_Reproducibility_Package_V01/npjcm-free-energy-surrogate_Re3/Python_Codes/table/snapshots_split/Ti64_300K_snap00047.extxyz,Ti64,300,Ti64__300,2.0678266714689293e-05,0.0027062127830561633,0.0026855345163414738,0.0026855345163414738,2
/Users/yti0811/Desktop/FE_data/npj_CM01/NPJ_CM_Fig_Python/Public_Reproducibility_Package_V01/npjcm-free-energy-surrogate_Re3/Python_Codes/table/snapshots_split/Ti64_300K_snap00048.extxyz,Ti64,300,Ti64__300,-4.891129717267296e-05,0.0011341026334573095,0.0011830139306299825,0.0011830139306299825,2
/Users/yti0811/Desktop/FE_data/npj_CM01/NPJ_CM_Fig_Python/Public_Reproducibility_Package_V01/npjcm-free-energy-surrogate_Re3/Python_Codes/table/snapshots_split/Ti64_300K_snap00049.extxyz,Ti64,300,Ti64__300,2.4877233624863144e-05,0.0016572654838711248,0.0016323882502462617,0.0016323882502462617,2
/Users/yti0811/Desktop/FE_data/npj_CM01/NPJ_CM_Fig_Python/Public_Reproducibility_Package_V01/npjcm-free-energy-surrogate_Re3/Python_Codes/table/snapshots_split/Ti64_300K_snap00050.extxyz,Ti64,300,Ti64__300,1.1677259601366849e-06,0.002651941666012476,0.0026507739400523393,0.0026507739400523393,2
/Users/yti0811/Desktop/FE_data/npj_CM01/NPJ_CM_Fig_Python/Public_Reproducibility_Package_V01/npjcm-free-energy-surrogate_Re3/Python_Codes/table/snapshots_split/Ti64_300K_snap00051.extxyz,Ti64,300,Ti64__300,-4.648165918942516e-05,0.0012920595230832418,0.001338541182272667,0.001338541182272667,2
/Users/yti0811/Desktop/FE_data/npj_CM01/NPJ_CM_Fig_Python/Public_Reproducibility_Package_V01/npjcm-free-energy-surrogate_Re3/Python_Codes/table/snapshots_split/Ti64_300K_snap00052.extxyz,Ti64,300,Ti64__300,0.0001496783828789,0.00044986099369307407,0.00030018261081417405,0.00030018261081417405,2
/Users/yti0811/Desktop/FE_data/npj_CM01/NPJ_CM_Fig_Python/Public_Reproducibility_Package_V01/npjcm-free-energy-surrogate_Re3/Python_Codes/table/snapshots_split/Ti64_300K_snap00053.extxyz,Ti64,300,Ti64__300,-6.637392798071352e-05,0.0015814453882976407,0.0016478193162783542,0.0016478193162783542,2
/Users/yti0811/Desktop/FE_data/npj_CM01/NPJ_CM_Fig_Python/Public_Reproducibility_Package_V01/npjcm-free-energy-surrogate_Re3/Python_Codes/table/snapshots_split/Ti64_300K_snap00054.extxyz,Ti64,300,Ti64__300,4.294582937868051e-05,0.0012553129868594158,0.0012123671574807353,0.0012123671574807353,2
/Users/yti0811/Desktop/FE_data/npj_CM01/NPJ_CM_Fig_Python/Public_Reproducibility_Package_V01/npjcm-free-energy-surrogate_Re3/Python_Codes/table/snapshots_split/Ti64_300K_snap00055.extxyz,Ti64,300,Ti64__300,-8.493431507285044e-05,-0.0024942443875430884,-0.002409310072470238,0.002409310072470238,2
/Users/yti0811/Desktop/FE_data/npj_CM01/NPJ_CM_Fig_Python/Public_Reproducibility_Package_V01/npjcm-free-energy-surrogate_Re3/Python_Codes/table/snapshots_split/Ti64_300K_snap00056.extxyz,Ti64,300,Ti64__300,0.0001816993306584,-0.0005677465044334662,-0.0007494458350918662,0.0007494458350918662,2
/Users/yti0811/Desktop/FE_data/npj_CM01/NPJ_CM_Fig_Python/Public_Reproducibility_Package_V01/npjcm-free-energy-surrogate_Re3/Python_Codes/table/snapshots_split/Ti64_300K_snap00057.extxyz,Ti64,300,Ti64__300,-5.478255718077888e-07,-0.0011389833890362237,-0.001138435563464416,0.001138435563464416,2
/Users/yti0811/Desktop/FE_data/npj_CM01/NPJ_CM_Fig_Python/Public_Reproducibility_Package_V01/npjcm-free-energy-surrogate_Re3/Python_Codes/table/snapshots_split/Ti64_300K_snap00058.extxyz,Ti64,300,Ti64__300,0.0001138498273609,0.00121216151601815,0.0010983116886572502,0.0010983116886572502,2
/Users/yti0811/Desktop/FE_data/npj_CM01/NPJ_CM_Fig_Python/Public_Reproducibility_Package_V01/npjcm-free-energy-surrogate_Re3/Python_Codes/table/snapshots_split/Ti64_300K_snap00059.extxyz,Ti64,300,Ti64__300,-5.611676402429601e-05,-6.05575624616722e-05,-4.44079843737619e-06,4.44079843737619e-06,2
/Users/yti0811/Desktop/FE_data/npj_CM01/NPJ_CM_Fig_Python/Public_Reproducibility_Package_V01/npjcm-free-energy-surrogate_Re3/Python_Codes/table/snapshots_split/Ti64_300K_snap00060.extxyz,Ti64,300,Ti64__300,-0.0002520437574357,0.00254031358842217,0.00279235734585787,0.00279235734585787,2
/Users/yti0811/Desktop/FE_data/npj_CM01/NPJ_CM_Fig_Python/Public_Reproducibility_Package_V01/npjcm-free-energy-surrogate_Re3/Python_Codes/table/snapshots_split/Ti64_300K_snap00061.extxyz,Ti64,300,Ti64__300,-0.0001638891553758,0.0004500891092351081,0.0006139782646109081,0.0006139782646109081,2
/Users/yti0811/Desktop/FE_data/npj_CM01/NPJ_CM_Fig_Python/Public_Reproducibility_Package_V01/npjcm-free-energy-surrogate_Re3/Python_Codes/table/snapshots_split/Ti64_300K_snap00062.extxyz,Ti64,300,Ti64__300,-0.0001251795937796,-0.0017219100034970287,-0.0015967304097174288,0.0015967304097174288,2
/Users/yti0811/Desktop/FE_data/npj_CM01/NPJ_CM_Fig_Python/Public_Reproducibility_Package_V01/npjcm-free-energy-surrogate_Re3/Python_Codes/table/snapshots_split/Ti64_300K_snap00063.extxyz,Ti64,300,Ti64__300,-4.806684303228116e-05,6.44766994552238e-05,0.00011254354248750496,0.00011254354248750496,2
/Users/yti0811/Desktop/FE_data/npj_CM01/NPJ_CM_Fig_Python/Public_Reproducibility_Package_V01/npjcm-free-energy-surrogate_Re3/Python_Codes/table/snapshots_split/Ti64_300K_snap00064.extxyz,Ti64,300,Ti64__300,0.0001192578430228,0.0015992219049258576,0.0014799640619030576,0.0014799640619030576,2
/Users/yti0811/Desktop/FE_data/npj_CM01/NPJ_CM_Fig_Python/Public_Reproducibility_Package_V01/npjcm-free-energy-surrogate_Re3/Python_Codes/table/snapshots_split/Ti64_300K_snap00065.extxyz,Ti64,300,Ti64__300,-0.0001152648387397,-0.0004182312538536608,-0.0003029664151139608,0.0003029664151139608,2
/Users/yti0811/Desktop/FE_data/npj_CM01/NPJ_CM_Fig_Python/Public_Reproducibility_Package_V01/npjcm-free-energy-surrogate_Re3/Python_Codes/table/snapshots_split/Ti64_300K_snap00066.extxyz,Ti64,300,Ti64__300,-0.0001049430000084,-0.0005731562142569158,-0.00046821321424851583,0.00046821321424851583,2
/Users/yti0811/Desktop/FE_data/npj_CM01/NPJ_CM_Fig_Python/Public_Reproducibility_Package_V01/npjcm-free-energy-surrogate_Re3/Python_Codes/table/snapshots_split/Ti64_300K_snap00067.extxyz,Ti64,300,Ti64__300,4.69829954029387e-06,0.002895590478082918,0.0028908921785426238,0.0028908921785426238,2
/Users/yti0811/Desktop/FE_data/npj_CM01/NPJ_CM_Fig_Python/Public_Reproducibility_Package_V01/npjcm-free-energy-surrogate_Re3/Python_Codes/table/snapshots_split/Ti64_300K_snap00068.extxyz,Ti64,300,Ti64__300,0.0001279082931755,0.0006155356817410737,0.00048762738856557373,0.00048762738856557373,2
/Users/yti0811/Desktop/FE_data/npj_CM01/NPJ_CM_Fig_Python/Public_Reproducibility_Package_V01/npjcm-free-energy-surrogate_Re3/Python_Codes/table/snapshots_split/Ti64_300K_snap00069.extxyz,Ti64,300,Ti64__300,7.880210376910146e-05,0.00039456248141850526,0.0003157603776494038,0.0003157603776494038,2
/Users/yti0811/Desktop/FE_data/npj_CM01/NPJ_CM_Fig_Python/Public_Reproducibility_Package_V01/npjcm-free-energy-surrogate_Re3/Python_Codes/table/snapshots_split/Ti64_300K_snap00070.extxyz,Ti64,300,Ti64__300,-7.724404612853454e-05,-0.0007179392225290253,-0.0006406951764004907,0.0006406951764004907,2
/Users/yti0811/Desktop/FE_data/npj_CM01/NPJ_CM_Fig_Python/Public_Reproducibility_Package_V01/npjcm-free-energy-surrogate_Re3/Python_Codes/table/snapshots_split/Ti64_300K_snap00071.extxyz,Ti64,300,Ti64__300,-0.0001680033314316,-0.0009729441008814503,-0.0008049407694498503,0.0008049407694498503,2
/Users/yti0811/Desktop/FE_data/npj_CM01/NPJ_CM_Fig_Python/Public_Reproducibility_Package_V01/npjcm-free-energy-surrogate_Re3/Python_Codes/table/snapshots_split/Ti64_300K_snap00072.extxyz,Ti64,300,Ti64__300,-0.0001522314620691,0.00011682034577164108,0.0002690518078407411,0.0002690518078407411,2
/Users/yti0811/Desktop/FE_data/npj_CM01/NPJ_CM_Fig_Python/Public_Reproducibility_Package_V01/npjcm-free-energy-surrogate_Re3/Python_Codes/table/snapshots_split/Ti64_300K_snap00073.extxyz,Ti64,300,Ti64__300,8.737542564794516e-06,2.095112259659684e-05,1.2213580031802323e-05,1.2213580031802323e-05,2
/Users/yti0811/Desktop/FE_data/npj_CM01/NPJ_CM_Fig_Python/Public_Reproducibility_Package_V01/npjcm-free-energy-surrogate_Re3/Python_Codes/table/snapshots_split/Ti64_300K_snap00074.extxyz,Ti64,300,Ti64__300,-1.0290621935262217e-05,0.0026463146737429034,0.0026566052956781654,0.0026566052956781654,2
/Users/yti0811/Desktop/FE_data/npj_CM01/NPJ_CM_Fig_Python/Public_Reproducibility_Package_V01/npjcm-free-energy-surrogate_Re3/Python_Codes/table/snapshots_split/Ti64_300K_snap00075.extxyz,Ti64,300,Ti64__300,-6.155047968571416e-05,-0.0014009018099859862,-0.001339351330300272,0.001339351330300272,2
/Users/yti0811/Desktop/FE_data/npj_CM01/NPJ_CM_Fig_Python/Public_Reproducibility_Package_V01/npjcm-free-energy-surrogate_Re3/Python_Codes/table/snapshots_split/Ti64_300K_snap00076.extxyz,Ti64,300,Ti64__300,-8.734029512626086e-05,0.0005175138874802602,0.0006048541826065211,0.0006048541826065211,2
/Users/yti0811/Desktop/FE_data/npj_CM01/NPJ_CM_Fig_Python/Public_Reproducibility_Package_V01/npjcm-free-energy-surrogate_Re3/Python_Codes/table/snapshots_split/Ti64_300K_snap00077.extxyz,Ti64,300,Ti64__300,-0.0001516107903098,0.0010678855662979974,0.0012194963566077974,0.0012194963566077974,2
/Users/yti0811/Desktop/FE_data/npj_CM01/NPJ_CM_Fig_Python/Public_Reproducibility_Package_V01/npjcm-free-energy-surrogate_Re3/Python_Codes/table/snapshots_split/Ti64_300K_snap00078.extxyz,Ti64,300,Ti64__300,3.176586702279104e-05,-0.0008558977127250641,-0.0008876635797478551,0.0008876635797478551,2
/Users/yti0811/Desktop/FE_data/npj_CM01/NPJ_CM_Fig_Python/Public_Reproducibility_Package_V01/npjcm-free-energy-surrogate_Re3/Python_Codes/table/snapshots_split/Ti64_300K_snap00079.extxyz,Ti64,300,Ti64__300,-7.880928883054488e-06,0.003387292350626685,0.003395173279509739,0.003395173279509739,2
/Users/yti0811/Desktop/FE_data/npj_CM01/NPJ_CM_Fig_Python/Public_Reproducibility_Package_V01/npjcm-free-energy-surrogate_Re3/Python_Codes/table/snapshots_split/Ti64_300K_snap00080.extxyz,Ti64,300,Ti64__300,1.2359197672160966e-05,-0.0008298375152472342,-0.0008421967129193952,0.0008421967129193952,2
/Users/yti0811/Desktop/FE_data/npj_CM01/NPJ_CM_Fig_Python/Public_Reproducibility_Package_V01/npjcm-free-energy-surrogate_Re3/Python_Codes/table/snapshots_split/Ti64_300K_snap00081.extxyz,Ti64,300,Ti64__300,-4.863775791120907e-05,0.0007027273578146948,0.0007513651157259038,0.0007513651157259038,2
/Users/yti0811/Desktop/FE_data/npj_CM01/NPJ_CM_Fig_Python/Public_Reproducibility_Package_V01/npjcm-free-energy-surrogate_Re3/Python_Codes/table/snapshots_split/Ti64_300K_snap00082.extxyz,Ti64,300,Ti64__300,-4.172972801553988e-05,0.003004407241410363,0.0030461369694259025,0.0030461369694259025,2
/Users/yti0811/Desktop/FE_data/npj_CM01/NPJ_CM_Fig_Python/Public_Reproducibility_Package_V01/npjcm-free-energy-surrogate_Re3/Python_Codes/table/snapshots_split/Ti64_300K_snap00083.extxyz,Ti64,300,Ti64__300,-0.0002704314020906,0.002813526002645945,0.0030839574047365446,0.0030839574047365446,2
/Users/yti0811/Desktop/FE_data/npj_CM01/NPJ_CM_Fig_Python/Public_Reproducibility_Package_V01/npjcm-free-energy-surrogate_Re3/Python_Codes/table/snapshots_split/Ti64_300K_snap00084.extxyz,Ti64,300,Ti64__300,-5.2537542588617105e-05,-0.00018866871605846604,-0.00013613117346984895,0.00013613117346984895,2
/Users/yti0811/Desktop/FE_data/npj_CM01/NPJ_CM_Fig_Python/Public_Reproducibility_Package_V01/npjcm-free-energy-surrogate_Re3/Python_Codes/table/snapshots_split/Ti64_300K_snap00085.extxyz,Ti64,300,Ti64__300,3.770669824175564e-05,0.003452448809978087,0.0034147421117363312,0.0034147421117363312,2
/Users/yti0811/Desktop/FE_data/npj_CM01/NPJ_CM_Fig_Python/Public_Reproducibility_Package_V01/npjcm-free-energy-surrogate_Re3/Python_Codes/table/snapshots_split/Ti64_300K_snap00086.extxyz,Ti64,300,Ti64__300,-2.6453806084582603e-05,0.002747008983965373,0.0027734627900499556,0.0027734627900499556,2
/Users/yti0811/Desktop/FE_data/npj_CM01/NPJ_CM_Fig_Python/Public_Reproducibility_Package_V01/npjcm-free-energy-surrogate_Re3/Python_Codes/table/snapshots_split/Ti64_300K_snap00087.extxyz,Ti64,300,Ti64__300,7.759495775840147e-05,-0.0018026189327800428,-0.0018802138905384444,0.0018802138905384444,2
/Users/yti0811/Desktop/FE_data/npj_CM01/NPJ_CM_Fig_Python/Public_Reproducibility_Package_V01/npjcm-free-energy-surrogate_Re3/Python_Codes/table/snapshots_split/Ti64_300K_snap00088.extxyz,Ti64,300,Ti64__300,-7.638389032595007e-05,0.001661362271465962,0.001737746161791912,0.001737746161791912,2
/Users/yti0811/Desktop/FE_data/npj_CM01/NPJ_CM_Fig_Python/Public_Reproducibility_Package_V01/npjcm-free-energy-surrogate_Re3/Python_Codes/table/snapshots_split/Ti64_300K_snap00089.extxyz,Ti64,300,Ti64__300,4.7847783165564915e-05,3.077544943615779e-05,-1.7072333729407128e-05,1.7072333729407128e-05,2
/Users/yti0811/Desktop/FE_data/npj_CM01/NPJ_CM_Fig_Python/Public_Reproducibility_Package_V01/npjcm-free-energy-surrogate_Re3/Python_Codes/table/snapshots_split/Ti64_300K_snap00090.extxyz,Ti64,300,Ti64__300,5.399028732509913e-05,-0.0015966615636075956,-0.0016506518509326947,0.0016506518509326947,2
/Users/yti0811/Desktop/FE_data/npj_CM01/NPJ_CM_Fig_Python/Public_Reproducibility_Package_V01/npjcm-free-energy-surrogate_Re3/Python_Codes/table/snapshots_split/Ti64_300K_snap00091.extxyz,Ti64,300,Ti64__300,-0.0001200424026832,-0.001532707406165819,-0.001412665003482619,0.001412665003482619,2
/Users/yti0811/Desktop/FE_data/npj_CM01/NPJ_CM_Fig_Python/Public_Reproducibility_Package_V01/npjcm-free-energy-surrogate_Re3/Python_Codes/table/snapshots_split/Ti64_300K_snap00092.extxyz,Ti64,300,Ti64__300,-5.633404116102304e-05,0.00048321055372133374,0.0005395445948823568,0.0005395445948823568,2
/Users/yti0811/Desktop/FE_data/npj_CM01/NPJ_CM_Fig_Python/Public_Reproducibility_Package_V01/npjcm-free-energy-surrogate_Re3/Python_Codes/table/snapshots_split/Ti64_300K_snap00093.extxyz,Ti64,300,Ti64__300,-0.0001297672353183,0.0012463142745599777,0.0013760815098782778,0.0013760815098782778,2
/Users/yti0811/Desktop/FE_data/npj_CM01/NPJ_CM_Fig_Python/Public_Reproducibility_Package_V01/npjcm-free-energy-surrogate_Re3/Python_Codes/table/snapshots_split/Ti64_300K_snap00094.extxyz,Ti64,300,Ti64__300,2.6255712190824095e-05,-0.002237694286323153,-0.0022639499985139767,0.0022639499985139767,2
/Users/yti0811/Desktop/FE_data/npj_CM01/NPJ_CM_Fig_Python/Public_Reproducibility_Package_V01/npjcm-free-energy-surrogate_Re3/Python_Codes/table/snapshots_split/Ti64_300K_snap00095.extxyz,Ti64,300,Ti64__300,-6.179134165963552e-05,-0.0038524279666154893,-0.003790636624955854,0.003790636624955854,2
/Users/yti0811/Desktop/FE_data/npj_CM01/NPJ_CM_Fig_Python/Public_Reproducibility_Package_V01/npjcm-free-energy-surrogate_Re3/Python_Codes/table/snapshots_split/Ti64_300K_snap00096.extxyz,Ti64,300,Ti64__300,1.9303607270298847e-06,-0.0013726075120745523,-0.0013745378728015822,0.0013745378728015822,2
/Users/yti0811/Desktop/FE_data/npj_CM01/NPJ_CM_Fig_Python/Public_Reproducibility_Package_V01/npjcm-free-energy-surrogate_Re3/Python_Codes/table/snapshots_split/Ti64_300K_snap00097.extxyz,Ti64,300,Ti64__300,-0.0002180132079888,-0.0013772272489737324,-0.0011592140409849325,0.0011592140409849325,2
/Users/yti0811/Desktop/FE_data/npj_CM01/NPJ_CM_Fig_Python/Public_Reproducibility_Package_V01/npjcm-free-energy-surrogate_Re3/Python_Codes/table/snapshots_split/Ti64_300K_snap00098.extxyz,Ti64,300,Ti64__300,1.6840044563913288e-05,0.0006718900982475153,0.0006550500536836021,0.0006550500536836021,2
/Users/yti0811/Desktop/FE_data/npj_CM01/NPJ_CM_Fig_Python/Public_Reproducibility_Package_V01/npjcm-free-energy-surrogate_Re3/Python_Codes/table/snapshots_split/Ti64_300K_snap00099.extxyz,Ti64,300,Ti64__300,5.139517030071482e-05,-0.00022118566386652685,-0.00027258083416724165,0.00027258083416724165,2
/Users/yti0811/Desktop/FE_data/npj_CM01/NPJ_CM_Fig_Python/Public_Reproducibility_Package_V01/npjcm-free-energy-surrogate_Re3/Python_Codes/table/snapshots_split/Ti64_400K_snap00000.extxyz,Ti64,400,Ti64__400,-0.0016228881899677,-0.0015498009601722152,7.308722979548483e-05,7.308722979548483e-05,1
/Users/yti0811/Desktop/FE_data/npj_CM01/NPJ_CM_Fig_Python/Public_Reproducibility_Package_V01/npjcm-free-energy-surrogate_Re3/Python_Codes/table/snapshots_split/Ti64_400K_snap00001.extxyz,Ti64,400,Ti64__400,-0.0013757135174487,-0.0013638748527746276,1.1838664674072418e-05,1.1838664674072418e-05,1
/Users/yti0811/Desktop/FE_data/npj_CM01/NPJ_CM_Fig_Python/Public_Reproducibility_Package_V01/npjcm-free-energy-surrogate_Re3/Python_Codes/table/snapshots_split/Ti64_400K_snap00002.extxyz,Ti64,400,Ti64__400,-0.0012927753666722,-0.0014439055764809035,-0.00015113020980870358,0.00015113020980870358,1
/Users/yti0811/Desktop/FE_data/npj_CM01/NPJ_CM_Fig_Python/Public_Reproducibility_Package_V01/npjcm-free-energy-surrogate_Re3/Python_Codes/table/snapshots_split/Ti64_400K_snap00003.extxyz,Ti64,400,Ti64__400,-0.0016324164965169,-0.003588278389143334,-0.0019558618926264343,0.0019558618926264343,1
/Users/yti0811/Desktop/FE_data/npj_CM01/NPJ_CM_Fig_Python/Public_Reproducibility_Package_V01/npjcm-free-energy-surrogate_Re3/Python_Codes/table/snapshots_split/Ti64_400K_snap00004.extxyz,Ti64,400,Ti64__400,-0.001615080236317,-0.0043532756211516555,-0.0027381953848346556,0.0027381953848346556,1
/Users/yti0811/Desktop/FE_data/npj_CM01/NPJ_CM_Fig_Python/Public_Reproducibility_Package_V01/npjcm-free-energy-surrogate_Re3/Python_Codes/table/snapshots_split/Ti64_400K_snap00005.extxyz,Ti64,400,Ti64__400,-0.0015171159020697,-0.000707923026367856,0.0008091928757018441,0.0008091928757018441,1
/Users/yti0811/Desktop/FE_data/npj_CM01/NPJ_CM_Fig_Python/Public_Reproducibility_Package_V01/npjcm-free-energy-surrogate_Re3/Python_Codes/table/snapshots_split/Ti64_400K_snap00006.extxyz,Ti64,400,Ti64__400,-0.0014614647193151,-0.0004358057896629528,0.0010256589296521474,0.0010256589296521474,1
/Users/yti0811/Desktop/FE_data/npj_CM01/NPJ_CM_Fig_Python/Public_Reproducibility_Package_V01/npjcm-free-energy-surrogate_Re3/Python_Codes/table/snapshots_split/Ti64_400K_snap00007.extxyz,Ti64,400,Ti64__400,-0.001536956860886,-0.0038024822034117296,-0.0022655253425257296,0.0022655253425257296,1
/Users/yti0811/Desktop/FE_data/npj_CM01/NPJ_CM_Fig_Python/Public_Reproducibility_Package_V01/npjcm-free-energy-surrogate_Re3/Python_Codes/table/snapshots_split/Ti64_400K_snap00008.extxyz,Ti64,400,Ti64__400,-0.0014520752036648,-0.0017230281789837386,-0.00027095297531893854,0.00027095297531893854,1
/Users/yti0811/Desktop/FE_data/npj_CM01/NPJ_CM_Fig_Python/Public_Reproducibility_Package_V01/npjcm-free-energy-surrogate_Re3/Python_Codes/table/snapshots_split/Ti64_400K_snap00009.extxyz,Ti64,400,Ti64__400,-0.0014088041795987,-1.9679360654978957e-05,0.0013891248189437213,0.0013891248189437213,1
/Users/yti0811/Desktop/FE_data/npj_CM01/NPJ_CM_Fig_Python/Public_Reproducibility_Package_V01/npjcm-free-energy-surrogate_Re3/Python_Codes/table/snapshots_split/Ti64_400K_snap00010.extxyz,Ti64,400,Ti64__400,-0.0015107266813207,-0.0034045105411070493,-0.0018937838597863493,0.0018937838597863493,1
/Users/yti0811/Desktop/FE_data/npj_CM01/NPJ_CM_Fig_Python/Public_Reproducibility_Package_V01/npjcm-free-energy-surrogate_Re3/Python_Codes/table/snapshots_split/Ti64_400K_snap00011.extxyz,Ti64,400,Ti64__400,-0.0015470180286214,-0.0022428885324951835,-0.0006958705038737835,0.0006958705038737835,1
/Users/yti0811/Desktop/FE_data/npj_CM01/NPJ_CM_Fig_Python/Public_Reproducibility_Package_V01/npjcm-free-energy-surrogate_Re3/Python_Codes/table/snapshots_split/Ti64_400K_snap00012.extxyz,Ti64,400,Ti64__400,-0.0014496049780763,-0.002535823127167234,-0.0010862181490909342,0.0010862181490909342,1
/Users/yti0811/Desktop/FE_data/npj_CM01/NPJ_CM_Fig_Python/Public_Reproducibility_Package_V01/npjcm-free-energy-surrogate_Re3/Python_Codes/table/snapshots_split/Ti64_400K_snap00013.extxyz,Ti64,400,Ti64__400,-0.0018169315331284,-0.00117669441082074,0.00064023712230766,0.00064023712230766,1
/Users/yti0811/Desktop/FE_data/npj_CM01/NPJ_CM_Fig_Python/Public_Reproducibility_Package_V01/npjcm-free-energy-surrogate_Re3/Python_Codes/table/snapshots_split/Ti64_400K_snap00014.extxyz,Ti64,400,Ti64__400,-0.0013742040626325,-0.001822676192919185,-0.000448472130286685,0.000448472130286685,1
/Users/yti0811/Desktop/FE_data/npj_CM01/NPJ_CM_Fig_Python/Public_Reproducibility_Package_V01/npjcm-free-energy-surrogate_Re3/Python_Codes/table/snapshots_split/Ti64_400K_snap00015.extxyz,Ti64,400,Ti64__400,-0.0017311393766135,-0.0035772893458117603,-0.0018461499691982603,0.0018461499691982603,1
/Users/yti0811/Desktop/FE_data/npj_CM01/NPJ_CM_Fig_Python/Public_Reproducibility_Package_V01/npjcm-free-energy-surrogate_Re3/Python_Codes/table/snapshots_split/Ti64_400K_snap00016.extxyz,Ti64,400,Ti64__400,-0.0014098991123663,-0.0011200602978814942,0.0002898388144848057,0.0002898388144848057,1
/Users/yti0811/Desktop/FE_data/npj_CM01/NPJ_CM_Fig_Python/Public_Reproducibility_Package_V01/npjcm-free-energy-surrogate_Re3/Python_Codes/table/snapshots_split/Ti64_400K_snap00017.extxyz,Ti64,400,Ti64__400,-0.001299700630932,-0.0034039472485258597,-0.0021042466175938595,0.0021042466175938595,1
/Users/yti0811/Desktop/FE_data/npj_CM01/NPJ_CM_Fig_Python/Public_Reproducibility_Package_V01/npjcm-free-energy-surrogate_Re3/Python_Codes/table/snapshots_split/Ti64_400K_snap00018.extxyz,Ti64,400,Ti64__400,-0.0013606528954104,0.0006696784742908871,0.002030331369701287,0.002030331369701287,1
/Users/yti0811/Desktop/FE_data/npj_CM01/NPJ_CM_Fig_Python/Public_Reproducibility_Package_V01/npjcm-free-energy-surrogate_Re3/Python_Codes/table/snapshots_split/Ti64_400K_snap00019.extxyz,Ti64,400,Ti64__400,-0.0015049714319654,-0.0009872451353694417,0.0005177262965959583,0.0005177262965959583,1
/Users/yti0811/Desktop/FE_data/npj_CM01/NPJ_CM_Fig_Python/Public_Reproducibility_Package_V01/npjcm-free-energy-surrogate_Re3/Python_Codes/table/snapshots_split/Ti64_400K_snap00020.extxyz,Ti64,400,Ti64__400,-0.0014563317030338,-0.002128057111323428,-0.000671725408289628,0.000671725408289628,1
/Users/yti0811/Desktop/FE_data/npj_CM01/NPJ_CM_Fig_Python/Public_Reproducibility_Package_V01/npjcm-free-energy-surrogate_Re3/Python_Codes/table/snapshots_split/Ti64_400K_snap00021.extxyz,Ti64,400,Ti64__400,-0.0012957189563518,-0.0017977531808389532,-0.0005020342244871532,0.0005020342244871532,1
/Users/yti0811/Desktop/FE_data/npj_CM01/NPJ_CM_Fig_Python/Public_Reproducibility_Package_V01/npjcm-free-energy-surrogate_Re3/Python_Codes/table/snapshots_split/Ti64_400K_snap00022.extxyz,Ti64,400,Ti64__400,-0.0015472075841749,-0.0011932248430325141,0.0003539827411423858,0.0003539827411423858,1
/Users/yti0811/Desktop/FE_data/npj_CM01/NPJ_CM_Fig_Python/Public_Reproducibility_Package_V01/npjcm-free-energy-surrogate_Re3/Python_Codes/table/snapshots_split/Ti64_400K_snap00023.extxyz,Ti64,400,Ti64__400,-0.0015667704707167,-0.0018375125842425453,-0.0002707421135258452,0.0002707421135258452,1
/Users/yti0811/Desktop/FE_data/npj_CM01/NPJ_CM_Fig_Python/Public_Reproducibility_Package_V01/npjcm-free-energy-surrogate_Re3/Python_Codes/table/snapshots_split/Ti64_400K_snap00024.extxyz,Ti64,400,Ti64__400,-0.0014257338747973,-0.0028119653042179803,-0.0013862314294206804,0.0013862314294206804,1
/Users/yti0811/Desktop/FE_data/npj_CM01/NPJ_CM_Fig_Python/Public_Reproducibility_Package_V01/npjcm-free-energy-surrogate_Re3/Python_Codes/table/snapshots_split/Ti64_400K_snap00025.extxyz,Ti64,400,Ti64__400,-0.0014662742802753,-0.0014204286336212987,4.584564665400127e-05,4.584564665400127e-05,1
/Users/yti0811/Desktop/FE_data/npj_CM01/NPJ_CM_Fig_Python/Public_Reproducibility_Package_V01/npjcm-free-energy-surrogate_Re3/Python_Codes/table/snapshots_split/Ti64_400K_snap00026.extxyz,Ti64,400,Ti64__400,-0.0014789072607432,-0.0038066195624562715,-0.002327712301713071,0.002327712301713071,1
/Users/yti0811/Desktop/FE_data/npj_CM01/NPJ_CM_Fig_Python/Public_Reproducibility_Package_V01/npjcm-free-energy-surrogate_Re3/Python_Codes/table/snapshots_split/Ti64_400K_snap00027.extxyz,Ti64,400,Ti64__400,-0.0013138385623789,-0.0027878365194284405,-0.0014739979570495404,0.0014739979570495404,1
/Users/yti0811/Desktop/FE_data/npj_CM01/NPJ_CM_Fig_Python/Public_Reproducibility_Package_V01/npjcm-free-energy-surrogate_Re3/Python_Codes/table/snapshots_split/Ti64_400K_snap00028.extxyz,Ti64,400,Ti64__400,-0.0015867646998735,-0.0013069783930534855,0.00027978630682001446,0.00027978630682001446,1
/Users/yti0811/Desktop/FE_data/npj_CM01/NPJ_CM_Fig_Python/Public_Reproducibility_Package_V01/npjcm-free-energy-surrogate_Re3/Python_Codes/table/snapshots_split/Ti64_400K_snap00029.extxyz,Ti64,400,Ti64__400,-0.0013896525945866,0.0005291328475340516,0.0019187854421206514,0.0019187854421206514,1
/Users/yti0811/Desktop/FE_data/npj_CM01/NPJ_CM_Fig_Python/Public_Reproducibility_Package_V01/npjcm-free-energy-surrogate_Re3/Python_Codes/table/snapshots_split/Ti64_400K_snap00030.extxyz,Ti64,400,Ti64__400,-0.001450387273026,-0.002804256567405856,-0.001353869294379856,0.001353869294379856,1
/Users/yti0811/Desktop/FE_data/npj_CM01/NPJ_CM_Fig_Python/Public_Reproducibility_Package_V01/npjcm-free-energy-surrogate_Re3/Python_Codes/table/snapshots_split/Ti64_400K_snap00031.extxyz,Ti64,400,Ti64__400,-0.0015471903072288,-0.0007210075882672495,0.0008261827189615505,0.0008261827189615505,1
/Users/yti0811/Desktop/FE_data/npj_CM01/NPJ_CM_Fig_Python/Public_Reproducibility_Package_V01/npjcm-free-energy-surrogate_Re3/Python_Codes/table/snapshots_split/Ti64_400K_snap00032.extxyz,Ti64,400,Ti64__400,-0.001442702020294,-0.0025360603065489383,-0.0010933582862549384,0.0010933582862549384,1
/Users/yti0811/Desktop/FE_data/npj_CM01/NPJ_CM_Fig_Python/Public_Reproducibility_Package_V01/npjcm-free-energy-surrogate_Re3/Python_Codes/table/snapshots_split/Ti64_400K_snap00033.extxyz,Ti64,400,Ti64__400,-0.0014815234595866,-0.002074442153077386,-0.0005929186934907861,0.0005929186934907861,1
/Users/yti0811/Desktop/FE_data/npj_CM01/NPJ_CM_Fig_Python/Public_Reproducibility_Package_V01/npjcm-free-energy-surrogate_Re3/Python_Codes/table/snapshots_split/Ti64_400K_snap00034.extxyz,Ti64,400,Ti64__400,-0.0015333442774678,-0.0015133550592159898,1.9989218251810275e-05,1.9989218251810275e-05,1
/Users/yti0811/Desktop/FE_data/npj_CM01/NPJ_CM_Fig_Python/Public_Reproducibility_Package_V01/npjcm-free-energy-surrogate_Re3/Python_Codes/table/snapshots_split/Ti64_400K_snap00035.extxyz,Ti64,400,Ti64__400,-0.0017221120115136,-0.001885978690325109,-0.0001638666788115091,0.0001638666788115091,1
/Users/yti0811/Desktop/FE_data/npj_CM01/NPJ_CM_Fig_Python/Public_Reproducibility_Package_V01/npjcm-free-energy-surrogate_Re3/Python_Codes/table/snapshots_split/Ti64_400K_snap00036.extxyz,Ti64,400,Ti64__400,-0.0013955516275971,0.0004932266266276227,0.0018887782542247227,0.0018887782542247227,1
/Users/yti0811/Desktop/FE_data/npj_CM01/NPJ_CM_Fig_Python/Public_Reproducibility_Package_V01/npjcm-free-energy-surrogate_Re3/Python_Codes/table/snapshots_split/Ti64_400K_snap00037.extxyz,Ti64,400,Ti64__400,-0.0013060263984827,-0.001618268446317231,-0.00031224204783453094,0.00031224204783453094,1
/Users/yti0811/Desktop/FE_data/npj_CM01/NPJ_CM_Fig_Python/Public_Reproducibility_Package_V01/npjcm-free-energy-surrogate_Re3/Python_Codes/table/snapshots_split/Ti64_400K_snap00038.extxyz,Ti64,400,Ti64__400,-0.0015645171194698,-0.0017283415064902742,-0.00016382438702047418,0.00016382438702047418,1
/Users/yti0811/Desktop/FE_data/npj_CM01/NPJ_CM_Fig_Python/Public_Reproducibility_Package_V01/npjcm-free-energy-surrogate_Re3/Python_Codes/table/snapshots_split/Ti64_400K_snap00039.extxyz,Ti64,400,Ti64__400,-0.0015317907752041,-0.0007181543752010133,0.0008136364000030867,0.0008136364000030867,1
/Users/yti0811/Desktop/FE_data/npj_CM01/NPJ_CM_Fig_Python/Public_Reproducibility_Package_V01/npjcm-free-energy-surrogate_Re3/Python_Codes/table/snapshots_split/Ti64_400K_snap00040.extxyz,Ti64,400,Ti64__400,-0.0015777813812121,-0.001545682228030529,3.2099153181571e-05,3.2099153181571e-05,1
/Users/yti0811/Desktop/FE_data/npj_CM01/NPJ_CM_Fig_Python/Public_Reproducibility_Package_V01/npjcm-free-energy-surrogate_Re3/Python_Codes/table/snapshots_split/Ti64_400K_snap00041.extxyz,Ti64,400,Ti64__400,-0.0015742503520372,-0.004416460124374853,-0.002842209772337653,0.002842209772337653,1
/Users/yti0811/Desktop/FE_data/npj_CM01/NPJ_CM_Fig_Python/Public_Reproducibility_Package_V01/npjcm-free-energy-surrogate_Re3/Python_Codes/table/snapshots_split/Ti64_400K_snap00042.extxyz,Ti64,400,Ti64__400,-0.0013989930849296,0.0004105103955218473,0.0018095034804514474,0.0018095034804514474,1
/Users/yti0811/Desktop/FE_data/npj_CM01/NPJ_CM_Fig_Python/Public_Reproducibility_Package_V01/npjcm-free-energy-surrogate_Re3/Python_Codes/table/snapshots_split/Ti64_400K_snap00043.extxyz,Ti64,400,Ti64__400,-0.001693689879018,-0.0028298467693336888,-0.0011361568903156887,0.0011361568903156887,1
/Users/yti0811/Desktop/FE_data/npj_CM01/NPJ_CM_Fig_Python/Public_Reproducibility_Package_V01/npjcm-free-energy-surrogate_Re3/Python_Codes/table/snapshots_split/Ti64_400K_snap00044.extxyz,Ti64,400,Ti64__400,-0.001499844858461,-0.0013151153905539771,0.00018472946790702282,0.00018472946790702282,1
/Users/yti0811/Desktop/FE_data/npj_CM01/NPJ_CM_Fig_Python/Public_Reproducibility_Package_V01/npjcm-free-energy-surrogate_Re3/Python_Codes/table/snapshots_split/Ti64_400K_snap00045.extxyz,Ti64,400,Ti64__400,-0.001575971399135,-0.004871876415255449,-0.0032959050161204487,0.0032959050161204487,1
/Users/yti0811/Desktop/FE_data/npj_CM01/NPJ_CM_Fig_Python/Public_Reproducibility_Package_V01/npjcm-free-energy-surrogate_Re3/Python_Codes/table/snapshots_split/Ti64_400K_snap00046.extxyz,Ti64,400,Ti64__400,-0.0013140232027974,-0.000544432752492699,0.0007695904503047011,0.0007695904503047011,1
/Users/yti0811/Desktop/FE_data/npj_CM01/NPJ_CM_Fig_Python/Public_Reproducibility_Package_V01/npjcm-free-energy-surrogate_Re3/Python_Codes/table/snapshots_split/Ti64_400K_snap00047.extxyz,Ti64,400,Ti64__400,-0.0016659531540132,-0.0022315550707353833,-0.0005656019167221834,0.0005656019167221834,1
/Users/yti0811/Desktop/FE_data/npj_CM01/NPJ_CM_Fig_Python/Public_Reproducibility_Package_V01/npjcm-free-energy-surrogate_Re3/Python_Codes/table/snapshots_split/Ti64_400K_snap00048.extxyz,Ti64,400,Ti64__400,-0.0013332525644178,-0.0001750004480718586,0.0011582521163459414,0.0011582521163459414,1
/Users/yti0811/Desktop/FE_data/npj_CM01/NPJ_CM_Fig_Python/Public_Reproducibility_Package_V01/npjcm-free-energy-surrogate_Re3/Python_Codes/table/snapshots_split/Ti64_400K_snap00049.extxyz,Ti64,400,Ti64__400,-0.0013100982529878,-0.0017672459415164115,-0.0004571476885286115,0.0004571476885286115,1
/Users/yti0811/Desktop/FE_data/npj_CM01/NPJ_CM_Fig_Python/Public_Reproducibility_Package_V01/npjcm-free-energy-surrogate_Re3/Python_Codes/table/snapshots_split/Ti64_400K_snap00050.extxyz,Ti64,400,Ti64__400,-0.0015496555750515,-0.0024931000240322717,-0.0009434444489807717,0.0009434444489807717,1
/Users/yti0811/Desktop/FE_data/npj_CM01/NPJ_CM_Fig_Python/Public_Reproducibility_Package_V01/npjcm-free-energy-surrogate_Re3/Python_Codes/table/snapshots_split/Ti64_400K_snap00051.extxyz,Ti64,400,Ti64__400,-0.001789009917237,-0.0025866005606442156,-0.0007975906434072157,0.0007975906434072157,1
/Users/yti0811/Desktop/FE_data/npj_CM01/NPJ_CM_Fig_Python/Public_Reproducibility_Package_V01/npjcm-free-energy-surrogate_Re3/Python_Codes/table/snapshots_split/Ti64_400K_snap00052.extxyz,Ti64,400,Ti64__400,-0.0015433670850553,-0.0023559602457176258,-0.0008125931606623258,0.0008125931606623258,1
/Users/yti0811/Desktop/FE_data/npj_CM01/NPJ_CM_Fig_Python/Public_Reproducibility_Package_V01/npjcm-free-energy-surrogate_Re3/Python_Codes/table/snapshots_split/Ti64_400K_snap00053.extxyz,Ti64,400,Ti64__400,-0.0014963058512271,-0.0011116538072865876,0.00038465204394051234,0.00038465204394051234,1
/Users/yti0811/Desktop/FE_data/npj_CM01/NPJ_CM_Fig_Python/Public_Reproducibility_Package_V01/npjcm-free-energy-surrogate_Re3/Python_Codes/table/snapshots_split/Ti64_400K_snap00054.extxyz,Ti64,400,Ti64__400,-0.0014450485706578,0.0005646152528841835,0.002009663823541984,0.002009663823541984,1
/Users/yti0811/Desktop/FE_data/npj_CM01/NPJ_CM_Fig_Python/Public_Reproducibility_Package_V01/npjcm-free-energy-surrogate_Re3/Python_Codes/table/snapshots_split/Ti64_400K_snap00055.extxyz,Ti64,400,Ti64__400,-0.0016868540216428,-0.0036521607669506677,-0.0019653067453078675,0.0019653067453078675,1
/Users/yti0811/Desktop/FE_data/npj_CM01/NPJ_CM_Fig_Python/Public_Reproducibility_Package_V01/npjcm-free-energy-surrogate_Re3/Python_Codes/table/snapshots_split/Ti64_400K_snap00056.extxyz,Ti64,400,Ti64__400,-0.0016210645585956,-0.003133506762813359,-0.0015124422042177587,0.0015124422042177587,1
/Users/yti0811/Desktop/FE_data/npj_CM01/NPJ_CM_Fig_Python/Public_Reproducibility_Package_V01/npjcm-free-energy-surrogate_Re3/Python_Codes/table/snapshots_split/Ti64_400K_snap00057.extxyz,Ti64,400,Ti64__400,-0.0014001355858137,-0.002493480196900885,-0.0010933446110871852,0.0010933446110871852,1
/Users/yti0811/Desktop/FE_data/npj_CM01/NPJ_CM_Fig_Python/Public_Reproducibility_Package_V01/npjcm-free-energy-surrogate_Re3/Python_Codes/table/snapshots_split/Ti64_400K_snap00058.extxyz,Ti64,400,Ti64__400,-0.0015601055511271,-0.0008446423153748451,0.0007154632357522548,0.0007154632357522548,1
/Users/yti0811/Desktop/FE_data/npj_CM01/NPJ_CM_Fig_Python/Public_Reproducibility_Package_V01/npjcm-free-energy-surrogate_Re3/Python_Codes/table/snapshots_split/Ti64_400K_snap00059.extxyz,Ti64,400,Ti64__400,-0.0015372229389505,-0.0014582028722625573,7.902006668794267e-05,7.902006668794267e-05,1
/Users/yti0811/Desktop/FE_data/npj_CM01/NPJ_CM_Fig_Python/Public_Reproducibility_Package_V01/npjcm-free-energy-surrogate_Re3/Python_Codes/table/snapshots_split/Ti64_400K_snap00060.extxyz,Ti64,400,Ti64__400,-0.001387469471062,-0.0006881002015263034,0.0006993692695356966,0.0006993692695356966,1
/Users/yti0811/Desktop/FE_data/npj_CM01/NPJ_CM_Fig_Python/Public_Reproducibility_Package_V01/npjcm-free-energy-surrogate_Re3/Python_Codes/table/snapshots_split/Ti64_400K_snap00061.extxyz,Ti64,400,Ti64__400,-0.0016717242773169,-0.005855627288910579,-0.004183903011593679,0.004183903011593679,1
/Users/yti0811/Desktop/FE_data/npj_CM01/NPJ_CM_Fig_Python/Public_Reproducibility_Package_V01/npjcm-free-energy-surrogate_Re3/Python_Codes/table/snapshots_split/Ti64_400K_snap00062.extxyz,Ti64,400,Ti64__400,-0.0014936405732563,-0.00035915700227531256,0.0011344835709809872,0.0011344835709809872,1
/Users/yti0811/Desktop/FE_data/npj_CM01/NPJ_CM_Fig_Python/Public_Reproducibility_Package_V01/npjcm-free-energy-surrogate_Re3/Python_Codes/table/snapshots_split/Ti64_400K_snap00063.extxyz,Ti64,400,Ti64__400,-0.0017049190600324,-0.002659889340520981,-0.0009549702804885812,0.0009549702804885812,1
/Users/yti0811/Desktop/FE_data/npj_CM01/NPJ_CM_Fig_Python/Public_Reproducibility_Package_V01/npjcm-free-energy-surrogate_Re3/Python_Codes/table/snapshots_split/Ti64_400K_snap00064.extxyz,Ti64,400,Ti64__400,-0.0016060531945176,-0.001754932396101925,-0.00014887920158432495,0.00014887920158432495,1
/Users/yti0811/Desktop/FE_data/npj_CM01/NPJ_CM_Fig_Python/Public_Reproducibility_Package_V01/npjcm-free-energy-surrogate_Re3/Python_Codes/table/snapshots_split/Ti64_400K_snap00065.extxyz,Ti64,400,Ti64__400,-0.0016752678215758,-0.00028554240911766754,0.0013897254124581324,0.0013897254124581324,1
/Users/yti0811/Desktop/FE_data/npj_CM01/NPJ_CM_Fig_Python/Public_Reproducibility_Package_V01/npjcm-free-energy-surrogate_Re3/Python_Codes/table/snapshots_split/Ti64_400K_snap00066.extxyz,Ti64,400,Ti64__400,-0.0016402501324905,-0.0023134602082633625,-0.0006732100757728626,0.0006732100757728626,1
/Users/yti0811/Desktop/FE_data/npj_CM01/NPJ_CM_Fig_Python/Public_Reproducibility_Package_V01/npjcm-free-energy-surrogate_Re3/Python_Codes/table/snapshots_split/Ti64_400K_snap00067.extxyz,Ti64,400,Ti64__400,-0.0013946507157178,-0.0032767085002073024,-0.0018820577844895024,0.0018820577844895024,1
/Users/yti0811/Desktop/FE_data/npj_CM01/NPJ_CM_Fig_Python/Public_Reproducibility_Package_V01/npjcm-free-energy-surrogate_Re3/Python_Codes/table/snapshots_split/Ti64_400K_snap00068.extxyz,Ti64,400,Ti64__400,-0.001412133950122,-0.0017222660812796324,-0.00031013213115763235,0.00031013213115763235,1
/Users/yti0811/Desktop/FE_data/npj_CM01/NPJ_CM_Fig_Python/Public_Reproducibility_Package_V01/npjcm-free-energy-surrogate_Re3/Python_Codes/table/snapshots_split/Ti64_400K_snap00069.extxyz,Ti64,400,Ti64__400,-0.0017407122718526,-0.0020008250551783032,-0.0002601127833257032,0.0002601127833257032,1
/Users/yti0811/Desktop/FE_data/npj_CM01/NPJ_CM_Fig_Python/Public_Reproducibility_Package_V01/npjcm-free-energy-surrogate_Re3/Python_Codes/table/snapshots_split/Ti64_400K_snap00070.extxyz,Ti64,400,Ti64__400,-0.0016129408578551,-0.002352091864768145,-0.0007391510069130447,0.0007391510069130447,1
/Users/yti0811/Desktop/FE_data/npj_CM01/NPJ_CM_Fig_Python/Public_Reproducibility_Package_V01/npjcm-free-energy-surrogate_Re3/Python_Codes/table/snapshots_split/Ti64_400K_snap00071.extxyz,Ti64,400,Ti64__400,-0.0014051869161659,-0.0024825416543561127,-0.0010773547381902127,0.0010773547381902127,1
/Users/yti0811/Desktop/FE_data/npj_CM01/NPJ_CM_Fig_Python/Public_Reproducibility_Package_V01/npjcm-free-energy-surrogate_Re3/Python_Codes/table/snapshots_split/Ti64_400K_snap00072.extxyz,Ti64,400,Ti64__400,-0.0016827959066467,-0.000407402201080517,0.0012753937055661828,0.0012753937055661828,1
/Users/yti0811/Desktop/FE_data/npj_CM01/NPJ_CM_Fig_Python/Public_Reproducibility_Package_V01/npjcm-free-energy-surrogate_Re3/Python_Codes/table/snapshots_split/Ti64_400K_snap00073.extxyz,Ti64,400,Ti64__400,-0.0015929798560934,-0.002858958367670171,-0.0012659785115767712,0.0012659785115767712,1
/Users/yti0811/Desktop/FE_data/npj_CM01/NPJ_CM_Fig_Python/Public_Reproducibility_Package_V01/npjcm-free-energy-surrogate_Re3/Python_Codes/table/snapshots_split/Ti64_400K_snap00074.extxyz,Ti64,400,Ti64__400,-0.0015356464399862,-0.0022830740376302153,-0.0007474275976440154,0.0007474275976440154,1
/Users/yti0811/Desktop/FE_data/npj_CM01/NPJ_CM_Fig_Python/Public_Reproducibility_Package_V01/npjcm-free-energy-surrogate_Re3/Python_Codes/table/snapshots_split/Ti64_400K_snap00075.extxyz,Ti64,400,Ti64__400,-0.001518438417994,-0.0014659162039050311,5.2522214088968934e-05,5.2522214088968934e-05,1
/Users/yti0811/Desktop/FE_data/npj_CM01/NPJ_CM_Fig_Python/Public_Reproducibility_Package_V01/npjcm-free-energy-surrogate_Re3/Python_Codes/table/snapshots_split/Ti64_400K_snap00076.extxyz,Ti64,400,Ti64__400,-0.0015002928798029,-0.0036753646018066743,-0.0021750717220037743,0.0021750717220037743,1
/Users/yti0811/Desktop/FE_data/npj_CM01/NPJ_CM_Fig_Python/Public_Reproducibility_Package_V01/npjcm-free-energy-surrogate_Re3/Python_Codes/table/snapshots_split/Ti64_400K_snap00077.extxyz,Ti64,400,Ti64__400,-0.0014060585329687,-0.0007643873934247042,0.0006416711395439957,0.0006416711395439957,1
/Users/yti0811/Desktop/FE_data/npj_CM01/NPJ_CM_Fig_Python/Public_Reproducibility_Package_V01/npjcm-free-energy-surrogate_Re3/Python_Codes/table/snapshots_split/Ti64_400K_snap00078.extxyz,Ti64,400,Ti64__400,-0.0014246942818505,-0.0010512905442010235,0.00037340373764947646,0.00037340373764947646,1
/Users/yti0811/Desktop/FE_data/npj_CM01/NPJ_CM_Fig_Python/Public_Reproducibility_Package_V01/npjcm-free-energy-surrogate_Re3/Python_Codes/table/snapshots_split/Ti64_400K_snap00079.extxyz,Ti64,400,Ti64__400,-0.0016781054007857,-0.0031161763399966875,-0.0014380709392109875,0.0014380709392109875,1
/Users/yti0811/Desktop/FE_data/npj_CM01/NPJ_CM_Fig_Python/Public_Reproducibility_Package_V01/npjcm-free-energy-surrogate_Re3/Python_Codes/table/snapshots_split/Ti64_400K_snap00080.extxyz,Ti64,400,Ti64__400,-0.001648499495922,-0.003222237672381909,-0.001573738176459909,0.001573738176459909,1
/Users/yti0811/Desktop/FE_data/npj_CM01/NPJ_CM_Fig_Python/Public_Reproducibility_Package_V01/npjcm-free-energy-surrogate_Re3/Python_Codes/table/snapshots_split/Ti64_400K_snap00081.extxyz,Ti64,400,Ti64__400,-0.0014505110113824,-0.0025901955274994773,-0.0011396845161170772,0.0011396845161170772,1
/Users/yti0811/Desktop/FE_data/npj_CM01/NPJ_CM_Fig_Python/Public_Reproducibility_Package_V01/npjcm-free-energy-surrogate_Re3/Python_Codes/table/snapshots_split/Ti64_400K_snap00082.extxyz,Ti64,400,Ti64__400,-0.0013598879837119,-0.002779343850631409,-0.001419455866919509,0.001419455866919509,1
/Users/yti0811/Desktop/FE_data/npj_CM01/NPJ_CM_Fig_Python/Public_Reproducibility_Package_V01/npjcm-free-energy-surrogate_Re3/Python_Codes/table/snapshots_split/Ti64_400K_snap00083.extxyz,Ti64,400,Ti64__400,-0.0014761535498519,-0.0023300996038932557,-0.0008539460540413558,0.0008539460540413558,1
/Users/yti0811/Desktop/FE_data/npj_CM01/NPJ_CM_Fig_Python/Public_Reproducibility_Package_V01/npjcm-free-energy-surrogate_Re3/Python_Codes/table/snapshots_split/Ti64_400K_snap00084.extxyz,Ti64,400,Ti64__400,-0.0014110616173439,-0.0028428538768598757,-0.0014317922595159756,0.0014317922595159756,1
/Users/yti0811/Desktop/FE_data/npj_CM01/NPJ_CM_Fig_Python/Public_Reproducibility_Package_V01/npjcm-free-energy-surrogate_Re3/Python_Codes/table/snapshots_split/Ti64_400K_snap00085.extxyz,Ti64,400,Ti64__400,-0.0018494565360771,0.00017611884148356464,0.0020255753775606645,0.0020255753775606645,1
/Users/yti0811/Desktop/FE_data/npj_CM01/NPJ_CM_Fig_Python/Public_Reproducibility_Package_V01/npjcm-free-energy-surrogate_Re3/Python_Codes/table/snapshots_split/Ti64_400K_snap00086.extxyz,Ti64,400,Ti64__400,-0.0015748417004661,-0.00020579620157962772,0.0013690454988864722,0.0013690454988864722,1
/Users/yti0811/Desktop/FE_data/npj_CM01/NPJ_CM_Fig_Python/Public_Reproducibility_Package_V01/npjcm-free-energy-surrogate_Re3/Python_Codes/table/snapshots_split/Ti64_400K_snap00087.extxyz,Ti64,400,Ti64__400,-0.0016387454660537,-0.004181676672912445,-0.002542931206858745,0.002542931206858745,1
/Users/yti0811/Desktop/FE_data/npj_CM01/NPJ_CM_Fig_Python/Public_Reproducibility_Package_V01/npjcm-free-energy-surrogate_Re3/Python_Codes/table/snapshots_split/Ti64_400K_snap00088.extxyz,Ti64,400,Ti64__400,-0.0017379802734065,-0.0005091265653281021,0.0012288537080783978,0.0012288537080783978,1
/Users/yti0811/Desktop/FE_data/npj_CM01/NPJ_CM_Fig_Python/Public_Reproducibility_Package_V01/npjcm-free-energy-surrogate_Re3/Python_Codes/table/snapshots_split/Ti64_400K_snap00089.extxyz,Ti64,400,Ti64__400,-0.0013860425354559,-0.0032225473537561573,-0.0018365048183002573,0.0018365048183002573,1
/Users/yti0811/Desktop/FE_data/npj_CM01/NPJ_CM_Fig_Python/Public_Reproducibility_Package_V01/npjcm-free-energy-surrogate_Re3/Python_Codes/table/snapshots_split/Ti64_400K_snap00090.extxyz,Ti64,400,Ti64__400,-0.0015061097008766,-0.0027698554832072645,-0.0012637457823306644,0.0012637457823306644,1
/Users/yti0811/Desktop/FE_data/npj_CM01/NPJ_CM_Fig_Python/Public_Reproducibility_Package_V01/npjcm-free-energy-surrogate_Re3/Python_Codes/table/snapshots_split/Ti64_400K_snap00091.extxyz,Ti64,400,Ti64__400,-0.0014067243290927,-0.0017557868367974786,-0.00034906250770477864,0.00034906250770477864,1
/Users/yti0811/Desktop/FE_data/npj_CM01/NPJ_CM_Fig_Python/Public_Reproducibility_Package_V01/npjcm-free-energy-surrogate_Re3/Python_Codes/table/snapshots_split/Ti64_400K_snap00092.extxyz,Ti64,400,Ti64__400,-0.0014291849423766,-0.001603458418509032,-0.00017427347613243205,0.00017427347613243205,1
/Users/yti0811/Desktop/FE_data/npj_CM01/NPJ_CM_Fig_Python/Public_Reproducibility_Package_V01/npjcm-free-energy-surrogate_Re3/Python_Codes/table/snapshots_split/Ti64_400K_snap00093.extxyz,Ti64,400,Ti64__400,-0.0014026950573737,-0.0024325683397229164,-0.0010298732823492164,0.0010298732823492164,1
/Users/yti0811/Desktop/FE_data/npj_CM01/NPJ_CM_Fig_Python/Public_Reproducibility_Package_V01/npjcm-free-energy-surrogate_Re3/Python_Codes/table/snapshots_split/Ti64_400K_snap00094.extxyz,Ti64,400,Ti64__400,-0.0012213680298971,-0.0024626203184207073,-0.0012412522885236073,0.0012412522885236073,1
/Users/yti0811/Desktop/FE_data/npj_CM01/NPJ_CM_Fig_Python/Public_Reproducibility_Package_V01/npjcm-free-energy-surrogate_Re3/Python_Codes/table/snapshots_split/Ti64_400K_snap00095.extxyz,Ti64,400,Ti64__400,-0.0014090340787269,-0.004381377631696075,-0.0029723435529691753,0.0029723435529691753,1
/Users/yti0811/Desktop/FE_data/npj_CM01/NPJ_CM_Fig_Python/Public_Reproducibility_Package_V01/npjcm-free-energy-surrogate_Re3/Python_Codes/table/snapshots_split/Ti64_400K_snap00096.extxyz,Ti64,400,Ti64__400,-0.001398253371154,-0.0002528289478152709,0.001145424423338729,0.001145424423338729,1
/Users/yti0811/Desktop/FE_data/npj_CM01/NPJ_CM_Fig_Python/Public_Reproducibility_Package_V01/npjcm-free-energy-surrogate_Re3/Python_Codes/table/snapshots_split/Ti64_400K_snap00097.extxyz,Ti64,400,Ti64__400,-0.0012013420334804,0.0016873952233288254,0.0028887372568092255,0.0028887372568092255,1
/Users/yti0811/Desktop/FE_data/npj_CM01/NPJ_CM_Fig_Python/Public_Reproducibility_Package_V01/npjcm-free-energy-surrogate_Re3/Python_Codes/table/snapshots_split/Ti64_400K_snap00098.extxyz,Ti64,400,Ti64__400,-0.001572738514177,-0.0020749640660000204,-0.0005022255518230205,0.0005022255518230205,1
/Users/yti0811/Desktop/FE_data/npj_CM01/NPJ_CM_Fig_Python/Public_Reproducibility_Package_V01/npjcm-free-energy-surrogate_Re3/Python_Codes/table/snapshots_split/Ti64_400K_snap00099.extxyz,Ti64,400,Ti64__400,-0.0014645204351555,-0.001250990688126607,0.00021352974702889302,0.00021352974702889302,1
/Users/yti0811/Desktop/FE_data/npj_CM01/NPJ_CM_Fig_Python/Public_Reproducibility_Package_V01/npjcm-free-energy-surrogate_Re3/Python_Codes/table/snapshots_split/Ti64_500K_snap00000.extxyz,Ti64,500,Ti64__500,-0.0033851838963039,-0.005984265829898536,-0.002599081933594636,0.002599081933594636,0
/Users/yti0811/Desktop/FE_data/npj_CM01/NPJ_CM_Fig_Python/Public_Reproducibility_Package_V01/npjcm-free-energy-surrogate_Re3/Python_Codes/table/snapshots_split/Ti64_500K_snap00001.extxyz,Ti64,500,Ti64__500,-0.0033030106880704,-0.0043726416894904665,-0.0010696310014200665,0.0010696310014200665,0
/Users/yti0811/Desktop/FE_data/npj_CM01/NPJ_CM_Fig_Python/Public_Reproducibility_Package_V01/npjcm-free-energy-surrogate_Re3/Python_Codes/table/snapshots_split/Ti64_500K_snap00002.extxyz,Ti64,500,Ti64__500,-0.0036793603882309,-0.006079169099278937,-0.002399808711048037,0.002399808711048037,0
/Users/yti0811/Desktop/FE_data/npj_CM01/NPJ_CM_Fig_Python/Public_Reproducibility_Package_V01/npjcm-free-energy-surrogate_Re3/Python_Codes/table/snapshots_split/Ti64_500K_snap00003.extxyz,Ti64,500,Ti64__500,-0.0036586450786343,-0.005018251844483805,-0.0013596067658495055,0.0013596067658495055,0
/Users/yti0811/Desktop/FE_data/npj_CM01/NPJ_CM_Fig_Python/Public_Reproducibility_Package_V01/npjcm-free-energy-surrogate_Re3/Python_Codes/table/snapshots_split/Ti64_500K_snap00004.extxyz,Ti64,500,Ti64__500,-0.0035078470165934,-0.005701117253570771,-0.0021932702369773707,0.0021932702369773707,0
/Users/yti0811/Desktop/FE_data/npj_CM01/NPJ_CM_Fig_Python/Public_Reproducibility_Package_V01/npjcm-free-energy-surrogate_Re3/Python_Codes/table/snapshots_split/Ti64_500K_snap00005.extxyz,Ti64,500,Ti64__500,-0.0036409627597444,-0.005524950550487639,-0.0018839877907432388,0.0018839877907432388,0
/Users/yti0811/Desktop/FE_data/npj_CM01/NPJ_CM_Fig_Python/Public_Reproducibility_Package_V01/npjcm-free-energy-surrogate_Re3/Python_Codes/table/snapshots_split/Ti64_500K_snap00006.extxyz,Ti64,500,Ti64__500,-0.0038119951167805,-0.0065685217070081065,-0.0027565265902276064,0.0027565265902276064,0
/Users/yti0811/Desktop/FE_data/npj_CM01/NPJ_CM_Fig_Python/Public_Reproducibility_Package_V01/npjcm-free-energy-surrogate_Re3/Python_Codes/table/snapshots_split/Ti64_500K_snap00007.extxyz,Ti64,500,Ti64__500,-0.0033170848157887,-0.007194268206538171,-0.003877183390749471,0.003877183390749471,0
/Users/yti0811/Desktop/FE_data/npj_CM01/NPJ_CM_Fig_Python/Public_Reproducibility_Package_V01/npjcm-free-energy-surrogate_Re3/Python_Codes/table/snapshots_split/Ti64_500K_snap00008.extxyz,Ti64,500,Ti64__500,-0.00332420355987,-0.0040466555618484164,-0.0007224520019784163,0.0007224520019784163,0
/Users/yti0811/Desktop/FE_data/npj_CM01/NPJ_CM_Fig_Python/Public_Reproducibility_Package_V01/npjcm-free-energy-surrogate_Re3/Python_Codes/table/snapshots_split/Ti64_500K_snap00009.extxyz,Ti64,500,Ti64__500,-0.0033977276135722,-0.0019045071429532514,0.0014932204706189487,0.0014932204706189487,0
/Users/yti0811/Desktop/FE_data/npj_CM01/NPJ_CM_Fig_Python/Public_Reproducibility_Package_V01/npjcm-free-energy-surrogate_Re3/Python_Codes/table/snapshots_split/Ti64_500K_snap00010.extxyz,Ti64,500,Ti64__500,-0.0031969996483957,-0.004888594934083842,-0.0016915952856881421,0.0016915952856881421,0
/Users/yti0811/Desktop/FE_data/npj_CM01/NPJ_CM_Fig_Python/Public_Reproducibility_Package_V01/npjcm-free-energy-surrogate_Re3/Python_Codes/table/snapshots_split/Ti64_500K_snap00011.extxyz,Ti64,500,Ti64__500,-0.003452253144492,-0.0059394330612812804,-0.0024871799167892803,0.0024871799167892803,0
/Users/yti0811/Desktop/FE_data/npj_CM01/NPJ_CM_Fig_Python/Public_Reproducibility_Package_V01/npjcm-free-energy-surrogate_Re3/Python_Codes/table/snapshots_split/Ti64_500K_snap00012.extxyz,Ti64,500,Ti64__500,-0.0036564011070062,-0.006421950191092891,-0.0027655490840866907,0.0027655490840866907,0
/Users/yti0811/Desktop/FE_data/npj_CM01/NPJ_CM_Fig_Python/Public_Reproducibility_Package_V01/npjcm-free-energy-surrogate_Re3/Python_Codes/table/snapshots_split/Ti64_500K_snap00013.extxyz,Ti64,500,Ti64__500,-0.0036157340416972,-0.003139003219403901,0.0004767308222932993,0.0004767308222932993,0
/Users/yti0811/Desktop/FE_data/npj_CM01/NPJ_CM_Fig_Python/Public_Reproducibility_Package_V01/npjcm-free-energy-surrogate_Re3/Python_Codes/table/snapshots_split/Ti64_500K_snap00014.extxyz,Ti64,500,Ti64__500,-0.0034458510983614,-0.00234388777922881,0.0011019633191325898,0.0011019633191325898,0
/Users/yti0811/Desktop/FE_data/npj_CM01/NPJ_CM_Fig_Python/Public_Reproducibility_Package_V01/npjcm-free-energy-surrogate_Re3/Python_Codes/table/snapshots_split/Ti64_500K_snap00015.extxyz,Ti64,500,Ti64__500,-0.003280206305942,-0.005285202465694379,-0.002004996159752379,0.002004996159752379,0
/Users/yti0811/Desktop/FE_data/npj_CM01/NPJ_CM_Fig_Python/Public_Reproducibility_Package_V01/npjcm-free-energy-surrogate_Re3/Python_Codes/table/snapshots_split/Ti64_500K_snap00016.extxyz,Ti64,500,Ti64__500,-0.0030946637739873,-0.004092339570771193,-0.0009976757967838927,0.0009976757967838927,0
/Users/yti0811/Desktop/FE_data/npj_CM01/NPJ_CM_Fig_Python/Public_Reproducibility_Package_V01/npjcm-free-energy-surrogate_Re3/Python_Codes/table/snapshots_split/Ti64_500K_snap00017.extxyz,Ti64,500,Ti64__500,-0.0031548424697543,-0.004782325759504931,-0.001627483289750631,0.001627483289750631,0
/Users/yti0811/Desktop/FE_data/npj_CM01/NPJ_CM_Fig_Python/Public_Reproducibility_Package_V01/npjcm-free-energy-surrogate_Re3/Python_Codes/table/snapshots_split/Ti64_500K_snap00018.extxyz,Ti64,500,Ti64__500,-0.0032319048092845,-0.006850763037404437,-0.0036188582281199374,0.0036188582281199374,0
/Users/yti0811/Desktop/FE_data/npj_CM01/NPJ_CM_Fig_Python/Public_Reproducibility_Package_V01/npjcm-free-energy-surrogate_Re3/Python_Codes/table/snapshots_split/Ti64_500K_snap00019.extxyz,Ti64,500,Ti64__500,-0.0035391134629214,-0.003580807020171612,-4.1693557250211885e-05,4.1693557250211885e-05,0
/Users/yti0811/Desktop/FE_data/npj_CM01/NPJ_CM_Fig_Python/Public_Reproducibility_Package_V01/npjcm-free-energy-surrogate_Re3/Python_Codes/table/snapshots_split/Ti64_500K_snap00020.extxyz,Ti64,500,Ti64__500,-0.0036977665747348,-0.0037233648203456988,-2.5598245610898747e-05,2.5598245610898747e-05,0
/Users/yti0811/Desktop/FE_data/npj_CM01/NPJ_CM_Fig_Python/Public_Reproducibility_Package_V01/npjcm-free-energy-surrogate_Re3/Python_Codes/table/snapshots_split/Ti64_500K_snap00021.extxyz,Ti64,500,Ti64__500,-0.003591026657786,-0.005673697648242253,-0.0020826709904562535,0.0020826709904562535,0
/Users/yti0811/Desktop/FE_data/npj_CM01/NPJ_CM_Fig_Python/Public_Reproducibility_Package_V01/npjcm-free-energy-surrogate_Re3/Python_Codes/table/snapshots_split/Ti64_500K_snap00022.extxyz,Ti64,500,Ti64__500,-0.0033838719265772,-0.004246231917591911,-0.0008623599910147109,0.0008623599910147109,0
/Users/yti0811/Desktop/FE_data/npj_CM01/NPJ_CM_Fig_Python/Public_Reproducibility_Package_V01/npjcm-free-energy-surrogate_Re3/Python_Codes/table/snapshots_split/Ti64_500K_snap00023.extxyz,Ti64,500,Ti64__500,-0.0034479741177031,-0.003337042422629739,0.00011093169507336072,0.00011093169507336072,0
/Users/yti0811/Desktop/FE_data/npj_CM01/NPJ_CM_Fig_Python/Public_Reproducibility_Package_V01/npjcm-free-energy-surrogate_Re3/Python_Codes/table/snapshots_split/Ti64_500K_snap00024.extxyz,Ti64,500,Ti64__500,-0.0034551614993023,-0.002607179313363938,0.0008479821859383621,0.0008479821859383621,0
/Users/yti0811/Desktop/FE_data/npj_CM01/NPJ_CM_Fig_Python/Public_Reproducibility_Package_V01/npjcm-free-energy-surrogate_Re3/Python_Codes/table/snapshots_split/Ti64_500K_snap00025.extxyz,Ti64,500,Ti64__500,-0.0035102336221705,-0.0032405921427755757,0.0002696414793949245,0.0002696414793949245,0
/Users/yti0811/Desktop/FE_data/npj_CM01/NPJ_CM_Fig_Python/Public_Reproducibility_Package_V01/npjcm-free-energy-surrogate_Re3/Python_Codes/table/snapshots_split/Ti64_500K_snap00026.extxyz,Ti64,500,Ti64__500,-0.0035120805276462,-0.003786193867865357,-0.000274113340219157,0.000274113340219157,0
/Users/yti0811/Desktop/FE_data/npj_CM01/NPJ_CM_Fig_Python/Public_Reproducibility_Package_V01/npjcm-free-energy-surrogate_Re3/Python_Codes/table/snapshots_split/Ti64_500K_snap00027.extxyz,Ti64,500,Ti64__500,-0.003232321966864,-0.0038672993918101996,-0.0006349774249461994,0.0006349774249461994,0
/Users/yti0811/Desktop/FE_data/npj_CM01/NPJ_CM_Fig_Python/Public_Reproducibility_Package_V01/npjcm-free-energy-surrogate_Re3/Python_Codes/table/snapshots_split/Ti64_500K_snap00028.extxyz,Ti64,500,Ti64__500,-0.0035178794372991,-0.004671570712475856,-0.001153691275176756,0.001153691275176756,0
/Users/yti0811/Desktop/FE_data/npj_CM01/NPJ_CM_Fig_Python/Public_Reproducibility_Package_V01/npjcm-free-energy-surrogate_Re3/Python_Codes/table/snapshots_split/Ti64_500K_snap00029.extxyz,Ti64,500,Ti64__500,-0.0032330223386592,-0.0028131488356923696,0.00041987350296683037,0.00041987350296683037,0
/Users/yti0811/Desktop/FE_data/npj_CM01/NPJ_CM_Fig_Python/Public_Reproducibility_Package_V01/npjcm-free-energy-surrogate_Re3/Python_Codes/table/snapshots_split/Ti64_500K_snap00030.extxyz,Ti64,500,Ti64__500,-0.0034582755501434,-0.0016528383631997268,0.001805437186943673,0.001805437186943673,0
/Users/yti0811/Desktop/FE_data/npj_CM01/NPJ_CM_Fig_Python/Public_Reproducibility_Package_V01/npjcm-free-energy-surrogate_Re3/Python_Codes/table/snapshots_split/Ti64_500K_snap00031.extxyz,Ti64,500,Ti64__500,-0.0033773171027388,-0.005366786134984907,-0.001989469032246107,0.001989469032246107,0
/Users/yti0811/Desktop/FE_data/npj_CM01/NPJ_CM_Fig_Python/Public_Reproducibility_Package_V01/npjcm-free-energy-surrogate_Re3/Python_Codes/table/snapshots_split/Ti64_500K_snap00032.extxyz,Ti64,500,Ti64__500,-0.0033374999684193,-0.005380455124577035,-0.0020429551561577347,0.0020429551561577347,0
/Users/yti0811/Desktop/FE_data/npj_CM01/NPJ_CM_Fig_Python/Public_Reproducibility_Package_V01/npjcm-free-energy-surrogate_Re3/Python_Codes/table/snapshots_split/Ti64_500K_snap00033.extxyz,Ti64,500,Ti64__500,-0.0035643610599503,-0.0016957481328661473,0.001868612927084153,0.001868612927084153,0
/Users/yti0811/Desktop/FE_data/npj_CM01/NPJ_CM_Fig_Python/Public_Reproducibility_Package_V01/npjcm-free-energy-surrogate_Re3/Python_Codes/table/snapshots_split/Ti64_500K_snap00034.extxyz,Ti64,500,Ti64__500,-0.0033730785628562,-0.004839146456411634,-0.0014660678935554342,0.0014660678935554342,0
/Users/yti0811/Desktop/FE_data/npj_CM01/NPJ_CM_Fig_Python/Public_Reproducibility_Package_V01/npjcm-free-energy-surrogate_Re3/Python_Codes/table/snapshots_split/Ti64_500K_snap00035.extxyz,Ti64,500,Ti64__500,-0.0030983970896858,-0.002337765617789456,0.0007606314718963439,0.0007606314718963439,0
/Users/yti0811/Desktop/FE_data/npj_CM01/NPJ_CM_Fig_Python/Public_Reproducibility_Package_V01/npjcm-free-energy-surrogate_Re3/Python_Codes/table/snapshots_split/Ti64_500K_snap00036.extxyz,Ti64,500,Ti64__500,-0.00337712991638,-0.0021072644332006257,0.0012698654831793743,0.0012698654831793743,0
/Users/yti0811/Desktop/FE_data/npj_CM01/NPJ_CM_Fig_Python/Public_Reproducibility_Package_V01/npjcm-free-energy-surrogate_Re3/Python_Codes/table/snapshots_split/Ti64_500K_snap00037.extxyz,Ti64,500,Ti64__500,-0.0035716750954193,-0.0037334674958008096,-0.00016179240038150964,0.00016179240038150964,0
/Users/yti0811/Desktop/FE_data/npj_CM01/NPJ_CM_Fig_Python/Public_Reproducibility_Package_V01/npjcm-free-energy-surrogate_Re3/Python_Codes/table/snapshots_split/Ti64_500K_snap00038.extxyz,Ti64,500,Ti64__500,-0.0033404430116276,-0.0048030079072479675,-0.0014625648956203673,0.0014625648956203673,0
/Users/yti0811/Desktop/FE_data/npj_CM01/NPJ_CM_Fig_Python/Public_Reproducibility_Package_V01/npjcm-free-energy-surrogate_Re3/Python_Codes/table/snapshots_split/Ti64_500K_snap00039.extxyz,Ti64,500,Ti64__500,-0.0033048462310981,-0.002650585812284853,0.0006542604188132469,0.0006542604188132469,0
/Users/yti0811/Desktop/FE_data/npj_CM01/NPJ_CM_Fig_Python/Public_Reproducibility_Package_V01/npjcm-free-energy-surrogate_Re3/Python_Codes/table/snapshots_split/Ti64_500K_snap00040.extxyz,Ti64,500,Ti64__500,-0.0033536451876396,-0.007064546579947958,-0.003710901392308358,0.003710901392308358,0
/Users/yti0811/Desktop/FE_data/npj_CM01/NPJ_CM_Fig_Python/Public_Reproducibility_Package_V01/npjcm-free-energy-surrogate_Re3/Python_Codes/table/snapshots_split/Ti64_500K_snap00041.extxyz,Ti64,500,Ti64__500,-0.0032027595899133,-0.007555402321837673,-0.004352642731924373,0.004352642731924373,0
/Users/yti0811/Desktop/FE_data/npj_CM01/NPJ_CM_Fig_Python/Public_Reproducibility_Package_V01/npjcm-free-energy-surrogate_Re3/Python_Codes/table/snapshots_split/Ti64_500K_snap00042.extxyz,Ti64,500,Ti64__500,-0.0035207607430318,-0.005726532641807816,-0.0022057718987760163,0.0022057718987760163,0
/Users/yti0811/Desktop/FE_data/npj_CM01/NPJ_CM_Fig_Python/Public_Reproducibility_Package_V01/npjcm-free-energy-surrogate_Re3/Python_Codes/table/snapshots_split/Ti64_500K_snap00043.extxyz,Ti64,500,Ti64__500,-0.0032427961009797,-0.005000303390131428,-0.0017575072891517283,0.0017575072891517283,0
/Users/yti0811/Desktop/FE_data/npj_CM01/NPJ_CM_Fig_Python/Public_Reproducibility_Package_V01/npjcm-free-energy-surrogate_Re3/Python_Codes/table/snapshots_split/Ti64_500K_snap00044.extxyz,Ti64,500,Ti64__500,-0.0032519816718818,-0.007203148554067393,-0.003951166882185593,0.003951166882185593,0
/Users/yti0811/Desktop/FE_data/npj_CM01/NPJ_CM_Fig_Python/Public_Reproducibility_Package_V01/npjcm-free-energy-surrogate_Re3/Python_Codes/table/snapshots_split/Ti64_500K_snap00045.extxyz,Ti64,500,Ti64__500,-0.0034855728685536,-0.004566828194747569,-0.0010812553261939691,0.0010812553261939691,0
/Users/yti0811/Desktop/FE_data/npj_CM01/NPJ_CM_Fig_Python/Public_Reproducibility_Package_V01/npjcm-free-energy-surrogate_Re3/Python_Codes/table/snapshots_split/Ti64_500K_snap00046.extxyz,Ti64,500,Ti64__500,-0.003378418303655,-0.0065731637277029725,-0.0031947454240479727,0.0031947454240479727,0
/Users/yti0811/Desktop/FE_data/npj_CM01/NPJ_CM_Fig_Python/Public_Reproducibility_Package_V01/npjcm-free-energy-surrogate_Re3/Python_Codes/table/snapshots_split/Ti64_500K_snap00047.extxyz,Ti64,500,Ti64__500,-0.0030456186907003,-0.0057507935273001425,-0.0027051748365998426,0.0027051748365998426,0
/Users/yti0811/Desktop/FE_data/npj_CM01/NPJ_CM_Fig_Python/Public_Reproducibility_Package_V01/npjcm-free-energy-surrogate_Re3/Python_Codes/table/snapshots_split/Ti64_500K_snap00048.extxyz,Ti64,500,Ti64__500,-0.0033061262867694,-0.003691809594390022,-0.00038568330762062206,0.00038568330762062206,0
/Users/yti0811/Desktop/FE_data/npj_CM01/NPJ_CM_Fig_Python/Public_Reproducibility_Package_V01/npjcm-free-energy-surrogate_Re3/Python_Codes/table/snapshots_split/Ti64_500K_snap00049.extxyz,Ti64,500,Ti64__500,-0.0035351029215273,-0.003978985327814791,-0.0004438824062874911,0.0004438824062874911,0
/Users/yti0811/Desktop/FE_data/npj_CM01/NPJ_CM_Fig_Python/Public_Reproducibility_Package_V01/npjcm-free-energy-surrogate_Re3/Python_Codes/table/snapshots_split/Ti64_500K_snap00050.extxyz,Ti64,500,Ti64__500,-0.0035677278873939,-0.0034167668158054908,0.00015096107158840905,0.00015096107158840905,0
/Users/yti0811/Desktop/FE_data/npj_CM01/NPJ_CM_Fig_Python/Public_Reproducibility_Package_V01/npjcm-free-energy-surrogate_Re3/Python_Codes/table/snapshots_split/Ti64_500K_snap00051.extxyz,Ti64,500,Ti64__500,-0.0032736870161691,-0.004956343803825836,-0.001682656787656736,0.001682656787656736,0
/Users/yti0811/Desktop/FE_data/npj_CM01/NPJ_CM_Fig_Python/Public_Reproducibility_Package_V01/npjcm-free-energy-surrogate_Re3/Python_Codes/table/snapshots_split/Ti64_500K_snap00052.extxyz,Ti64,500,Ti64__500,-0.0033616193082958,-0.0024847435393938826,0.0008768757689019174,0.0008768757689019174,0
/Users/yti0811/Desktop/FE_data/npj_CM01/NPJ_CM_Fig_Python/Public_Reproducibility_Package_V01/npjcm-free-energy-surrogate_Re3/Python_Codes/table/snapshots_split/Ti64_500K_snap00053.extxyz,Ti64,500,Ti64__500,-0.0034220205871997,-0.0017300043771372206,0.0016920162100624793,0.0016920162100624793,0
/Users/yti0811/Desktop/FE_data/npj_CM01/NPJ_CM_Fig_Python/Public_Reproducibility_Package_V01/npjcm-free-energy-surrogate_Re3/Python_Codes/table/snapshots_split/Ti64_500K_snap00054.extxyz,Ti64,500,Ti64__500,-0.0034668962060463,-0.0034380572182697248,2.8838987776575158e-05,2.8838987776575158e-05,0
/Users/yti0811/Desktop/FE_data/npj_CM01/NPJ_CM_Fig_Python/Public_Reproducibility_Package_V01/npjcm-free-energy-surrogate_Re3/Python_Codes/table/snapshots_split/Ti64_500K_snap00055.extxyz,Ti64,500,Ti64__500,-0.0033865742868204,-0.004999976939787615,-0.0016134026529672145,0.0016134026529672145,0
/Users/yti0811/Desktop/FE_data/npj_CM01/NPJ_CM_Fig_Python/Public_Reproducibility_Package_V01/npjcm-free-energy-surrogate_Re3/Python_Codes/table/snapshots_split/Ti64_500K_snap00056.extxyz,Ti64,500,Ti64__500,-0.0032357056337441,-0.004949226639840911,-0.0017135210060968114,0.0017135210060968114,0
/Users/yti0811/Desktop/FE_data/npj_CM01/NPJ_CM_Fig_Python/Public_Reproducibility_Package_V01/npjcm-free-energy-surrogate_Re3/Python_Codes/table/snapshots_split/Ti64_500K_snap00057.extxyz,Ti64,500,Ti64__500,-0.0034279726723054,-0.004964283487691398,-0.0015363108153859974,0.0015363108153859974,0
/Users/yti0811/Desktop/FE_data/npj_CM01/NPJ_CM_Fig_Python/Public_Reproducibility_Package_V01/npjcm-free-energy-surrogate_Re3/Python_Codes/table/snapshots_split/Ti64_500K_snap00058.extxyz,Ti64,500,Ti64__500,-0.0034718232440009,-0.005735199617159727,-0.002263376373158827,0.002263376373158827,0
/Users/yti0811/Desktop/FE_data/npj_CM01/NPJ_CM_Fig_Python/Public_Reproducibility_Package_V01/npjcm-free-energy-surrogate_Re3/Python_Codes/table/snapshots_split/Ti64_500K_snap00059.extxyz,Ti64,500,Ti64__500,-0.0036104907559486,-0.0027893102762896367,0.0008211804796589635,0.0008211804796589635,0
/Users/yti0811/Desktop/FE_data/npj_CM01/NPJ_CM_Fig_Python/Public_Reproducibility_Package_V01/npjcm-free-energy-surrogate_Re3/Python_Codes/table/snapshots_split/Ti64_500K_snap00060.extxyz,Ti64,500,Ti64__500,-0.0036409845240983,-0.004881391697976944,-0.0012404071738786444,0.0012404071738786444,0
/Users/yti0811/Desktop/FE_data/npj_CM01/NPJ_CM_Fig_Python/Public_Reproducibility_Package_V01/npjcm-free-energy-surrogate_Re3/Python_Codes/table/snapshots_split/Ti64_500K_snap00061.extxyz,Ti64,500,Ti64__500,-0.0030838267307086,-0.007381443005553564,-0.004297616274844964,0.004297616274844964,0
/Users/yti0811/Desktop/FE_data/npj_CM01/NPJ_CM_Fig_Python/Public_Reproducibility_Package_V01/npjcm-free-energy-surrogate_Re3/Python_Codes/table/snapshots_split/Ti64_500K_snap00062.extxyz,Ti64,500,Ti64__500,-0.0035527370731772,-0.005143246927287527,-0.001590509854110327,0.001590509854110327,0
/Users/yti0811/Desktop/FE_data/npj_CM01/NPJ_CM_Fig_Python/Public_Reproducibility_Package_V01/npjcm-free-energy-surrogate_Re3/Python_Codes/table/snapshots_split/Ti64_500K_snap00063.extxyz,Ti64,500,Ti64__500,-0.0033931253570586,-0.004719291181442279,-0.0013261658243836792,0.0013261658243836792,0
/Users/yti0811/Desktop/FE_data/npj_CM01/NPJ_CM_Fig_Python/Public_Reproducibility_Package_V01/npjcm-free-energy-surrogate_Re3/Python_Codes/table/snapshots_split/Ti64_500K_snap00064.extxyz,Ti64,500,Ti64__500,-0.0033818827200551,-0.004838535426828638,-0.0014566527067735383,0.0014566527067735383,0
/Users/yti0811/Desktop/FE_data/npj_CM01/NPJ_CM_Fig_Python/Public_Reproducibility_Package_V01/npjcm-free-energy-surrogate_Re3/Python_Codes/table/snapshots_split/Ti64_500K_snap00065.extxyz,Ti64,500,Ti64__500,-0.0033579551366373,-0.0061186534200416975,-0.0027606982834043974,0.0027606982834043974,0
/Users/yti0811/Desktop/FE_data/npj_CM01/NPJ_CM_Fig_Python/Public_Reproducibility_Package_V01/npjcm-free-energy-surrogate_Re3/Python_Codes/table/snapshots_split/Ti64_500K_snap00066.extxyz,Ti64,500,Ti64__500,-0.0035449216196521,-0.003311155999526972,0.00023376562012512783,0.00023376562012512783,0
/Users/yti0811/Desktop/FE_data/npj_CM01/NPJ_CM_Fig_Python/Public_Reproducibility_Package_V01/npjcm-free-energy-surrogate_Re3/Python_Codes/table/snapshots_split/Ti64_500K_snap00067.extxyz,Ti64,500,Ti64__500,-0.00346228418849,-0.006580225598751262,-0.0031179414102612624,0.0031179414102612624,0
/Users/yti0811/Desktop/FE_data/npj_CM01/NPJ_CM_Fig_Python/Public_Reproducibility_Package_V01/npjcm-free-energy-surrogate_Re3/Python_Codes/table/snapshots_split/Ti64_500K_snap00068.extxyz,Ti64,500,Ti64__500,-0.0031024732199884,-0.003139656004446246,-3.718278445784609e-05,3.718278445784609e-05,0
/Users/yti0811/Desktop/FE_data/npj_CM01/NPJ_CM_Fig_Python/Public_Reproducibility_Package_V01/npjcm-free-energy-surrogate_Re3/Python_Codes/table/snapshots_split/Ti64_500K_snap00069.extxyz,Ti64,500,Ti64__500,-0.0032656032747745,-0.0030379066589679023,0.00022769661580659788,0.00022769661580659788,0
/Users/yti0811/Desktop/FE_data/npj_CM01/NPJ_CM_Fig_Python/Public_Reproducibility_Package_V01/npjcm-free-energy-surrogate_Re3/Python_Codes/table/snapshots_split/Ti64_500K_snap00070.extxyz,Ti64,500,Ti64__500,-0.0033363401323548,-0.0024194007673240085,0.0009169393650307915,0.0009169393650307915,0
/Users/yti0811/Desktop/FE_data/npj_CM01/NPJ_CM_Fig_Python/Public_Reproducibility_Package_V01/npjcm-free-energy-surrogate_Re3/Python_Codes/table/snapshots_split/Ti64_500K_snap00071.extxyz,Ti64,500,Ti64__500,-0.0035623421504913,-0.006951791178661866,-0.0033894490281705662,0.0033894490281705662,0
/Users/yti0811/Desktop/FE_data/npj_CM01/NPJ_CM_Fig_Python/Public_Reproducibility_Package_V01/npjcm-free-energy-surrogate_Re3/Python_Codes/table/snapshots_split/Ti64_500K_snap00072.extxyz,Ti64,500,Ti64__500,-0.0035547344018868,-0.004773963175382989,-0.0012192287734961896,0.0012192287734961896,0
/Users/yti0811/Desktop/FE_data/npj_CM01/NPJ_CM_Fig_Python/Public_Reproducibility_Package_V01/npjcm-free-energy-surrogate_Re3/Python_Codes/table/snapshots_split/Ti64_500K_snap00073.extxyz,Ti64,500,Ti64__500,-0.0034221763392119,-0.0064629790867973295,-0.0030408027475854293,0.0030408027475854293,0
/Users/yti0811/Desktop/FE_data/npj_CM01/NPJ_CM_Fig_Python/Public_Reproducibility_Package_V01/npjcm-free-energy-surrogate_Re3/Python_Codes/table/snapshots_split/Ti64_500K_snap00074.extxyz,Ti64,500,Ti64__500,-0.003274509512377,-0.00548567395466454,-0.00221116444228754,0.00221116444228754,0
/Users/yti0811/Desktop/FE_data/npj_CM01/NPJ_CM_Fig_Python/Public_Reproducibility_Package_V01/npjcm-free-energy-surrogate_Re3/Python_Codes/table/snapshots_split/Ti64_500K_snap00075.extxyz,Ti64,500,Ti64__500,-0.0036901030766159,-0.004423196413595498,-0.0007330933369795981,0.0007330933369795981,0
/Users/yti0811/Desktop/FE_data/npj_CM01/NPJ_CM_Fig_Python/Public_Reproducibility_Package_V01/npjcm-free-energy-surrogate_Re3/Python_Codes/table/snapshots_split/Ti64_500K_snap00076.extxyz,Ti64,500,Ti64__500,-0.0035575826107192,-0.0024411963305740734,0.0011163862801451267,0.0011163862801451267,0
/Users/yti0811/Desktop/FE_data/npj_CM01/NPJ_CM_Fig_Python/Public_Reproducibility_Package_V01/npjcm-free-energy-surrogate_Re3/Python_Codes/table/snapshots_split/Ti64_500K_snap00077.extxyz,Ti64,500,Ti64__500,-0.003468928370936,-0.005173858911759717,-0.0017049305408237173,0.0017049305408237173,0
/Users/yti0811/Desktop/FE_data/npj_CM01/NPJ_CM_Fig_Python/Public_Reproducibility_Package_V01/npjcm-free-energy-surrogate_Re3/Python_Codes/table/snapshots_split/Ti64_500K_snap00078.extxyz,Ti64,500,Ti64__500,-0.0034010910273953,-0.004719144371872935,-0.0013180533444776348,0.0013180533444776348,0
/Users/yti0811/Desktop/FE_data/npj_CM01/NPJ_CM_Fig_Python/Public_Reproducibility_Package_V01/npjcm-free-energy-surrogate_Re3/Python_Codes/table/snapshots_split/Ti64_500K_snap00079.extxyz,Ti64,500,Ti64__500,-0.0031855129665714,-0.0051317483606799635,-0.0019462353941085636,0.0019462353941085636,0
/Users/yti0811/Desktop/FE_data/npj_CM01/NPJ_CM_Fig_Python/Public_Reproducibility_Package_V01/npjcm-free-energy-surrogate_Re3/Python_Codes/table/snapshots_split/Ti64_500K_snap00080.extxyz,Ti64,500,Ti64__500,-0.0033133003725135,-0.0034402272495651274,-0.00012692687705162737,0.00012692687705162737,0
/Users/yti0811/Desktop/FE_data/npj_CM01/NPJ_CM_Fig_Python/Public_Reproducibility_Package_V01/npjcm-free-energy-surrogate_Re3/Python_Codes/table/snapshots_split/Ti64_500K_snap00081.extxyz,Ti64,500,Ti64__500,-0.0034927839251659,-0.0022075025412085936,0.0012852813839573062,0.0012852813839573062,0
/Users/yti0811/Desktop/FE_data/npj_CM01/NPJ_CM_Fig_Python/Public_Reproducibility_Package_V01/npjcm-free-energy-surrogate_Re3/Python_Codes/table/snapshots_split/Ti64_500K_snap00082.extxyz,Ti64,500,Ti64__500,-0.0038859498231401,-0.0038406438580216723,4.530596511842771e-05,4.530596511842771e-05,0
/Users/yti0811/Desktop/FE_data/npj_CM01/NPJ_CM_Fig_Python/Public_Reproducibility_Package_V01/npjcm-free-energy-surrogate_Re3/Python_Codes/table/snapshots_split/Ti64_500K_snap00083.extxyz,Ti64,500,Ti64__500,-0.0029343406841381,-0.002939659913978678,-5.3192298405781505e-06,5.3192298405781505e-06,0
/Users/yti0811/Desktop/FE_data/npj_CM01/NPJ_CM_Fig_Python/Public_Reproducibility_Package_V01/npjcm-free-energy-surrogate_Re3/Python_Codes/table/snapshots_split/Ti64_500K_snap00084.extxyz,Ti64,500,Ti64__500,-0.0031789399391637,-0.0059681190957964194,-0.0027891791566327195,0.0027891791566327195,0
/Users/yti0811/Desktop/FE_data/npj_CM01/NPJ_CM_Fig_Python/Public_Reproducibility_Package_V01/npjcm-free-energy-surrogate_Re3/Python_Codes/table/snapshots_split/Ti64_500K_snap00085.extxyz,Ti64,500,Ti64__500,-0.0033379657360634,-0.004942922792914172,-0.0016049570568507717,0.0016049570568507717,0
/Users/yti0811/Desktop/FE_data/npj_CM01/NPJ_CM_Fig_Python/Public_Reproducibility_Package_V01/npjcm-free-energy-surrogate_Re3/Python_Codes/table/snapshots_split/Ti64_500K_snap00086.extxyz,Ti64,500,Ti64__500,-0.003336672631217,-0.00318718520714079,0.0001494874240762097,0.0001494874240762097,0
/Users/yti0811/Desktop/FE_data/npj_CM01/NPJ_CM_Fig_Python/Public_Reproducibility_Package_V01/npjcm-free-energy-surrogate_Re3/Python_Codes/table/snapshots_split/Ti64_500K_snap00087.extxyz,Ti64,500,Ti64__500,-0.0032262395200512,-0.00475427196153505,-0.0015280324414838503,0.0015280324414838503,0
/Users/yti0811/Desktop/FE_data/npj_CM01/NPJ_CM_Fig_Python/Public_Reproducibility_Package_V01/npjcm-free-energy-surrogate_Re3/Python_Codes/table/snapshots_split/Ti64_500K_snap00088.extxyz,Ti64,500,Ti64__500,-0.0033253167914258,-0.004659691774590554,-0.0013343749831647538,0.0013343749831647538,0
/Users/yti0811/Desktop/FE_data/npj_CM01/NPJ_CM_Fig_Python/Public_Reproducibility_Package_V01/npjcm-free-energy-surrogate_Re3/Python_Codes/table/snapshots_split/Ti64_500K_snap00089.extxyz,Ti64,500,Ti64__500,-0.0034740717047332,-0.005629962183517622,-0.0021558904787844215,0.0021558904787844215,0
/Users/yti0811/Desktop/FE_data/npj_CM01/NPJ_CM_Fig_Python/Public_Reproducibility_Package_V01/npjcm-free-energy-surrogate_Re3/Python_Codes/table/snapshots_split/Ti64_500K_snap00090.extxyz,Ti64,500,Ti64__500,-0.0032380567406647,-0.005627902364678899,-0.0023898456240141986,0.0023898456240141986,0
/Users/yti0811/Desktop/FE_data/npj_CM01/NPJ_CM_Fig_Python/Public_Reproducibility_Package_V01/npjcm-free-energy-surrogate_Re3/Python_Codes/table/snapshots_split/Ti64_500K_snap00091.extxyz,Ti64,500,Ti64__500,-0.0031950286136719,-0.006093933997853121,-0.0028989053841812205,0.0028989053841812205,0
/Users/yti0811/Desktop/FE_data/npj_CM01/NPJ_CM_Fig_Python/Public_Reproducibility_Package_V01/npjcm-free-energy-surrogate_Re3/Python_Codes/table/snapshots_split/Ti64_500K_snap00092.extxyz,Ti64,500,Ti64__500,-0.0035475398495063,-0.003641523570497991,-9.3983720991691e-05,9.3983720991691e-05,0
/Users/yti0811/Desktop/FE_data/npj_CM01/NPJ_CM_Fig_Python/Public_Reproducibility_Package_V01/npjcm-free-energy-surrogate_Re3/Python_Codes/table/snapshots_split/Ti64_500K_snap00093.extxyz,Ti64,500,Ti64__500,-0.0036736269884325,-0.0027006210257583614,0.0009730059626741386,0.0009730059626741386,0
/Users/yti0811/Desktop/FE_data/npj_CM01/NPJ_CM_Fig_Python/Public_Reproducibility_Package_V01/npjcm-free-energy-surrogate_Re3/Python_Codes/table/snapshots_split/Ti64_500K_snap00094.extxyz,Ti64,500,Ti64__500,-0.003626426048586,-0.005603698247161123,-0.001977272198575123,0.001977272198575123,0
/Users/yti0811/Desktop/FE_data/npj_CM01/NPJ_CM_Fig_Python/Public_Reproducibility_Package_V01/npjcm-free-energy-surrogate_Re3/Python_Codes/table/snapshots_split/Ti64_500K_snap00095.extxyz,Ti64,500,Ti64__500,-0.0033921362549854,-0.005315156121678263,-0.0019230198666928626,0.0019230198666928626,0
/Users/yti0811/Desktop/FE_data/npj_CM01/NPJ_CM_Fig_Python/Public_Reproducibility_Package_V01/npjcm-free-energy-surrogate_Re3/Python_Codes/table/snapshots_split/Ti64_500K_snap00096.extxyz,Ti64,500,Ti64__500,-0.0036735912532266,-0.004625336107875671,-0.0009517448546490707,0.0009517448546490707,0
/Users/yti0811/Desktop/FE_data/npj_CM01/NPJ_CM_Fig_Python/Public_Reproducibility_Package_V01/npjcm-free-energy-surrogate_Re3/Python_Codes/table/snapshots_split/Ti64_500K_snap00097.extxyz,Ti64,500,Ti64__500,-0.0033607194999693,-0.0046167950124996904,-0.0012560755125303903,0.0012560755125303903,0
/Users/yti0811/Desktop/FE_data/npj_CM01/NPJ_CM_Fig_Python/Public_Reproducibility_Package_V01/npjcm-free-energy-surrogate_Re3/Python_Codes/table/snapshots_split/Ti64_500K_snap00098.extxyz,Ti64,500,Ti64__500,-0.0031214639408767,-0.004519272538269838,-0.001397808597393138,0.001397808597393138,0
/Users/yti0811/Desktop/FE_data/npj_CM01/NPJ_CM_Fig_Python/Public_Reproducibility_Package_V01/npjcm-free-energy-surrogate_Re3/Python_Codes/table/snapshots_split/Ti64_500K_snap00099.extxyz,Ti64,500,Ti64__500,-0.003607425942867,-0.005564133843529029,-0.0019567079006620296,0.0019567079006620296,0
/Users/yti0811/Desktop/FE_data/npj_CM01/NPJ_CM_Fig_Python/Public_Reproducibility_Package_V01/npjcm-free-energy-surrogate_Re3/Python_Codes/table/snapshots_split/Ti64_600K_snap00000.extxyz,Ti64,600,Ti64__600,-0.0046447461769575,-0.00737794000519819,-0.0027331938282406905,0.0027331938282406905,2
/Users/yti0811/Desktop/FE_data/npj_CM01/NPJ_CM_Fig_Python/Public_Reproducibility_Package_V01/npjcm-free-energy-surrogate_Re3/Python_Codes/table/snapshots_split/Ti64_600K_snap00001.extxyz,Ti64,600,Ti64__600,-0.005269217848384,-0.00734256806961371,-0.0020733502212297097,0.0020733502212297097,2
/Users/yti0811/Desktop/FE_data/npj_CM01/NPJ_CM_Fig_Python/Public_Reproducibility_Package_V01/npjcm-free-energy-surrogate_Re3/Python_Codes/table/snapshots_split/Ti64_600K_snap00002.extxyz,Ti64,600,Ti64__600,-0.0050682362097626,-0.008480753000235252,-0.0034125167904726517,0.0034125167904726517,2
/Users/yti0811/Desktop/FE_data/npj_CM01/NPJ_CM_Fig_Python/Public_Reproducibility_Package_V01/npjcm-free-energy-surrogate_Re3/Python_Codes/table/snapshots_split/Ti64_600K_snap00003.extxyz,Ti64,600,Ti64__600,-0.0055006956938409,-0.009061965149701959,-0.0035612694558610587,0.0035612694558610587,2
/Users/yti0811/Desktop/FE_data/npj_CM01/NPJ_CM_Fig_Python/Public_Reproducibility_Package_V01/npjcm-free-energy-surrogate_Re3/Python_Codes/table/snapshots_split/Ti64_600K_snap00004.extxyz,Ti64,600,Ti64__600,-0.0049578621175837,-0.008120315929027504,-0.0031624538114438036,0.0031624538114438036,2
/Users/yti0811/Desktop/FE_data/npj_CM01/NPJ_CM_Fig_Python/Public_Reproducibility_Package_V01/npjcm-free-energy-surrogate_Re3/Python_Codes/table/snapshots_split/Ti64_600K_snap00005.extxyz,Ti64,600,Ti64__600,-0.0052688815249403,-0.006982123887140253,-0.0017132423621999534,0.0017132423621999534,2
/Users/yti0811/Desktop/FE_data/npj_CM01/NPJ_CM_Fig_Python/Public_Reproducibility_Package_V01/npjcm-free-energy-surrogate_Re3/Python_Codes/table/snapshots_split/Ti64_600K_snap00006.extxyz,Ti64,600,Ti64__600,-0.0053895728830309,-0.007898530781891807,-0.0025089578988609076,0.0025089578988609076,2
/Users/yti0811/Desktop/FE_data/npj_CM01/NPJ_CM_Fig_Python/Public_Reproducibility_Package_V01/npjcm-free-energy-surrogate_Re3/Python_Codes/table/snapshots_split/Ti64_600K_snap00007.extxyz,Ti64,600,Ti64__600,-0.0055005155029875,-0.006269722486493679,-0.000769206983506179,0.000769206983506179,2
/Users/yti0811/Desktop/FE_data/npj_CM01/NPJ_CM_Fig_Python/Public_Reproducibility_Package_V01/npjcm-free-energy-surrogate_Re3/Python_Codes/table/snapshots_split/Ti64_600K_snap00008.extxyz,Ti64,600,Ti64__600,-0.0054723554210288,-0.006415457978721902,-0.0009431025576931021,0.0009431025576931021,2
/Users/yti0811/Desktop/FE_data/npj_CM01/NPJ_CM_Fig_Python/Public_Reproducibility_Package_V01/npjcm-free-energy-surrogate_Re3/Python_Codes/table/snapshots_split/Ti64_600K_snap00009.extxyz,Ti64,600,Ti64__600,-0.0051651589285547,-0.008394213102819455,-0.0032290541742647557,0.0032290541742647557,2
/Users/yti0811/Desktop/FE_data/npj_CM01/NPJ_CM_Fig_Python/Public_Reproducibility_Package_V01/npjcm-free-energy-surrogate_Re3/Python_Codes/table/snapshots_split/Ti64_600K_snap00010.extxyz,Ti64,600,Ti64__600,-0.0051673570247771,-0.005960807148880427,-0.0007934501241033277,0.0007934501241033277,2
/Users/yti0811/Desktop/FE_data/npj_CM01/NPJ_CM_Fig_Python/Public_Reproducibility_Package_V01/npjcm-free-energy-surrogate_Re3/Python_Codes/table/snapshots_split/Ti64_600K_snap00011.extxyz,Ti64,600,Ti64__600,-0.0054248669814375,-0.006464982972524795,-0.001040115991087295,0.001040115991087295,2
/Users/yti0811/Desktop/FE_data/npj_CM01/NPJ_CM_Fig_Python/Public_Reproducibility_Package_V01/npjcm-free-energy-surrogate_Re3/Python_Codes/table/snapshots_split/Ti64_600K_snap00012.extxyz,Ti64,600,Ti64__600,-0.0052395887242308,-0.004241246663560815,0.0009983420606699848,0.0009983420606699848,2
/Users/yti0811/Desktop/FE_data/npj_CM01/NPJ_CM_Fig_Python/Public_Reproducibility_Package_V01/npjcm-free-energy-surrogate_Re3/Python_Codes/table/snapshots_split/Ti64_600K_snap00013.extxyz,Ti64,600,Ti64__600,-0.0051463353553461,-0.006600195039988007,-0.0014538596846419075,0.0014538596846419075,2
/Users/yti0811/Desktop/FE_data/npj_CM01/NPJ_CM_Fig_Python/Public_Reproducibility_Package_V01/npjcm-free-energy-surrogate_Re3/Python_Codes/table/snapshots_split/Ti64_600K_snap00014.extxyz,Ti64,600,Ti64__600,-0.0052399617719826,-0.00610538606830184,-0.00086542429631924,0.00086542429631924,2
/Users/yti0811/Desktop/FE_data/npj_CM01/NPJ_CM_Fig_Python/Public_Reproducibility_Package_V01/npjcm-free-energy-surrogate_Re3/Python_Codes/table/snapshots_split/Ti64_600K_snap00015.extxyz,Ti64,600,Ti64__600,-0.0053045396943228,-0.006790430578504494,-0.0014858908841816941,0.0014858908841816941,2
/Users/yti0811/Desktop/FE_data/npj_CM01/NPJ_CM_Fig_Python/Public_Reproducibility_Package_V01/npjcm-free-energy-surrogate_Re3/Python_Codes/table/snapshots_split/Ti64_600K_snap00016.extxyz,Ti64,600,Ti64__600,-0.0053521003952506,-0.0055903299539655765,-0.00023822955871497659,0.00023822955871497659,2
/Users/yti0811/Desktop/FE_data/npj_CM01/NPJ_CM_Fig_Python/Public_Reproducibility_Package_V01/npjcm-free-energy-surrogate_Re3/Python_Codes/table/snapshots_split/Ti64_600K_snap00017.extxyz,Ti64,600,Ti64__600,-0.0051164546867453,-0.009478067977001405,-0.004361613290256105,0.004361613290256105,2
/Users/yti0811/Desktop/FE_data/npj_CM01/NPJ_CM_Fig_Python/Public_Reproducibility_Package_V01/npjcm-free-energy-surrogate_Re3/Python_Codes/table/snapshots_split/Ti64_600K_snap00018.extxyz,Ti64,600,Ti64__600,-0.0053995745959919,-0.0072468250223788585,-0.0018472504263869587,0.0018472504263869587,2
/Users/yti0811/Desktop/FE_data/npj_CM01/NPJ_CM_Fig_Python/Public_Reproducibility_Package_V01/npjcm-free-energy-surrogate_Re3/Python_Codes/table/snapshots_split/Ti64_600K_snap00019.extxyz,Ti64,600,Ti64__600,-0.0055666060697384,-0.005926498729693651,-0.0003598926599552507,0.0003598926599552507,2
/Users/yti0811/Desktop/FE_data/npj_CM01/NPJ_CM_Fig_Python/Public_Reproducibility_Package_V01/npjcm-free-energy-surrogate_Re3/Python_Codes/table/snapshots_split/Ti64_600K_snap00020.extxyz,Ti64,600,Ti64__600,-0.0054662896203679,-0.007465409614659652,-0.001999119994291752,0.001999119994291752,2
/Users/yti0811/Desktop/FE_data/npj_CM01/NPJ_CM_Fig_Python/Public_Reproducibility_Package_V01/npjcm-free-energy-surrogate_Re3/Python_Codes/table/snapshots_split/Ti64_600K_snap00021.extxyz,Ti64,600,Ti64__600,-0.0054483422105527,-0.0065024095089666585,-0.0010540672984139582,0.0010540672984139582,2
/Users/yti0811/Desktop/FE_data/npj_CM01/NPJ_CM_Fig_Python/Public_Reproducibility_Package_V01/npjcm-free-energy-surrogate_Re3/Python_Codes/table/snapshots_split/Ti64_600K_snap00022.extxyz,Ti64,600,Ti64__600,-0.0050368695686825,-0.007701732466614381,-0.0026648628979318812,0.0026648628979318812,2
/Users/yti0811/Desktop/FE_data/npj_CM01/NPJ_CM_Fig_Python/Public_Reproducibility_Package_V01/npjcm-free-energy-surrogate_Re3/Python_Codes/table/snapshots_split/Ti64_600K_snap00023.extxyz,Ti64,600,Ti64__600,-0.0048180868391104,-0.008119344110191338,-0.0033012572710809374,0.0033012572710809374,2
/Users/yti0811/Desktop/FE_data/npj_CM01/NPJ_CM_Fig_Python/Public_Reproducibility_Package_V01/npjcm-free-energy-surrogate_Re3/Python_Codes/table/snapshots_split/Ti64_600K_snap00024.extxyz,Ti64,600,Ti64__600,-0.0057702282675072,-0.008067598303365776,-0.0022973700358585756,0.0022973700358585756,2
/Users/yti0811/Desktop/FE_data/npj_CM01/NPJ_CM_Fig_Python/Public_Reproducibility_Package_V01/npjcm-free-energy-surrogate_Re3/Python_Codes/table/snapshots_split/Ti64_600K_snap00025.extxyz,Ti64,600,Ti64__600,-0.0052461436931886,-0.006489340808647903,-0.0012431971154593024,0.0012431971154593024,2
/Users/yti0811/Desktop/FE_data/npj_CM01/NPJ_CM_Fig_Python/Public_Reproducibility_Package_V01/npjcm-free-energy-surrogate_Re3/Python_Codes/table/snapshots_split/Ti64_600K_snap00026.extxyz,Ti64,600,Ti64__600,-0.0048979020654958,-0.006128557483792289,-0.0012306554182964892,0.0012306554182964892,2
/Users/yti0811/Desktop/FE_data/npj_CM01/NPJ_CM_Fig_Python/Public_Reproducibility_Package_V01/npjcm-free-energy-surrogate_Re3/Python_Codes/table/snapshots_split/Ti64_600K_snap00027.extxyz,Ti64,600,Ti64__600,-0.0055200577253035,-0.008011559218613596,-0.002491501493310096,0.002491501493310096,2
/Users/yti0811/Desktop/FE_data/npj_CM01/NPJ_CM_Fig_Python/Public_Reproducibility_Package_V01/npjcm-free-energy-surrogate_Re3/Python_Codes/table/snapshots_split/Ti64_600K_snap00028.extxyz,Ti64,600,Ti64__600,-0.005256381694915,-0.006079562211506639,-0.000823180516591639,0.000823180516591639,2
/Users/yti0811/Desktop/FE_data/npj_CM01/NPJ_CM_Fig_Python/Public_Reproducibility_Package_V01/npjcm-free-energy-surrogate_Re3/Python_Codes/table/snapshots_split/Ti64_600K_snap00029.extxyz,Ti64,600,Ti64__600,-0.0055577455122942,-0.006578438300880156,-0.0010206927885859553,0.0010206927885859553,2
/Users/yti0811/Desktop/FE_data/npj_CM01/NPJ_CM_Fig_Python/Public_Reproducibility_Package_V01/npjcm-free-energy-surrogate_Re3/Python_Codes/table/snapshots_split/Ti64_600K_snap00030.extxyz,Ti64,600,Ti64__600,-0.0049557399487937,-0.006363570385327626,-0.0014078304365339267,0.0014078304365339267,2
/Users/yti0811/Desktop/FE_data/npj_CM01/NPJ_CM_Fig_Python/Public_Reproducibility_Package_V01/npjcm-free-energy-surrogate_Re3/Python_Codes/table/snapshots_split/Ti64_600K_snap00031.extxyz,Ti64,600,Ti64__600,-0.0050836095317948,-0.006580681432653396,-0.001497071900858596,0.001497071900858596,2
/Users/yti0811/Desktop/FE_data/npj_CM01/NPJ_CM_Fig_Python/Public_Reproducibility_Package_V01/npjcm-free-energy-surrogate_Re3/Python_Codes/table/snapshots_split/Ti64_600K_snap00032.extxyz,Ti64,600,Ti64__600,-0.0054910973107525,-0.005267620199427257,0.000223477111325243,0.000223477111325243,2
/Users/yti0811/Desktop/FE_data/npj_CM01/NPJ_CM_Fig_Python/Public_Reproducibility_Package_V01/npjcm-free-energy-surrogate_Re3/Python_Codes/table/snapshots_split/Ti64_600K_snap00033.extxyz,Ti64,600,Ti64__600,-0.0054305312901067,-0.0087590852878477,-0.0033285539977410007,0.0033285539977410007,2
/Users/yti0811/Desktop/FE_data/npj_CM01/NPJ_CM_Fig_Python/Public_Reproducibility_Package_V01/npjcm-free-energy-surrogate_Re3/Python_Codes/table/snapshots_split/Ti64_600K_snap00034.extxyz,Ti64,600,Ti64__600,-0.0054609070998862,-0.00533998694205492,0.00012092015783128022,0.00012092015783128022,2
/Users/yti0811/Desktop/FE_data/npj_CM01/NPJ_CM_Fig_Python/Public_Reproducibility_Package_V01/npjcm-free-energy-surrogate_Re3/Python_Codes/table/snapshots_split/Ti64_600K_snap00035.extxyz,Ti64,600,Ti64__600,-0.005438007736391,-0.009601153918598348,-0.004163146182207348,0.004163146182207348,2
/Users/yti0811/Desktop/FE_data/npj_CM01/NPJ_CM_Fig_Python/Public_Reproducibility_Package_V01/npjcm-free-energy-surrogate_Re3/Python_Codes/table/snapshots_split/Ti64_600K_snap00036.extxyz,Ti64,600,Ti64__600,-0.0050784014290191,-0.007842041382392142,-0.002763639953373041,0.002763639953373041,2
/Users/yti0811/Desktop/FE_data/npj_CM01/NPJ_CM_Fig_Python/Public_Reproducibility_Package_V01/npjcm-free-energy-surrogate_Re3/Python_Codes/table/snapshots_split/Ti64_600K_snap00037.extxyz,Ti64,600,Ti64__600,-0.0052237739958728,-0.0065378047412521225,-0.0013140307453793224,0.0013140307453793224,2
/Users/yti0811/Desktop/FE_data/npj_CM01/NPJ_CM_Fig_Python/Public_Reproducibility_Package_V01/npjcm-free-energy-surrogate_Re3/Python_Codes/table/snapshots_split/Ti64_600K_snap00038.extxyz,Ti64,600,Ti64__600,-0.0051914190449081,-0.005678513808400163,-0.0004870947634920634,0.0004870947634920634,2
/Users/yti0811/Desktop/FE_data/npj_CM01/NPJ_CM_Fig_Python/Public_Reproducibility_Package_V01/npjcm-free-energy-surrogate_Re3/Python_Codes/table/snapshots_split/Ti64_600K_snap00039.extxyz,Ti64,600,Ti64__600,-0.0057319594951473,-0.007782753676162167,-0.002050794181014867,0.002050794181014867,2
/Users/yti0811/Desktop/FE_data/npj_CM01/NPJ_CM_Fig_Python/Public_Reproducibility_Package_V01/npjcm-free-energy-surrogate_Re3/Python_Codes/table/snapshots_split/Ti64_600K_snap00040.extxyz,Ti64,600,Ti64__600,-0.0053214366658239,-0.0049383435676980565,0.00038309309812584354,0.00038309309812584354,2
/Users/yti0811/Desktop/FE_data/npj_CM01/NPJ_CM_Fig_Python/Public_Reproducibility_Package_V01/npjcm-free-energy-surrogate_Re3/Python_Codes/table/snapshots_split/Ti64_600K_snap00041.extxyz,Ti64,600,Ti64__600,-0.0050994167104098,-0.010029483089778671,-0.004930066379368871,0.004930066379368871,2
/Users/yti0811/Desktop/FE_data/npj_CM01/NPJ_CM_Fig_Python/Public_Reproducibility_Package_V01/npjcm-free-energy-surrogate_Re3/Python_Codes/table/snapshots_split/Ti64_600K_snap00042.extxyz,Ti64,600,Ti64__600,-0.0055179235806487,-0.01011874046379483,-0.00460081688314613,0.00460081688314613,2
/Users/yti0811/Desktop/FE_data/npj_CM01/NPJ_CM_Fig_Python/Public_Reproducibility_Package_V01/npjcm-free-energy-surrogate_Re3/Python_Codes/table/snapshots_split/Ti64_600K_snap00043.extxyz,Ti64,600,Ti64__600,-0.0051427479113083,-0.008879093589261082,-0.003736345677952782,0.003736345677952782,2
/Users/yti0811/Desktop/FE_data/npj_CM01/NPJ_CM_Fig_Python/Public_Reproducibility_Package_V01/npjcm-free-energy-surrogate_Re3/Python_Codes/table/snapshots_split/Ti64_600K_snap00044.extxyz,Ti64,600,Ti64__600,-0.0051327126183037,-0.005537550342025853,-0.0004048377237221533,0.0004048377237221533,2
/Users/yti0811/Desktop/FE_data/npj_CM01/NPJ_CM_Fig_Python/Public_Reproducibility_Package_V01/npjcm-free-energy-surrogate_Re3/Python_Codes/table/snapshots_split/Ti64_600K_snap00045.extxyz,Ti64,600,Ti64__600,-0.0052913302317191,-0.007163069902790225,-0.0018717396710711248,0.0018717396710711248,2
/Users/yti0811/Desktop/FE_data/npj_CM01/NPJ_CM_Fig_Python/Public_Reproducibility_Package_V01/npjcm-free-energy-surrogate_Re3/Python_Codes/table/snapshots_split/Ti64_600K_snap00046.extxyz,Ti64,600,Ti64__600,-0.0053969796864487,-0.007888904240929724,-0.002491924554481025,0.002491924554481025,2
/Users/yti0811/Desktop/FE_data/npj_CM01/NPJ_CM_Fig_Python/Public_Reproducibility_Package_V01/npjcm-free-energy-surrogate_Re3/Python_Codes/table/snapshots_split/Ti64_600K_snap00047.extxyz,Ti64,600,Ti64__600,-0.0052309793794186,-0.008224816173314574,-0.002993836793895974,0.002993836793895974,2
/Users/yti0811/Desktop/FE_data/npj_CM01/NPJ_CM_Fig_Python/Public_Reproducibility_Package_V01/npjcm-free-energy-surrogate_Re3/Python_Codes/table/snapshots_split/Ti64_600K_snap00048.extxyz,Ti64,600,Ti64__600,-0.0055527445146595,-0.010067196245692021,-0.004514451731032521,0.004514451731032521,2
/Users/yti0811/Desktop/FE_data/npj_CM01/NPJ_CM_Fig_Python/Public_Reproducibility_Package_V01/npjcm-free-energy-surrogate_Re3/Python_Codes/table/snapshots_split/Ti64_600K_snap00049.extxyz,Ti64,600,Ti64__600,-0.0053073048118711,-0.007940350041924707,-0.002633045230053607,0.002633045230053607,2
/Users/yti0811/Desktop/FE_data/npj_CM01/NPJ_CM_Fig_Python/Public_Reproducibility_Package_V01/npjcm-free-energy-surrogate_Re3/Python_Codes/table/snapshots_split/Ti64_600K_snap00050.extxyz,Ti64,600,Ti64__600,-0.0055284274434522,-0.006664852760102492,-0.0011364253166502919,0.0011364253166502919,2
/Users/yti0811/Desktop/FE_data/npj_CM01/NPJ_CM_Fig_Python/Public_Reproducibility_Package_V01/npjcm-free-energy-surrogate_Re3/Python_Codes/table/snapshots_split/Ti64_600K_snap00051.extxyz,Ti64,600,Ti64__600,-0.0049785116635688,-0.005900912033164837,-0.0009224003695960364,0.0009224003695960364,2
/Users/yti0811/Desktop/FE_data/npj_CM01/NPJ_CM_Fig_Python/Public_Reproducibility_Package_V01/npjcm-free-energy-surrogate_Re3/Python_Codes/table/snapshots_split/Ti64_600K_snap00052.extxyz,Ti64,600,Ti64__600,-0.0049137829443656,-0.005907401269260536,-0.0009936183248949364,0.0009936183248949364,2
/Users/yti0811/Desktop/FE_data/npj_CM01/NPJ_CM_Fig_Python/Public_Reproducibility_Package_V01/npjcm-free-energy-surrogate_Re3/Python_Codes/table/snapshots_split/Ti64_600K_snap00053.extxyz,Ti64,600,Ti64__600,-0.0052930148636695,-0.005380138136257052,-8.712327258755207e-05,8.712327258755207e-05,2
/Users/yti0811/Desktop/FE_data/npj_CM01/NPJ_CM_Fig_Python/Public_Reproducibility_Package_V01/npjcm-free-energy-surrogate_Re3/Python_Codes/table/snapshots_split/Ti64_600K_snap00054.extxyz,Ti64,600,Ti64__600,-0.0052400320947035,-0.007022682508728169,-0.001782650414024669,0.001782650414024669,2
/Users/yti0811/Desktop/FE_data/npj_CM01/NPJ_CM_Fig_Python/Public_Reproducibility_Package_V01/npjcm-free-energy-surrogate_Re3/Python_Codes/table/snapshots_split/Ti64_600K_snap00055.extxyz,Ti64,600,Ti64__600,-0.0053005412784631,-0.004119493290760577,0.0011810479877025232,0.0011810479877025232,2
/Users/yti0811/Desktop/FE_data/npj_CM01/NPJ_CM_Fig_Python/Public_Reproducibility_Package_V01/npjcm-free-energy-surrogate_Re3/Python_Codes/table/snapshots_split/Ti64_600K_snap00056.extxyz,Ti64,600,Ti64__600,-0.0052210183970001,-0.006393315990460441,-0.0011722975934603409,0.0011722975934603409,2
/Users/yti0811/Desktop/FE_data/npj_CM01/NPJ_CM_Fig_Python/Public_Reproducibility_Package_V01/npjcm-free-energy-surrogate_Re3/Python_Codes/table/snapshots_split/Ti64_600K_snap00057.extxyz,Ti64,600,Ti64__600,-0.005277039271717,-0.0033760848537346096,0.0019009544179823907,0.0019009544179823907,2
/Users/yti0811/Desktop/FE_data/npj_CM01/NPJ_CM_Fig_Python/Public_Reproducibility_Package_V01/npjcm-free-energy-surrogate_Re3/Python_Codes/table/snapshots_split/Ti64_600K_snap00058.extxyz,Ti64,600,Ti64__600,-0.0054723284539291,-0.006136435033759579,-0.000664106579830479,0.000664106579830479,2
/Users/yti0811/Desktop/FE_data/npj_CM01/NPJ_CM_Fig_Python/Public_Reproducibility_Package_V01/npjcm-free-energy-surrogate_Re3/Python_Codes/table/snapshots_split/Ti64_600K_snap00059.extxyz,Ti64,600,Ti64__600,-0.0055848723543397,-0.005423689373683123,0.00016118298065657694,0.00016118298065657694,2
/Users/yti0811/Desktop/FE_data/npj_CM01/NPJ_CM_Fig_Python/Public_Reproducibility_Package_V01/npjcm-free-energy-surrogate_Re3/Python_Codes/table/snapshots_split/Ti64_600K_snap00060.extxyz,Ti64,600,Ti64__600,-0.0052962347374726,-0.007368157162931594,-0.002071922425458994,0.002071922425458994,2
/Users/yti0811/Desktop/FE_data/npj_CM01/NPJ_CM_Fig_Python/Public_Reproducibility_Package_V01/npjcm-free-energy-surrogate_Re3/Python_Codes/table/snapshots_split/Ti64_600K_snap00061.extxyz,Ti64,600,Ti64__600,-0.0050531670992831,-0.007031494661284333,-0.001978327562001233,0.001978327562001233,2
/Users/yti0811/Desktop/FE_data/npj_CM01/NPJ_CM_Fig_Python/Public_Reproducibility_Package_V01/npjcm-free-energy-surrogate_Re3/Python_Codes/table/snapshots_split/Ti64_600K_snap00062.extxyz,Ti64,600,Ti64__600,-0.0051660158008469,-0.007847629509279844,-0.0026816137084329445,0.0026816137084329445,2
/Users/yti0811/Desktop/FE_data/npj_CM01/NPJ_CM_Fig_Python/Public_Reproducibility_Package_V01/npjcm-free-energy-surrogate_Re3/Python_Codes/table/snapshots_split/Ti64_600K_snap00063.extxyz,Ti64,600,Ti64__600,-0.0053965376018664,-0.003972446614671923,0.0014240909871944775,0.0014240909871944775,2
/Users/yti0811/Desktop/FE_data/npj_CM01/NPJ_CM_Fig_Python/Public_Reproducibility_Package_V01/npjcm-free-energy-surrogate_Re3/Python_Codes/table/snapshots_split/Ti64_600K_snap00064.extxyz,Ti64,600,Ti64__600,-0.0053539201967957,-0.004927475710946904,0.00042644448584879587,0.00042644448584879587,2
/Users/yti0811/Desktop/FE_data/npj_CM01/NPJ_CM_Fig_Python/Public_Reproducibility_Package_V01/npjcm-free-energy-surrogate_Re3/Python_Codes/table/snapshots_split/Ti64_600K_snap00065.extxyz,Ti64,600,Ti64__600,-0.0051712854432822,-0.00825681211757992,-0.00308552667429772,0.00308552667429772,2
/Users/yti0811/Desktop/FE_data/npj_CM01/NPJ_CM_Fig_Python/Public_Reproducibility_Package_V01/npjcm-free-energy-surrogate_Re3/Python_Codes/table/snapshots_split/Ti64_600K_snap00066.extxyz,Ti64,600,Ti64__600,-0.0052375332780113,-0.008764068655347172,-0.0035265353773358725,0.0035265353773358725,2
/Users/yti0811/Desktop/FE_data/npj_CM01/NPJ_CM_Fig_Python/Public_Reproducibility_Package_V01/npjcm-free-energy-surrogate_Re3/Python_Codes/table/snapshots_split/Ti64_600K_snap00067.extxyz,Ti64,600,Ti64__600,-0.0051787888713797,-0.006308529965900838,-0.0011297410945211375,0.0011297410945211375,2
/Users/yti0811/Desktop/FE_data/npj_CM01/NPJ_CM_Fig_Python/Public_Reproducibility_Package_V01/npjcm-free-energy-surrogate_Re3/Python_Codes/table/snapshots_split/Ti64_600K_snap00068.extxyz,Ti64,600,Ti64__600,-0.0050730735623486,-0.005838288636473015,-0.0007652150741244155,0.0007652150741244155,2
/Users/yti0811/Desktop/FE_data/npj_CM01/NPJ_CM_Fig_Python/Public_Reproducibility_Package_V01/npjcm-free-energy-surrogate_Re3/Python_Codes/table/snapshots_split/Ti64_600K_snap00069.extxyz,Ti64,600,Ti64__600,-0.0056146754531002,-0.0068758601727439824,-0.0012611847196437823,0.0012611847196437823,2
/Users/yti0811/Desktop/FE_data/npj_CM01/NPJ_CM_Fig_Python/Public_Reproducibility_Package_V01/npjcm-free-energy-surrogate_Re3/Python_Codes/table/snapshots_split/Ti64_600K_snap00070.extxyz,Ti64,600,Ti64__600,-0.0049572286168074,-0.0061042895310289115,-0.001147060914221512,0.001147060914221512,2
/Users/yti0811/Desktop/FE_data/npj_CM01/NPJ_CM_Fig_Python/Public_Reproducibility_Package_V01/npjcm-free-energy-surrogate_Re3/Python_Codes/table/snapshots_split/Ti64_600K_snap00071.extxyz,Ti64,600,Ti64__600,-0.0050770980063471,-0.007129684559158132,-0.0020525865528110317,0.0020525865528110317,2
/Users/yti0811/Desktop/FE_data/npj_CM01/NPJ_CM_Fig_Python/Public_Reproducibility_Package_V01/npjcm-free-energy-surrogate_Re3/Python_Codes/table/snapshots_split/Ti64_600K_snap00072.extxyz,Ti64,600,Ti64__600,-0.0055176408655902,-0.006769928140968026,-0.001252287275377826,0.001252287275377826,2
/Users/yti0811/Desktop/FE_data/npj_CM01/NPJ_CM_Fig_Python/Public_Reproducibility_Package_V01/npjcm-free-energy-surrogate_Re3/Python_Codes/table/snapshots_split/Ti64_600K_snap00073.extxyz,Ti64,600,Ti64__600,-0.0050108098313917,-0.008018575126483764,-0.0030077652950920644,0.0030077652950920644,2
/Users/yti0811/Desktop/FE_data/npj_CM01/NPJ_CM_Fig_Python/Public_Reproducibility_Package_V01/npjcm-free-energy-surrogate_Re3/Python_Codes/table/snapshots_split/Ti64_600K_snap00074.extxyz,Ti64,600,Ti64__600,-0.0048767636923995,-0.004244628543293511,0.0006321351491059887,0.0006321351491059887,2
/Users/yti0811/Desktop/FE_data/npj_CM01/NPJ_CM_Fig_Python/Public_Reproducibility_Package_V01/npjcm-free-energy-surrogate_Re3/Python_Codes/table/snapshots_split/Ti64_600K_snap00075.extxyz,Ti64,600,Ti64__600,-0.0053602481920967,-0.004353308715456204,0.0010069394766404963,0.0010069394766404963,2
/Users/yti0811/Desktop/FE_data/npj_CM01/NPJ_CM_Fig_Python/Public_Reproducibility_Package_V01/npjcm-free-energy-surrogate_Re3/Python_Codes/table/snapshots_split/Ti64_600K_snap00076.extxyz,Ti64,600,Ti64__600,-0.0053718543594262,-0.005398401445794761,-2.654708636856077e-05,2.654708636856077e-05,2
/Users/yti0811/Desktop/FE_data/npj_CM01/NPJ_CM_Fig_Python/Public_Reproducibility_Package_V01/npjcm-free-energy-surrogate_Re3/Python_Codes/table/snapshots_split/Ti64_600K_snap00077.extxyz,Ti64,600,Ti64__600,-0.0052420658773862,-0.007981316230237932,-0.0027392503528517317,0.0027392503528517317,2
/Users/yti0811/Desktop/FE_data/npj_CM01/NPJ_CM_Fig_Python/Public_Reproducibility_Package_V01/npjcm-free-energy-surrogate_Re3/Python_Codes/table/snapshots_split/Ti64_600K_snap00078.extxyz,Ti64,600,Ti64__600,-0.0052358251492644,-0.006989102887594308,-0.0017532777383299078,0.0017532777383299078,2
/Users/yti0811/Desktop/FE_data/npj_CM01/NPJ_CM_Fig_Python/Public_Reproducibility_Package_V01/npjcm-free-energy-surrogate_Re3/Python_Codes/table/snapshots_split/Ti64_600K_snap00079.extxyz,Ti64,600,Ti64__600,-0.0049833250856449,-0.006821917239812258,-0.0018385921541673577,0.0018385921541673577,2
/Users/yti0811/Desktop/FE_data/npj_CM01/NPJ_CM_Fig_Python/Public_Reproducibility_Package_V01/npjcm-free-energy-surrogate_Re3/Python_Codes/table/snapshots_split/Ti64_600K_snap00080.extxyz,Ti64,600,Ti64__600,-0.0054058606836254,-0.005378885595764397,2.6975087861003458e-05,2.6975087861003458e-05,2
/Users/yti0811/Desktop/FE_data/npj_CM01/NPJ_CM_Fig_Python/Public_Reproducibility_Package_V01/npjcm-free-energy-surrogate_Re3/Python_Codes/table/snapshots_split/Ti64_600K_snap00081.extxyz,Ti64,600,Ti64__600,-0.0049102823769261,-0.008720475657274929,-0.003810193280348829,0.003810193280348829,2
/Users/yti0811/Desktop/FE_data/npj_CM01/NPJ_CM_Fig_Python/Public_Reproducibility_Package_V01/npjcm-free-energy-surrogate_Re3/Python_Codes/table/snapshots_split/Ti64_600K_snap00082.extxyz,Ti64,600,Ti64__600,-0.0055996486889055,-0.0039388096009005304,0.0016608390880049695,0.0016608390880049695,2
/Users/yti0811/Desktop/FE_data/npj_CM01/NPJ_CM_Fig_Python/Public_Reproducibility_Package_V01/npjcm-free-energy-surrogate_Re3/Python_Codes/table/snapshots_split/Ti64_600K_snap00083.extxyz,Ti64,600,Ti64__600,-0.0055668760043873,-0.0064220810158531596,-0.0008552050114658599,0.0008552050114658599,2
/Users/yti0811/Desktop/FE_data/npj_CM01/NPJ_CM_Fig_Python/Public_Reproducibility_Package_V01/npjcm-free-energy-surrogate_Re3/Python_Codes/table/snapshots_split/Ti64_600K_snap00084.extxyz,Ti64,600,Ti64__600,-0.0050452050581314,-0.008161937320709854,-0.0031167322625784534,0.0031167322625784534,2
/Users/yti0811/Desktop/FE_data/npj_CM01/NPJ_CM_Fig_Python/Public_Reproducibility_Package_V01/npjcm-free-energy-surrogate_Re3/Python_Codes/table/snapshots_split/Ti64_600K_snap00085.extxyz,Ti64,600,Ti64__600,-0.0055010606031428,-0.0054865721778312926,1.4488425311507368e-05,1.4488425311507368e-05,2
/Users/yti0811/Desktop/FE_data/npj_CM01/NPJ_CM_Fig_Python/Public_Reproducibility_Package_V01/npjcm-free-energy-surrogate_Re3/Python_Codes/table/snapshots_split/Ti64_600K_snap00086.extxyz,Ti64,600,Ti64__600,-0.0051373877226598,-0.007144871096954785,-0.0020074833742949848,0.0020074833742949848,2
/Users/yti0811/Desktop/FE_data/npj_CM01/NPJ_CM_Fig_Python/Public_Reproducibility_Package_V01/npjcm-free-energy-surrogate_Re3/Python_Codes/table/snapshots_split/Ti64_600K_snap00087.extxyz,Ti64,600,Ti64__600,-0.0051022428149308,-0.007623640867894383,-0.0025213980529635834,0.0025213980529635834,2
/Users/yti0811/Desktop/FE_data/npj_CM01/NPJ_CM_Fig_Python/Public_Reproducibility_Package_V01/npjcm-free-energy-surrogate_Re3/Python_Codes/table/snapshots_split/Ti64_600K_snap00088.extxyz,Ti64,600,Ti64__600,-0.0055377428411064,-0.006249887823639402,-0.0007121449825330025,0.0007121449825330025,2
/Users/yti0811/Desktop/FE_data/npj_CM01/NPJ_CM_Fig_Python/Public_Reproducibility_Package_V01/npjcm-free-energy-surrogate_Re3/Python_Codes/table/snapshots_split/Ti64_600K_snap00089.extxyz,Ti64,600,Ti64__600,-0.0054629054620588,-0.005243066944998882,0.00021983851705991743,0.00021983851705991743,2
/Users/yti0811/Desktop/FE_data/npj_CM01/NPJ_CM_Fig_Python/Public_Reproducibility_Package_V01/npjcm-free-energy-surrogate_Re3/Python_Codes/table/snapshots_split/Ti64_600K_snap00090.extxyz,Ti64,600,Ti64__600,-0.0050542260973706,-0.005821504869846379,-0.0007672787724757792,0.0007672787724757792,2
/Users/yti0811/Desktop/FE_data/npj_CM01/NPJ_CM_Fig_Python/Public_Reproducibility_Package_V01/npjcm-free-energy-surrogate_Re3/Python_Codes/table/snapshots_split/Ti64_600K_snap00091.extxyz,Ti64,600,Ti64__600,-0.0052723326501152,-0.006614663155938931,-0.001342330505823731,0.001342330505823731,2
/Users/yti0811/Desktop/FE_data/npj_CM01/NPJ_CM_Fig_Python/Public_Reproducibility_Package_V01/npjcm-free-energy-surrogate_Re3/Python_Codes/table/snapshots_split/Ti64_600K_snap00092.extxyz,Ti64,600,Ti64__600,-0.0053792645876652,-0.006909381480683024,-0.0015301168930178235,0.0015301168930178235,2
/Users/yti0811/Desktop/FE_data/npj_CM01/NPJ_CM_Fig_Python/Public_Reproducibility_Package_V01/npjcm-free-energy-surrogate_Re3/Python_Codes/table/snapshots_split/Ti64_600K_snap00093.extxyz,Ti64,600,Ti64__600,-0.0051289229619692,-0.0045214152584329955,0.0006075077035362043,0.0006075077035362043,2
/Users/yti0811/Desktop/FE_data/npj_CM01/NPJ_CM_Fig_Python/Public_Reproducibility_Package_V01/npjcm-free-energy-surrogate_Re3/Python_Codes/table/snapshots_split/Ti64_600K_snap00094.extxyz,Ti64,600,Ti64__600,-0.0053726387169829,-0.004039900438256209,0.001332738278726691,0.001332738278726691,2
/Users/yti0811/Desktop/FE_data/npj_CM01/NPJ_CM_Fig_Python/Public_Reproducibility_Package_V01/npjcm-free-energy-surrogate_Re3/Python_Codes/table/snapshots_split/Ti64_600K_snap00095.extxyz,Ti64,600,Ti64__600,-0.0056203962030149,-0.006961642104679065,-0.0013412459016641657,0.0013412459016641657,2
/Users/yti0811/Desktop/FE_data/npj_CM01/NPJ_CM_Fig_Python/Public_Reproducibility_Package_V01/npjcm-free-energy-surrogate_Re3/Python_Codes/table/snapshots_split/Ti64_600K_snap00096.extxyz,Ti64,600,Ti64__600,-0.0050523512558485,-0.007313618053731264,-0.0022612667978827647,0.0022612667978827647,2
/Users/yti0811/Desktop/FE_data/npj_CM01/NPJ_CM_Fig_Python/Public_Reproducibility_Package_V01/npjcm-free-energy-surrogate_Re3/Python_Codes/table/snapshots_split/Ti64_600K_snap00097.extxyz,Ti64,600,Ti64__600,-0.0053683716145834,-0.005816599213244619,-0.0004482275986612194,0.0004482275986612194,2
/Users/yti0811/Desktop/FE_data/npj_CM01/NPJ_CM_Fig_Python/Public_Reproducibility_Package_V01/npjcm-free-energy-surrogate_Re3/Python_Codes/table/snapshots_split/Ti64_600K_snap00098.extxyz,Ti64,600,Ti64__600,-0.005317973387907,-0.008536172075804137,-0.003218198687897137,0.003218198687897137,2
/Users/yti0811/Desktop/FE_data/npj_CM01/NPJ_CM_Fig_Python/Public_Reproducibility_Package_V01/npjcm-free-energy-surrogate_Re3/Python_Codes/table/snapshots_split/Ti64_600K_snap00099.extxyz,Ti64,600,Ti64__600,-0.0054244951773682,-0.004888625679644098,0.000535869497724102,0.000535869497724102,2
/Users/yti0811/Desktop/FE_data/npj_CM01/NPJ_CM_Fig_Python/Public_Reproducibility_Package_V01/npjcm-free-energy-surrogate_Re3/Python_Codes/table/snapshots_split/Ti64_700K_snap00000.extxyz,Ti64,700,Ti64__700,-0.0106939240473123,-0.0049874941458658735,0.005706429901446427,0.005706429901446427,1
/Users/yti0811/Desktop/FE_data/npj_CM01/NPJ_CM_Fig_Python/Public_Reproducibility_Package_V01/npjcm-free-energy-surrogate_Re3/Python_Codes/table/snapshots_split/Ti64_700K_snap00001.extxyz,Ti64,700,Ti64__700,-0.0112669431088852,-0.004069402904958146,0.007197540203927053,0.007197540203927053,1
/Users/yti0811/Desktop/FE_data/npj_CM01/NPJ_CM_Fig_Python/Public_Reproducibility_Package_V01/npjcm-free-energy-surrogate_Re3/Python_Codes/table/snapshots_split/Ti64_700K_snap00002.extxyz,Ti64,700,Ti64__700,-0.0110767617028004,-0.0032441539781164225,0.007832607724683978,0.007832607724683978,1
/Users/yti0811/Desktop/FE_data/npj_CM01/NPJ_CM_Fig_Python/Public_Reproducibility_Package_V01/npjcm-free-energy-surrogate_Re3/Python_Codes/table/snapshots_split/Ti64_700K_snap00003.extxyz,Ti64,700,Ti64__700,-0.0109981639995036,-0.004065013388140363,0.006933150611363237,0.006933150611363237,1
/Users/yti0811/Desktop/FE_data/npj_CM01/NPJ_CM_Fig_Python/Public_Reproducibility_Package_V01/npjcm-free-energy-surrogate_Re3/Python_Codes/table/snapshots_split/Ti64_700K_snap00004.extxyz,Ti64,700,Ti64__700,-0.0112678755671673,-0.0024302919795155674,0.008837583587651732,0.008837583587651732,1
/Users/yti0811/Desktop/FE_data/npj_CM01/NPJ_CM_Fig_Python/Public_Reproducibility_Package_V01/npjcm-free-energy-surrogate_Re3/Python_Codes/table/snapshots_split/Ti64_700K_snap00005.extxyz,Ti64,700,Ti64__700,-0.0112201414985264,-0.006183606581665969,0.005036534916860431,0.005036534916860431,1
/Users/yti0811/Desktop/FE_data/npj_CM01/NPJ_CM_Fig_Python/Public_Reproducibility_Package_V01/npjcm-free-energy-surrogate_Re3/Python_Codes/table/snapshots_split/Ti64_700K_snap00006.extxyz,Ti64,700,Ti64__700,-0.0112428616254378,-0.0034346468189978057,0.007808214806439995,0.007808214806439995,1
/Users/yti0811/Desktop/FE_data/npj_CM01/NPJ_CM_Fig_Python/Public_Reproducibility_Package_V01/npjcm-free-energy-surrogate_Re3/Python_Codes/table/snapshots_split/Ti64_700K_snap00007.extxyz,Ti64,700,Ti64__700,-0.0113044800068174,-0.004973896080474896,0.0063305839263425034,0.0063305839263425034,1
/Users/yti0811/Desktop/FE_data/npj_CM01/NPJ_CM_Fig_Python/Public_Reproducibility_Package_V01/npjcm-free-energy-surrogate_Re3/Python_Codes/table/snapshots_split/Ti64_700K_snap00008.extxyz,Ti64,700,Ti64__700,-0.0111283334036231,-0.006097409145454087,0.005030924258169012,0.005030924258169012,1
/Users/yti0811/Desktop/FE_data/npj_CM01/NPJ_CM_Fig_Python/Public_Reproducibility_Package_V01/npjcm-free-energy-surrogate_Re3/Python_Codes/table/snapshots_split/Ti64_700K_snap00009.extxyz,Ti64,700,Ti64__700,-0.0116085480002858,-0.004243513889766035,0.0073650341105197656,0.0073650341105197656,1
/Users/yti0811/Desktop/FE_data/npj_CM01/NPJ_CM_Fig_Python/Public_Reproducibility_Package_V01/npjcm-free-energy-surrogate_Re3/Python_Codes/table/snapshots_split/Ti64_700K_snap00010.extxyz,Ti64,700,Ti64__700,-0.0112144782723646,-0.00468959236931267,0.0065248859030519295,0.0065248859030519295,1
/Users/yti0811/Desktop/FE_data/npj_CM01/NPJ_CM_Fig_Python/Public_Reproducibility_Package_V01/npjcm-free-energy-surrogate_Re3/Python_Codes/table/snapshots_split/Ti64_700K_snap00011.extxyz,Ti64,700,Ti64__700,-0.0107144621213191,-0.005581971621328233,0.005132490499990867,0.005132490499990867,1
/Users/yti0811/Desktop/FE_data/npj_CM01/NPJ_CM_Fig_Python/Public_Reproducibility_Package_V01/npjcm-free-energy-surrogate_Re3/Python_Codes/table/snapshots_split/Ti64_700K_snap00012.extxyz,Ti64,700,Ti64__700,-0.0109435168427598,-0.004611173371711155,0.006332343471048645,0.006332343471048645,1
/Users/yti0811/Desktop/FE_data/npj_CM01/NPJ_CM_Fig_Python/Public_Reproducibility_Package_V01/npjcm-free-energy-surrogate_Re3/Python_Codes/table/snapshots_split/Ti64_700K_snap00013.extxyz,Ti64,700,Ti64__700,-0.0113981302668984,-0.002451794947938617,0.008946335318959784,0.008946335318959784,1
/Users/yti0811/Desktop/FE_data/npj_CM01/NPJ_CM_Fig_Python/Public_Reproducibility_Package_V01/npjcm-free-energy-surrogate_Re3/Python_Codes/table/snapshots_split/Ti64_700K_snap00014.extxyz,Ti64,700,Ti64__700,-0.0112690784883256,-0.007823638941742166,0.0034454395465834346,0.0034454395465834346,1
/Users/yti0811/Desktop/FE_data/npj_CM01/NPJ_CM_Fig_Python/Public_Reproducibility_Package_V01/npjcm-free-energy-surrogate_Re3/Python_Codes/table/snapshots_split/Ti64_700K_snap00015.extxyz,Ti64,700,Ti64__700,-0.0113508016718979,-0.003978960371046599,0.007371841300851302,0.007371841300851302,1
/Users/yti0811/Desktop/FE_data/npj_CM01/NPJ_CM_Fig_Python/Public_Reproducibility_Package_V01/npjcm-free-energy-surrogate_Re3/Python_Codes/table/snapshots_split/Ti64_700K_snap00016.extxyz,Ti64,700,Ti64__700,-0.0111263526788088,-0.0015321695648942636,0.009594183113914537,0.009594183113914537,1
/Users/yti0811/Desktop/FE_data/npj_CM01/NPJ_CM_Fig_Python/Public_Reproducibility_Package_V01/npjcm-free-energy-surrogate_Re3/Python_Codes/table/snapshots_split/Ti64_700K_snap00017.extxyz,Ti64,700,Ti64__700,-0.0111021374932054,-0.004214614902211824,0.006887522590993576,0.006887522590993576,1
/Users/yti0811/Desktop/FE_data/npj_CM01/NPJ_CM_Fig_Python/Public_Reproducibility_Package_V01/npjcm-free-energy-surrogate_Re3/Python_Codes/table/snapshots_split/Ti64_700K_snap00018.extxyz,Ti64,700,Ti64__700,-0.0110964279989547,-0.00506213763492095,0.006034290364033749,0.006034290364033749,1
/Users/yti0811/Desktop/FE_data/npj_CM01/NPJ_CM_Fig_Python/Public_Reproducibility_Package_V01/npjcm-free-energy-surrogate_Re3/Python_Codes/table/snapshots_split/Ti64_700K_snap00019.extxyz,Ti64,700,Ti64__700,-0.0110666671025843,-0.0036781992356773917,0.0073884678669069075,0.0073884678669069075,1
/Users/yti0811/Desktop/FE_data/npj_CM01/NPJ_CM_Fig_Python/Public_Reproducibility_Package_V01/npjcm-free-energy-surrogate_Re3/Python_Codes/table/snapshots_split/Ti64_700K_snap00020.extxyz,Ti64,700,Ti64__700,-0.0113701277076403,-0.008183978870663314,0.0031861488369769857,0.0031861488369769857,1
/Users/yti0811/Desktop/FE_data/npj_CM01/NPJ_CM_Fig_Python/Public_Reproducibility_Package_V01/npjcm-free-energy-surrogate_Re3/Python_Codes/table/snapshots_split/Ti64_700K_snap00021.extxyz,Ti64,700,Ti64__700,-0.011066528681181,-0.008003137883554265,0.0030633907976267347,0.0030633907976267347,1
/Users/yti0811/Desktop/FE_data/npj_CM01/NPJ_CM_Fig_Python/Public_Reproducibility_Package_V01/npjcm-free-energy-surrogate_Re3/Python_Codes/table/snapshots_split/Ti64_700K_snap00022.extxyz,Ti64,700,Ti64__700,-0.011586177442175,-0.006303503758556571,0.005282673683618428,0.005282673683618428,1
/Users/yti0811/Desktop/FE_data/npj_CM01/NPJ_CM_Fig_Python/Public_Reproducibility_Package_V01/npjcm-free-energy-surrogate_Re3/Python_Codes/table/snapshots_split/Ti64_700K_snap00023.extxyz,Ti64,700,Ti64__700,-0.0109883898139511,-0.007351617830558217,0.003636771983392883,0.003636771983392883,1
/Users/yti0811/Desktop/FE_data/npj_CM01/NPJ_CM_Fig_Python/Public_Reproducibility_Package_V01/npjcm-free-energy-surrogate_Re3/Python_Codes/table/snapshots_split/Ti64_700K_snap00024.extxyz,Ti64,700,Ti64__700,-0.0110316561063079,-0.004894140270586041,0.006137515835721859,0.006137515835721859,1
/Users/yti0811/Desktop/FE_data/npj_CM01/NPJ_CM_Fig_Python/Public_Reproducibility_Package_V01/npjcm-free-energy-surrogate_Re3/Python_Codes/table/snapshots_split/Ti64_700K_snap00025.extxyz,Ti64,700,Ti64__700,-0.0115489116431204,-0.007206679841880885,0.004342231801239514,0.004342231801239514,1
/Users/yti0811/Desktop/FE_data/npj_CM01/NPJ_CM_Fig_Python/Public_Reproducibility_Package_V01/npjcm-free-energy-surrogate_Re3/Python_Codes/table/snapshots_split/Ti64_700K_snap00026.extxyz,Ti64,700,Ti64__700,-0.0115220003681511,-0.005306197665830471,0.006215802702320628,0.006215802702320628,1
/Users/yti0811/Desktop/FE_data/npj_CM01/NPJ_CM_Fig_Python/Public_Reproducibility_Package_V01/npjcm-free-energy-surrogate_Re3/Python_Codes/table/snapshots_split/Ti64_700K_snap00027.extxyz,Ti64,700,Ti64__700,-0.0114024436753546,-0.004888370094869089,0.006514073580485512,0.006514073580485512,1
/Users/yti0811/Desktop/FE_data/npj_CM01/NPJ_CM_Fig_Python/Public_Reproducibility_Package_V01/npjcm-free-energy-surrogate_Re3/Python_Codes/table/snapshots_split/Ti64_700K_snap00028.extxyz,Ti64,700,Ti64__700,-0.0114440955198098,-0.005365912632639471,0.00607818288717033,0.00607818288717033,1
/Users/yti0811/Desktop/FE_data/npj_CM01/NPJ_CM_Fig_Python/Public_Reproducibility_Package_V01/npjcm-free-energy-surrogate_Re3/Python_Codes/table/snapshots_split/Ti64_700K_snap00029.extxyz,Ti64,700,Ti64__700,-0.0110924751053778,-0.0036101048204999313,0.007482370284877868,0.007482370284877868,1
/Users/yti0811/Desktop/FE_data/npj_CM01/NPJ_CM_Fig_Python/Public_Reproducibility_Package_V01/npjcm-free-energy-surrogate_Re3/Python_Codes/table/snapshots_split/Ti64_700K_snap00030.extxyz,Ti64,700,Ti64__700,-0.0113495094993991,-0.007584990540259268,0.0037645189591398315,0.0037645189591398315,1
/Users/yti0811/Desktop/FE_data/npj_CM01/NPJ_CM_Fig_Python/Public_Reproducibility_Package_V01/npjcm-free-energy-surrogate_Re3/Python_Codes/table/snapshots_split/Ti64_700K_snap00031.extxyz,Ti64,700,Ti64__700,-0.011325490041238,-0.005114516166081582,0.006210973875156418,0.006210973875156418,1
/Users/yti0811/Desktop/FE_data/npj_CM01/NPJ_CM_Fig_Python/Public_Reproducibility_Package_V01/npjcm-free-energy-surrogate_Re3/Python_Codes/table/snapshots_split/Ti64_700K_snap00032.extxyz,Ti64,700,Ti64__700,-0.0112975786086933,-0.0030014475247015205,0.008296131083991779,0.008296131083991779,1
/Users/yti0811/Desktop/FE_data/npj_CM01/NPJ_CM_Fig_Python/Public_Reproducibility_Package_V01/npjcm-free-energy-surrogate_Re3/Python_Codes/table/snapshots_split/Ti64_700K_snap00033.extxyz,Ti64,700,Ti64__700,-0.0110979591178592,-0.006820007107001005,0.004277952010858196,0.004277952010858196,1
/Users/yti0811/Desktop/FE_data/npj_CM01/NPJ_CM_Fig_Python/Public_Reproducibility_Package_V01/npjcm-free-energy-surrogate_Re3/Python_Codes/table/snapshots_split/Ti64_700K_snap00034.extxyz,Ti64,700,Ti64__700,-0.0115839618810458,-0.004633844669908706,0.006950117211137095,0.006950117211137095,1
/Users/yti0811/Desktop/FE_data/npj_CM01/NPJ_CM_Fig_Python/Public_Reproducibility_Package_V01/npjcm-free-energy-surrogate_Re3/Python_Codes/table/snapshots_split/Ti64_700K_snap00035.extxyz,Ti64,700,Ti64__700,-0.0117695557024069,-0.004735979373205143,0.007033576329201756,0.007033576329201756,1
/Users/yti0811/Desktop/FE_data/npj_CM01/NPJ_CM_Fig_Python/Public_Reproducibility_Package_V01/npjcm-free-energy-surrogate_Re3/Python_Codes/table/snapshots_split/Ti64_700K_snap00036.extxyz,Ti64,700,Ti64__700,-0.0112131628197787,-0.0036085423216956495,0.007604620498083051,0.007604620498083051,1
/Users/yti0811/Desktop/FE_data/npj_CM01/NPJ_CM_Fig_Python/Public_Reproducibility_Package_V01/npjcm-free-energy-surrogate_Re3/Python_Codes/table/snapshots_split/Ti64_700K_snap00037.extxyz,Ti64,700,Ti64__700,-0.0107619125603655,-0.005396346148910915,0.005365566411454586,0.005365566411454586,1
/Users/yti0811/Desktop/FE_data/npj_CM01/NPJ_CM_Fig_Python/Public_Reproducibility_Package_V01/npjcm-free-energy-surrogate_Re3/Python_Codes/table/snapshots_split/Ti64_700K_snap00038.extxyz,Ti64,700,Ti64__700,-0.0109361748674326,-0.0030733965845377515,0.007862778282894847,0.007862778282894847,1
/Users/yti0811/Desktop/FE_data/npj_CM01/NPJ_CM_Fig_Python/Public_Reproducibility_Package_V01/npjcm-free-energy-surrogate_Re3/Python_Codes/table/snapshots_split/Ti64_700K_snap00039.extxyz,Ti64,700,Ti64__700,-0.0114901988327283,-0.0062200899018000485,0.005270108930928251,0.005270108930928251,1
/Users/yti0811/Desktop/FE_data/npj_CM01/NPJ_CM_Fig_Python/Public_Reproducibility_Package_V01/npjcm-free-energy-surrogate_Re3/Python_Codes/table/snapshots_split/Ti64_700K_snap00040.extxyz,Ti64,700,Ti64__700,-0.01082444379605,-0.005154101841758529,0.005670341954291471,0.005670341954291471,1
/Users/yti0811/Desktop/FE_data/npj_CM01/NPJ_CM_Fig_Python/Public_Reproducibility_Package_V01/npjcm-free-energy-surrogate_Re3/Python_Codes/table/snapshots_split/Ti64_700K_snap00041.extxyz,Ti64,700,Ti64__700,-0.0110490064156963,-0.005492008031219902,0.005556998384476398,0.005556998384476398,1
/Users/yti0811/Desktop/FE_data/npj_CM01/NPJ_CM_Fig_Python/Public_Reproducibility_Package_V01/npjcm-free-energy-surrogate_Re3/Python_Codes/table/snapshots_split/Ti64_700K_snap00042.extxyz,Ti64,700,Ti64__700,-0.0113247059717522,-0.004760684749021471,0.0065640212227307294,0.0065640212227307294,1
/Users/yti0811/Desktop/FE_data/npj_CM01/NPJ_CM_Fig_Python/Public_Reproducibility_Package_V01/npjcm-free-energy-surrogate_Re3/Python_Codes/table/snapshots_split/Ti64_700K_snap00043.extxyz,Ti64,700,Ti64__700,-0.0107495045171495,-0.004079950922308909,0.006669553594840592,0.006669553594840592,1
/Users/yti0811/Desktop/FE_data/npj_CM01/NPJ_CM_Fig_Python/Public_Reproducibility_Package_V01/npjcm-free-energy-surrogate_Re3/Python_Codes/table/snapshots_split/Ti64_700K_snap00044.extxyz,Ti64,700,Ti64__700,-0.0112084729071648,-0.005412528331738928,0.005795944575425873,0.005795944575425873,1
/Users/yti0811/Desktop/FE_data/npj_CM01/NPJ_CM_Fig_Python/Public_Reproducibility_Package_V01/npjcm-free-energy-surrogate_Re3/Python_Codes/table/snapshots_split/Ti64_700K_snap00045.extxyz,Ti64,700,Ti64__700,-0.0111904804684632,-0.003259515596162139,0.00793096487230106,0.00793096487230106,1
/Users/yti0811/Desktop/FE_data/npj_CM01/NPJ_CM_Fig_Python/Public_Reproducibility_Package_V01/npjcm-free-energy-surrogate_Re3/Python_Codes/table/snapshots_split/Ti64_700K_snap00046.extxyz,Ti64,700,Ti64__700,-0.0108954232158318,-0.00512290969487527,0.00577251352095653,0.00577251352095653,1
/Users/yti0811/Desktop/FE_data/npj_CM01/NPJ_CM_Fig_Python/Public_Reproducibility_Package_V01/npjcm-free-energy-surrogate_Re3/Python_Codes/table/snapshots_split/Ti64_700K_snap00047.extxyz,Ti64,700,Ti64__700,-0.0109811187524657,-0.0029362241848209,0.0080448945676448,0.0080448945676448,1
/Users/yti0811/Desktop/FE_data/npj_CM01/NPJ_CM_Fig_Python/Public_Reproducibility_Package_V01/npjcm-free-energy-surrogate_Re3/Python_Codes/table/snapshots_split/Ti64_700K_snap00048.extxyz,Ti64,700,Ti64__700,-0.0114398030544089,-0.005848185152480644,0.005591617901928255,0.005591617901928255,1
/Users/yti0811/Desktop/FE_data/npj_CM01/NPJ_CM_Fig_Python/Public_Reproducibility_Package_V01/npjcm-free-energy-surrogate_Re3/Python_Codes/table/snapshots_split/Ti64_700K_snap00049.extxyz,Ti64,700,Ti64__700,-0.0113993266424748,-0.004183120235520572,0.007216206406954228,0.007216206406954228,1
/Users/yti0811/Desktop/FE_data/npj_CM01/NPJ_CM_Fig_Python/Public_Reproducibility_Package_V01/npjcm-free-energy-surrogate_Re3/Python_Codes/table/snapshots_split/Ti64_700K_snap00050.extxyz,Ti64,700,Ti64__700,-0.011014183147993,-0.00550197716752851,0.00551220598046449,0.00551220598046449,1
/Users/yti0811/Desktop/FE_data/npj_CM01/NPJ_CM_Fig_Python/Public_Reproducibility_Package_V01/npjcm-free-energy-surrogate_Re3/Python_Codes/table/snapshots_split/Ti64_700K_snap00051.extxyz,Ti64,700,Ti64__700,-0.0112715586599785,-0.004795615868489024,0.006475942791489476,0.006475942791489476,1
/Users/yti0811/Desktop/FE_data/npj_CM01/NPJ_CM_Fig_Python/Public_Reproducibility_Package_V01/npjcm-free-energy-surrogate_Re3/Python_Codes/table/snapshots_split/Ti64_700K_snap00052.extxyz,Ti64,700,Ti64__700,-0.0113850520191683,-0.002402924557629201,0.0089821274615391,0.0089821274615391,1
/Users/yti0811/Desktop/FE_data/npj_CM01/NPJ_CM_Fig_Python/Public_Reproducibility_Package_V01/npjcm-free-energy-surrogate_Re3/Python_Codes/table/snapshots_split/Ti64_700K_snap00053.extxyz,Ti64,700,Ti64__700,-0.0110882880194998,-0.006850867521855941,0.004237420497643858,0.004237420497643858,1
/Users/yti0811/Desktop/FE_data/npj_CM01/NPJ_CM_Fig_Python/Public_Reproducibility_Package_V01/npjcm-free-energy-surrogate_Re3/Python_Codes/table/snapshots_split/Ti64_700K_snap00054.extxyz,Ti64,700,Ti64__700,-0.0118708731555648,-0.006223531583144588,0.005647341572420211,0.005647341572420211,1
/Users/yti0811/Desktop/FE_data/npj_CM01/NPJ_CM_Fig_Python/Public_Reproducibility_Package_V01/npjcm-free-energy-surrogate_Re3/Python_Codes/table/snapshots_split/Ti64_700K_snap00055.extxyz,Ti64,700,Ti64__700,-0.0108985909729622,-0.0054038746109751215,0.0054947163619870785,0.0054947163619870785,1
/Users/yti0811/Desktop/FE_data/npj_CM01/NPJ_CM_Fig_Python/Public_Reproducibility_Package_V01/npjcm-free-energy-surrogate_Re3/Python_Codes/table/snapshots_split/Ti64_700K_snap00056.extxyz,Ti64,700,Ti64__700,-0.011239539813288,-0.005511100272432623,0.005728439540855376,0.005728439540855376,1
/Users/yti0811/Desktop/FE_data/npj_CM01/NPJ_CM_Fig_Python/Public_Reproducibility_Package_V01/npjcm-free-energy-surrogate_Re3/Python_Codes/table/snapshots_split/Ti64_700K_snap00057.extxyz,Ti64,700,Ti64__700,-0.0119048455276687,-0.003691615686543,0.0082132298411257,0.0082132298411257,1
/Users/yti0811/Desktop/FE_data/npj_CM01/NPJ_CM_Fig_Python/Public_Reproducibility_Package_V01/npjcm-free-energy-surrogate_Re3/Python_Codes/table/snapshots_split/Ti64_700K_snap00058.extxyz,Ti64,700,Ti64__700,-0.01103621553845,-0.005185595673434681,0.005850619865015319,0.005850619865015319,1
/Users/yti0811/Desktop/FE_data/npj_CM01/NPJ_CM_Fig_Python/Public_Reproducibility_Package_V01/npjcm-free-energy-surrogate_Re3/Python_Codes/table/snapshots_split/Ti64_700K_snap00059.extxyz,Ti64,700,Ti64__700,-0.0111385520692311,-0.0036763939132414564,0.007462158155989643,0.007462158155989643,1
/Users/yti0811/Desktop/FE_data/npj_CM01/NPJ_CM_Fig_Python/Public_Reproducibility_Package_V01/npjcm-free-energy-surrogate_Re3/Python_Codes/table/snapshots_split/Ti64_700K_snap00060.extxyz,Ti64,700,Ti64__700,-0.0110228155213718,-0.00428387712287274,0.00673893839849906,0.00673893839849906,1
/Users/yti0811/Desktop/FE_data/npj_CM01/NPJ_CM_Fig_Python/Public_Reproducibility_Package_V01/npjcm-free-energy-surrogate_Re3/Python_Codes/table/snapshots_split/Ti64_700K_snap00061.extxyz,Ti64,700,Ti64__700,-0.0118745715313748,-0.0037941497872016417,0.008080421744173158,0.008080421744173158,1
/Users/yti0811/Desktop/FE_data/npj_CM01/NPJ_CM_Fig_Python/Public_Reproducibility_Package_V01/npjcm-free-energy-surrogate_Re3/Python_Codes/table/snapshots_split/Ti64_700K_snap00062.extxyz,Ti64,700,Ti64__700,-0.0113515974756337,-0.004970809761133755,0.006380787714499946,0.006380787714499946,1
/Users/yti0811/Desktop/FE_data/npj_CM01/NPJ_CM_Fig_Python/Public_Reproducibility_Package_V01/npjcm-free-energy-surrogate_Re3/Python_Codes/table/snapshots_split/Ti64_700K_snap00063.extxyz,Ti64,700,Ti64__700,-0.0111559599246264,-0.006852845542808746,0.004303114381817654,0.004303114381817654,1
/Users/yti0811/Desktop/FE_data/npj_CM01/NPJ_CM_Fig_Python/Public_Reproducibility_Package_V01/npjcm-free-energy-surrogate_Re3/Python_Codes/table/snapshots_split/Ti64_700K_snap00064.extxyz,Ti64,700,Ti64__700,-0.0110925143956608,-0.003952987701313235,0.007139526694347566,0.007139526694347566,1
/Users/yti0811/Desktop/FE_data/npj_CM01/NPJ_CM_Fig_Python/Public_Reproducibility_Package_V01/npjcm-free-energy-surrogate_Re3/Python_Codes/table/snapshots_split/Ti64_700K_snap00065.extxyz,Ti64,700,Ti64__700,-0.0111453299971709,-0.004124133796771119,0.007021196200399781,0.007021196200399781,1
/Users/yti0811/Desktop/FE_data/npj_CM01/NPJ_CM_Fig_Python/Public_Reproducibility_Package_V01/npjcm-free-energy-surrogate_Re3/Python_Codes/table/snapshots_split/Ti64_700K_snap00066.extxyz,Ti64,700,Ti64__700,-0.0108293882541543,-0.006362984851566695,0.0044664034025876055,0.0044664034025876055,1
/Users/yti0811/Desktop/FE_data/npj_CM01/NPJ_CM_Fig_Python/Public_Reproducibility_Package_V01/npjcm-free-energy-surrogate_Re3/Python_Codes/table/snapshots_split/Ti64_700K_snap00067.extxyz,Ti64,700,Ti64__700,-0.0108364472161506,-0.0060306043275330495,0.0048058428886175505,0.0048058428886175505,1
/Users/yti0811/Desktop/FE_data/npj_CM01/NPJ_CM_Fig_Python/Public_Reproducibility_Package_V01/npjcm-free-energy-surrogate_Re3/Python_Codes/table/snapshots_split/Ti64_700K_snap00068.extxyz,Ti64,700,Ti64__700,-0.0112022784339576,-0.007401495884100648,0.0038007825498569524,0.0038007825498569524,1
/Users/yti0811/Desktop/FE_data/npj_CM01/NPJ_CM_Fig_Python/Public_Reproducibility_Package_V01/npjcm-free-energy-surrogate_Re3/Python_Codes/table/snapshots_split/Ti64_700K_snap00069.extxyz,Ti64,700,Ti64__700,-0.0114276348351865,-0.005592337052765316,0.005835297782421185,0.005835297782421185,1
/Users/yti0811/Desktop/FE_data/npj_CM01/NPJ_CM_Fig_Python/Public_Reproducibility_Package_V01/npjcm-free-energy-surrogate_Re3/Python_Codes/table/snapshots_split/Ti64_700K_snap00070.extxyz,Ti64,700,Ti64__700,-0.0116225247937773,-0.005437374039096876,0.0061851507546804236,0.0061851507546804236,1
/Users/yti0811/Desktop/FE_data/npj_CM01/NPJ_CM_Fig_Python/Public_Reproducibility_Package_V01/npjcm-free-energy-surrogate_Re3/Python_Codes/table/snapshots_split/Ti64_700K_snap00071.extxyz,Ti64,700,Ti64__700,-0.0112697613845887,-0.004196939328755243,0.007072822055833458,0.007072822055833458,1
/Users/yti0811/Desktop/FE_data/npj_CM01/NPJ_CM_Fig_Python/Public_Reproducibility_Package_V01/npjcm-free-energy-surrogate_Re3/Python_Codes/table/snapshots_split/Ti64_700K_snap00072.extxyz,Ti64,700,Ti64__700,-0.0110960364953616,-0.004379993137773148,0.0067160433575884524,0.0067160433575884524,1
/Users/yti0811/Desktop/FE_data/npj_CM01/NPJ_CM_Fig_Python/Public_Reproducibility_Package_V01/npjcm-free-energy-surrogate_Re3/Python_Codes/table/snapshots_split/Ti64_700K_snap00073.extxyz,Ti64,700,Ti64__700,-0.0111029213785896,-0.004824985051064256,0.006277936327525345,0.006277936327525345,1
/Users/yti0811/Desktop/FE_data/npj_CM01/NPJ_CM_Fig_Python/Public_Reproducibility_Package_V01/npjcm-free-energy-surrogate_Re3/Python_Codes/table/snapshots_split/Ti64_700K_snap00074.extxyz,Ti64,700,Ti64__700,-0.0111613996423427,-0.004752816213344111,0.00640858342899859,0.00640858342899859,1
/Users/yti0811/Desktop/FE_data/npj_CM01/NPJ_CM_Fig_Python/Public_Reproducibility_Package_V01/npjcm-free-energy-surrogate_Re3/Python_Codes/table/snapshots_split/Ti64_700K_snap00075.extxyz,Ti64,700,Ti64__700,-0.0115111840117716,-0.005483602420049608,0.006027581591721992,0.006027581591721992,1
/Users/yti0811/Desktop/FE_data/npj_CM01/NPJ_CM_Fig_Python/Public_Reproducibility_Package_V01/npjcm-free-energy-surrogate_Re3/Python_Codes/table/snapshots_split/Ti64_700K_snap00076.extxyz,Ti64,700,Ti64__700,-0.0113691713994157,-0.004611099534439654,0.006758071864976046,0.006758071864976046,1
/Users/yti0811/Desktop/FE_data/npj_CM01/NPJ_CM_Fig_Python/Public_Reproducibility_Package_V01/npjcm-free-energy-surrogate_Re3/Python_Codes/table/snapshots_split/Ti64_700K_snap00077.extxyz,Ti64,700,Ti64__700,-0.0110516982747652,-0.004236821303705954,0.006814876971059247,0.006814876971059247,1
/Users/yti0811/Desktop/FE_data/npj_CM01/NPJ_CM_Fig_Python/Public_Reproducibility_Package_V01/npjcm-free-energy-surrogate_Re3/Python_Codes/table/snapshots_split/Ti64_700K_snap00078.extxyz,Ti64,700,Ti64__700,-0.0110530165023608,-0.0045692928937726375,0.006483723608588162,0.006483723608588162,1
/Users/yti0811/Desktop/FE_data/npj_CM01/NPJ_CM_Fig_Python/Public_Reproducibility_Package_V01/npjcm-free-energy-surrogate_Re3/Python_Codes/table/snapshots_split/Ti64_700K_snap00079.extxyz,Ti64,700,Ti64__700,-0.01097199705608,-0.003506216752251114,0.0074657803038288865,0.0074657803038288865,1
/Users/yti0811/Desktop/FE_data/npj_CM01/NPJ_CM_Fig_Python/Public_Reproducibility_Package_V01/npjcm-free-energy-surrogate_Re3/Python_Codes/table/snapshots_split/Ti64_700K_snap00080.extxyz,Ti64,700,Ti64__700,-0.0113145836798365,-0.006382555529177973,0.004932028150658526,0.004932028150658526,1
/Users/yti0811/Desktop/FE_data/npj_CM01/NPJ_CM_Fig_Python/Public_Reproducibility_Package_V01/npjcm-free-energy-surrogate_Re3/Python_Codes/table/snapshots_split/Ti64_700K_snap00081.extxyz,Ti64,700,Ti64__700,-0.0113895994835928,-0.0035499151140296,0.007839684369563199,0.007839684369563199,1
/Users/yti0811/Desktop/FE_data/npj_CM01/NPJ_CM_Fig_Python/Public_Reproducibility_Package_V01/npjcm-free-energy-surrogate_Re3/Python_Codes/table/snapshots_split/Ti64_700K_snap00082.extxyz,Ti64,700,Ti64__700,-0.0113159589483205,-0.006219356040532927,0.005096602907787572,0.005096602907787572,1
/Users/yti0811/Desktop/FE_data/npj_CM01/NPJ_CM_Fig_Python/Public_Reproducibility_Package_V01/npjcm-free-energy-surrogate_Re3/Python_Codes/table/snapshots_split/Ti64_700K_snap00083.extxyz,Ti64,700,Ti64__700,-0.0107996501683258,-0.004113059163752867,0.006686591004572934,0.006686591004572934,1
/Users/yti0811/Desktop/FE_data/npj_CM01/NPJ_CM_Fig_Python/Public_Reproducibility_Package_V01/npjcm-free-energy-surrogate_Re3/Python_Codes/table/snapshots_split/Ti64_700K_snap00084.extxyz,Ti64,700,Ti64__700,-0.0111806027616685,-0.003594290960998452,0.007586311800670049,0.007586311800670049,1
/Users/yti0811/Desktop/FE_data/npj_CM01/NPJ_CM_Fig_Python/Public_Reproducibility_Package_V01/npjcm-free-energy-surrogate_Re3/Python_Codes/table/snapshots_split/Ti64_700K_snap00085.extxyz,Ti64,700,Ti64__700,-0.0113645808707412,-0.005997110937251568,0.0053674699334896325,0.0053674699334896325,1
/Users/yti0811/Desktop/FE_data/npj_CM01/NPJ_CM_Fig_Python/Public_Reproducibility_Package_V01/npjcm-free-energy-surrogate_Re3/Python_Codes/table/snapshots_split/Ti64_700K_snap00086.extxyz,Ti64,700,Ti64__700,-0.0108293466180535,-0.005242254195370854,0.005587092422682647,0.005587092422682647,1
/Users/yti0811/Desktop/FE_data/npj_CM01/NPJ_CM_Fig_Python/Public_Reproducibility_Package_V01/npjcm-free-energy-surrogate_Re3/Python_Codes/table/snapshots_split/Ti64_700K_snap00087.extxyz,Ti64,700,Ti64__700,-0.0111518527182523,-0.005449200119553676,0.0057026525986986236,0.0057026525986986236,1
/Users/yti0811/Desktop/FE_data/npj_CM01/NPJ_CM_Fig_Python/Public_Reproducibility_Package_V01/npjcm-free-energy-surrogate_Re3/Python_Codes/table/snapshots_split/Ti64_700K_snap00088.extxyz,Ti64,700,Ti64__700,-0.0109877932078372,-0.0053380761788702005,0.005649717028966999,0.005649717028966999,1
/Users/yti0811/Desktop/FE_data/npj_CM01/NPJ_CM_Fig_Python/Public_Reproducibility_Package_V01/npjcm-free-energy-surrogate_Re3/Python_Codes/table/snapshots_split/Ti64_700K_snap00089.extxyz,Ti64,700,Ti64__700,-0.0112788225051154,-0.003940554268432591,0.007338268236682809,0.007338268236682809,1
/Users/yti0811/Desktop/FE_data/npj_CM01/NPJ_CM_Fig_Python/Public_Reproducibility_Package_V01/npjcm-free-energy-surrogate_Re3/Python_Codes/table/snapshots_split/Ti64_700K_snap00090.extxyz,Ti64,700,Ti64__700,-0.0113223408429963,-0.005771927446015818,0.005550413396980482,0.005550413396980482,1
/Users/yti0811/Desktop/FE_data/npj_CM01/NPJ_CM_Fig_Python/Public_Reproducibility_Package_V01/npjcm-free-energy-surrogate_Re3/Python_Codes/table/snapshots_split/Ti64_700K_snap00091.extxyz,Ti64,700,Ti64__700,-0.0106687644171783,-0.00670098077839373,0.003967783638784569,0.003967783638784569,1
/Users/yti0811/Desktop/FE_data/npj_CM01/NPJ_CM_Fig_Python/Public_Reproducibility_Package_V01/npjcm-free-energy-surrogate_Re3/Python_Codes/table/snapshots_split/Ti64_700K_snap00092.extxyz,Ti64,700,Ti64__700,-0.0109610499858128,-0.006365931541235506,0.004595118444577294,0.004595118444577294,1
/Users/yti0811/Desktop/FE_data/npj_CM01/NPJ_CM_Fig_Python/Public_Reproducibility_Package_V01/npjcm-free-energy-surrogate_Re3/Python_Codes/table/snapshots_split/Ti64_700K_snap00093.extxyz,Ti64,700,Ti64__700,-0.0113485254404572,-0.002339167479850128,0.009009357960607072,0.009009357960607072,1
/Users/yti0811/Desktop/FE_data/npj_CM01/NPJ_CM_Fig_Python/Public_Reproducibility_Package_V01/npjcm-free-energy-surrogate_Re3/Python_Codes/table/snapshots_split/Ti64_700K_snap00094.extxyz,Ti64,700,Ti64__700,-0.0109823504939976,-0.003363934428607468,0.007618416065390132,0.007618416065390132,1
/Users/yti0811/Desktop/FE_data/npj_CM01/NPJ_CM_Fig_Python/Public_Reproducibility_Package_V01/npjcm-free-energy-surrogate_Re3/Python_Codes/table/snapshots_split/Ti64_700K_snap00095.extxyz,Ti64,700,Ti64__700,-0.0110265365589095,-0.004368525441732677,0.006658011117176823,0.006658011117176823,1
/Users/yti0811/Desktop/FE_data/npj_CM01/NPJ_CM_Fig_Python/Public_Reproducibility_Package_V01/npjcm-free-energy-surrogate_Re3/Python_Codes/table/snapshots_split/Ti64_700K_snap00096.extxyz,Ti64,700,Ti64__700,-0.0113368798161532,-0.0027776609485176034,0.008559218867635596,0.008559218867635596,1
/Users/yti0811/Desktop/FE_data/npj_CM01/NPJ_CM_Fig_Python/Public_Reproducibility_Package_V01/npjcm-free-energy-surrogate_Re3/Python_Codes/table/snapshots_split/Ti64_700K_snap00097.extxyz,Ti64,700,Ti64__700,-0.0110318581886366,-0.005911308247451143,0.005120549941185457,0.005120549941185457,1
/Users/yti0811/Desktop/FE_data/npj_CM01/NPJ_CM_Fig_Python/Public_Reproducibility_Package_V01/npjcm-free-energy-surrogate_Re3/Python_Codes/table/snapshots_split/Ti64_700K_snap00098.extxyz,Ti64,700,Ti64__700,-0.0113353577934694,-0.004562942587938749,0.006772415205530651,0.006772415205530651,1
/Users/yti0811/Desktop/FE_data/npj_CM01/NPJ_CM_Fig_Python/Public_Reproducibility_Package_V01/npjcm-free-energy-surrogate_Re3/Python_Codes/table/snapshots_split/Ti64_700K_snap00099.extxyz,Ti64,700,Ti64__700,-0.0111061871468099,-0.006649170996900228,0.004457016149909671,0.004457016149909671,1
