snapshot_path,system,temperature,group,target,prediction,error,abs_error
/Users/yti0811/Desktop/FE_data/npj_CM01/NPJ_CM_Fig_Python/Public_Reproducibility_Package_V01/npjcm-free-energy-surrogate_Re3/Python_Codes/table/snapshots_split/Al_300K_snap00000.extxyz,Al,300,Al__300,-9.384418843073784e-05,-0.000558862800814396,-0.0004650186123836581,0.0004650186123836581
/Users/yti0811/Desktop/FE_data/npj_CM01/NPJ_CM_Fig_Python/Public_Reproducibility_Package_V01/npjcm-free-energy-surrogate_Re3/Python_Codes/table/snapshots_split/Al_300K_snap00001.extxyz,Al,300,Al__300,-0.0001438238286011,-0.00043937696386866186,-0.00029555313526756185,0.00029555313526756185
/Users/yti0811/Desktop/FE_data/npj_CM01/NPJ_CM_Fig_Python/Public_Reproducibility_Package_V01/npjcm-free-energy-surrogate_Re3/Python_Codes/table/snapshots_split/Al_300K_snap00002.extxyz,Al,300,Al__300,-3.9668031770369606e-05,-0.0005534426601929505,-0.0005137746284225808,0.0005137746284225808
/Users/yti0811/Desktop/FE_data/npj_CM01/NPJ_CM_Fig_Python/Public_Reproducibility_Package_V01/npjcm-free-energy-surrogate_Re3/Python_Codes/table/snapshots_split/Al_300K_snap00003.extxyz,Al,300,Al__300,6.398399211492266e-05,-0.0006470128165080726,-0.0007109968086229953,0.0007109968086229953
/Users/yti0811/Desktop/FE_data/npj_CM01/NPJ_CM_Fig_Python/Public_Reproducibility_Package_V01/npjcm-free-energy-surrogate_Re3/Python_Codes/table/snapshots_split/Al_300K_snap00004.extxyz,Al,300,Al__300,-0.0001068266266538,-0.0005017426554586413,-0.00039491602880484125,0.00039491602880484125
/Users/yti0811/Desktop/FE_data/npj_CM01/NPJ_CM_Fig_Python/Public_Reproducibility_Package_V01/npjcm-free-energy-surrogate_Re3/Python_Codes/table/snapshots_split/Al_300K_snap00005.extxyz,Al,300,Al__300,5.1853032894220706e-05,-0.0002917648390330266,-0.0003436178719272473,0.0003436178719272473
/Users/yti0811/Desktop/FE_data/npj_CM01/NPJ_CM_Fig_Python/Public_Reproducibility_Package_V01/npjcm-free-energy-surrogate_Re3/Python_Codes/table/snapshots_split/Al_300K_snap00006.extxyz,Al,300,Al__300,-0.0001697802890017,-0.00018815868036733158,-1.8378391365631572e-05,1.8378391365631572e-05
/Users/yti0811/Desktop/FE_data/npj_CM01/NPJ_CM_Fig_Python/Public_Reproducibility_Package_V01/npjcm-free-energy-surrogate_Re3/Python_Codes/table/snapshots_split/Al_300K_snap00007.extxyz,Al,300,Al__300,-8.958226944589977e-05,-0.00041221641509419076,-0.000322634145648291,0.000322634145648291
/Users/yti0811/Desktop/FE_data/npj_CM01/NPJ_CM_Fig_Python/Public_Reproducibility_Package_V01/npjcm-free-energy-surrogate_Re3/Python_Codes/table/snapshots_split/Al_300K_snap00008.extxyz,Al,300,Al__300,0.0001975695466534,-0.0007034320973128158,-0.0009010016439662159,0.0009010016439662159
/Users/yti0811/Desktop/FE_data/npj_CM01/NPJ_CM_Fig_Python/Public_Reproducibility_Package_V01/npjcm-free-energy-surrogate_Re3/Python_Codes/table/snapshots_split/Al_300K_snap00009.extxyz,Al,300,Al__300,-3.432760323763996e-05,-0.0006575317640411787,-0.0006232041608035387,0.0006232041608035387
/Users/yti0811/Desktop/FE_data/npj_CM01/NPJ_CM_Fig_Python/Public_Reproducibility_Package_V01/npjcm-free-energy-surrogate_Re3/Python_Codes/table/snapshots_split/Al_300K_snap00010.extxyz,Al,300,Al__300,-3.554763878045487e-05,-0.0005388738789383832,-0.0005033262401579283,0.0005033262401579283
/Users/yti0811/Desktop/FE_data/npj_CM01/NPJ_CM_Fig_Python/Public_Reproducibility_Package_V01/npjcm-free-energy-surrogate_Re3/Python_Codes/table/snapshots_split/Al_300K_snap00011.extxyz,Al,300,Al__300,0.0001208333651662,-0.0004786003104611301,-0.00059943367562733,0.00059943367562733
/Users/yti0811/Desktop/FE_data/npj_CM01/NPJ_CM_Fig_Python/Public_Reproducibility_Package_V01/npjcm-free-energy-surrogate_Re3/Python_Codes/table/snapshots_split/Al_300K_snap00012.extxyz,Al,300,Al__300,-1.7392533259287817e-05,-0.0004153185630548767,-0.00039792602979558885,0.00039792602979558885
/Users/yti0811/Desktop/FE_data/npj_CM01/NPJ_CM_Fig_Python/Public_Reproducibility_Package_V01/npjcm-free-energy-surrogate_Re3/Python_Codes/table/snapshots_split/Al_300K_snap00013.extxyz,Al,300,Al__300,-5.057507104257065e-05,-0.0003280908197385847,-0.00027751574869601403,0.00027751574869601403
/Users/yti0811/Desktop/FE_data/npj_CM01/NPJ_CM_Fig_Python/Public_Reproducibility_Package_V01/npjcm-free-energy-surrogate_Re3/Python_Codes/table/snapshots_split/Al_300K_snap00014.extxyz,Al,300,Al__300,-4.577285417485423e-05,-0.00034769473469406346,-0.0003019218805192092,0.0003019218805192092
/Users/yti0811/Desktop/FE_data/npj_CM01/NPJ_CM_Fig_Python/Public_Reproducibility_Package_V01/npjcm-free-energy-surrogate_Re3/Python_Codes/table/snapshots_split/Al_300K_snap00015.extxyz,Al,300,Al__300,-0.0002440167447177,-0.00019192635985505863,5.2090384862641374e-05,5.2090384862641374e-05
/Users/yti0811/Desktop/FE_data/npj_CM01/NPJ_CM_Fig_Python/Public_Reproducibility_Package_V01/npjcm-free-energy-surrogate_Re3/Python_Codes/table/snapshots_split/Al_300K_snap00016.extxyz,Al,300,Al__300,-0.0001362588360989,-0.0005225423113826447,-0.0003862834752837447,0.0003862834752837447
/Users/yti0811/Desktop/FE_data/npj_CM01/NPJ_CM_Fig_Python/Public_Reproducibility_Package_V01/npjcm-free-energy-surrogate_Re3/Python_Codes/table/snapshots_split/Al_300K_snap00017.extxyz,Al,300,Al__300,7.447601885966477e-06,-0.00027927501102910845,-0.0002867226129150749,0.0002867226129150749
/Users/yti0811/Desktop/FE_data/npj_CM01/NPJ_CM_Fig_Python/Public_Reproducibility_Package_V01/npjcm-free-energy-surrogate_Re3/Python_Codes/table/snapshots_split/Al_300K_snap00018.extxyz,Al,300,Al__300,9.095513180450146e-05,-0.0004944023817823303,-0.0005853575135868317,0.0005853575135868317
/Users/yti0811/Desktop/FE_data/npj_CM01/NPJ_CM_Fig_Python/Public_Reproducibility_Package_V01/npjcm-free-energy-surrogate_Re3/Python_Codes/table/snapshots_split/Al_300K_snap00019.extxyz,Al,300,Al__300,-2.3082958464550345e-05,-0.0004323916397144459,-0.00040930868124989557,0.00040930868124989557
/Users/yti0811/Desktop/FE_data/npj_CM01/NPJ_CM_Fig_Python/Public_Reproducibility_Package_V01/npjcm-free-energy-surrogate_Re3/Python_Codes/table/snapshots_split/Al_300K_snap00020.extxyz,Al,300,Al__300,5.585336907119985e-05,-0.0007131362998572526,-0.0007689896689284524,0.0007689896689284524
/Users/yti0811/Desktop/FE_data/npj_CM01/NPJ_CM_Fig_Python/Public_Reproducibility_Package_V01/npjcm-free-energy-surrogate_Re3/Python_Codes/table/snapshots_split/Al_300K_snap00021.extxyz,Al,300,Al__300,-4.373338851716593e-05,-0.0002546772503359072,-0.00021094386181874127,0.00021094386181874127
/Users/yti0811/Desktop/FE_data/npj_CM01/NPJ_CM_Fig_Python/Public_Reproducibility_Package_V01/npjcm-free-energy-surrogate_Re3/Python_Codes/table/snapshots_split/Al_300K_snap00022.extxyz,Al,300,Al__300,8.542791093020146e-05,-0.0004083453615722289,-0.0004937732725024304,0.0004937732725024304
/Users/yti0811/Desktop/FE_data/npj_CM01/NPJ_CM_Fig_Python/Public_Reproducibility_Package_V01/npjcm-free-energy-surrogate_Re3/Python_Codes/table/snapshots_split/Al_300K_snap00023.extxyz,Al,300,Al__300,-0.0001255180052155,-0.00042257684665616003,-0.00029705884144066004,0.00029705884144066004
/Users/yti0811/Desktop/FE_data/npj_CM01/NPJ_CM_Fig_Python/Public_Reproducibility_Package_V01/npjcm-free-energy-surrogate_Re3/Python_Codes/table/snapshots_split/Al_300K_snap00024.extxyz,Al,300,Al__300,-6.38707300816445e-06,-0.000369269399785812,-0.00036288232677764756,0.00036288232677764756
/Users/yti0811/Desktop/FE_data/npj_CM01/NPJ_CM_Fig_Python/Public_Reproducibility_Package_V01/npjcm-free-energy-surrogate_Re3/Python_Codes/table/snapshots_split/Al_300K_snap00025.extxyz,Al,300,Al__300,6.058691620945395e-06,-0.0002009697933935872,-0.00020702848501453258,0.00020702848501453258
/Users/yti0811/Desktop/FE_data/npj_CM01/NPJ_CM_Fig_Python/Public_Reproducibility_Package_V01/npjcm-free-energy-surrogate_Re3/Python_Codes/table/snapshots_split/Al_300K_snap00026.extxyz,Al,300,Al__300,3.787198087233766e-05,-0.00032840880187241865,-0.0003662807827447563,0.0003662807827447563
/Users/yti0811/Desktop/FE_data/npj_CM01/NPJ_CM_Fig_Python/Public_Reproducibility_Package_V01/npjcm-free-energy-surrogate_Re3/Python_Codes/table/snapshots_split/Al_300K_snap00027.extxyz,Al,300,Al__300,5.573822791725523e-05,-0.0007343402445431057,-0.0007900784724603609,0.0007900784724603609
/Users/yti0811/Desktop/FE_data/npj_CM01/NPJ_CM_Fig_Python/Public_Reproducibility_Package_V01/npjcm-free-energy-surrogate_Re3/Python_Codes/table/snapshots_split/Al_300K_snap00028.extxyz,Al,300,Al__300,-8.565110195659103e-06,-0.00045419093803840334,-0.00044562582784274423,0.00044562582784274423
/Users/yti0811/Desktop/FE_data/npj_CM01/NPJ_CM_Fig_Python/Public_Reproducibility_Package_V01/npjcm-free-energy-surrogate_Re3/Python_Codes/table/snapshots_split/Al_300K_snap00029.extxyz,Al,300,Al__300,-0.0001748592456019,-0.0003922106382167488,-0.0002173513926148488,0.0002173513926148488
/Users/yti0811/Desktop/FE_data/npj_CM01/NPJ_CM_Fig_Python/Public_Reproducibility_Package_V01/npjcm-free-energy-surrogate_Re3/Python_Codes/table/snapshots_split/Al_300K_snap00030.extxyz,Al,300,Al__300,-7.93515511880022e-05,-0.0004266547139030349,-0.00034730316271503267,0.00034730316271503267
/Users/yti0811/Desktop/FE_data/npj_CM01/NPJ_CM_Fig_Python/Public_Reproducibility_Package_V01/npjcm-free-energy-surrogate_Re3/Python_Codes/table/snapshots_split/Al_300K_snap00031.extxyz,Al,300,Al__300,0.0001617169447626,-0.0005241524425388468,-0.0006858693873014467,0.0006858693873014467
/Users/yti0811/Desktop/FE_data/npj_CM01/NPJ_CM_Fig_Python/Public_Reproducibility_Package_V01/npjcm-free-energy-surrogate_Re3/Python_Codes/table/snapshots_split/Al_300K_snap00032.extxyz,Al,300,Al__300,-1.496750818120897e-05,-0.0006892057176497244,-0.0006742382094685154,0.0006742382094685154
/Users/yti0811/Desktop/FE_data/npj_CM01/NPJ_CM_Fig_Python/Public_Reproducibility_Package_V01/npjcm-free-energy-surrogate_Re3/Python_Codes/table/snapshots_split/Al_300K_snap00033.extxyz,Al,300,Al__300,-0.0002796196027736,-0.0005791982234354938,-0.0002995786206618938,0.0002995786206618938
/Users/yti0811/Desktop/FE_data/npj_CM01/NPJ_CM_Fig_Python/Public_Reproducibility_Package_V01/npjcm-free-energy-surrogate_Re3/Python_Codes/table/snapshots_split/Al_300K_snap00034.extxyz,Al,300,Al__300,2.857016326728133e-05,-0.00018098584774423206,-0.00020955601101151338,0.00020955601101151338
/Users/yti0811/Desktop/FE_data/npj_CM01/NPJ_CM_Fig_Python/Public_Reproducibility_Package_V01/npjcm-free-energy-surrogate_Re3/Python_Codes/table/snapshots_split/Al_300K_snap00035.extxyz,Al,300,Al__300,-0.0001859261856804,-0.0006407715419629083,-0.0004548453562825083,0.0004548453562825083
/Users/yti0811/Desktop/FE_data/npj_CM01/NPJ_CM_Fig_Python/Public_Reproducibility_Package_V01/npjcm-free-energy-surrogate_Re3/Python_Codes/table/snapshots_split/Al_300K_snap00036.extxyz,Al,300,Al__300,-0.0001293033461194,-0.00046935003135637214,-0.00034004668523697213,0.00034004668523697213
/Users/yti0811/Desktop/FE_data/npj_CM01/NPJ_CM_Fig_Python/Public_Reproducibility_Package_V01/npjcm-free-energy-surrogate_Re3/Python_Codes/table/snapshots_split/Al_300K_snap00037.extxyz,Al,300,Al__300,8.269051457660146e-05,-0.000517718231894421,-0.0006004087464710224,0.0006004087464710224
/Users/yti0811/Desktop/FE_data/npj_CM01/NPJ_CM_Fig_Python/Public_Reproducibility_Package_V01/npjcm-free-energy-surrogate_Re3/Python_Codes/table/snapshots_split/Al_300K_snap00038.extxyz,Al,300,Al__300,0.000196312522419,-0.0006341239775632701,-0.0008304364999822701,0.0008304364999822701
/Users/yti0811/Desktop/FE_data/npj_CM01/NPJ_CM_Fig_Python/Public_Reproducibility_Package_V01/npjcm-free-energy-surrogate_Re3/Python_Codes/table/snapshots_split/Al_300K_snap00039.extxyz,Al,300,Al__300,-0.0002154514610535,-0.0003517764530984014,-0.0001363249920449014,0.0001363249920449014
/Users/yti0811/Desktop/FE_data/npj_CM01/NPJ_CM_Fig_Python/Public_Reproducibility_Package_V01/npjcm-free-energy-surrogate_Re3/Python_Codes/table/snapshots_split/Al_300K_snap00040.extxyz,Al,300,Al__300,0.0002081594770407,-0.000546679955100893,-0.000754839432141593,0.000754839432141593
/Users/yti0811/Desktop/FE_data/npj_CM01/NPJ_CM_Fig_Python/Public_Reproducibility_Package_V01/npjcm-free-energy-surrogate_Re3/Python_Codes/table/snapshots_split/Al_300K_snap00041.extxyz,Al,300,Al__300,6.536437788327963e-05,-0.0003130230944771092,-0.0003783874723603888,0.0003783874723603888
/Users/yti0811/Desktop/FE_data/npj_CM01/NPJ_CM_Fig_Python/Public_Reproducibility_Package_V01/npjcm-free-energy-surrogate_Re3/Python_Codes/table/snapshots_split/Al_300K_snap00042.extxyz,Al,300,Al__300,0.0001826582927534,-0.0006652617399527522,-0.0008479200327061522,0.0008479200327061522
/Users/yti0811/Desktop/FE_data/npj_CM01/NPJ_CM_Fig_Python/Public_Reproducibility_Package_V01/npjcm-free-energy-surrogate_Re3/Python_Codes/table/snapshots_split/Al_300K_snap00043.extxyz,Al,300,Al__300,0.0002133257651647,-0.0005356556142686481,-0.0007489813794333481,0.0007489813794333481
/Users/yti0811/Desktop/FE_data/npj_CM01/NPJ_CM_Fig_Python/Public_Reproducibility_Package_V01/npjcm-free-energy-surrogate_Re3/Python_Codes/table/snapshots_split/Al_300K_snap00044.extxyz,Al,300,Al__300,-0.0001833225227401,-0.0005067444479104004,-0.00032342192517030046,0.00032342192517030046
/Users/yti0811/Desktop/FE_data/npj_CM01/NPJ_CM_Fig_Python/Public_Reproducibility_Package_V01/npjcm-free-energy-surrogate_Re3/Python_Codes/table/snapshots_split/Al_300K_snap00045.extxyz,Al,300,Al__300,6.722888525222236e-05,-0.0004496680097140046,-0.000516896894966227,0.000516896894966227
/Users/yti0811/Desktop/FE_data/npj_CM01/NPJ_CM_Fig_Python/Public_Reproducibility_Package_V01/npjcm-free-energy-surrogate_Re3/Python_Codes/table/snapshots_split/Al_300K_snap00046.extxyz,Al,300,Al__300,-3.5279948728108036e-05,-0.0003208059262018713,-0.00028552597747376324,0.00028552597747376324
/Users/yti0811/Desktop/FE_data/npj_CM01/NPJ_CM_Fig_Python/Public_Reproducibility_Package_V01/npjcm-free-energy-surrogate_Re3/Python_Codes/table/snapshots_split/Al_300K_snap00047.extxyz,Al,300,Al__300,0.0001107340045099,-0.0004011729361824916,-0.0005119069406923916,0.0005119069406923916
/Users/yti0811/Desktop/FE_data/npj_CM01/NPJ_CM_Fig_Python/Public_Reproducibility_Package_V01/npjcm-free-energy-surrogate_Re3/Python_Codes/table/snapshots_split/Al_300K_snap00048.extxyz,Al,300,Al__300,-0.0001466809627464,-0.000560276964052357,-0.000413596001305957,0.000413596001305957
/Users/yti0811/Desktop/FE_data/npj_CM01/NPJ_CM_Fig_Python/Public_Reproducibility_Package_V01/npjcm-free-energy-surrogate_Re3/Python_Codes/table/snapshots_split/Al_300K_snap00049.extxyz,Al,300,Al__300,0.0001231596770266,-0.000418107698649705,-0.000541267375676305,0.000541267375676305
/Users/yti0811/Desktop/FE_data/npj_CM01/NPJ_CM_Fig_Python/Public_Reproducibility_Package_V01/npjcm-free-energy-surrogate_Re3/Python_Codes/table/snapshots_split/Al_300K_snap00050.extxyz,Al,300,Al__300,-0.0001718281790699,-0.00045407278607749696,-0.00028224460700759693,0.00028224460700759693
/Users/yti0811/Desktop/FE_data/npj_CM01/NPJ_CM_Fig_Python/Public_Reproducibility_Package_V01/npjcm-free-energy-surrogate_Re3/Python_Codes/table/snapshots_split/Al_300K_snap00051.extxyz,Al,300,Al__300,7.120156393468466e-05,-0.0004963479102252053,-0.0005675494741598899,0.0005675494741598899
/Users/yti0811/Desktop/FE_data/npj_CM01/NPJ_CM_Fig_Python/Public_Reproducibility_Package_V01/npjcm-free-energy-surrogate_Re3/Python_Codes/table/snapshots_split/Al_300K_snap00052.extxyz,Al,300,Al__300,-5.473876245955135e-05,-0.000546936650933121,-0.0004921978884735697,0.0004921978884735697
/Users/yti0811/Desktop/FE_data/npj_CM01/NPJ_CM_Fig_Python/Public_Reproducibility_Package_V01/npjcm-free-energy-surrogate_Re3/Python_Codes/table/snapshots_split/Al_300K_snap00053.extxyz,Al,300,Al__300,-2.8543587558784183e-05,-0.0005060627598234245,-0.0004775191722646403,0.0004775191722646403
/Users/yti0811/Desktop/FE_data/npj_CM01/NPJ_CM_Fig_Python/Public_Reproducibility_Package_V01/npjcm-free-energy-surrogate_Re3/Python_Codes/table/snapshots_split/Al_300K_snap00054.extxyz,Al,300,Al__300,-0.0001015405897616,-0.00035315165113837895,-0.000251611061376779,0.000251611061376779
/Users/yti0811/Desktop/FE_data/npj_CM01/NPJ_CM_Fig_Python/Public_Reproducibility_Package_V01/npjcm-free-energy-surrogate_Re3/Python_Codes/table/snapshots_split/Al_300K_snap00055.extxyz,Al,300,Al__300,4.240904803475108e-05,-0.0002975973094983859,-0.00034000635753313695,0.00034000635753313695
/Users/yti0811/Desktop/FE_data/npj_CM01/NPJ_CM_Fig_Python/Public_Reproducibility_Package_V01/npjcm-free-energy-surrogate_Re3/Python_Codes/table/snapshots_split/Al_300K_snap00056.extxyz,Al,300,Al__300,-2.8963904205160944e-05,-0.00041370390980272477,-0.0003847400055975638,0.0003847400055975638
/Users/yti0811/Desktop/FE_data/npj_CM01/NPJ_CM_Fig_Python/Public_Reproducibility_Package_V01/npjcm-free-energy-surrogate_Re3/Python_Codes/table/snapshots_split/Al_300K_snap00057.extxyz,Al,300,Al__300,4.506092891630563e-05,-0.000154304990080434,-0.00019936591899673961,0.00019936591899673961
/Users/yti0811/Desktop/FE_data/npj_CM01/NPJ_CM_Fig_Python/Public_Reproducibility_Package_V01/npjcm-free-energy-surrogate_Re3/Python_Codes/table/snapshots_split/Al_300K_snap00058.extxyz,Al,300,Al__300,-0.0002475370342083,-9.696125548888264e-05,0.0001505757787194174,0.0001505757787194174
/Users/yti0811/Desktop/FE_data/npj_CM01/NPJ_CM_Fig_Python/Public_Reproducibility_Package_V01/npjcm-free-energy-surrogate_Re3/Python_Codes/table/snapshots_split/Al_300K_snap00059.extxyz,Al,300,Al__300,0.0001605673408758,-0.00045770668617319725,-0.0006182740270489972,0.0006182740270489972
/Users/yti0811/Desktop/FE_data/npj_CM01/NPJ_CM_Fig_Python/Public_Reproducibility_Package_V01/npjcm-free-energy-surrogate_Re3/Python_Codes/table/snapshots_split/Al_300K_snap00060.extxyz,Al,300,Al__300,-0.0003427540392515,-0.0004179070487798703,-7.515300952837028e-05,7.515300952837028e-05
/Users/yti0811/Desktop/FE_data/npj_CM01/NPJ_CM_Fig_Python/Public_Reproducibility_Package_V01/npjcm-free-energy-surrogate_Re3/Python_Codes/table/snapshots_split/Al_300K_snap00061.extxyz,Al,300,Al__300,-1.1701258317743952e-05,-0.0003837883777480344,-0.0003720871194302904,0.0003720871194302904
/Users/yti0811/Desktop/FE_data/npj_CM01/NPJ_CM_Fig_Python/Public_Reproducibility_Package_V01/npjcm-free-energy-surrogate_Re3/Python_Codes/table/snapshots_split/Al_300K_snap00062.extxyz,Al,300,Al__300,-2.3748401900016163e-05,-0.00015137333413793838,-0.0001276249322379222,0.0001276249322379222
/Users/yti0811/Desktop/FE_data/npj_CM01/NPJ_CM_Fig_Python/Public_Reproducibility_Package_V01/npjcm-free-energy-surrogate_Re3/Python_Codes/table/snapshots_split/Al_300K_snap00063.extxyz,Al,300,Al__300,-5.7400624180372074e-05,-0.0005140175966175336,-0.00045661697243716147,0.00045661697243716147
/Users/yti0811/Desktop/FE_data/npj_CM01/NPJ_CM_Fig_Python/Public_Reproducibility_Package_V01/npjcm-free-energy-surrogate_Re3/Python_Codes/table/snapshots_split/Al_300K_snap00064.extxyz,Al,300,Al__300,-0.0001410025026171,-0.0005368102618666434,-0.00039580775924954336,0.00039580775924954336
/Users/yti0811/Desktop/FE_data/npj_CM01/NPJ_CM_Fig_Python/Public_Reproducibility_Package_V01/npjcm-free-energy-surrogate_Re3/Python_Codes/table/snapshots_split/Al_300K_snap00065.extxyz,Al,300,Al__300,6.497022875793774e-06,-0.0006970210598769178,-0.0007035180827527116,0.0007035180827527116
/Users/yti0811/Desktop/FE_data/npj_CM01/NPJ_CM_Fig_Python/Public_Reproducibility_Package_V01/npjcm-free-energy-surrogate_Re3/Python_Codes/table/snapshots_split/Al_300K_snap00066.extxyz,Al,300,Al__300,3.062433745181058e-05,-0.0005455047599400311,-0.0005761290973918416,0.0005761290973918416
/Users/yti0811/Desktop/FE_data/npj_CM01/NPJ_CM_Fig_Python/Public_Reproducibility_Package_V01/npjcm-free-energy-surrogate_Re3/Python_Codes/table/snapshots_split/Al_300K_snap00067.extxyz,Al,300,Al__300,-8.25746375351505e-05,-0.0004931748909235255,-0.00041060025338837496,0.00041060025338837496
/Users/yti0811/Desktop/FE_data/npj_CM01/NPJ_CM_Fig_Python/Public_Reproducibility_Package_V01/npjcm-free-energy-surrogate_Re3/Python_Codes/table/snapshots_split/Al_300K_snap00068.extxyz,Al,300,Al__300,-3.12506535745788e-05,-0.0004724590285422575,-0.00044120837496767866,0.00044120837496767866
/Users/yti0811/Desktop/FE_data/npj_CM01/NPJ_CM_Fig_Python/Public_Reproducibility_Package_V01/npjcm-free-energy-surrogate_Re3/Python_Codes/table/snapshots_split/Al_300K_snap00069.extxyz,Al,300,Al__300,-2.7330297073370773e-05,-0.0005097194355218695,-0.0004823891384484987,0.0004823891384484987
/Users/yti0811/Desktop/FE_data/npj_CM01/NPJ_CM_Fig_Python/Public_Reproducibility_Package_V01/npjcm-free-energy-surrogate_Re3/Python_Codes/table/snapshots_split/Al_300K_snap00070.extxyz,Al,300,Al__300,-0.0001321970005941,-0.0007400262710218769,-0.0006078292704277769,0.0006078292704277769
/Users/yti0811/Desktop/FE_data/npj_CM01/NPJ_CM_Fig_Python/Public_Reproducibility_Package_V01/npjcm-free-energy-surrogate_Re3/Python_Codes/table/snapshots_split/Al_300K_snap00071.extxyz,Al,300,Al__300,0.0001915532219071,-0.00046557317023321814,-0.0006571263921403181,0.0006571263921403181
/Users/yti0811/Desktop/FE_data/npj_CM01/NPJ_CM_Fig_Python/Public_Reproducibility_Package_V01/npjcm-free-energy-surrogate_Re3/Python_Codes/table/snapshots_split/Al_300K_snap00072.extxyz,Al,300,Al__300,-3.709737768033018e-05,-0.0007752399852480496,-0.0007381426075677195,0.0007381426075677195
/Users/yti0811/Desktop/FE_data/npj_CM01/NPJ_CM_Fig_Python/Public_Reproducibility_Package_V01/npjcm-free-energy-surrogate_Re3/Python_Codes/table/snapshots_split/Al_300K_snap00073.extxyz,Al,300,Al__300,-0.0001242306757187,-0.0003130976363874483,-0.0001888669606687483,0.0001888669606687483
/Users/yti0811/Desktop/FE_data/npj_CM01/NPJ_CM_Fig_Python/Public_Reproducibility_Package_V01/npjcm-free-energy-surrogate_Re3/Python_Codes/table/snapshots_split/Al_300K_snap00074.extxyz,Al,300,Al__300,-0.0001633953643558,-0.0003037211636349606,-0.00014032579927916058,0.00014032579927916058
/Users/yti0811/Desktop/FE_data/npj_CM01/NPJ_CM_Fig_Python/Public_Reproducibility_Package_V01/npjcm-free-energy-surrogate_Re3/Python_Codes/table/snapshots_split/Al_300K_snap00075.extxyz,Al,300,Al__300,9.831100965180148e-05,-0.0005927475141396041,-0.0006910585237914056,0.0006910585237914056
/Users/yti0811/Desktop/FE_data/npj_CM01/NPJ_CM_Fig_Python/Public_Reproducibility_Package_V01/npjcm-free-energy-surrogate_Re3/Python_Codes/table/snapshots_split/Al_300K_snap00076.extxyz,Al,300,Al__300,-0.0002677422654937,-0.0005060646235160353,-0.00023832235802233532,0.00023832235802233532
/Users/yti0811/Desktop/FE_data/npj_CM01/NPJ_CM_Fig_Python/Public_Reproducibility_Package_V01/npjcm-free-energy-surrogate_Re3/Python_Codes/table/snapshots_split/Al_300K_snap00077.extxyz,Al,300,Al__300,7.262824815344847e-05,-0.000671472892558812,-0.0007441011407122605,0.0007441011407122605
/Users/yti0811/Desktop/FE_data/npj_CM01/NPJ_CM_Fig_Python/Public_Reproducibility_Package_V01/npjcm-free-energy-surrogate_Re3/Python_Codes/table/snapshots_split/Al_300K_snap00078.extxyz,Al,300,Al__300,4.62379583893041e-05,-0.0007317215330937569,-0.000777959491483061,0.000777959491483061
/Users/yti0811/Desktop/FE_data/npj_CM01/NPJ_CM_Fig_Python/Public_Reproducibility_Package_V01/npjcm-free-energy-surrogate_Re3/Python_Codes/table/snapshots_split/Al_300K_snap00079.extxyz,Al,300,Al__300,3.617565579904057e-05,-0.0006030857268472437,-0.0006392613826462843,0.0006392613826462843
/Users/yti0811/Desktop/FE_data/npj_CM01/NPJ_CM_Fig_Python/Public_Reproducibility_Package_V01/npjcm-free-energy-surrogate_Re3/Python_Codes/table/snapshots_split/Al_300K_snap00080.extxyz,Al,300,Al__300,8.031671200560146e-05,-0.0004634289572572383,-0.0005437456692628398,0.0005437456692628398
/Users/yti0811/Desktop/FE_data/npj_CM01/NPJ_CM_Fig_Python/Public_Reproducibility_Package_V01/npjcm-free-energy-surrogate_Re3/Python_Codes/table/snapshots_split/Al_300K_snap00081.extxyz,Al,300,Al__300,0.0001350603687636,-0.000525811699763304,-0.000660872068526904,0.000660872068526904
/Users/yti0811/Desktop/FE_data/npj_CM01/NPJ_CM_Fig_Python/Public_Reproducibility_Package_V01/npjcm-free-energy-surrogate_Re3/Python_Codes/table/snapshots_split/Al_300K_snap00082.extxyz,Al,300,Al__300,-2.0215028112685765e-06,-0.0007254062109186871,-0.0007233847081074185,0.0007233847081074185
/Users/yti0811/Desktop/FE_data/npj_CM01/NPJ_CM_Fig_Python/Public_Reproducibility_Package_V01/npjcm-free-energy-surrogate_Re3/Python_Codes/table/snapshots_split/Al_300K_snap00083.extxyz,Al,300,Al__300,-0.0002732066576867,-0.0007625222246128962,-0.0004893155669261962,0.0004893155669261962
/Users/yti0811/Desktop/FE_data/npj_CM01/NPJ_CM_Fig_Python/Public_Reproducibility_Package_V01/npjcm-free-energy-surrogate_Re3/Python_Codes/table/snapshots_split/Al_300K_snap00084.extxyz,Al,300,Al__300,2.1214734388417795e-05,-0.0004879451739570718,-0.0005091599083454896,0.0005091599083454896
/Users/yti0811/Desktop/FE_data/npj_CM01/NPJ_CM_Fig_Python/Public_Reproducibility_Package_V01/npjcm-free-energy-surrogate_Re3/Python_Codes/table/snapshots_split/Al_300K_snap00085.extxyz,Al,300,Al__300,-0.0001179211653438,-0.0005955629344510216,-0.00047764176910722154,0.00047764176910722154
/Users/yti0811/Desktop/FE_data/npj_CM01/NPJ_CM_Fig_Python/Public_Reproducibility_Package_V01/npjcm-free-energy-surrogate_Re3/Python_Codes/table/snapshots_split/Al_300K_snap00086.extxyz,Al,300,Al__300,-3.554744144053269e-05,-0.0005768327899654898,-0.0005412853485249571,0.0005412853485249571
/Users/yti0811/Desktop/FE_data/npj_CM01/NPJ_CM_Fig_Python/Public_Reproducibility_Package_V01/npjcm-free-energy-surrogate_Re3/Python_Codes/table/snapshots_split/Al_300K_snap00087.extxyz,Al,300,Al__300,-9.905613007078652e-05,-0.0005361869920398376,-0.000437130861969051,0.000437130861969051
/Users/yti0811/Desktop/FE_data/npj_CM01/NPJ_CM_Fig_Python/Public_Reproducibility_Package_V01/npjcm-free-energy-surrogate_Re3/Python_Codes/table/snapshots_split/Al_300K_snap00088.extxyz,Al,300,Al__300,6.128838498185961e-05,-0.0004130931171606964,-0.000474381502142556,0.000474381502142556
/Users/yti0811/Desktop/FE_data/npj_CM01/NPJ_CM_Fig_Python/Public_Reproducibility_Package_V01/npjcm-free-energy-surrogate_Re3/Python_Codes/table/snapshots_split/Al_300K_snap00089.extxyz,Al,300,Al__300,9.495221430770146e-05,-0.0003557909829415946,-0.00045074319724929603,0.00045074319724929603
/Users/yti0811/Desktop/FE_data/npj_CM01/NPJ_CM_Fig_Python/Public_Reproducibility_Package_V01/npjcm-free-energy-surrogate_Re3/Python_Codes/table/snapshots_split/Al_300K_snap00090.extxyz,Al,300,Al__300,-0.0001286558162061,-0.0007317664724709419,-0.000603110656264842,0.000603110656264842
/Users/yti0811/Desktop/FE_data/npj_CM01/NPJ_CM_Fig_Python/Public_Reproducibility_Package_V01/npjcm-free-energy-surrogate_Re3/Python_Codes/table/snapshots_split/Al_300K_snap00091.extxyz,Al,300,Al__300,-7.452788297425296e-05,-0.0004305625775487225,-0.00035603469457446953,0.00035603469457446953
/Users/yti0811/Desktop/FE_data/npj_CM01/NPJ_CM_Fig_Python/Public_Reproducibility_Package_V01/npjcm-free-energy-surrogate_Re3/Python_Codes/table/snapshots_split/Al_300K_snap00092.extxyz,Al,300,Al__300,-8.598989726617158e-05,-0.000814799279585486,-0.0007288093823193144,0.0007288093823193144
/Users/yti0811/Desktop/FE_data/npj_CM01/NPJ_CM_Fig_Python/Public_Reproducibility_Package_V01/npjcm-free-energy-surrogate_Re3/Python_Codes/table/snapshots_split/Al_300K_snap00093.extxyz,Al,300,Al__300,3.86486841140604e-05,-0.0006033632447871401,-0.0006420119289012005,0.0006420119289012005
/Users/yti0811/Desktop/FE_data/npj_CM01/NPJ_CM_Fig_Python/Public_Reproducibility_Package_V01/npjcm-free-energy-surrogate_Re3/Python_Codes/table/snapshots_split/Al_300K_snap00094.extxyz,Al,300,Al__300,-0.0003176576397632,-0.00020548541420123954,0.00011217222556196045,0.00011217222556196045
/Users/yti0811/Desktop/FE_data/npj_CM01/NPJ_CM_Fig_Python/Public_Reproducibility_Package_V01/npjcm-free-energy-surrogate_Re3/Python_Codes/table/snapshots_split/Al_300K_snap00095.extxyz,Al,300,Al__300,2.528663280286612e-05,-0.00038411067608338286,-0.000409397308886249,0.000409397308886249
/Users/yti0811/Desktop/FE_data/npj_CM01/NPJ_CM_Fig_Python/Public_Reproducibility_Package_V01/npjcm-free-energy-surrogate_Re3/Python_Codes/table/snapshots_split/Al_300K_snap00096.extxyz,Al,300,Al__300,7.868862978640146e-05,-0.0006005506520659356,-0.000679239281852337,0.000679239281852337
/Users/yti0811/Desktop/FE_data/npj_CM01/NPJ_CM_Fig_Python/Public_Reproducibility_Package_V01/npjcm-free-energy-surrogate_Re3/Python_Codes/table/snapshots_split/Al_300K_snap00097.extxyz,Al,300,Al__300,4.350017662578641e-05,-0.0005098824732613778,-0.0005533826498871642,0.0005533826498871642
/Users/yti0811/Desktop/FE_data/npj_CM01/NPJ_CM_Fig_Python/Public_Reproducibility_Package_V01/npjcm-free-energy-surrogate_Re3/Python_Codes/table/snapshots_split/Al_300K_snap00098.extxyz,Al,300,Al__300,0.0001763554300914,-0.00037798245802736307,-0.000554337888118763,0.000554337888118763
/Users/yti0811/Desktop/FE_data/npj_CM01/NPJ_CM_Fig_Python/Public_Reproducibility_Package_V01/npjcm-free-energy-surrogate_Re3/Python_Codes/table/snapshots_split/Al_300K_snap00099.extxyz,Al,300,Al__300,-5.549263660577121e-05,-0.00041236455096794854,-0.0003568719143621773,0.0003568719143621773
/Users/yti0811/Desktop/FE_data/npj_CM01/NPJ_CM_Fig_Python/Public_Reproducibility_Package_V01/npjcm-free-energy-surrogate_Re3/Python_Codes/table/snapshots_split/Al_400K_snap00000.extxyz,Al,400,Al__400,0.0052052600927857,0.003744031372669524,-0.001461228720116176,0.001461228720116176
/Users/yti0811/Desktop/FE_data/npj_CM01/NPJ_CM_Fig_Python/Public_Reproducibility_Package_V01/npjcm-free-energy-surrogate_Re3/Python_Codes/table/snapshots_split/Al_400K_snap00001.extxyz,Al,400,Al__400,0.0055428737629675,0.0033454507278121845,-0.0021974230351553157,0.0021974230351553157
/Users/yti0811/Desktop/FE_data/npj_CM01/NPJ_CM_Fig_Python/Public_Reproducibility_Package_V01/npjcm-free-energy-surrogate_Re3/Python_Codes/table/snapshots_split/Al_400K_snap00002.extxyz,Al,400,Al__400,0.0054520838500292,0.0039060795343286467,-0.001546004315700553,0.001546004315700553
/Users/yti0811/Desktop/FE_data/npj_CM01/NPJ_CM_Fig_Python/Public_Reproducibility_Package_V01/npjcm-free-energy-surrogate_Re3/Python_Codes/table/snapshots_split/Al_400K_snap00003.extxyz,Al,400,Al__400,0.0053378525405657,0.0034474873956550794,-0.001890365144910621,0.001890365144910621
/Users/yti0811/Desktop/FE_data/npj_CM01/NPJ_CM_Fig_Python/Public_Reproducibility_Package_V01/npjcm-free-energy-surrogate_Re3/Python_Codes/table/snapshots_split/Al_400K_snap00004.extxyz,Al,400,Al__400,0.0051857956993078,0.003339381319697532,-0.001846414379610268,0.001846414379610268
/Users/yti0811/Desktop/FE_data/npj_CM01/NPJ_CM_Fig_Python/Public_Reproducibility_Package_V01/npjcm-free-energy-surrogate_Re3/Python_Codes/table/snapshots_split/Al_400K_snap00005.extxyz,Al,400,Al__400,0.0054491380782205,0.003997019777901252,-0.0014521183003192474,0.0014521183003192474
/Users/yti0811/Desktop/FE_data/npj_CM01/NPJ_CM_Fig_Python/Public_Reproducibility_Package_V01/npjcm-free-energy-surrogate_Re3/Python_Codes/table/snapshots_split/Al_400K_snap00006.extxyz,Al,400,Al__400,0.005224301130931,0.0032889063270342468,-0.0019353948038967534,0.0019353948038967534
/Users/yti0811/Desktop/FE_data/npj_CM01/NPJ_CM_Fig_Python/Public_Reproducibility_Package_V01/npjcm-free-energy-surrogate_Re3/Python_Codes/table/snapshots_split/Al_400K_snap00007.extxyz,Al,400,Al__400,0.0053350434492204,0.0035499236411305076,-0.0017851198080898923,0.0017851198080898923
/Users/yti0811/Desktop/FE_data/npj_CM01/NPJ_CM_Fig_Python/Public_Reproducibility_Package_V01/npjcm-free-energy-surrogate_Re3/Python_Codes/table/snapshots_split/Al_400K_snap00008.extxyz,Al,400,Al__400,0.0052821906831172,0.003890784479626167,-0.001391406203491033,0.001391406203491033
/Users/yti0811/Desktop/FE_data/npj_CM01/NPJ_CM_Fig_Python/Public_Reproducibility_Package_V01/npjcm-free-energy-surrogate_Re3/Python_Codes/table/snapshots_split/Al_400K_snap00009.extxyz,Al,400,Al__400,0.0051147727793005,0.003997810253037307,-0.0011169625262631927,0.0011169625262631927
/Users/yti0811/Desktop/FE_data/npj_CM01/NPJ_CM_Fig_Python/Public_Reproducibility_Package_V01/npjcm-free-energy-surrogate_Re3/Python_Codes/table/snapshots_split/Al_400K_snap00010.extxyz,Al,400,Al__400,0.0053378691890221,0.003985893064857368,-0.0013519761241647327,0.0013519761241647327
/Users/yti0811/Desktop/FE_data/npj_CM01/NPJ_CM_Fig_Python/Public_Reproducibility_Package_V01/npjcm-free-energy-surrogate_Re3/Python_Codes/table/snapshots_split/Al_400K_snap00011.extxyz,Al,400,Al__400,0.0052868115536345,0.0036995284520114917,-0.0015872831016230083,0.0015872831016230083
/Users/yti0811/Desktop/FE_data/npj_CM01/NPJ_CM_Fig_Python/Public_Reproducibility_Package_V01/npjcm-free-energy-surrogate_Re3/Python_Codes/table/snapshots_split/Al_400K_snap00012.extxyz,Al,400,Al__400,0.005471925930741,0.003659345009103117,-0.0018125809216378826,0.0018125809216378826
/Users/yti0811/Desktop/FE_data/npj_CM01/NPJ_CM_Fig_Python/Public_Reproducibility_Package_V01/npjcm-free-energy-surrogate_Re3/Python_Codes/table/snapshots_split/Al_400K_snap00013.extxyz,Al,400,Al__400,0.0057554010881252,0.0036514043444350465,-0.0021039967436901536,0.0021039967436901536
/Users/yti0811/Desktop/FE_data/npj_CM01/NPJ_CM_Fig_Python/Public_Reproducibility_Package_V01/npjcm-free-energy-surrogate_Re3/Python_Codes/table/snapshots_split/Al_400K_snap00014.extxyz,Al,400,Al__400,0.0051902171070118,0.004055815444993016,-0.0011344016620187837,0.0011344016620187837
/Users/yti0811/Desktop/FE_data/npj_CM01/NPJ_CM_Fig_Python/Public_Reproducibility_Package_V01/npjcm-free-energy-surrogate_Re3/Python_Codes/table/snapshots_split/Al_400K_snap00015.extxyz,Al,400,Al__400,0.0057045764701341,0.0034598408272606754,-0.002244735642873425,0.002244735642873425
/Users/yti0811/Desktop/FE_data/npj_CM01/NPJ_CM_Fig_Python/Public_Reproducibility_Package_V01/npjcm-free-energy-surrogate_Re3/Python_Codes/table/snapshots_split/Al_400K_snap00016.extxyz,Al,400,Al__400,0.0051231185197299,0.0036954076546530205,-0.0014277108650768795,0.0014277108650768795
/Users/yti0811/Desktop/FE_data/npj_CM01/NPJ_CM_Fig_Python/Public_Reproducibility_Package_V01/npjcm-free-energy-surrogate_Re3/Python_Codes/table/snapshots_split/Al_400K_snap00017.extxyz,Al,400,Al__400,0.0052326740955363,0.003844345479420104,-0.0013883286161161957,0.0013883286161161957
/Users/yti0811/Desktop/FE_data/npj_CM01/NPJ_CM_Fig_Python/Public_Reproducibility_Package_V01/npjcm-free-energy-surrogate_Re3/Python_Codes/table/snapshots_split/Al_400K_snap00018.extxyz,Al,400,Al__400,0.0055360631321611,0.003967050799905535,-0.001569012332255565,0.001569012332255565
/Users/yti0811/Desktop/FE_data/npj_CM01/NPJ_CM_Fig_Python/Public_Reproducibility_Package_V01/npjcm-free-energy-surrogate_Re3/Python_Codes/table/snapshots_split/Al_400K_snap00019.extxyz,Al,400,Al__400,0.0056552555563286,0.003949529647825692,-0.0017057259085029083,0.0017057259085029083
/Users/yti0811/Desktop/FE_data/npj_CM01/NPJ_CM_Fig_Python/Public_Reproducibility_Package_V01/npjcm-free-energy-surrogate_Re3/Python_Codes/table/snapshots_split/Al_400K_snap00020.extxyz,Al,400,Al__400,0.0054675684345563,0.004040938033863397,-0.0014266304006929024,0.0014266304006929024
/Users/yti0811/Desktop/FE_data/npj_CM01/NPJ_CM_Fig_Python/Public_Reproducibility_Package_V01/npjcm-free-energy-surrogate_Re3/Python_Codes/table/snapshots_split/Al_400K_snap00021.extxyz,Al,400,Al__400,0.0050451142845348,0.00360026274393417,-0.0014448515406006303,0.0014448515406006303
/Users/yti0811/Desktop/FE_data/npj_CM01/NPJ_CM_Fig_Python/Public_Reproducibility_Package_V01/npjcm-free-energy-surrogate_Re3/Python_Codes/table/snapshots_split/Al_400K_snap00022.extxyz,Al,400,Al__400,0.0052998044954223,0.003371616490677486,-0.0019281880047448143,0.0019281880047448143
/Users/yti0811/Desktop/FE_data/npj_CM01/NPJ_CM_Fig_Python/Public_Reproducibility_Package_V01/npjcm-free-energy-surrogate_Re3/Python_Codes/table/snapshots_split/Al_400K_snap00023.extxyz,Al,400,Al__400,0.0054231602165378,0.0034382982472792646,-0.001984861969258535,0.001984861969258535
/Users/yti0811/Desktop/FE_data/npj_CM01/NPJ_CM_Fig_Python/Public_Reproducibility_Package_V01/npjcm-free-energy-surrogate_Re3/Python_Codes/table/snapshots_split/Al_400K_snap00024.extxyz,Al,400,Al__400,0.0051298546780419,0.0033767425013570586,-0.0017531121766848415,0.0017531121766848415
/Users/yti0811/Desktop/FE_data/npj_CM01/NPJ_CM_Fig_Python/Public_Reproducibility_Package_V01/npjcm-free-energy-surrogate_Re3/Python_Codes/table/snapshots_split/Al_400K_snap00025.extxyz,Al,400,Al__400,0.0048796156608054,0.0035424171676082614,-0.0013371984931971389,0.0013371984931971389
/Users/yti0811/Desktop/FE_data/npj_CM01/NPJ_CM_Fig_Python/Public_Reproducibility_Package_V01/npjcm-free-energy-surrogate_Re3/Python_Codes/table/snapshots_split/Al_400K_snap00026.extxyz,Al,400,Al__400,0.0052379746577498,0.0034024861516801616,-0.0018354885060696386,0.0018354885060696386
/Users/yti0811/Desktop/FE_data/npj_CM01/NPJ_CM_Fig_Python/Public_Reproducibility_Package_V01/npjcm-free-energy-surrogate_Re3/Python_Codes/table/snapshots_split/Al_400K_snap00027.extxyz,Al,400,Al__400,0.0053048486172829,0.00393594201599608,-0.0013689066012868203,0.0013689066012868203
/Users/yti0811/Desktop/FE_data/npj_CM01/NPJ_CM_Fig_Python/Public_Reproducibility_Package_V01/npjcm-free-energy-surrogate_Re3/Python_Codes/table/snapshots_split/Al_400K_snap00028.extxyz,Al,400,Al__400,0.0051044390650868,0.0034431433043232602,-0.00166129576076354,0.00166129576076354
/Users/yti0811/Desktop/FE_data/npj_CM01/NPJ_CM_Fig_Python/Public_Reproducibility_Package_V01/npjcm-free-energy-surrogate_Re3/Python_Codes/table/snapshots_split/Al_400K_snap00029.extxyz,Al,400,Al__400,0.0055125897215672,0.003801316087160233,-0.0017112736344069672,0.0017112736344069672
/Users/yti0811/Desktop/FE_data/npj_CM01/NPJ_CM_Fig_Python/Public_Reproducibility_Package_V01/npjcm-free-energy-surrogate_Re3/Python_Codes/table/snapshots_split/Al_400K_snap00030.extxyz,Al,400,Al__400,0.0052607907854823,0.0042356020116796796,-0.0010251887738026207,0.0010251887738026207
/Users/yti0811/Desktop/FE_data/npj_CM01/NPJ_CM_Fig_Python/Public_Reproducibility_Package_V01/npjcm-free-energy-surrogate_Re3/Python_Codes/table/snapshots_split/Al_400K_snap00031.extxyz,Al,400,Al__400,0.0052192941392289,0.003855390785414561,-0.0013639033538143394,0.0013639033538143394
/Users/yti0811/Desktop/FE_data/npj_CM01/NPJ_CM_Fig_Python/Public_Reproducibility_Package_V01/npjcm-free-energy-surrogate_Re3/Python_Codes/table/snapshots_split/Al_400K_snap00032.extxyz,Al,400,Al__400,0.0053072012062586,0.004024224363806218,-0.001282976842452382,0.001282976842452382
/Users/yti0811/Desktop/FE_data/npj_CM01/NPJ_CM_Fig_Python/Public_Reproducibility_Package_V01/npjcm-free-energy-surrogate_Re3/Python_Codes/table/snapshots_split/Al_400K_snap00033.extxyz,Al,400,Al__400,0.0050886753304936,0.0035256195050196184,-0.001563055825473982,0.001563055825473982
/Users/yti0811/Desktop/FE_data/npj_CM01/NPJ_CM_Fig_Python/Public_Reproducibility_Package_V01/npjcm-free-energy-surrogate_Re3/Python_Codes/table/snapshots_split/Al_400K_snap00034.extxyz,Al,400,Al__400,0.0054224819859684,0.0036805251320892424,-0.0017419568538791573,0.0017419568538791573
/Users/yti0811/Desktop/FE_data/npj_CM01/NPJ_CM_Fig_Python/Public_Reproducibility_Package_V01/npjcm-free-energy-surrogate_Re3/Python_Codes/table/snapshots_split/Al_400K_snap00035.extxyz,Al,400,Al__400,0.0052131950044352,0.0038475178513345436,-0.0013656771531006563,0.0013656771531006563
/Users/yti0811/Desktop/FE_data/npj_CM01/NPJ_CM_Fig_Python/Public_Reproducibility_Package_V01/npjcm-free-energy-surrogate_Re3/Python_Codes/table/snapshots_split/Al_400K_snap00036.extxyz,Al,400,Al__400,0.0050244723980773,0.00370192803675642,-0.0013225443613208796,0.0013225443613208796
/Users/yti0811/Desktop/FE_data/npj_CM01/NPJ_CM_Fig_Python/Public_Reproducibility_Package_V01/npjcm-free-energy-surrogate_Re3/Python_Codes/table/snapshots_split/Al_400K_snap00037.extxyz,Al,400,Al__400,0.0054772540783464,0.003897496764403778,-0.0015797573139426217,0.0015797573139426217
/Users/yti0811/Desktop/FE_data/npj_CM01/NPJ_CM_Fig_Python/Public_Reproducibility_Package_V01/npjcm-free-energy-surrogate_Re3/Python_Codes/table/snapshots_split/Al_400K_snap00038.extxyz,Al,400,Al__400,0.0053449485756759,0.003522642782780418,-0.0018223057928954817,0.0018223057928954817
/Users/yti0811/Desktop/FE_data/npj_CM01/NPJ_CM_Fig_Python/Public_Reproducibility_Package_V01/npjcm-free-energy-surrogate_Re3/Python_Codes/table/snapshots_split/Al_400K_snap00039.extxyz,Al,400,Al__400,0.0054496560221363,0.0038453130799217324,-0.001604342942214568,0.001604342942214568
/Users/yti0811/Desktop/FE_data/npj_CM01/NPJ_CM_Fig_Python/Public_Reproducibility_Package_V01/npjcm-free-energy-surrogate_Re3/Python_Codes/table/snapshots_split/Al_400K_snap00040.extxyz,Al,400,Al__400,0.0054606880765623,0.004050149679465307,-0.0014105383970969927,0.0014105383970969927
/Users/yti0811/Desktop/FE_data/npj_CM01/NPJ_CM_Fig_Python/Public_Reproducibility_Package_V01/npjcm-free-energy-surrogate_Re3/Python_Codes/table/snapshots_split/Al_400K_snap00041.extxyz,Al,400,Al__400,0.0054001391654871,0.0037617635838888054,-0.0016383755815982943,0.0016383755815982943
/Users/yti0811/Desktop/FE_data/npj_CM01/NPJ_CM_Fig_Python/Public_Reproducibility_Package_V01/npjcm-free-energy-surrogate_Re3/Python_Codes/table/snapshots_split/Al_400K_snap00042.extxyz,Al,400,Al__400,0.0050477526129687,0.0038569025420937724,-0.0011908500708749277,0.0011908500708749277
/Users/yti0811/Desktop/FE_data/npj_CM01/NPJ_CM_Fig_Python/Public_Reproducibility_Package_V01/npjcm-free-energy-surrogate_Re3/Python_Codes/table/snapshots_split/Al_400K_snap00043.extxyz,Al,400,Al__400,0.0052103603712018,0.003768911419284056,-0.001441448951917744,0.001441448951917744
/Users/yti0811/Desktop/FE_data/npj_CM01/NPJ_CM_Fig_Python/Public_Reproducibility_Package_V01/npjcm-free-energy-surrogate_Re3/Python_Codes/table/snapshots_split/Al_400K_snap00044.extxyz,Al,400,Al__400,0.0052045810944344,0.0038457883323709404,-0.0013587927620634598,0.0013587927620634598
/Users/yti0811/Desktop/FE_data/npj_CM01/NPJ_CM_Fig_Python/Public_Reproducibility_Package_V01/npjcm-free-energy-surrogate_Re3/Python_Codes/table/snapshots_split/Al_400K_snap00045.extxyz,Al,400,Al__400,0.0051262255745531,0.0038132572802943624,-0.001312968294258738,0.001312968294258738
/Users/yti0811/Desktop/FE_data/npj_CM01/NPJ_CM_Fig_Python/Public_Reproducibility_Package_V01/npjcm-free-energy-surrogate_Re3/Python_Codes/table/snapshots_split/Al_400K_snap00046.extxyz,Al,400,Al__400,0.0053495949142182,0.0037879143032708896,-0.0015616806109473107,0.0015616806109473107
/Users/yti0811/Desktop/FE_data/npj_CM01/NPJ_CM_Fig_Python/Public_Reproducibility_Package_V01/npjcm-free-energy-surrogate_Re3/Python_Codes/table/snapshots_split/Al_400K_snap00047.extxyz,Al,400,Al__400,0.0052562605668892,0.003805695089127876,-0.001450565477761324,0.001450565477761324
/Users/yti0811/Desktop/FE_data/npj_CM01/NPJ_CM_Fig_Python/Public_Reproducibility_Package_V01/npjcm-free-energy-surrogate_Re3/Python_Codes/table/snapshots_split/Al_400K_snap00048.extxyz,Al,400,Al__400,0.0054942183620979,0.0038642775785318597,-0.00162994078356604,0.00162994078356604
/Users/yti0811/Desktop/FE_data/npj_CM01/NPJ_CM_Fig_Python/Public_Reproducibility_Package_V01/npjcm-free-energy-surrogate_Re3/Python_Codes/table/snapshots_split/Al_400K_snap00049.extxyz,Al,400,Al__400,0.0053410186937951,0.0033870557128107054,-0.0019539629809843945,0.0019539629809843945
/Users/yti0811/Desktop/FE_data/npj_CM01/NPJ_CM_Fig_Python/Public_Reproducibility_Package_V01/npjcm-free-energy-surrogate_Re3/Python_Codes/table/snapshots_split/Al_400K_snap00050.extxyz,Al,400,Al__400,0.0054387068733535,0.003731723224020527,-0.0017069836493329733,0.0017069836493329733
/Users/yti0811/Desktop/FE_data/npj_CM01/NPJ_CM_Fig_Python/Public_Reproducibility_Package_V01/npjcm-free-energy-surrogate_Re3/Python_Codes/table/snapshots_split/Al_400K_snap00051.extxyz,Al,400,Al__400,0.0053581455065426,0.0038814457623058095,-0.0014766997442367908,0.0014766997442367908
/Users/yti0811/Desktop/FE_data/npj_CM01/NPJ_CM_Fig_Python/Public_Reproducibility_Package_V01/npjcm-free-energy-surrogate_Re3/Python_Codes/table/snapshots_split/Al_400K_snap00052.extxyz,Al,400,Al__400,0.0056602434836411,0.004003877402908304,-0.0016563660807327957,0.0016563660807327957
/Users/yti0811/Desktop/FE_data/npj_CM01/NPJ_CM_Fig_Python/Public_Reproducibility_Package_V01/npjcm-free-energy-surrogate_Re3/Python_Codes/table/snapshots_split/Al_400K_snap00053.extxyz,Al,400,Al__400,0.0054758706678718,0.003882667755478863,-0.0015932029123929374,0.0015932029123929374
/Users/yti0811/Desktop/FE_data/npj_CM01/NPJ_CM_Fig_Python/Public_Reproducibility_Package_V01/npjcm-free-energy-surrogate_Re3/Python_Codes/table/snapshots_split/Al_400K_snap00054.extxyz,Al,400,Al__400,0.0051243985259216,0.0035606840163665216,-0.0015637145095550786,0.0015637145095550786
/Users/yti0811/Desktop/FE_data/npj_CM01/NPJ_CM_Fig_Python/Public_Reproducibility_Package_V01/npjcm-free-energy-surrogate_Re3/Python_Codes/table/snapshots_split/Al_400K_snap00055.extxyz,Al,400,Al__400,0.0054818113887994,0.003738944431328991,-0.0017428669574704094,0.0017428669574704094
/Users/yti0811/Desktop/FE_data/npj_CM01/NPJ_CM_Fig_Python/Public_Reproducibility_Package_V01/npjcm-free-energy-surrogate_Re3/Python_Codes/table/snapshots_split/Al_400K_snap00056.extxyz,Al,400,Al__400,0.0054047470328809,0.004121686642164459,-0.001283060390716441,0.001283060390716441
/Users/yti0811/Desktop/FE_data/npj_CM01/NPJ_CM_Fig_Python/Public_Reproducibility_Package_V01/npjcm-free-energy-surrogate_Re3/Python_Codes/table/snapshots_split/Al_400K_snap00057.extxyz,Al,400,Al__400,0.0054024978762498,0.0034793638094696966,-0.0019231340667801035,0.0019231340667801035
/Users/yti0811/Desktop/FE_data/npj_CM01/NPJ_CM_Fig_Python/Public_Reproducibility_Package_V01/npjcm-free-energy-surrogate_Re3/Python_Codes/table/snapshots_split/Al_400K_snap00058.extxyz,Al,400,Al__400,0.0052510498338415,0.0038776663208664693,-0.0013733835129750307,0.0013733835129750307
/Users/yti0811/Desktop/FE_data/npj_CM01/NPJ_CM_Fig_Python/Public_Reproducibility_Package_V01/npjcm-free-energy-surrogate_Re3/Python_Codes/table/snapshots_split/Al_400K_snap00059.extxyz,Al,400,Al__400,0.005282523198936,0.0038719923418402656,-0.0014105308570957348,0.0014105308570957348
/Users/yti0811/Desktop/FE_data/npj_CM01/NPJ_CM_Fig_Python/Public_Reproducibility_Package_V01/npjcm-free-energy-surrogate_Re3/Python_Codes/table/snapshots_split/Al_400K_snap00060.extxyz,Al,400,Al__400,0.0052337346469594,0.00364989204867986,-0.0015838425982795403,0.0015838425982795403
/Users/yti0811/Desktop/FE_data/npj_CM01/NPJ_CM_Fig_Python/Public_Reproducibility_Package_V01/npjcm-free-energy-surrogate_Re3/Python_Codes/table/snapshots_split/Al_400K_snap00061.extxyz,Al,400,Al__400,0.0054129749112031,0.0036581093915290285,-0.0017548655196740716,0.0017548655196740716
/Users/yti0811/Desktop/FE_data/npj_CM01/NPJ_CM_Fig_Python/Public_Reproducibility_Package_V01/npjcm-free-energy-surrogate_Re3/Python_Codes/table/snapshots_split/Al_400K_snap00062.extxyz,Al,400,Al__400,0.0049276978293996,0.003664363638717892,-0.0012633341906817083,0.0012633341906817083
/Users/yti0811/Desktop/FE_data/npj_CM01/NPJ_CM_Fig_Python/Public_Reproducibility_Package_V01/npjcm-free-energy-surrogate_Re3/Python_Codes/table/snapshots_split/Al_400K_snap00063.extxyz,Al,400,Al__400,0.0053724750178588,0.003630985821658202,-0.001741489196200598,0.001741489196200598
/Users/yti0811/Desktop/FE_data/npj_CM01/NPJ_CM_Fig_Python/Public_Reproducibility_Package_V01/npjcm-free-energy-surrogate_Re3/Python_Codes/table/snapshots_split/Al_400K_snap00064.extxyz,Al,400,Al__400,0.0053031506144752,0.0036128418112578984,-0.0016903088032173019,0.0016903088032173019
/Users/yti0811/Desktop/FE_data/npj_CM01/NPJ_CM_Fig_Python/Public_Reproducibility_Package_V01/npjcm-free-energy-surrogate_Re3/Python_Codes/table/snapshots_split/Al_400K_snap00065.extxyz,Al,400,Al__400,0.005230918082198,0.004006922489132948,-0.0012239955930650522,0.0012239955930650522
/Users/yti0811/Desktop/FE_data/npj_CM01/NPJ_CM_Fig_Python/Public_Reproducibility_Package_V01/npjcm-free-energy-surrogate_Re3/Python_Codes/table/snapshots_split/Al_400K_snap00066.extxyz,Al,400,Al__400,0.005082682175238,0.004031236922883726,-0.0010514452523542744,0.0010514452523542744
/Users/yti0811/Desktop/FE_data/npj_CM01/NPJ_CM_Fig_Python/Public_Reproducibility_Package_V01/npjcm-free-energy-surrogate_Re3/Python_Codes/table/snapshots_split/Al_400K_snap00067.extxyz,Al,400,Al__400,0.0053903027298282,0.003355582193507614,-0.002034720536320586,0.002034720536320586
/Users/yti0811/Desktop/FE_data/npj_CM01/NPJ_CM_Fig_Python/Public_Reproducibility_Package_V01/npjcm-free-energy-surrogate_Re3/Python_Codes/table/snapshots_split/Al_400K_snap00068.extxyz,Al,400,Al__400,0.005386664222443,0.003874678645043081,-0.001511985577399919,0.001511985577399919
/Users/yti0811/Desktop/FE_data/npj_CM01/NPJ_CM_Fig_Python/Public_Reproducibility_Package_V01/npjcm-free-energy-surrogate_Re3/Python_Codes/table/snapshots_split/Al_400K_snap00069.extxyz,Al,400,Al__400,0.0050366315847633,0.004046600581917945,-0.0009900310028453548,0.0009900310028453548
/Users/yti0811/Desktop/FE_data/npj_CM01/NPJ_CM_Fig_Python/Public_Reproducibility_Package_V01/npjcm-free-energy-surrogate_Re3/Python_Codes/table/snapshots_split/Al_400K_snap00070.extxyz,Al,400,Al__400,0.00533771794631,0.0036611948261274655,-0.0016765231201825341,0.0016765231201825341
/Users/yti0811/Desktop/FE_data/npj_CM01/NPJ_CM_Fig_Python/Public_Reproducibility_Package_V01/npjcm-free-energy-surrogate_Re3/Python_Codes/table/snapshots_split/Al_400K_snap00071.extxyz,Al,400,Al__400,0.0052629509054665,0.004105296810676569,-0.0011576540947899313,0.0011576540947899313
/Users/yti0811/Desktop/FE_data/npj_CM01/NPJ_CM_Fig_Python/Public_Reproducibility_Package_V01/npjcm-free-energy-surrogate_Re3/Python_Codes/table/snapshots_split/Al_400K_snap00072.extxyz,Al,400,Al__400,0.0052372624243127,0.0036108178731715478,-0.0016264445511411521,0.0016264445511411521
/Users/yti0811/Desktop/FE_data/npj_CM01/NPJ_CM_Fig_Python/Public_Reproducibility_Package_V01/npjcm-free-energy-surrogate_Re3/Python_Codes/table/snapshots_split/Al_400K_snap00073.extxyz,Al,400,Al__400,0.0053994725962135,0.003834337473917406,-0.0015651351222960943,0.0015651351222960943
/Users/yti0811/Desktop/FE_data/npj_CM01/NPJ_CM_Fig_Python/Public_Reproducibility_Package_V01/npjcm-free-energy-surrogate_Re3/Python_Codes/table/snapshots_split/Al_400K_snap00074.extxyz,Al,400,Al__400,0.0053123286539028,0.003468484567197412,-0.001843844086705388,0.001843844086705388
/Users/yti0811/Desktop/FE_data/npj_CM01/NPJ_CM_Fig_Python/Public_Reproducibility_Package_V01/npjcm-free-energy-surrogate_Re3/Python_Codes/table/snapshots_split/Al_400K_snap00075.extxyz,Al,400,Al__400,0.005416477938415,0.0038210595386514576,-0.001595418399763542,0.001595418399763542
/Users/yti0811/Desktop/FE_data/npj_CM01/NPJ_CM_Fig_Python/Public_Reproducibility_Package_V01/npjcm-free-energy-surrogate_Re3/Python_Codes/table/snapshots_split/Al_400K_snap00076.extxyz,Al,400,Al__400,0.0056783999440447,0.003843735223399951,-0.001834664720644749,0.001834664720644749
/Users/yti0811/Desktop/FE_data/npj_CM01/NPJ_CM_Fig_Python/Public_Reproducibility_Package_V01/npjcm-free-energy-surrogate_Re3/Python_Codes/table/snapshots_split/Al_400K_snap00077.extxyz,Al,400,Al__400,0.0054250753167296,0.003436455550184304,-0.0019886197665452956,0.0019886197665452956
/Users/yti0811/Desktop/FE_data/npj_CM01/NPJ_CM_Fig_Python/Public_Reproducibility_Package_V01/npjcm-free-energy-surrogate_Re3/Python_Codes/table/snapshots_split/Al_400K_snap00078.extxyz,Al,400,Al__400,0.0052108371904192,0.0034444052192317835,-0.0017664319711874162,0.0017664319711874162
/Users/yti0811/Desktop/FE_data/npj_CM01/NPJ_CM_Fig_Python/Public_Reproducibility_Package_V01/npjcm-free-energy-surrogate_Re3/Python_Codes/table/snapshots_split/Al_400K_snap00079.extxyz,Al,400,Al__400,0.0052636547943435,0.003892541915877133,-0.0013711128784663672,0.0013711128784663672
/Users/yti0811/Desktop/FE_data/npj_CM01/NPJ_CM_Fig_Python/Public_Reproducibility_Package_V01/npjcm-free-energy-surrogate_Re3/Python_Codes/table/snapshots_split/Al_400K_snap00080.extxyz,Al,400,Al__400,0.0053011410682911,0.003727599765885973,-0.001573541302405127,0.001573541302405127
/Users/yti0811/Desktop/FE_data/npj_CM01/NPJ_CM_Fig_Python/Public_Reproducibility_Package_V01/npjcm-free-energy-surrogate_Re3/Python_Codes/table/snapshots_split/Al_400K_snap00081.extxyz,Al,400,Al__400,0.0049869086779864,0.003858227098912013,-0.0011286815790743868,0.0011286815790743868
/Users/yti0811/Desktop/FE_data/npj_CM01/NPJ_CM_Fig_Python/Public_Reproducibility_Package_V01/npjcm-free-energy-surrogate_Re3/Python_Codes/table/snapshots_split/Al_400K_snap00082.extxyz,Al,400,Al__400,0.0051907399631258,0.004237135900011171,-0.0009536040631146292,0.0009536040631146292
/Users/yti0811/Desktop/FE_data/npj_CM01/NPJ_CM_Fig_Python/Public_Reproducibility_Package_V01/npjcm-free-energy-surrogate_Re3/Python_Codes/table/snapshots_split/Al_400K_snap00083.extxyz,Al,400,Al__400,0.0054026728044812,0.004025525884188425,-0.0013771469202927752,0.0013771469202927752
/Users/yti0811/Desktop/FE_data/npj_CM01/NPJ_CM_Fig_Python/Public_Reproducibility_Package_V01/npjcm-free-energy-surrogate_Re3/Python_Codes/table/snapshots_split/Al_400K_snap00084.extxyz,Al,400,Al__400,0.0054240946592357,0.0035872210964046987,-0.0018368735628310011,0.0018368735628310011
/Users/yti0811/Desktop/FE_data/npj_CM01/NPJ_CM_Fig_Python/Public_Reproducibility_Package_V01/npjcm-free-energy-surrogate_Re3/Python_Codes/table/snapshots_split/Al_400K_snap00085.extxyz,Al,400,Al__400,0.004953808151274,0.0036044928067676374,-0.0013493153445063625,0.0013493153445063625
/Users/yti0811/Desktop/FE_data/npj_CM01/NPJ_CM_Fig_Python/Public_Reproducibility_Package_V01/npjcm-free-energy-surrogate_Re3/Python_Codes/table/snapshots_split/Al_400K_snap00086.extxyz,Al,400,Al__400,0.0052733777527543,0.0038883434802196933,-0.0013850342725346067,0.0013850342725346067
/Users/yti0811/Desktop/FE_data/npj_CM01/NPJ_CM_Fig_Python/Public_Reproducibility_Package_V01/npjcm-free-energy-surrogate_Re3/Python_Codes/table/snapshots_split/Al_400K_snap00087.extxyz,Al,400,Al__400,0.0050655192809535,0.0035693985544436135,-0.0014961207265098866,0.0014961207265098866
/Users/yti0811/Desktop/FE_data/npj_CM01/NPJ_CM_Fig_Python/Public_Reproducibility_Package_V01/npjcm-free-energy-surrogate_Re3/Python_Codes/table/snapshots_split/Al_400K_snap00088.extxyz,Al,400,Al__400,0.0052488776145481,0.00356410749889438,-0.0016847701156537196,0.0016847701156537196
/Users/yti0811/Desktop/FE_data/npj_CM01/NPJ_CM_Fig_Python/Public_Reproducibility_Package_V01/npjcm-free-energy-surrogate_Re3/Python_Codes/table/snapshots_split/Al_400K_snap00089.extxyz,Al,400,Al__400,0.0053296880701855,0.003786971475121992,-0.0015427165950635075,0.0015427165950635075
/Users/yti0811/Desktop/FE_data/npj_CM01/NPJ_CM_Fig_Python/Public_Reproducibility_Package_V01/npjcm-free-energy-surrogate_Re3/Python_Codes/table/snapshots_split/Al_400K_snap00090.extxyz,Al,400,Al__400,0.0051125326581088,0.003694111726223013,-0.0014184209318857865,0.0014184209318857865
/Users/yti0811/Desktop/FE_data/npj_CM01/NPJ_CM_Fig_Python/Public_Reproducibility_Package_V01/npjcm-free-energy-surrogate_Re3/Python_Codes/table/snapshots_split/Al_400K_snap00091.extxyz,Al,400,Al__400,0.0050518553266042,0.003719165771156243,-0.0013326895554479573,0.0013326895554479573
/Users/yti0811/Desktop/FE_data/npj_CM01/NPJ_CM_Fig_Python/Public_Reproducibility_Package_V01/npjcm-free-energy-surrogate_Re3/Python_Codes/table/snapshots_split/Al_400K_snap00092.extxyz,Al,400,Al__400,0.0055341479441609,0.004141682869477692,-0.0013924650746832083,0.0013924650746832083
/Users/yti0811/Desktop/FE_data/npj_CM01/NPJ_CM_Fig_Python/Public_Reproducibility_Package_V01/npjcm-free-energy-surrogate_Re3/Python_Codes/table/snapshots_split/Al_400K_snap00093.extxyz,Al,400,Al__400,0.0051870415948848,0.0038073506560410675,-0.0013796909388437326,0.0013796909388437326
/Users/yti0811/Desktop/FE_data/npj_CM01/NPJ_CM_Fig_Python/Public_Reproducibility_Package_V01/npjcm-free-energy-surrogate_Re3/Python_Codes/table/snapshots_split/Al_400K_snap00094.extxyz,Al,400,Al__400,0.005159471288403,0.003627042625556911,-0.001532428662846089,0.001532428662846089
/Users/yti0811/Desktop/FE_data/npj_CM01/NPJ_CM_Fig_Python/Public_Reproducibility_Package_V01/npjcm-free-energy-surrogate_Re3/Python_Codes/table/snapshots_split/Al_400K_snap00095.extxyz,Al,400,Al__400,0.0052481393804516,0.00403330542659819,-0.0012148339538534097,0.0012148339538534097
/Users/yti0811/Desktop/FE_data/npj_CM01/NPJ_CM_Fig_Python/Public_Reproducibility_Package_V01/npjcm-free-energy-surrogate_Re3/Python_Codes/table/snapshots_split/Al_400K_snap00096.extxyz,Al,400,Al__400,0.0054620487466167,0.003854607804733792,-0.0016074409418829075,0.0016074409418829075
/Users/yti0811/Desktop/FE_data/npj_CM01/NPJ_CM_Fig_Python/Public_Reproducibility_Package_V01/npjcm-free-energy-surrogate_Re3/Python_Codes/table/snapshots_split/Al_400K_snap00097.extxyz,Al,400,Al__400,0.0052286357403287,0.003599654082798847,-0.0016289816575298529,0.0016289816575298529
/Users/yti0811/Desktop/FE_data/npj_CM01/NPJ_CM_Fig_Python/Public_Reproducibility_Package_V01/npjcm-free-energy-surrogate_Re3/Python_Codes/table/snapshots_split/Al_400K_snap00098.extxyz,Al,400,Al__400,0.005250886077076,0.003536924028077779,-0.0017139620489982207,0.0017139620489982207
/Users/yti0811/Desktop/FE_data/npj_CM01/NPJ_CM_Fig_Python/Public_Reproducibility_Package_V01/npjcm-free-energy-surrogate_Re3/Python_Codes/table/snapshots_split/Al_400K_snap00099.extxyz,Al,400,Al__400,0.0053433383934825,0.004055933885657221,-0.001287404507825279,0.001287404507825279
/Users/yti0811/Desktop/FE_data/npj_CM01/NPJ_CM_Fig_Python/Public_Reproducibility_Package_V01/npjcm-free-energy-surrogate_Re3/Python_Codes/table/snapshots_split/Al_500K_snap00000.extxyz,Al,500,Al__500,0.0116490693637925,0.008819529971896087,-0.002829539391896412,0.002829539391896412
/Users/yti0811/Desktop/FE_data/npj_CM01/NPJ_CM_Fig_Python/Public_Reproducibility_Package_V01/npjcm-free-energy-surrogate_Re3/Python_Codes/table/snapshots_split/Al_500K_snap00001.extxyz,Al,500,Al__500,0.011526399842159,0.008903277221973191,-0.0026231226201858093,0.0026231226201858093
/Users/yti0811/Desktop/FE_data/npj_CM01/NPJ_CM_Fig_Python/Public_Reproducibility_Package_V01/npjcm-free-energy-surrogate_Re3/Python_Codes/table/snapshots_split/Al_500K_snap00002.extxyz,Al,500,Al__500,0.011568386943413,0.0084559306982069,-0.0031124562452060998,0.0031124562452060998
/Users/yti0811/Desktop/FE_data/npj_CM01/NPJ_CM_Fig_Python/Public_Reproducibility_Package_V01/npjcm-free-energy-surrogate_Re3/Python_Codes/table/snapshots_split/Al_500K_snap00003.extxyz,Al,500,Al__500,0.0120251772784218,0.009165062756775994,-0.002860114521645805,0.002860114521645805
/Users/yti0811/Desktop/FE_data/npj_CM01/NPJ_CM_Fig_Python/Public_Reproducibility_Package_V01/npjcm-free-energy-surrogate_Re3/Python_Codes/table/snapshots_split/Al_500K_snap00004.extxyz,Al,500,Al__500,0.011948223511154,0.00880892156328981,-0.0031393019478641905,0.0031393019478641905
/Users/yti0811/Desktop/FE_data/npj_CM01/NPJ_CM_Fig_Python/Public_Reproducibility_Package_V01/npjcm-free-energy-surrogate_Re3/Python_Codes/table/snapshots_split/Al_500K_snap00005.extxyz,Al,500,Al__500,0.0118832058842917,0.008511706951896023,-0.003371498932395677,0.003371498932395677
/Users/yti0811/Desktop/FE_data/npj_CM01/NPJ_CM_Fig_Python/Public_Reproducibility_Package_V01/npjcm-free-energy-surrogate_Re3/Python_Codes/table/snapshots_split/Al_500K_snap00006.extxyz,Al,500,Al__500,0.0117503204516953,0.008864443294689004,-0.002885877157006297,0.002885877157006297
/Users/yti0811/Desktop/FE_data/npj_CM01/NPJ_CM_Fig_Python/Public_Reproducibility_Package_V01/npjcm-free-energy-surrogate_Re3/Python_Codes/table/snapshots_split/Al_500K_snap00007.extxyz,Al,500,Al__500,0.0118761196638133,0.008991546922945133,-0.0028845727408681673,0.0028845727408681673
/Users/yti0811/Desktop/FE_data/npj_CM01/NPJ_CM_Fig_Python/Public_Reproducibility_Package_V01/npjcm-free-energy-surrogate_Re3/Python_Codes/table/snapshots_split/Al_500K_snap00008.extxyz,Al,500,Al__500,0.0118303942131713,0.008502205863702773,-0.0033281883494685263,0.0033281883494685263
/Users/yti0811/Desktop/FE_data/npj_CM01/NPJ_CM_Fig_Python/Public_Reproducibility_Package_V01/npjcm-free-energy-surrogate_Re3/Python_Codes/table/snapshots_split/Al_500K_snap00009.extxyz,Al,500,Al__500,0.0118421088626858,0.008657347655791797,-0.003184761206894003,0.003184761206894003
/Users/yti0811/Desktop/FE_data/npj_CM01/NPJ_CM_Fig_Python/Public_Reproducibility_Package_V01/npjcm-free-energy-surrogate_Re3/Python_Codes/table/snapshots_split/Al_500K_snap00010.extxyz,Al,500,Al__500,0.0117868216456976,0.008969488705873477,-0.0028173329398241236,0.0028173329398241236
/Users/yti0811/Desktop/FE_data/npj_CM01/NPJ_CM_Fig_Python/Public_Reproducibility_Package_V01/npjcm-free-energy-surrogate_Re3/Python_Codes/table/snapshots_split/Al_500K_snap00011.extxyz,Al,500,Al__500,0.0119389287503147,0.008724295749064507,-0.003214633001250194,0.003214633001250194
/Users/yti0811/Desktop/FE_data/npj_CM01/NPJ_CM_Fig_Python/Public_Reproducibility_Package_V01/npjcm-free-energy-surrogate_Re3/Python_Codes/table/snapshots_split/Al_500K_snap00012.extxyz,Al,500,Al__500,0.0119870041915507,0.008458373954996582,-0.003528630236554118,0.003528630236554118
/Users/yti0811/Desktop/FE_data/npj_CM01/NPJ_CM_Fig_Python/Public_Reproducibility_Package_V01/npjcm-free-energy-surrogate_Re3/Python_Codes/table/snapshots_split/Al_500K_snap00013.extxyz,Al,500,Al__500,0.0115401564137253,0.008844190944807135,-0.0026959654689181645,0.0026959654689181645
/Users/yti0811/Desktop/FE_data/npj_CM01/NPJ_CM_Fig_Python/Public_Reproducibility_Package_V01/npjcm-free-energy-surrogate_Re3/Python_Codes/table/snapshots_split/Al_500K_snap00014.extxyz,Al,500,Al__500,0.0120356602902008,0.008424355301388572,-0.0036113049888122275,0.0036113049888122275
/Users/yti0811/Desktop/FE_data/npj_CM01/NPJ_CM_Fig_Python/Public_Reproducibility_Package_V01/npjcm-free-energy-surrogate_Re3/Python_Codes/table/snapshots_split/Al_500K_snap00015.extxyz,Al,500,Al__500,0.0119666036261688,0.008459722766204691,-0.003506880859964109,0.003506880859964109
/Users/yti0811/Desktop/FE_data/npj_CM01/NPJ_CM_Fig_Python/Public_Reproducibility_Package_V01/npjcm-free-energy-surrogate_Re3/Python_Codes/table/snapshots_split/Al_500K_snap00016.extxyz,Al,500,Al__500,0.0117945219162926,0.00887498725400335,-0.002919534662289249,0.002919534662289249
/Users/yti0811/Desktop/FE_data/npj_CM01/NPJ_CM_Fig_Python/Public_Reproducibility_Package_V01/npjcm-free-energy-surrogate_Re3/Python_Codes/table/snapshots_split/Al_500K_snap00017.extxyz,Al,500,Al__500,0.0117197800099494,0.008211855826930615,-0.003507924183018785,0.003507924183018785
/Users/yti0811/Desktop/FE_data/npj_CM01/NPJ_CM_Fig_Python/Public_Reproducibility_Package_V01/npjcm-free-energy-surrogate_Re3/Python_Codes/table/snapshots_split/Al_500K_snap00018.extxyz,Al,500,Al__500,0.0120172091597458,0.00867397171516583,-0.0033432374445799707,0.0033432374445799707
/Users/yti0811/Desktop/FE_data/npj_CM01/NPJ_CM_Fig_Python/Public_Reproducibility_Package_V01/npjcm-free-energy-surrogate_Re3/Python_Codes/table/snapshots_split/Al_500K_snap00019.extxyz,Al,500,Al__500,0.011591462506612,0.008086064457943586,-0.003505398048668413,0.003505398048668413
/Users/yti0811/Desktop/FE_data/npj_CM01/NPJ_CM_Fig_Python/Public_Reproducibility_Package_V01/npjcm-free-energy-surrogate_Re3/Python_Codes/table/snapshots_split/Al_500K_snap00020.extxyz,Al,500,Al__500,0.0116011060411224,0.00856616494020322,-0.0030349411009191803,0.0030349411009191803
/Users/yti0811/Desktop/FE_data/npj_CM01/NPJ_CM_Fig_Python/Public_Reproducibility_Package_V01/npjcm-free-energy-surrogate_Re3/Python_Codes/table/snapshots_split/Al_500K_snap00021.extxyz,Al,500,Al__500,0.0114906788818333,0.008658412433137239,-0.002832266448696061,0.002832266448696061
/Users/yti0811/Desktop/FE_data/npj_CM01/NPJ_CM_Fig_Python/Public_Reproducibility_Package_V01/npjcm-free-energy-surrogate_Re3/Python_Codes/table/snapshots_split/Al_500K_snap00022.extxyz,Al,500,Al__500,0.0119970747374741,0.008526647852536796,-0.0034704268849373044,0.0034704268849373044
/Users/yti0811/Desktop/FE_data/npj_CM01/NPJ_CM_Fig_Python/Public_Reproducibility_Package_V01/npjcm-free-energy-surrogate_Re3/Python_Codes/table/snapshots_split/Al_500K_snap00023.extxyz,Al,500,Al__500,0.0116231710551676,0.008512669066781936,-0.003110501988385663,0.003110501988385663
/Users/yti0811/Desktop/FE_data/npj_CM01/NPJ_CM_Fig_Python/Public_Reproducibility_Package_V01/npjcm-free-energy-surrogate_Re3/Python_Codes/table/snapshots_split/Al_500K_snap00024.extxyz,Al,500,Al__500,0.011860185863625,0.009041596623828748,-0.002818589239796252,0.002818589239796252
/Users/yti0811/Desktop/FE_data/npj_CM01/NPJ_CM_Fig_Python/Public_Reproducibility_Package_V01/npjcm-free-energy-surrogate_Re3/Python_Codes/table/snapshots_split/Al_500K_snap00025.extxyz,Al,500,Al__500,0.0114279586805247,0.008699248218205632,-0.0027287104623190672,0.0027287104623190672
/Users/yti0811/Desktop/FE_data/npj_CM01/NPJ_CM_Fig_Python/Public_Reproducibility_Package_V01/npjcm-free-energy-surrogate_Re3/Python_Codes/table/snapshots_split/Al_500K_snap00026.extxyz,Al,500,Al__500,0.0119031948715157,0.00885359982870325,-0.00304959504281245,0.00304959504281245
/Users/yti0811/Desktop/FE_data/npj_CM01/NPJ_CM_Fig_Python/Public_Reproducibility_Package_V01/npjcm-free-energy-surrogate_Re3/Python_Codes/table/snapshots_split/Al_500K_snap00027.extxyz,Al,500,Al__500,0.0117579481763978,0.0089294406743058,-0.002828507502091999,0.002828507502091999
/Users/yti0811/Desktop/FE_data/npj_CM01/NPJ_CM_Fig_Python/Public_Reproducibility_Package_V01/npjcm-free-energy-surrogate_Re3/Python_Codes/table/snapshots_split/Al_500K_snap00028.extxyz,Al,500,Al__500,0.0116406880466254,0.008706198349845607,-0.002934489696779792,0.002934489696779792
/Users/yti0811/Desktop/FE_data/npj_CM01/NPJ_CM_Fig_Python/Public_Reproducibility_Package_V01/npjcm-free-energy-surrogate_Re3/Python_Codes/table/snapshots_split/Al_500K_snap00029.extxyz,Al,500,Al__500,0.0121264147206316,0.008857472234819039,-0.0032689424858125607,0.0032689424858125607
/Users/yti0811/Desktop/FE_data/npj_CM01/NPJ_CM_Fig_Python/Public_Reproducibility_Package_V01/npjcm-free-energy-surrogate_Re3/Python_Codes/table/snapshots_split/Al_500K_snap00030.extxyz,Al,500,Al__500,0.0114032040183579,0.008993729894106987,-0.0024094741242509134,0.0024094741242509134
/Users/yti0811/Desktop/FE_data/npj_CM01/NPJ_CM_Fig_Python/Public_Reproducibility_Package_V01/npjcm-free-energy-surrogate_Re3/Python_Codes/table/snapshots_split/Al_500K_snap00031.extxyz,Al,500,Al__500,0.0114926239594989,0.008869366218307707,-0.002623257741191192,0.002623257741191192
/Users/yti0811/Desktop/FE_data/npj_CM01/NPJ_CM_Fig_Python/Public_Reproducibility_Package_V01/npjcm-free-energy-surrogate_Re3/Python_Codes/table/snapshots_split/Al_500K_snap00032.extxyz,Al,500,Al__500,0.0115889831358645,0.008757027013364477,-0.002831956122500024,0.002831956122500024
/Users/yti0811/Desktop/FE_data/npj_CM01/NPJ_CM_Fig_Python/Public_Reproducibility_Package_V01/npjcm-free-energy-surrogate_Re3/Python_Codes/table/snapshots_split/Al_500K_snap00033.extxyz,Al,500,Al__500,0.0119564061103815,0.009080535201021788,-0.0028758709093597117,0.0028758709093597117
/Users/yti0811/Desktop/FE_data/npj_CM01/NPJ_CM_Fig_Python/Public_Reproducibility_Package_V01/npjcm-free-energy-surrogate_Re3/Python_Codes/table/snapshots_split/Al_500K_snap00034.extxyz,Al,500,Al__500,0.0117798092945584,0.008872601074402112,-0.0029072082201562887,0.0029072082201562887
/Users/yti0811/Desktop/FE_data/npj_CM01/NPJ_CM_Fig_Python/Public_Reproducibility_Package_V01/npjcm-free-energy-surrogate_Re3/Python_Codes/table/snapshots_split/Al_500K_snap00035.extxyz,Al,500,Al__500,0.0115845498389559,0.008437932716534483,-0.0031466171224214176,0.0031466171224214176
/Users/yti0811/Desktop/FE_data/npj_CM01/NPJ_CM_Fig_Python/Public_Reproducibility_Package_V01/npjcm-free-energy-surrogate_Re3/Python_Codes/table/snapshots_split/Al_500K_snap00036.extxyz,Al,500,Al__500,0.0116077786740775,0.00847552764828278,-0.0031322510257947196,0.0031322510257947196
/Users/yti0811/Desktop/FE_data/npj_CM01/NPJ_CM_Fig_Python/Public_Reproducibility_Package_V01/npjcm-free-energy-surrogate_Re3/Python_Codes/table/snapshots_split/Al_500K_snap00037.extxyz,Al,500,Al__500,0.011698597418,0.008453872629824017,-0.0032447247881759837,0.0032447247881759837
/Users/yti0811/Desktop/FE_data/npj_CM01/NPJ_CM_Fig_Python/Public_Reproducibility_Package_V01/npjcm-free-energy-surrogate_Re3/Python_Codes/table/snapshots_split/Al_500K_snap00038.extxyz,Al,500,Al__500,0.0118917579938503,0.00898128270982119,-0.00291047528402911,0.00291047528402911
/Users/yti0811/Desktop/FE_data/npj_CM01/NPJ_CM_Fig_Python/Public_Reproducibility_Package_V01/npjcm-free-energy-surrogate_Re3/Python_Codes/table/snapshots_split/Al_500K_snap00039.extxyz,Al,500,Al__500,0.0121916664523615,0.00832382855874469,-0.0038678378936168097,0.0038678378936168097
/Users/yti0811/Desktop/FE_data/npj_CM01/NPJ_CM_Fig_Python/Public_Reproducibility_Package_V01/npjcm-free-energy-surrogate_Re3/Python_Codes/table/snapshots_split/Al_500K_snap00040.extxyz,Al,500,Al__500,0.0114510001189317,0.008914780002949468,-0.002536220115982233,0.002536220115982233
/Users/yti0811/Desktop/FE_data/npj_CM01/NPJ_CM_Fig_Python/Public_Reproducibility_Package_V01/npjcm-free-energy-surrogate_Re3/Python_Codes/table/snapshots_split/Al_500K_snap00041.extxyz,Al,500,Al__500,0.0118500561914929,0.008452710527898913,-0.0033973456635939883,0.0033973456635939883
/Users/yti0811/Desktop/FE_data/npj_CM01/NPJ_CM_Fig_Python/Public_Reproducibility_Package_V01/npjcm-free-energy-surrogate_Re3/Python_Codes/table/snapshots_split/Al_500K_snap00042.extxyz,Al,500,Al__500,0.0113399050010533,0.008223252275965516,-0.0031166527250877842,0.0031166527250877842
/Users/yti0811/Desktop/FE_data/npj_CM01/NPJ_CM_Fig_Python/Public_Reproducibility_Package_V01/npjcm-free-energy-surrogate_Re3/Python_Codes/table/snapshots_split/Al_500K_snap00043.extxyz,Al,500,Al__500,0.0119519621424648,0.00890829569504793,-0.0030436664474168696,0.0030436664474168696
/Users/yti0811/Desktop/FE_data/npj_CM01/NPJ_CM_Fig_Python/Public_Reproducibility_Package_V01/npjcm-free-energy-surrogate_Re3/Python_Codes/table/snapshots_split/Al_500K_snap00044.extxyz,Al,500,Al__500,0.0118463478261549,0.00872349623192192,-0.00312285159423298,0.00312285159423298
/Users/yti0811/Desktop/FE_data/npj_CM01/NPJ_CM_Fig_Python/Public_Reproducibility_Package_V01/npjcm-free-energy-surrogate_Re3/Python_Codes/table/snapshots_split/Al_500K_snap00045.extxyz,Al,500,Al__500,0.0121587739208506,0.008654398920952256,-0.003504374999898344,0.003504374999898344
/Users/yti0811/Desktop/FE_data/npj_CM01/NPJ_CM_Fig_Python/Public_Reproducibility_Package_V01/npjcm-free-energy-surrogate_Re3/Python_Codes/table/snapshots_split/Al_500K_snap00046.extxyz,Al,500,Al__500,0.011695630693761,0.00867866263597572,-0.00301696805778528,0.00301696805778528
/Users/yti0811/Desktop/FE_data/npj_CM01/NPJ_CM_Fig_Python/Public_Reproducibility_Package_V01/npjcm-free-energy-surrogate_Re3/Python_Codes/table/snapshots_split/Al_500K_snap00047.extxyz,Al,500,Al__500,0.011726953937004,0.009130282418174564,-0.002596671518829436,0.002596671518829436
/Users/yti0811/Desktop/FE_data/npj_CM01/NPJ_CM_Fig_Python/Public_Reproducibility_Package_V01/npjcm-free-energy-surrogate_Re3/Python_Codes/table/snapshots_split/Al_500K_snap00048.extxyz,Al,500,Al__500,0.0117873355310754,0.009029317723918314,-0.0027580178071570857,0.0027580178071570857
/Users/yti0811/Desktop/FE_data/npj_CM01/NPJ_CM_Fig_Python/Public_Reproducibility_Package_V01/npjcm-free-energy-surrogate_Re3/Python_Codes/table/snapshots_split/Al_500K_snap00049.extxyz,Al,500,Al__500,0.0118842214213562,0.008818293544734656,-0.003065927876621544,0.003065927876621544
/Users/yti0811/Desktop/FE_data/npj_CM01/NPJ_CM_Fig_Python/Public_Reproducibility_Package_V01/npjcm-free-energy-surrogate_Re3/Python_Codes/table/snapshots_split/Al_500K_snap00050.extxyz,Al,500,Al__500,0.0118958969469578,0.008562077761066867,-0.003333819185890933,0.003333819185890933
/Users/yti0811/Desktop/FE_data/npj_CM01/NPJ_CM_Fig_Python/Public_Reproducibility_Package_V01/npjcm-free-energy-surrogate_Re3/Python_Codes/table/snapshots_split/Al_500K_snap00051.extxyz,Al,500,Al__500,0.0121710399799518,0.008518360941543054,-0.0036526790384087456,0.0036526790384087456
/Users/yti0811/Desktop/FE_data/npj_CM01/NPJ_CM_Fig_Python/Public_Reproducibility_Package_V01/npjcm-free-energy-surrogate_Re3/Python_Codes/table/snapshots_split/Al_500K_snap00052.extxyz,Al,500,Al__500,0.0114914132686864,0.008407158303595745,-0.0030842549650906548,0.0030842549650906548
/Users/yti0811/Desktop/FE_data/npj_CM01/NPJ_CM_Fig_Python/Public_Reproducibility_Package_V01/npjcm-free-energy-surrogate_Re3/Python_Codes/table/snapshots_split/Al_500K_snap00053.extxyz,Al,500,Al__500,0.0114858797353588,0.009007625152224247,-0.0024782545831345537,0.0024782545831345537
/Users/yti0811/Desktop/FE_data/npj_CM01/NPJ_CM_Fig_Python/Public_Reproducibility_Package_V01/npjcm-free-energy-surrogate_Re3/Python_Codes/table/snapshots_split/Al_500K_snap00054.extxyz,Al,500,Al__500,0.0121594003530517,0.008769055047896875,-0.0033903453051548245,0.0033903453051548245
/Users/yti0811/Desktop/FE_data/npj_CM01/NPJ_CM_Fig_Python/Public_Reproducibility_Package_V01/npjcm-free-energy-surrogate_Re3/Python_Codes/table/snapshots_split/Al_500K_snap00055.extxyz,Al,500,Al__500,0.0116034278182126,0.008674985634256845,-0.002928442183955755,0.002928442183955755
/Users/yti0811/Desktop/FE_data/npj_CM01/NPJ_CM_Fig_Python/Public_Reproducibility_Package_V01/npjcm-free-energy-surrogate_Re3/Python_Codes/table/snapshots_split/Al_500K_snap00056.extxyz,Al,500,Al__500,0.0117455497788882,0.008520173304065093,-0.0032253764748231065,0.0032253764748231065
/Users/yti0811/Desktop/FE_data/npj_CM01/NPJ_CM_Fig_Python/Public_Reproducibility_Package_V01/npjcm-free-energy-surrogate_Re3/Python_Codes/table/snapshots_split/Al_500K_snap00057.extxyz,Al,500,Al__500,0.0116715837776887,0.008734576866500076,-0.0029370069111886235,0.0029370069111886235
/Users/yti0811/Desktop/FE_data/npj_CM01/NPJ_CM_Fig_Python/Public_Reproducibility_Package_V01/npjcm-free-energy-surrogate_Re3/Python_Codes/table/snapshots_split/Al_500K_snap00058.extxyz,Al,500,Al__500,0.0119792236478832,0.008986540866740946,-0.002992682781142255,0.002992682781142255
/Users/yti0811/Desktop/FE_data/npj_CM01/NPJ_CM_Fig_Python/Public_Reproducibility_Package_V01/npjcm-free-energy-surrogate_Re3/Python_Codes/table/snapshots_split/Al_500K_snap00059.extxyz,Al,500,Al__500,0.0119639109400389,0.008791837248837095,-0.003172073691201805,0.003172073691201805
/Users/yti0811/Desktop/FE_data/npj_CM01/NPJ_CM_Fig_Python/Public_Reproducibility_Package_V01/npjcm-free-energy-surrogate_Re3/Python_Codes/table/snapshots_split/Al_500K_snap00060.extxyz,Al,500,Al__500,0.0118129425059574,0.00863365383029114,-0.0031792886756662614,0.0031792886756662614
/Users/yti0811/Desktop/FE_data/npj_CM01/NPJ_CM_Fig_Python/Public_Reproducibility_Package_V01/npjcm-free-energy-surrogate_Re3/Python_Codes/table/snapshots_split/Al_500K_snap00061.extxyz,Al,500,Al__500,0.0121002913133986,0.008911601269378818,-0.003188690044019782,0.003188690044019782
/Users/yti0811/Desktop/FE_data/npj_CM01/NPJ_CM_Fig_Python/Public_Reproducibility_Package_V01/npjcm-free-energy-surrogate_Re3/Python_Codes/table/snapshots_split/Al_500K_snap00062.extxyz,Al,500,Al__500,0.0117026745585505,0.008746202545858514,-0.0029564720126919863,0.0029564720126919863
/Users/yti0811/Desktop/FE_data/npj_CM01/NPJ_CM_Fig_Python/Public_Reproducibility_Package_V01/npjcm-free-energy-surrogate_Re3/Python_Codes/table/snapshots_split/Al_500K_snap00063.extxyz,Al,500,Al__500,0.0116430000490252,0.008639748901470156,-0.003003251147555043,0.003003251147555043
/Users/yti0811/Desktop/FE_data/npj_CM01/NPJ_CM_Fig_Python/Public_Reproducibility_Package_V01/npjcm-free-energy-surrogate_Re3/Python_Codes/table/snapshots_split/Al_500K_snap00064.extxyz,Al,500,Al__500,0.0118180342772757,0.008414841684403106,-0.003403192592872594,0.003403192592872594
/Users/yti0811/Desktop/FE_data/npj_CM01/NPJ_CM_Fig_Python/Public_Reproducibility_Package_V01/npjcm-free-energy-surrogate_Re3/Python_Codes/table/snapshots_split/Al_500K_snap00065.extxyz,Al,500,Al__500,0.0116521074307006,0.008558088062884854,-0.0030940193678157465,0.0030940193678157465
/Users/yti0811/Desktop/FE_data/npj_CM01/NPJ_CM_Fig_Python/Public_Reproducibility_Package_V01/npjcm-free-energy-surrogate_Re3/Python_Codes/table/snapshots_split/Al_500K_snap00066.extxyz,Al,500,Al__500,0.0116265210769138,0.008679554335504517,-0.0029469667414092834,0.0029469667414092834
/Users/yti0811/Desktop/FE_data/npj_CM01/NPJ_CM_Fig_Python/Public_Reproducibility_Package_V01/npjcm-free-energy-surrogate_Re3/Python_Codes/table/snapshots_split/Al_500K_snap00067.extxyz,Al,500,Al__500,0.0117503067535348,0.00864578849857799,-0.0031045182549568114,0.0031045182549568114
/Users/yti0811/Desktop/FE_data/npj_CM01/NPJ_CM_Fig_Python/Public_Reproducibility_Package_V01/npjcm-free-energy-surrogate_Re3/Python_Codes/table/snapshots_split/Al_500K_snap00068.extxyz,Al,500,Al__500,0.0114409217643031,0.00859886620741057,-0.00284205555689253,0.00284205555689253
/Users/yti0811/Desktop/FE_data/npj_CM01/NPJ_CM_Fig_Python/Public_Reproducibility_Package_V01/npjcm-free-energy-surrogate_Re3/Python_Codes/table/snapshots_split/Al_500K_snap00069.extxyz,Al,500,Al__500,0.0119311357557868,0.00876946160835204,-0.0031616741474347603,0.0031616741474347603
/Users/yti0811/Desktop/FE_data/npj_CM01/NPJ_CM_Fig_Python/Public_Reproducibility_Package_V01/npjcm-free-energy-surrogate_Re3/Python_Codes/table/snapshots_split/Al_500K_snap00070.extxyz,Al,500,Al__500,0.0117387378020638,0.008382689397011296,-0.003356048405052504,0.003356048405052504
/Users/yti0811/Desktop/FE_data/npj_CM01/NPJ_CM_Fig_Python/Public_Reproducibility_Package_V01/npjcm-free-energy-surrogate_Re3/Python_Codes/table/snapshots_split/Al_500K_snap00071.extxyz,Al,500,Al__500,0.0119347516944176,0.009043527877930512,-0.002891223816487088,0.002891223816487088
/Users/yti0811/Desktop/FE_data/npj_CM01/NPJ_CM_Fig_Python/Public_Reproducibility_Package_V01/npjcm-free-energy-surrogate_Re3/Python_Codes/table/snapshots_split/Al_500K_snap00072.extxyz,Al,500,Al__500,0.0114992253480663,0.00858355106290013,-0.0029156742851661702,0.0029156742851661702
/Users/yti0811/Desktop/FE_data/npj_CM01/NPJ_CM_Fig_Python/Public_Reproducibility_Package_V01/npjcm-free-energy-surrogate_Re3/Python_Codes/table/snapshots_split/Al_500K_snap00073.extxyz,Al,500,Al__500,0.0117818880390513,0.009052746335290698,-0.002729141703760601,0.002729141703760601
/Users/yti0811/Desktop/FE_data/npj_CM01/NPJ_CM_Fig_Python/Public_Reproducibility_Package_V01/npjcm-free-energy-surrogate_Re3/Python_Codes/table/snapshots_split/Al_500K_snap00074.extxyz,Al,500,Al__500,0.011777645909493,0.008687644992016356,-0.003090000917476644,0.003090000917476644
/Users/yti0811/Desktop/FE_data/npj_CM01/NPJ_CM_Fig_Python/Public_Reproducibility_Package_V01/npjcm-free-energy-surrogate_Re3/Python_Codes/table/snapshots_split/Al_500K_snap00075.extxyz,Al,500,Al__500,0.0116984305066402,0.008539952474476479,-0.0031584780321637206,0.0031584780321637206
/Users/yti0811/Desktop/FE_data/npj_CM01/NPJ_CM_Fig_Python/Public_Reproducibility_Package_V01/npjcm-free-energy-surrogate_Re3/Python_Codes/table/snapshots_split/Al_500K_snap00076.extxyz,Al,500,Al__500,0.0116030928392595,0.008589685841542747,-0.0030134069977167527,0.0030134069977167527
/Users/yti0811/Desktop/FE_data/npj_CM01/NPJ_CM_Fig_Python/Public_Reproducibility_Package_V01/npjcm-free-energy-surrogate_Re3/Python_Codes/table/snapshots_split/Al_500K_snap00077.extxyz,Al,500,Al__500,0.0116954886635062,0.008360605853182613,-0.003334882810323587,0.003334882810323587
/Users/yti0811/Desktop/FE_data/npj_CM01/NPJ_CM_Fig_Python/Public_Reproducibility_Package_V01/npjcm-free-energy-surrogate_Re3/Python_Codes/table/snapshots_split/Al_500K_snap00078.extxyz,Al,500,Al__500,0.0119459596124743,0.008911160327416142,-0.003034799285058157,0.003034799285058157
/Users/yti0811/Desktop/FE_data/npj_CM01/NPJ_CM_Fig_Python/Public_Reproducibility_Package_V01/npjcm-free-energy-surrogate_Re3/Python_Codes/table/snapshots_split/Al_500K_snap00079.extxyz,Al,500,Al__500,0.0116313475010222,0.008826861832754107,-0.0028044856682680926,0.0028044856682680926
/Users/yti0811/Desktop/FE_data/npj_CM01/NPJ_CM_Fig_Python/Public_Reproducibility_Package_V01/npjcm-free-energy-surrogate_Re3/Python_Codes/table/snapshots_split/Al_500K_snap00080.extxyz,Al,500,Al__500,0.011886344704526,0.008292607599627412,-0.0035937371048985877,0.0035937371048985877
/Users/yti0811/Desktop/FE_data/npj_CM01/NPJ_CM_Fig_Python/Public_Reproducibility_Package_V01/npjcm-free-energy-surrogate_Re3/Python_Codes/table/snapshots_split/Al_500K_snap00081.extxyz,Al,500,Al__500,0.0118582620346165,0.008963685763896894,-0.002894576270719606,0.002894576270719606
/Users/yti0811/Desktop/FE_data/npj_CM01/NPJ_CM_Fig_Python/Public_Reproducibility_Package_V01/npjcm-free-energy-surrogate_Re3/Python_Codes/table/snapshots_split/Al_500K_snap00082.extxyz,Al,500,Al__500,0.0117335186900111,0.00902725542621635,-0.0027062632637947504,0.0027062632637947504
/Users/yti0811/Desktop/FE_data/npj_CM01/NPJ_CM_Fig_Python/Public_Reproducibility_Package_V01/npjcm-free-energy-surrogate_Re3/Python_Codes/table/snapshots_split/Al_500K_snap00083.extxyz,Al,500,Al__500,0.0118274936291447,0.00870468190446072,-0.003122811724683979,0.003122811724683979
/Users/yti0811/Desktop/FE_data/npj_CM01/NPJ_CM_Fig_Python/Public_Reproducibility_Package_V01/npjcm-free-energy-surrogate_Re3/Python_Codes/table/snapshots_split/Al_500K_snap00084.extxyz,Al,500,Al__500,0.0117678508426515,0.008760701580678834,-0.0030071492619726664,0.0030071492619726664
/Users/yti0811/Desktop/FE_data/npj_CM01/NPJ_CM_Fig_Python/Public_Reproducibility_Package_V01/npjcm-free-energy-surrogate_Re3/Python_Codes/table/snapshots_split/Al_500K_snap00085.extxyz,Al,500,Al__500,0.0121589866233267,0.008752746457421277,-0.0034062401659054227,0.0034062401659054227
/Users/yti0811/Desktop/FE_data/npj_CM01/NPJ_CM_Fig_Python/Public_Reproducibility_Package_V01/npjcm-free-energy-surrogate_Re3/Python_Codes/table/snapshots_split/Al_500K_snap00086.extxyz,Al,500,Al__500,0.0117450621470799,0.008440960479681228,-0.0033041016673986713,0.0033041016673986713
/Users/yti0811/Desktop/FE_data/npj_CM01/NPJ_CM_Fig_Python/Public_Reproducibility_Package_V01/npjcm-free-energy-surrogate_Re3/Python_Codes/table/snapshots_split/Al_500K_snap00087.extxyz,Al,500,Al__500,0.011646529091471,0.00847584837803456,-0.0031706807134364405,0.0031706807134364405
/Users/yti0811/Desktop/FE_data/npj_CM01/NPJ_CM_Fig_Python/Public_Reproducibility_Package_V01/npjcm-free-energy-surrogate_Re3/Python_Codes/table/snapshots_split/Al_500K_snap00088.extxyz,Al,500,Al__500,0.0117621767984809,0.009206508168348953,-0.002555668630131947,0.002555668630131947
/Users/yti0811/Desktop/FE_data/npj_CM01/NPJ_CM_Fig_Python/Public_Reproducibility_Package_V01/npjcm-free-energy-surrogate_Re3/Python_Codes/table/snapshots_split/Al_500K_snap00089.extxyz,Al,500,Al__500,0.0120627731256678,0.008768786556919178,-0.0032939865687486216,0.0032939865687486216
/Users/yti0811/Desktop/FE_data/npj_CM01/NPJ_CM_Fig_Python/Public_Reproducibility_Package_V01/npjcm-free-energy-surrogate_Re3/Python_Codes/table/snapshots_split/Al_500K_snap00090.extxyz,Al,500,Al__500,0.0118277829444901,0.00861249262987256,-0.0032152903146175395,0.0032152903146175395
/Users/yti0811/Desktop/FE_data/npj_CM01/NPJ_CM_Fig_Python/Public_Reproducibility_Package_V01/npjcm-free-energy-surrogate_Re3/Python_Codes/table/snapshots_split/Al_500K_snap00091.extxyz,Al,500,Al__500,0.0116894481460484,0.008723155321518353,-0.0029662928245300473,0.0029662928245300473
/Users/yti0811/Desktop/FE_data/npj_CM01/NPJ_CM_Fig_Python/Public_Reproducibility_Package_V01/npjcm-free-energy-surrogate_Re3/Python_Codes/table/snapshots_split/Al_500K_snap00092.extxyz,Al,500,Al__500,0.0121166939567929,0.008502325869832246,-0.0036143680869606537,0.0036143680869606537
/Users/yti0811/Desktop/FE_data/npj_CM01/NPJ_CM_Fig_Python/Public_Reproducibility_Package_V01/npjcm-free-energy-surrogate_Re3/Python_Codes/table/snapshots_split/Al_500K_snap00093.extxyz,Al,500,Al__500,0.0118777392644907,0.008586635613861453,-0.0032911036506292467,0.0032911036506292467
/Users/yti0811/Desktop/FE_data/npj_CM01/NPJ_CM_Fig_Python/Public_Reproducibility_Package_V01/npjcm-free-energy-surrogate_Re3/Python_Codes/table/snapshots_split/Al_500K_snap00094.extxyz,Al,500,Al__500,0.0117711717323263,0.008916381240445873,-0.002854790491880428,0.002854790491880428
/Users/yti0811/Desktop/FE_data/npj_CM01/NPJ_CM_Fig_Python/Public_Reproducibility_Package_V01/npjcm-free-energy-surrogate_Re3/Python_Codes/table/snapshots_split/Al_500K_snap00095.extxyz,Al,500,Al__500,0.0116498389710806,0.008544305390184179,-0.003105533580896422,0.003105533580896422
/Users/yti0811/Desktop/FE_data/npj_CM01/NPJ_CM_Fig_Python/Public_Reproducibility_Package_V01/npjcm-free-energy-surrogate_Re3/Python_Codes/table/snapshots_split/Al_500K_snap00096.extxyz,Al,500,Al__500,0.0119250037627366,0.009018543451590142,-0.002906460311146457,0.002906460311146457
/Users/yti0811/Desktop/FE_data/npj_CM01/NPJ_CM_Fig_Python/Public_Reproducibility_Package_V01/npjcm-free-energy-surrogate_Re3/Python_Codes/table/snapshots_split/Al_500K_snap00097.extxyz,Al,500,Al__500,0.0113823919170427,0.00853394184458452,-0.0028484500724581807,0.0028484500724581807
/Users/yti0811/Desktop/FE_data/npj_CM01/NPJ_CM_Fig_Python/Public_Reproducibility_Package_V01/npjcm-free-energy-surrogate_Re3/Python_Codes/table/snapshots_split/Al_500K_snap00098.extxyz,Al,500,Al__500,0.011722051222218,0.008411992292200946,-0.003310058930017054,0.003310058930017054
/Users/yti0811/Desktop/FE_data/npj_CM01/NPJ_CM_Fig_Python/Public_Reproducibility_Package_V01/npjcm-free-energy-surrogate_Re3/Python_Codes/table/snapshots_split/Al_500K_snap00099.extxyz,Al,500,Al__500,0.0117764806694175,0.009197127038620481,-0.0025793536307970183,0.0025793536307970183
/Users/yti0811/Desktop/FE_data/npj_CM01/NPJ_CM_Fig_Python/Public_Reproducibility_Package_V01/npjcm-free-energy-surrogate_Re3/Python_Codes/table/snapshots_split/Al_600K_snap00000.extxyz,Al,600,Al__600,0.0201773950277954,0.014052188196994428,-0.006125206830800971,0.006125206830800971
/Users/yti0811/Desktop/FE_data/npj_CM01/NPJ_CM_Fig_Python/Public_Reproducibility_Package_V01/npjcm-free-energy-surrogate_Re3/Python_Codes/table/snapshots_split/Al_600K_snap00001.extxyz,Al,600,Al__600,0.0203153462810508,0.01438593705976492,-0.005929409221285879,0.005929409221285879
/Users/yti0811/Desktop/FE_data/npj_CM01/NPJ_CM_Fig_Python/Public_Reproducibility_Package_V01/npjcm-free-energy-surrogate_Re3/Python_Codes/table/snapshots_split/Al_600K_snap00002.extxyz,Al,600,Al__600,0.0197545816851748,0.014197934446033246,-0.005556647239141553,0.005556647239141553
/Users/yti0811/Desktop/FE_data/npj_CM01/NPJ_CM_Fig_Python/Public_Reproducibility_Package_V01/npjcm-free-energy-surrogate_Re3/Python_Codes/table/snapshots_split/Al_600K_snap00003.extxyz,Al,600,Al__600,0.0198862528607783,0.014511856625359941,-0.0053743962354183585,0.0053743962354183585
/Users/yti0811/Desktop/FE_data/npj_CM01/NPJ_CM_Fig_Python/Public_Reproducibility_Package_V01/npjcm-free-energy-surrogate_Re3/Python_Codes/table/snapshots_split/Al_600K_snap00004.extxyz,Al,600,Al__600,0.0200946365785938,0.013925203826449862,-0.006169432752143938,0.006169432752143938
/Users/yti0811/Desktop/FE_data/npj_CM01/NPJ_CM_Fig_Python/Public_Reproducibility_Package_V01/npjcm-free-energy-surrogate_Re3/Python_Codes/table/snapshots_split/Al_600K_snap00005.extxyz,Al,600,Al__600,0.0202269692340359,0.014294207043778628,-0.005932762190257271,0.005932762190257271
/Users/yti0811/Desktop/FE_data/npj_CM01/NPJ_CM_Fig_Python/Public_Reproducibility_Package_V01/npjcm-free-energy-surrogate_Re3/Python_Codes/table/snapshots_split/Al_600K_snap00006.extxyz,Al,600,Al__600,0.0204529383808307,0.014161223849301156,-0.006291714531529545,0.006291714531529545
/Users/yti0811/Desktop/FE_data/npj_CM01/NPJ_CM_Fig_Python/Public_Reproducibility_Package_V01/npjcm-free-energy-surrogate_Re3/Python_Codes/table/snapshots_split/Al_600K_snap00007.extxyz,Al,600,Al__600,0.0201299522939154,0.014090991943259447,-0.006038960350655952,0.006038960350655952
/Users/yti0811/Desktop/FE_data/npj_CM01/NPJ_CM_Fig_Python/Public_Reproducibility_Package_V01/npjcm-free-energy-surrogate_Re3/Python_Codes/table/snapshots_split/Al_600K_snap00008.extxyz,Al,600,Al__600,0.0198723391654256,0.013825864892181022,-0.006046474273244578,0.006046474273244578
/Users/yti0811/Desktop/FE_data/npj_CM01/NPJ_CM_Fig_Python/Public_Reproducibility_Package_V01/npjcm-free-energy-surrogate_Re3/Python_Codes/table/snapshots_split/Al_600K_snap00009.extxyz,Al,600,Al__600,0.0204253521449058,0.014211903248305598,-0.006213448896600202,0.006213448896600202
/Users/yti0811/Desktop/FE_data/npj_CM01/NPJ_CM_Fig_Python/Public_Reproducibility_Package_V01/npjcm-free-energy-surrogate_Re3/Python_Codes/table/snapshots_split/Al_600K_snap00010.extxyz,Al,600,Al__600,0.020420800052445,0.013584650362368203,-0.006836149690076796,0.006836149690076796
/Users/yti0811/Desktop/FE_data/npj_CM01/NPJ_CM_Fig_Python/Public_Reproducibility_Package_V01/npjcm-free-energy-surrogate_Re3/Python_Codes/table/snapshots_split/Al_600K_snap00011.extxyz,Al,600,Al__600,0.0202033201172222,0.014063681475773226,-0.006139638641448975,0.006139638641448975
/Users/yti0811/Desktop/FE_data/npj_CM01/NPJ_CM_Fig_Python/Public_Reproducibility_Package_V01/npjcm-free-energy-surrogate_Re3/Python_Codes/table/snapshots_split/Al_600K_snap00012.extxyz,Al,600,Al__600,0.0206555465939166,0.01468496330390955,-0.005970583290007049,0.005970583290007049
/Users/yti0811/Desktop/FE_data/npj_CM01/NPJ_CM_Fig_Python/Public_Reproducibility_Package_V01/npjcm-free-energy-surrogate_Re3/Python_Codes/table/snapshots_split/Al_600K_snap00013.extxyz,Al,600,Al__600,0.0202135053776431,0.014008261285415833,-0.006205244092227268,0.006205244092227268
/Users/yti0811/Desktop/FE_data/npj_CM01/NPJ_CM_Fig_Python/Public_Reproducibility_Package_V01/npjcm-free-energy-surrogate_Re3/Python_Codes/table/snapshots_split/Al_600K_snap00014.extxyz,Al,600,Al__600,0.0201400599042023,0.014884363375059944,-0.005255696529142357,0.005255696529142357
/Users/yti0811/Desktop/FE_data/npj_CM01/NPJ_CM_Fig_Python/Public_Reproducibility_Package_V01/npjcm-free-energy-surrogate_Re3/Python_Codes/table/snapshots_split/Al_600K_snap00015.extxyz,Al,600,Al__600,0.0200298610651155,0.014262409044701354,-0.005767452020414145,0.005767452020414145
/Users/yti0811/Desktop/FE_data/npj_CM01/NPJ_CM_Fig_Python/Public_Reproducibility_Package_V01/npjcm-free-energy-surrogate_Re3/Python_Codes/table/snapshots_split/Al_600K_snap00016.extxyz,Al,600,Al__600,0.0199739266034832,0.014458119330703336,-0.005515807272779864,0.005515807272779864
/Users/yti0811/Desktop/FE_data/npj_CM01/NPJ_CM_Fig_Python/Public_Reproducibility_Package_V01/npjcm-free-energy-surrogate_Re3/Python_Codes/table/snapshots_split/Al_600K_snap00017.extxyz,Al,600,Al__600,0.0202317842789077,0.014032061980007574,-0.006199722298900128,0.006199722298900128
/Users/yti0811/Desktop/FE_data/npj_CM01/NPJ_CM_Fig_Python/Public_Reproducibility_Package_V01/npjcm-free-energy-surrogate_Re3/Python_Codes/table/snapshots_split/Al_600K_snap00018.extxyz,Al,600,Al__600,0.0196236076261262,0.014432904982925909,-0.005190702643200292,0.005190702643200292
/Users/yti0811/Desktop/FE_data/npj_CM01/NPJ_CM_Fig_Python/Public_Reproducibility_Package_V01/npjcm-free-energy-surrogate_Re3/Python_Codes/table/snapshots_split/Al_600K_snap00019.extxyz,Al,600,Al__600,0.0207259500585152,0.014186436737068939,-0.0065395133214462605,0.0065395133214462605
/Users/yti0811/Desktop/FE_data/npj_CM01/NPJ_CM_Fig_Python/Public_Reproducibility_Package_V01/npjcm-free-energy-surrogate_Re3/Python_Codes/table/snapshots_split/Al_600K_snap00020.extxyz,Al,600,Al__600,0.0202017611431009,0.014568156533787692,-0.00563360460931321,0.00563360460931321
/Users/yti0811/Desktop/FE_data/npj_CM01/NPJ_CM_Fig_Python/Public_Reproducibility_Package_V01/npjcm-free-energy-surrogate_Re3/Python_Codes/table/snapshots_split/Al_600K_snap00021.extxyz,Al,600,Al__600,0.0204754053865945,0.013907191171434179,-0.006568214215160323,0.006568214215160323
/Users/yti0811/Desktop/FE_data/npj_CM01/NPJ_CM_Fig_Python/Public_Reproducibility_Package_V01/npjcm-free-energy-surrogate_Re3/Python_Codes/table/snapshots_split/Al_600K_snap00022.extxyz,Al,600,Al__600,0.0199691256712897,0.013760791711517388,-0.006208333959772314,0.006208333959772314
/Users/yti0811/Desktop/FE_data/npj_CM01/NPJ_CM_Fig_Python/Public_Reproducibility_Package_V01/npjcm-free-energy-surrogate_Re3/Python_Codes/table/snapshots_split/Al_600K_snap00023.extxyz,Al,600,Al__600,0.0204862316266913,0.01407528016548528,-0.006410951461206019,0.006410951461206019
/Users/yti0811/Desktop/FE_data/npj_CM01/NPJ_CM_Fig_Python/Public_Reproducibility_Package_V01/npjcm-free-energy-surrogate_Re3/Python_Codes/table/snapshots_split/Al_600K_snap00024.extxyz,Al,600,Al__600,0.0205097933899256,0.014239756468419866,-0.006270036921505734,0.006270036921505734
/Users/yti0811/Desktop/FE_data/npj_CM01/NPJ_CM_Fig_Python/Public_Reproducibility_Package_V01/npjcm-free-energy-surrogate_Re3/Python_Codes/table/snapshots_split/Al_600K_snap00025.extxyz,Al,600,Al__600,0.020209783297328,0.014141558763141274,-0.006068224534186727,0.006068224534186727
/Users/yti0811/Desktop/FE_data/npj_CM01/NPJ_CM_Fig_Python/Public_Reproducibility_Package_V01/npjcm-free-energy-surrogate_Re3/Python_Codes/table/snapshots_split/Al_600K_snap00026.extxyz,Al,600,Al__600,0.0197476421785192,0.014215541890363219,-0.00553210028815598,0.00553210028815598
/Users/yti0811/Desktop/FE_data/npj_CM01/NPJ_CM_Fig_Python/Public_Reproducibility_Package_V01/npjcm-free-energy-surrogate_Re3/Python_Codes/table/snapshots_split/Al_600K_snap00027.extxyz,Al,600,Al__600,0.0205690702054124,0.014046631325032817,-0.006522438880379584,0.006522438880379584
/Users/yti0811/Desktop/FE_data/npj_CM01/NPJ_CM_Fig_Python/Public_Reproducibility_Package_V01/npjcm-free-energy-surrogate_Re3/Python_Codes/table/snapshots_split/Al_600K_snap00028.extxyz,Al,600,Al__600,0.0197864038336581,0.014509678591223873,-0.005276725242434225,0.005276725242434225
/Users/yti0811/Desktop/FE_data/npj_CM01/NPJ_CM_Fig_Python/Public_Reproducibility_Package_V01/npjcm-free-energy-surrogate_Re3/Python_Codes/table/snapshots_split/Al_600K_snap00029.extxyz,Al,600,Al__600,0.0202038567573457,0.014360164926343651,-0.005843691831002048,0.005843691831002048
/Users/yti0811/Desktop/FE_data/npj_CM01/NPJ_CM_Fig_Python/Public_Reproducibility_Package_V01/npjcm-free-energy-surrogate_Re3/Python_Codes/table/snapshots_split/Al_600K_snap00030.extxyz,Al,600,Al__600,0.0201335454356701,0.014323578669712397,-0.005809966765957703,0.005809966765957703
/Users/yti0811/Desktop/FE_data/npj_CM01/NPJ_CM_Fig_Python/Public_Reproducibility_Package_V01/npjcm-free-energy-surrogate_Re3/Python_Codes/table/snapshots_split/Al_600K_snap00031.extxyz,Al,600,Al__600,0.0203584695190877,0.014706018765217998,-0.005652450753869703,0.005652450753869703
/Users/yti0811/Desktop/FE_data/npj_CM01/NPJ_CM_Fig_Python/Public_Reproducibility_Package_V01/npjcm-free-energy-surrogate_Re3/Python_Codes/table/snapshots_split/Al_600K_snap00032.extxyz,Al,600,Al__600,0.0203238241302738,0.014295458790945882,-0.006028365339327917,0.006028365339327917
/Users/yti0811/Desktop/FE_data/npj_CM01/NPJ_CM_Fig_Python/Public_Reproducibility_Package_V01/npjcm-free-energy-surrogate_Re3/Python_Codes/table/snapshots_split/Al_600K_snap00033.extxyz,Al,600,Al__600,0.0202477957032589,0.014526986353673601,-0.0057208093495853,0.0057208093495853
/Users/yti0811/Desktop/FE_data/npj_CM01/NPJ_CM_Fig_Python/Public_Reproducibility_Package_V01/npjcm-free-energy-surrogate_Re3/Python_Codes/table/snapshots_split/Al_600K_snap00034.extxyz,Al,600,Al__600,0.0199299315088297,0.014011230026452845,-0.005918701482376854,0.005918701482376854
/Users/yti0811/Desktop/FE_data/npj_CM01/NPJ_CM_Fig_Python/Public_Reproducibility_Package_V01/npjcm-free-energy-surrogate_Re3/Python_Codes/table/snapshots_split/Al_600K_snap00035.extxyz,Al,600,Al__600,0.0196858356459201,0.014562016027097394,-0.0051238196188227066,0.0051238196188227066
/Users/yti0811/Desktop/FE_data/npj_CM01/NPJ_CM_Fig_Python/Public_Reproducibility_Package_V01/npjcm-free-energy-surrogate_Re3/Python_Codes/table/snapshots_split/Al_600K_snap00036.extxyz,Al,600,Al__600,0.0202400469829668,0.014517627937410073,-0.005722419045556726,0.005722419045556726
/Users/yti0811/Desktop/FE_data/npj_CM01/NPJ_CM_Fig_Python/Public_Reproducibility_Package_V01/npjcm-free-energy-surrogate_Re3/Python_Codes/table/snapshots_split/Al_600K_snap00037.extxyz,Al,600,Al__600,0.0204266057041773,0.014414400404190569,-0.006012205299986731,0.006012205299986731
/Users/yti0811/Desktop/FE_data/npj_CM01/NPJ_CM_Fig_Python/Public_Reproducibility_Package_V01/npjcm-free-energy-surrogate_Re3/Python_Codes/table/snapshots_split/Al_600K_snap00038.extxyz,Al,600,Al__600,0.0200365742714476,0.014084696394676684,-0.005951877876770914,0.005951877876770914
/Users/yti0811/Desktop/FE_data/npj_CM01/NPJ_CM_Fig_Python/Public_Reproducibility_Package_V01/npjcm-free-energy-surrogate_Re3/Python_Codes/table/snapshots_split/Al_600K_snap00039.extxyz,Al,600,Al__600,0.0201866184238428,0.014312581157715085,-0.005874037266127716,0.005874037266127716
/Users/yti0811/Desktop/FE_data/npj_CM01/NPJ_CM_Fig_Python/Public_Reproducibility_Package_V01/npjcm-free-energy-surrogate_Re3/Python_Codes/table/snapshots_split/Al_600K_snap00040.extxyz,Al,600,Al__600,0.0201051053102048,0.01422043445217496,-0.0058846708580298415,0.0058846708580298415
/Users/yti0811/Desktop/FE_data/npj_CM01/NPJ_CM_Fig_Python/Public_Reproducibility_Package_V01/npjcm-free-energy-surrogate_Re3/Python_Codes/table/snapshots_split/Al_600K_snap00041.extxyz,Al,600,Al__600,0.0199860003162467,0.01476008901455478,-0.0052259113016919195,0.0052259113016919195
/Users/yti0811/Desktop/FE_data/npj_CM01/NPJ_CM_Fig_Python/Public_Reproducibility_Package_V01/npjcm-free-energy-surrogate_Re3/Python_Codes/table/snapshots_split/Al_600K_snap00042.extxyz,Al,600,Al__600,0.020052308921042,0.01423549331423665,-0.00581681560680535,0.00581681560680535
/Users/yti0811/Desktop/FE_data/npj_CM01/NPJ_CM_Fig_Python/Public_Reproducibility_Package_V01/npjcm-free-energy-surrogate_Re3/Python_Codes/table/snapshots_split/Al_600K_snap00043.extxyz,Al,600,Al__600,0.0203159819013307,0.01396786215145263,-0.006348119749878072,0.006348119749878072
/Users/yti0811/Desktop/FE_data/npj_CM01/NPJ_CM_Fig_Python/Public_Reproducibility_Package_V01/npjcm-free-energy-surrogate_Re3/Python_Codes/table/snapshots_split/Al_600K_snap00044.extxyz,Al,600,Al__600,0.0206167772523986,0.014253199233144892,-0.00636357801925371,0.00636357801925371
/Users/yti0811/Desktop/FE_data/npj_CM01/NPJ_CM_Fig_Python/Public_Reproducibility_Package_V01/npjcm-free-energy-surrogate_Re3/Python_Codes/table/snapshots_split/Al_600K_snap00045.extxyz,Al,600,Al__600,0.0203958589389638,0.014035877375294522,-0.006359981563669277,0.006359981563669277
/Users/yti0811/Desktop/FE_data/npj_CM01/NPJ_CM_Fig_Python/Public_Reproducibility_Package_V01/npjcm-free-energy-surrogate_Re3/Python_Codes/table/snapshots_split/Al_600K_snap00046.extxyz,Al,600,Al__600,0.0195443831788553,0.014038654470018192,-0.0055057287088371085,0.0055057287088371085
/Users/yti0811/Desktop/FE_data/npj_CM01/NPJ_CM_Fig_Python/Public_Reproducibility_Package_V01/npjcm-free-energy-surrogate_Re3/Python_Codes/table/snapshots_split/Al_600K_snap00047.extxyz,Al,600,Al__600,0.0197286466516544,0.01454698288925674,-0.00518166376239766,0.00518166376239766
/Users/yti0811/Desktop/FE_data/npj_CM01/NPJ_CM_Fig_Python/Public_Reproducibility_Package_V01/npjcm-free-energy-surrogate_Re3/Python_Codes/table/snapshots_split/Al_600K_snap00048.extxyz,Al,600,Al__600,0.0204188604309549,0.014125224231992558,-0.006293636198962343,0.006293636198962343
/Users/yti0811/Desktop/FE_data/npj_CM01/NPJ_CM_Fig_Python/Public_Reproducibility_Package_V01/npjcm-free-energy-surrogate_Re3/Python_Codes/table/snapshots_split/Al_600K_snap00049.extxyz,Al,600,Al__600,0.0201452522276628,0.013930700314210941,-0.00621455191345186,0.00621455191345186
/Users/yti0811/Desktop/FE_data/npj_CM01/NPJ_CM_Fig_Python/Public_Reproducibility_Package_V01/npjcm-free-energy-surrogate_Re3/Python_Codes/table/snapshots_split/Al_600K_snap00050.extxyz,Al,600,Al__600,0.0204585782795254,0.014275820742453853,-0.0061827575370715475,0.0061827575370715475
/Users/yti0811/Desktop/FE_data/npj_CM01/NPJ_CM_Fig_Python/Public_Reproducibility_Package_V01/npjcm-free-energy-surrogate_Re3/Python_Codes/table/snapshots_split/Al_600K_snap00051.extxyz,Al,600,Al__600,0.0196414916402571,0.014045531271964158,-0.0055959603682929435,0.0055959603682929435
/Users/yti0811/Desktop/FE_data/npj_CM01/NPJ_CM_Fig_Python/Public_Reproducibility_Package_V01/npjcm-free-energy-surrogate_Re3/Python_Codes/table/snapshots_split/Al_600K_snap00052.extxyz,Al,600,Al__600,0.0202579915559704,0.01452271614500486,-0.005735275410965541,0.005735275410965541
/Users/yti0811/Desktop/FE_data/npj_CM01/NPJ_CM_Fig_Python/Public_Reproducibility_Package_V01/npjcm-free-energy-surrogate_Re3/Python_Codes/table/snapshots_split/Al_600K_snap00053.extxyz,Al,600,Al__600,0.0202390189448913,0.014313726913022753,-0.005925292031868548,0.005925292031868548
/Users/yti0811/Desktop/FE_data/npj_CM01/NPJ_CM_Fig_Python/Public_Reproducibility_Package_V01/npjcm-free-energy-surrogate_Re3/Python_Codes/table/snapshots_split/Al_600K_snap00054.extxyz,Al,600,Al__600,0.0200970474829433,0.014225327232308994,-0.005871720250634305,0.005871720250634305
/Users/yti0811/Desktop/FE_data/npj_CM01/NPJ_CM_Fig_Python/Public_Reproducibility_Package_V01/npjcm-free-energy-surrogate_Re3/Python_Codes/table/snapshots_split/Al_600K_snap00055.extxyz,Al,600,Al__600,0.019932491023318,0.013838951495350893,-0.006093539527967108,0.006093539527967108
/Users/yti0811/Desktop/FE_data/npj_CM01/NPJ_CM_Fig_Python/Public_Reproducibility_Package_V01/npjcm-free-energy-surrogate_Re3/Python_Codes/table/snapshots_split/Al_600K_snap00056.extxyz,Al,600,Al__600,0.0199530061869463,0.014251470630217832,-0.0057015355567284695,0.0057015355567284695
/Users/yti0811/Desktop/FE_data/npj_CM01/NPJ_CM_Fig_Python/Public_Reproducibility_Package_V01/npjcm-free-energy-surrogate_Re3/Python_Codes/table/snapshots_split/Al_600K_snap00057.extxyz,Al,600,Al__600,0.0202032299682313,0.014157704752333135,-0.006045525215898165,0.006045525215898165
/Users/yti0811/Desktop/FE_data/npj_CM01/NPJ_CM_Fig_Python/Public_Reproducibility_Package_V01/npjcm-free-energy-surrogate_Re3/Python_Codes/table/snapshots_split/Al_600K_snap00058.extxyz,Al,600,Al__600,0.0202514067522618,0.01424197681394793,-0.006009429938313871,0.006009429938313871
/Users/yti0811/Desktop/FE_data/npj_CM01/NPJ_CM_Fig_Python/Public_Reproducibility_Package_V01/npjcm-free-energy-surrogate_Re3/Python_Codes/table/snapshots_split/Al_600K_snap00059.extxyz,Al,600,Al__600,0.0202677775281772,0.014126920685487288,-0.006140856842689913,0.006140856842689913
/Users/yti0811/Desktop/FE_data/npj_CM01/NPJ_CM_Fig_Python/Public_Reproducibility_Package_V01/npjcm-free-energy-surrogate_Re3/Python_Codes/table/snapshots_split/Al_600K_snap00060.extxyz,Al,600,Al__600,0.0197852473457726,0.014151821416638543,-0.005633425929134057,0.005633425929134057
/Users/yti0811/Desktop/FE_data/npj_CM01/NPJ_CM_Fig_Python/Public_Reproducibility_Package_V01/npjcm-free-energy-surrogate_Re3/Python_Codes/table/snapshots_split/Al_600K_snap00061.extxyz,Al,600,Al__600,0.0202676086568007,0.014248870248756868,-0.006018738408043832,0.006018738408043832
/Users/yti0811/Desktop/FE_data/npj_CM01/NPJ_CM_Fig_Python/Public_Reproducibility_Package_V01/npjcm-free-energy-surrogate_Re3/Python_Codes/table/snapshots_split/Al_600K_snap00062.extxyz,Al,600,Al__600,0.0202492000482312,0.01461957529885335,-0.0056296247493778494,0.0056296247493778494
/Users/yti0811/Desktop/FE_data/npj_CM01/NPJ_CM_Fig_Python/Public_Reproducibility_Package_V01/npjcm-free-energy-surrogate_Re3/Python_Codes/table/snapshots_split/Al_600K_snap00063.extxyz,Al,600,Al__600,0.0198802041331681,0.014643251456384843,-0.0052369526767832575,0.0052369526767832575
/Users/yti0811/Desktop/FE_data/npj_CM01/NPJ_CM_Fig_Python/Public_Reproducibility_Package_V01/npjcm-free-energy-surrogate_Re3/Python_Codes/table/snapshots_split/Al_600K_snap00064.extxyz,Al,600,Al__600,0.0205597706817883,0.014240270382091356,-0.006319500299696945,0.006319500299696945
/Users/yti0811/Desktop/FE_data/npj_CM01/NPJ_CM_Fig_Python/Public_Reproducibility_Package_V01/npjcm-free-energy-surrogate_Re3/Python_Codes/table/snapshots_split/Al_600K_snap00065.extxyz,Al,600,Al__600,0.020277708110296,0.014457334836867152,-0.0058203732734288475,0.0058203732734288475
/Users/yti0811/Desktop/FE_data/npj_CM01/NPJ_CM_Fig_Python/Public_Reproducibility_Package_V01/npjcm-free-energy-surrogate_Re3/Python_Codes/table/snapshots_split/Al_600K_snap00066.extxyz,Al,600,Al__600,0.0203526377642735,0.013513295102749923,-0.0068393426615235755,0.0068393426615235755
/Users/yti0811/Desktop/FE_data/npj_CM01/NPJ_CM_Fig_Python/Public_Reproducibility_Package_V01/npjcm-free-energy-surrogate_Re3/Python_Codes/table/snapshots_split/Al_600K_snap00067.extxyz,Al,600,Al__600,0.019902878320033,0.014109820506042722,-0.005793057813990277,0.005793057813990277
/Users/yti0811/Desktop/FE_data/npj_CM01/NPJ_CM_Fig_Python/Public_Reproducibility_Package_V01/npjcm-free-energy-surrogate_Re3/Python_Codes/table/snapshots_split/Al_600K_snap00068.extxyz,Al,600,Al__600,0.0201695658571223,0.014309735951024468,-0.005859829906097833,0.005859829906097833
/Users/yti0811/Desktop/FE_data/npj_CM01/NPJ_CM_Fig_Python/Public_Reproducibility_Package_V01/npjcm-free-energy-surrogate_Re3/Python_Codes/table/snapshots_split/Al_600K_snap00069.extxyz,Al,600,Al__600,0.0201608363837599,0.014466256328668797,-0.005694580055091103,0.005694580055091103
/Users/yti0811/Desktop/FE_data/npj_CM01/NPJ_CM_Fig_Python/Public_Reproducibility_Package_V01/npjcm-free-energy-surrogate_Re3/Python_Codes/table/snapshots_split/Al_600K_snap00070.extxyz,Al,600,Al__600,0.0199016381777361,0.013679184108273396,-0.0062224540694627035,0.0062224540694627035
/Users/yti0811/Desktop/FE_data/npj_CM01/NPJ_CM_Fig_Python/Public_Reproducibility_Package_V01/npjcm-free-energy-surrogate_Re3/Python_Codes/table/snapshots_split/Al_600K_snap00071.extxyz,Al,600,Al__600,0.0198639878466078,0.013572053099176116,-0.006291934747431685,0.006291934747431685
/Users/yti0811/Desktop/FE_data/npj_CM01/NPJ_CM_Fig_Python/Public_Reproducibility_Package_V01/npjcm-free-energy-surrogate_Re3/Python_Codes/table/snapshots_split/Al_600K_snap00072.extxyz,Al,600,Al__600,0.0201938855917191,0.013973240013873992,-0.006220645577845107,0.006220645577845107
/Users/yti0811/Desktop/FE_data/npj_CM01/NPJ_CM_Fig_Python/Public_Reproducibility_Package_V01/npjcm-free-energy-surrogate_Re3/Python_Codes/table/snapshots_split/Al_600K_snap00073.extxyz,Al,600,Al__600,0.020085295968504,0.014369760234702919,-0.00571553573380108,0.00571553573380108
/Users/yti0811/Desktop/FE_data/npj_CM01/NPJ_CM_Fig_Python/Public_Reproducibility_Package_V01/npjcm-free-energy-surrogate_Re3/Python_Codes/table/snapshots_split/Al_600K_snap00074.extxyz,Al,600,Al__600,0.0204106333412161,0.014180500501694728,-0.006230132839521374,0.006230132839521374
/Users/yti0811/Desktop/FE_data/npj_CM01/NPJ_CM_Fig_Python/Public_Reproducibility_Package_V01/npjcm-free-energy-surrogate_Re3/Python_Codes/table/snapshots_split/Al_600K_snap00075.extxyz,Al,600,Al__600,0.0199057285558528,0.014428186154034238,-0.005477542401818561,0.005477542401818561
/Users/yti0811/Desktop/FE_data/npj_CM01/NPJ_CM_Fig_Python/Public_Reproducibility_Package_V01/npjcm-free-energy-surrogate_Re3/Python_Codes/table/snapshots_split/Al_600K_snap00076.extxyz,Al,600,Al__600,0.0200490810118962,0.014081559042824182,-0.005967521969072017,0.005967521969072017
/Users/yti0811/Desktop/FE_data/npj_CM01/NPJ_CM_Fig_Python/Public_Reproducibility_Package_V01/npjcm-free-energy-surrogate_Re3/Python_Codes/table/snapshots_split/Al_600K_snap00077.extxyz,Al,600,Al__600,0.0204702737322877,0.014064450230155318,-0.006405823502132382,0.006405823502132382
/Users/yti0811/Desktop/FE_data/npj_CM01/NPJ_CM_Fig_Python/Public_Reproducibility_Package_V01/npjcm-free-energy-surrogate_Re3/Python_Codes/table/snapshots_split/Al_600K_snap00078.extxyz,Al,600,Al__600,0.0196015905978252,0.014107085319448803,-0.0054945052783763985,0.0054945052783763985
/Users/yti0811/Desktop/FE_data/npj_CM01/NPJ_CM_Fig_Python/Public_Reproducibility_Package_V01/npjcm-free-energy-surrogate_Re3/Python_Codes/table/snapshots_split/Al_600K_snap00079.extxyz,Al,600,Al__600,0.0203686221259411,0.014270719147609637,-0.006097902978331463,0.006097902978331463
/Users/yti0811/Desktop/FE_data/npj_CM01/NPJ_CM_Fig_Python/Public_Reproducibility_Package_V01/npjcm-free-energy-surrogate_Re3/Python_Codes/table/snapshots_split/Al_600K_snap00080.extxyz,Al,600,Al__600,0.0203031488494274,0.013920673337464903,-0.006382475511962497,0.006382475511962497
/Users/yti0811/Desktop/FE_data/npj_CM01/NPJ_CM_Fig_Python/Public_Reproducibility_Package_V01/npjcm-free-energy-surrogate_Re3/Python_Codes/table/snapshots_split/Al_600K_snap00081.extxyz,Al,600,Al__600,0.0204622475287663,0.014059137134614562,-0.006403110394151739,0.006403110394151739
/Users/yti0811/Desktop/FE_data/npj_CM01/NPJ_CM_Fig_Python/Public_Reproducibility_Package_V01/npjcm-free-energy-surrogate_Re3/Python_Codes/table/snapshots_split/Al_600K_snap00082.extxyz,Al,600,Al__600,0.0200472028226432,0.014416364235283228,-0.005630838587359972,0.005630838587359972
/Users/yti0811/Desktop/FE_data/npj_CM01/NPJ_CM_Fig_Python/Public_Reproducibility_Package_V01/npjcm-free-energy-surrogate_Re3/Python_Codes/table/snapshots_split/Al_600K_snap00083.extxyz,Al,600,Al__600,0.0197644859990993,0.013917114699194832,-0.00584737129990447,0.00584737129990447
/Users/yti0811/Desktop/FE_data/npj_CM01/NPJ_CM_Fig_Python/Public_Reproducibility_Package_V01/npjcm-free-energy-surrogate_Re3/Python_Codes/table/snapshots_split/Al_600K_snap00084.extxyz,Al,600,Al__600,0.0199329783260571,0.014236855261160739,-0.00569612306489636,0.00569612306489636
/Users/yti0811/Desktop/FE_data/npj_CM01/NPJ_CM_Fig_Python/Public_Reproducibility_Package_V01/npjcm-free-energy-surrogate_Re3/Python_Codes/table/snapshots_split/Al_600K_snap00085.extxyz,Al,600,Al__600,0.0203761881151718,0.014135514583199093,-0.006240673531972706,0.006240673531972706
/Users/yti0811/Desktop/FE_data/npj_CM01/NPJ_CM_Fig_Python/Public_Reproducibility_Package_V01/npjcm-free-energy-surrogate_Re3/Python_Codes/table/snapshots_split/Al_600K_snap00086.extxyz,Al,600,Al__600,0.0204550987788862,0.014652656840229265,-0.005802441938656935,0.005802441938656935
/Users/yti0811/Desktop/FE_data/npj_CM01/NPJ_CM_Fig_Python/Public_Reproducibility_Package_V01/npjcm-free-energy-surrogate_Re3/Python_Codes/table/snapshots_split/Al_600K_snap00087.extxyz,Al,600,Al__600,0.0197176541505654,0.013879707318768112,-0.005837946831797289,0.005837946831797289
/Users/yti0811/Desktop/FE_data/npj_CM01/NPJ_CM_Fig_Python/Public_Reproducibility_Package_V01/npjcm-free-energy-surrogate_Re3/Python_Codes/table/snapshots_split/Al_600K_snap00088.extxyz,Al,600,Al__600,0.0200452209996144,0.014007291709607747,-0.006037929290006653,0.006037929290006653
/Users/yti0811/Desktop/FE_data/npj_CM01/NPJ_CM_Fig_Python/Public_Reproducibility_Package_V01/npjcm-free-energy-surrogate_Re3/Python_Codes/table/snapshots_split/Al_600K_snap00089.extxyz,Al,600,Al__600,0.0200985519665015,0.014299036228885181,-0.005799515737616319,0.005799515737616319
/Users/yti0811/Desktop/FE_data/npj_CM01/NPJ_CM_Fig_Python/Public_Reproducibility_Package_V01/npjcm-free-energy-surrogate_Re3/Python_Codes/table/snapshots_split/Al_600K_snap00090.extxyz,Al,600,Al__600,0.0205293225930185,0.014356234369474216,-0.006173088223544286,0.006173088223544286
/Users/yti0811/Desktop/FE_data/npj_CM01/NPJ_CM_Fig_Python/Public_Reproducibility_Package_V01/npjcm-free-energy-surrogate_Re3/Python_Codes/table/snapshots_split/Al_600K_snap00091.extxyz,Al,600,Al__600,0.0200674909997247,0.014069351217106328,-0.005998139782618371,0.005998139782618371
/Users/yti0811/Desktop/FE_data/npj_CM01/NPJ_CM_Fig_Python/Public_Reproducibility_Package_V01/npjcm-free-energy-surrogate_Re3/Python_Codes/table/snapshots_split/Al_600K_snap00092.extxyz,Al,600,Al__600,0.0200306685435693,0.014664162936073071,-0.0053665056074962275,0.0053665056074962275
/Users/yti0811/Desktop/FE_data/npj_CM01/NPJ_CM_Fig_Python/Public_Reproducibility_Package_V01/npjcm-free-energy-surrogate_Re3/Python_Codes/table/snapshots_split/Al_600K_snap00093.extxyz,Al,600,Al__600,0.0202817927727212,0.014240817719733144,-0.006040975052988055,0.006040975052988055
/Users/yti0811/Desktop/FE_data/npj_CM01/NPJ_CM_Fig_Python/Public_Reproducibility_Package_V01/npjcm-free-energy-surrogate_Re3/Python_Codes/table/snapshots_split/Al_600K_snap00094.extxyz,Al,600,Al__600,0.0199530864054644,0.01429739756956553,-0.00565568883589887,0.00565568883589887
/Users/yti0811/Desktop/FE_data/npj_CM01/NPJ_CM_Fig_Python/Public_Reproducibility_Package_V01/npjcm-free-energy-surrogate_Re3/Python_Codes/table/snapshots_split/Al_600K_snap00095.extxyz,Al,600,Al__600,0.0198978109583961,0.014242806742310725,-0.005655004216085375,0.005655004216085375
/Users/yti0811/Desktop/FE_data/npj_CM01/NPJ_CM_Fig_Python/Public_Reproducibility_Package_V01/npjcm-free-energy-surrogate_Re3/Python_Codes/table/snapshots_split/Al_600K_snap00096.extxyz,Al,600,Al__600,0.0199845813833696,0.014436887390773413,-0.005547693992596189,0.005547693992596189
/Users/yti0811/Desktop/FE_data/npj_CM01/NPJ_CM_Fig_Python/Public_Reproducibility_Package_V01/npjcm-free-energy-surrogate_Re3/Python_Codes/table/snapshots_split/Al_600K_snap00097.extxyz,Al,600,Al__600,0.0208253186278379,0.013995774361684525,-0.0068295442661533735,0.0068295442661533735
/Users/yti0811/Desktop/FE_data/npj_CM01/NPJ_CM_Fig_Python/Public_Reproducibility_Package_V01/npjcm-free-energy-surrogate_Re3/Python_Codes/table/snapshots_split/Al_600K_snap00098.extxyz,Al,600,Al__600,0.0202296814815274,0.01423310360748377,-0.00599657787404363,0.00599657787404363
/Users/yti0811/Desktop/FE_data/npj_CM01/NPJ_CM_Fig_Python/Public_Reproducibility_Package_V01/npjcm-free-energy-surrogate_Re3/Python_Codes/table/snapshots_split/Al_600K_snap00099.extxyz,Al,600,Al__600,0.0206663992565603,0.014971139924759446,-0.0056952593318008535,0.0056952593318008535
/Users/yti0811/Desktop/FE_data/npj_CM01/NPJ_CM_Fig_Python/Public_Reproducibility_Package_V01/npjcm-free-energy-surrogate_Re3/Python_Codes/table/snapshots_split/Al_700K_snap00000.extxyz,Al,700,Al__700,0.030925923898306,0.020270855182640622,-0.010655068715665378,0.010655068715665378
/Users/yti0811/Desktop/FE_data/npj_CM01/NPJ_CM_Fig_Python/Public_Reproducibility_Package_V01/npjcm-free-energy-surrogate_Re3/Python_Codes/table/snapshots_split/Al_700K_snap00001.extxyz,Al,700,Al__700,0.031055107605525,0.02012312635134165,-0.010931981254183352,0.010931981254183352
/Users/yti0811/Desktop/FE_data/npj_CM01/NPJ_CM_Fig_Python/Public_Reproducibility_Package_V01/npjcm-free-energy-surrogate_Re3/Python_Codes/table/snapshots_split/Al_700K_snap00002.extxyz,Al,700,Al__700,0.0307792547882826,0.019975406272330316,-0.010803848515952286,0.010803848515952286
/Users/yti0811/Desktop/FE_data/npj_CM01/NPJ_CM_Fig_Python/Public_Reproducibility_Package_V01/npjcm-free-energy-surrogate_Re3/Python_Codes/table/snapshots_split/Al_700K_snap00003.extxyz,Al,700,Al__700,0.0311126627851992,0.020066434626482787,-0.011046228158716413,0.011046228158716413
/Users/yti0811/Desktop/FE_data/npj_CM01/NPJ_CM_Fig_Python/Public_Reproducibility_Package_V01/npjcm-free-energy-surrogate_Re3/Python_Codes/table/snapshots_split/Al_700K_snap00004.extxyz,Al,700,Al__700,0.0308490071617891,0.019552980668926707,-0.011296026492862394,0.011296026492862394
/Users/yti0811/Desktop/FE_data/npj_CM01/NPJ_CM_Fig_Python/Public_Reproducibility_Package_V01/npjcm-free-energy-surrogate_Re3/Python_Codes/table/snapshots_split/Al_700K_snap00005.extxyz,Al,700,Al__700,0.0306061970691991,0.02012752936044954,-0.01047866770874956,0.01047866770874956
/Users/yti0811/Desktop/FE_data/npj_CM01/NPJ_CM_Fig_Python/Public_Reproducibility_Package_V01/npjcm-free-energy-surrogate_Re3/Python_Codes/table/snapshots_split/Al_700K_snap00006.extxyz,Al,700,Al__700,0.030803984441598,0.020077596646022603,-0.010726387795575398,0.010726387795575398
/Users/yti0811/Desktop/FE_data/npj_CM01/NPJ_CM_Fig_Python/Public_Reproducibility_Package_V01/npjcm-free-energy-surrogate_Re3/Python_Codes/table/snapshots_split/Al_700K_snap00007.extxyz,Al,700,Al__700,0.0307242708120031,0.019885609225934544,-0.010838661586068558,0.010838661586068558
/Users/yti0811/Desktop/FE_data/npj_CM01/NPJ_CM_Fig_Python/Public_Reproducibility_Package_V01/npjcm-free-energy-surrogate_Re3/Python_Codes/table/snapshots_split/Al_700K_snap00008.extxyz,Al,700,Al__700,0.0310401342302676,0.019874050639920753,-0.011166083590346848,0.011166083590346848
/Users/yti0811/Desktop/FE_data/npj_CM01/NPJ_CM_Fig_Python/Public_Reproducibility_Package_V01/npjcm-free-energy-surrogate_Re3/Python_Codes/table/snapshots_split/Al_700K_snap00009.extxyz,Al,700,Al__700,0.0309816599008029,0.01982240931637261,-0.011159250584430288,0.011159250584430288
/Users/yti0811/Desktop/FE_data/npj_CM01/NPJ_CM_Fig_Python/Public_Reproducibility_Package_V01/npjcm-free-energy-surrogate_Re3/Python_Codes/table/snapshots_split/Al_700K_snap00010.extxyz,Al,700,Al__700,0.0309392718181141,0.020420706366618874,-0.010518565451495227,0.010518565451495227
/Users/yti0811/Desktop/FE_data/npj_CM01/NPJ_CM_Fig_Python/Public_Reproducibility_Package_V01/npjcm-free-energy-surrogate_Re3/Python_Codes/table/snapshots_split/Al_700K_snap00011.extxyz,Al,700,Al__700,0.0308351394489333,0.02037779855617892,-0.01045734089275438,0.01045734089275438
/Users/yti0811/Desktop/FE_data/npj_CM01/NPJ_CM_Fig_Python/Public_Reproducibility_Package_V01/npjcm-free-energy-surrogate_Re3/Python_Codes/table/snapshots_split/Al_700K_snap00012.extxyz,Al,700,Al__700,0.0315791182147922,0.020505805286656232,-0.01107331292813597,0.01107331292813597
/Users/yti0811/Desktop/FE_data/npj_CM01/NPJ_CM_Fig_Python/Public_Reproducibility_Package_V01/npjcm-free-energy-surrogate_Re3/Python_Codes/table/snapshots_split/Al_700K_snap00013.extxyz,Al,700,Al__700,0.031303038872762,0.02033945186290435,-0.01096358700985765,0.01096358700985765
/Users/yti0811/Desktop/FE_data/npj_CM01/NPJ_CM_Fig_Python/Public_Reproducibility_Package_V01/npjcm-free-energy-surrogate_Re3/Python_Codes/table/snapshots_split/Al_700K_snap00014.extxyz,Al,700,Al__700,0.0304531036576379,0.01979223528103935,-0.010660868376598551,0.010660868376598551
/Users/yti0811/Desktop/FE_data/npj_CM01/NPJ_CM_Fig_Python/Public_Reproducibility_Package_V01/npjcm-free-energy-surrogate_Re3/Python_Codes/table/snapshots_split/Al_700K_snap00015.extxyz,Al,700,Al__700,0.0305827428980508,0.02007685901865636,-0.01050588387939444,0.01050588387939444
/Users/yti0811/Desktop/FE_data/npj_CM01/NPJ_CM_Fig_Python/Public_Reproducibility_Package_V01/npjcm-free-energy-surrogate_Re3/Python_Codes/table/snapshots_split/Al_700K_snap00016.extxyz,Al,700,Al__700,0.0309206419673441,0.020059079288039766,-0.010861562679304333,0.010861562679304333
/Users/yti0811/Desktop/FE_data/npj_CM01/NPJ_CM_Fig_Python/Public_Reproducibility_Package_V01/npjcm-free-energy-surrogate_Re3/Python_Codes/table/snapshots_split/Al_700K_snap00017.extxyz,Al,700,Al__700,0.0310761245982339,0.020070021819932844,-0.011006102778301056,0.011006102778301056
/Users/yti0811/Desktop/FE_data/npj_CM01/NPJ_CM_Fig_Python/Public_Reproducibility_Package_V01/npjcm-free-energy-surrogate_Re3/Python_Codes/table/snapshots_split/Al_700K_snap00018.extxyz,Al,700,Al__700,0.0312769938800422,0.02055752103000061,-0.010719472850041593,0.010719472850041593
/Users/yti0811/Desktop/FE_data/npj_CM01/NPJ_CM_Fig_Python/Public_Reproducibility_Package_V01/npjcm-free-energy-surrogate_Re3/Python_Codes/table/snapshots_split/Al_700K_snap00019.extxyz,Al,700,Al__700,0.0305754465758284,0.019669230305622027,-0.010906216270206374,0.010906216270206374
/Users/yti0811/Desktop/FE_data/npj_CM01/NPJ_CM_Fig_Python/Public_Reproducibility_Package_V01/npjcm-free-energy-surrogate_Re3/Python_Codes/table/snapshots_split/Al_700K_snap00020.extxyz,Al,700,Al__700,0.0312357014045881,0.019629837685710604,-0.011605863718877497,0.011605863718877497
/Users/yti0811/Desktop/FE_data/npj_CM01/NPJ_CM_Fig_Python/Public_Reproducibility_Package_V01/npjcm-free-energy-surrogate_Re3/Python_Codes/table/snapshots_split/Al_700K_snap00021.extxyz,Al,700,Al__700,0.0313557408700976,0.020067500944843854,-0.011288239925253744,0.011288239925253744
/Users/yti0811/Desktop/FE_data/npj_CM01/NPJ_CM_Fig_Python/Public_Reproducibility_Package_V01/npjcm-free-energy-surrogate_Re3/Python_Codes/table/snapshots_split/Al_700K_snap00022.extxyz,Al,700,Al__700,0.0304893350851739,0.02043291078184552,-0.010056424303328378,0.010056424303328378
/Users/yti0811/Desktop/FE_data/npj_CM01/NPJ_CM_Fig_Python/Public_Reproducibility_Package_V01/npjcm-free-energy-surrogate_Re3/Python_Codes/table/snapshots_split/Al_700K_snap00023.extxyz,Al,700,Al__700,0.0306620363690933,0.01986019311080402,-0.01080184325828928,0.01080184325828928
/Users/yti0811/Desktop/FE_data/npj_CM01/NPJ_CM_Fig_Python/Public_Reproducibility_Package_V01/npjcm-free-energy-surrogate_Re3/Python_Codes/table/snapshots_split/Al_700K_snap00024.extxyz,Al,700,Al__700,0.0312659086456722,0.020376628882044542,-0.010889279763627656,0.010889279763627656
/Users/yti0811/Desktop/FE_data/npj_CM01/NPJ_CM_Fig_Python/Public_Reproducibility_Package_V01/npjcm-free-energy-surrogate_Re3/Python_Codes/table/snapshots_split/Al_700K_snap00025.extxyz,Al,700,Al__700,0.0308244308406003,0.020363590213015967,-0.010460840627584334,0.010460840627584334
/Users/yti0811/Desktop/FE_data/npj_CM01/NPJ_CM_Fig_Python/Public_Reproducibility_Package_V01/npjcm-free-energy-surrogate_Re3/Python_Codes/table/snapshots_split/Al_700K_snap00026.extxyz,Al,700,Al__700,0.0311544813302771,0.020436123295458974,-0.010718358034818125,0.010718358034818125
/Users/yti0811/Desktop/FE_data/npj_CM01/NPJ_CM_Fig_Python/Public_Reproducibility_Package_V01/npjcm-free-energy-surrogate_Re3/Python_Codes/table/snapshots_split/Al_700K_snap00027.extxyz,Al,700,Al__700,0.0310125424944199,0.019773076874015586,-0.011239465620404315,0.011239465620404315
/Users/yti0811/Desktop/FE_data/npj_CM01/NPJ_CM_Fig_Python/Public_Reproducibility_Package_V01/npjcm-free-energy-surrogate_Re3/Python_Codes/table/snapshots_split/Al_700K_snap00028.extxyz,Al,700,Al__700,0.0305665672801013,0.020415716756400245,-0.010150850523701054,0.010150850523701054
/Users/yti0811/Desktop/FE_data/npj_CM01/NPJ_CM_Fig_Python/Public_Reproducibility_Package_V01/npjcm-free-energy-surrogate_Re3/Python_Codes/table/snapshots_split/Al_700K_snap00029.extxyz,Al,700,Al__700,0.0308750591703884,0.02120372194312813,-0.009671337227260272,0.009671337227260272
/Users/yti0811/Desktop/FE_data/npj_CM01/NPJ_CM_Fig_Python/Public_Reproducibility_Package_V01/npjcm-free-energy-surrogate_Re3/Python_Codes/table/snapshots_split/Al_700K_snap00030.extxyz,Al,700,Al__700,0.0309805666226264,0.020258092591378982,-0.010722474031247417,0.010722474031247417
/Users/yti0811/Desktop/FE_data/npj_CM01/NPJ_CM_Fig_Python/Public_Reproducibility_Package_V01/npjcm-free-energy-surrogate_Re3/Python_Codes/table/snapshots_split/Al_700K_snap00031.extxyz,Al,700,Al__700,0.031143367132229,0.020036371488049896,-0.011106995644179104,0.011106995644179104
/Users/yti0811/Desktop/FE_data/npj_CM01/NPJ_CM_Fig_Python/Public_Reproducibility_Package_V01/npjcm-free-energy-surrogate_Re3/Python_Codes/table/snapshots_split/Al_700K_snap00032.extxyz,Al,700,Al__700,0.031431171900876,0.020376830130393965,-0.011054341770482035,0.011054341770482035
/Users/yti0811/Desktop/FE_data/npj_CM01/NPJ_CM_Fig_Python/Public_Reproducibility_Package_V01/npjcm-free-energy-surrogate_Re3/Python_Codes/table/snapshots_split/Al_700K_snap00033.extxyz,Al,700,Al__700,0.0301878768412663,0.020348670139781266,-0.009839206701485033,0.009839206701485033
/Users/yti0811/Desktop/FE_data/npj_CM01/NPJ_CM_Fig_Python/Public_Reproducibility_Package_V01/npjcm-free-energy-surrogate_Re3/Python_Codes/table/snapshots_split/Al_700K_snap00034.extxyz,Al,700,Al__700,0.0308143039823119,0.020579098381144575,-0.010235205601167325,0.010235205601167325
/Users/yti0811/Desktop/FE_data/npj_CM01/NPJ_CM_Fig_Python/Public_Reproducibility_Package_V01/npjcm-free-energy-surrogate_Re3/Python_Codes/table/snapshots_split/Al_700K_snap00035.extxyz,Al,700,Al__700,0.0307549026534424,0.02006095624569874,-0.010693946407743661,0.010693946407743661
/Users/yti0811/Desktop/FE_data/npj_CM01/NPJ_CM_Fig_Python/Public_Reproducibility_Package_V01/npjcm-free-energy-surrogate_Re3/Python_Codes/table/snapshots_split/Al_700K_snap00036.extxyz,Al,700,Al__700,0.030943478761871,0.020428668789686844,-0.010514809972184156,0.010514809972184156
/Users/yti0811/Desktop/FE_data/npj_CM01/NPJ_CM_Fig_Python/Public_Reproducibility_Package_V01/npjcm-free-energy-surrogate_Re3/Python_Codes/table/snapshots_split/Al_700K_snap00037.extxyz,Al,700,Al__700,0.0307487537500258,0.02007154099803033,-0.010677212751995468,0.010677212751995468
/Users/yti0811/Desktop/FE_data/npj_CM01/NPJ_CM_Fig_Python/Public_Reproducibility_Package_V01/npjcm-free-energy-surrogate_Re3/Python_Codes/table/snapshots_split/Al_700K_snap00038.extxyz,Al,700,Al__700,0.0307039478829155,0.020456469370649738,-0.010247478512265762,0.010247478512265762
/Users/yti0811/Desktop/FE_data/npj_CM01/NPJ_CM_Fig_Python/Public_Reproducibility_Package_V01/npjcm-free-energy-surrogate_Re3/Python_Codes/table/snapshots_split/Al_700K_snap00039.extxyz,Al,700,Al__700,0.0308916125281196,0.02046350115591138,-0.01042811137220822,0.01042811137220822
/Users/yti0811/Desktop/FE_data/npj_CM01/NPJ_CM_Fig_Python/Public_Reproducibility_Package_V01/npjcm-free-energy-surrogate_Re3/Python_Codes/table/snapshots_split/Al_700K_snap00040.extxyz,Al,700,Al__700,0.030733448847798,0.020850845282089844,-0.009882603565708154,0.009882603565708154
/Users/yti0811/Desktop/FE_data/npj_CM01/NPJ_CM_Fig_Python/Public_Reproducibility_Package_V01/npjcm-free-energy-surrogate_Re3/Python_Codes/table/snapshots_split/Al_700K_snap00041.extxyz,Al,700,Al__700,0.0309146445049911,0.020398902371239896,-0.010515742133751203,0.010515742133751203
/Users/yti0811/Desktop/FE_data/npj_CM01/NPJ_CM_Fig_Python/Public_Reproducibility_Package_V01/npjcm-free-energy-surrogate_Re3/Python_Codes/table/snapshots_split/Al_700K_snap00042.extxyz,Al,700,Al__700,0.0307822691291795,0.020045863149695246,-0.010736405979484255,0.010736405979484255
/Users/yti0811/Desktop/FE_data/npj_CM01/NPJ_CM_Fig_Python/Public_Reproducibility_Package_V01/npjcm-free-energy-surrogate_Re3/Python_Codes/table/snapshots_split/Al_700K_snap00043.extxyz,Al,700,Al__700,0.0308215322594497,0.02014271902919912,-0.010678813230250581,0.010678813230250581
/Users/yti0811/Desktop/FE_data/npj_CM01/NPJ_CM_Fig_Python/Public_Reproducibility_Package_V01/npjcm-free-energy-surrogate_Re3/Python_Codes/table/snapshots_split/Al_700K_snap00044.extxyz,Al,700,Al__700,0.0307364146165734,0.020157677505670563,-0.010578737110902837,0.010578737110902837
/Users/yti0811/Desktop/FE_data/npj_CM01/NPJ_CM_Fig_Python/Public_Reproducibility_Package_V01/npjcm-free-energy-surrogate_Re3/Python_Codes/table/snapshots_split/Al_700K_snap00045.extxyz,Al,700,Al__700,0.0308223121168949,0.020200033333467992,-0.010622278783426909,0.010622278783426909
/Users/yti0811/Desktop/FE_data/npj_CM01/NPJ_CM_Fig_Python/Public_Reproducibility_Package_V01/npjcm-free-energy-surrogate_Re3/Python_Codes/table/snapshots_split/Al_700K_snap00046.extxyz,Al,700,Al__700,0.0311619103727361,0.0200154317843564,-0.0111464785883797,0.0111464785883797
/Users/yti0811/Desktop/FE_data/npj_CM01/NPJ_CM_Fig_Python/Public_Reproducibility_Package_V01/npjcm-free-energy-surrogate_Re3/Python_Codes/table/snapshots_split/Al_700K_snap00047.extxyz,Al,700,Al__700,0.0310456544562563,0.020892898021976358,-0.01015275643427994,0.01015275643427994
/Users/yti0811/Desktop/FE_data/npj_CM01/NPJ_CM_Fig_Python/Public_Reproducibility_Package_V01/npjcm-free-energy-surrogate_Re3/Python_Codes/table/snapshots_split/Al_700K_snap00048.extxyz,Al,700,Al__700,0.0308493825226528,0.020493306553473003,-0.010356075969179798,0.010356075969179798
/Users/yti0811/Desktop/FE_data/npj_CM01/NPJ_CM_Fig_Python/Public_Reproducibility_Package_V01/npjcm-free-energy-surrogate_Re3/Python_Codes/table/snapshots_split/Al_700K_snap00049.extxyz,Al,700,Al__700,0.0303952971735855,0.02027545925385591,-0.010119837919729587,0.010119837919729587
/Users/yti0811/Desktop/FE_data/npj_CM01/NPJ_CM_Fig_Python/Public_Reproducibility_Package_V01/npjcm-free-energy-surrogate_Re3/Python_Codes/table/snapshots_split/Al_700K_snap00050.extxyz,Al,700,Al__700,0.030615293023012,0.019897600833535645,-0.010717692189476356,0.010717692189476356
/Users/yti0811/Desktop/FE_data/npj_CM01/NPJ_CM_Fig_Python/Public_Reproducibility_Package_V01/npjcm-free-energy-surrogate_Re3/Python_Codes/table/snapshots_split/Al_700K_snap00051.extxyz,Al,700,Al__700,0.031017793637483,0.02006450773625871,-0.01095328590122429,0.01095328590122429
/Users/yti0811/Desktop/FE_data/npj_CM01/NPJ_CM_Fig_Python/Public_Reproducibility_Package_V01/npjcm-free-energy-surrogate_Re3/Python_Codes/table/snapshots_split/Al_700K_snap00052.extxyz,Al,700,Al__700,0.0312726244697672,0.020591892913535297,-0.010680731556231907,0.010680731556231907
/Users/yti0811/Desktop/FE_data/npj_CM01/NPJ_CM_Fig_Python/Public_Reproducibility_Package_V01/npjcm-free-energy-surrogate_Re3/Python_Codes/table/snapshots_split/Al_700K_snap00053.extxyz,Al,700,Al__700,0.0307080378802447,0.02033046951304662,-0.010377568367198081,0.010377568367198081
/Users/yti0811/Desktop/FE_data/npj_CM01/NPJ_CM_Fig_Python/Public_Reproducibility_Package_V01/npjcm-free-energy-surrogate_Re3/Python_Codes/table/snapshots_split/Al_700K_snap00054.extxyz,Al,700,Al__700,0.0306933355540798,0.020452942911914945,-0.010240392642164857,0.010240392642164857
/Users/yti0811/Desktop/FE_data/npj_CM01/NPJ_CM_Fig_Python/Public_Reproducibility_Package_V01/npjcm-free-energy-surrogate_Re3/Python_Codes/table/snapshots_split/Al_700K_snap00055.extxyz,Al,700,Al__700,0.0310928457418059,0.020385677298665,-0.010707168443140899,0.010707168443140899
/Users/yti0811/Desktop/FE_data/npj_CM01/NPJ_CM_Fig_Python/Public_Reproducibility_Package_V01/npjcm-free-energy-surrogate_Re3/Python_Codes/table/snapshots_split/Al_700K_snap00056.extxyz,Al,700,Al__700,0.0307707185044699,0.02090240421158881,-0.00986831429288109,0.00986831429288109
/Users/yti0811/Desktop/FE_data/npj_CM01/NPJ_CM_Fig_Python/Public_Reproducibility_Package_V01/npjcm-free-energy-surrogate_Re3/Python_Codes/table/snapshots_split/Al_700K_snap00057.extxyz,Al,700,Al__700,0.031200341425173,0.020347610008607134,-0.010852731416565866,0.010852731416565866
/Users/yti0811/Desktop/FE_data/npj_CM01/NPJ_CM_Fig_Python/Public_Reproducibility_Package_V01/npjcm-free-energy-surrogate_Re3/Python_Codes/table/snapshots_split/Al_700K_snap00058.extxyz,Al,700,Al__700,0.030860841113727,0.02007180478993492,-0.010789036323792078,0.010789036323792078
/Users/yti0811/Desktop/FE_data/npj_CM01/NPJ_CM_Fig_Python/Public_Reproducibility_Package_V01/npjcm-free-energy-surrogate_Re3/Python_Codes/table/snapshots_split/Al_700K_snap00059.extxyz,Al,700,Al__700,0.0306595586162322,0.02045241691179207,-0.01020714170444013,0.01020714170444013
/Users/yti0811/Desktop/FE_data/npj_CM01/NPJ_CM_Fig_Python/Public_Reproducibility_Package_V01/npjcm-free-energy-surrogate_Re3/Python_Codes/table/snapshots_split/Al_700K_snap00060.extxyz,Al,700,Al__700,0.0315357247988846,0.02040226676796062,-0.011133458030923978,0.011133458030923978
/Users/yti0811/Desktop/FE_data/npj_CM01/NPJ_CM_Fig_Python/Public_Reproducibility_Package_V01/npjcm-free-energy-surrogate_Re3/Python_Codes/table/snapshots_split/Al_700K_snap00061.extxyz,Al,700,Al__700,0.0312827956744266,0.020463609830620916,-0.010819185843805684,0.010819185843805684
/Users/yti0811/Desktop/FE_data/npj_CM01/NPJ_CM_Fig_Python/Public_Reproducibility_Package_V01/npjcm-free-energy-surrogate_Re3/Python_Codes/table/snapshots_split/Al_700K_snap00062.extxyz,Al,700,Al__700,0.0300510122278513,0.020104089462194136,-0.009946922765657163,0.009946922765657163
/Users/yti0811/Desktop/FE_data/npj_CM01/NPJ_CM_Fig_Python/Public_Reproducibility_Package_V01/npjcm-free-energy-surrogate_Re3/Python_Codes/table/snapshots_split/Al_700K_snap00063.extxyz,Al,700,Al__700,0.0310489082929262,0.020593852500135453,-0.010455055792790748,0.010455055792790748
/Users/yti0811/Desktop/FE_data/npj_CM01/NPJ_CM_Fig_Python/Public_Reproducibility_Package_V01/npjcm-free-energy-surrogate_Re3/Python_Codes/table/snapshots_split/Al_700K_snap00064.extxyz,Al,700,Al__700,0.0309221651430634,0.020485272497785537,-0.010436892645277862,0.010436892645277862
/Users/yti0811/Desktop/FE_data/npj_CM01/NPJ_CM_Fig_Python/Public_Reproducibility_Package_V01/npjcm-free-energy-surrogate_Re3/Python_Codes/table/snapshots_split/Al_700K_snap00065.extxyz,Al,700,Al__700,0.0305816656375007,0.020201888744120378,-0.010379776893380321,0.010379776893380321
/Users/yti0811/Desktop/FE_data/npj_CM01/NPJ_CM_Fig_Python/Public_Reproducibility_Package_V01/npjcm-free-energy-surrogate_Re3/Python_Codes/table/snapshots_split/Al_700K_snap00066.extxyz,Al,700,Al__700,0.0309237410542769,0.019554084283970152,-0.011369656770306748,0.011369656770306748
/Users/yti0811/Desktop/FE_data/npj_CM01/NPJ_CM_Fig_Python/Public_Reproducibility_Package_V01/npjcm-free-energy-surrogate_Re3/Python_Codes/table/snapshots_split/Al_700K_snap00067.extxyz,Al,700,Al__700,0.0303067673566429,0.020494735745950954,-0.009812031610691947,0.009812031610691947
/Users/yti0811/Desktop/FE_data/npj_CM01/NPJ_CM_Fig_Python/Public_Reproducibility_Package_V01/npjcm-free-energy-surrogate_Re3/Python_Codes/table/snapshots_split/Al_700K_snap00068.extxyz,Al,700,Al__700,0.030879173460926,0.020905642515672253,-0.009973530945253748,0.009973530945253748
/Users/yti0811/Desktop/FE_data/npj_CM01/NPJ_CM_Fig_Python/Public_Reproducibility_Package_V01/npjcm-free-energy-surrogate_Re3/Python_Codes/table/snapshots_split/Al_700K_snap00069.extxyz,Al,700,Al__700,0.0309744421478658,0.0200502588043703,-0.0109241833434955,0.0109241833434955
/Users/yti0811/Desktop/FE_data/npj_CM01/NPJ_CM_Fig_Python/Public_Reproducibility_Package_V01/npjcm-free-energy-surrogate_Re3/Python_Codes/table/snapshots_split/Al_700K_snap00070.extxyz,Al,700,Al__700,0.030943296422701,0.020554210194359226,-0.010389086228341775,0.010389086228341775
/Users/yti0811/Desktop/FE_data/npj_CM01/NPJ_CM_Fig_Python/Public_Reproducibility_Package_V01/npjcm-free-energy-surrogate_Re3/Python_Codes/table/snapshots_split/Al_700K_snap00071.extxyz,Al,700,Al__700,0.0310864942813105,0.02053272607830828,-0.010553768203002217,0.010553768203002217
/Users/yti0811/Desktop/FE_data/npj_CM01/NPJ_CM_Fig_Python/Public_Reproducibility_Package_V01/npjcm-free-energy-surrogate_Re3/Python_Codes/table/snapshots_split/Al_700K_snap00072.extxyz,Al,700,Al__700,0.0303779211303448,0.01994806373037457,-0.010429857399970231,0.010429857399970231
/Users/yti0811/Desktop/FE_data/npj_CM01/NPJ_CM_Fig_Python/Public_Reproducibility_Package_V01/npjcm-free-energy-surrogate_Re3/Python_Codes/table/snapshots_split/Al_700K_snap00073.extxyz,Al,700,Al__700,0.0307551226460488,0.020386220153589953,-0.010368902492458847,0.010368902492458847
/Users/yti0811/Desktop/FE_data/npj_CM01/NPJ_CM_Fig_Python/Public_Reproducibility_Package_V01/npjcm-free-energy-surrogate_Re3/Python_Codes/table/snapshots_split/Al_700K_snap00074.extxyz,Al,700,Al__700,0.0312229256604455,0.019727159722910795,-0.011495765937534704,0.011495765937534704
/Users/yti0811/Desktop/FE_data/npj_CM01/NPJ_CM_Fig_Python/Public_Reproducibility_Package_V01/npjcm-free-energy-surrogate_Re3/Python_Codes/table/snapshots_split/Al_700K_snap00075.extxyz,Al,700,Al__700,0.0310551967831135,0.02002745741508203,-0.011027739368031472,0.011027739368031472
/Users/yti0811/Desktop/FE_data/npj_CM01/NPJ_CM_Fig_Python/Public_Reproducibility_Package_V01/npjcm-free-energy-surrogate_Re3/Python_Codes/table/snapshots_split/Al_700K_snap00076.extxyz,Al,700,Al__700,0.0310133841387168,0.01982801164889503,-0.011185372489821769,0.011185372489821769
/Users/yti0811/Desktop/FE_data/npj_CM01/NPJ_CM_Fig_Python/Public_Reproducibility_Package_V01/npjcm-free-energy-surrogate_Re3/Python_Codes/table/snapshots_split/Al_700K_snap00077.extxyz,Al,700,Al__700,0.0306611371702073,0.01982737853611532,-0.010833758634091983,0.010833758634091983
/Users/yti0811/Desktop/FE_data/npj_CM01/NPJ_CM_Fig_Python/Public_Reproducibility_Package_V01/npjcm-free-energy-surrogate_Re3/Python_Codes/table/snapshots_split/Al_700K_snap00078.extxyz,Al,700,Al__700,0.0308731197477708,0.02065116323645679,-0.010221956511314013,0.010221956511314013
/Users/yti0811/Desktop/FE_data/npj_CM01/NPJ_CM_Fig_Python/Public_Reproducibility_Package_V01/npjcm-free-energy-surrogate_Re3/Python_Codes/table/snapshots_split/Al_700K_snap00079.extxyz,Al,700,Al__700,0.030482901613443,0.02027322839657635,-0.010209673216866652,0.010209673216866652
/Users/yti0811/Desktop/FE_data/npj_CM01/NPJ_CM_Fig_Python/Public_Reproducibility_Package_V01/npjcm-free-energy-surrogate_Re3/Python_Codes/table/snapshots_split/Al_700K_snap00080.extxyz,Al,700,Al__700,0.0309063219228667,0.020355967062583472,-0.010550354860283228,0.010550354860283228
/Users/yti0811/Desktop/FE_data/npj_CM01/NPJ_CM_Fig_Python/Public_Reproducibility_Package_V01/npjcm-free-energy-surrogate_Re3/Python_Codes/table/snapshots_split/Al_700K_snap00081.extxyz,Al,700,Al__700,0.0306082900659151,0.02002746984180262,-0.01058082022411248,0.01058082022411248
/Users/yti0811/Desktop/FE_data/npj_CM01/NPJ_CM_Fig_Python/Public_Reproducibility_Package_V01/npjcm-free-energy-surrogate_Re3/Python_Codes/table/snapshots_split/Al_700K_snap00082.extxyz,Al,700,Al__700,0.0307690086445154,0.02063161230197772,-0.010137396342537679,0.010137396342537679
/Users/yti0811/Desktop/FE_data/npj_CM01/NPJ_CM_Fig_Python/Public_Reproducibility_Package_V01/npjcm-free-energy-surrogate_Re3/Python_Codes/table/snapshots_split/Al_700K_snap00083.extxyz,Al,700,Al__700,0.0309085164046133,0.020003282762687705,-0.010905233641925596,0.010905233641925596
/Users/yti0811/Desktop/FE_data/npj_CM01/NPJ_CM_Fig_Python/Public_Reproducibility_Package_V01/npjcm-free-energy-surrogate_Re3/Python_Codes/table/snapshots_split/Al_700K_snap00084.extxyz,Al,700,Al__700,0.0303713730280631,0.02060457524228399,-0.009766797785779109,0.009766797785779109
/Users/yti0811/Desktop/FE_data/npj_CM01/NPJ_CM_Fig_Python/Public_Reproducibility_Package_V01/npjcm-free-energy-surrogate_Re3/Python_Codes/table/snapshots_split/Al_700K_snap00085.extxyz,Al,700,Al__700,0.031286278655667,0.02038298566055927,-0.01090329299510773,0.01090329299510773
/Users/yti0811/Desktop/FE_data/npj_CM01/NPJ_CM_Fig_Python/Public_Reproducibility_Package_V01/npjcm-free-energy-surrogate_Re3/Python_Codes/table/snapshots_split/Al_700K_snap00086.extxyz,Al,700,Al__700,0.0306281496778998,0.020483572880503103,-0.010144576797396696,0.010144576797396696
/Users/yti0811/Desktop/FE_data/npj_CM01/NPJ_CM_Fig_Python/Public_Reproducibility_Package_V01/npjcm-free-energy-surrogate_Re3/Python_Codes/table/snapshots_split/Al_700K_snap00087.extxyz,Al,700,Al__700,0.030963949043356,0.02039649759066208,-0.010567451452693919,0.010567451452693919
/Users/yti0811/Desktop/FE_data/npj_CM01/NPJ_CM_Fig_Python/Public_Reproducibility_Package_V01/npjcm-free-energy-surrogate_Re3/Python_Codes/table/snapshots_split/Al_700K_snap00088.extxyz,Al,700,Al__700,0.0310131625720278,0.020368763542584906,-0.010644399029442895,0.010644399029442895
/Users/yti0811/Desktop/FE_data/npj_CM01/NPJ_CM_Fig_Python/Public_Reproducibility_Package_V01/npjcm-free-energy-surrogate_Re3/Python_Codes/table/snapshots_split/Al_700K_snap00089.extxyz,Al,700,Al__700,0.0302447146849188,0.01907177378780768,-0.01117294089711112,0.01117294089711112
/Users/yti0811/Desktop/FE_data/npj_CM01/NPJ_CM_Fig_Python/Public_Reproducibility_Package_V01/npjcm-free-energy-surrogate_Re3/Python_Codes/table/snapshots_split/Al_700K_snap00090.extxyz,Al,700,Al__700,0.0310375075701026,0.020717400260113625,-0.010320107309988974,0.010320107309988974
/Users/yti0811/Desktop/FE_data/npj_CM01/NPJ_CM_Fig_Python/Public_Reproducibility_Package_V01/npjcm-free-energy-surrogate_Re3/Python_Codes/table/snapshots_split/Al_700K_snap00091.extxyz,Al,700,Al__700,0.030672171762509,0.019829718637700892,-0.010842453124808107,0.010842453124808107
/Users/yti0811/Desktop/FE_data/npj_CM01/NPJ_CM_Fig_Python/Public_Reproducibility_Package_V01/npjcm-free-energy-surrogate_Re3/Python_Codes/table/snapshots_split/Al_700K_snap00092.extxyz,Al,700,Al__700,0.0305567388831738,0.020459728053301193,-0.010097010829872608,0.010097010829872608
/Users/yti0811/Desktop/FE_data/npj_CM01/NPJ_CM_Fig_Python/Public_Reproducibility_Package_V01/npjcm-free-energy-surrogate_Re3/Python_Codes/table/snapshots_split/Al_700K_snap00093.extxyz,Al,700,Al__700,0.0309954353967943,0.020834275000990464,-0.010161160395803837,0.010161160395803837
/Users/yti0811/Desktop/FE_data/npj_CM01/NPJ_CM_Fig_Python/Public_Reproducibility_Package_V01/npjcm-free-energy-surrogate_Re3/Python_Codes/table/snapshots_split/Al_700K_snap00094.extxyz,Al,700,Al__700,0.031157987546046,0.020672828599669967,-0.010485158946376034,0.010485158946376034
/Users/yti0811/Desktop/FE_data/npj_CM01/NPJ_CM_Fig_Python/Public_Reproducibility_Package_V01/npjcm-free-energy-surrogate_Re3/Python_Codes/table/snapshots_split/Al_700K_snap00095.extxyz,Al,700,Al__700,0.0313209462807736,0.02014392187207977,-0.01117702440869383,0.01117702440869383
/Users/yti0811/Desktop/FE_data/npj_CM01/NPJ_CM_Fig_Python/Public_Reproducibility_Package_V01/npjcm-free-energy-surrogate_Re3/Python_Codes/table/snapshots_split/Al_700K_snap00096.extxyz,Al,700,Al__700,0.0309289263362829,0.019981408091584992,-0.010947518244697908,0.010947518244697908
/Users/yti0811/Desktop/FE_data/npj_CM01/NPJ_CM_Fig_Python/Public_Reproducibility_Package_V01/npjcm-free-energy-surrogate_Re3/Python_Codes/table/snapshots_split/Al_700K_snap00097.extxyz,Al,700,Al__700,0.0308944730642778,0.02033567759946091,-0.010558795464816889,0.010558795464816889
/Users/yti0811/Desktop/FE_data/npj_CM01/NPJ_CM_Fig_Python/Public_Reproducibility_Package_V01/npjcm-free-energy-surrogate_Re3/Python_Codes/table/snapshots_split/Al_700K_snap00098.extxyz,Al,700,Al__700,0.0316958093220443,0.020088258303780075,-0.011607551018264224,0.011607551018264224
/Users/yti0811/Desktop/FE_data/npj_CM01/NPJ_CM_Fig_Python/Public_Reproducibility_Package_V01/npjcm-free-energy-surrogate_Re3/Python_Codes/table/snapshots_split/Al_700K_snap00099.extxyz,Al,700,Al__700,0.0307912176426036,0.020558317295136668,-0.010232900347466933,0.010232900347466933
