snapshot_path,system,temperature,group,target,prediction,error,abs_error
/Users/yti0811/Desktop/FE_data/npj_CM01/NPJ_CM_Fig_Python/Public_Reproducibility_Package_V01/npjcm-free-energy-surrogate_Re3/Python_Codes/table/snapshots_split/Cu_300K_snap00000.extxyz,Cu,300,Cu__300,-0.0001125072225183,0.013523742908970125,0.013636250131488425,0.013636250131488425
/Users/yti0811/Desktop/FE_data/npj_CM01/NPJ_CM_Fig_Python/Public_Reproducibility_Package_V01/npjcm-free-energy-surrogate_Re3/Python_Codes/table/snapshots_split/Cu_300K_snap00001.extxyz,Cu,300,Cu__300,0.0002469086613565,0.013552576623085852,0.013305667961729353,0.013305667961729353
/Users/yti0811/Desktop/FE_data/npj_CM01/NPJ_CM_Fig_Python/Public_Reproducibility_Package_V01/npjcm-free-energy-surrogate_Re3/Python_Codes/table/snapshots_split/Cu_300K_snap00002.extxyz,Cu,300,Cu__300,0.0002128000199426,0.01323799307890306,0.013025193058960459,0.013025193058960459
/Users/yti0811/Desktop/FE_data/npj_CM01/NPJ_CM_Fig_Python/Public_Reproducibility_Package_V01/npjcm-free-energy-surrogate_Re3/Python_Codes/table/snapshots_split/Cu_300K_snap00003.extxyz,Cu,300,Cu__300,-0.0003423516582103,0.01346856743484416,0.01381091909305446,0.01381091909305446
/Users/yti0811/Desktop/FE_data/npj_CM01/NPJ_CM_Fig_Python/Public_Reproducibility_Package_V01/npjcm-free-energy-surrogate_Re3/Python_Codes/table/snapshots_split/Cu_300K_snap00004.extxyz,Cu,300,Cu__300,-0.0001083647587254,0.013376014292578587,0.013484379051303987,0.013484379051303987
/Users/yti0811/Desktop/FE_data/npj_CM01/NPJ_CM_Fig_Python/Public_Reproducibility_Package_V01/npjcm-free-energy-surrogate_Re3/Python_Codes/table/snapshots_split/Cu_300K_snap00005.extxyz,Cu,300,Cu__300,-0.0001380681767288,0.013461537770984773,0.013599605947713573,0.013599605947713573
/Users/yti0811/Desktop/FE_data/npj_CM01/NPJ_CM_Fig_Python/Public_Reproducibility_Package_V01/npjcm-free-energy-surrogate_Re3/Python_Codes/table/snapshots_split/Cu_300K_snap00006.extxyz,Cu,300,Cu__300,-0.0001441316835454,0.0133704218339612,0.0135145535175066,0.0135145535175066
/Users/yti0811/Desktop/FE_data/npj_CM01/NPJ_CM_Fig_Python/Public_Reproducibility_Package_V01/npjcm-free-energy-surrogate_Re3/Python_Codes/table/snapshots_split/Cu_300K_snap00007.extxyz,Cu,300,Cu__300,-2.4834390695018265e-05,0.013373284048038723,0.01339811843873374,0.01339811843873374
/Users/yti0811/Desktop/FE_data/npj_CM01/NPJ_CM_Fig_Python/Public_Reproducibility_Package_V01/npjcm-free-energy-surrogate_Re3/Python_Codes/table/snapshots_split/Cu_300K_snap00008.extxyz,Cu,300,Cu__300,-0.000238180985486,0.013409035591248538,0.013647216576734537,0.013647216576734537
/Users/yti0811/Desktop/FE_data/npj_CM01/NPJ_CM_Fig_Python/Public_Reproducibility_Package_V01/npjcm-free-energy-surrogate_Re3/Python_Codes/table/snapshots_split/Cu_300K_snap00009.extxyz,Cu,300,Cu__300,-8.019598707466215e-05,0.013280025168591194,0.013360221155665855,0.013360221155665855
/Users/yti0811/Desktop/FE_data/npj_CM01/NPJ_CM_Fig_Python/Public_Reproducibility_Package_V01/npjcm-free-energy-surrogate_Re3/Python_Codes/table/snapshots_split/Cu_300K_snap00010.extxyz,Cu,300,Cu__300,-0.0001265023137459,0.013478250479221151,0.01360475279296705,0.01360475279296705
/Users/yti0811/Desktop/FE_data/npj_CM01/NPJ_CM_Fig_Python/Public_Reproducibility_Package_V01/npjcm-free-energy-surrogate_Re3/Python_Codes/table/snapshots_split/Cu_300K_snap00011.extxyz,Cu,300,Cu__300,1.827875808489808e-05,0.013276780061914852,0.013258501303829953,0.013258501303829953
/Users/yti0811/Desktop/FE_data/npj_CM01/NPJ_CM_Fig_Python/Public_Reproducibility_Package_V01/npjcm-free-energy-surrogate_Re3/Python_Codes/table/snapshots_split/Cu_300K_snap00012.extxyz,Cu,300,Cu__300,0.0001495680217717,0.01351435526932815,0.01336478724755645,0.01336478724755645
/Users/yti0811/Desktop/FE_data/npj_CM01/NPJ_CM_Fig_Python/Public_Reproducibility_Package_V01/npjcm-free-energy-surrogate_Re3/Python_Codes/table/snapshots_split/Cu_300K_snap00013.extxyz,Cu,300,Cu__300,-4.285004580274644e-05,0.013462024815300861,0.013504874861103607,0.013504874861103607
/Users/yti0811/Desktop/FE_data/npj_CM01/NPJ_CM_Fig_Python/Public_Reproducibility_Package_V01/npjcm-free-energy-surrogate_Re3/Python_Codes/table/snapshots_split/Cu_300K_snap00014.extxyz,Cu,300,Cu__300,7.135879129192945e-05,0.013527244039765768,0.013455885248473838,0.013455885248473838
/Users/yti0811/Desktop/FE_data/npj_CM01/NPJ_CM_Fig_Python/Public_Reproducibility_Package_V01/npjcm-free-energy-surrogate_Re3/Python_Codes/table/snapshots_split/Cu_300K_snap00015.extxyz,Cu,300,Cu__300,-0.0001736835099469,0.01343261369691373,0.01360629720686063,0.01360629720686063
/Users/yti0811/Desktop/FE_data/npj_CM01/NPJ_CM_Fig_Python/Public_Reproducibility_Package_V01/npjcm-free-energy-surrogate_Re3/Python_Codes/table/snapshots_split/Cu_300K_snap00016.extxyz,Cu,300,Cu__300,-2.261496888823657e-05,0.013454129689758072,0.013476744658646308,0.013476744658646308
/Users/yti0811/Desktop/FE_data/npj_CM01/NPJ_CM_Fig_Python/Public_Reproducibility_Package_V01/npjcm-free-energy-surrogate_Re3/Python_Codes/table/snapshots_split/Cu_300K_snap00017.extxyz,Cu,300,Cu__300,-0.0002025064190055,0.013483534670362939,0.01368604108936844,0.01368604108936844
/Users/yti0811/Desktop/FE_data/npj_CM01/NPJ_CM_Fig_Python/Public_Reproducibility_Package_V01/npjcm-free-energy-surrogate_Re3/Python_Codes/table/snapshots_split/Cu_300K_snap00018.extxyz,Cu,300,Cu__300,2.894488743341845e-06,0.01343521243104466,0.013432317942301318,0.013432317942301318
/Users/yti0811/Desktop/FE_data/npj_CM01/NPJ_CM_Fig_Python/Public_Reproducibility_Package_V01/npjcm-free-energy-surrogate_Re3/Python_Codes/table/snapshots_split/Cu_300K_snap00019.extxyz,Cu,300,Cu__300,0.0001264141321812,0.01343118566183428,0.01330477152965308,0.01330477152965308
/Users/yti0811/Desktop/FE_data/npj_CM01/NPJ_CM_Fig_Python/Public_Reproducibility_Package_V01/npjcm-free-energy-surrogate_Re3/Python_Codes/table/snapshots_split/Cu_300K_snap00020.extxyz,Cu,300,Cu__300,6.007858174726765e-05,0.013269010646191591,0.013208932064444323,0.013208932064444323
/Users/yti0811/Desktop/FE_data/npj_CM01/NPJ_CM_Fig_Python/Public_Reproducibility_Package_V01/npjcm-free-energy-surrogate_Re3/Python_Codes/table/snapshots_split/Cu_300K_snap00021.extxyz,Cu,300,Cu__300,-0.0001051507149045,0.013564594259378313,0.013669744974282813,0.013669744974282813
/Users/yti0811/Desktop/FE_data/npj_CM01/NPJ_CM_Fig_Python/Public_Reproducibility_Package_V01/npjcm-free-energy-surrogate_Re3/Python_Codes/table/snapshots_split/Cu_300K_snap00022.extxyz,Cu,300,Cu__300,-0.0001430318746712,0.013273440544860942,0.013416472419532142,0.013416472419532142
/Users/yti0811/Desktop/FE_data/npj_CM01/NPJ_CM_Fig_Python/Public_Reproducibility_Package_V01/npjcm-free-energy-surrogate_Re3/Python_Codes/table/snapshots_split/Cu_300K_snap00023.extxyz,Cu,300,Cu__300,-0.0001043699571452,0.01336481755764256,0.01346918751478776,0.01346918751478776
/Users/yti0811/Desktop/FE_data/npj_CM01/NPJ_CM_Fig_Python/Public_Reproducibility_Package_V01/npjcm-free-energy-surrogate_Re3/Python_Codes/table/snapshots_split/Cu_300K_snap00024.extxyz,Cu,300,Cu__300,-0.0003433189154383,0.013359295135888674,0.013702614051326974,0.013702614051326974
/Users/yti0811/Desktop/FE_data/npj_CM01/NPJ_CM_Fig_Python/Public_Reproducibility_Package_V01/npjcm-free-energy-surrogate_Re3/Python_Codes/table/snapshots_split/Cu_300K_snap00025.extxyz,Cu,300,Cu__300,4.793291855963276e-05,0.013389549034558135,0.013341616115998501,0.013341616115998501
/Users/yti0811/Desktop/FE_data/npj_CM01/NPJ_CM_Fig_Python/Public_Reproducibility_Package_V01/npjcm-free-energy-surrogate_Re3/Python_Codes/table/snapshots_split/Cu_300K_snap00026.extxyz,Cu,300,Cu__300,4.456490136427292e-05,0.01355870130435452,0.013514136402990247,0.013514136402990247
/Users/yti0811/Desktop/FE_data/npj_CM01/NPJ_CM_Fig_Python/Public_Reproducibility_Package_V01/npjcm-free-energy-surrogate_Re3/Python_Codes/table/snapshots_split/Cu_300K_snap00027.extxyz,Cu,300,Cu__300,8.83919920501129e-06,0.013532357364166362,0.01352351816496135,0.01352351816496135
/Users/yti0811/Desktop/FE_data/npj_CM01/NPJ_CM_Fig_Python/Public_Reproducibility_Package_V01/npjcm-free-energy-surrogate_Re3/Python_Codes/table/snapshots_split/Cu_300K_snap00028.extxyz,Cu,300,Cu__300,-0.0001376801380676,0.013330541433907885,0.013468221571975485,0.013468221571975485
/Users/yti0811/Desktop/FE_data/npj_CM01/NPJ_CM_Fig_Python/Public_Reproducibility_Package_V01/npjcm-free-energy-surrogate_Re3/Python_Codes/table/snapshots_split/Cu_300K_snap00029.extxyz,Cu,300,Cu__300,0.0001175157849013,0.013304901705932872,0.013187385921031572,0.013187385921031572
/Users/yti0811/Desktop/FE_data/npj_CM01/NPJ_CM_Fig_Python/Public_Reproducibility_Package_V01/npjcm-free-energy-surrogate_Re3/Python_Codes/table/snapshots_split/Cu_300K_snap00030.extxyz,Cu,300,Cu__300,3.2629641190760604e-05,0.013489101847922604,0.013456472206731842,0.013456472206731842
/Users/yti0811/Desktop/FE_data/npj_CM01/NPJ_CM_Fig_Python/Public_Reproducibility_Package_V01/npjcm-free-energy-surrogate_Re3/Python_Codes/table/snapshots_split/Cu_300K_snap00031.extxyz,Cu,300,Cu__300,0.0001166750353811,0.01330220068736298,0.01318552565198188,0.01318552565198188
/Users/yti0811/Desktop/FE_data/npj_CM01/NPJ_CM_Fig_Python/Public_Reproducibility_Package_V01/npjcm-free-energy-surrogate_Re3/Python_Codes/table/snapshots_split/Cu_300K_snap00032.extxyz,Cu,300,Cu__300,0.0001233963545921,0.013522641773704344,0.013399245419112244,0.013399245419112244
/Users/yti0811/Desktop/FE_data/npj_CM01/NPJ_CM_Fig_Python/Public_Reproducibility_Package_V01/npjcm-free-energy-surrogate_Re3/Python_Codes/table/snapshots_split/Cu_300K_snap00033.extxyz,Cu,300,Cu__300,-6.804807495620792e-05,0.013286321791257829,0.013354369866214036,0.013354369866214036
/Users/yti0811/Desktop/FE_data/npj_CM01/NPJ_CM_Fig_Python/Public_Reproducibility_Package_V01/npjcm-free-energy-surrogate_Re3/Python_Codes/table/snapshots_split/Cu_300K_snap00034.extxyz,Cu,300,Cu__300,-2.171091484283351e-05,0.013333796591096726,0.013355507505939558,0.013355507505939558
/Users/yti0811/Desktop/FE_data/npj_CM01/NPJ_CM_Fig_Python/Public_Reproducibility_Package_V01/npjcm-free-energy-surrogate_Re3/Python_Codes/table/snapshots_split/Cu_300K_snap00035.extxyz,Cu,300,Cu__300,-7.812467143787528e-05,0.013181549974616834,0.013259674646054709,0.013259674646054709
/Users/yti0811/Desktop/FE_data/npj_CM01/NPJ_CM_Fig_Python/Public_Reproducibility_Package_V01/npjcm-free-energy-surrogate_Re3/Python_Codes/table/snapshots_split/Cu_300K_snap00036.extxyz,Cu,300,Cu__300,-1.8399518180295552e-06,0.013262516038714176,0.013264355990532205,0.013264355990532205
/Users/yti0811/Desktop/FE_data/npj_CM01/NPJ_CM_Fig_Python/Public_Reproducibility_Package_V01/npjcm-free-energy-surrogate_Re3/Python_Codes/table/snapshots_split/Cu_300K_snap00037.extxyz,Cu,300,Cu__300,7.006846434708222e-05,0.01342520879749217,0.013355140333145088,0.013355140333145088
/Users/yti0811/Desktop/FE_data/npj_CM01/NPJ_CM_Fig_Python/Public_Reproducibility_Package_V01/npjcm-free-energy-surrogate_Re3/Python_Codes/table/snapshots_split/Cu_300K_snap00038.extxyz,Cu,300,Cu__300,-4.205982719530822e-05,0.01326913874117807,0.013311198568373378,0.013311198568373378
/Users/yti0811/Desktop/FE_data/npj_CM01/NPJ_CM_Fig_Python/Public_Reproducibility_Package_V01/npjcm-free-energy-surrogate_Re3/Python_Codes/table/snapshots_split/Cu_300K_snap00039.extxyz,Cu,300,Cu__300,-0.0001230968265497,0.013346777141883379,0.013469873968433079,0.013469873968433079
/Users/yti0811/Desktop/FE_data/npj_CM01/NPJ_CM_Fig_Python/Public_Reproducibility_Package_V01/npjcm-free-energy-surrogate_Re3/Python_Codes/table/snapshots_split/Cu_300K_snap00040.extxyz,Cu,300,Cu__300,-7.33419055888475e-06,0.01343567532317625,0.013443009513735135,0.013443009513735135
/Users/yti0811/Desktop/FE_data/npj_CM01/NPJ_CM_Fig_Python/Public_Reproducibility_Package_V01/npjcm-free-energy-surrogate_Re3/Python_Codes/table/snapshots_split/Cu_300K_snap00041.extxyz,Cu,300,Cu__300,2.69367087137745e-05,0.013187658170291562,0.013160721461577787,0.013160721461577787
/Users/yti0811/Desktop/FE_data/npj_CM01/NPJ_CM_Fig_Python/Public_Reproducibility_Package_V01/npjcm-free-energy-surrogate_Re3/Python_Codes/table/snapshots_split/Cu_300K_snap00042.extxyz,Cu,300,Cu__300,-7.934730024152253e-06,0.013355180132861928,0.01336311486288608,0.01336311486288608
/Users/yti0811/Desktop/FE_data/npj_CM01/NPJ_CM_Fig_Python/Public_Reproducibility_Package_V01/npjcm-free-energy-surrogate_Re3/Python_Codes/table/snapshots_split/Cu_300K_snap00043.extxyz,Cu,300,Cu__300,3.492667422254457e-05,0.013413869258177462,0.013378942583954917,0.013378942583954917
/Users/yti0811/Desktop/FE_data/npj_CM01/NPJ_CM_Fig_Python/Public_Reproducibility_Package_V01/npjcm-free-energy-surrogate_Re3/Python_Codes/table/snapshots_split/Cu_300K_snap00044.extxyz,Cu,300,Cu__300,-0.0002136314523063,0.01353586764442493,0.01374949909673123,0.01374949909673123
/Users/yti0811/Desktop/FE_data/npj_CM01/NPJ_CM_Fig_Python/Public_Reproducibility_Package_V01/npjcm-free-energy-surrogate_Re3/Python_Codes/table/snapshots_split/Cu_300K_snap00045.extxyz,Cu,300,Cu__300,0.0003030698594383,0.013424914078854582,0.013121844219416283,0.013121844219416283
/Users/yti0811/Desktop/FE_data/npj_CM01/NPJ_CM_Fig_Python/Public_Reproducibility_Package_V01/npjcm-free-energy-surrogate_Re3/Python_Codes/table/snapshots_split/Cu_300K_snap00046.extxyz,Cu,300,Cu__300,1.394824209198618e-05,0.013544481532190976,0.013530533290098989,0.013530533290098989
/Users/yti0811/Desktop/FE_data/npj_CM01/NPJ_CM_Fig_Python/Public_Reproducibility_Package_V01/npjcm-free-energy-surrogate_Re3/Python_Codes/table/snapshots_split/Cu_300K_snap00047.extxyz,Cu,300,Cu__300,-0.0001316903035458,0.013303181727621318,0.013434872031167118,0.013434872031167118
/Users/yti0811/Desktop/FE_data/npj_CM01/NPJ_CM_Fig_Python/Public_Reproducibility_Package_V01/npjcm-free-energy-surrogate_Re3/Python_Codes/table/snapshots_split/Cu_300K_snap00048.extxyz,Cu,300,Cu__300,4.1243319825895305e-06,0.013393741247669962,0.013389616915687371,0.013389616915687371
/Users/yti0811/Desktop/FE_data/npj_CM01/NPJ_CM_Fig_Python/Public_Reproducibility_Package_V01/npjcm-free-energy-surrogate_Re3/Python_Codes/table/snapshots_split/Cu_300K_snap00049.extxyz,Cu,300,Cu__300,0.0001310896445429,0.013420248031356366,0.013289158386813466,0.013289158386813466
/Users/yti0811/Desktop/FE_data/npj_CM01/NPJ_CM_Fig_Python/Public_Reproducibility_Package_V01/npjcm-free-energy-surrogate_Re3/Python_Codes/table/snapshots_split/Cu_300K_snap00050.extxyz,Cu,300,Cu__300,-0.00021461292713,0.013629775723691593,0.013844388650821594,0.013844388650821594
/Users/yti0811/Desktop/FE_data/npj_CM01/NPJ_CM_Fig_Python/Public_Reproducibility_Package_V01/npjcm-free-energy-surrogate_Re3/Python_Codes/table/snapshots_split/Cu_300K_snap00051.extxyz,Cu,300,Cu__300,-4.2307867480623365e-06,0.013487335656408033,0.013491566443156095,0.013491566443156095
/Users/yti0811/Desktop/FE_data/npj_CM01/NPJ_CM_Fig_Python/Public_Reproducibility_Package_V01/npjcm-free-energy-surrogate_Re3/Python_Codes/table/snapshots_split/Cu_300K_snap00052.extxyz,Cu,300,Cu__300,-0.0002739080936277,0.013406214255615138,0.013680122349242839,0.013680122349242839
/Users/yti0811/Desktop/FE_data/npj_CM01/NPJ_CM_Fig_Python/Public_Reproducibility_Package_V01/npjcm-free-energy-surrogate_Re3/Python_Codes/table/snapshots_split/Cu_300K_snap00053.extxyz,Cu,300,Cu__300,-6.254624617697715e-05,0.013453894313301353,0.01351644055947833,0.01351644055947833
/Users/yti0811/Desktop/FE_data/npj_CM01/NPJ_CM_Fig_Python/Public_Reproducibility_Package_V01/npjcm-free-energy-surrogate_Re3/Python_Codes/table/snapshots_split/Cu_300K_snap00054.extxyz,Cu,300,Cu__300,-5.6115123155743864e-05,0.01322761051518286,0.013283725638338604,0.013283725638338604
/Users/yti0811/Desktop/FE_data/npj_CM01/NPJ_CM_Fig_Python/Public_Reproducibility_Package_V01/npjcm-free-energy-surrogate_Re3/Python_Codes/table/snapshots_split/Cu_300K_snap00055.extxyz,Cu,300,Cu__300,-5.77716217860086e-05,0.013502717357268025,0.013560488979054033,0.013560488979054033
/Users/yti0811/Desktop/FE_data/npj_CM01/NPJ_CM_Fig_Python/Public_Reproducibility_Package_V01/npjcm-free-energy-surrogate_Re3/Python_Codes/table/snapshots_split/Cu_300K_snap00056.extxyz,Cu,300,Cu__300,-8.443066127440558e-05,0.013312819294171885,0.01339724995544629,0.01339724995544629
/Users/yti0811/Desktop/FE_data/npj_CM01/NPJ_CM_Fig_Python/Public_Reproducibility_Package_V01/npjcm-free-energy-surrogate_Re3/Python_Codes/table/snapshots_split/Cu_300K_snap00057.extxyz,Cu,300,Cu__300,0.0001061966500799,0.013373343874222881,0.01326714722414298,0.01326714722414298
/Users/yti0811/Desktop/FE_data/npj_CM01/NPJ_CM_Fig_Python/Public_Reproducibility_Package_V01/npjcm-free-energy-surrogate_Re3/Python_Codes/table/snapshots_split/Cu_300K_snap00058.extxyz,Cu,300,Cu__300,-0.000281622611823,0.01341096500609626,0.01369258761791926,0.01369258761791926
/Users/yti0811/Desktop/FE_data/npj_CM01/NPJ_CM_Fig_Python/Public_Reproducibility_Package_V01/npjcm-free-energy-surrogate_Re3/Python_Codes/table/snapshots_split/Cu_300K_snap00059.extxyz,Cu,300,Cu__300,0.0001211885040572,0.013295567302265504,0.013174378798208304,0.013174378798208304
/Users/yti0811/Desktop/FE_data/npj_CM01/NPJ_CM_Fig_Python/Public_Reproducibility_Package_V01/npjcm-free-energy-surrogate_Re3/Python_Codes/table/snapshots_split/Cu_300K_snap00060.extxyz,Cu,300,Cu__300,9.663724984760146e-05,0.013435293405160384,0.013338656155312783,0.013338656155312783
/Users/yti0811/Desktop/FE_data/npj_CM01/NPJ_CM_Fig_Python/Public_Reproducibility_Package_V01/npjcm-free-energy-surrogate_Re3/Python_Codes/table/snapshots_split/Cu_300K_snap00061.extxyz,Cu,300,Cu__300,-0.0001076420654344,0.013260987299215318,0.013368629364649718,0.013368629364649718
/Users/yti0811/Desktop/FE_data/npj_CM01/NPJ_CM_Fig_Python/Public_Reproducibility_Package_V01/npjcm-free-energy-surrogate_Re3/Python_Codes/table/snapshots_split/Cu_300K_snap00062.extxyz,Cu,300,Cu__300,-2.710308841371039e-06,0.013354991637308808,0.013357701946150179,0.013357701946150179
/Users/yti0811/Desktop/FE_data/npj_CM01/NPJ_CM_Fig_Python/Public_Reproducibility_Package_V01/npjcm-free-energy-surrogate_Re3/Python_Codes/table/snapshots_split/Cu_300K_snap00063.extxyz,Cu,300,Cu__300,7.061039395449387e-05,0.01344744043019523,0.013376830036240735,0.013376830036240735
/Users/yti0811/Desktop/FE_data/npj_CM01/NPJ_CM_Fig_Python/Public_Reproducibility_Package_V01/npjcm-free-energy-surrogate_Re3/Python_Codes/table/snapshots_split/Cu_300K_snap00064.extxyz,Cu,300,Cu__300,1.4543819154320658e-05,0.013359809980595976,0.013345266161441655,0.013345266161441655
/Users/yti0811/Desktop/FE_data/npj_CM01/NPJ_CM_Fig_Python/Public_Reproducibility_Package_V01/npjcm-free-energy-surrogate_Re3/Python_Codes/table/snapshots_split/Cu_300K_snap00065.extxyz,Cu,300,Cu__300,0.0002219039512833,0.013284378982885087,0.013062475031601788,0.013062475031601788
/Users/yti0811/Desktop/FE_data/npj_CM01/NPJ_CM_Fig_Python/Public_Reproducibility_Package_V01/npjcm-free-energy-surrogate_Re3/Python_Codes/table/snapshots_split/Cu_300K_snap00066.extxyz,Cu,300,Cu__300,1.5105463451168794e-05,0.013446437917081057,0.013431332453629888,0.013431332453629888
/Users/yti0811/Desktop/FE_data/npj_CM01/NPJ_CM_Fig_Python/Public_Reproducibility_Package_V01/npjcm-free-energy-surrogate_Re3/Python_Codes/table/snapshots_split/Cu_300K_snap00067.extxyz,Cu,300,Cu__300,0.0001755975801027,0.013334866351169287,0.013159268771066587,0.013159268771066587
/Users/yti0811/Desktop/FE_data/npj_CM01/NPJ_CM_Fig_Python/Public_Reproducibility_Package_V01/npjcm-free-energy-surrogate_Re3/Python_Codes/table/snapshots_split/Cu_300K_snap00068.extxyz,Cu,300,Cu__300,-2.927553555755082e-05,0.013518619518443095,0.013547895054000645,0.013547895054000645
/Users/yti0811/Desktop/FE_data/npj_CM01/NPJ_CM_Fig_Python/Public_Reproducibility_Package_V01/npjcm-free-energy-surrogate_Re3/Python_Codes/table/snapshots_split/Cu_300K_snap00069.extxyz,Cu,300,Cu__300,-0.00012521304789,0.013318531929885748,0.013443744977775748,0.013443744977775748
/Users/yti0811/Desktop/FE_data/npj_CM01/NPJ_CM_Fig_Python/Public_Reproducibility_Package_V01/npjcm-free-energy-surrogate_Re3/Python_Codes/table/snapshots_split/Cu_300K_snap00070.extxyz,Cu,300,Cu__300,-6.844510906224456e-05,0.013432936630538614,0.013501381739600858,0.013501381739600858
/Users/yti0811/Desktop/FE_data/npj_CM01/NPJ_CM_Fig_Python/Public_Reproducibility_Package_V01/npjcm-free-energy-surrogate_Re3/Python_Codes/table/snapshots_split/Cu_300K_snap00071.extxyz,Cu,300,Cu__300,-0.0002339743844487,0.013393051840100137,0.013627026224548837,0.013627026224548837
/Users/yti0811/Desktop/FE_data/npj_CM01/NPJ_CM_Fig_Python/Public_Reproducibility_Package_V01/npjcm-free-energy-surrogate_Re3/Python_Codes/table/snapshots_split/Cu_300K_snap00072.extxyz,Cu,300,Cu__300,-0.0003530254535125,0.013411853610829824,0.013764879064342324,0.013764879064342324
/Users/yti0811/Desktop/FE_data/npj_CM01/NPJ_CM_Fig_Python/Public_Reproducibility_Package_V01/npjcm-free-energy-surrogate_Re3/Python_Codes/table/snapshots_split/Cu_300K_snap00073.extxyz,Cu,300,Cu__300,2.9225685529863916e-05,0.01335667356259828,0.013327447877068415,0.013327447877068415
/Users/yti0811/Desktop/FE_data/npj_CM01/NPJ_CM_Fig_Python/Public_Reproducibility_Package_V01/npjcm-free-energy-surrogate_Re3/Python_Codes/table/snapshots_split/Cu_300K_snap00074.extxyz,Cu,300,Cu__300,-6.461782898993811e-06,0.01346745910511541,0.013473920888014404,0.013473920888014404
/Users/yti0811/Desktop/FE_data/npj_CM01/NPJ_CM_Fig_Python/Public_Reproducibility_Package_V01/npjcm-free-energy-surrogate_Re3/Python_Codes/table/snapshots_split/Cu_300K_snap00075.extxyz,Cu,300,Cu__300,0.0002472372943622,0.013291485509453858,0.013044248215091658,0.013044248215091658
/Users/yti0811/Desktop/FE_data/npj_CM01/NPJ_CM_Fig_Python/Public_Reproducibility_Package_V01/npjcm-free-energy-surrogate_Re3/Python_Codes/table/snapshots_split/Cu_300K_snap00076.extxyz,Cu,300,Cu__300,4.817968579916397e-05,0.013172692864460244,0.01312451317866108,0.01312451317866108
/Users/yti0811/Desktop/FE_data/npj_CM01/NPJ_CM_Fig_Python/Public_Reproducibility_Package_V01/npjcm-free-energy-surrogate_Re3/Python_Codes/table/snapshots_split/Cu_300K_snap00077.extxyz,Cu,300,Cu__300,0.0001214583302164,0.013244142495670519,0.013122684165454118,0.013122684165454118
/Users/yti0811/Desktop/FE_data/npj_CM01/NPJ_CM_Fig_Python/Public_Reproducibility_Package_V01/npjcm-free-energy-surrogate_Re3/Python_Codes/table/snapshots_split/Cu_300K_snap00078.extxyz,Cu,300,Cu__300,0.0001942066155224,0.013421956741857768,0.01322775012633537,0.01322775012633537
/Users/yti0811/Desktop/FE_data/npj_CM01/NPJ_CM_Fig_Python/Public_Reproducibility_Package_V01/npjcm-free-energy-surrogate_Re3/Python_Codes/table/snapshots_split/Cu_300K_snap00079.extxyz,Cu,300,Cu__300,2.7314805713705687e-05,0.013333903732258857,0.01330658892654515,0.01330658892654515
/Users/yti0811/Desktop/FE_data/npj_CM01/NPJ_CM_Fig_Python/Public_Reproducibility_Package_V01/npjcm-free-energy-surrogate_Re3/Python_Codes/table/snapshots_split/Cu_300K_snap00080.extxyz,Cu,300,Cu__300,-0.000209200222636,0.01350849927293946,0.013717699495575459,0.013717699495575459
/Users/yti0811/Desktop/FE_data/npj_CM01/NPJ_CM_Fig_Python/Public_Reproducibility_Package_V01/npjcm-free-energy-surrogate_Re3/Python_Codes/table/snapshots_split/Cu_300K_snap00081.extxyz,Cu,300,Cu__300,0.0001581782702504,0.013431226894071616,0.013273048623821216,0.013273048623821216
/Users/yti0811/Desktop/FE_data/npj_CM01/NPJ_CM_Fig_Python/Public_Reproducibility_Package_V01/npjcm-free-energy-surrogate_Re3/Python_Codes/table/snapshots_split/Cu_300K_snap00082.extxyz,Cu,300,Cu__300,0.0001117284593656,0.013499048598839337,0.013387320139473738,0.013387320139473738
/Users/yti0811/Desktop/FE_data/npj_CM01/NPJ_CM_Fig_Python/Public_Reproducibility_Package_V01/npjcm-free-energy-surrogate_Re3/Python_Codes/table/snapshots_split/Cu_300K_snap00083.extxyz,Cu,300,Cu__300,-3.4960352709236266e-05,0.013531346061714435,0.013566306414423671,0.013566306414423671
/Users/yti0811/Desktop/FE_data/npj_CM01/NPJ_CM_Fig_Python/Public_Reproducibility_Package_V01/npjcm-free-energy-surrogate_Re3/Python_Codes/table/snapshots_split/Cu_300K_snap00084.extxyz,Cu,300,Cu__300,5.287408059649722e-05,0.013475848988480565,0.013422974907884067,0.013422974907884067
/Users/yti0811/Desktop/FE_data/npj_CM01/NPJ_CM_Fig_Python/Public_Reproducibility_Package_V01/npjcm-free-energy-surrogate_Re3/Python_Codes/table/snapshots_split/Cu_300K_snap00085.extxyz,Cu,300,Cu__300,-0.0002085575574541,0.013484001300776871,0.013692558858230971,0.013692558858230971
/Users/yti0811/Desktop/FE_data/npj_CM01/NPJ_CM_Fig_Python/Public_Reproducibility_Package_V01/npjcm-free-energy-surrogate_Re3/Python_Codes/table/snapshots_split/Cu_300K_snap00086.extxyz,Cu,300,Cu__300,1.1434745818648655e-05,0.013489454022556361,0.013478019276737712,0.013478019276737712
/Users/yti0811/Desktop/FE_data/npj_CM01/NPJ_CM_Fig_Python/Public_Reproducibility_Package_V01/npjcm-free-energy-surrogate_Re3/Python_Codes/table/snapshots_split/Cu_300K_snap00087.extxyz,Cu,300,Cu__300,-0.0001932439146118,0.013250207069734017,0.013443450984345818,0.013443450984345818
/Users/yti0811/Desktop/FE_data/npj_CM01/NPJ_CM_Fig_Python/Public_Reproducibility_Package_V01/npjcm-free-energy-surrogate_Re3/Python_Codes/table/snapshots_split/Cu_300K_snap00088.extxyz,Cu,300,Cu__300,2.7031864084024455e-05,0.013453285221244204,0.013426253357160179,0.013426253357160179
/Users/yti0811/Desktop/FE_data/npj_CM01/NPJ_CM_Fig_Python/Public_Reproducibility_Package_V01/npjcm-free-energy-surrogate_Re3/Python_Codes/table/snapshots_split/Cu_300K_snap00089.extxyz,Cu,300,Cu__300,-1.868388845195525e-05,0.013284384840129147,0.013303068728581101,0.013303068728581101
/Users/yti0811/Desktop/FE_data/npj_CM01/NPJ_CM_Fig_Python/Public_Reproducibility_Package_V01/npjcm-free-energy-surrogate_Re3/Python_Codes/table/snapshots_split/Cu_300K_snap00090.extxyz,Cu,300,Cu__300,-0.0003017237389063,0.013438438907673265,0.013740162646579564,0.013740162646579564
/Users/yti0811/Desktop/FE_data/npj_CM01/NPJ_CM_Fig_Python/Public_Reproducibility_Package_V01/npjcm-free-energy-surrogate_Re3/Python_Codes/table/snapshots_split/Cu_300K_snap00091.extxyz,Cu,300,Cu__300,0.0002215322186183,0.013370312130612278,0.013148779911993978,0.013148779911993978
/Users/yti0811/Desktop/FE_data/npj_CM01/NPJ_CM_Fig_Python/Public_Reproducibility_Package_V01/npjcm-free-energy-surrogate_Re3/Python_Codes/table/snapshots_split/Cu_300K_snap00092.extxyz,Cu,300,Cu__300,-5.890745775617602e-05,0.013347328905731044,0.01340623636348722,0.01340623636348722
/Users/yti0811/Desktop/FE_data/npj_CM01/NPJ_CM_Fig_Python/Public_Reproducibility_Package_V01/npjcm-free-energy-surrogate_Re3/Python_Codes/table/snapshots_split/Cu_300K_snap00093.extxyz,Cu,300,Cu__300,-0.0001929072752665,0.013475224961702635,0.013668132236969135,0.013668132236969135
/Users/yti0811/Desktop/FE_data/npj_CM01/NPJ_CM_Fig_Python/Public_Reproducibility_Package_V01/npjcm-free-energy-surrogate_Re3/Python_Codes/table/snapshots_split/Cu_300K_snap00094.extxyz,Cu,300,Cu__300,0.0001337777137741,0.013225943610097077,0.013092165896322977,0.013092165896322977
/Users/yti0811/Desktop/FE_data/npj_CM01/NPJ_CM_Fig_Python/Public_Reproducibility_Package_V01/npjcm-free-energy-surrogate_Re3/Python_Codes/table/snapshots_split/Cu_300K_snap00095.extxyz,Cu,300,Cu__300,8.083608572110146e-05,0.013375550798847132,0.013294714713126031,0.013294714713126031
/Users/yti0811/Desktop/FE_data/npj_CM01/NPJ_CM_Fig_Python/Public_Reproducibility_Package_V01/npjcm-free-energy-surrogate_Re3/Python_Codes/table/snapshots_split/Cu_300K_snap00096.extxyz,Cu,300,Cu__300,-0.0001675264147421,0.013348640162562314,0.013516166577304414,0.013516166577304414
/Users/yti0811/Desktop/FE_data/npj_CM01/NPJ_CM_Fig_Python/Public_Reproducibility_Package_V01/npjcm-free-energy-surrogate_Re3/Python_Codes/table/snapshots_split/Cu_300K_snap00097.extxyz,Cu,300,Cu__300,-0.0001385576597704,0.013280997413411889,0.01341955507318229,0.01341955507318229
/Users/yti0811/Desktop/FE_data/npj_CM01/NPJ_CM_Fig_Python/Public_Reproducibility_Package_V01/npjcm-free-energy-surrogate_Re3/Python_Codes/table/snapshots_split/Cu_300K_snap00098.extxyz,Cu,300,Cu__300,-0.0001113216789559,0.013249703805293351,0.01336102548424925,0.01336102548424925
/Users/yti0811/Desktop/FE_data/npj_CM01/NPJ_CM_Fig_Python/Public_Reproducibility_Package_V01/npjcm-free-energy-surrogate_Re3/Python_Codes/table/snapshots_split/Cu_300K_snap00099.extxyz,Cu,300,Cu__300,0.0002775443698026,0.013322135831107858,0.013044591461305259,0.013044591461305259
/Users/yti0811/Desktop/FE_data/npj_CM01/NPJ_CM_Fig_Python/Public_Reproducibility_Package_V01/npjcm-free-energy-surrogate_Re3/Python_Codes/table/snapshots_split/Cu_400K_snap00000.extxyz,Cu,400,Cu__400,-0.0018815391135604,0.014724405800634133,0.016605944914194534,0.016605944914194534
/Users/yti0811/Desktop/FE_data/npj_CM01/NPJ_CM_Fig_Python/Public_Reproducibility_Package_V01/npjcm-free-energy-surrogate_Re3/Python_Codes/table/snapshots_split/Cu_400K_snap00001.extxyz,Cu,400,Cu__400,-0.0019390203779696,0.014817587834972683,0.016756608212942285,0.016756608212942285
/Users/yti0811/Desktop/FE_data/npj_CM01/NPJ_CM_Fig_Python/Public_Reproducibility_Package_V01/npjcm-free-energy-surrogate_Re3/Python_Codes/table/snapshots_split/Cu_400K_snap00002.extxyz,Cu,400,Cu__400,-0.0018311852899772,0.014738370947014119,0.016569556236991318,0.016569556236991318
/Users/yti0811/Desktop/FE_data/npj_CM01/NPJ_CM_Fig_Python/Public_Reproducibility_Package_V01/npjcm-free-energy-surrogate_Re3/Python_Codes/table/snapshots_split/Cu_400K_snap00003.extxyz,Cu,400,Cu__400,-0.0022678517355427,0.014797862723868438,0.017065714459411137,0.017065714459411137
/Users/yti0811/Desktop/FE_data/npj_CM01/NPJ_CM_Fig_Python/Public_Reproducibility_Package_V01/npjcm-free-energy-surrogate_Re3/Python_Codes/table/snapshots_split/Cu_400K_snap00004.extxyz,Cu,400,Cu__400,-0.0020026771923067,0.014447401549411832,0.016450078741718534,0.016450078741718534
/Users/yti0811/Desktop/FE_data/npj_CM01/NPJ_CM_Fig_Python/Public_Reproducibility_Package_V01/npjcm-free-energy-surrogate_Re3/Python_Codes/table/snapshots_split/Cu_400K_snap00005.extxyz,Cu,400,Cu__400,-0.0022376079424515,0.015082073157202168,0.017319681099653667,0.017319681099653667
/Users/yti0811/Desktop/FE_data/npj_CM01/NPJ_CM_Fig_Python/Public_Reproducibility_Package_V01/npjcm-free-energy-surrogate_Re3/Python_Codes/table/snapshots_split/Cu_400K_snap00006.extxyz,Cu,400,Cu__400,-0.0020077207878275,0.014909028817189501,0.016916749605017,0.016916749605017
/Users/yti0811/Desktop/FE_data/npj_CM01/NPJ_CM_Fig_Python/Public_Reproducibility_Package_V01/npjcm-free-energy-surrogate_Re3/Python_Codes/table/snapshots_split/Cu_400K_snap00007.extxyz,Cu,400,Cu__400,-0.0019528601836888,0.014458206697397233,0.016411066881086032,0.016411066881086032
/Users/yti0811/Desktop/FE_data/npj_CM01/NPJ_CM_Fig_Python/Public_Reproducibility_Package_V01/npjcm-free-energy-surrogate_Re3/Python_Codes/table/snapshots_split/Cu_400K_snap00008.extxyz,Cu,400,Cu__400,-0.0017646909626725,0.014894450820438537,0.016659141783111037,0.016659141783111037
/Users/yti0811/Desktop/FE_data/npj_CM01/NPJ_CM_Fig_Python/Public_Reproducibility_Package_V01/npjcm-free-energy-surrogate_Re3/Python_Codes/table/snapshots_split/Cu_400K_snap00009.extxyz,Cu,400,Cu__400,-0.0020658085162441,0.014682627890239783,0.016748436406483883,0.016748436406483883
/Users/yti0811/Desktop/FE_data/npj_CM01/NPJ_CM_Fig_Python/Public_Reproducibility_Package_V01/npjcm-free-energy-surrogate_Re3/Python_Codes/table/snapshots_split/Cu_400K_snap00010.extxyz,Cu,400,Cu__400,-0.0020241401318643,0.014785299701901945,0.016809439833766246,0.016809439833766246
/Users/yti0811/Desktop/FE_data/npj_CM01/NPJ_CM_Fig_Python/Public_Reproducibility_Package_V01/npjcm-free-energy-surrogate_Re3/Python_Codes/table/snapshots_split/Cu_400K_snap00011.extxyz,Cu,400,Cu__400,-0.0020220638562973,0.015008053674186747,0.017030117530484046,0.017030117530484046
/Users/yti0811/Desktop/FE_data/npj_CM01/NPJ_CM_Fig_Python/Public_Reproducibility_Package_V01/npjcm-free-energy-surrogate_Re3/Python_Codes/table/snapshots_split/Cu_400K_snap00012.extxyz,Cu,400,Cu__400,-0.001849307335906,0.015028569423820559,0.01687787675972656,0.01687787675972656
/Users/yti0811/Desktop/FE_data/npj_CM01/NPJ_CM_Fig_Python/Public_Reproducibility_Package_V01/npjcm-free-energy-surrogate_Re3/Python_Codes/table/snapshots_split/Cu_400K_snap00013.extxyz,Cu,400,Cu__400,-0.0019242840421584,0.01456683881533655,0.01649112285749495,0.01649112285749495
/Users/yti0811/Desktop/FE_data/npj_CM01/NPJ_CM_Fig_Python/Public_Reproducibility_Package_V01/npjcm-free-energy-surrogate_Re3/Python_Codes/table/snapshots_split/Cu_400K_snap00014.extxyz,Cu,400,Cu__400,-0.0024276883707114,0.014951053798192284,0.017378742168903685,0.017378742168903685
/Users/yti0811/Desktop/FE_data/npj_CM01/NPJ_CM_Fig_Python/Public_Reproducibility_Package_V01/npjcm-free-energy-surrogate_Re3/Python_Codes/table/snapshots_split/Cu_400K_snap00015.extxyz,Cu,400,Cu__400,-0.0019523847583551,0.014614865201537097,0.016567249959892196,0.016567249959892196
/Users/yti0811/Desktop/FE_data/npj_CM01/NPJ_CM_Fig_Python/Public_Reproducibility_Package_V01/npjcm-free-energy-surrogate_Re3/Python_Codes/table/snapshots_split/Cu_400K_snap00016.extxyz,Cu,400,Cu__400,-0.0016566878138575,0.01468909452974011,0.01634578234359761,0.01634578234359761
/Users/yti0811/Desktop/FE_data/npj_CM01/NPJ_CM_Fig_Python/Public_Reproducibility_Package_V01/npjcm-free-energy-surrogate_Re3/Python_Codes/table/snapshots_split/Cu_400K_snap00017.extxyz,Cu,400,Cu__400,-0.0019247539980833,0.014739364671315225,0.016664118669398525,0.016664118669398525
/Users/yti0811/Desktop/FE_data/npj_CM01/NPJ_CM_Fig_Python/Public_Reproducibility_Package_V01/npjcm-free-energy-surrogate_Re3/Python_Codes/table/snapshots_split/Cu_400K_snap00018.extxyz,Cu,400,Cu__400,-0.0021015325775741,0.014887518711886734,0.016989051289460835,0.016989051289460835
/Users/yti0811/Desktop/FE_data/npj_CM01/NPJ_CM_Fig_Python/Public_Reproducibility_Package_V01/npjcm-free-energy-surrogate_Re3/Python_Codes/table/snapshots_split/Cu_400K_snap00019.extxyz,Cu,400,Cu__400,-0.0023563846440763,0.014623130461719194,0.016979515105795494,0.016979515105795494
/Users/yti0811/Desktop/FE_data/npj_CM01/NPJ_CM_Fig_Python/Public_Reproducibility_Package_V01/npjcm-free-energy-surrogate_Re3/Python_Codes/table/snapshots_split/Cu_400K_snap00020.extxyz,Cu,400,Cu__400,-0.0018564365113315,0.01479426359053717,0.01665070010186867,0.01665070010186867
/Users/yti0811/Desktop/FE_data/npj_CM01/NPJ_CM_Fig_Python/Public_Reproducibility_Package_V01/npjcm-free-energy-surrogate_Re3/Python_Codes/table/snapshots_split/Cu_400K_snap00021.extxyz,Cu,400,Cu__400,-0.0018508778397112,0.014723931745514238,0.016574809585225437,0.016574809585225437
/Users/yti0811/Desktop/FE_data/npj_CM01/NPJ_CM_Fig_Python/Public_Reproducibility_Package_V01/npjcm-free-energy-surrogate_Re3/Python_Codes/table/snapshots_split/Cu_400K_snap00022.extxyz,Cu,400,Cu__400,-0.0022334071097387,0.015143399225065992,0.017376806334804692,0.017376806334804692
/Users/yti0811/Desktop/FE_data/npj_CM01/NPJ_CM_Fig_Python/Public_Reproducibility_Package_V01/npjcm-free-energy-surrogate_Re3/Python_Codes/table/snapshots_split/Cu_400K_snap00023.extxyz,Cu,400,Cu__400,-0.0021253251424666,0.014955014637587248,0.017080339780053848,0.017080339780053848
/Users/yti0811/Desktop/FE_data/npj_CM01/NPJ_CM_Fig_Python/Public_Reproducibility_Package_V01/npjcm-free-energy-surrogate_Re3/Python_Codes/table/snapshots_split/Cu_400K_snap00024.extxyz,Cu,400,Cu__400,-0.0021906440391305,0.014786851981960681,0.016977496021091183,0.016977496021091183
/Users/yti0811/Desktop/FE_data/npj_CM01/NPJ_CM_Fig_Python/Public_Reproducibility_Package_V01/npjcm-free-energy-surrogate_Re3/Python_Codes/table/snapshots_split/Cu_400K_snap00025.extxyz,Cu,400,Cu__400,-0.0022509695214702,0.01452075616088587,0.01677172568235607,0.01677172568235607
/Users/yti0811/Desktop/FE_data/npj_CM01/NPJ_CM_Fig_Python/Public_Reproducibility_Package_V01/npjcm-free-energy-surrogate_Re3/Python_Codes/table/snapshots_split/Cu_400K_snap00026.extxyz,Cu,400,Cu__400,-0.0021330865224124,0.01465958401583492,0.01679267053824732,0.01679267053824732
/Users/yti0811/Desktop/FE_data/npj_CM01/NPJ_CM_Fig_Python/Public_Reproducibility_Package_V01/npjcm-free-energy-surrogate_Re3/Python_Codes/table/snapshots_split/Cu_400K_snap00027.extxyz,Cu,400,Cu__400,-0.0019418174696945,0.014738474060665144,0.016680291530359645,0.016680291530359645
/Users/yti0811/Desktop/FE_data/npj_CM01/NPJ_CM_Fig_Python/Public_Reproducibility_Package_V01/npjcm-free-energy-surrogate_Re3/Python_Codes/table/snapshots_split/Cu_400K_snap00028.extxyz,Cu,400,Cu__400,-0.0019499645581908,0.014792666627492172,0.016742631185682973,0.016742631185682973
/Users/yti0811/Desktop/FE_data/npj_CM01/NPJ_CM_Fig_Python/Public_Reproducibility_Package_V01/npjcm-free-energy-surrogate_Re3/Python_Codes/table/snapshots_split/Cu_400K_snap00029.extxyz,Cu,400,Cu__400,-0.0019340409741626,0.015000551655967273,0.016934592630129874,0.016934592630129874
/Users/yti0811/Desktop/FE_data/npj_CM01/NPJ_CM_Fig_Python/Public_Reproducibility_Package_V01/npjcm-free-energy-surrogate_Re3/Python_Codes/table/snapshots_split/Cu_400K_snap00030.extxyz,Cu,400,Cu__400,-0.0018907878339677,0.014999580143136041,0.01689036797710374,0.01689036797710374
/Users/yti0811/Desktop/FE_data/npj_CM01/NPJ_CM_Fig_Python/Public_Reproducibility_Package_V01/npjcm-free-energy-surrogate_Re3/Python_Codes/table/snapshots_split/Cu_400K_snap00031.extxyz,Cu,400,Cu__400,-0.0021800232412192,0.01480373031740052,0.01698375355861972,0.01698375355861972
/Users/yti0811/Desktop/FE_data/npj_CM01/NPJ_CM_Fig_Python/Public_Reproducibility_Package_V01/npjcm-free-energy-surrogate_Re3/Python_Codes/table/snapshots_split/Cu_400K_snap00032.extxyz,Cu,400,Cu__400,-0.0014593574483692,0.014735611827942897,0.016194969276312098,0.016194969276312098
/Users/yti0811/Desktop/FE_data/npj_CM01/NPJ_CM_Fig_Python/Public_Reproducibility_Package_V01/npjcm-free-energy-surrogate_Re3/Python_Codes/table/snapshots_split/Cu_400K_snap00033.extxyz,Cu,400,Cu__400,-0.0018864742892303,0.014876563894442621,0.01676303818367292,0.01676303818367292
/Users/yti0811/Desktop/FE_data/npj_CM01/NPJ_CM_Fig_Python/Public_Reproducibility_Package_V01/npjcm-free-energy-surrogate_Re3/Python_Codes/table/snapshots_split/Cu_400K_snap00034.extxyz,Cu,400,Cu__400,-0.0022058419689154,0.014499007851898123,0.016704849820813522,0.016704849820813522
/Users/yti0811/Desktop/FE_data/npj_CM01/NPJ_CM_Fig_Python/Public_Reproducibility_Package_V01/npjcm-free-energy-surrogate_Re3/Python_Codes/table/snapshots_split/Cu_400K_snap00035.extxyz,Cu,400,Cu__400,-0.0022578623667421,0.01479374942302595,0.01705161178976805,0.01705161178976805
/Users/yti0811/Desktop/FE_data/npj_CM01/NPJ_CM_Fig_Python/Public_Reproducibility_Package_V01/npjcm-free-energy-surrogate_Re3/Python_Codes/table/snapshots_split/Cu_400K_snap00036.extxyz,Cu,400,Cu__400,-0.0021211389673529,0.014886367935527615,0.017007506902880516,0.017007506902880516
/Users/yti0811/Desktop/FE_data/npj_CM01/NPJ_CM_Fig_Python/Public_Reproducibility_Package_V01/npjcm-free-energy-surrogate_Re3/Python_Codes/table/snapshots_split/Cu_400K_snap00037.extxyz,Cu,400,Cu__400,-0.0022791738253307,0.015078054139689328,0.01735722796502003,0.01735722796502003
/Users/yti0811/Desktop/FE_data/npj_CM01/NPJ_CM_Fig_Python/Public_Reproducibility_Package_V01/npjcm-free-energy-surrogate_Re3/Python_Codes/table/snapshots_split/Cu_400K_snap00038.extxyz,Cu,400,Cu__400,-0.0018901123503467,0.014794704731590428,0.01668481708193713,0.01668481708193713
/Users/yti0811/Desktop/FE_data/npj_CM01/NPJ_CM_Fig_Python/Public_Reproducibility_Package_V01/npjcm-free-energy-surrogate_Re3/Python_Codes/table/snapshots_split/Cu_400K_snap00039.extxyz,Cu,400,Cu__400,-0.001999795181661,0.01480043523426709,0.01680023041592809,0.01680023041592809
/Users/yti0811/Desktop/FE_data/npj_CM01/NPJ_CM_Fig_Python/Public_Reproducibility_Package_V01/npjcm-free-energy-surrogate_Re3/Python_Codes/table/snapshots_split/Cu_400K_snap00040.extxyz,Cu,400,Cu__400,-0.0017303264824564,0.014916365801498941,0.01664669228395534,0.01664669228395534
/Users/yti0811/Desktop/FE_data/npj_CM01/NPJ_CM_Fig_Python/Public_Reproducibility_Package_V01/npjcm-free-energy-surrogate_Re3/Python_Codes/table/snapshots_split/Cu_400K_snap00041.extxyz,Cu,400,Cu__400,-0.002046633240285,0.014848141586239894,0.016894774826524895,0.016894774826524895
/Users/yti0811/Desktop/FE_data/npj_CM01/NPJ_CM_Fig_Python/Public_Reproducibility_Package_V01/npjcm-free-energy-surrogate_Re3/Python_Codes/table/snapshots_split/Cu_400K_snap00042.extxyz,Cu,400,Cu__400,-0.0018059081442278,0.014851813133041486,0.016657721277269284,0.016657721277269284
/Users/yti0811/Desktop/FE_data/npj_CM01/NPJ_CM_Fig_Python/Public_Reproducibility_Package_V01/npjcm-free-energy-surrogate_Re3/Python_Codes/table/snapshots_split/Cu_400K_snap00043.extxyz,Cu,400,Cu__400,-0.0021994185055054,0.015050366525806458,0.01724978503131186,0.01724978503131186
/Users/yti0811/Desktop/FE_data/npj_CM01/NPJ_CM_Fig_Python/Public_Reproducibility_Package_V01/npjcm-free-energy-surrogate_Re3/Python_Codes/table/snapshots_split/Cu_400K_snap00044.extxyz,Cu,400,Cu__400,-0.002124952840504,0.014706201216759772,0.01683115405726377,0.01683115405726377
/Users/yti0811/Desktop/FE_data/npj_CM01/NPJ_CM_Fig_Python/Public_Reproducibility_Package_V01/npjcm-free-energy-surrogate_Re3/Python_Codes/table/snapshots_split/Cu_400K_snap00045.extxyz,Cu,400,Cu__400,-0.0018857676028676,0.015042952646557858,0.016928720249425457,0.016928720249425457
/Users/yti0811/Desktop/FE_data/npj_CM01/NPJ_CM_Fig_Python/Public_Reproducibility_Package_V01/npjcm-free-energy-surrogate_Re3/Python_Codes/table/snapshots_split/Cu_400K_snap00046.extxyz,Cu,400,Cu__400,-0.0018766578339617,0.014498987969790435,0.016375645803752135,0.016375645803752135
/Users/yti0811/Desktop/FE_data/npj_CM01/NPJ_CM_Fig_Python/Public_Reproducibility_Package_V01/npjcm-free-energy-surrogate_Re3/Python_Codes/table/snapshots_split/Cu_400K_snap00047.extxyz,Cu,400,Cu__400,-0.0022149602158201,0.015022809369790288,0.017237769585610387,0.017237769585610387
/Users/yti0811/Desktop/FE_data/npj_CM01/NPJ_CM_Fig_Python/Public_Reproducibility_Package_V01/npjcm-free-energy-surrogate_Re3/Python_Codes/table/snapshots_split/Cu_400K_snap00048.extxyz,Cu,400,Cu__400,-0.0019291277178887,0.014696689057775046,0.016625816775663747,0.016625816775663747
/Users/yti0811/Desktop/FE_data/npj_CM01/NPJ_CM_Fig_Python/Public_Reproducibility_Package_V01/npjcm-free-energy-surrogate_Re3/Python_Codes/table/snapshots_split/Cu_400K_snap00049.extxyz,Cu,400,Cu__400,-0.0020645221125667,0.014666963785579166,0.016731485898145868,0.016731485898145868
/Users/yti0811/Desktop/FE_data/npj_CM01/NPJ_CM_Fig_Python/Public_Reproducibility_Package_V01/npjcm-free-energy-surrogate_Re3/Python_Codes/table/snapshots_split/Cu_400K_snap00050.extxyz,Cu,400,Cu__400,-0.0019298843618509,0.015000702069913928,0.01693058643176483,0.01693058643176483
/Users/yti0811/Desktop/FE_data/npj_CM01/NPJ_CM_Fig_Python/Public_Reproducibility_Package_V01/npjcm-free-energy-surrogate_Re3/Python_Codes/table/snapshots_split/Cu_400K_snap00051.extxyz,Cu,400,Cu__400,-0.0020417084754011,0.014798614719473585,0.016840323194874683,0.016840323194874683
/Users/yti0811/Desktop/FE_data/npj_CM01/NPJ_CM_Fig_Python/Public_Reproducibility_Package_V01/npjcm-free-energy-surrogate_Re3/Python_Codes/table/snapshots_split/Cu_400K_snap00052.extxyz,Cu,400,Cu__400,-0.002247649306609,0.014868332867699912,0.017115982174308913,0.017115982174308913
/Users/yti0811/Desktop/FE_data/npj_CM01/NPJ_CM_Fig_Python/Public_Reproducibility_Package_V01/npjcm-free-energy-surrogate_Re3/Python_Codes/table/snapshots_split/Cu_400K_snap00053.extxyz,Cu,400,Cu__400,-0.0019403062353351,0.014735462208502761,0.016675768443837863,0.016675768443837863
/Users/yti0811/Desktop/FE_data/npj_CM01/NPJ_CM_Fig_Python/Public_Reproducibility_Package_V01/npjcm-free-energy-surrogate_Re3/Python_Codes/table/snapshots_split/Cu_400K_snap00054.extxyz,Cu,400,Cu__400,-0.0017575200802433,0.01465115666191721,0.01640867674216051,0.01640867674216051
/Users/yti0811/Desktop/FE_data/npj_CM01/NPJ_CM_Fig_Python/Public_Reproducibility_Package_V01/npjcm-free-energy-surrogate_Re3/Python_Codes/table/snapshots_split/Cu_400K_snap00055.extxyz,Cu,400,Cu__400,-0.0018673224033309,0.014558508840114956,0.016425831243445856,0.016425831243445856
/Users/yti0811/Desktop/FE_data/npj_CM01/NPJ_CM_Fig_Python/Public_Reproducibility_Package_V01/npjcm-free-energy-surrogate_Re3/Python_Codes/table/snapshots_split/Cu_400K_snap00056.extxyz,Cu,400,Cu__400,-0.0019137905673898,0.014856528550407665,0.016770319117797465,0.016770319117797465
/Users/yti0811/Desktop/FE_data/npj_CM01/NPJ_CM_Fig_Python/Public_Reproducibility_Package_V01/npjcm-free-energy-surrogate_Re3/Python_Codes/table/snapshots_split/Cu_400K_snap00057.extxyz,Cu,400,Cu__400,-0.0016904806149082,0.014721318960346383,0.01641179957525458,0.01641179957525458
/Users/yti0811/Desktop/FE_data/npj_CM01/NPJ_CM_Fig_Python/Public_Reproducibility_Package_V01/npjcm-free-energy-surrogate_Re3/Python_Codes/table/snapshots_split/Cu_400K_snap00058.extxyz,Cu,400,Cu__400,-0.0018900497935629,0.014769990447152109,0.016660040240715008,0.016660040240715008
/Users/yti0811/Desktop/FE_data/npj_CM01/NPJ_CM_Fig_Python/Public_Reproducibility_Package_V01/npjcm-free-energy-surrogate_Re3/Python_Codes/table/snapshots_split/Cu_400K_snap00059.extxyz,Cu,400,Cu__400,-0.0019527889337469,0.01491420271382637,0.01686699164757327,0.01686699164757327
/Users/yti0811/Desktop/FE_data/npj_CM01/NPJ_CM_Fig_Python/Public_Reproducibility_Package_V01/npjcm-free-energy-surrogate_Re3/Python_Codes/table/snapshots_split/Cu_400K_snap00060.extxyz,Cu,400,Cu__400,-0.0019822747582525,0.014842671961231593,0.01682494671948409,0.01682494671948409
/Users/yti0811/Desktop/FE_data/npj_CM01/NPJ_CM_Fig_Python/Public_Reproducibility_Package_V01/npjcm-free-energy-surrogate_Re3/Python_Codes/table/snapshots_split/Cu_400K_snap00061.extxyz,Cu,400,Cu__400,-0.0017785470174111,0.015073762705438682,0.016852309722849783,0.016852309722849783
/Users/yti0811/Desktop/FE_data/npj_CM01/NPJ_CM_Fig_Python/Public_Reproducibility_Package_V01/npjcm-free-energy-surrogate_Re3/Python_Codes/table/snapshots_split/Cu_400K_snap00062.extxyz,Cu,400,Cu__400,-0.0019247389630541,0.014835382541256392,0.016760121504310492,0.016760121504310492
/Users/yti0811/Desktop/FE_data/npj_CM01/NPJ_CM_Fig_Python/Public_Reproducibility_Package_V01/npjcm-free-energy-surrogate_Re3/Python_Codes/table/snapshots_split/Cu_400K_snap00063.extxyz,Cu,400,Cu__400,-0.0021250811894231,0.014955534315976328,0.017080615505399428,0.017080615505399428
/Users/yti0811/Desktop/FE_data/npj_CM01/NPJ_CM_Fig_Python/Public_Reproducibility_Package_V01/npjcm-free-energy-surrogate_Re3/Python_Codes/table/snapshots_split/Cu_400K_snap00064.extxyz,Cu,400,Cu__400,-0.0022421990878651,0.014855761264189056,0.017097960352054156,0.017097960352054156
/Users/yti0811/Desktop/FE_data/npj_CM01/NPJ_CM_Fig_Python/Public_Reproducibility_Package_V01/npjcm-free-energy-surrogate_Re3/Python_Codes/table/snapshots_split/Cu_400K_snap00065.extxyz,Cu,400,Cu__400,-0.0014169919704909,0.014707661436328137,0.016124653406819036,0.016124653406819036
/Users/yti0811/Desktop/FE_data/npj_CM01/NPJ_CM_Fig_Python/Public_Reproducibility_Package_V01/npjcm-free-energy-surrogate_Re3/Python_Codes/table/snapshots_split/Cu_400K_snap00066.extxyz,Cu,400,Cu__400,-0.0017588514239963,0.01458349743180976,0.01634234885580606,0.01634234885580606
/Users/yti0811/Desktop/FE_data/npj_CM01/NPJ_CM_Fig_Python/Public_Reproducibility_Package_V01/npjcm-free-energy-surrogate_Re3/Python_Codes/table/snapshots_split/Cu_400K_snap00067.extxyz,Cu,400,Cu__400,-0.0018029902994545,0.014887185047310883,0.016690175346765382,0.016690175346765382
/Users/yti0811/Desktop/FE_data/npj_CM01/NPJ_CM_Fig_Python/Public_Reproducibility_Package_V01/npjcm-free-energy-surrogate_Re3/Python_Codes/table/snapshots_split/Cu_400K_snap00068.extxyz,Cu,400,Cu__400,-0.0018789223995159,0.014658998391430896,0.016537920790946795,0.016537920790946795
/Users/yti0811/Desktop/FE_data/npj_CM01/NPJ_CM_Fig_Python/Public_Reproducibility_Package_V01/npjcm-free-energy-surrogate_Re3/Python_Codes/table/snapshots_split/Cu_400K_snap00069.extxyz,Cu,400,Cu__400,-0.0018767398139329,0.014807632030148435,0.016684371844081336,0.016684371844081336
/Users/yti0811/Desktop/FE_data/npj_CM01/NPJ_CM_Fig_Python/Public_Reproducibility_Package_V01/npjcm-free-energy-surrogate_Re3/Python_Codes/table/snapshots_split/Cu_400K_snap00070.extxyz,Cu,400,Cu__400,-0.0019159223018805,0.01492671096543617,0.016842633267316668,0.016842633267316668
/Users/yti0811/Desktop/FE_data/npj_CM01/NPJ_CM_Fig_Python/Public_Reproducibility_Package_V01/npjcm-free-energy-surrogate_Re3/Python_Codes/table/snapshots_split/Cu_400K_snap00071.extxyz,Cu,400,Cu__400,-0.0021640694281574,0.014732362154469037,0.016896431582626437,0.016896431582626437
/Users/yti0811/Desktop/FE_data/npj_CM01/NPJ_CM_Fig_Python/Public_Reproducibility_Package_V01/npjcm-free-energy-surrogate_Re3/Python_Codes/table/snapshots_split/Cu_400K_snap00072.extxyz,Cu,400,Cu__400,-0.0018596552544742,0.014747818453316712,0.01660747370779091,0.01660747370779091
/Users/yti0811/Desktop/FE_data/npj_CM01/NPJ_CM_Fig_Python/Public_Reproducibility_Package_V01/npjcm-free-energy-surrogate_Re3/Python_Codes/table/snapshots_split/Cu_400K_snap00073.extxyz,Cu,400,Cu__400,-0.0020566868353668,0.015147686087864026,0.017204372923230824,0.017204372923230824
/Users/yti0811/Desktop/FE_data/npj_CM01/NPJ_CM_Fig_Python/Public_Reproducibility_Package_V01/npjcm-free-energy-surrogate_Re3/Python_Codes/table/snapshots_split/Cu_400K_snap00074.extxyz,Cu,400,Cu__400,-0.0023721297915826,0.014946209327712472,0.017318339119295072,0.017318339119295072
/Users/yti0811/Desktop/FE_data/npj_CM01/NPJ_CM_Fig_Python/Public_Reproducibility_Package_V01/npjcm-free-energy-surrogate_Re3/Python_Codes/table/snapshots_split/Cu_400K_snap00075.extxyz,Cu,400,Cu__400,-0.0023688270722716,0.015008333366696212,0.017377160438967813,0.017377160438967813
/Users/yti0811/Desktop/FE_data/npj_CM01/NPJ_CM_Fig_Python/Public_Reproducibility_Package_V01/npjcm-free-energy-surrogate_Re3/Python_Codes/table/snapshots_split/Cu_400K_snap00076.extxyz,Cu,400,Cu__400,-0.0018085049025913,0.014827826631002046,0.016636331533593347,0.016636331533593347
/Users/yti0811/Desktop/FE_data/npj_CM01/NPJ_CM_Fig_Python/Public_Reproducibility_Package_V01/npjcm-free-energy-surrogate_Re3/Python_Codes/table/snapshots_split/Cu_400K_snap00077.extxyz,Cu,400,Cu__400,-0.0021133041598568,0.014714943645181378,0.01682824780503818,0.01682824780503818
/Users/yti0811/Desktop/FE_data/npj_CM01/NPJ_CM_Fig_Python/Public_Reproducibility_Package_V01/npjcm-free-energy-surrogate_Re3/Python_Codes/table/snapshots_split/Cu_400K_snap00078.extxyz,Cu,400,Cu__400,-0.0022624166001055,0.014875306665693443,0.017137723265798942,0.017137723265798942
/Users/yti0811/Desktop/FE_data/npj_CM01/NPJ_CM_Fig_Python/Public_Reproducibility_Package_V01/npjcm-free-energy-surrogate_Re3/Python_Codes/table/snapshots_split/Cu_400K_snap00079.extxyz,Cu,400,Cu__400,-0.0019345095796463,0.014546143176759953,0.016480652756406252,0.016480652756406252
/Users/yti0811/Desktop/FE_data/npj_CM01/NPJ_CM_Fig_Python/Public_Reproducibility_Package_V01/npjcm-free-energy-surrogate_Re3/Python_Codes/table/snapshots_split/Cu_400K_snap00080.extxyz,Cu,400,Cu__400,-0.0019824210738708,0.014884745810806026,0.016867166884676828,0.016867166884676828
/Users/yti0811/Desktop/FE_data/npj_CM01/NPJ_CM_Fig_Python/Public_Reproducibility_Package_V01/npjcm-free-energy-surrogate_Re3/Python_Codes/table/snapshots_split/Cu_400K_snap00081.extxyz,Cu,400,Cu__400,-0.0018796379801781,0.014635048550504253,0.016514686530682353,0.016514686530682353
/Users/yti0811/Desktop/FE_data/npj_CM01/NPJ_CM_Fig_Python/Public_Reproducibility_Package_V01/npjcm-free-energy-surrogate_Re3/Python_Codes/table/snapshots_split/Cu_400K_snap00082.extxyz,Cu,400,Cu__400,-0.0019800227825434,0.014785433010697919,0.01676545579324132,0.01676545579324132
/Users/yti0811/Desktop/FE_data/npj_CM01/NPJ_CM_Fig_Python/Public_Reproducibility_Package_V01/npjcm-free-energy-surrogate_Re3/Python_Codes/table/snapshots_split/Cu_400K_snap00083.extxyz,Cu,400,Cu__400,-0.0018891423778923,0.014745426529638974,0.016634568907531275,0.016634568907531275
/Users/yti0811/Desktop/FE_data/npj_CM01/NPJ_CM_Fig_Python/Public_Reproducibility_Package_V01/npjcm-free-energy-surrogate_Re3/Python_Codes/table/snapshots_split/Cu_400K_snap00084.extxyz,Cu,400,Cu__400,-0.001932993536192,0.014955461223167625,0.016888454759359624,0.016888454759359624
/Users/yti0811/Desktop/FE_data/npj_CM01/NPJ_CM_Fig_Python/Public_Reproducibility_Package_V01/npjcm-free-energy-surrogate_Re3/Python_Codes/table/snapshots_split/Cu_400K_snap00085.extxyz,Cu,400,Cu__400,-0.001881134726481,0.014945303170102417,0.016826437896583418,0.016826437896583418
/Users/yti0811/Desktop/FE_data/npj_CM01/NPJ_CM_Fig_Python/Public_Reproducibility_Package_V01/npjcm-free-energy-surrogate_Re3/Python_Codes/table/snapshots_split/Cu_400K_snap00086.extxyz,Cu,400,Cu__400,-0.0020754687029604,0.014827253004928051,0.016902721707888452,0.016902721707888452
/Users/yti0811/Desktop/FE_data/npj_CM01/NPJ_CM_Fig_Python/Public_Reproducibility_Package_V01/npjcm-free-energy-surrogate_Re3/Python_Codes/table/snapshots_split/Cu_400K_snap00087.extxyz,Cu,400,Cu__400,-0.0018802314251686,0.014899391070227646,0.016779622495396246,0.016779622495396246
/Users/yti0811/Desktop/FE_data/npj_CM01/NPJ_CM_Fig_Python/Public_Reproducibility_Package_V01/npjcm-free-energy-surrogate_Re3/Python_Codes/table/snapshots_split/Cu_400K_snap00088.extxyz,Cu,400,Cu__400,-0.0019950990436408,0.014806724393176016,0.016801823436816816,0.016801823436816816
/Users/yti0811/Desktop/FE_data/npj_CM01/NPJ_CM_Fig_Python/Public_Reproducibility_Package_V01/npjcm-free-energy-surrogate_Re3/Python_Codes/table/snapshots_split/Cu_400K_snap00089.extxyz,Cu,400,Cu__400,-0.0020782406508206,0.014588413612688178,0.016666654263508777,0.016666654263508777
/Users/yti0811/Desktop/FE_data/npj_CM01/NPJ_CM_Fig_Python/Public_Reproducibility_Package_V01/npjcm-free-energy-surrogate_Re3/Python_Codes/table/snapshots_split/Cu_400K_snap00090.extxyz,Cu,400,Cu__400,-0.0020827365156197,0.014909914864306059,0.01699265137992576,0.01699265137992576
/Users/yti0811/Desktop/FE_data/npj_CM01/NPJ_CM_Fig_Python/Public_Reproducibility_Package_V01/npjcm-free-energy-surrogate_Re3/Python_Codes/table/snapshots_split/Cu_400K_snap00091.extxyz,Cu,400,Cu__400,-0.0018635271039042,0.014818916081479432,0.016682443185383634,0.016682443185383634
/Users/yti0811/Desktop/FE_data/npj_CM01/NPJ_CM_Fig_Python/Public_Reproducibility_Package_V01/npjcm-free-energy-surrogate_Re3/Python_Codes/table/snapshots_split/Cu_400K_snap00092.extxyz,Cu,400,Cu__400,-0.0017727943749643,0.014604400025189725,0.016377194400154026,0.016377194400154026
/Users/yti0811/Desktop/FE_data/npj_CM01/NPJ_CM_Fig_Python/Public_Reproducibility_Package_V01/npjcm-free-energy-surrogate_Re3/Python_Codes/table/snapshots_split/Cu_400K_snap00093.extxyz,Cu,400,Cu__400,-0.0018093096094076,0.014923622292669289,0.01673293190207689,0.01673293190207689
/Users/yti0811/Desktop/FE_data/npj_CM01/NPJ_CM_Fig_Python/Public_Reproducibility_Package_V01/npjcm-free-energy-surrogate_Re3/Python_Codes/table/snapshots_split/Cu_400K_snap00094.extxyz,Cu,400,Cu__400,-0.0017224771247286,0.014822289381546167,0.016544766506274768,0.016544766506274768
/Users/yti0811/Desktop/FE_data/npj_CM01/NPJ_CM_Fig_Python/Public_Reproducibility_Package_V01/npjcm-free-energy-surrogate_Re3/Python_Codes/table/snapshots_split/Cu_400K_snap00095.extxyz,Cu,400,Cu__400,-0.0021811707753998,0.014772692350010509,0.01695386312541031,0.01695386312541031
/Users/yti0811/Desktop/FE_data/npj_CM01/NPJ_CM_Fig_Python/Public_Reproducibility_Package_V01/npjcm-free-energy-surrogate_Re3/Python_Codes/table/snapshots_split/Cu_400K_snap00096.extxyz,Cu,400,Cu__400,-0.0018458537032199,0.014740012670486064,0.016585866373705963,0.016585866373705963
/Users/yti0811/Desktop/FE_data/npj_CM01/NPJ_CM_Fig_Python/Public_Reproducibility_Package_V01/npjcm-free-energy-surrogate_Re3/Python_Codes/table/snapshots_split/Cu_400K_snap00097.extxyz,Cu,400,Cu__400,-0.0018251046971449,0.014795139162575025,0.016620243859719927,0.016620243859719927
/Users/yti0811/Desktop/FE_data/npj_CM01/NPJ_CM_Fig_Python/Public_Reproducibility_Package_V01/npjcm-free-energy-surrogate_Re3/Python_Codes/table/snapshots_split/Cu_400K_snap00098.extxyz,Cu,400,Cu__400,-0.0022144635626162,0.014914750914824809,0.017129214477441007,0.017129214477441007
/Users/yti0811/Desktop/FE_data/npj_CM01/NPJ_CM_Fig_Python/Public_Reproducibility_Package_V01/npjcm-free-energy-surrogate_Re3/Python_Codes/table/snapshots_split/Cu_400K_snap00099.extxyz,Cu,400,Cu__400,-0.0019960062107595,0.014890988106396648,0.016886994317156147,0.016886994317156147
/Users/yti0811/Desktop/FE_data/npj_CM01/NPJ_CM_Fig_Python/Public_Reproducibility_Package_V01/npjcm-free-energy-surrogate_Re3/Python_Codes/table/snapshots_split/Cu_500K_snap00000.extxyz,Cu,500,Cu__500,-0.0047189271373322,0.016670190955554158,0.021389118092886357,0.021389118092886357
/Users/yti0811/Desktop/FE_data/npj_CM01/NPJ_CM_Fig_Python/Public_Reproducibility_Package_V01/npjcm-free-energy-surrogate_Re3/Python_Codes/table/snapshots_split/Cu_500K_snap00001.extxyz,Cu,500,Cu__500,-0.0047570061883406,0.016574610068385495,0.021331616256726096,0.021331616256726096
/Users/yti0811/Desktop/FE_data/npj_CM01/NPJ_CM_Fig_Python/Public_Reproducibility_Package_V01/npjcm-free-energy-surrogate_Re3/Python_Codes/table/snapshots_split/Cu_500K_snap00002.extxyz,Cu,500,Cu__500,-0.0041794971410505,0.016644448924462023,0.020823946065512522,0.020823946065512522
/Users/yti0811/Desktop/FE_data/npj_CM01/NPJ_CM_Fig_Python/Public_Reproducibility_Package_V01/npjcm-free-energy-surrogate_Re3/Python_Codes/table/snapshots_split/Cu_500K_snap00003.extxyz,Cu,500,Cu__500,-0.0048354968138628,0.01677014759469965,0.021605644408562448,0.021605644408562448
/Users/yti0811/Desktop/FE_data/npj_CM01/NPJ_CM_Fig_Python/Public_Reproducibility_Package_V01/npjcm-free-energy-surrogate_Re3/Python_Codes/table/snapshots_split/Cu_500K_snap00004.extxyz,Cu,500,Cu__500,-0.0048253917339348,0.016895833104773994,0.021721224838708794,0.021721224838708794
/Users/yti0811/Desktop/FE_data/npj_CM01/NPJ_CM_Fig_Python/Public_Reproducibility_Package_V01/npjcm-free-energy-surrogate_Re3/Python_Codes/table/snapshots_split/Cu_500K_snap00005.extxyz,Cu,500,Cu__500,-0.0043270197642727,0.01679037559757797,0.02111739536185067,0.02111739536185067
/Users/yti0811/Desktop/FE_data/npj_CM01/NPJ_CM_Fig_Python/Public_Reproducibility_Package_V01/npjcm-free-energy-surrogate_Re3/Python_Codes/table/snapshots_split/Cu_500K_snap00006.extxyz,Cu,500,Cu__500,-0.0044758499573384,0.016818424274271805,0.021294274231610205,0.021294274231610205
/Users/yti0811/Desktop/FE_data/npj_CM01/NPJ_CM_Fig_Python/Public_Reproducibility_Package_V01/npjcm-free-energy-surrogate_Re3/Python_Codes/table/snapshots_split/Cu_500K_snap00007.extxyz,Cu,500,Cu__500,-0.0043989978192228,0.01686348482688058,0.02126248264610338,0.02126248264610338
/Users/yti0811/Desktop/FE_data/npj_CM01/NPJ_CM_Fig_Python/Public_Reproducibility_Package_V01/npjcm-free-energy-surrogate_Re3/Python_Codes/table/snapshots_split/Cu_500K_snap00008.extxyz,Cu,500,Cu__500,-0.0042933279661533,0.016936090946217185,0.021229418912370485,0.021229418912370485
/Users/yti0811/Desktop/FE_data/npj_CM01/NPJ_CM_Fig_Python/Public_Reproducibility_Package_V01/npjcm-free-energy-surrogate_Re3/Python_Codes/table/snapshots_split/Cu_500K_snap00009.extxyz,Cu,500,Cu__500,-0.0043845864389145,0.0166412148047195,0.021025801243634,0.021025801243634
/Users/yti0811/Desktop/FE_data/npj_CM01/NPJ_CM_Fig_Python/Public_Reproducibility_Package_V01/npjcm-free-energy-surrogate_Re3/Python_Codes/table/snapshots_split/Cu_500K_snap00010.extxyz,Cu,500,Cu__500,-0.0044965860962759,0.01677398375555816,0.02127056985183406,0.02127056985183406
/Users/yti0811/Desktop/FE_data/npj_CM01/NPJ_CM_Fig_Python/Public_Reproducibility_Package_V01/npjcm-free-energy-surrogate_Re3/Python_Codes/table/snapshots_split/Cu_500K_snap00011.extxyz,Cu,500,Cu__500,-0.0040465765447325,0.01697824983903201,0.02102482638376451,0.02102482638376451
/Users/yti0811/Desktop/FE_data/npj_CM01/NPJ_CM_Fig_Python/Public_Reproducibility_Package_V01/npjcm-free-energy-surrogate_Re3/Python_Codes/table/snapshots_split/Cu_500K_snap00012.extxyz,Cu,500,Cu__500,-0.0042501172119102,0.016810822745642842,0.02106093995755304,0.02106093995755304
/Users/yti0811/Desktop/FE_data/npj_CM01/NPJ_CM_Fig_Python/Public_Reproducibility_Package_V01/npjcm-free-energy-surrogate_Re3/Python_Codes/table/snapshots_split/Cu_500K_snap00013.extxyz,Cu,500,Cu__500,-0.0047613384787874,0.016883194524537154,0.021644533003324553,0.021644533003324553
/Users/yti0811/Desktop/FE_data/npj_CM01/NPJ_CM_Fig_Python/Public_Reproducibility_Package_V01/npjcm-free-energy-surrogate_Re3/Python_Codes/table/snapshots_split/Cu_500K_snap00014.extxyz,Cu,500,Cu__500,-0.0046263393788041,0.01667809737637929,0.02130443675518339,0.02130443675518339
/Users/yti0811/Desktop/FE_data/npj_CM01/NPJ_CM_Fig_Python/Public_Reproducibility_Package_V01/npjcm-free-energy-surrogate_Re3/Python_Codes/table/snapshots_split/Cu_500K_snap00015.extxyz,Cu,500,Cu__500,-0.004481808912132,0.01673309463385095,0.02121490354598295,0.02121490354598295
/Users/yti0811/Desktop/FE_data/npj_CM01/NPJ_CM_Fig_Python/Public_Reproducibility_Package_V01/npjcm-free-energy-surrogate_Re3/Python_Codes/table/snapshots_split/Cu_500K_snap00016.extxyz,Cu,500,Cu__500,-0.0046173134449984,0.01667857664631349,0.02129589009131189,0.02129589009131189
/Users/yti0811/Desktop/FE_data/npj_CM01/NPJ_CM_Fig_Python/Public_Reproducibility_Package_V01/npjcm-free-energy-surrogate_Re3/Python_Codes/table/snapshots_split/Cu_500K_snap00017.extxyz,Cu,500,Cu__500,-0.004490384299034,0.01685945320173152,0.02134983750076552,0.02134983750076552
/Users/yti0811/Desktop/FE_data/npj_CM01/NPJ_CM_Fig_Python/Public_Reproducibility_Package_V01/npjcm-free-energy-surrogate_Re3/Python_Codes/table/snapshots_split/Cu_500K_snap00018.extxyz,Cu,500,Cu__500,-0.0049335013707424,0.01672621375963135,0.02165971513037375,0.02165971513037375
/Users/yti0811/Desktop/FE_data/npj_CM01/NPJ_CM_Fig_Python/Public_Reproducibility_Package_V01/npjcm-free-energy-surrogate_Re3/Python_Codes/table/snapshots_split/Cu_500K_snap00019.extxyz,Cu,500,Cu__500,-0.0045142168506231,0.01713414382160364,0.02164836067222674,0.02164836067222674
/Users/yti0811/Desktop/FE_data/npj_CM01/NPJ_CM_Fig_Python/Public_Reproducibility_Package_V01/npjcm-free-energy-surrogate_Re3/Python_Codes/table/snapshots_split/Cu_500K_snap00020.extxyz,Cu,500,Cu__500,-0.0045336890025921,0.016621398143886596,0.021155087146478697,0.021155087146478697
/Users/yti0811/Desktop/FE_data/npj_CM01/NPJ_CM_Fig_Python/Public_Reproducibility_Package_V01/npjcm-free-energy-surrogate_Re3/Python_Codes/table/snapshots_split/Cu_500K_snap00021.extxyz,Cu,500,Cu__500,-0.0045126072492593,0.016773762657502626,0.021286369906761925,0.021286369906761925
/Users/yti0811/Desktop/FE_data/npj_CM01/NPJ_CM_Fig_Python/Public_Reproducibility_Package_V01/npjcm-free-energy-surrogate_Re3/Python_Codes/table/snapshots_split/Cu_500K_snap00022.extxyz,Cu,500,Cu__500,-0.0043235923462172,0.01703781007008506,0.021361402416302258,0.021361402416302258
/Users/yti0811/Desktop/FE_data/npj_CM01/NPJ_CM_Fig_Python/Public_Reproducibility_Package_V01/npjcm-free-energy-surrogate_Re3/Python_Codes/table/snapshots_split/Cu_500K_snap00023.extxyz,Cu,500,Cu__500,-0.004722063141207,0.01642546912051638,0.02114753226172338,0.02114753226172338
/Users/yti0811/Desktop/FE_data/npj_CM01/NPJ_CM_Fig_Python/Public_Reproducibility_Package_V01/npjcm-free-energy-surrogate_Re3/Python_Codes/table/snapshots_split/Cu_500K_snap00024.extxyz,Cu,500,Cu__500,-0.0048148510262125,0.01684182990041891,0.021656680926631408,0.021656680926631408
/Users/yti0811/Desktop/FE_data/npj_CM01/NPJ_CM_Fig_Python/Public_Reproducibility_Package_V01/npjcm-free-energy-surrogate_Re3/Python_Codes/table/snapshots_split/Cu_500K_snap00025.extxyz,Cu,500,Cu__500,-0.0049460419212379,0.016781934585713785,0.021727976506951685,0.021727976506951685
/Users/yti0811/Desktop/FE_data/npj_CM01/NPJ_CM_Fig_Python/Public_Reproducibility_Package_V01/npjcm-free-energy-surrogate_Re3/Python_Codes/table/snapshots_split/Cu_500K_snap00026.extxyz,Cu,500,Cu__500,-0.0044436195117739,0.01712188278969317,0.02156550230146707,0.02156550230146707
/Users/yti0811/Desktop/FE_data/npj_CM01/NPJ_CM_Fig_Python/Public_Reproducibility_Package_V01/npjcm-free-energy-surrogate_Re3/Python_Codes/table/snapshots_split/Cu_500K_snap00027.extxyz,Cu,500,Cu__500,-0.0047982668685526,0.016771460097779564,0.021569726966332164,0.021569726966332164
/Users/yti0811/Desktop/FE_data/npj_CM01/NPJ_CM_Fig_Python/Public_Reproducibility_Package_V01/npjcm-free-energy-surrogate_Re3/Python_Codes/table/snapshots_split/Cu_500K_snap00028.extxyz,Cu,500,Cu__500,-0.0044302027700262,0.016700735037718465,0.021130937807744665,0.021130937807744665
/Users/yti0811/Desktop/FE_data/npj_CM01/NPJ_CM_Fig_Python/Public_Reproducibility_Package_V01/npjcm-free-energy-surrogate_Re3/Python_Codes/table/snapshots_split/Cu_500K_snap00029.extxyz,Cu,500,Cu__500,-0.004806051160595,0.01676441585119151,0.021570467011786512,0.021570467011786512
/Users/yti0811/Desktop/FE_data/npj_CM01/NPJ_CM_Fig_Python/Public_Reproducibility_Package_V01/npjcm-free-energy-surrogate_Re3/Python_Codes/table/snapshots_split/Cu_500K_snap00030.extxyz,Cu,500,Cu__500,-0.0045971527909282,0.016628940419729028,0.02122609321065723,0.02122609321065723
/Users/yti0811/Desktop/FE_data/npj_CM01/NPJ_CM_Fig_Python/Public_Reproducibility_Package_V01/npjcm-free-energy-surrogate_Re3/Python_Codes/table/snapshots_split/Cu_500K_snap00031.extxyz,Cu,500,Cu__500,-0.0043092357699663,0.01657309238240174,0.02088232815236804,0.02088232815236804
/Users/yti0811/Desktop/FE_data/npj_CM01/NPJ_CM_Fig_Python/Public_Reproducibility_Package_V01/npjcm-free-energy-surrogate_Re3/Python_Codes/table/snapshots_split/Cu_500K_snap00032.extxyz,Cu,500,Cu__500,-0.004630988937635,0.01709249054769348,0.02172347948532848,0.02172347948532848
/Users/yti0811/Desktop/FE_data/npj_CM01/NPJ_CM_Fig_Python/Public_Reproducibility_Package_V01/npjcm-free-energy-surrogate_Re3/Python_Codes/table/snapshots_split/Cu_500K_snap00033.extxyz,Cu,500,Cu__500,-0.0048004736727786,0.016910020598614423,0.021710494271393023,0.021710494271393023
/Users/yti0811/Desktop/FE_data/npj_CM01/NPJ_CM_Fig_Python/Public_Reproducibility_Package_V01/npjcm-free-energy-surrogate_Re3/Python_Codes/table/snapshots_split/Cu_500K_snap00034.extxyz,Cu,500,Cu__500,-0.00468822429755,0.017035949994281263,0.021724174291831263,0.021724174291831263
/Users/yti0811/Desktop/FE_data/npj_CM01/NPJ_CM_Fig_Python/Public_Reproducibility_Package_V01/npjcm-free-energy-surrogate_Re3/Python_Codes/table/snapshots_split/Cu_500K_snap00035.extxyz,Cu,500,Cu__500,-0.0042225509181371,0.016704380076354487,0.020926930994491586,0.020926930994491586
/Users/yti0811/Desktop/FE_data/npj_CM01/NPJ_CM_Fig_Python/Public_Reproducibility_Package_V01/npjcm-free-energy-surrogate_Re3/Python_Codes/table/snapshots_split/Cu_500K_snap00036.extxyz,Cu,500,Cu__500,-0.0046636437811788,0.01722424603414837,0.02188788981532717,0.02188788981532717
/Users/yti0811/Desktop/FE_data/npj_CM01/NPJ_CM_Fig_Python/Public_Reproducibility_Package_V01/npjcm-free-energy-surrogate_Re3/Python_Codes/table/snapshots_split/Cu_500K_snap00037.extxyz,Cu,500,Cu__500,-0.004662963538935,0.016640356602714054,0.021303320141649054,0.021303320141649054
/Users/yti0811/Desktop/FE_data/npj_CM01/NPJ_CM_Fig_Python/Public_Reproducibility_Package_V01/npjcm-free-energy-surrogate_Re3/Python_Codes/table/snapshots_split/Cu_500K_snap00038.extxyz,Cu,500,Cu__500,-0.0048949941346111,0.01684422700177857,0.02173922113638967,0.02173922113638967
/Users/yti0811/Desktop/FE_data/npj_CM01/NPJ_CM_Fig_Python/Public_Reproducibility_Package_V01/npjcm-free-energy-surrogate_Re3/Python_Codes/table/snapshots_split/Cu_500K_snap00039.extxyz,Cu,500,Cu__500,-0.0046199616294839,0.016458607720979672,0.021078569350463573,0.021078569350463573
/Users/yti0811/Desktop/FE_data/npj_CM01/NPJ_CM_Fig_Python/Public_Reproducibility_Package_V01/npjcm-free-energy-surrogate_Re3/Python_Codes/table/snapshots_split/Cu_500K_snap00040.extxyz,Cu,500,Cu__500,-0.0045705324432638,0.016649931550308323,0.021220463993572122,0.021220463993572122
/Users/yti0811/Desktop/FE_data/npj_CM01/NPJ_CM_Fig_Python/Public_Reproducibility_Package_V01/npjcm-free-energy-surrogate_Re3/Python_Codes/table/snapshots_split/Cu_500K_snap00041.extxyz,Cu,500,Cu__500,-0.0045416407225759,0.016887116825283724,0.021428757547859625,0.021428757547859625
/Users/yti0811/Desktop/FE_data/npj_CM01/NPJ_CM_Fig_Python/Public_Reproducibility_Package_V01/npjcm-free-energy-surrogate_Re3/Python_Codes/table/snapshots_split/Cu_500K_snap00042.extxyz,Cu,500,Cu__500,-0.0045031630688198,0.016602146673284298,0.021105309742104096,0.021105309742104096
/Users/yti0811/Desktop/FE_data/npj_CM01/NPJ_CM_Fig_Python/Public_Reproducibility_Package_V01/npjcm-free-energy-surrogate_Re3/Python_Codes/table/snapshots_split/Cu_500K_snap00043.extxyz,Cu,500,Cu__500,-0.0044337639062942,0.01679322986088402,0.02122699376717822,0.02122699376717822
/Users/yti0811/Desktop/FE_data/npj_CM01/NPJ_CM_Fig_Python/Public_Reproducibility_Package_V01/npjcm-free-energy-surrogate_Re3/Python_Codes/table/snapshots_split/Cu_500K_snap00044.extxyz,Cu,500,Cu__500,-0.0046548023717732,0.016705196149049126,0.021359998520822328,0.021359998520822328
/Users/yti0811/Desktop/FE_data/npj_CM01/NPJ_CM_Fig_Python/Public_Reproducibility_Package_V01/npjcm-free-energy-surrogate_Re3/Python_Codes/table/snapshots_split/Cu_500K_snap00045.extxyz,Cu,500,Cu__500,-0.0044960861319774,0.01660557826683527,0.02110166439881267,0.02110166439881267
/Users/yti0811/Desktop/FE_data/npj_CM01/NPJ_CM_Fig_Python/Public_Reproducibility_Package_V01/npjcm-free-energy-surrogate_Re3/Python_Codes/table/snapshots_split/Cu_500K_snap00046.extxyz,Cu,500,Cu__500,-0.0042758608305012,0.016819452081440207,0.02109531291194141,0.02109531291194141
/Users/yti0811/Desktop/FE_data/npj_CM01/NPJ_CM_Fig_Python/Public_Reproducibility_Package_V01/npjcm-free-energy-surrogate_Re3/Python_Codes/table/snapshots_split/Cu_500K_snap00047.extxyz,Cu,500,Cu__500,-0.0044537583336756,0.016833163221136347,0.021286921554811947,0.021286921554811947
/Users/yti0811/Desktop/FE_data/npj_CM01/NPJ_CM_Fig_Python/Public_Reproducibility_Package_V01/npjcm-free-energy-surrogate_Re3/Python_Codes/table/snapshots_split/Cu_500K_snap00048.extxyz,Cu,500,Cu__500,-0.0048399007375281,0.016593235500664497,0.021433136238192596,0.021433136238192596
/Users/yti0811/Desktop/FE_data/npj_CM01/NPJ_CM_Fig_Python/Public_Reproducibility_Package_V01/npjcm-free-energy-surrogate_Re3/Python_Codes/table/snapshots_split/Cu_500K_snap00049.extxyz,Cu,500,Cu__500,-0.0046279788473871,0.016553175617755073,0.021181154465142172,0.021181154465142172
/Users/yti0811/Desktop/FE_data/npj_CM01/NPJ_CM_Fig_Python/Public_Reproducibility_Package_V01/npjcm-free-energy-surrogate_Re3/Python_Codes/table/snapshots_split/Cu_500K_snap00050.extxyz,Cu,500,Cu__500,-0.0043844933809133,0.017028407704588026,0.021412901085501326,0.021412901085501326
/Users/yti0811/Desktop/FE_data/npj_CM01/NPJ_CM_Fig_Python/Public_Reproducibility_Package_V01/npjcm-free-energy-surrogate_Re3/Python_Codes/table/snapshots_split/Cu_500K_snap00051.extxyz,Cu,500,Cu__500,-0.0045421000845607,0.0167875761459666,0.021329676230527297,0.021329676230527297
/Users/yti0811/Desktop/FE_data/npj_CM01/NPJ_CM_Fig_Python/Public_Reproducibility_Package_V01/npjcm-free-energy-surrogate_Re3/Python_Codes/table/snapshots_split/Cu_500K_snap00052.extxyz,Cu,500,Cu__500,-0.0044811629153101,0.016756663232389307,0.021237826147699406,0.021237826147699406
/Users/yti0811/Desktop/FE_data/npj_CM01/NPJ_CM_Fig_Python/Public_Reproducibility_Package_V01/npjcm-free-energy-surrogate_Re3/Python_Codes/table/snapshots_split/Cu_500K_snap00053.extxyz,Cu,500,Cu__500,-0.0043664320833269,0.0169448785839919,0.0213113106673188,0.0213113106673188
/Users/yti0811/Desktop/FE_data/npj_CM01/NPJ_CM_Fig_Python/Public_Reproducibility_Package_V01/npjcm-free-energy-surrogate_Re3/Python_Codes/table/snapshots_split/Cu_500K_snap00054.extxyz,Cu,500,Cu__500,-0.0043935046732367,0.016715706399549748,0.021109211072786446,0.021109211072786446
/Users/yti0811/Desktop/FE_data/npj_CM01/NPJ_CM_Fig_Python/Public_Reproducibility_Package_V01/npjcm-free-energy-surrogate_Re3/Python_Codes/table/snapshots_split/Cu_500K_snap00055.extxyz,Cu,500,Cu__500,-0.0045168868231585,0.0166158166108661,0.0211327034340246,0.0211327034340246
/Users/yti0811/Desktop/FE_data/npj_CM01/NPJ_CM_Fig_Python/Public_Reproducibility_Package_V01/npjcm-free-energy-surrogate_Re3/Python_Codes/table/snapshots_split/Cu_500K_snap00056.extxyz,Cu,500,Cu__500,-0.004359838854797,0.017005942266327585,0.021365781121124583,0.021365781121124583
/Users/yti0811/Desktop/FE_data/npj_CM01/NPJ_CM_Fig_Python/Public_Reproducibility_Package_V01/npjcm-free-energy-surrogate_Re3/Python_Codes/table/snapshots_split/Cu_500K_snap00057.extxyz,Cu,500,Cu__500,-0.0047231485847291,0.01693393128449626,0.02165707986922536,0.02165707986922536
/Users/yti0811/Desktop/FE_data/npj_CM01/NPJ_CM_Fig_Python/Public_Reproducibility_Package_V01/npjcm-free-energy-surrogate_Re3/Python_Codes/table/snapshots_split/Cu_500K_snap00058.extxyz,Cu,500,Cu__500,-0.0046203128102652,0.01681202568769927,0.02143233849796447,0.02143233849796447
/Users/yti0811/Desktop/FE_data/npj_CM01/NPJ_CM_Fig_Python/Public_Reproducibility_Package_V01/npjcm-free-energy-surrogate_Re3/Python_Codes/table/snapshots_split/Cu_500K_snap00059.extxyz,Cu,500,Cu__500,-0.005045327500027,0.016884231484578932,0.021929558984605933,0.021929558984605933
/Users/yti0811/Desktop/FE_data/npj_CM01/NPJ_CM_Fig_Python/Public_Reproducibility_Package_V01/npjcm-free-energy-surrogate_Re3/Python_Codes/table/snapshots_split/Cu_500K_snap00060.extxyz,Cu,500,Cu__500,-0.0047126023225327,0.017001299365966185,0.021713901688498884,0.021713901688498884
/Users/yti0811/Desktop/FE_data/npj_CM01/NPJ_CM_Fig_Python/Public_Reproducibility_Package_V01/npjcm-free-energy-surrogate_Re3/Python_Codes/table/snapshots_split/Cu_500K_snap00061.extxyz,Cu,500,Cu__500,-0.0039102459272929,0.0167949715715977,0.0207052174988906,0.0207052174988906
/Users/yti0811/Desktop/FE_data/npj_CM01/NPJ_CM_Fig_Python/Public_Reproducibility_Package_V01/npjcm-free-energy-surrogate_Re3/Python_Codes/table/snapshots_split/Cu_500K_snap00062.extxyz,Cu,500,Cu__500,-0.0045678250523084,0.016465770742206835,0.021033595794515234,0.021033595794515234
/Users/yti0811/Desktop/FE_data/npj_CM01/NPJ_CM_Fig_Python/Public_Reproducibility_Package_V01/npjcm-free-energy-surrogate_Re3/Python_Codes/table/snapshots_split/Cu_500K_snap00063.extxyz,Cu,500,Cu__500,-0.0041234371315108,0.0164286184733503,0.0205520556048611,0.0205520556048611
/Users/yti0811/Desktop/FE_data/npj_CM01/NPJ_CM_Fig_Python/Public_Reproducibility_Package_V01/npjcm-free-energy-surrogate_Re3/Python_Codes/table/snapshots_split/Cu_500K_snap00064.extxyz,Cu,500,Cu__500,-0.0045926849571732,0.0165862300549219,0.021178915012095102,0.021178915012095102
/Users/yti0811/Desktop/FE_data/npj_CM01/NPJ_CM_Fig_Python/Public_Reproducibility_Package_V01/npjcm-free-energy-surrogate_Re3/Python_Codes/table/snapshots_split/Cu_500K_snap00065.extxyz,Cu,500,Cu__500,-0.004566740498467,0.0169807590600092,0.0215474995584762,0.0215474995584762
/Users/yti0811/Desktop/FE_data/npj_CM01/NPJ_CM_Fig_Python/Public_Reproducibility_Package_V01/npjcm-free-energy-surrogate_Re3/Python_Codes/table/snapshots_split/Cu_500K_snap00066.extxyz,Cu,500,Cu__500,-0.0044629395408808,0.016789472975810453,0.021252412516691254,0.021252412516691254
/Users/yti0811/Desktop/FE_data/npj_CM01/NPJ_CM_Fig_Python/Public_Reproducibility_Package_V01/npjcm-free-energy-surrogate_Re3/Python_Codes/table/snapshots_split/Cu_500K_snap00067.extxyz,Cu,500,Cu__500,-0.0041149694486621,0.016954766762349048,0.021069736211011148,0.021069736211011148
/Users/yti0811/Desktop/FE_data/npj_CM01/NPJ_CM_Fig_Python/Public_Reproducibility_Package_V01/npjcm-free-energy-surrogate_Re3/Python_Codes/table/snapshots_split/Cu_500K_snap00068.extxyz,Cu,500,Cu__500,-0.0044459566139231,0.01695863344175492,0.021404590055678022,0.021404590055678022
/Users/yti0811/Desktop/FE_data/npj_CM01/NPJ_CM_Fig_Python/Public_Reproducibility_Package_V01/npjcm-free-energy-surrogate_Re3/Python_Codes/table/snapshots_split/Cu_500K_snap00069.extxyz,Cu,500,Cu__500,-0.0044495727028368,0.016785563926330214,0.021235136629167012,0.021235136629167012
/Users/yti0811/Desktop/FE_data/npj_CM01/NPJ_CM_Fig_Python/Public_Reproducibility_Package_V01/npjcm-free-energy-surrogate_Re3/Python_Codes/table/snapshots_split/Cu_500K_snap00070.extxyz,Cu,500,Cu__500,-0.0044751004868749,0.01704618681069414,0.021521287297569042,0.021521287297569042
/Users/yti0811/Desktop/FE_data/npj_CM01/NPJ_CM_Fig_Python/Public_Reproducibility_Package_V01/npjcm-free-energy-surrogate_Re3/Python_Codes/table/snapshots_split/Cu_500K_snap00071.extxyz,Cu,500,Cu__500,-0.0041743986173985,0.01672872458096455,0.02090312319836305,0.02090312319836305
/Users/yti0811/Desktop/FE_data/npj_CM01/NPJ_CM_Fig_Python/Public_Reproducibility_Package_V01/npjcm-free-energy-surrogate_Re3/Python_Codes/table/snapshots_split/Cu_500K_snap00072.extxyz,Cu,500,Cu__500,-0.0046740864518244,0.016788467386127513,0.02146255383795191,0.02146255383795191
/Users/yti0811/Desktop/FE_data/npj_CM01/NPJ_CM_Fig_Python/Public_Reproducibility_Package_V01/npjcm-free-energy-surrogate_Re3/Python_Codes/table/snapshots_split/Cu_500K_snap00073.extxyz,Cu,500,Cu__500,-0.0045492136530213,0.016669305925159576,0.021218519578180876,0.021218519578180876
/Users/yti0811/Desktop/FE_data/npj_CM01/NPJ_CM_Fig_Python/Public_Reproducibility_Package_V01/npjcm-free-energy-surrogate_Re3/Python_Codes/table/snapshots_split/Cu_500K_snap00074.extxyz,Cu,500,Cu__500,-0.0045722195207806,0.01673657783126596,0.021308797352046563,0.021308797352046563
/Users/yti0811/Desktop/FE_data/npj_CM01/NPJ_CM_Fig_Python/Public_Reproducibility_Package_V01/npjcm-free-energy-surrogate_Re3/Python_Codes/table/snapshots_split/Cu_500K_snap00075.extxyz,Cu,500,Cu__500,-0.0045592036420667,0.016663910535268313,0.021223114177335013,0.021223114177335013
/Users/yti0811/Desktop/FE_data/npj_CM01/NPJ_CM_Fig_Python/Public_Reproducibility_Package_V01/npjcm-free-energy-surrogate_Re3/Python_Codes/table/snapshots_split/Cu_500K_snap00076.extxyz,Cu,500,Cu__500,-0.0043286262034296,0.016667304546273028,0.02099593074970263,0.02099593074970263
/Users/yti0811/Desktop/FE_data/npj_CM01/NPJ_CM_Fig_Python/Public_Reproducibility_Package_V01/npjcm-free-energy-surrogate_Re3/Python_Codes/table/snapshots_split/Cu_500K_snap00077.extxyz,Cu,500,Cu__500,-0.0042921710505816,0.016643543855251557,0.020935714905833156,0.020935714905833156
/Users/yti0811/Desktop/FE_data/npj_CM01/NPJ_CM_Fig_Python/Public_Reproducibility_Package_V01/npjcm-free-energy-surrogate_Re3/Python_Codes/table/snapshots_split/Cu_500K_snap00078.extxyz,Cu,500,Cu__500,-0.0045279642959775,0.016855688470984658,0.021383652766962156,0.021383652766962156
/Users/yti0811/Desktop/FE_data/npj_CM01/NPJ_CM_Fig_Python/Public_Reproducibility_Package_V01/npjcm-free-energy-surrogate_Re3/Python_Codes/table/snapshots_split/Cu_500K_snap00079.extxyz,Cu,500,Cu__500,-0.0046209825258139,0.016683049583113226,0.021304032108927125,0.021304032108927125
/Users/yti0811/Desktop/FE_data/npj_CM01/NPJ_CM_Fig_Python/Public_Reproducibility_Package_V01/npjcm-free-energy-surrogate_Re3/Python_Codes/table/snapshots_split/Cu_500K_snap00080.extxyz,Cu,500,Cu__500,-0.0044075159915072,0.016915962847674347,0.021323478839181547,0.021323478839181547
/Users/yti0811/Desktop/FE_data/npj_CM01/NPJ_CM_Fig_Python/Public_Reproducibility_Package_V01/npjcm-free-energy-surrogate_Re3/Python_Codes/table/snapshots_split/Cu_500K_snap00081.extxyz,Cu,500,Cu__500,-0.0048081422091459,0.016883669393889477,0.021691811603035377,0.021691811603035377
/Users/yti0811/Desktop/FE_data/npj_CM01/NPJ_CM_Fig_Python/Public_Reproducibility_Package_V01/npjcm-free-energy-surrogate_Re3/Python_Codes/table/snapshots_split/Cu_500K_snap00082.extxyz,Cu,500,Cu__500,-0.0046637566193141,0.01677479567053297,0.02143855228984707,0.02143855228984707
/Users/yti0811/Desktop/FE_data/npj_CM01/NPJ_CM_Fig_Python/Public_Reproducibility_Package_V01/npjcm-free-energy-surrogate_Re3/Python_Codes/table/snapshots_split/Cu_500K_snap00083.extxyz,Cu,500,Cu__500,-0.0042431308548191,0.016625060929029177,0.02086819178384828,0.02086819178384828
/Users/yti0811/Desktop/FE_data/npj_CM01/NPJ_CM_Fig_Python/Public_Reproducibility_Package_V01/npjcm-free-energy-surrogate_Re3/Python_Codes/table/snapshots_split/Cu_500K_snap00084.extxyz,Cu,500,Cu__500,-0.0041572767860444,0.016706835247926294,0.020864112033970695,0.020864112033970695
/Users/yti0811/Desktop/FE_data/npj_CM01/NPJ_CM_Fig_Python/Public_Reproducibility_Package_V01/npjcm-free-energy-surrogate_Re3/Python_Codes/table/snapshots_split/Cu_500K_snap00085.extxyz,Cu,500,Cu__500,-0.0044084469776602,0.01694184634037373,0.02135029331803393,0.02135029331803393
/Users/yti0811/Desktop/FE_data/npj_CM01/NPJ_CM_Fig_Python/Public_Reproducibility_Package_V01/npjcm-free-energy-surrogate_Re3/Python_Codes/table/snapshots_split/Cu_500K_snap00086.extxyz,Cu,500,Cu__500,-0.0045722712444254,0.016558774053917678,0.021131045298343077,0.021131045298343077
/Users/yti0811/Desktop/FE_data/npj_CM01/NPJ_CM_Fig_Python/Public_Reproducibility_Package_V01/npjcm-free-energy-surrogate_Re3/Python_Codes/table/snapshots_split/Cu_500K_snap00087.extxyz,Cu,500,Cu__500,-0.0045395948961552,0.016699688722067365,0.021239283618222565,0.021239283618222565
/Users/yti0811/Desktop/FE_data/npj_CM01/NPJ_CM_Fig_Python/Public_Reproducibility_Package_V01/npjcm-free-energy-surrogate_Re3/Python_Codes/table/snapshots_split/Cu_500K_snap00088.extxyz,Cu,500,Cu__500,-0.0049561598008364,0.01694677968630473,0.02190293948714113,0.02190293948714113
/Users/yti0811/Desktop/FE_data/npj_CM01/NPJ_CM_Fig_Python/Public_Reproducibility_Package_V01/npjcm-free-energy-surrogate_Re3/Python_Codes/table/snapshots_split/Cu_500K_snap00089.extxyz,Cu,500,Cu__500,-0.0042552402942876,0.016844350787070812,0.021099591081358414,0.021099591081358414
/Users/yti0811/Desktop/FE_data/npj_CM01/NPJ_CM_Fig_Python/Public_Reproducibility_Package_V01/npjcm-free-energy-surrogate_Re3/Python_Codes/table/snapshots_split/Cu_500K_snap00090.extxyz,Cu,500,Cu__500,-0.0042656790474677,0.016732835732040582,0.020998514779508284,0.020998514779508284
/Users/yti0811/Desktop/FE_data/npj_CM01/NPJ_CM_Fig_Python/Public_Reproducibility_Package_V01/npjcm-free-energy-surrogate_Re3/Python_Codes/table/snapshots_split/Cu_500K_snap00091.extxyz,Cu,500,Cu__500,-0.0041827193753092,0.016584290261488572,0.02076700963679777,0.02076700963679777
/Users/yti0811/Desktop/FE_data/npj_CM01/NPJ_CM_Fig_Python/Public_Reproducibility_Package_V01/npjcm-free-energy-surrogate_Re3/Python_Codes/table/snapshots_split/Cu_500K_snap00092.extxyz,Cu,500,Cu__500,-0.0045148504341234,0.016748762544663925,0.021263612978787327,0.021263612978787327
/Users/yti0811/Desktop/FE_data/npj_CM01/NPJ_CM_Fig_Python/Public_Reproducibility_Package_V01/npjcm-free-energy-surrogate_Re3/Python_Codes/table/snapshots_split/Cu_500K_snap00093.extxyz,Cu,500,Cu__500,-0.0044589735341483,0.016851773544056682,0.021310747078204982,0.021310747078204982
/Users/yti0811/Desktop/FE_data/npj_CM01/NPJ_CM_Fig_Python/Public_Reproducibility_Package_V01/npjcm-free-energy-surrogate_Re3/Python_Codes/table/snapshots_split/Cu_500K_snap00094.extxyz,Cu,500,Cu__500,-0.0045301246506927,0.016821181168130236,0.021351305818822938,0.021351305818822938
/Users/yti0811/Desktop/FE_data/npj_CM01/NPJ_CM_Fig_Python/Public_Reproducibility_Package_V01/npjcm-free-energy-surrogate_Re3/Python_Codes/table/snapshots_split/Cu_500K_snap00095.extxyz,Cu,500,Cu__500,-0.0046160066903943,0.017032564863382917,0.021648571553777217,0.021648571553777217
/Users/yti0811/Desktop/FE_data/npj_CM01/NPJ_CM_Fig_Python/Public_Reproducibility_Package_V01/npjcm-free-energy-surrogate_Re3/Python_Codes/table/snapshots_split/Cu_500K_snap00096.extxyz,Cu,500,Cu__500,-0.0043935658204556,0.016677520093498502,0.021071085913954103,0.021071085913954103
/Users/yti0811/Desktop/FE_data/npj_CM01/NPJ_CM_Fig_Python/Public_Reproducibility_Package_V01/npjcm-free-energy-surrogate_Re3/Python_Codes/table/snapshots_split/Cu_500K_snap00097.extxyz,Cu,500,Cu__500,-0.004275127913825,0.016876126759817204,0.021151254673642206,0.021151254673642206
/Users/yti0811/Desktop/FE_data/npj_CM01/NPJ_CM_Fig_Python/Public_Reproducibility_Package_V01/npjcm-free-energy-surrogate_Re3/Python_Codes/table/snapshots_split/Cu_500K_snap00098.extxyz,Cu,500,Cu__500,-0.0047403989298996,0.016649376600028874,0.021389775529928476,0.021389775529928476
/Users/yti0811/Desktop/FE_data/npj_CM01/NPJ_CM_Fig_Python/Public_Reproducibility_Package_V01/npjcm-free-energy-surrogate_Re3/Python_Codes/table/snapshots_split/Cu_500K_snap00099.extxyz,Cu,500,Cu__500,-0.0044749777672072,0.017089154813682176,0.021564132580889378,0.021564132580889378
/Users/yti0811/Desktop/FE_data/npj_CM01/NPJ_CM_Fig_Python/Public_Reproducibility_Package_V01/npjcm-free-energy-surrogate_Re3/Python_Codes/table/snapshots_split/Cu_600K_snap00000.extxyz,Cu,600,Cu__600,-0.0061952738233918,0.019337220546113504,0.025532494369505304,0.025532494369505304
/Users/yti0811/Desktop/FE_data/npj_CM01/NPJ_CM_Fig_Python/Public_Reproducibility_Package_V01/npjcm-free-energy-surrogate_Re3/Python_Codes/table/snapshots_split/Cu_600K_snap00001.extxyz,Cu,600,Cu__600,-0.0065347290355201,0.019141427659343294,0.025676156694863395,0.025676156694863395
/Users/yti0811/Desktop/FE_data/npj_CM01/NPJ_CM_Fig_Python/Public_Reproducibility_Package_V01/npjcm-free-energy-surrogate_Re3/Python_Codes/table/snapshots_split/Cu_600K_snap00002.extxyz,Cu,600,Cu__600,-0.0074955395002856,0.0193539231935627,0.0268494626938483,0.0268494626938483
/Users/yti0811/Desktop/FE_data/npj_CM01/NPJ_CM_Fig_Python/Public_Reproducibility_Package_V01/npjcm-free-energy-surrogate_Re3/Python_Codes/table/snapshots_split/Cu_600K_snap00003.extxyz,Cu,600,Cu__600,-0.0064266824732829,0.01963938296821297,0.026066065441495867,0.026066065441495867
/Users/yti0811/Desktop/FE_data/npj_CM01/NPJ_CM_Fig_Python/Public_Reproducibility_Package_V01/npjcm-free-energy-surrogate_Re3/Python_Codes/table/snapshots_split/Cu_600K_snap00004.extxyz,Cu,600,Cu__600,-0.0063790070284518,0.019277238039609648,0.025656245068061447,0.025656245068061447
/Users/yti0811/Desktop/FE_data/npj_CM01/NPJ_CM_Fig_Python/Public_Reproducibility_Package_V01/npjcm-free-energy-surrogate_Re3/Python_Codes/table/snapshots_split/Cu_600K_snap00005.extxyz,Cu,600,Cu__600,-0.0062375211159756,0.019470129228845147,0.025707650344820747,0.025707650344820747
/Users/yti0811/Desktop/FE_data/npj_CM01/NPJ_CM_Fig_Python/Public_Reproducibility_Package_V01/npjcm-free-energy-surrogate_Re3/Python_Codes/table/snapshots_split/Cu_600K_snap00006.extxyz,Cu,600,Cu__600,-0.0064193535122342,0.01915003746138533,0.02556939097361953,0.02556939097361953
/Users/yti0811/Desktop/FE_data/npj_CM01/NPJ_CM_Fig_Python/Public_Reproducibility_Package_V01/npjcm-free-energy-surrogate_Re3/Python_Codes/table/snapshots_split/Cu_600K_snap00007.extxyz,Cu,600,Cu__600,-0.0066427182587202,0.01921548146985028,0.02585819972857048,0.02585819972857048
/Users/yti0811/Desktop/FE_data/npj_CM01/NPJ_CM_Fig_Python/Public_Reproducibility_Package_V01/npjcm-free-energy-surrogate_Re3/Python_Codes/table/snapshots_split/Cu_600K_snap00008.extxyz,Cu,600,Cu__600,-0.0068208107593487,0.019293782942957687,0.026114593702306385,0.026114593702306385
/Users/yti0811/Desktop/FE_data/npj_CM01/NPJ_CM_Fig_Python/Public_Reproducibility_Package_V01/npjcm-free-energy-surrogate_Re3/Python_Codes/table/snapshots_split/Cu_600K_snap00009.extxyz,Cu,600,Cu__600,-0.0068017890256316,0.019578361018016348,0.026380150043647948,0.026380150043647948
/Users/yti0811/Desktop/FE_data/npj_CM01/NPJ_CM_Fig_Python/Public_Reproducibility_Package_V01/npjcm-free-energy-surrogate_Re3/Python_Codes/table/snapshots_split/Cu_600K_snap00010.extxyz,Cu,600,Cu__600,-0.0068713344705874,0.019409255736787683,0.026280590207375082,0.026280590207375082
/Users/yti0811/Desktop/FE_data/npj_CM01/NPJ_CM_Fig_Python/Public_Reproducibility_Package_V01/npjcm-free-energy-surrogate_Re3/Python_Codes/table/snapshots_split/Cu_600K_snap00011.extxyz,Cu,600,Cu__600,-0.0064411779266423,0.01920350293462611,0.02564468086126841,0.02564468086126841
/Users/yti0811/Desktop/FE_data/npj_CM01/NPJ_CM_Fig_Python/Public_Reproducibility_Package_V01/npjcm-free-energy-surrogate_Re3/Python_Codes/table/snapshots_split/Cu_600K_snap00012.extxyz,Cu,600,Cu__600,-0.0066255432196612,0.019453825333274843,0.026079368552936043,0.026079368552936043
/Users/yti0811/Desktop/FE_data/npj_CM01/NPJ_CM_Fig_Python/Public_Reproducibility_Package_V01/npjcm-free-energy-surrogate_Re3/Python_Codes/table/snapshots_split/Cu_600K_snap00013.extxyz,Cu,600,Cu__600,-0.0066582647873246,0.019010689948052207,0.02566895473537681,0.02566895473537681
/Users/yti0811/Desktop/FE_data/npj_CM01/NPJ_CM_Fig_Python/Public_Reproducibility_Package_V01/npjcm-free-energy-surrogate_Re3/Python_Codes/table/snapshots_split/Cu_600K_snap00014.extxyz,Cu,600,Cu__600,-0.0066530901067282,0.019024267721734246,0.025677357828462446,0.025677357828462446
/Users/yti0811/Desktop/FE_data/npj_CM01/NPJ_CM_Fig_Python/Public_Reproducibility_Package_V01/npjcm-free-energy-surrogate_Re3/Python_Codes/table/snapshots_split/Cu_600K_snap00015.extxyz,Cu,600,Cu__600,-0.006356524497323,0.019520988083653063,0.025877512580976064,0.025877512580976064
/Users/yti0811/Desktop/FE_data/npj_CM01/NPJ_CM_Fig_Python/Public_Reproducibility_Package_V01/npjcm-free-energy-surrogate_Re3/Python_Codes/table/snapshots_split/Cu_600K_snap00016.extxyz,Cu,600,Cu__600,-0.0065780306605066,0.01933867332319988,0.02591670398370648,0.02591670398370648
/Users/yti0811/Desktop/FE_data/npj_CM01/NPJ_CM_Fig_Python/Public_Reproducibility_Package_V01/npjcm-free-energy-surrogate_Re3/Python_Codes/table/snapshots_split/Cu_600K_snap00017.extxyz,Cu,600,Cu__600,-0.0061674196445097,0.019297069878956002,0.0254644895234657,0.0254644895234657
/Users/yti0811/Desktop/FE_data/npj_CM01/NPJ_CM_Fig_Python/Public_Reproducibility_Package_V01/npjcm-free-energy-surrogate_Re3/Python_Codes/table/snapshots_split/Cu_600K_snap00018.extxyz,Cu,600,Cu__600,-0.0065251643951044,0.019113810903268868,0.02563897529837327,0.02563897529837327
/Users/yti0811/Desktop/FE_data/npj_CM01/NPJ_CM_Fig_Python/Public_Reproducibility_Package_V01/npjcm-free-energy-surrogate_Re3/Python_Codes/table/snapshots_split/Cu_600K_snap00019.extxyz,Cu,600,Cu__600,-0.0071582780664573,0.019701975172698984,0.026860253239156286,0.026860253239156286
/Users/yti0811/Desktop/FE_data/npj_CM01/NPJ_CM_Fig_Python/Public_Reproducibility_Package_V01/npjcm-free-energy-surrogate_Re3/Python_Codes/table/snapshots_split/Cu_600K_snap00020.extxyz,Cu,600,Cu__600,-0.006603911394272,0.019421149651130967,0.026025061045402968,0.026025061045402968
/Users/yti0811/Desktop/FE_data/npj_CM01/NPJ_CM_Fig_Python/Public_Reproducibility_Package_V01/npjcm-free-energy-surrogate_Re3/Python_Codes/table/snapshots_split/Cu_600K_snap00021.extxyz,Cu,600,Cu__600,-0.0066529335000912,0.019340494530481953,0.025993428030573154,0.025993428030573154
/Users/yti0811/Desktop/FE_data/npj_CM01/NPJ_CM_Fig_Python/Public_Reproducibility_Package_V01/npjcm-free-energy-surrogate_Re3/Python_Codes/table/snapshots_split/Cu_600K_snap00022.extxyz,Cu,600,Cu__600,-0.00701142896933,0.01929889965398364,0.026310328623313638,0.026310328623313638
/Users/yti0811/Desktop/FE_data/npj_CM01/NPJ_CM_Fig_Python/Public_Reproducibility_Package_V01/npjcm-free-energy-surrogate_Re3/Python_Codes/table/snapshots_split/Cu_600K_snap00023.extxyz,Cu,600,Cu__600,-0.0064382451604733,0.019260632033888257,0.025698877194361557,0.025698877194361557
/Users/yti0811/Desktop/FE_data/npj_CM01/NPJ_CM_Fig_Python/Public_Reproducibility_Package_V01/npjcm-free-energy-surrogate_Re3/Python_Codes/table/snapshots_split/Cu_600K_snap00024.extxyz,Cu,600,Cu__600,-0.0063034396245077,0.01937914365996108,0.02568258328446878,0.02568258328446878
/Users/yti0811/Desktop/FE_data/npj_CM01/NPJ_CM_Fig_Python/Public_Reproducibility_Package_V01/npjcm-free-energy-surrogate_Re3/Python_Codes/table/snapshots_split/Cu_600K_snap00025.extxyz,Cu,600,Cu__600,-0.0068620957557906,0.019597743090463842,0.02645983884625444,0.02645983884625444
/Users/yti0811/Desktop/FE_data/npj_CM01/NPJ_CM_Fig_Python/Public_Reproducibility_Package_V01/npjcm-free-energy-surrogate_Re3/Python_Codes/table/snapshots_split/Cu_600K_snap00026.extxyz,Cu,600,Cu__600,-0.0064278100195357,0.01936597878341576,0.02579378880295146,0.02579378880295146
/Users/yti0811/Desktop/FE_data/npj_CM01/NPJ_CM_Fig_Python/Public_Reproducibility_Package_V01/npjcm-free-energy-surrogate_Re3/Python_Codes/table/snapshots_split/Cu_600K_snap00027.extxyz,Cu,600,Cu__600,-0.0062442985194238,0.019350188322254415,0.025594486841678213,0.025594486841678213
/Users/yti0811/Desktop/FE_data/npj_CM01/NPJ_CM_Fig_Python/Public_Reproducibility_Package_V01/npjcm-free-energy-surrogate_Re3/Python_Codes/table/snapshots_split/Cu_600K_snap00028.extxyz,Cu,600,Cu__600,-0.0065557757718818,0.01962218795707178,0.026177963728953577,0.026177963728953577
/Users/yti0811/Desktop/FE_data/npj_CM01/NPJ_CM_Fig_Python/Public_Reproducibility_Package_V01/npjcm-free-energy-surrogate_Re3/Python_Codes/table/snapshots_split/Cu_600K_snap00029.extxyz,Cu,600,Cu__600,-0.0068264860874117,0.019405268209877542,0.02623175429728924,0.02623175429728924
/Users/yti0811/Desktop/FE_data/npj_CM01/NPJ_CM_Fig_Python/Public_Reproducibility_Package_V01/npjcm-free-energy-surrogate_Re3/Python_Codes/table/snapshots_split/Cu_600K_snap00030.extxyz,Cu,600,Cu__600,-0.0069991862514869,0.01928093016987967,0.026280116421366573,0.026280116421366573
/Users/yti0811/Desktop/FE_data/npj_CM01/NPJ_CM_Fig_Python/Public_Reproducibility_Package_V01/npjcm-free-energy-surrogate_Re3/Python_Codes/table/snapshots_split/Cu_600K_snap00031.extxyz,Cu,600,Cu__600,-0.0069498614159265,0.01933062957199962,0.02628049098792612,0.02628049098792612
/Users/yti0811/Desktop/FE_data/npj_CM01/NPJ_CM_Fig_Python/Public_Reproducibility_Package_V01/npjcm-free-energy-surrogate_Re3/Python_Codes/table/snapshots_split/Cu_600K_snap00032.extxyz,Cu,600,Cu__600,-0.0065026063569088,0.019252317548134917,0.025754923905043716,0.025754923905043716
/Users/yti0811/Desktop/FE_data/npj_CM01/NPJ_CM_Fig_Python/Public_Reproducibility_Package_V01/npjcm-free-energy-surrogate_Re3/Python_Codes/table/snapshots_split/Cu_600K_snap00033.extxyz,Cu,600,Cu__600,-0.0066369639469575,0.019409854079638633,0.026046818026596134,0.026046818026596134
/Users/yti0811/Desktop/FE_data/npj_CM01/NPJ_CM_Fig_Python/Public_Reproducibility_Package_V01/npjcm-free-energy-surrogate_Re3/Python_Codes/table/snapshots_split/Cu_600K_snap00034.extxyz,Cu,600,Cu__600,-0.0070139968394306,0.019729552704351297,0.026743549543781896,0.026743549543781896
/Users/yti0811/Desktop/FE_data/npj_CM01/NPJ_CM_Fig_Python/Public_Reproducibility_Package_V01/npjcm-free-energy-surrogate_Re3/Python_Codes/table/snapshots_split/Cu_600K_snap00035.extxyz,Cu,600,Cu__600,-0.0063894388943869,0.019405077830816197,0.025794516725203095,0.025794516725203095
/Users/yti0811/Desktop/FE_data/npj_CM01/NPJ_CM_Fig_Python/Public_Reproducibility_Package_V01/npjcm-free-energy-surrogate_Re3/Python_Codes/table/snapshots_split/Cu_600K_snap00036.extxyz,Cu,600,Cu__600,-0.0067368878795542,0.019603327710858966,0.026340215590413166,0.026340215590413166
/Users/yti0811/Desktop/FE_data/npj_CM01/NPJ_CM_Fig_Python/Public_Reproducibility_Package_V01/npjcm-free-energy-surrogate_Re3/Python_Codes/table/snapshots_split/Cu_600K_snap00037.extxyz,Cu,600,Cu__600,-0.0065497636768693,0.019030170747232476,0.025579934424101777,0.025579934424101777
/Users/yti0811/Desktop/FE_data/npj_CM01/NPJ_CM_Fig_Python/Public_Reproducibility_Package_V01/npjcm-free-energy-surrogate_Re3/Python_Codes/table/snapshots_split/Cu_600K_snap00038.extxyz,Cu,600,Cu__600,-0.006377341312432,0.01884873756947386,0.02522607888190586,0.02522607888190586
/Users/yti0811/Desktop/FE_data/npj_CM01/NPJ_CM_Fig_Python/Public_Reproducibility_Package_V01/npjcm-free-energy-surrogate_Re3/Python_Codes/table/snapshots_split/Cu_600K_snap00039.extxyz,Cu,600,Cu__600,-0.0063608783706218,0.019240739595699965,0.025601617966321766,0.025601617966321766
/Users/yti0811/Desktop/FE_data/npj_CM01/NPJ_CM_Fig_Python/Public_Reproducibility_Package_V01/npjcm-free-energy-surrogate_Re3/Python_Codes/table/snapshots_split/Cu_600K_snap00040.extxyz,Cu,600,Cu__600,-0.0067885948707199,0.019343451711440397,0.026132046582160298,0.026132046582160298
/Users/yti0811/Desktop/FE_data/npj_CM01/NPJ_CM_Fig_Python/Public_Reproducibility_Package_V01/npjcm-free-energy-surrogate_Re3/Python_Codes/table/snapshots_split/Cu_600K_snap00041.extxyz,Cu,600,Cu__600,-0.006393435128947,0.019372416634212686,0.025765851763159688,0.025765851763159688
/Users/yti0811/Desktop/FE_data/npj_CM01/NPJ_CM_Fig_Python/Public_Reproducibility_Package_V01/npjcm-free-energy-surrogate_Re3/Python_Codes/table/snapshots_split/Cu_600K_snap00042.extxyz,Cu,600,Cu__600,-0.0068796785055192,0.019593438074362986,0.026473116579882185,0.026473116579882185
/Users/yti0811/Desktop/FE_data/npj_CM01/NPJ_CM_Fig_Python/Public_Reproducibility_Package_V01/npjcm-free-energy-surrogate_Re3/Python_Codes/table/snapshots_split/Cu_600K_snap00043.extxyz,Cu,600,Cu__600,-0.0068875402813785,0.01912814011583107,0.02601568039720957,0.02601568039720957
/Users/yti0811/Desktop/FE_data/npj_CM01/NPJ_CM_Fig_Python/Public_Reproducibility_Package_V01/npjcm-free-energy-surrogate_Re3/Python_Codes/table/snapshots_split/Cu_600K_snap00044.extxyz,Cu,600,Cu__600,-0.0068138319498299,0.01919659552897409,0.026010427478803992,0.026010427478803992
/Users/yti0811/Desktop/FE_data/npj_CM01/NPJ_CM_Fig_Python/Public_Reproducibility_Package_V01/npjcm-free-energy-surrogate_Re3/Python_Codes/table/snapshots_split/Cu_600K_snap00045.extxyz,Cu,600,Cu__600,-0.0071594620743912,0.01987569564013024,0.02703515771452144,0.02703515771452144
/Users/yti0811/Desktop/FE_data/npj_CM01/NPJ_CM_Fig_Python/Public_Reproducibility_Package_V01/npjcm-free-energy-surrogate_Re3/Python_Codes/table/snapshots_split/Cu_600K_snap00046.extxyz,Cu,600,Cu__600,-0.0066062462362398,0.019442102537179536,0.026048348773419334,0.026048348773419334
/Users/yti0811/Desktop/FE_data/npj_CM01/NPJ_CM_Fig_Python/Public_Reproducibility_Package_V01/npjcm-free-energy-surrogate_Re3/Python_Codes/table/snapshots_split/Cu_600K_snap00047.extxyz,Cu,600,Cu__600,-0.0065386402077128,0.019322896819096456,0.025861537026809257,0.025861537026809257
/Users/yti0811/Desktop/FE_data/npj_CM01/NPJ_CM_Fig_Python/Public_Reproducibility_Package_V01/npjcm-free-energy-surrogate_Re3/Python_Codes/table/snapshots_split/Cu_600K_snap00048.extxyz,Cu,600,Cu__600,-0.0068546051344754,0.019643674442601143,0.026498279577076542,0.026498279577076542
/Users/yti0811/Desktop/FE_data/npj_CM01/NPJ_CM_Fig_Python/Public_Reproducibility_Package_V01/npjcm-free-energy-surrogate_Re3/Python_Codes/table/snapshots_split/Cu_600K_snap00049.extxyz,Cu,600,Cu__600,-0.0068238025614711,0.019760474919650106,0.026584277481121205,0.026584277481121205
/Users/yti0811/Desktop/FE_data/npj_CM01/NPJ_CM_Fig_Python/Public_Reproducibility_Package_V01/npjcm-free-energy-surrogate_Re3/Python_Codes/table/snapshots_split/Cu_600K_snap00050.extxyz,Cu,600,Cu__600,-0.0066603795146916,0.01924596241806376,0.02590634193275536,0.02590634193275536
/Users/yti0811/Desktop/FE_data/npj_CM01/NPJ_CM_Fig_Python/Public_Reproducibility_Package_V01/npjcm-free-energy-surrogate_Re3/Python_Codes/table/snapshots_split/Cu_600K_snap00051.extxyz,Cu,600,Cu__600,-0.0064898635343316,0.019064635820863218,0.02555449935519482,0.02555449935519482
/Users/yti0811/Desktop/FE_data/npj_CM01/NPJ_CM_Fig_Python/Public_Reproducibility_Package_V01/npjcm-free-energy-surrogate_Re3/Python_Codes/table/snapshots_split/Cu_600K_snap00052.extxyz,Cu,600,Cu__600,-0.0062778233109778,0.019175343231377973,0.025453166542355774,0.025453166542355774
/Users/yti0811/Desktop/FE_data/npj_CM01/NPJ_CM_Fig_Python/Public_Reproducibility_Package_V01/npjcm-free-energy-surrogate_Re3/Python_Codes/table/snapshots_split/Cu_600K_snap00053.extxyz,Cu,600,Cu__600,-0.0064368368904393,0.01905603369430468,0.02549287058474398,0.02549287058474398
/Users/yti0811/Desktop/FE_data/npj_CM01/NPJ_CM_Fig_Python/Public_Reproducibility_Package_V01/npjcm-free-energy-surrogate_Re3/Python_Codes/table/snapshots_split/Cu_600K_snap00054.extxyz,Cu,600,Cu__600,-0.006466609805649,0.019428641049676565,0.025895250855325565,0.025895250855325565
/Users/yti0811/Desktop/FE_data/npj_CM01/NPJ_CM_Fig_Python/Public_Reproducibility_Package_V01/npjcm-free-energy-surrogate_Re3/Python_Codes/table/snapshots_split/Cu_600K_snap00055.extxyz,Cu,600,Cu__600,-0.0066676351519928,0.01916565358179466,0.025833288733787457,0.025833288733787457
/Users/yti0811/Desktop/FE_data/npj_CM01/NPJ_CM_Fig_Python/Public_Reproducibility_Package_V01/npjcm-free-energy-surrogate_Re3/Python_Codes/table/snapshots_split/Cu_600K_snap00056.extxyz,Cu,600,Cu__600,-0.0070399804509068,0.01918093477800534,0.02622091522891214,0.02622091522891214
/Users/yti0811/Desktop/FE_data/npj_CM01/NPJ_CM_Fig_Python/Public_Reproducibility_Package_V01/npjcm-free-energy-surrogate_Re3/Python_Codes/table/snapshots_split/Cu_600K_snap00057.extxyz,Cu,600,Cu__600,-0.0067197739731911,0.019707883901885624,0.026427657875076723,0.026427657875076723
/Users/yti0811/Desktop/FE_data/npj_CM01/NPJ_CM_Fig_Python/Public_Reproducibility_Package_V01/npjcm-free-energy-surrogate_Re3/Python_Codes/table/snapshots_split/Cu_600K_snap00058.extxyz,Cu,600,Cu__600,-0.0066200507966963,0.0191199587208876,0.0257400095175839,0.0257400095175839
/Users/yti0811/Desktop/FE_data/npj_CM01/NPJ_CM_Fig_Python/Public_Reproducibility_Package_V01/npjcm-free-energy-surrogate_Re3/Python_Codes/table/snapshots_split/Cu_600K_snap00059.extxyz,Cu,600,Cu__600,-0.0064363471508429,0.019117711612281846,0.025554058763124745,0.025554058763124745
/Users/yti0811/Desktop/FE_data/npj_CM01/NPJ_CM_Fig_Python/Public_Reproducibility_Package_V01/npjcm-free-energy-surrogate_Re3/Python_Codes/table/snapshots_split/Cu_600K_snap00060.extxyz,Cu,600,Cu__600,-0.0072682177852411,0.019206004702094364,0.026474222487335462,0.026474222487335462
/Users/yti0811/Desktop/FE_data/npj_CM01/NPJ_CM_Fig_Python/Public_Reproducibility_Package_V01/npjcm-free-energy-surrogate_Re3/Python_Codes/table/snapshots_split/Cu_600K_snap00061.extxyz,Cu,600,Cu__600,-0.0067285245141567,0.01959547987581718,0.02632400438997388,0.02632400438997388
/Users/yti0811/Desktop/FE_data/npj_CM01/NPJ_CM_Fig_Python/Public_Reproducibility_Package_V01/npjcm-free-energy-surrogate_Re3/Python_Codes/table/snapshots_split/Cu_600K_snap00062.extxyz,Cu,600,Cu__600,-0.0065598025162979,0.019155876287764394,0.025715678804062295,0.025715678804062295
/Users/yti0811/Desktop/FE_data/npj_CM01/NPJ_CM_Fig_Python/Public_Reproducibility_Package_V01/npjcm-free-energy-surrogate_Re3/Python_Codes/table/snapshots_split/Cu_600K_snap00063.extxyz,Cu,600,Cu__600,-0.0062594725253622,0.01925533401218694,0.02551480653754914,0.02551480653754914
/Users/yti0811/Desktop/FE_data/npj_CM01/NPJ_CM_Fig_Python/Public_Reproducibility_Package_V01/npjcm-free-energy-surrogate_Re3/Python_Codes/table/snapshots_split/Cu_600K_snap00064.extxyz,Cu,600,Cu__600,-0.006901237004833,0.019430571134461967,0.026331808139294966,0.026331808139294966
/Users/yti0811/Desktop/FE_data/npj_CM01/NPJ_CM_Fig_Python/Public_Reproducibility_Package_V01/npjcm-free-energy-surrogate_Re3/Python_Codes/table/snapshots_split/Cu_600K_snap00065.extxyz,Cu,600,Cu__600,-0.0067358098656925,0.01905105686473684,0.02578686673042934,0.02578686673042934
/Users/yti0811/Desktop/FE_data/npj_CM01/NPJ_CM_Fig_Python/Public_Reproducibility_Package_V01/npjcm-free-energy-surrogate_Re3/Python_Codes/table/snapshots_split/Cu_600K_snap00066.extxyz,Cu,600,Cu__600,-0.0064891951173188,0.01930947942021556,0.02579867453753436,0.02579867453753436
/Users/yti0811/Desktop/FE_data/npj_CM01/NPJ_CM_Fig_Python/Public_Reproducibility_Package_V01/npjcm-free-energy-surrogate_Re3/Python_Codes/table/snapshots_split/Cu_600K_snap00067.extxyz,Cu,600,Cu__600,-0.0065523982118306,0.0196487217694564,0.026201119981286998,0.026201119981286998
/Users/yti0811/Desktop/FE_data/npj_CM01/NPJ_CM_Fig_Python/Public_Reproducibility_Package_V01/npjcm-free-energy-surrogate_Re3/Python_Codes/table/snapshots_split/Cu_600K_snap00068.extxyz,Cu,600,Cu__600,-0.0061579259493672,0.019036019656938637,0.025193945606305838,0.025193945606305838
/Users/yti0811/Desktop/FE_data/npj_CM01/NPJ_CM_Fig_Python/Public_Reproducibility_Package_V01/npjcm-free-energy-surrogate_Re3/Python_Codes/table/snapshots_split/Cu_600K_snap00069.extxyz,Cu,600,Cu__600,-0.0067884241287597,0.01957321578439991,0.02636163991315961,0.02636163991315961
/Users/yti0811/Desktop/FE_data/npj_CM01/NPJ_CM_Fig_Python/Public_Reproducibility_Package_V01/npjcm-free-energy-surrogate_Re3/Python_Codes/table/snapshots_split/Cu_600K_snap00070.extxyz,Cu,600,Cu__600,-0.0063752367219253,0.01921916216982159,0.02559439889174689,0.02559439889174689
/Users/yti0811/Desktop/FE_data/npj_CM01/NPJ_CM_Fig_Python/Public_Reproducibility_Package_V01/npjcm-free-energy-surrogate_Re3/Python_Codes/table/snapshots_split/Cu_600K_snap00071.extxyz,Cu,600,Cu__600,-0.0069023931577673,0.01954184737369876,0.02644424053146606,0.02644424053146606
/Users/yti0811/Desktop/FE_data/npj_CM01/NPJ_CM_Fig_Python/Public_Reproducibility_Package_V01/npjcm-free-energy-surrogate_Re3/Python_Codes/table/snapshots_split/Cu_600K_snap00072.extxyz,Cu,600,Cu__600,-0.0063181368785917,0.01924948161780636,0.025567618496398062,0.025567618496398062
/Users/yti0811/Desktop/FE_data/npj_CM01/NPJ_CM_Fig_Python/Public_Reproducibility_Package_V01/npjcm-free-energy-surrogate_Re3/Python_Codes/table/snapshots_split/Cu_600K_snap00073.extxyz,Cu,600,Cu__600,-0.0063429168541045,0.019370215896362196,0.025713132750466695,0.025713132750466695
/Users/yti0811/Desktop/FE_data/npj_CM01/NPJ_CM_Fig_Python/Public_Reproducibility_Package_V01/npjcm-free-energy-surrogate_Re3/Python_Codes/table/snapshots_split/Cu_600K_snap00074.extxyz,Cu,600,Cu__600,-0.0069808347499539,0.019166150258388283,0.026146985008342182,0.026146985008342182
/Users/yti0811/Desktop/FE_data/npj_CM01/NPJ_CM_Fig_Python/Public_Reproducibility_Package_V01/npjcm-free-energy-surrogate_Re3/Python_Codes/table/snapshots_split/Cu_600K_snap00075.extxyz,Cu,600,Cu__600,-0.0062229727673462,0.019064485939142877,0.025287458706489078,0.025287458706489078
/Users/yti0811/Desktop/FE_data/npj_CM01/NPJ_CM_Fig_Python/Public_Reproducibility_Package_V01/npjcm-free-energy-surrogate_Re3/Python_Codes/table/snapshots_split/Cu_600K_snap00076.extxyz,Cu,600,Cu__600,-0.0066178398900457,0.019357625301873127,0.025975465191918828,0.025975465191918828
/Users/yti0811/Desktop/FE_data/npj_CM01/NPJ_CM_Fig_Python/Public_Reproducibility_Package_V01/npjcm-free-energy-surrogate_Re3/Python_Codes/table/snapshots_split/Cu_600K_snap00077.extxyz,Cu,600,Cu__600,-0.0068198965274873,0.019283724677774592,0.02610362120526189,0.02610362120526189
/Users/yti0811/Desktop/FE_data/npj_CM01/NPJ_CM_Fig_Python/Public_Reproducibility_Package_V01/npjcm-free-energy-surrogate_Re3/Python_Codes/table/snapshots_split/Cu_600K_snap00078.extxyz,Cu,600,Cu__600,-0.0064116719663153,0.019054339333820187,0.025466011300135486,0.025466011300135486
/Users/yti0811/Desktop/FE_data/npj_CM01/NPJ_CM_Fig_Python/Public_Reproducibility_Package_V01/npjcm-free-energy-surrogate_Re3/Python_Codes/table/snapshots_split/Cu_600K_snap00079.extxyz,Cu,600,Cu__600,-0.0061396558388419,0.019150552319299997,0.025290208158141897,0.025290208158141897
/Users/yti0811/Desktop/FE_data/npj_CM01/NPJ_CM_Fig_Python/Public_Reproducibility_Package_V01/npjcm-free-energy-surrogate_Re3/Python_Codes/table/snapshots_split/Cu_600K_snap00080.extxyz,Cu,600,Cu__600,-0.0064194524231554,0.01951351831793251,0.02593297074108791,0.02593297074108791
/Users/yti0811/Desktop/FE_data/npj_CM01/NPJ_CM_Fig_Python/Public_Reproducibility_Package_V01/npjcm-free-energy-surrogate_Re3/Python_Codes/table/snapshots_split/Cu_600K_snap00081.extxyz,Cu,600,Cu__600,-0.0067162935096501,0.019497840458644503,0.026214133968294605,0.026214133968294605
/Users/yti0811/Desktop/FE_data/npj_CM01/NPJ_CM_Fig_Python/Public_Reproducibility_Package_V01/npjcm-free-energy-surrogate_Re3/Python_Codes/table/snapshots_split/Cu_600K_snap00082.extxyz,Cu,600,Cu__600,-0.0067659129986122,0.01951553775980024,0.02628145075841244,0.02628145075841244
/Users/yti0811/Desktop/FE_data/npj_CM01/NPJ_CM_Fig_Python/Public_Reproducibility_Package_V01/npjcm-free-energy-surrogate_Re3/Python_Codes/table/snapshots_split/Cu_600K_snap00083.extxyz,Cu,600,Cu__600,-0.0064131224933764,0.01928482198403122,0.02569794447740762,0.02569794447740762
/Users/yti0811/Desktop/FE_data/npj_CM01/NPJ_CM_Fig_Python/Public_Reproducibility_Package_V01/npjcm-free-energy-surrogate_Re3/Python_Codes/table/snapshots_split/Cu_600K_snap00084.extxyz,Cu,600,Cu__600,-0.0066050069586712,0.019027909175001176,0.025632916133672377,0.025632916133672377
/Users/yti0811/Desktop/FE_data/npj_CM01/NPJ_CM_Fig_Python/Public_Reproducibility_Package_V01/npjcm-free-energy-surrogate_Re3/Python_Codes/table/snapshots_split/Cu_600K_snap00085.extxyz,Cu,600,Cu__600,-0.0066989135488108,0.019291807201722924,0.025990720750533724,0.025990720750533724
/Users/yti0811/Desktop/FE_data/npj_CM01/NPJ_CM_Fig_Python/Public_Reproducibility_Package_V01/npjcm-free-energy-surrogate_Re3/Python_Codes/table/snapshots_split/Cu_600K_snap00086.extxyz,Cu,600,Cu__600,-0.0067037565231941,0.019321360390178607,0.026025116913372708,0.026025116913372708
/Users/yti0811/Desktop/FE_data/npj_CM01/NPJ_CM_Fig_Python/Public_Reproducibility_Package_V01/npjcm-free-energy-surrogate_Re3/Python_Codes/table/snapshots_split/Cu_600K_snap00087.extxyz,Cu,600,Cu__600,-0.0065082203526313,0.019177251433027287,0.025685471785658588,0.025685471785658588
/Users/yti0811/Desktop/FE_data/npj_CM01/NPJ_CM_Fig_Python/Public_Reproducibility_Package_V01/npjcm-free-energy-surrogate_Re3/Python_Codes/table/snapshots_split/Cu_600K_snap00088.extxyz,Cu,600,Cu__600,-0.0069859173695386,0.01904705286240137,0.02603297023193997,0.02603297023193997
/Users/yti0811/Desktop/FE_data/npj_CM01/NPJ_CM_Fig_Python/Public_Reproducibility_Package_V01/npjcm-free-energy-surrogate_Re3/Python_Codes/table/snapshots_split/Cu_600K_snap00089.extxyz,Cu,600,Cu__600,-0.0067112011159643,0.01894531295631765,0.02565651407228195,0.02565651407228195
/Users/yti0811/Desktop/FE_data/npj_CM01/NPJ_CM_Fig_Python/Public_Reproducibility_Package_V01/npjcm-free-energy-surrogate_Re3/Python_Codes/table/snapshots_split/Cu_600K_snap00090.extxyz,Cu,600,Cu__600,-0.0069094867640159,0.019285708939096213,0.026195195703112115,0.026195195703112115
/Users/yti0811/Desktop/FE_data/npj_CM01/NPJ_CM_Fig_Python/Public_Reproducibility_Package_V01/npjcm-free-energy-surrogate_Re3/Python_Codes/table/snapshots_split/Cu_600K_snap00091.extxyz,Cu,600,Cu__600,-0.0069262075673942,0.019448681573308375,0.026374889140702577,0.026374889140702577
/Users/yti0811/Desktop/FE_data/npj_CM01/NPJ_CM_Fig_Python/Public_Reproducibility_Package_V01/npjcm-free-energy-surrogate_Re3/Python_Codes/table/snapshots_split/Cu_600K_snap00092.extxyz,Cu,600,Cu__600,-0.0066688028601417,0.019174041132240957,0.025842843992382656,0.025842843992382656
/Users/yti0811/Desktop/FE_data/npj_CM01/NPJ_CM_Fig_Python/Public_Reproducibility_Package_V01/npjcm-free-energy-surrogate_Re3/Python_Codes/table/snapshots_split/Cu_600K_snap00093.extxyz,Cu,600,Cu__600,-0.006161702472556,0.019218237476393146,0.025379939948949146,0.025379939948949146
/Users/yti0811/Desktop/FE_data/npj_CM01/NPJ_CM_Fig_Python/Public_Reproducibility_Package_V01/npjcm-free-energy-surrogate_Re3/Python_Codes/table/snapshots_split/Cu_600K_snap00094.extxyz,Cu,600,Cu__600,-0.0066574256283699,0.01921541347825875,0.02587283910662865,0.02587283910662865
/Users/yti0811/Desktop/FE_data/npj_CM01/NPJ_CM_Fig_Python/Public_Reproducibility_Package_V01/npjcm-free-energy-surrogate_Re3/Python_Codes/table/snapshots_split/Cu_600K_snap00095.extxyz,Cu,600,Cu__600,-0.0069755101017822,0.019676142903839393,0.02665165300562159,0.02665165300562159
/Users/yti0811/Desktop/FE_data/npj_CM01/NPJ_CM_Fig_Python/Public_Reproducibility_Package_V01/npjcm-free-energy-surrogate_Re3/Python_Codes/table/snapshots_split/Cu_600K_snap00096.extxyz,Cu,600,Cu__600,-0.0064327369261797,0.01963867986940149,0.02607141679558119,0.02607141679558119
/Users/yti0811/Desktop/FE_data/npj_CM01/NPJ_CM_Fig_Python/Public_Reproducibility_Package_V01/npjcm-free-energy-surrogate_Re3/Python_Codes/table/snapshots_split/Cu_600K_snap00097.extxyz,Cu,600,Cu__600,-0.0071418412930323,0.01936945999130444,0.02651130128433674,0.02651130128433674
/Users/yti0811/Desktop/FE_data/npj_CM01/NPJ_CM_Fig_Python/Public_Reproducibility_Package_V01/npjcm-free-energy-surrogate_Re3/Python_Codes/table/snapshots_split/Cu_600K_snap00098.extxyz,Cu,600,Cu__600,-0.0065570852426993,0.01912171343386587,0.025678798676565168,0.025678798676565168
/Users/yti0811/Desktop/FE_data/npj_CM01/NPJ_CM_Fig_Python/Public_Reproducibility_Package_V01/npjcm-free-energy-surrogate_Re3/Python_Codes/table/snapshots_split/Cu_600K_snap00099.extxyz,Cu,600,Cu__600,-0.0067940284774165,0.019603164034103938,0.026397192511520437,0.026397192511520437
/Users/yti0811/Desktop/FE_data/npj_CM01/NPJ_CM_Fig_Python/Public_Reproducibility_Package_V01/npjcm-free-energy-surrogate_Re3/Python_Codes/table/snapshots_split/Cu_700K_snap00000.extxyz,Cu,700,Cu__700,-0.0075896952242062,0.022623143429200354,0.030212838653406553,0.030212838653406553
/Users/yti0811/Desktop/FE_data/npj_CM01/NPJ_CM_Fig_Python/Public_Reproducibility_Package_V01/npjcm-free-energy-surrogate_Re3/Python_Codes/table/snapshots_split/Cu_700K_snap00001.extxyz,Cu,700,Cu__700,-0.0071307940370622,0.022317105426209845,0.029447899463272045,0.029447899463272045
/Users/yti0811/Desktop/FE_data/npj_CM01/NPJ_CM_Fig_Python/Public_Reproducibility_Package_V01/npjcm-free-energy-surrogate_Re3/Python_Codes/table/snapshots_split/Cu_700K_snap00002.extxyz,Cu,700,Cu__700,-0.0069147167725314,0.02245389001297123,0.02936860678550263,0.02936860678550263
/Users/yti0811/Desktop/FE_data/npj_CM01/NPJ_CM_Fig_Python/Public_Reproducibility_Package_V01/npjcm-free-energy-surrogate_Re3/Python_Codes/table/snapshots_split/Cu_700K_snap00003.extxyz,Cu,700,Cu__700,-0.0070165193015008,0.022403919081214554,0.029420438382715353,0.029420438382715353
/Users/yti0811/Desktop/FE_data/npj_CM01/NPJ_CM_Fig_Python/Public_Reproducibility_Package_V01/npjcm-free-energy-surrogate_Re3/Python_Codes/table/snapshots_split/Cu_700K_snap00004.extxyz,Cu,700,Cu__700,-0.007613877443753,0.02227022990149405,0.02988410734524705,0.02988410734524705
/Users/yti0811/Desktop/FE_data/npj_CM01/NPJ_CM_Fig_Python/Public_Reproducibility_Package_V01/npjcm-free-energy-surrogate_Re3/Python_Codes/table/snapshots_split/Cu_700K_snap00005.extxyz,Cu,700,Cu__700,-0.0071451703599769,0.02239227604595206,0.02953744640592896,0.02953744640592896
/Users/yti0811/Desktop/FE_data/npj_CM01/NPJ_CM_Fig_Python/Public_Reproducibility_Package_V01/npjcm-free-energy-surrogate_Re3/Python_Codes/table/snapshots_split/Cu_700K_snap00006.extxyz,Cu,700,Cu__700,-0.0071232945600463,0.02218649173089947,0.02930978629094577,0.02930978629094577
/Users/yti0811/Desktop/FE_data/npj_CM01/NPJ_CM_Fig_Python/Public_Reproducibility_Package_V01/npjcm-free-energy-surrogate_Re3/Python_Codes/table/snapshots_split/Cu_700K_snap00007.extxyz,Cu,700,Cu__700,-0.0073058062945776,0.022122368778660622,0.029428175073238222,0.029428175073238222
/Users/yti0811/Desktop/FE_data/npj_CM01/NPJ_CM_Fig_Python/Public_Reproducibility_Package_V01/npjcm-free-energy-surrogate_Re3/Python_Codes/table/snapshots_split/Cu_700K_snap00008.extxyz,Cu,700,Cu__700,-0.0072754699593573,0.022550372239285892,0.02982584219864319,0.02982584219864319
/Users/yti0811/Desktop/FE_data/npj_CM01/NPJ_CM_Fig_Python/Public_Reproducibility_Package_V01/npjcm-free-energy-surrogate_Re3/Python_Codes/table/snapshots_split/Cu_700K_snap00009.extxyz,Cu,700,Cu__700,-0.0077921637292581,0.02172937190791936,0.029521535637177458,0.029521535637177458
/Users/yti0811/Desktop/FE_data/npj_CM01/NPJ_CM_Fig_Python/Public_Reproducibility_Package_V01/npjcm-free-energy-surrogate_Re3/Python_Codes/table/snapshots_split/Cu_700K_snap00010.extxyz,Cu,700,Cu__700,-0.0076123397007441,0.02260113162131389,0.03021347132205799,0.03021347132205799
/Users/yti0811/Desktop/FE_data/npj_CM01/NPJ_CM_Fig_Python/Public_Reproducibility_Package_V01/npjcm-free-energy-surrogate_Re3/Python_Codes/table/snapshots_split/Cu_700K_snap00011.extxyz,Cu,700,Cu__700,-0.0074877517154867,0.022236213835303255,0.029723965550789953,0.029723965550789953
/Users/yti0811/Desktop/FE_data/npj_CM01/NPJ_CM_Fig_Python/Public_Reproducibility_Package_V01/npjcm-free-energy-surrogate_Re3/Python_Codes/table/snapshots_split/Cu_700K_snap00012.extxyz,Cu,700,Cu__700,-0.0072528634142765,0.022267499259774087,0.029520362674050588,0.029520362674050588
/Users/yti0811/Desktop/FE_data/npj_CM01/NPJ_CM_Fig_Python/Public_Reproducibility_Package_V01/npjcm-free-energy-surrogate_Re3/Python_Codes/table/snapshots_split/Cu_700K_snap00013.extxyz,Cu,700,Cu__700,-0.0077899116444426,0.022326056424128174,0.030115968068570774,0.030115968068570774
/Users/yti0811/Desktop/FE_data/npj_CM01/NPJ_CM_Fig_Python/Public_Reproducibility_Package_V01/npjcm-free-energy-surrogate_Re3/Python_Codes/table/snapshots_split/Cu_700K_snap00014.extxyz,Cu,700,Cu__700,-0.0074935790715591,0.02288085705783421,0.03037443612939331,0.03037443612939331
/Users/yti0811/Desktop/FE_data/npj_CM01/NPJ_CM_Fig_Python/Public_Reproducibility_Package_V01/npjcm-free-energy-surrogate_Re3/Python_Codes/table/snapshots_split/Cu_700K_snap00015.extxyz,Cu,700,Cu__700,-0.0070921601755029,0.022276265337664185,0.029368425513167085,0.029368425513167085
/Users/yti0811/Desktop/FE_data/npj_CM01/NPJ_CM_Fig_Python/Public_Reproducibility_Package_V01/npjcm-free-energy-surrogate_Re3/Python_Codes/table/snapshots_split/Cu_700K_snap00016.extxyz,Cu,700,Cu__700,-0.0067800890621001,0.02218808294805477,0.02896817201015487,0.02896817201015487
/Users/yti0811/Desktop/FE_data/npj_CM01/NPJ_CM_Fig_Python/Public_Reproducibility_Package_V01/npjcm-free-energy-surrogate_Re3/Python_Codes/table/snapshots_split/Cu_700K_snap00017.extxyz,Cu,700,Cu__700,-0.0077398800713031,0.022079538213996185,0.029819418285299285,0.029819418285299285
/Users/yti0811/Desktop/FE_data/npj_CM01/NPJ_CM_Fig_Python/Public_Reproducibility_Package_V01/npjcm-free-energy-surrogate_Re3/Python_Codes/table/snapshots_split/Cu_700K_snap00018.extxyz,Cu,700,Cu__700,-0.0073112546358278,0.022286472824688215,0.029597727460516015,0.029597727460516015
/Users/yti0811/Desktop/FE_data/npj_CM01/NPJ_CM_Fig_Python/Public_Reproducibility_Package_V01/npjcm-free-energy-surrogate_Re3/Python_Codes/table/snapshots_split/Cu_700K_snap00019.extxyz,Cu,700,Cu__700,-0.0082289888748412,0.022574519750834635,0.030803508625675838,0.030803508625675838
/Users/yti0811/Desktop/FE_data/npj_CM01/NPJ_CM_Fig_Python/Public_Reproducibility_Package_V01/npjcm-free-energy-surrogate_Re3/Python_Codes/table/snapshots_split/Cu_700K_snap00020.extxyz,Cu,700,Cu__700,-0.0073321103679726,0.022300792978497207,0.029632903346469806,0.029632903346469806
/Users/yti0811/Desktop/FE_data/npj_CM01/NPJ_CM_Fig_Python/Public_Reproducibility_Package_V01/npjcm-free-energy-surrogate_Re3/Python_Codes/table/snapshots_split/Cu_700K_snap00021.extxyz,Cu,700,Cu__700,-0.0071353609790756,0.022393295256155268,0.02952865623523087,0.02952865623523087
/Users/yti0811/Desktop/FE_data/npj_CM01/NPJ_CM_Fig_Python/Public_Reproducibility_Package_V01/npjcm-free-energy-surrogate_Re3/Python_Codes/table/snapshots_split/Cu_700K_snap00022.extxyz,Cu,700,Cu__700,-0.0075072088139152,0.02244180416115647,0.02994901297507167,0.02994901297507167
/Users/yti0811/Desktop/FE_data/npj_CM01/NPJ_CM_Fig_Python/Public_Reproducibility_Package_V01/npjcm-free-energy-surrogate_Re3/Python_Codes/table/snapshots_split/Cu_700K_snap00023.extxyz,Cu,700,Cu__700,-0.0071573322307288,0.02263432152032629,0.02979165375105509,0.02979165375105509
/Users/yti0811/Desktop/FE_data/npj_CM01/NPJ_CM_Fig_Python/Public_Reproducibility_Package_V01/npjcm-free-energy-surrogate_Re3/Python_Codes/table/snapshots_split/Cu_700K_snap00024.extxyz,Cu,700,Cu__700,-0.0072645536858113,0.02244989296142256,0.02971444664723386,0.02971444664723386
/Users/yti0811/Desktop/FE_data/npj_CM01/NPJ_CM_Fig_Python/Public_Reproducibility_Package_V01/npjcm-free-energy-surrogate_Re3/Python_Codes/table/snapshots_split/Cu_700K_snap00025.extxyz,Cu,700,Cu__700,-0.0079010795471477,0.0222470357490423,0.03014811529619,0.03014811529619
/Users/yti0811/Desktop/FE_data/npj_CM01/NPJ_CM_Fig_Python/Public_Reproducibility_Package_V01/npjcm-free-energy-surrogate_Re3/Python_Codes/table/snapshots_split/Cu_700K_snap00026.extxyz,Cu,700,Cu__700,-0.0073649430069207,0.022513291094247816,0.029878234101168515,0.029878234101168515
/Users/yti0811/Desktop/FE_data/npj_CM01/NPJ_CM_Fig_Python/Public_Reproducibility_Package_V01/npjcm-free-energy-surrogate_Re3/Python_Codes/table/snapshots_split/Cu_700K_snap00027.extxyz,Cu,700,Cu__700,-0.0072668507945776,0.02280319277931427,0.03007004357389187,0.03007004357389187
/Users/yti0811/Desktop/FE_data/npj_CM01/NPJ_CM_Fig_Python/Public_Reproducibility_Package_V01/npjcm-free-energy-surrogate_Re3/Python_Codes/table/snapshots_split/Cu_700K_snap00028.extxyz,Cu,700,Cu__700,-0.0074649644994522,0.0220637512750789,0.0295287157745311,0.0295287157745311
/Users/yti0811/Desktop/FE_data/npj_CM01/NPJ_CM_Fig_Python/Public_Reproducibility_Package_V01/npjcm-free-energy-surrogate_Re3/Python_Codes/table/snapshots_split/Cu_700K_snap00029.extxyz,Cu,700,Cu__700,-0.0071159045097151,0.021934304790778035,0.029050209300493134,0.029050209300493134
/Users/yti0811/Desktop/FE_data/npj_CM01/NPJ_CM_Fig_Python/Public_Reproducibility_Package_V01/npjcm-free-energy-surrogate_Re3/Python_Codes/table/snapshots_split/Cu_700K_snap00030.extxyz,Cu,700,Cu__700,-0.0074778013502305,0.02249563660141548,0.02997343795164598,0.02997343795164598
/Users/yti0811/Desktop/FE_data/npj_CM01/NPJ_CM_Fig_Python/Public_Reproducibility_Package_V01/npjcm-free-energy-surrogate_Re3/Python_Codes/table/snapshots_split/Cu_700K_snap00031.extxyz,Cu,700,Cu__700,-0.0077583487036345,0.022387523458244064,0.030145872161878563,0.030145872161878563
/Users/yti0811/Desktop/FE_data/npj_CM01/NPJ_CM_Fig_Python/Public_Reproducibility_Package_V01/npjcm-free-energy-surrogate_Re3/Python_Codes/table/snapshots_split/Cu_700K_snap00032.extxyz,Cu,700,Cu__700,-0.0074367578094787,0.022428975991592198,0.029865733801070896,0.029865733801070896
/Users/yti0811/Desktop/FE_data/npj_CM01/NPJ_CM_Fig_Python/Public_Reproducibility_Package_V01/npjcm-free-energy-surrogate_Re3/Python_Codes/table/snapshots_split/Cu_700K_snap00033.extxyz,Cu,700,Cu__700,-0.0072440738071562,0.021852897776210186,0.029096971583366386,0.029096971583366386
/Users/yti0811/Desktop/FE_data/npj_CM01/NPJ_CM_Fig_Python/Public_Reproducibility_Package_V01/npjcm-free-energy-surrogate_Re3/Python_Codes/table/snapshots_split/Cu_700K_snap00034.extxyz,Cu,700,Cu__700,-0.0072919577591095,0.022140417199161405,0.029432374958270904,0.029432374958270904
/Users/yti0811/Desktop/FE_data/npj_CM01/NPJ_CM_Fig_Python/Public_Reproducibility_Package_V01/npjcm-free-energy-surrogate_Re3/Python_Codes/table/snapshots_split/Cu_700K_snap00035.extxyz,Cu,700,Cu__700,-0.0067199773814363,0.022374574929076317,0.02909455231051262,0.02909455231051262
/Users/yti0811/Desktop/FE_data/npj_CM01/NPJ_CM_Fig_Python/Public_Reproducibility_Package_V01/npjcm-free-energy-surrogate_Re3/Python_Codes/table/snapshots_split/Cu_700K_snap00036.extxyz,Cu,700,Cu__700,-0.0073047918401292,0.0226992463291701,0.0300040381692993,0.0300040381692993
/Users/yti0811/Desktop/FE_data/npj_CM01/NPJ_CM_Fig_Python/Public_Reproducibility_Package_V01/npjcm-free-energy-surrogate_Re3/Python_Codes/table/snapshots_split/Cu_700K_snap00037.extxyz,Cu,700,Cu__700,-0.0070455728136285,0.022330689407980595,0.029376262221609092,0.029376262221609092
/Users/yti0811/Desktop/FE_data/npj_CM01/NPJ_CM_Fig_Python/Public_Reproducibility_Package_V01/npjcm-free-energy-surrogate_Re3/Python_Codes/table/snapshots_split/Cu_700K_snap00038.extxyz,Cu,700,Cu__700,-0.007572794024387,0.02254481443505217,0.03011760845943917,0.03011760845943917
/Users/yti0811/Desktop/FE_data/npj_CM01/NPJ_CM_Fig_Python/Public_Reproducibility_Package_V01/npjcm-free-energy-surrogate_Re3/Python_Codes/table/snapshots_split/Cu_700K_snap00039.extxyz,Cu,700,Cu__700,-0.0069225958415615,0.022282612962255862,0.029205208803817363,0.029205208803817363
/Users/yti0811/Desktop/FE_data/npj_CM01/NPJ_CM_Fig_Python/Public_Reproducibility_Package_V01/npjcm-free-energy-surrogate_Re3/Python_Codes/table/snapshots_split/Cu_700K_snap00040.extxyz,Cu,700,Cu__700,-0.0078737167507785,0.022750314228255707,0.030624030979034204,0.030624030979034204
/Users/yti0811/Desktop/FE_data/npj_CM01/NPJ_CM_Fig_Python/Public_Reproducibility_Package_V01/npjcm-free-energy-surrogate_Re3/Python_Codes/table/snapshots_split/Cu_700K_snap00041.extxyz,Cu,700,Cu__700,-0.0070283253103664,0.022227797641357534,0.029256122951723935,0.029256122951723935
/Users/yti0811/Desktop/FE_data/npj_CM01/NPJ_CM_Fig_Python/Public_Reproducibility_Package_V01/npjcm-free-energy-surrogate_Re3/Python_Codes/table/snapshots_split/Cu_700K_snap00042.extxyz,Cu,700,Cu__700,-0.0072388132990386,0.022602760403003987,0.029841573702042587,0.029841573702042587
/Users/yti0811/Desktop/FE_data/npj_CM01/NPJ_CM_Fig_Python/Public_Reproducibility_Package_V01/npjcm-free-energy-surrogate_Re3/Python_Codes/table/snapshots_split/Cu_700K_snap00043.extxyz,Cu,700,Cu__700,-0.007253341467617,0.02266122445961982,0.02991456592723682,0.02991456592723682
/Users/yti0811/Desktop/FE_data/npj_CM01/NPJ_CM_Fig_Python/Public_Reproducibility_Package_V01/npjcm-free-energy-surrogate_Re3/Python_Codes/table/snapshots_split/Cu_700K_snap00044.extxyz,Cu,700,Cu__700,-0.0074079282946793,0.02251624100741836,0.02992416930209766,0.02992416930209766
/Users/yti0811/Desktop/FE_data/npj_CM01/NPJ_CM_Fig_Python/Public_Reproducibility_Package_V01/npjcm-free-energy-surrogate_Re3/Python_Codes/table/snapshots_split/Cu_700K_snap00045.extxyz,Cu,700,Cu__700,-0.0072593924271318,0.022242879734081806,0.029502272161213608,0.029502272161213608
/Users/yti0811/Desktop/FE_data/npj_CM01/NPJ_CM_Fig_Python/Public_Reproducibility_Package_V01/npjcm-free-energy-surrogate_Re3/Python_Codes/table/snapshots_split/Cu_700K_snap00046.extxyz,Cu,700,Cu__700,-0.0070030729354704,0.02266032852393185,0.02966340145940225,0.02966340145940225
/Users/yti0811/Desktop/FE_data/npj_CM01/NPJ_CM_Fig_Python/Public_Reproducibility_Package_V01/npjcm-free-energy-surrogate_Re3/Python_Codes/table/snapshots_split/Cu_700K_snap00047.extxyz,Cu,700,Cu__700,-0.0066335814868183,0.02228365081939218,0.02891723230621048,0.02891723230621048
/Users/yti0811/Desktop/FE_data/npj_CM01/NPJ_CM_Fig_Python/Public_Reproducibility_Package_V01/npjcm-free-energy-surrogate_Re3/Python_Codes/table/snapshots_split/Cu_700K_snap00048.extxyz,Cu,700,Cu__700,-0.0072916068591493,0.022206998720339956,0.029498605579489256,0.029498605579489256
/Users/yti0811/Desktop/FE_data/npj_CM01/NPJ_CM_Fig_Python/Public_Reproducibility_Package_V01/npjcm-free-energy-surrogate_Re3/Python_Codes/table/snapshots_split/Cu_700K_snap00049.extxyz,Cu,700,Cu__700,-0.0076610178165295,0.022436412628294156,0.030097430444823655,0.030097430444823655
/Users/yti0811/Desktop/FE_data/npj_CM01/NPJ_CM_Fig_Python/Public_Reproducibility_Package_V01/npjcm-free-energy-surrogate_Re3/Python_Codes/table/snapshots_split/Cu_700K_snap00050.extxyz,Cu,700,Cu__700,-0.0074053223462928,0.022602962134724028,0.030008284481016827,0.030008284481016827
/Users/yti0811/Desktop/FE_data/npj_CM01/NPJ_CM_Fig_Python/Public_Reproducibility_Package_V01/npjcm-free-energy-surrogate_Re3/Python_Codes/table/snapshots_split/Cu_700K_snap00051.extxyz,Cu,700,Cu__700,-0.0076423114899404,0.022595613459214438,0.030237924949154837,0.030237924949154837
/Users/yti0811/Desktop/FE_data/npj_CM01/NPJ_CM_Fig_Python/Public_Reproducibility_Package_V01/npjcm-free-energy-surrogate_Re3/Python_Codes/table/snapshots_split/Cu_700K_snap00052.extxyz,Cu,700,Cu__700,-0.0077357974939038,0.022455873897931335,0.030191671391835134,0.030191671391835134
/Users/yti0811/Desktop/FE_data/npj_CM01/NPJ_CM_Fig_Python/Public_Reproducibility_Package_V01/npjcm-free-energy-surrogate_Re3/Python_Codes/table/snapshots_split/Cu_700K_snap00053.extxyz,Cu,700,Cu__700,-0.0073143515816858,0.022429595699134733,0.029743947280820533,0.029743947280820533
/Users/yti0811/Desktop/FE_data/npj_CM01/NPJ_CM_Fig_Python/Public_Reproducibility_Package_V01/npjcm-free-energy-surrogate_Re3/Python_Codes/table/snapshots_split/Cu_700K_snap00054.extxyz,Cu,700,Cu__700,-0.0071192217626017,0.022578701915055743,0.02969792367765744,0.02969792367765744
/Users/yti0811/Desktop/FE_data/npj_CM01/NPJ_CM_Fig_Python/Public_Reproducibility_Package_V01/npjcm-free-energy-surrogate_Re3/Python_Codes/table/snapshots_split/Cu_700K_snap00055.extxyz,Cu,700,Cu__700,-0.0071849306198113,0.022192771830873356,0.029377702450684655,0.029377702450684655
/Users/yti0811/Desktop/FE_data/npj_CM01/NPJ_CM_Fig_Python/Public_Reproducibility_Package_V01/npjcm-free-energy-surrogate_Re3/Python_Codes/table/snapshots_split/Cu_700K_snap00056.extxyz,Cu,700,Cu__700,-0.0073951594748023,0.02259104520185537,0.02998620467665767,0.02998620467665767
/Users/yti0811/Desktop/FE_data/npj_CM01/NPJ_CM_Fig_Python/Public_Reproducibility_Package_V01/npjcm-free-energy-surrogate_Re3/Python_Codes/table/snapshots_split/Cu_700K_snap00057.extxyz,Cu,700,Cu__700,-0.0067527222624661,0.02206685986545521,0.02881958212792131,0.02881958212792131
/Users/yti0811/Desktop/FE_data/npj_CM01/NPJ_CM_Fig_Python/Public_Reproducibility_Package_V01/npjcm-free-energy-surrogate_Re3/Python_Codes/table/snapshots_split/Cu_700K_snap00058.extxyz,Cu,700,Cu__700,-0.0073226136660909,0.02199472831728513,0.02931734198337603,0.02931734198337603
/Users/yti0811/Desktop/FE_data/npj_CM01/NPJ_CM_Fig_Python/Public_Reproducibility_Package_V01/npjcm-free-energy-surrogate_Re3/Python_Codes/table/snapshots_split/Cu_700K_snap00059.extxyz,Cu,700,Cu__700,-0.0071951709926019,0.022293605692186576,0.029488776684788477,0.029488776684788477
/Users/yti0811/Desktop/FE_data/npj_CM01/NPJ_CM_Fig_Python/Public_Reproducibility_Package_V01/npjcm-free-energy-surrogate_Re3/Python_Codes/table/snapshots_split/Cu_700K_snap00060.extxyz,Cu,700,Cu__700,-0.0075741495879786,0.02205861119195491,0.029632760779933508,0.029632760779933508
/Users/yti0811/Desktop/FE_data/npj_CM01/NPJ_CM_Fig_Python/Public_Reproducibility_Package_V01/npjcm-free-energy-surrogate_Re3/Python_Codes/table/snapshots_split/Cu_700K_snap00061.extxyz,Cu,700,Cu__700,-0.0075122586722706,0.022224071732739267,0.029736330405009868,0.029736330405009868
/Users/yti0811/Desktop/FE_data/npj_CM01/NPJ_CM_Fig_Python/Public_Reproducibility_Package_V01/npjcm-free-energy-surrogate_Re3/Python_Codes/table/snapshots_split/Cu_700K_snap00062.extxyz,Cu,700,Cu__700,-0.006632758777709,0.021933219546056572,0.028565978323765572,0.028565978323765572
/Users/yti0811/Desktop/FE_data/npj_CM01/NPJ_CM_Fig_Python/Public_Reproducibility_Package_V01/npjcm-free-energy-surrogate_Re3/Python_Codes/table/snapshots_split/Cu_700K_snap00063.extxyz,Cu,700,Cu__700,-0.0072362685290412,0.0223317019026973,0.0295679704317385,0.0295679704317385
/Users/yti0811/Desktop/FE_data/npj_CM01/NPJ_CM_Fig_Python/Public_Reproducibility_Package_V01/npjcm-free-energy-surrogate_Re3/Python_Codes/table/snapshots_split/Cu_700K_snap00064.extxyz,Cu,700,Cu__700,-0.0074411101233733,0.022953314827465723,0.030394424950839022,0.030394424950839022
/Users/yti0811/Desktop/FE_data/npj_CM01/NPJ_CM_Fig_Python/Public_Reproducibility_Package_V01/npjcm-free-energy-surrogate_Re3/Python_Codes/table/snapshots_split/Cu_700K_snap00065.extxyz,Cu,700,Cu__700,-0.0070062016167254,0.02196736271324501,0.02897356432997041,0.02897356432997041
/Users/yti0811/Desktop/FE_data/npj_CM01/NPJ_CM_Fig_Python/Public_Reproducibility_Package_V01/npjcm-free-energy-surrogate_Re3/Python_Codes/table/snapshots_split/Cu_700K_snap00066.extxyz,Cu,700,Cu__700,-0.0069676156371143,0.022432968835687277,0.029400584472801576,0.029400584472801576
/Users/yti0811/Desktop/FE_data/npj_CM01/NPJ_CM_Fig_Python/Public_Reproducibility_Package_V01/npjcm-free-energy-surrogate_Re3/Python_Codes/table/snapshots_split/Cu_700K_snap00067.extxyz,Cu,700,Cu__700,-0.007229107991314,0.02304161111430695,0.03027071910562095,0.03027071910562095
/Users/yti0811/Desktop/FE_data/npj_CM01/NPJ_CM_Fig_Python/Public_Reproducibility_Package_V01/npjcm-free-energy-surrogate_Re3/Python_Codes/table/snapshots_split/Cu_700K_snap00068.extxyz,Cu,700,Cu__700,-0.0064905418368537,0.022080970976682806,0.028571512813536506,0.028571512813536506
/Users/yti0811/Desktop/FE_data/npj_CM01/NPJ_CM_Fig_Python/Public_Reproducibility_Package_V01/npjcm-free-energy-surrogate_Re3/Python_Codes/table/snapshots_split/Cu_700K_snap00069.extxyz,Cu,700,Cu__700,-0.0075616330364314,0.02250339762373501,0.03006503066016641,0.03006503066016641
/Users/yti0811/Desktop/FE_data/npj_CM01/NPJ_CM_Fig_Python/Public_Reproducibility_Package_V01/npjcm-free-energy-surrogate_Re3/Python_Codes/table/snapshots_split/Cu_700K_snap00070.extxyz,Cu,700,Cu__700,-0.006858633506978,0.022369671503240922,0.029228305010218922,0.029228305010218922
/Users/yti0811/Desktop/FE_data/npj_CM01/NPJ_CM_Fig_Python/Public_Reproducibility_Package_V01/npjcm-free-energy-surrogate_Re3/Python_Codes/table/snapshots_split/Cu_700K_snap00071.extxyz,Cu,700,Cu__700,-0.007714940291015,0.02251060042518402,0.03022554071619902,0.03022554071619902
/Users/yti0811/Desktop/FE_data/npj_CM01/NPJ_CM_Fig_Python/Public_Reproducibility_Package_V01/npjcm-free-energy-surrogate_Re3/Python_Codes/table/snapshots_split/Cu_700K_snap00072.extxyz,Cu,700,Cu__700,-0.0073906881005874,0.022598757246834394,0.029989445347421793,0.029989445347421793
/Users/yti0811/Desktop/FE_data/npj_CM01/NPJ_CM_Fig_Python/Public_Reproducibility_Package_V01/npjcm-free-energy-surrogate_Re3/Python_Codes/table/snapshots_split/Cu_700K_snap00073.extxyz,Cu,700,Cu__700,-0.0075742180194862,0.022422931836379514,0.029997149855865712,0.029997149855865712
/Users/yti0811/Desktop/FE_data/npj_CM01/NPJ_CM_Fig_Python/Public_Reproducibility_Package_V01/npjcm-free-energy-surrogate_Re3/Python_Codes/table/snapshots_split/Cu_700K_snap00074.extxyz,Cu,700,Cu__700,-0.0070689329490132,0.022619525564889168,0.029688458513902366,0.029688458513902366
/Users/yti0811/Desktop/FE_data/npj_CM01/NPJ_CM_Fig_Python/Public_Reproducibility_Package_V01/npjcm-free-energy-surrogate_Re3/Python_Codes/table/snapshots_split/Cu_700K_snap00075.extxyz,Cu,700,Cu__700,-0.0076338285895516,0.022620455233886696,0.030254283823438297,0.030254283823438297
/Users/yti0811/Desktop/FE_data/npj_CM01/NPJ_CM_Fig_Python/Public_Reproducibility_Package_V01/npjcm-free-energy-surrogate_Re3/Python_Codes/table/snapshots_split/Cu_700K_snap00076.extxyz,Cu,700,Cu__700,-0.0078678716494751,0.022392493382826575,0.030260365032301676,0.030260365032301676
/Users/yti0811/Desktop/FE_data/npj_CM01/NPJ_CM_Fig_Python/Public_Reproducibility_Package_V01/npjcm-free-energy-surrogate_Re3/Python_Codes/table/snapshots_split/Cu_700K_snap00077.extxyz,Cu,700,Cu__700,-0.0068720955100378,0.022450084489385565,0.029322179999423367,0.029322179999423367
/Users/yti0811/Desktop/FE_data/npj_CM01/NPJ_CM_Fig_Python/Public_Reproducibility_Package_V01/npjcm-free-energy-surrogate_Re3/Python_Codes/table/snapshots_split/Cu_700K_snap00078.extxyz,Cu,700,Cu__700,-0.0071399664248488,0.02222519376785153,0.02936516019270033,0.02936516019270033
/Users/yti0811/Desktop/FE_data/npj_CM01/NPJ_CM_Fig_Python/Public_Reproducibility_Package_V01/npjcm-free-energy-surrogate_Re3/Python_Codes/table/snapshots_split/Cu_700K_snap00079.extxyz,Cu,700,Cu__700,-0.0067830318823014,0.021896736804635032,0.028679768686936433,0.028679768686936433
/Users/yti0811/Desktop/FE_data/npj_CM01/NPJ_CM_Fig_Python/Public_Reproducibility_Package_V01/npjcm-free-energy-surrogate_Re3/Python_Codes/table/snapshots_split/Cu_700K_snap00080.extxyz,Cu,700,Cu__700,-0.0072253553817931,0.022188804138823216,0.029414159520616316,0.029414159520616316
/Users/yti0811/Desktop/FE_data/npj_CM01/NPJ_CM_Fig_Python/Public_Reproducibility_Package_V01/npjcm-free-energy-surrogate_Re3/Python_Codes/table/snapshots_split/Cu_700K_snap00081.extxyz,Cu,700,Cu__700,-0.0071488257138086,0.022122600742849188,0.029271426456657788,0.029271426456657788
/Users/yti0811/Desktop/FE_data/npj_CM01/NPJ_CM_Fig_Python/Public_Reproducibility_Package_V01/npjcm-free-energy-surrogate_Re3/Python_Codes/table/snapshots_split/Cu_700K_snap00082.extxyz,Cu,700,Cu__700,-0.0076900860431557,0.022356568175476994,0.030046654218632694,0.030046654218632694
/Users/yti0811/Desktop/FE_data/npj_CM01/NPJ_CM_Fig_Python/Public_Reproducibility_Package_V01/npjcm-free-energy-surrogate_Re3/Python_Codes/table/snapshots_split/Cu_700K_snap00083.extxyz,Cu,700,Cu__700,-0.0076225349775038,0.02261252500971372,0.03023505998721752,0.03023505998721752
/Users/yti0811/Desktop/FE_data/npj_CM01/NPJ_CM_Fig_Python/Public_Reproducibility_Package_V01/npjcm-free-energy-surrogate_Re3/Python_Codes/table/snapshots_split/Cu_700K_snap00084.extxyz,Cu,700,Cu__700,-0.0072642264061755,0.022846921945917316,0.030111148352092817,0.030111148352092817
/Users/yti0811/Desktop/FE_data/npj_CM01/NPJ_CM_Fig_Python/Public_Reproducibility_Package_V01/npjcm-free-energy-surrogate_Re3/Python_Codes/table/snapshots_split/Cu_700K_snap00085.extxyz,Cu,700,Cu__700,-0.0069428163308018,0.022388326445243988,0.029331142776045788,0.029331142776045788
/Users/yti0811/Desktop/FE_data/npj_CM01/NPJ_CM_Fig_Python/Public_Reproducibility_Package_V01/npjcm-free-energy-surrogate_Re3/Python_Codes/table/snapshots_split/Cu_700K_snap00086.extxyz,Cu,700,Cu__700,-0.0070747646251214,0.02272494244252135,0.02979970706764275,0.02979970706764275
/Users/yti0811/Desktop/FE_data/npj_CM01/NPJ_CM_Fig_Python/Public_Reproducibility_Package_V01/npjcm-free-energy-surrogate_Re3/Python_Codes/table/snapshots_split/Cu_700K_snap00087.extxyz,Cu,700,Cu__700,-0.0068190679395836,0.02238713088976982,0.02920619882935342,0.02920619882935342
/Users/yti0811/Desktop/FE_data/npj_CM01/NPJ_CM_Fig_Python/Public_Reproducibility_Package_V01/npjcm-free-energy-surrogate_Re3/Python_Codes/table/snapshots_split/Cu_700K_snap00088.extxyz,Cu,700,Cu__700,-0.0076006075610821,0.022323740190281688,0.029924347751363788,0.029924347751363788
/Users/yti0811/Desktop/FE_data/npj_CM01/NPJ_CM_Fig_Python/Public_Reproducibility_Package_V01/npjcm-free-energy-surrogate_Re3/Python_Codes/table/snapshots_split/Cu_700K_snap00089.extxyz,Cu,700,Cu__700,-0.0067584818124901,0.02238323391847186,0.02914171573096196,0.02914171573096196
/Users/yti0811/Desktop/FE_data/npj_CM01/NPJ_CM_Fig_Python/Public_Reproducibility_Package_V01/npjcm-free-energy-surrogate_Re3/Python_Codes/table/snapshots_split/Cu_700K_snap00090.extxyz,Cu,700,Cu__700,-0.0069943246862627,0.022219602340747994,0.029213927027010693,0.029213927027010693
/Users/yti0811/Desktop/FE_data/npj_CM01/NPJ_CM_Fig_Python/Public_Reproducibility_Package_V01/npjcm-free-energy-surrogate_Re3/Python_Codes/table/snapshots_split/Cu_700K_snap00091.extxyz,Cu,700,Cu__700,-0.0073636148835596,0.022100035306569215,0.029463650190128816,0.029463650190128816
/Users/yti0811/Desktop/FE_data/npj_CM01/NPJ_CM_Fig_Python/Public_Reproducibility_Package_V01/npjcm-free-energy-surrogate_Re3/Python_Codes/table/snapshots_split/Cu_700K_snap00092.extxyz,Cu,700,Cu__700,-0.0075457933259788,0.02207773569783786,0.02962352902381666,0.02962352902381666
/Users/yti0811/Desktop/FE_data/npj_CM01/NPJ_CM_Fig_Python/Public_Reproducibility_Package_V01/npjcm-free-energy-surrogate_Re3/Python_Codes/table/snapshots_split/Cu_700K_snap00093.extxyz,Cu,700,Cu__700,-0.0073521678704746,0.02254896383320784,0.029901131703682443,0.029901131703682443
/Users/yti0811/Desktop/FE_data/npj_CM01/NPJ_CM_Fig_Python/Public_Reproducibility_Package_V01/npjcm-free-energy-surrogate_Re3/Python_Codes/table/snapshots_split/Cu_700K_snap00094.extxyz,Cu,700,Cu__700,-0.0075165343367207,0.022312203590758726,0.029828737927479428,0.029828737927479428
/Users/yti0811/Desktop/FE_data/npj_CM01/NPJ_CM_Fig_Python/Public_Reproducibility_Package_V01/npjcm-free-energy-surrogate_Re3/Python_Codes/table/snapshots_split/Cu_700K_snap00095.extxyz,Cu,700,Cu__700,-0.0071526122486671,0.022800414031117638,0.029953026279784738,0.029953026279784738
/Users/yti0811/Desktop/FE_data/npj_CM01/NPJ_CM_Fig_Python/Public_Reproducibility_Package_V01/npjcm-free-energy-surrogate_Re3/Python_Codes/table/snapshots_split/Cu_700K_snap00096.extxyz,Cu,700,Cu__700,-0.006851257414133,0.022319574195986812,0.02917083161011981,0.02917083161011981
/Users/yti0811/Desktop/FE_data/npj_CM01/NPJ_CM_Fig_Python/Public_Reproducibility_Package_V01/npjcm-free-energy-surrogate_Re3/Python_Codes/table/snapshots_split/Cu_700K_snap00097.extxyz,Cu,700,Cu__700,-0.0075772884384448,0.022104125659788188,0.029681414098232987,0.029681414098232987
/Users/yti0811/Desktop/FE_data/npj_CM01/NPJ_CM_Fig_Python/Public_Reproducibility_Package_V01/npjcm-free-energy-surrogate_Re3/Python_Codes/table/snapshots_split/Cu_700K_snap00098.extxyz,Cu,700,Cu__700,-0.0076589562813873,0.02254542299640068,0.03020437927778798,0.03020437927778798
/Users/yti0811/Desktop/FE_data/npj_CM01/NPJ_CM_Fig_Python/Public_Reproducibility_Package_V01/npjcm-free-energy-surrogate_Re3/Python_Codes/table/snapshots_split/Cu_700K_snap00099.extxyz,Cu,700,Cu__700,-0.0072247072146252,0.02262527123356104,0.02984997844818624,0.02984997844818624
