split_type,held_out_system,held_out_temperature,system,T,FANC_eVatom,F0_eVatom,dFraw_T0_mean,dFres_eVatom,dFres_pred,Fhat_pred,signed_error_absF,absolute_error_absF,signed_error_dFres,absolute_error_dFres,snap,timestep,source_row_position,selected_model
low_to_high_transfer,,,alpha-TiAl,600.0,-4.92700903,-4.412569021463218,-0.2125885662818252,-0.3018514422549563,-0.30402042589377953,-4.929178013638823,-0.0021689836388230077,0.0021689836388230077,-0.0021689836388232298,0.0021689836388232298,0,301000,300,backbone_ridge
low_to_high_transfer,,,alpha-TiAl,600.0,-4.92700903,-4.411953708052113,-0.2125885662818252,-0.3024667556660612,-0.3039835066800628,-4.9285257810140015,-0.001516751014001727,0.001516751014001727,-0.001516751014001616,0.001516751014001616,1,302000,301,backbone_ridge
low_to_high_transfer,,,alpha-TiAl,600.0,-4.92700903,-4.412839582390061,-0.2125885662818252,-0.301580881328114,-0.304105288579145,-4.929533437251031,-0.002524407251031313,0.002524407251031313,-0.00252440725103098,0.00252440725103098,2,303000,302,backbone_ridge
low_to_high_transfer,,,alpha-TiAl,600.0,-4.92700903,-4.41179675965726,-0.2125885662818252,-0.302623704060915,-0.3041338760994725,-4.928519202038557,-0.0015101720385573003,0.0015101720385573003,-0.0015101720385575224,0.0015101720385575224,3,304000,303,backbone_ridge
low_to_high_transfer,,,alpha-TiAl,600.0,-4.92700903,-4.411991162640245,-0.2125885662818252,-0.3024293010779297,-0.30405956589467215,-4.928639294816742,-0.0016302648167423328,0.0016302648167423328,-0.0016302648167424438,0.0016302648167424438,4,305000,304,backbone_ridge
low_to_high_transfer,,,alpha-TiAl,600.0,-4.92700903,-4.411941175235899,-0.2125885662818252,-0.3024792884822753,-0.30390096563258334,-4.928430707150308,-0.0014216771503079428,0.0014216771503079428,-0.0014216771503080539,0.0014216771503080539,5,306000,305,backbone_ridge
low_to_high_transfer,,,alpha-TiAl,600.0,-4.92700903,-4.412531107463964,-0.2125885662818252,-0.3018893562542102,-0.30404082966402535,-4.929160503409815,-0.002151473409814919,0.002151473409814919,-0.002151473409815141,0.002151473409815141,6,307000,306,backbone_ridge
low_to_high_transfer,,,alpha-TiAl,600.0,-4.92700903,-4.411626736708662,-0.2125885662818252,-0.3027937270095124,-0.3040790386923755,-4.928294341682863,-0.001285311682862833,0.001285311682862833,-0.0012853116828631106,0.0012853116828631106,7,308000,307,backbone_ridge
low_to_high_transfer,,,alpha-TiAl,600.0,-4.92700903,-4.412058178811342,-0.2125885662818252,-0.3023622849068328,-0.30409357029078204,-4.928740315383949,-0.001731285383948844,0.001731285383948844,-0.0017312853839492326,0.0017312853839492326,8,309000,308,backbone_ridge
low_to_high_transfer,,,alpha-TiAl,600.0,-4.92700903,-4.4121213383395235,-0.2125885662818252,-0.3022991253786511,-0.30397372725416666,-4.928683631875515,-0.0016746018755151582,0.0016746018755151582,-0.0016746018755155467,0.0016746018755155467,9,310000,309,backbone_ridge
low_to_high_transfer,,,alpha-TiAl,600.0,-4.92700903,-4.411708509556256,-0.2125885662818252,-0.3027119541619187,-0.3040823132780985,-4.92837938911618,-0.0013703591161799977,0.0013703591161799977,-0.0013703591161797757,0.0013703591161797757,10,311000,310,backbone_ridge
low_to_high_transfer,,,alpha-TiAl,600.0,-4.92700903,-4.4119509454455,-0.2125885662818252,-0.3024695182726749,-0.30396393439055663,-4.928503446117881,-0.0014944161178815918,0.0014944161178815918,-0.0014944161178817583,0.0014944161178817583,11,312000,311,backbone_ridge
low_to_high_transfer,,,alpha-TiAl,600.0,-4.92700903,-4.4117983456281555,-0.2125885662818252,-0.302622118090019,-0.30401940572785313,-4.928406317637834,-0.0013972876378343102,0.0013972876378343102,-0.0013972876378341437,0.0013972876378341437,12,313000,312,backbone_ridge
low_to_high_transfer,,,alpha-TiAl,600.0,-4.92700903,-4.412048191153518,-0.2125885662818252,-0.3023722725646562,-0.3040977185927052,-4.9287344760280485,-0.0017254460280486938,0.0017254460280486938,-0.0017254460280489714,0.0017254460280489714,13,314000,313,backbone_ridge
low_to_high_transfer,,,alpha-TiAl,600.0,-4.92700903,-4.41199357688811,-0.2125885662818252,-0.302426886830065,-0.30404382827354265,-4.928625971443477,-0.0016169414434772378,0.0016169414434772378,-0.0016169414434776264,0.0016169414434776264,14,315000,314,backbone_ridge
low_to_high_transfer,,,alpha-TiAl,600.0,-4.92700903,-4.412293813235207,-0.2125885662818252,-0.3021266504829674,-0.30404864181536434,-4.928931021332397,-0.0019219913323968996,0.0019219913323968996,-0.001921991332396955,0.001921991332396955,15,316000,315,backbone_ridge
low_to_high_transfer,,,alpha-TiAl,600.0,-4.92700903,-4.411958816490947,-0.2125885662818252,-0.3024616472272274,-0.30393887664791036,-4.928486259420683,-0.0014772294206828462,0.0014772294206828462,-0.0014772294206829573,0.0014772294206829573,16,317000,316,backbone_ridge
low_to_high_transfer,,,alpha-TiAl,600.0,-4.92700903,-4.4122181529074505,-0.2125885662818252,-0.3022023108107241,-0.3040340190733379,-4.928840738262614,-0.001831708262614029,0.001831708262614029,-0.001831708262613807,0.001831708262613807,17,318000,317,backbone_ridge
low_to_high_transfer,,,alpha-TiAl,600.0,-4.92700903,-4.4124180514071565,-0.2125885662818252,-0.3020024123110181,-0.3041187489627742,-4.929125366651756,-0.0021163366517562565,0.0021163366517562565,-0.00211633665175609,0.00211633665175609,18,319000,318,backbone_ridge
low_to_high_transfer,,,alpha-TiAl,600.0,-4.92700903,-4.412243222781635,-0.2125885662818252,-0.3021772409365395,-0.30392315406917264,-4.928754943132633,-0.00174591313263317,0.00174591313263317,-0.0017459131326331145,0.0017459131326331145,19,320000,319,backbone_ridge
low_to_high_transfer,,,alpha-TiAl,600.0,-4.92700903,-4.411678123516585,-0.2125885662818252,-0.3027423402015898,-0.3041319319079093,-4.928398621706319,-0.0013895917063191376,0.0013895917063191376,-0.0013895917063195262,0.0013895917063195262,20,321000,320,backbone_ridge
low_to_high_transfer,,,alpha-TiAl,600.0,-4.92700903,-4.411834726389945,-0.2125885662818252,-0.3025857373282292,-0.30403853981386064,-4.928461832485631,-0.0014528024856312882,0.0014528024856312882,-0.0014528024856314548,0.0014528024856314548,21,322000,321,backbone_ridge
low_to_high_transfer,,,alpha-TiAl,600.0,-4.92700903,-4.411927865148365,-0.2125885662818252,-0.3024925985698097,-0.30389132237206096,-4.928407753802251,-0.001398723802251034,0.001398723802251034,-0.001398723802251256,0.001398723802251256,22,323000,322,backbone_ridge
low_to_high_transfer,,,alpha-TiAl,600.0,-4.92700903,-4.412030771793413,-0.2125885662818252,-0.3023896919247617,-0.30410991733471904,-4.928729255409957,-0.001720225409957088,0.001720225409957088,-0.00172022540995731,0.00172022540995731,23,324000,323,backbone_ridge
low_to_high_transfer,,,alpha-TiAl,600.0,-4.92700903,-4.411751950507691,-0.2125885662818252,-0.3026685132104836,-0.3039488946610303,-4.928289411450547,-0.0012803814505470967,0.0012803814505470967,-0.0012803814505467082,0.0012803814505467082,24,325000,324,backbone_ridge
low_to_high_transfer,,,alpha-TiAl,600.0,-4.92700903,-4.412170188238865,-0.2125885662818252,-0.3022502754793095,-0.3040355192746069,-4.928794273795297,-0.001785243795297653,0.001785243795297653,-0.001785243795297431,0.001785243795297431,25,326000,325,backbone_ridge
low_to_high_transfer,,,alpha-TiAl,600.0,-4.92700903,-4.412173459422362,-0.2125885662818252,-0.3022470042958129,-0.3041616930182138,-4.928923718722401,-0.0019146887224010811,0.0019146887224010811,-0.001914688722400859,0.001914688722400859,26,327000,326,backbone_ridge
low_to_high_transfer,,,alpha-TiAl,600.0,-4.92700903,-4.4116027154363975,-0.2125885662818252,-0.3028177482817771,-0.303972761657857,-4.928164043376079,-0.0011550133760795944,0.0011550133760795944,-0.0011550133760799275,0.0011550133760799275,27,328000,327,backbone_ridge
low_to_high_transfer,,,alpha-TiAl,600.0,-4.92700903,-4.412766047997303,-0.2125885662818252,-0.3016544157208711,-0.30418700883628763,-4.9295416231154165,-0.002532593115416759,0.002532593115416759,-0.002532593115416537,0.002532593115416537,28,329000,328,backbone_ridge
low_to_high_transfer,,,alpha-TiAl,600.0,-4.92700903,-4.41201349386259,-0.2125885662818252,-0.3024069698555847,-0.30397626986618514,-4.9285783300106,-0.0015693000106002941,0.0015693000106002941,-0.0015693000106004606,0.0015693000106004606,29,330000,329,backbone_ridge
low_to_high_transfer,,,alpha-TiAl,600.0,-4.92700903,-4.412059291680629,-0.2125885662818252,-0.3023611720375454,-0.30403732795716637,-4.928685185919621,-0.001676155919621003,0.001676155919621003,-0.0016761559196209475,0.0016761559196209475,30,331000,330,backbone_ridge
low_to_high_transfer,,,alpha-TiAl,600.0,-4.92700903,-4.411743855342828,-0.2125885662818252,-0.3026766083753465,-0.3039914310766862,-4.9283238527013395,-0.0013148227013397573,0.0013148227013397573,-0.0013148227013397018,0.0013148227013397018,31,332000,331,backbone_ridge
low_to_high_transfer,,,alpha-TiAl,600.0,-4.92700903,-4.411897465374898,-0.2125885662818252,-0.3025229983432762,-0.3041042500018108,-4.9285902816585345,-0.0015812516585347325,0.0015812516585347325,-0.0015812516585346215,0.0015812516585346215,32,333000,332,backbone_ridge
low_to_high_transfer,,,alpha-TiAl,600.0,-4.92700903,-4.41239537768968,-0.2125885662818252,-0.302025086028495,-0.3039778817317075,-4.928961825703213,-0.0019527957032128285,0.0019527957032128285,-0.0019527957032124954,0.0019527957032124954,33,334000,333,backbone_ridge
low_to_high_transfer,,,alpha-TiAl,600.0,-4.92700903,-4.411679725680227,-0.2125885662818252,-0.3027407380379472,-0.30406860036850186,-4.928336892330554,-0.0013278623305543746,0.0013278623305543746,-0.0013278623305546522,0.0013278623305546522,34,335000,334,backbone_ridge
low_to_high_transfer,,,alpha-TiAl,600.0,-4.92700903,-4.412006047774665,-0.2125885662818252,-0.3024144159435096,-0.3041451603066332,-4.928739774363123,-0.001730744363123371,0.001730744363123371,-0.001730744363123593,0.001730744363123593,35,336000,335,backbone_ridge
low_to_high_transfer,,,alpha-TiAl,600.0,-4.92700903,-4.412145578782633,-0.2125885662818252,-0.3022748849355414,-0.3041004709649449,-4.928834616029404,-0.0018255860294038584,0.0018255860294038584,-0.0018255860294035253,0.0018255860294035253,36,337000,336,backbone_ridge
low_to_high_transfer,,,alpha-TiAl,600.0,-4.92700903,-4.412225972090881,-0.2125885662818252,-0.3021944916272936,-0.30399908732661035,-4.928813625699316,-0.001804595699316458,0.001804595699316458,-0.0018045956993167356,0.0018045956993167356,37,338000,337,backbone_ridge
low_to_high_transfer,,,alpha-TiAl,600.0,-4.92700903,-4.41186704078921,-0.2125885662818252,-0.3025534229289643,-0.3038770701258964,-4.928332677196932,-0.0013236471969317876,0.0013236471969317876,-0.0013236471969320651,0.0013236471969320651,38,339000,338,backbone_ridge
low_to_high_transfer,,,alpha-TiAl,600.0,-4.92700903,-4.4121217679378875,-0.2125885662818252,-0.3022986957802871,-0.3040421941779166,-4.928752528397629,-0.0017434983976292173,0.0017434983976292173,-0.0017434983976294949,0.0017434983976294949,39,340000,339,backbone_ridge
low_to_high_transfer,,,alpha-TiAl,600.0,-4.92700903,-4.411313951410388,-0.2125885662818252,-0.3031065123077869,-0.30399914001248757,-4.927901657704701,-0.000892627704700999,0.000892627704700999,-0.0008926277047006659,0.0008926277047006659,40,341000,340,backbone_ridge
low_to_high_transfer,,,alpha-TiAl,600.0,-4.92700903,-4.412116774764368,-0.2125885662818252,-0.3023036889538062,-0.3040844860602137,-4.9287898271064075,-0.001780797106407661,0.001780797106407661,-0.0017807971064074946,0.0017807971064074946,41,342000,341,backbone_ridge
low_to_high_transfer,,,alpha-TiAl,600.0,-4.92700903,-4.411691699668766,-0.2125885662818252,-0.3027287640494087,-0.30389320846402723,-4.928173474414618,-0.0011644444146181598,0.0011644444146181598,-0.0011644444146185484,0.0011644444146185484,42,343000,342,backbone_ridge
low_to_high_transfer,,,alpha-TiAl,600.0,-4.92700903,-4.411923682159731,-0.2125885662818252,-0.3024967815584434,-0.3039743388961859,-4.928486587337742,-0.0014775573377425744,0.0014775573377425744,-0.0014775573377425189,0.0014775573377425189,43,344000,343,backbone_ridge
low_to_high_transfer,,,alpha-TiAl,600.0,-4.92700903,-4.412166129095551,-0.2125885662818252,-0.3022543346226234,-0.30411263791464693,-4.928867333292024,-0.0018583032920238551,0.0018583032920238551,-0.001858303292023522,0.001858303292023522,44,345000,344,backbone_ridge
low_to_high_transfer,,,alpha-TiAl,600.0,-4.92700903,-4.412004975759487,-0.2125885662818252,-0.3024154879586875,-0.3040276769209648,-4.928621218962277,-0.0016121889622775498,0.0016121889622775498,-0.0016121889622772723,0.0016121889622772723,45,346000,345,backbone_ridge
low_to_high_transfer,,,alpha-TiAl,600.0,-4.92700903,-4.412083974773757,-0.2125885662818252,-0.3023364889444178,-0.30397346777032463,-4.928646008825907,-0.001636978825906965,0.001636978825906965,-0.001636978825906854,0.001636978825906854,46,347000,346,backbone_ridge
low_to_high_transfer,,,alpha-TiAl,600.0,-4.92700903,-4.411997914651259,-0.2125885662818252,-0.3024225490669154,-0.30387502591264215,-4.928461506845727,-0.0014524768457269133,0.0014524768457269133,-0.0014524768457267467,0.0014524768457267467,47,348000,347,backbone_ridge
low_to_high_transfer,,,alpha-TiAl,600.0,-4.92700903,-4.411910414899693,-0.2125885662818252,-0.3025100488184815,-0.3038145316209804,-4.928313512802498,-0.0013044828024986188,0.0013044828024986188,-0.0013044828024988964,0.0013044828024988964,48,349000,348,backbone_ridge
low_to_high_transfer,,,alpha-TiAl,600.0,-4.92700903,-4.41206344939541,-0.2125885662818252,-0.3023570143227649,-0.3040609291749965,-4.928712944852231,-0.0017039148522313141,0.0017039148522313141,-0.0017039148522315917,0.0017039148522315917,49,350000,349,backbone_ridge
low_to_high_transfer,,,alpha-TiAl,600.0,-4.92700903,-4.4116972536849755,-0.2125885662818252,-0.3027232100331991,-0.30399083292652646,-4.928276652893327,-0.0012676228933274913,0.0012676228933274913,-0.0012676228933273803,0.0012676228933273803,50,351000,350,backbone_ridge
low_to_high_transfer,,,alpha-TiAl,600.0,-4.92700903,-4.412541447462796,-0.2125885662818252,-0.3018790162553788,-0.30404318018588605,-4.929173193930507,-0.0021641639305070015,0.0021641639305070015,-0.002164163930507279,0.002164163930507279,51,352000,351,backbone_ridge
low_to_high_transfer,,,alpha-TiAl,600.0,-4.92700903,-4.4123253084639655,-0.2125885662818252,-0.302095155254209,-0.30403245929690914,-4.9289463340427,-0.0019373040427002053,0.0019373040427002053,-0.0019373040427001498,0.0019373040427001498,52,353000,352,backbone_ridge
low_to_high_transfer,,,alpha-TiAl,600.0,-4.92700903,-4.412172066405058,-0.2125885662818252,-0.3022483973131162,-0.30400374547684156,-4.928764378163725,-0.0017553481637255786,0.0017553481637255786,-0.0017553481637253565,0.0017553481637253565,53,354000,353,backbone_ridge
low_to_high_transfer,,,alpha-TiAl,600.0,-4.92700903,-4.411603898203001,-0.2125885662818252,-0.3028165655151733,-0.3039612596810592,-4.9281537241658855,-0.0011446941658856957,0.0011446941658856957,-0.0011446941658859178,0.0011446941658859178,54,355000,354,backbone_ridge
low_to_high_transfer,,,alpha-TiAl,600.0,-4.92700903,-4.412340765184058,-0.2125885662818252,-0.3020796985341167,-0.30404855647100737,-4.92897788793689,-0.001968857936890167,0.001968857936890167,-0.0019688579368906667,0.0019688579368906667,55,356000,355,backbone_ridge
low_to_high_transfer,,,alpha-TiAl,600.0,-4.92700903,-4.411723386043747,-0.2125885662818252,-0.302697077674428,-0.3039661008775024,-4.9282780532030745,-0.0012690232030747595,0.0012690232030747595,-0.0012690232030744264,0.0012690232030744264,56,357000,356,backbone_ridge
low_to_high_transfer,,,alpha-TiAl,600.0,-4.92700903,-4.411948475905477,-0.2125885662818252,-0.302471987812698,-0.3039679312054596,-4.928504973392761,-0.0014959433927614896,0.0014959433927614896,-0.0014959433927616006,0.0014959433927616006,57,358000,357,backbone_ridge
low_to_high_transfer,,,alpha-TiAl,600.0,-4.92700903,-4.412024035097617,-0.2125885662818252,-0.3023964286205576,-0.30406432735595146,-4.928676928735394,-0.001667898735393969,0.001667898735393969,-0.001667898735393858,0.001667898735393858,58,359000,358,backbone_ridge
low_to_high_transfer,,,alpha-TiAl,600.0,-4.92700903,-4.412353583558445,-0.2125885662818252,-0.3020668801597299,-0.3041959242544705,-4.92913807409474,-0.002129044094740351,0.002129044094740351,-0.0021290440947406286,0.0021290440947406286,59,360000,359,backbone_ridge
low_to_high_transfer,,,alpha-TiAl,600.0,-4.92700903,-4.411956054764919,-0.2125885662818252,-0.3024644089532557,-0.30399423411787935,-4.928538855164623,-0.0015298251646234107,0.0015298251646234107,-0.0015298251646236327,0.0015298251646236327,60,361000,360,backbone_ridge
low_to_high_transfer,,,alpha-TiAl,600.0,-4.92700903,-4.411974840918596,-0.2125885662818252,-0.3024456227995786,-0.3039180896768639,-4.928481496877285,-0.0014724668772849725,0.0014724668772849725,-0.0014724668772853056,0.0014724668772853056,61,362000,361,backbone_ridge
low_to_high_transfer,,,alpha-TiAl,600.0,-4.92700903,-4.412601028670775,-0.2125885662818252,-0.3018194350473999,-0.30405346824522006,-4.92924306319782,-0.0022340331978201178,0.0022340331978201178,-0.0022340331978201733,0.0022340331978201733,62,363000,362,backbone_ridge
low_to_high_transfer,,,alpha-TiAl,600.0,-4.92700903,-4.41228529245868,-0.2125885662818252,-0.3021351712594944,-0.30402030418090686,-4.928894162921412,-0.0018851329214122359,0.0018851329214122359,-0.001885132921412458,0.001885132921412458,63,364000,363,backbone_ridge
low_to_high_transfer,,,alpha-TiAl,600.0,-4.92700903,-4.412062997476046,-0.2125885662818252,-0.3023574662421282,-0.30415470531453875,-4.92880626907241,-0.0017972390724105836,0.0017972390724105836,-0.001797239072410528,0.001797239072410528,64,365000,364,backbone_ridge
low_to_high_transfer,,,alpha-TiAl,600.0,-4.92700903,-4.41215165891059,-0.2125885662818252,-0.3022688048075848,-0.30389801439628833,-4.928638239588703,-0.0016292095887031621,0.0016292095887031621,-0.0016292095887035507,0.0016292095887035507,65,366000,365,backbone_ridge
low_to_high_transfer,,,alpha-TiAl,600.0,-4.92700903,-4.412107315717641,-0.2125885662818252,-0.3023131480005334,-0.30402551822347545,-4.928721400222942,-0.0017123702229424609,0.0017123702229424609,-0.0017123702229420723,0.0017123702229420723,66,367000,366,backbone_ridge
low_to_high_transfer,,,alpha-TiAl,600.0,-4.92700903,-4.412181864025837,-0.2125885662818252,-0.3022385996923376,-0.30387464823391896,-4.928645078541582,-0.001636048541581836,0.001636048541581836,-0.001636048541581392,0.001636048541581392,67,368000,367,backbone_ridge
low_to_high_transfer,,,alpha-TiAl,600.0,-4.92700903,-4.412016989626204,-0.2125885662818252,-0.302403474091971,-0.30402561940199446,-4.928631175310024,-0.0016221453100238037,0.0016221453100238037,-0.0016221453100234706,0.0016221453100234706,68,369000,368,backbone_ridge
low_to_high_transfer,,,alpha-TiAl,600.0,-4.92700903,-4.412089383767418,-0.2125885662818252,-0.3023310799507568,-0.3039788789485778,-4.928656828997821,-0.0016477989978209706,0.0016477989978209706,-0.0016477989978209706,0.0016477989978209706,69,370000,369,backbone_ridge
low_to_high_transfer,,,alpha-TiAl,600.0,-4.92700903,-4.411903143685198,-0.2125885662818252,-0.3025173200329769,-0.3039489635258915,-4.928440673492914,-0.0014316434929142474,0.0014316434929142474,-0.001431643492914636,0.001431643492914636,70,371000,370,backbone_ridge
low_to_high_transfer,,,alpha-TiAl,600.0,-4.92700903,-4.4123669366942915,-0.2125885662818252,-0.3020535270238831,-0.30398350445420724,-4.928939007430324,-0.0019299774303238593,0.0019299774303238593,-0.0019299774303241368,0.0019299774303241368,71,372000,371,backbone_ridge
low_to_high_transfer,,,alpha-TiAl,600.0,-4.92700903,-4.412455681855299,-0.2125885662818252,-0.3019647818628757,-0.30405602333783194,-4.929100271474956,-0.00209124147495654,0.00209124147495654,-0.0020912414749562624,0.0020912414749562624,72,373000,372,backbone_ridge
low_to_high_transfer,,,alpha-TiAl,600.0,-4.92700903,-4.412077230832425,-0.2125885662818252,-0.3023432328857494,-0.30401617191062985,-4.92868196902488,-0.0016729390248801934,0.0016729390248801934,-0.001672939024880471,0.001672939024880471,73,374000,373,backbone_ridge
low_to_high_transfer,,,alpha-TiAl,600.0,-4.92700903,-4.411651278479755,-0.2125885662818252,-0.3027691852384198,-0.30398253627338095,-4.928222381034961,-0.0012133510349610077,0.0012133510349610077,-0.0012133510349611742,0.0012133510349611742,74,375000,374,backbone_ridge
low_to_high_transfer,,,alpha-TiAl,600.0,-4.92700903,-4.411605553150288,-0.2125885662818252,-0.3028149105678865,-0.3039780551526283,-4.928172174584741,-0.0011631445847415378,0.0011631445847415378,-0.0011631445847418154,0.0011631445847418154,75,376000,375,backbone_ridge
low_to_high_transfer,,,alpha-TiAl,600.0,-4.92700903,-4.412597195688077,-0.2125885662818252,-0.3018232680300974,-0.30399515511444164,-4.929180917084344,-0.0021718870843443483,0.0021718870843443483,-0.0021718870843442373,0.0021718870843442373,76,377000,376,backbone_ridge
low_to_high_transfer,,,alpha-TiAl,600.0,-4.92700903,-4.411960094786935,-0.2125885662818252,-0.3024603689312393,-0.3041024473051917,-4.928651108373952,-0.0016420783739521383,0.0016420783739521383,-0.0016420783739524158,0.0016420783739524158,77,378000,377,backbone_ridge
low_to_high_transfer,,,alpha-TiAl,600.0,-4.92700903,-4.411866377886688,-0.2125885662818252,-0.3025540858314866,-0.30396386668244096,-4.928418810850954,-0.0014097808509543341,0.0014097808509543341,-0.0014097808509543897,0.0014097808509543897,78,379000,378,backbone_ridge
low_to_high_transfer,,,alpha-TiAl,600.0,-4.92700903,-4.411837385792963,-0.2125885662818252,-0.3025830779252114,-0.3040242316479348,-4.928450183722723,-0.001441153722723243,0.001441153722723243,-0.0014411537227234095,0.0014411537227234095,79,380000,379,backbone_ridge
low_to_high_transfer,,,alpha-TiAl,600.0,-4.92700903,-4.412079505865723,-0.2125885662818252,-0.3023409578524516,-0.30399898437681444,-4.928667056524363,-0.0016580265243630876,0.0016580265243630876,-0.0016580265243628656,0.0016580265243628656,80,381000,380,backbone_ridge
low_to_high_transfer,,,alpha-TiAl,600.0,-4.92700903,-4.412098455210901,-0.2125885662818252,-0.3023220085072733,-0.3040432949777367,-4.928730316470463,-0.0017212864704632125,0.0017212864704632125,-0.001721286470463379,0.001721286470463379,81,382000,381,backbone_ridge
low_to_high_transfer,,,alpha-TiAl,600.0,-4.92700903,-4.411887085907865,-0.2125885662818252,-0.3025333778103096,-0.30396434712531273,-4.928439999315003,-0.0014309693150034164,0.0014309693150034164,-0.0014309693150031388,0.0014309693150031388,82,383000,382,backbone_ridge
low_to_high_transfer,,,alpha-TiAl,600.0,-4.92700903,-4.412663933723923,-0.2125885662818252,-0.3017565299942513,-0.3040352159808728,-4.9292877159866215,-0.0022786859866217313,0.0022786859866217313,-0.0022786859866215092,0.0022786859866215092,83,384000,383,backbone_ridge
low_to_high_transfer,,,alpha-TiAl,600.0,-4.92700903,-4.412163241257562,-0.2125885662818252,-0.3022572224606126,-0.30392825289580805,-4.9286800604351955,-0.001671030435195675,0.001671030435195675,-0.001671030435195453,0.001671030435195453,84,385000,384,backbone_ridge
low_to_high_transfer,,,alpha-TiAl,600.0,-4.92700903,-4.412057511157381,-0.2125885662818252,-0.3023629525607934,-0.30394131871049623,-4.928587396149703,-0.001578366149702859,0.001578366149702859,-0.001578366149702859,0.001578366149702859,85,386000,385,backbone_ridge
low_to_high_transfer,,,alpha-TiAl,600.0,-4.92700903,-4.4116285089251965,-0.2125885662818252,-0.302791954792978,-0.3041670270355441,-4.928384102242566,-0.0013750722425660555,0.0013750722425660555,-0.001375072242566111,0.001375072242566111,86,387000,386,backbone_ridge
low_to_high_transfer,,,alpha-TiAl,600.0,-4.92700903,-4.411596816738725,-0.2125885662818252,-0.3028236469794496,-0.30401099584393865,-4.928196378864489,-0.001187348864489124,0.001187348864489124,-0.0011873488644890684,0.0011873488644890684,87,388000,387,backbone_ridge
low_to_high_transfer,,,alpha-TiAl,600.0,-4.92700903,-4.4125596236578275,-0.2125885662818252,-0.3018608400603471,-0.30407032580518367,-4.929218515744837,-0.0022094857448369254,0.0022094857448369254,-0.0022094857448365923,0.0022094857448365923,88,389000,388,backbone_ridge
low_to_high_transfer,,,alpha-TiAl,600.0,-4.92700903,-4.4121237601745795,-0.2125885662818252,-0.302296703543595,-0.3038519551763086,-4.928564281632713,-0.001555251632713528,0.001555251632713528,-0.0015552516327135835,0.0015552516327135835,89,390000,389,backbone_ridge
low_to_high_transfer,,,alpha-TiAl,600.0,-4.92700903,-4.412092406530526,-0.2125885662818252,-0.3023280571876485,-0.3039853853147186,-4.92866635812707,-0.0016573281270702012,0.0016573281270702012,-0.0016573281270700901,0.0016573281270700901,90,391000,390,backbone_ridge
low_to_high_transfer,,,alpha-TiAl,600.0,-4.92700903,-4.411804991719834,-0.2125885662818252,-0.3026154719983402,-0.30408885023010784,-4.928482408231767,-0.0014733782317675193,0.0014733782317675193,-0.0014733782317676303,0.0014733782317676303,91,392000,391,backbone_ridge
low_to_high_transfer,,,alpha-TiAl,600.0,-4.92700903,-4.412287003563753,-0.2125885662818252,-0.3021334601544216,-0.30391656964544833,-4.928792139491026,-0.0017831094910265577,0.0017831094910265577,-0.0017831094910267242,0.0017831094910267242,92,393000,392,backbone_ridge
low_to_high_transfer,,,alpha-TiAl,600.0,-4.92700903,-4.412274942685356,-0.2125885662818252,-0.302145521032819,-0.30405505819958,-4.928918567166761,-0.0019095371667612326,0.0019095371667612326,-0.0019095371667610106,0.0019095371667610106,93,394000,393,backbone_ridge
low_to_high_transfer,,,alpha-TiAl,600.0,-4.92700903,-4.411405396344558,-0.2125885662818252,-0.3030150673736163,-0.30393283399878157,-4.927926796625165,-0.000917766625165406,0.000917766625165406,-0.000917766625165295,0.000917766625165295,94,395000,394,backbone_ridge
low_to_high_transfer,,,alpha-TiAl,600.0,-4.92700903,-4.411720981784834,-0.2125885662818252,-0.3026994819333408,-0.30422600547277356,-4.928535553539432,-0.0015265235394323895,0.0015265235394323895,-0.001526523539432778,0.001526523539432778,95,396000,395,backbone_ridge
low_to_high_transfer,,,alpha-TiAl,600.0,-4.92700903,-4.411536050646229,-0.2125885662818252,-0.3028844130719452,-0.30395018031886667,-4.928074797246921,-0.001065767246921645,0.001065767246921645,-0.0010657672469214785,0.0010657672469214785,96,397000,396,backbone_ridge
low_to_high_transfer,,,alpha-TiAl,600.0,-4.92700903,-4.411731896145709,-0.2125885662818252,-0.3026885675724653,-0.30406146434536674,-4.928381926772901,-0.0013728967729011998,0.0013728967729011998,-0.0013728967729014219,0.0013728967729014219,97,398000,397,backbone_ridge
low_to_high_transfer,,,alpha-TiAl,600.0,-4.92700903,-4.411859213525804,-0.2125885662818252,-0.3025612501923707,-0.304101735974113,-4.928549515781742,-0.0015404857817422624,0.0015404857817422624,-0.0015404857817423179,0.0015404857817423179,98,399000,398,backbone_ridge
low_to_high_transfer,,,alpha-TiAl,600.0,-4.92700903,-4.412140317487782,-0.2125885662818252,-0.3022801462303928,-0.3039129151774354,-4.928641798947043,-0.0016327689470427842,0.0016327689470427842,-0.0016327689470426177,0.0016327689470426177,99,400000,399,backbone_ridge
low_to_high_transfer,,,alpha-TiAl,700.0,-4.97663412,-4.3542036300845925,-0.2125885662818252,-0.4098419236335822,-0.4154417897701472,-4.982233986136565,-0.005599866136565268,0.005599866136565268,-0.0055998661365649904,0.0055998661365649904,0,301000,400,backbone_ridge
low_to_high_transfer,,,alpha-TiAl,700.0,-4.97663412,-4.354056670628479,-0.2125885662818252,-0.4099888830896958,-0.4156121695894539,-4.982257406499758,-0.005623286499758073,0.005623286499758073,-0.005623286499758129,0.005623286499758129,1,302000,401,backbone_ridge
low_to_high_transfer,,,alpha-TiAl,700.0,-4.97663412,-4.353959754258392,-0.2125885662818252,-0.4100857994597824,-0.41552790320368144,-4.982076223743899,-0.005442103743899196,0.005442103743899196,-0.005442103743899029,0.005442103743899029,2,303000,402,backbone_ridge
low_to_high_transfer,,,alpha-TiAl,700.0,-4.97663412,-4.353791275259156,-0.2125885662818252,-0.4102542784590186,-0.4154603567476962,-4.981840198288678,-0.005206078288678029,0.005206078288678029,-0.00520607828867764,0.00520607828867764,3,304000,403,backbone_ridge
low_to_high_transfer,,,alpha-TiAl,700.0,-4.97663412,-4.353746384687946,-0.2125885662818252,-0.4102991690302291,-0.4153586672017816,-4.981693618171552,-0.005059498171552157,0.005059498171552157,-0.00505949817155249,0.00505949817155249,4,305000,404,backbone_ridge
low_to_high_transfer,,,alpha-TiAl,700.0,-4.97663412,-4.35350837052001,-0.2125885662818252,-0.4105371831981648,-0.41558915011594827,-4.981686086917783,-0.005051966917783091,0.005051966917783091,-0.005051966917783479,0.005051966917783479,5,306000,405,backbone_ridge
low_to_high_transfer,,,alpha-TiAl,700.0,-4.97663412,-4.353706543654058,-0.2125885662818252,-0.4103390100641171,-0.41551964476961106,-4.981814754705494,-0.005180634705493681,0.005180634705493681,-0.005180634705493958,0.005180634705493958,6,307000,406,backbone_ridge
low_to_high_transfer,,,alpha-TiAl,700.0,-4.97663412,-4.35411932862943,-0.2125885662818252,-0.4099262250887445,-0.4154917680286419,-4.982199662939897,-0.0055655429398973055,0.0055655429398973055,-0.0055655429398974166,0.0055655429398974166,7,308000,407,backbone_ridge
low_to_high_transfer,,,alpha-TiAl,700.0,-4.97663412,-4.353738560611141,-0.2125885662818252,-0.4103069931070333,-0.4154227488900427,-4.981749875783009,-0.00511575578300949,0.00511575578300949,-0.005115755783009435,0.005115755783009435,8,309000,408,backbone_ridge
low_to_high_transfer,,,alpha-TiAl,700.0,-4.97663412,-4.354192422536146,-0.2125885662818252,-0.4098531311820288,-0.41552232494052727,-4.982303313758498,-0.005669193758498281,0.005669193758498281,-0.0056691937584984475,0.0056691937584984475,9,310000,409,backbone_ridge
low_to_high_transfer,,,alpha-TiAl,700.0,-4.97663412,-4.353348602921938,-0.2125885662818252,-0.410696950796237,-0.41543428038818453,-4.981371449591947,-0.004737329591947059,0.004737329591947059,-0.004737329591947503,0.004737329591947503,10,311000,410,backbone_ridge
low_to_high_transfer,,,alpha-TiAl,700.0,-4.97663412,-4.354549944508678,-0.2125885662818252,-0.4094956092094968,-0.4154337180451455,-4.982572228835648,-0.005938108835648492,0.005938108835648492,-0.005938108835648714,0.005938108835648714,11,312000,411,backbone_ridge
low_to_high_transfer,,,alpha-TiAl,700.0,-4.97663412,-4.35390670938899,-0.2125885662818252,-0.4101388443291851,-0.4153651379310561,-4.981860413601871,-0.0052262936018712125,0.0052262936018712125,-0.0052262936018709905,0.0052262936018709905,12,313000,412,backbone_ridge
low_to_high_transfer,,,alpha-TiAl,700.0,-4.97663412,-4.354301889195727,-0.2125885662818252,-0.4097436645224475,-0.4156161131549173,-4.98250656863247,-0.00587244863246994,0.00587244863246994,-0.005872448632469829,0.005872448632469829,13,314000,413,backbone_ridge
low_to_high_transfer,,,alpha-TiAl,700.0,-4.97663412,-4.353138097117624,-0.2125885662818252,-0.410907456600551,-0.4155331599741728,-4.981259823373621,-0.004625703373621448,0.004625703373621448,-0.004625703373621781,0.004625703373621781,14,315000,414,backbone_ridge
low_to_high_transfer,,,alpha-TiAl,700.0,-4.97663412,-4.354534071179159,-0.2125885662818252,-0.409511482539016,-0.4155162985017594,-4.982638935962743,-0.006004815962743493,0.006004815962743493,-0.006004815962743437,0.006004815962743437,15,316000,415,backbone_ridge
low_to_high_transfer,,,alpha-TiAl,700.0,-4.97663412,-4.354001194474689,-0.2125885662818252,-0.4100443592434857,-0.41552957065860174,-4.982119331415116,-0.0054852114151158204,0.0054852114151158204,-0.0054852114151160425,0.0054852114151160425,16,317000,416,backbone_ridge
low_to_high_transfer,,,alpha-TiAl,700.0,-4.97663412,-4.354776497053131,-0.2125885662818252,-0.4092690566650434,-0.41541799386577616,-4.982783057200733,-0.006148937200732618,0.006148937200732618,-0.006148937200732785,0.006148937200732785,17,318000,417,backbone_ridge
low_to_high_transfer,,,alpha-TiAl,700.0,-4.97663412,-4.353537753390047,-0.2125885662818252,-0.4105078003281281,-0.4154333568847148,-4.981559676556587,-0.004925556556586663,0.004925556556586663,-0.004925556556586663,0.004925556556586663,18,319000,418,backbone_ridge
low_to_high_transfer,,,alpha-TiAl,700.0,-4.97663412,-4.354602634443518,-0.2125885662818252,-0.4094429192746567,-0.41552597845774314,-4.982717179183086,-0.00608305918308627,0.00608305918308627,-0.006083059183086437,0.006083059183086437,19,320000,419,backbone_ridge
low_to_high_transfer,,,alpha-TiAl,700.0,-4.97663412,-4.354418895363586,-0.2125885662818252,-0.4096266583545889,-0.4154718238071433,-4.982479285452555,-0.005845165452554646,0.005845165452554646,-0.005845165452554424,0.005845165452554424,20,321000,420,backbone_ridge
low_to_high_transfer,,,alpha-TiAl,700.0,-4.97663412,-4.353592345531585,-0.2125885662818252,-0.4104532081865901,-0.41531337031714194,-4.9814942821305515,-0.004860162130551515,0.004860162130551515,-0.004860162130551848,0.004860162130551848,21,322000,421,backbone_ridge
low_to_high_transfer,,,alpha-TiAl,700.0,-4.97663412,-4.354052525469992,-0.2125885662818252,-0.4099930282481825,-0.415411597835697,-4.982052689587515,-0.005418569587514632,0.005418569587514632,-0.005418569587514466,0.005418569587514466,22,323000,422,backbone_ridge
low_to_high_transfer,,,alpha-TiAl,700.0,-4.97663412,-4.353981818052096,-0.2125885662818252,-0.4100637356660783,-0.41551582273644705,-4.982086207070369,-0.005452087070368705,0.005452087070368705,-0.005452087070368761,0.005452087070368761,23,324000,423,backbone_ridge
low_to_high_transfer,,,alpha-TiAl,700.0,-4.97663412,-4.354577697279449,-0.2125885662818252,-0.4094678564387255,-0.4153955838867276,-4.982561847448002,-0.005927727448002074,0.005927727448002074,-0.005927727448002074,0.005927727448002074,24,325000,424,backbone_ridge
low_to_high_transfer,,,alpha-TiAl,700.0,-4.97663412,-4.354038318725613,-0.2125885662818252,-0.4100072349925616,-0.41545769412558353,-4.982084579133022,-0.005450459133022001,0.005450459133022001,-0.005450459133021945,0.005450459133021945,25,326000,425,backbone_ridge
low_to_high_transfer,,,alpha-TiAl,700.0,-4.97663412,-4.354491570147482,-0.2125885662818252,-0.4095539835706931,-0.4155913543404285,-4.982671490769735,-0.006037370769734984,0.006037370769734984,-0.006037370769735373,0.006037370769735373,26,327000,426,backbone_ridge
low_to_high_transfer,,,alpha-TiAl,700.0,-4.97663412,-4.354065729570742,-0.2125885662818252,-0.4099798241474328,-0.4154898426775209,-4.982144138530088,-0.005510018530087812,0.005510018530087812,-0.0055100185300881455,0.0055100185300881455,27,328000,427,backbone_ridge
low_to_high_transfer,,,alpha-TiAl,700.0,-4.97663412,-4.354166087071723,-0.2125885662818252,-0.4098794666464513,-0.41548658465377075,-4.982241238007319,-0.005607118007318945,0.005607118007318945,-0.005607118007319445,0.005607118007319445,28,329000,428,backbone_ridge
low_to_high_transfer,,,alpha-TiAl,700.0,-4.97663412,-4.353472718757274,-0.2125885662818252,-0.4105728349609006,-0.41548778521686375,-4.981549070255963,-0.004914950255963113,0.004914950255963113,-0.004914950255963169,0.004914950255963169,29,330000,429,backbone_ridge
low_to_high_transfer,,,alpha-TiAl,700.0,-4.97663412,-4.354041874223877,-0.2125885662818252,-0.4100036794942978,-0.41554626034502967,-4.982176700850732,-0.005542580850732115,0.005542580850732115,-0.005542580850731893,0.005542580850731893,30,331000,430,backbone_ridge
low_to_high_transfer,,,alpha-TiAl,700.0,-4.97663412,-4.354547230608031,-0.2125885662818252,-0.4094983231101441,-0.4155505464146395,-4.982686343304495,-0.0060522233044952856,0.0060522233044952856,-0.006052223304495397,0.006052223304495397,31,332000,431,backbone_ridge
low_to_high_transfer,,,alpha-TiAl,700.0,-4.97663412,-4.354381905554202,-0.2125885662818252,-0.4096636481639724,-0.41546052996435306,-4.98243100180038,-0.005796881800380405,0.005796881800380405,-0.005796881800380682,0.005796881800380682,32,333000,432,backbone_ridge
low_to_high_transfer,,,alpha-TiAl,700.0,-4.97663412,-4.353916855569717,-0.2125885662818252,-0.4101286981484575,-0.4155759863242085,-4.982081408175751,-0.005447288175751019,0.005447288175751019,-0.005447288175751019,0.005447288175751019,33,334000,433,backbone_ridge
low_to_high_transfer,,,alpha-TiAl,700.0,-4.97663412,-4.3542154165480875,-0.2125885662818252,-0.4098301371700872,-0.4155100302378963,-4.982314013067809,-0.0056798930678088055,0.0056798930678088055,-0.005679893067809083,0.005679893067809083,34,335000,434,backbone_ridge
low_to_high_transfer,,,alpha-TiAl,700.0,-4.97663412,-4.353816254421068,-0.2125885662818252,-0.4102292992971064,-0.4154114379926812,-4.9818162586955745,-0.005182138695574601,0.005182138695574601,-0.005182138695574823,0.005182138695574823,35,336000,435,backbone_ridge
low_to_high_transfer,,,alpha-TiAl,700.0,-4.97663412,-4.3544852432092105,-0.2125885662818252,-0.4095603105089642,-0.41561571434583405,-4.98268952383687,-0.006055403836869644,0.006055403836869644,-0.006055403836869866,0.006055403836869866,36,337000,436,backbone_ridge
low_to_high_transfer,,,alpha-TiAl,700.0,-4.97663412,-4.354170584260106,-0.2125885662818252,-0.4098749694580688,-0.41554297448270566,-4.982302125024637,-0.005668005024636713,0.005668005024636713,-0.00566800502463688,0.00566800502463688,37,338000,437,backbone_ridge
low_to_high_transfer,,,alpha-TiAl,700.0,-4.97663412,-4.354025621581417,-0.2125885662818252,-0.4100199321367581,-0.41558318513860215,-4.982197373001844,-0.005563253001843904,0.005563253001843904,-0.005563253001844071,0.005563253001844071,38,339000,438,backbone_ridge
low_to_high_transfer,,,alpha-TiAl,700.0,-4.97663412,-4.353997754341728,-0.2125885662818252,-0.4100477993764464,-0.4155153317940853,-4.982101652417639,-0.005467532417639198,0.005467532417639198,-0.005467532417638865,0.005467532417638865,39,340000,439,backbone_ridge
low_to_high_transfer,,,alpha-TiAl,700.0,-4.97663412,-4.35406819580129,-0.2125885662818252,-0.409977357916885,-0.41554840028753587,-4.982205162370651,-0.005571042370650758,0.005571042370650758,-0.005571042370650869,0.005571042370650869,40,341000,440,backbone_ridge
low_to_high_transfer,,,alpha-TiAl,700.0,-4.97663412,-4.353305609447105,-0.2125885662818252,-0.4107399442710697,-0.4154569920783004,-4.98135116780723,-0.004717047807230479,0.004717047807230479,-0.004717047807230701,0.004717047807230701,41,342000,441,backbone_ridge
low_to_high_transfer,,,alpha-TiAl,700.0,-4.97663412,-4.354410044938257,-0.2125885662818252,-0.4096355087799175,-0.41539662024279905,-4.982395231462881,-0.005761111462881274,0.005761111462881274,-0.005761111462881552,0.005761111462881552,42,343000,442,backbone_ridge
low_to_high_transfer,,,alpha-TiAl,700.0,-4.97663412,-4.3537418237508865,-0.2125885662818252,-0.4103037299672882,-0.4155795426970482,-4.98190993272976,-0.0052758127297600765,0.0052758127297600765,-0.005275812729760021,0.005275812729760021,43,344000,443,backbone_ridge
low_to_high_transfer,,,alpha-TiAl,700.0,-4.97663412,-4.354064383095132,-0.2125885662818252,-0.4099811706230429,-0.4153093628589348,-4.981962312235892,-0.005328192235891649,0.005328192235891649,-0.0053281922358919265,0.0053281922358919265,44,345000,444,backbone_ridge
low_to_high_transfer,,,alpha-TiAl,700.0,-4.97663412,-4.3535362486355185,-0.2125885662818252,-0.4105093050826562,-0.4154718920693009,-4.981596706986645,-0.004962586986644979,0.004962586986644979,-0.0049625869866447014,0.0049625869866447014,45,346000,445,backbone_ridge
low_to_high_transfer,,,alpha-TiAl,700.0,-4.97663412,-4.353819716561974,-0.2125885662818252,-0.4102258371562008,-0.4154071596688077,-4.981815442512607,-0.005181322512607167,0.005181322512607167,-0.00518132251260689,0.00518132251260689,46,347000,446,backbone_ridge
low_to_high_transfer,,,alpha-TiAl,700.0,-4.97663412,-4.354073146402367,-0.2125885662818252,-0.4099724073158075,-0.41549514341047633,-4.982156856094669,-0.005522736094668801,0.005522736094668801,-0.005522736094668856,0.005522736094668856,47,348000,447,backbone_ridge
low_to_high_transfer,,,alpha-TiAl,700.0,-4.97663412,-4.35415645030933,-0.2125885662818252,-0.4098891034088447,-0.41542848319835624,-4.9821734997895115,-0.005539379789511578,0.005539379789511578,-0.005539379789511523,0.005539379789511523,48,349000,448,backbone_ridge
low_to_high_transfer,,,alpha-TiAl,700.0,-4.97663412,-4.353822021987478,-0.2125885662818252,-0.410223531730697,-0.4154468215916303,-4.981857409860933,-0.0052232898609334555,0.0052232898609334555,-0.0052232898609333445,0.0052232898609333445,49,350000,449,backbone_ridge
low_to_high_transfer,,,alpha-TiAl,700.0,-4.97663412,-4.353772223897254,-0.2125885662818252,-0.4102733298209209,-0.4154730569086948,-4.981833847087774,-0.005199727087774164,0.005199727087774164,-0.005199727087773887,0.005199727087773887,50,351000,450,backbone_ridge
low_to_high_transfer,,,alpha-TiAl,700.0,-4.97663412,-4.35364757942074,-0.2125885662818252,-0.4103979742974344,-0.41529944033625726,-4.981535586038823,-0.00490146603882291,0.00490146603882291,-0.004901466038822855,0.004901466038822855,51,352000,451,backbone_ridge
low_to_high_transfer,,,alpha-TiAl,700.0,-4.97663412,-4.35401259783834,-0.2125885662818252,-0.410032955879835,-0.41547837915049113,-4.982079543270656,-0.00544542327065578,0.00544542327065578,-0.005445423270656113,0.005445423270656113,52,353000,452,backbone_ridge
low_to_high_transfer,,,alpha-TiAl,700.0,-4.97663412,-4.353507584446659,-0.2125885662818252,-0.4105379692715161,-0.4155495660172336,-4.981645716745717,-0.005011596745717384,0.005011596745717384,-0.005011596745717495,0.005011596745717495,53,354000,453,backbone_ridge
low_to_high_transfer,,,alpha-TiAl,700.0,-4.97663412,-4.354100332604663,-0.2125885662818252,-0.4099452211135119,-0.41568573366216943,-4.982374632548657,-0.005740512548657151,0.005740512548657151,-0.005740512548657539,0.005740512548657539,54,355000,454,backbone_ridge
low_to_high_transfer,,,alpha-TiAl,700.0,-4.97663412,-4.353864401437898,-0.2125885662818252,-0.4101811522802769,-0.41519727606640805,-4.981650243786131,-0.005016123786131033,0.005016123786131033,-0.005016123786131144,0.005016123786131144,55,356000,455,backbone_ridge
low_to_high_transfer,,,alpha-TiAl,700.0,-4.97663412,-4.353815804064962,-0.2125885662818252,-0.4102297496532125,-0.4154829218024256,-4.981887292149213,-0.005253172149212837,0.005253172149212837,-0.005253172149213059,0.005253172149213059,56,357000,456,backbone_ridge
low_to_high_transfer,,,alpha-TiAl,700.0,-4.97663412,-4.353940692807263,-0.2125885662818252,-0.4101048609109119,-0.41549712843537034,-4.982026387524458,-0.005392267524458205,0.005392267524458205,-0.005392267524458427,0.005392267524458427,57,358000,457,backbone_ridge
low_to_high_transfer,,,alpha-TiAl,700.0,-4.97663412,-4.353646532241092,-0.2125885662818252,-0.4103990214770823,-0.4154669788439646,-4.981702077366882,-0.005067957366882148,0.005067957366882148,-0.005067957366882314,0.005067957366882314,58,359000,458,backbone_ridge
low_to_high_transfer,,,alpha-TiAl,700.0,-4.97663412,-4.354104855915537,-0.2125885662818252,-0.4099406978026376,-0.415599523435797,-4.9822929456331595,-0.005658825633159559,0.005658825633159559,-0.005658825633159392,0.005658825633159392,59,360000,459,backbone_ridge
low_to_high_transfer,,,alpha-TiAl,700.0,-4.97663412,-4.3535081450928965,-0.2125885662818252,-0.4105374086252782,-0.41543432360848276,-4.981531034983204,-0.004896914983204326,0.004896914983204326,-0.004896914983204548,0.004896914983204548,60,361000,460,backbone_ridge
low_to_high_transfer,,,alpha-TiAl,700.0,-4.97663412,-4.354529981472652,-0.2125885662818252,-0.4095155722455228,-0.4155744112792326,-4.9826929590337095,-0.006058839033709518,0.006058839033709518,-0.006058839033709795,0.006058839033709795,61,362000,461,backbone_ridge
low_to_high_transfer,,,alpha-TiAl,700.0,-4.97663412,-4.3539170082841,-0.2125885662818252,-0.410128545434075,-0.4155086650305458,-4.982014239596471,-0.005380119596471111,0.005380119596471111,-0.005380119596470778,0.005380119596470778,62,363000,462,backbone_ridge
low_to_high_transfer,,,alpha-TiAl,700.0,-4.97663412,-4.353950946028233,-0.2125885662818252,-0.4100946076899419,-0.41531616795312165,-4.9818556802631795,-0.005221560263179548,0.005221560263179548,-0.00522156026317977,0.00522156026317977,63,364000,463,backbone_ridge
low_to_high_transfer,,,alpha-TiAl,700.0,-4.97663412,-4.353612438496699,-0.2125885662818252,-0.4104331152214753,-0.4155266062853444,-4.981727611063869,-0.005093491063869138,0.005093491063869138,-0.005093491063869082,0.005093491063869082,64,365000,464,backbone_ridge
low_to_high_transfer,,,alpha-TiAl,700.0,-4.97663412,-4.353410820048744,-0.2125885662818252,-0.4106347336694309,-0.41568461330113204,-4.981683999631701,-0.005049879631701337,0.005049879631701337,-0.005049879631701171,0.005049879631701171,65,366000,465,backbone_ridge
low_to_high_transfer,,,alpha-TiAl,700.0,-4.97663412,-4.353956412834799,-0.2125885662818252,-0.4100891408833753,-0.4156545393488247,-4.98219951846545,-0.005565398465449789,0.005565398465449789,-0.0055653984654494,0.0055653984654494,66,367000,466,backbone_ridge
low_to_high_transfer,,,alpha-TiAl,700.0,-4.97663412,-4.353915437033749,-0.2125885662818252,-0.4101301166844253,-0.4154577049623009,-4.9819617082778755,-0.005327588277875606,0.005327588277875606,-0.005327588277875606,0.005327588277875606,67,368000,467,backbone_ridge
low_to_high_transfer,,,alpha-TiAl,700.0,-4.97663412,-4.354069536705799,-0.2125885662818252,-0.4099760170123758,-0.415542924625948,-4.982201027613572,-0.005566907613571814,0.005566907613571814,-0.005566907613572203,0.005566907613572203,68,369000,468,backbone_ridge
low_to_high_transfer,,,alpha-TiAl,700.0,-4.97663412,-4.353365877109895,-0.2125885662818252,-0.4106796766082796,-0.41537003495693187,-4.981324478348652,-0.004690358348652168,0.004690358348652168,-0.004690358348652279,0.004690358348652279,69,370000,469,backbone_ridge
low_to_high_transfer,,,alpha-TiAl,700.0,-4.97663412,-4.3541600227518265,-0.2125885662818252,-0.4098855309663483,-0.4155721261520454,-4.982320715185697,-0.00568659518569703,0.00568659518569703,-0.005686595185697141,0.005686595185697141,70,371000,470,backbone_ridge
low_to_high_transfer,,,alpha-TiAl,700.0,-4.97663412,-4.3539088699486195,-0.2125885662818252,-0.4101366837695552,-0.41561448627016034,-4.982111922500605,-0.005477802500605478,0.005477802500605478,-0.0054778025006051445,0.0054778025006051445,71,372000,471,backbone_ridge
low_to_high_transfer,,,alpha-TiAl,700.0,-4.97663412,-4.353970161212167,-0.2125885662818252,-0.4100753925060081,-0.41542796662848525,-4.981986694122477,-0.005352574122476916,0.005352574122476916,-0.005352574122477138,0.005352574122477138,72,373000,472,backbone_ridge
low_to_high_transfer,,,alpha-TiAl,700.0,-4.97663412,-4.354382530489737,-0.2125885662818252,-0.4096630232284379,-0.4156127201327622,-4.982583816904324,-0.005949696904323787,0.005949696904323787,-0.0059496969043242864,0.0059496969043242864,73,374000,473,backbone_ridge
low_to_high_transfer,,,alpha-TiAl,700.0,-4.97663412,-4.35419606256481,-0.2125885662818252,-0.4098494911533645,-0.4155915156668939,-4.9823761445135295,-0.0057420245135295644,0.0057420245135295644,-0.005742024513529398,0.005742024513529398,74,375000,474,backbone_ridge
low_to_high_transfer,,,alpha-TiAl,700.0,-4.97663412,-4.353969806897103,-0.2125885662818252,-0.4100757468210716,-0.41542083015197584,-4.981979203330904,-0.00534508333090411,0.00534508333090411,-0.005345083330904221,0.005345083330904221,75,376000,475,backbone_ridge
low_to_high_transfer,,,alpha-TiAl,700.0,-4.97663412,-4.354373144359518,-0.2125885662818252,-0.4096724093586568,-0.4152501732969328,-4.982211883938276,-0.005577763938275915,0.005577763938275915,-0.005577763938276026,0.005577763938276026,76,377000,476,backbone_ridge
low_to_high_transfer,,,alpha-TiAl,700.0,-4.97663412,-4.35423320783593,-0.2125885662818252,-0.4098123458822451,-0.415525720648764,-4.982347494766519,-0.00571337476651923,0.00571337476651923,-0.005713374766518897,0.005713374766518897,77,378000,477,backbone_ridge
low_to_high_transfer,,,alpha-TiAl,700.0,-4.97663412,-4.353638434417317,-0.2125885662818252,-0.4104071193008574,-0.4155019303476068,-4.981728931046749,-0.00509481104674947,0.00509481104674947,-0.0050948110467494145,0.0050948110467494145,78,379000,478,backbone_ridge
low_to_high_transfer,,,alpha-TiAl,700.0,-4.97663412,-4.35372026366812,-0.2125885662818252,-0.4103252900500544,-0.4155073460076696,-4.981816175957615,-0.005182055957615006,0.005182055957615006,-0.005182055957615173,0.005182055957615173,79,380000,479,backbone_ridge
low_to_high_transfer,,,alpha-TiAl,700.0,-4.97663412,-4.354255291803276,-0.2125885662818252,-0.4097902619148987,-0.415437444535467,-4.982281302620568,-0.005647182620568181,0.005647182620568181,-0.005647182620568292,0.005647182620568292,80,381000,480,backbone_ridge
low_to_high_transfer,,,alpha-TiAl,700.0,-4.97663412,-4.353932361096715,-0.2125885662818252,-0.41011319262146,-0.4155589147819075,-4.982079842160448,-0.005445722160447808,0.005445722160447808,-0.005445722160447475,0.005445722160447475,81,382000,481,backbone_ridge
low_to_high_transfer,,,alpha-TiAl,700.0,-4.97663412,-4.35462161624416,-0.2125885662818252,-0.4094239374740143,-0.4154300304718287,-4.982640212997814,-0.006006092997814072,0.006006092997814072,-0.006006092997814405,0.006006092997814405,82,383000,482,backbone_ridge
low_to_high_transfer,,,alpha-TiAl,700.0,-4.97663412,-4.354188604564175,-0.2125885662818252,-0.4098569491539994,-0.4155674191685542,-4.982344590014555,-0.005710470014554936,0.005710470014554936,-0.005710470014554825,0.005710470014554825,83,384000,483,backbone_ridge
low_to_high_transfer,,,alpha-TiAl,700.0,-4.97663412,-4.353554611020277,-0.2125885662818252,-0.4104909426978977,-0.41546597454840295,-4.981609151850505,-0.004975031850505296,0.004975031850505296,-0.0049750318505052404,0.0049750318505052404,84,385000,484,backbone_ridge
low_to_high_transfer,,,alpha-TiAl,700.0,-4.97663412,-4.35349874311474,-0.2125885662818252,-0.4105468106034351,-0.4155466208588077,-4.981633930255373,-0.004999810255372772,0.004999810255372772,-0.004999810255372605,0.004999810255372605,85,386000,485,backbone_ridge
low_to_high_transfer,,,alpha-TiAl,700.0,-4.97663412,-4.353900269416692,-0.2125885662818252,-0.4101452843014828,-0.41539180079950955,-4.981880636498027,-0.005246516498027098,0.005246516498027098,-0.005246516498026765,0.005246516498026765,86,387000,486,backbone_ridge
low_to_high_transfer,,,alpha-TiAl,700.0,-4.97663412,-4.354207661247877,-0.2125885662818252,-0.4098378924702981,-0.41551674192598825,-4.98231296945569,-0.005678849455690305,0.005678849455690305,-0.005678849455690138,0.005678849455690138,87,388000,487,backbone_ridge
low_to_high_transfer,,,alpha-TiAl,700.0,-4.97663412,-4.3539423753994475,-0.2125885662818252,-0.4101031783187272,-0.415307648600313,-4.981838590281586,-0.005204470281586104,0.005204470281586104,-0.005204470281585771,0.005204470281585771,88,389000,488,backbone_ridge
low_to_high_transfer,,,alpha-TiAl,700.0,-4.97663412,-4.354217497443836,-0.2125885662818252,-0.409828056274339,-0.4156626263851884,-4.982468690110849,-0.005834570110849313,0.005834570110849313,-0.005834570110849424,0.005834570110849424,89,390000,489,backbone_ridge
low_to_high_transfer,,,alpha-TiAl,700.0,-4.97663412,-4.353712142845675,-0.2125885662818252,-0.4103334108725001,-0.41552987354630144,-4.981830582673801,-0.00519646267380125,0.00519646267380125,-0.005196462673801361,0.005196462673801361,90,391000,490,backbone_ridge
low_to_high_transfer,,,alpha-TiAl,700.0,-4.97663412,-4.354270021038566,-0.2125885662818252,-0.4097755326796086,-0.4154755940540297,-4.982334181374421,-0.005700061374421139,0.005700061374421139,-0.005700061374421084,0.005700061374421084,91,392000,491,backbone_ridge
low_to_high_transfer,,,alpha-TiAl,700.0,-4.97663412,-4.354052726823414,-0.2125885662818252,-0.4099928268947606,-0.41549321904827835,-4.982134512153518,-0.005500392153518163,0.005500392153518163,-0.005500392153517775,0.005500392153517775,92,393000,492,backbone_ridge
low_to_high_transfer,,,alpha-TiAl,700.0,-4.97663412,-4.353815970133288,-0.2125885662818252,-0.4102295835848863,-0.41554414453272887,-4.981948680947842,-0.005314560947842217,0.005314560947842217,-0.00531456094784255,0.00531456094784255,93,394000,493,backbone_ridge
low_to_high_transfer,,,alpha-TiAl,700.0,-4.97663412,-4.353562371811667,-0.2125885662818252,-0.4104831819065078,-0.4155811445264463,-4.9817320826199385,-0.005097962619938556,0.005097962619938556,-0.005097962619938501,0.005097962619938501,94,395000,494,backbone_ridge
low_to_high_transfer,,,alpha-TiAl,700.0,-4.97663412,-4.354102542882769,-0.2125885662818252,-0.4099430108354056,-0.41551792413333405,-4.982209033297928,-0.005574913297928141,0.005574913297928141,-0.005574913297928474,0.005574913297928474,95,396000,495,backbone_ridge
low_to_high_transfer,,,alpha-TiAl,700.0,-4.97663412,-4.354013178115568,-0.2125885662818252,-0.4100323756026069,-0.41561141598929363,-4.982213160386687,-0.005579040386686884,0.005579040386686884,-0.005579040386686718,0.005579040386686718,96,397000,496,backbone_ridge
low_to_high_transfer,,,alpha-TiAl,700.0,-4.97663412,-4.353177816754842,-0.2125885662818252,-0.4108677369633327,-0.415424628746014,-4.981191011782681,-0.0045568917826814825,0.0045568917826814825,-0.004556891782681316,0.004556891782681316,97,398000,497,backbone_ridge
low_to_high_transfer,,,alpha-TiAl,700.0,-4.97663412,-4.353472871422853,-0.2125885662818252,-0.4105726822953217,-0.4153647635331462,-4.9814262012378245,-0.004792081237824597,0.004792081237824597,-0.004792081237824541,0.004792081237824541,98,399000,498,backbone_ridge
low_to_high_transfer,,,alpha-TiAl,700.0,-4.97663412,-4.3544051010726905,-0.2125885662818252,-0.4096404526454842,-0.41547084408055374,-4.98246451143507,-0.005830391435069693,0.005830391435069693,-0.005830391435069526,0.005830391435069526,99,400000,499,backbone_ridge
low_to_high_transfer,,,beta-TiV,600.0,-5.01175502,-4.508535675685898,-0.2070171977636012,-0.296202146550501,-0.29643263949455384,-5.011985512944053,-0.00023049294405286247,0.00023049294405286247,-0.00023049294405286247,0.00023049294405286247,0,301000,800,backbone_ridge
low_to_high_transfer,,,beta-TiV,600.0,-5.01175502,-4.508411862518235,-0.2070171977636012,-0.2963259597181634,-0.2965144282037707,-5.011943488485607,-0.0001884684856072738,0.0001884684856072738,-0.00018846848560732932,0.00018846848560732932,1,302000,801,backbone_ridge
low_to_high_transfer,,,beta-TiV,600.0,-5.01175502,-4.509262467083375,-0.2070171977636012,-0.2954753551530234,-0.29644818580795584,-5.012727850654932,-0.0009728306549323662,0.0009728306549323662,-0.0009728306549324217,0.0009728306549324217,2,303000,802,backbone_ridge
low_to_high_transfer,,,beta-TiV,600.0,-5.01175502,-4.508810912656248,-0.2070171977636012,-0.2959269095801507,-0.2964128453352309,-5.012240955755081,-0.0004859357550808241,0.0004859357550808241,-0.00048593575508015796,0.00048593575508015796,3,304000,803,backbone_ridge
low_to_high_transfer,,,beta-TiV,600.0,-5.01175502,-4.508865241882101,-0.2070171977636012,-0.2958725803542975,-0.2965621317149767,-5.012444571360679,-0.0006895513606792747,0.0006895513606792747,-0.0006895513606792192,0.0006895513606792192,4,305000,804,backbone_ridge
low_to_high_transfer,,,beta-TiV,600.0,-5.01175502,-4.5087368273951975,-0.2070171977636012,-0.296000994841201,-0.29655310623125664,-5.012307131390056,-0.0005521113900561758,0.0005521113900561758,-0.0005521113900556207,0.0005521113900556207,5,306000,805,backbone_ridge
low_to_high_transfer,,,beta-TiV,600.0,-5.01175502,-4.508928652728184,-0.2070171977636012,-0.2958091695082142,-0.2965235992585732,-5.012469449750359,-0.0007144297503591801,0.0007144297503591801,-0.0007144297503590136,0.0007144297503590136,6,307000,806,backbone_ridge
low_to_high_transfer,,,beta-TiV,600.0,-5.01175502,-4.508914285954385,-0.2070171977636012,-0.2958235362820132,-0.2965014475973818,-5.012432931315368,-0.0006779113153685401,0.0006779113153685401,-0.0006779113153685956,0.0006779113153685956,7,308000,807,backbone_ridge
low_to_high_transfer,,,beta-TiV,600.0,-5.01175502,-4.508880221245482,-0.2070171977636012,-0.2958576009909167,-0.2965338891724707,-5.012431308181554,-0.0006762881815545185,0.0006762881815545185,-0.0006762881815540189,0.0006762881815540189,8,309000,808,backbone_ridge
low_to_high_transfer,,,beta-TiV,600.0,-5.01175502,-4.509014692190011,-0.2070171977636012,-0.2957231300463879,-0.2965192679059167,-5.012551157859529,-0.0007961378595293667,0.0007961378595293667,-0.0007961378595288116,0.0007961378595288116,9,310000,809,backbone_ridge
low_to_high_transfer,,,beta-TiV,600.0,-5.01175502,-4.50916156588986,-0.2070171977636012,-0.2955762563465385,-0.29653515496461264,-5.012713918618074,-0.0009588986180739667,0.0009588986180739667,-0.0009588986180741332,0.0009588986180741332,10,311000,810,backbone_ridge
low_to_high_transfer,,,beta-TiV,600.0,-5.01175502,-4.5090672415926,-0.2070171977636012,-0.2956705806437985,-0.29646996777013357,-5.012554407126335,-0.0007993871263352048,0.0007993871263352048,-0.0007993871263350938,0.0007993871263350938,11,312000,811,backbone_ridge
low_to_high_transfer,,,beta-TiV,600.0,-5.01175502,-4.508854769381495,-0.2070171977636012,-0.2958830528549037,-0.2964801428254921,-5.012352109970588,-0.0005970899705882715,0.0005970899705882715,-0.000597089970588438,0.000597089970588438,12,313000,812,backbone_ridge
low_to_high_transfer,,,beta-TiV,600.0,-5.01175502,-4.508588069390913,-0.2070171977636012,-0.2961497528454855,-0.2966724560953255,-5.01227772324984,-0.0005227032498398287,0.0005227032498398287,-0.0005227032498399953,0.0005227032498399953,13,314000,813,backbone_ridge
low_to_high_transfer,,,beta-TiV,600.0,-5.01175502,-4.509024394983557,-0.2070171977636012,-0.2957134272528415,-0.29646910206639104,-5.01251069481355,-0.0007556748135497671,0.0007556748135497671,-0.000755674813549545,0.000755674813549545,14,315000,814,backbone_ridge
low_to_high_transfer,,,beta-TiV,600.0,-5.01175502,-4.508638240327478,-0.2070171977636012,-0.2960995819089203,-0.29651344610179053,-5.01216888419287,-0.0004138641928701503,0.0004138641928701503,-0.0004138641928702613,0.0004138641928702613,15,316000,815,backbone_ridge
low_to_high_transfer,,,beta-TiV,600.0,-5.01175502,-4.509172271942214,-0.2070171977636012,-0.2955655502941846,-0.29652776275447346,-5.012717232460289,-0.0009622124602888249,0.0009622124602888249,-0.0009622124602888804,0.0009622124602888804,16,317000,816,backbone_ridge
low_to_high_transfer,,,beta-TiV,600.0,-5.01175502,-4.508910196659569,-0.2070171977636012,-0.2958276255768298,-0.29647375610943855,-5.012401150532609,-0.0006461305326093125,0.0006461305326093125,-0.0006461305326087574,0.0006461305326087574,17,318000,817,backbone_ridge
low_to_high_transfer,,,beta-TiV,600.0,-5.01175502,-4.509137737499,-0.2070171977636012,-0.295600084737399,-0.2966053513500337,-5.012760286612635,-0.001005266612635225,0.001005266612635225,-0.0010052666126346699,0.0010052666126346699,18,319000,818,backbone_ridge
low_to_high_transfer,,,beta-TiV,600.0,-5.01175502,-4.508705745213462,-0.2070171977636012,-0.296032077022937,-0.2964835896627867,-5.0122065326398495,-0.0004515126398496605,0.0004515126398496605,-0.000451512639849716,0.000451512639849716,19,320000,819,backbone_ridge
low_to_high_transfer,,,beta-TiV,600.0,-5.01175502,-4.508509577016207,-0.2070171977636012,-0.2962282452201912,-0.2967364386450337,-5.012263213424842,-0.0005081934248423181,0.0005081934248423181,-0.0005081934248424846,0.0005081934248424846,20,321000,820,backbone_ridge
low_to_high_transfer,,,beta-TiV,600.0,-5.01175502,-4.508462644113943,-0.2070171977636012,-0.2962751781224553,-0.2966558519757027,-5.0121356938532475,-0.00038067385324769276,0.00038067385324769276,-0.0003806738532474152,0.0003806738532474152,21,322000,821,backbone_ridge
low_to_high_transfer,,,beta-TiV,600.0,-5.01175502,-4.5089334267857675,-0.2070171977636012,-0.2958043954506311,-0.2964788032001763,-5.012429427749545,-0.0006744077495453027,0.0006744077495453027,-0.0006744077495451917,0.0006744077495451917,22,323000,822,backbone_ridge
low_to_high_transfer,,,beta-TiV,600.0,-5.01175502,-4.5084914713686235,-0.2070171977636012,-0.2962463508677751,-0.29670006060980986,-5.012208729742035,-0.0004537097420351799,0.0004537097420351799,-0.0004537097420347358,0.0004537097420347358,23,324000,823,backbone_ridge
low_to_high_transfer,,,beta-TiV,600.0,-5.01175502,-4.508649292869717,-0.2070171977636012,-0.2960885293666815,-0.29638231526330705,-5.012048805896626,-0.00029378589662609755,0.00029378589662609755,-0.00029378589662554244,0.00029378589662554244,24,325000,824,backbone_ridge
low_to_high_transfer,,,beta-TiV,600.0,-5.01175502,-4.508589263579399,-0.2070171977636012,-0.2961485586569997,-0.2966715190564873,-5.012277980399488,-0.0005229603994880705,0.0005229603994880705,-0.0005229603994876264,0.0005229603994876264,25,326000,825,backbone_ridge
low_to_high_transfer,,,beta-TiV,600.0,-5.01175502,-4.508861823552306,-0.2070171977636012,-0.2958759986840927,-0.2966570060459109,-5.0125360273618185,-0.0007810073618186308,0.0007810073618186308,-0.0007810073618181868,0.0007810073618181868,26,327000,826,backbone_ridge
low_to_high_transfer,,,beta-TiV,600.0,-5.01175502,-4.508719897742113,-0.2070171977636012,-0.2960179244942858,-0.2965957644860888,-5.012332859991803,-0.000577839991803053,0.000577839991803053,-0.0005778399918029975,0.0005778399918029975,27,328000,827,backbone_ridge
low_to_high_transfer,,,beta-TiV,600.0,-5.01175502,-4.508904813156615,-0.2070171977636012,-0.2958330090797834,-0.2965769998750867,-5.012499010795303,-0.0007439907953035174,0.0007439907953035174,-0.0007439907953032954,0.0007439907953032954,28,329000,828,backbone_ridge
low_to_high_transfer,,,beta-TiV,600.0,-5.01175502,-4.508927785936202,-0.2070171977636012,-0.2958100363001963,-0.29657840692531434,-5.012523390625118,-0.0007683706251180311,0.0007683706251180311,-0.0007683706251180311,0.0007683706251180311,29,330000,829,backbone_ridge
low_to_high_transfer,,,beta-TiV,600.0,-5.01175502,-4.508947406341086,-0.2070171977636012,-0.2957904158953124,-0.29640671936757673,-5.012371323472264,-0.0006163034722641569,0.0006163034722641569,-0.0006163034722643235,0.0006163034722643235,30,331000,830,backbone_ridge
low_to_high_transfer,,,beta-TiV,600.0,-5.01175502,-4.5086366235108155,-0.2070171977636012,-0.2961011987255831,-0.2965953720375449,-5.012249193311962,-0.0004941733119618874,0.0004941733119618874,-0.0004941733119617764,0.0004941733119617764,31,332000,831,backbone_ridge
low_to_high_transfer,,,beta-TiV,600.0,-5.01175502,-4.508572851676488,-0.2070171977636012,-0.296164970559911,-0.29651892394419577,-5.012108973384285,-0.00035395338428489964,0.00035395338428489964,-0.0003539533842847886,0.0003539533842847886,32,333000,832,backbone_ridge
low_to_high_transfer,,,beta-TiV,600.0,-5.01175502,-4.509291624779377,-0.2070171977636012,-0.2954461974570218,-0.29667243202083404,-5.012981254563813,-0.001226234563812767,0.001226234563812767,-0.0012262345638122674,0.0012262345638122674,33,334000,833,backbone_ridge
low_to_high_transfer,,,beta-TiV,600.0,-5.01175502,-4.508779252198785,-0.2070171977636012,-0.2959585700376135,-0.29672036872122276,-5.0125168186836095,-0.0007617986836097046,0.0007617986836097046,-0.0007617986836092605,0.0007617986836092605,34,335000,834,backbone_ridge
low_to_high_transfer,,,beta-TiV,600.0,-5.01175502,-4.508692994758003,-0.2070171977636012,-0.2960448274783956,-0.29646694593360856,-5.012177138455213,-0.0004221184552131163,0.0004221184552131163,-0.00042211845521294977,0.00042211845521294977,35,336000,835,backbone_ridge
low_to_high_transfer,,,beta-TiV,600.0,-5.01175502,-4.508370302314854,-0.2070171977636012,-0.2963675199215443,-0.29669533279663085,-5.012082832875087,-0.0003278128750867637,0.0003278128750867637,-0.00032781287508654167,0.00032781287508654167,36,337000,836,backbone_ridge
low_to_high_transfer,,,beta-TiV,600.0,-5.01175502,-4.508537129597502,-0.2070171977636012,-0.2962006926388965,-0.29647369628753445,-5.012028023648638,-0.000273003648637804,0.000273003648637804,-0.00027300364863797055,0.00027300364863797055,37,338000,837,backbone_ridge
low_to_high_transfer,,,beta-TiV,600.0,-5.01175502,-4.508244775380852,-0.2070171977636012,-0.2964930468555463,-0.29658140655166115,-5.011843379696115,-8.835969611542538e-05,8.835969611542538e-05,-8.835969611487027e-05,8.835969611487027e-05,38,339000,838,backbone_ridge
low_to_high_transfer,,,beta-TiV,600.0,-5.01175502,-4.508694916060302,-0.2070171977636012,-0.296042906176097,-0.29655979344809275,-5.0122719072719955,-0.0005168872719956141,0.0005168872719956141,-0.0005168872719957252,0.0005168872719957252,39,340000,839,backbone_ridge
low_to_high_transfer,,,beta-TiV,600.0,-5.01175502,-4.508993206041718,-0.2070171977636012,-0.2957446161946804,-0.2966007971238735,-5.012611200929193,-0.000856180929193151,0.000856180929193151,-0.0008561809291930955,0.0008561809291930955,40,341000,840,backbone_ridge
low_to_high_transfer,,,beta-TiV,600.0,-5.01175502,-4.509349797497415,-0.2070171977636012,-0.2953880247389835,-0.29665937815185056,-5.013026373412867,-0.0012713534128669934,0.0012713534128669934,-0.001271353412867049,0.001271353412867049,41,342000,841,backbone_ridge
low_to_high_transfer,,,beta-TiV,600.0,-5.01175502,-4.508690613264003,-0.2070171977636012,-0.2960472089723958,-0.2967188186746689,-5.012426629702273,-0.0006716097022732015,0.0006716097022732015,-0.000671609702273146,0.000671609702273146,42,343000,842,backbone_ridge
low_to_high_transfer,,,beta-TiV,600.0,-5.01175502,-4.50878788402393,-0.2070171977636012,-0.2959499382124682,-0.29672732319625256,-5.0125324049837845,-0.0007773849837846569,0.0007773849837846569,-0.0007773849837843794,0.0007773849837843794,43,344000,843,backbone_ridge
low_to_high_transfer,,,beta-TiV,600.0,-5.01175502,-4.50911015440125,-0.2070171977636012,-0.2956276678351489,-0.2965321569628062,-5.012659509127658,-0.000904489127657726,0.000904489127657726,-0.0009044891276573375,0.0009044891276573375,44,345000,844,backbone_ridge
low_to_high_transfer,,,beta-TiV,600.0,-5.01175502,-4.508877484227618,-0.2070171977636012,-0.2958603380087806,-0.29651211731270194,-5.012406799303921,-0.0006517793039213515,0.0006517793039213515,-0.0006517793039213515,0.0006517793039213515,45,346000,845,backbone_ridge
low_to_high_transfer,,,beta-TiV,600.0,-5.01175502,-4.508835042828803,-0.2070171977636012,-0.2959027794075955,-0.2963775498415783,-5.012229790433983,-0.0004747704339829184,0.0004747704339829184,-0.0004747704339828074,0.0004747704339828074,46,347000,846,backbone_ridge
low_to_high_transfer,,,beta-TiV,600.0,-5.01175502,-4.5085907154431135,-0.2070171977636012,-0.2961471067932851,-0.29658162772268887,-5.012189540929404,-0.000434520929403881,0.000434520929403881,-0.00043452092940376996,0.00043452092940376996,47,348000,847,backbone_ridge
low_to_high_transfer,,,beta-TiV,600.0,-5.01175502,-4.509327558117153,-0.2070171977636012,-0.2954102641192453,-0.2966920948338888,-5.013036850714643,-0.0012818307146433838,0.0012818307146433838,-0.0012818307146434949,0.0012818307146434949,48,349000,848,backbone_ridge
low_to_high_transfer,,,beta-TiV,600.0,-5.01175502,-4.508926093827185,-0.2070171977636012,-0.2958117284092137,-0.29657228896578314,-5.0125155805565695,-0.0007605605565697005,0.0007605605565697005,-0.0007605605565694229,0.0007605605565694229,49,350000,849,backbone_ridge
low_to_high_transfer,,,beta-TiV,600.0,-5.01175502,-4.508784841158062,-0.2070171977636012,-0.2959529810783368,-0.2965700606198634,-5.012372099541527,-0.0006170795415272323,0.0006170795415272323,-0.0006170795415266217,0.0006170795415266217,50,351000,850,backbone_ridge
low_to_high_transfer,,,beta-TiV,600.0,-5.01175502,-4.508479365735467,-0.2070171977636012,-0.2962584565009314,-0.29648789636798045,-5.011984459867049,-0.0002294398670494857,0.0002294398670494857,-0.00022943986704904162,0.00022943986704904162,51,352000,851,backbone_ridge
low_to_high_transfer,,,beta-TiV,600.0,-5.01175502,-4.508897797023226,-0.2070171977636012,-0.2958400252131724,-0.2965986320099915,-5.012513626796819,-0.0007586067968192722,0.0007586067968192722,-0.0007586067968191057,0.0007586067968191057,52,353000,852,backbone_ridge
low_to_high_transfer,,,beta-TiV,600.0,-5.01175502,-4.50895886795498,-0.2070171977636012,-0.2957789542814189,-0.2966110319287501,-5.012587097647331,-0.0008320776473311753,0.0008320776473311753,-0.0008320776473311753,0.0008320776473311753,53,354000,853,backbone_ridge
low_to_high_transfer,,,beta-TiV,600.0,-5.01175502,-4.5088874811820885,-0.2070171977636012,-0.2958503410543101,-0.2966038137852967,-5.012508492730987,-0.000753472730987248,0.000753472730987248,-0.0007534727309866374,0.0007534727309866374,54,355000,854,backbone_ridge
low_to_high_transfer,,,beta-TiV,600.0,-5.01175502,-4.508744565934349,-0.2070171977636012,-0.2959932563020493,-0.2964695291495939,-5.012231292847544,-0.00047627284754447885,0.00047627284754447885,-0.00047627284754458987,0.00047627284754458987,55,356000,855,backbone_ridge
low_to_high_transfer,,,beta-TiV,600.0,-5.01175502,-4.508675872970903,-0.2070171977636012,-0.2960619492654957,-0.29648061794896435,-5.012173688683469,-0.0004186686834692921,0.0004186686834692921,-0.00041866868346862596,0.00041866868346862596,56,357000,856,backbone_ridge
low_to_high_transfer,,,beta-TiV,600.0,-5.01175502,-4.508661539191032,-0.2070171977636012,-0.2960762830453663,-0.29661598578236475,-5.012294722736999,-0.0005397027369991036,0.0005397027369991036,-0.0005397027369984375,0.0005397027369984375,57,358000,857,backbone_ridge
low_to_high_transfer,,,beta-TiV,600.0,-5.01175502,-4.508696922492377,-0.2070171977636012,-0.2960408997440214,-0.2964569158699734,-5.012171036125952,-0.0004160161259525452,0.0004160161259525452,-0.0004160161259519901,0.0004160161259519901,58,359000,858,backbone_ridge
low_to_high_transfer,,,beta-TiV,600.0,-5.01175502,-4.508843522551265,-0.2070171977636012,-0.2958942996851335,-0.29650362025369636,-5.012364340568563,-0.0006093205685635539,0.0006093205685635539,-0.0006093205685628877,0.0006093205685628877,59,360000,859,backbone_ridge
low_to_high_transfer,,,beta-TiV,600.0,-5.01175502,-4.508873039038338,-0.2070171977636012,-0.2958647831980603,-0.2965425422024092,-5.012432779004349,-0.0006777590043487436,0.0006777590043487436,-0.0006777590043489101,0.0006777590043489101,60,361000,860,backbone_ridge
low_to_high_transfer,,,beta-TiV,600.0,-5.01175502,-4.509245612891952,-0.2070171977636012,-0.2954922093444463,-0.296440623867568,-5.012703434523122,-0.0009484145231217767,0.0009484145231217767,-0.0009484145231216656,0.0009484145231216656,61,362000,861,backbone_ridge
low_to_high_transfer,,,beta-TiV,600.0,-5.01175502,-4.50858518806822,-0.2070171977636012,-0.2961526341681789,-0.29657705886474744,-5.012179444696569,-0.00042442469656922555,0.00042442469656922555,-0.0004244246965685594,0.0004244246965685594,62,363000,862,backbone_ridge
low_to_high_transfer,,,beta-TiV,600.0,-5.01175502,-4.508951230594451,-0.2070171977636012,-0.2957865916419478,-0.29643034651471334,-5.012398774872766,-0.0006437548727662445,0.0006437548727662445,-0.0006437548727655229,0.0006437548727655229,63,364000,863,backbone_ridge
low_to_high_transfer,,,beta-TiV,600.0,-5.01175502,-4.5089865117332195,-0.2070171977636012,-0.2957513105031791,-0.2964857861543128,-5.012489495651134,-0.0007344756511340478,0.0007344756511340478,-0.0007344756511337147,0.0007344756511337147,64,365000,864,backbone_ridge
low_to_high_transfer,,,beta-TiV,600.0,-5.01175502,-4.50885780351084,-0.2070171977636012,-0.2958800187255586,-0.2964717207975006,-5.012346722071942,-0.0005917020719419241,0.0005917020719419241,-0.0005917020719420352,0.0005917020719420352,65,366000,865,backbone_ridge
low_to_high_transfer,,,beta-TiV,600.0,-5.01175502,-4.509359015894813,-0.2070171977636012,-0.2953788063415852,-0.29652143843103407,-5.012897652089449,-0.0011426320894489805,0.0011426320894489805,-0.0011426320894488695,0.0011426320894488695,66,367000,866,backbone_ridge
low_to_high_transfer,,,beta-TiV,600.0,-5.01175502,-4.508585513949987,-0.2070171977636012,-0.296152308286412,-0.2966268698769822,-5.01222958159057,-0.0004745615905701328,0.0004745615905701328,-0.00047456159057024383,0.00047456159057024383,67,368000,867,backbone_ridge
low_to_high_transfer,,,beta-TiV,600.0,-5.01175502,-4.508996643589806,-0.2070171977636012,-0.2957411786465925,-0.2965082498688302,-5.0125220912222375,-0.0007670712222376252,0.0007670712222376252,-0.0007670712222376808,0.0007670712222376808,68,369000,868,backbone_ridge
low_to_high_transfer,,,beta-TiV,600.0,-5.01175502,-4.508405013420945,-0.2070171977636012,-0.2963328088154536,-0.29665646145701396,-5.012078672641561,-0.00032365264156108964,0.00032365264156108964,-0.000323652641560368,0.000323652641560368,69,370000,869,backbone_ridge
low_to_high_transfer,,,beta-TiV,600.0,-5.01175502,-4.509256462840685,-0.2070171977636012,-0.295481359395714,-0.2965614166424837,-5.01283507724677,-0.001080057246769961,0.001080057246769961,-0.0010800572467696834,0.0010800572467696834,70,371000,870,backbone_ridge
low_to_high_transfer,,,beta-TiV,600.0,-5.01175502,-4.509027260017669,-0.2070171977636012,-0.2957105622187293,-0.2964506862850424,-5.012495144066313,-0.0007401240663131858,0.0007401240663131858,-0.0007401240663130748,0.0007401240663130748,71,372000,871,backbone_ridge
low_to_high_transfer,,,beta-TiV,600.0,-5.01175502,-4.50933070476839,-0.2070171977636012,-0.2954071174680089,-0.2965862105114854,-5.012934113043476,-0.0011790930434765201,0.0011790930434765201,-0.0011790930434765201,0.0011790930434765201,72,373000,872,backbone_ridge
low_to_high_transfer,,,beta-TiV,600.0,-5.01175502,-4.508797767679435,-0.2070171977636012,-0.2959400545569635,-0.29654111674552036,-5.012356082188557,-0.0006010621885570444,0.0006010621885570444,-0.0006010621885568779,0.0006010621885568779,73,374000,873,backbone_ridge
low_to_high_transfer,,,beta-TiV,600.0,-5.01175502,-4.508848699852125,-0.2070171977636012,-0.2958891223842735,-0.2964880146911589,-5.012353912306885,-0.000598892306885368,0.000598892306885368,-0.000598892306885368,0.000598892306885368,74,375000,874,backbone_ridge
low_to_high_transfer,,,beta-TiV,600.0,-5.01175502,-4.508998461409799,-0.2070171977636012,-0.2957393608265993,-0.2965490785390196,-5.01256473771242,-0.0008097177124204435,0.0008097177124204435,-0.000809717712420277,0.000809717712420277,75,376000,875,backbone_ridge
low_to_high_transfer,,,beta-TiV,600.0,-5.01175502,-4.508722532796872,-0.2070171977636012,-0.2960152894395265,-0.296436836721138,-5.012176567281611,-0.00042154728161136745,0.00042154728161136745,-0.000421547281611534,0.000421547281611534,76,377000,876,backbone_ridge
low_to_high_transfer,,,beta-TiV,600.0,-5.01175502,-4.508851098635908,-0.2070171977636012,-0.2958867236004903,-0.2965870063712478,-5.012455302770758,-0.000700282770758065,0.000700282770758065,-0.0007002827707575099,0.0007002827707575099,77,378000,877,backbone_ridge
low_to_high_transfer,,,beta-TiV,600.0,-5.01175502,-4.508960241970646,-0.2070171977636012,-0.2957775802657523,-0.2963757300248342,-5.012353169759082,-0.0005981497590825668,0.0005981497590825668,-0.0005981497590819007,0.0005981497590819007,78,379000,878,backbone_ridge
low_to_high_transfer,,,beta-TiV,600.0,-5.01175502,-4.50849983372788,-0.2070171977636012,-0.2962379885085185,-0.2966867878601399,-5.012203819351622,-0.00044879935162178697,0.00044879935162178697,-0.0004487993516213984,0.0004487993516213984,79,380000,879,backbone_ridge
low_to_high_transfer,,,beta-TiV,600.0,-5.01175502,-4.508870823327232,-0.2070171977636012,-0.2958669989091665,-0.2966891522295094,-5.012577173320343,-0.0008221533203434106,0.0008221533203434106,-0.000822153320342911,0.000822153320342911,80,381000,880,backbone_ridge
low_to_high_transfer,,,beta-TiV,600.0,-5.01175502,-4.508285719390446,-0.2070171977636012,-0.2964521028459528,-0.29633041717786823,-5.011633334331916,0.00012168566808412606,0.00012168566808412606,0.00012168566808457015,0.00012168566808457015,81,382000,881,backbone_ridge
low_to_high_transfer,,,beta-TiV,600.0,-5.01175502,-4.5087055422797455,-0.2070171977636012,-0.2960322799566531,-0.2964462649726036,-5.01216900501595,-0.0004139850159505798,0.0004139850159505798,-0.0004139850159505243,0.0004139850159505243,82,383000,882,backbone_ridge
low_to_high_transfer,,,beta-TiV,600.0,-5.01175502,-4.509026116463278,-0.2070171977636012,-0.2957117057731209,-0.2964725138438161,-5.012515828070695,-0.0007608080706953402,0.0007608080706953402,-0.0007608080706952292,0.0007608080706952292,83,384000,883,backbone_ridge
low_to_high_transfer,,,beta-TiV,600.0,-5.01175502,-4.508743866380258,-0.2070171977636012,-0.2959939558561404,-0.29654871188589815,-5.012309776029758,-0.0005547560297580745,0.0005547560297580745,-0.0005547560297577414,0.0005547560297577414,84,385000,884,backbone_ridge
low_to_high_transfer,,,beta-TiV,600.0,-5.01175502,-4.508572008260447,-0.2070171977636012,-0.296165813975952,-0.2965548356911728,-5.012144041715221,-0.00038902171522092743,0.00038902171522092743,-0.0003890217152208164,0.0003890217152208164,85,386000,885,backbone_ridge
low_to_high_transfer,,,beta-TiV,600.0,-5.01175502,-4.508246282583915,-0.2070171977636012,-0.2964915396524835,-0.2963462546753191,-5.0116097350228355,0.00014528497716437272,0.00014528497716437272,0.00014528497716437272,0.00014528497716437272,86,387000,886,backbone_ridge
low_to_high_transfer,,,beta-TiV,600.0,-5.01175502,-4.508828322920993,-0.2070171977636012,-0.2959094993154053,-0.29645178684430695,-5.012297307528902,-0.0005422875289022855,0.0005422875289022855,-0.0005422875289016749,0.0005422875289016749,87,388000,887,backbone_ridge
low_to_high_transfer,,,beta-TiV,600.0,-5.01175502,-4.508976887943104,-0.2070171977636012,-0.295760934293295,-0.2966339933554769,-5.012628079062182,-0.0008730590621821577,0.0008730590621821577,-0.0008730590621819356,0.0008730590621819356,88,389000,888,backbone_ridge
low_to_high_transfer,,,beta-TiV,600.0,-5.01175502,-4.508991239716185,-0.2070171977636012,-0.2957465825202139,-0.2966269007434987,-5.012635338223284,-0.0008803182232846041,0.0008803182232846041,-0.0008803182232847706,0.0008803182232847706,89,390000,889,backbone_ridge
low_to_high_transfer,,,beta-TiV,600.0,-5.01175502,-4.508664028406354,-0.2070171977636012,-0.2960737938300444,-0.2965904784155432,-5.0122717045854985,-0.0005166845854986946,0.0005166845854986946,-0.0005166845854988056,0.0005166845854988056,90,391000,890,backbone_ridge
low_to_high_transfer,,,beta-TiV,600.0,-5.01175502,-4.5089170972520005,-0.2070171977636012,-0.2958207249843981,-0.29650543557289105,-5.012439730588493,-0.000684710588493509,0.000684710588493509,-0.0006847105884929539,0.0006847105884929539,91,392000,891,backbone_ridge
low_to_high_transfer,,,beta-TiV,600.0,-5.01175502,-4.508369054535969,-0.2070171977636012,-0.2963687677004299,-0.2966106193137569,-5.011996871613327,-0.0002418516133273485,0.0002418516133273485,-0.00024185161332695992,0.00024185161332695992,92,393000,892,backbone_ridge
low_to_high_transfer,,,beta-TiV,600.0,-5.01175502,-4.508711531754123,-0.2070171977636012,-0.2960262904822753,-0.29659584225247904,-5.012324571770204,-0.0005695517702042352,0.0005695517702042352,-0.0005695517702037356,0.0005695517702037356,93,394000,893,backbone_ridge
low_to_high_transfer,,,beta-TiV,600.0,-5.01175502,-4.50896462088439,-0.2070171977636012,-0.2957732013520087,-0.2964978369324424,-5.012479655580433,-0.0007246355804335636,0.0007246355804335636,-0.0007246355804337301,0.0007246355804337301,94,395000,894,backbone_ridge
low_to_high_transfer,,,beta-TiV,600.0,-5.01175502,-4.508327661721612,-0.2070171977636012,-0.2964101605147864,-0.29651212996503457,-5.011856989450248,-0.0001019694502479851,0.0001019694502479851,-0.00010196945024815163,0.00010196945024815163,95,396000,895,backbone_ridge
low_to_high_transfer,,,beta-TiV,600.0,-5.01175502,-4.50892670790808,-0.2070171977636012,-0.2958111143283182,-0.2966681452773288,-5.012612050949011,-0.0008570309490112393,0.0008570309490112393,-0.0008570309490106287,0.0008570309490106287,96,397000,896,backbone_ridge
low_to_high_transfer,,,beta-TiV,600.0,-5.01175502,-4.509207592304533,-0.2070171977636012,-0.2955302299318652,-0.2965479967942345,-5.012772786862369,-0.001017766862369207,0.001017766862369207,-0.0010177668623693181,0.0010177668623693181,97,398000,897,backbone_ridge
low_to_high_transfer,,,beta-TiV,600.0,-5.01175502,-4.5085587930220985,-0.2070171977636012,-0.2961790292143001,-0.2966539132400824,-5.012229904025783,-0.0004748840257828846,0.0004748840257828846,-0.00047488402578227396,0.00047488402578227396,98,399000,898,backbone_ridge
low_to_high_transfer,,,beta-TiV,600.0,-5.01175502,-4.508803795666953,-0.2070171977636012,-0.2959340265694455,-0.2965101893572571,-5.012331182787812,-0.000576162787812251,0.000576162787812251,-0.0005761627878115849,0.0005761627878115849,99,400000,899,backbone_ridge
low_to_high_transfer,,,beta-TiV,700.0,-5.06352247,-4.453765152268065,-0.2070171977636012,-0.4027401199683338,-0.4050629324724823,-5.0658452825041485,-0.0023228125041487857,0.0023228125041487857,-0.002322812504148508,0.002322812504148508,0,301000,900,backbone_ridge
low_to_high_transfer,,,beta-TiV,700.0,-5.06352247,-4.4534037177823445,-0.2070171977636012,-0.403101554454054,-0.4051683262492453,-5.065589241795191,-0.0020667717951914355,0.0020667717951914355,-0.0020667717951913245,0.0020667717951913245,1,302000,901,backbone_ridge
low_to_high_transfer,,,beta-TiV,700.0,-5.06352247,-4.453664308465974,-0.2070171977636012,-0.402840963770424,-0.4051104005328544,-5.06579190676243,-0.002269436762430743,0.002269436762430743,-0.00226943676243041,0.00226943676243041,2,303000,902,backbone_ridge
low_to_high_transfer,,,beta-TiV,700.0,-5.06352247,-4.453758127856032,-0.2070171977636012,-0.4027471443803663,-0.40524515771863234,-5.066020483338266,-0.0024980133382666025,0.0024980133382666025,-0.0024980133382660474,0.0024980133382660474,3,304000,903,backbone_ridge
low_to_high_transfer,,,beta-TiV,700.0,-5.06352247,-4.454084517227692,-0.2070171977636012,-0.4024207550087067,-0.40516729823598935,-5.0662690132272825,-0.0027465432272828494,0.0027465432272828494,-0.0027465432272826273,0.0027465432272826273,4,305000,904,backbone_ridge
low_to_high_transfer,,,beta-TiV,700.0,-5.06352247,-4.453676324686776,-0.2070171977636012,-0.4028289475496225,-0.4050086397397073,-5.065702162190084,-0.0021796921900847366,0.0021796921900847366,-0.002179692190084792,0.002179692190084792,5,306000,905,backbone_ridge
low_to_high_transfer,,,beta-TiV,700.0,-5.06352247,-4.454522024877834,-0.2070171977636012,-0.4019832473585645,-0.4051033811860625,-5.066642603827498,-0.003120133827498428,0.003120133827498428,-0.003120133827497984,0.003120133827497984,6,307000,906,backbone_ridge
low_to_high_transfer,,,beta-TiV,700.0,-5.06352247,-4.453384692369728,-0.2070171977636012,-0.40312057986667,-0.4051625348457784,-5.065564424979107,-0.0020419549791075298,0.0020419549791075298,-0.002041954979108418,0.002041954979108418,7,308000,907,backbone_ridge
low_to_high_transfer,,,beta-TiV,700.0,-5.06352247,-4.453758125546136,-0.2070171977636012,-0.4027471466902626,-0.40494540449235017,-5.065720727802088,-0.002198257802088044,0.002198257802088044,-0.0021982578020875443,0.0021982578020875443,8,309000,908,backbone_ridge
low_to_high_transfer,,,beta-TiV,700.0,-5.06352247,-4.45401979363663,-0.2070171977636012,-0.4024854785997685,-0.4051738073027087,-5.06621079870294,-0.0026883287029404457,0.0026883287029404457,-0.002688328702940168,0.002688328702940168,9,310000,909,backbone_ridge
low_to_high_transfer,,,beta-TiV,700.0,-5.06352247,-4.45413827625307,-0.2070171977636012,-0.4023669959833287,-0.40521965126457565,-5.066375125281247,-0.0028526552812468964,0.0028526552812468964,-0.002852655281246952,0.002852655281246952,10,311000,910,backbone_ridge
low_to_high_transfer,,,beta-TiV,700.0,-5.06352247,-4.4538250287558405,-0.2070171977636012,-0.4026802434805579,-0.4052249188124696,-5.066067145331911,-0.0025446753319116056,0.0025446753319116056,-0.002544675331911661,0.002544675331911661,11,312000,911,backbone_ridge
low_to_high_transfer,,,beta-TiV,700.0,-5.06352247,-4.453962515361609,-0.2070171977636012,-0.4025427568747893,-0.40522083184199037,-5.066200544967201,-0.002678074967201738,0.002678074967201738,-0.0026780749672010717,0.0026780749672010717,12,313000,912,backbone_ridge
low_to_high_transfer,,,beta-TiV,700.0,-5.06352247,-4.454347308790497,-0.2070171977636012,-0.4021579634459019,-0.405155913510207,-5.066520420064305,-0.0029979500643051438,0.0029979500643051438,-0.0029979500643051438,0.0029979500643051438,13,314000,913,backbone_ridge
low_to_high_transfer,,,beta-TiV,700.0,-5.06352247,-4.454109859281037,-0.2070171977636012,-0.4023954129553611,-0.40517680463326006,-5.066303861677899,-0.0027813916778995917,0.0027813916778995917,-0.002781391677898981,0.002781391677898981,14,315000,914,backbone_ridge
low_to_high_transfer,,,beta-TiV,700.0,-5.06352247,-4.453810311546131,-0.2070171977636012,-0.4026949606902675,-0.4051243141885805,-5.065951823498313,-0.0024293534983135245,0.0024293534983135245,-0.002429353498313025,0.002429353498313025,15,316000,915,backbone_ridge
low_to_high_transfer,,,beta-TiV,700.0,-5.06352247,-4.4540252436847165,-0.2070171977636012,-0.4024800285516819,-0.40529009930203,-5.066332540750348,-0.002810070750348004,0.002810070750348004,-0.002810070750348115,0.002810070750348115,16,317000,916,backbone_ridge
low_to_high_transfer,,,beta-TiV,700.0,-5.06352247,-4.453338213962512,-0.2070171977636012,-0.4031670582738862,-0.40497566065620505,-5.065331072382318,-0.0018086023823187247,0.0018086023823187247,-0.0018086023823188357,0.0018086023823188357,17,318000,917,backbone_ridge
low_to_high_transfer,,,beta-TiV,700.0,-5.06352247,-4.454105621064274,-0.2070171977636012,-0.4023996511721244,-0.4051761172363276,-5.066298936064203,-0.0027764660642031203,0.0027764660642031203,-0.0027764660642032313,0.0027764660642032313,18,319000,918,backbone_ridge
low_to_high_transfer,,,beta-TiV,700.0,-5.06352247,-4.4534405299331725,-0.2070171977636012,-0.4030647423032259,-0.40499422496639215,-5.0654519526631665,-0.0019294826631668371,0.0019294826631668371,-0.0019294826631662265,0.0019294826631662265,19,320000,919,backbone_ridge
low_to_high_transfer,,,beta-TiV,700.0,-5.06352247,-4.45381162192278,-0.2070171977636012,-0.4026936503136185,-0.40484258953866725,-5.0656714092250485,-0.002148939225048885,0.002148939225048885,-0.0021489392250487738,0.0021489392250487738,20,321000,920,backbone_ridge
low_to_high_transfer,,,beta-TiV,700.0,-5.06352247,-4.454433655691842,-0.2070171977636012,-0.4020716165445564,-0.4053797769125415,-5.066830630367985,-0.0033081603679852023,0.0033081603679852023,-0.0033081603679850913,0.0033081603679850913,21,322000,921,backbone_ridge
low_to_high_transfer,,,beta-TiV,700.0,-5.06352247,-4.453599809584963,-0.2070171977636012,-0.4029054626514353,-0.4052554897522463,-5.065872497100811,-0.002350027100811225,0.002350027100811225,-0.002350027100811003,0.002350027100811003,22,323000,922,backbone_ridge
low_to_high_transfer,,,beta-TiV,700.0,-5.06352247,-4.453839897903522,-0.2070171977636012,-0.4026653743328768,-0.40521943982584163,-5.066076535492964,-0.0025540654929647744,0.0025540654929647744,-0.00255406549296483,0.00255406549296483,23,324000,923,backbone_ridge
low_to_high_transfer,,,beta-TiV,700.0,-5.06352247,-4.453352567623497,-0.2070171977636012,-0.4031527046129011,-0.40514767578037747,-5.065517441167477,-0.0019949711674769333,0.0019949711674769333,-0.001994971167476378,0.001994971167476378,24,325000,924,backbone_ridge
low_to_high_transfer,,,beta-TiV,700.0,-5.06352247,-4.453792839590127,-0.2070171977636012,-0.4027124326462712,-0.40528511301606296,-5.066095150369792,-0.0025726803697923017,0.0025726803697923017,-0.0025726803697917466,0.0025726803697917466,25,326000,925,backbone_ridge
low_to_high_transfer,,,beta-TiV,700.0,-5.06352247,-4.454130564011923,-0.2070171977636012,-0.4023747082244758,-0.4053601290399973,-5.066507890815521,-0.0029854208155217776,0.0029854208155217776,-0.0029854208155215,0.0029854208155215,26,327000,926,backbone_ridge
low_to_high_transfer,,,beta-TiV,700.0,-5.06352247,-4.453711519845253,-0.2070171977636012,-0.4027937523911452,-0.40524972701911355,-5.0659784446279685,-0.002455974627968871,0.002455974627968871,-0.0024559746279683714,0.0024559746279683714,27,328000,927,backbone_ridge
low_to_high_transfer,,,beta-TiV,700.0,-5.06352247,-4.453401317753618,-0.2070171977636012,-0.4031039544827808,-0.40501034857790336,-5.065428864095122,-0.001906394095122721,0.001906394095122721,-0.0019063940951225544,0.0019063940951225544,28,329000,928,backbone_ridge
low_to_high_transfer,,,beta-TiV,700.0,-5.06352247,-4.453649781721101,-0.2070171977636012,-0.4028554905152977,-0.4051938943216763,-5.065860873806378,-0.0023384038063785084,0.0023384038063785084,-0.0023384038063786194,0.0023384038063786194,29,330000,929,backbone_ridge
low_to_high_transfer,,,beta-TiV,700.0,-5.06352247,-4.453446210790853,-0.2070171977636012,-0.4030590614455456,-0.40502605400234776,-5.065489462556802,-0.0019669925568024382,0.0019669925568024382,-0.0019669925568021607,0.0019669925568021607,30,331000,930,backbone_ridge
low_to_high_transfer,,,beta-TiV,700.0,-5.06352247,-4.453437890254623,-0.2070171977636012,-0.4030673819817754,-0.40510187209534404,-5.065556960113568,-0.002034490113568488,0.002034490113568488,-0.0020344901135686544,0.0020344901135686544,31,332000,931,backbone_ridge
low_to_high_transfer,,,beta-TiV,700.0,-5.06352247,-4.453839584573043,-0.2070171977636012,-0.4026656876633557,-0.4053228257467026,-5.066179608083347,-0.0026571380833475544,0.0026571380833475544,-0.0026571380833468883,0.0026571380833468883,32,333000,932,backbone_ridge
low_to_high_transfer,,,beta-TiV,700.0,-5.06352247,-4.453679392008376,-0.2070171977636012,-0.4028258802280223,-0.40516835621554753,-5.065864945987525,-0.002342475987525461,0.002342475987525461,-0.0023424759875252388,0.0023424759875252388,33,334000,933,backbone_ridge
low_to_high_transfer,,,beta-TiV,700.0,-5.06352247,-4.4535347924549225,-0.2070171977636012,-0.402970479781476,-0.4050680470755619,-5.065620037294086,-0.0020975672940863888,0.0020975672940863888,-0.002097567294085889,0.002097567294085889,34,335000,934,backbone_ridge
low_to_high_transfer,,,beta-TiV,700.0,-5.06352247,-4.454026990849812,-0.2070171977636012,-0.4024782813865866,-0.4050975797814637,-5.066141768394877,-0.0026192983948769566,0.0026192983948769566,-0.002619298394877123,0.002619298394877123,35,336000,935,backbone_ridge
low_to_high_transfer,,,beta-TiV,700.0,-5.06352247,-4.454030694018162,-0.2070171977636012,-0.402474578218236,-0.40522778786590247,-5.066275679647666,-0.0027532096476665657,0.0027532096476665657,-0.0027532096476664547,0.0027532096476664547,36,337000,936,backbone_ridge
low_to_high_transfer,,,beta-TiV,700.0,-5.06352247,-4.453847018260981,-0.2070171977636012,-0.4026582539754176,-0.4052246210887518,-5.066088837113334,-0.0025663671133342447,0.0025663671133342447,-0.002566367113334189,0.002566367113334189,37,338000,937,backbone_ridge
low_to_high_transfer,,,beta-TiV,700.0,-5.06352247,-4.453916742580018,-0.2070171977636012,-0.4025885296563801,-0.4052175840987058,-5.066151524442326,-0.002629054442325973,0.002629054442325973,-0.0026290544423256956,0.0026290544423256956,38,339000,938,backbone_ridge
low_to_high_transfer,,,beta-TiV,700.0,-5.06352247,-4.454284434828704,-0.2070171977636012,-0.4022208374076944,-0.4052373733196638,-5.066539005911969,-0.003016535911969598,0.003016535911969598,-0.0030165359119694313,0.0030165359119694313,39,340000,939,backbone_ridge
low_to_high_transfer,,,beta-TiV,700.0,-5.06352247,-4.454056267189736,-0.2070171977636012,-0.4024490050466627,-0.405226017891508,-5.066299482844845,-0.002777012844845217,0.002777012844845217,-0.0027770128448452724,0.0027770128448452724,40,341000,940,backbone_ridge
low_to_high_transfer,,,beta-TiV,700.0,-5.06352247,-4.454053874711866,-0.2070171977636012,-0.4024513975245328,-0.40507874460465204,-5.066149817080119,-0.0026273470801196908,0.0026273470801196908,-0.0026273470801192467,0.0026273470801192467,41,342000,941,backbone_ridge
low_to_high_transfer,,,beta-TiV,700.0,-5.06352247,-4.4536634013835155,-0.2070171977636012,-0.402841870852883,-0.40515906755660563,-5.065839666703723,-0.002317196703723212,0.002317196703723212,-0.002317196703722657,0.002317196703722657,42,343000,942,backbone_ridge
low_to_high_transfer,,,beta-TiV,700.0,-5.06352247,-4.453767778597135,-0.2070171977636012,-0.4027374936392632,-0.4051489369655334,-5.06593391332627,-0.0024114433262703017,0.0024114433262703017,-0.0024114433262701906,0.0024114433262701906,43,344000,943,backbone_ridge
low_to_high_transfer,,,beta-TiV,700.0,-5.06352247,-4.453418564925745,-0.2070171977636012,-0.403086707310653,-0.40511628073461653,-5.065552043423963,-0.002029573423963704,0.002029573423963704,-0.0020295734239635377,0.0020295734239635377,44,345000,944,backbone_ridge
low_to_high_transfer,,,beta-TiV,700.0,-5.06352247,-4.453896152754299,-0.2070171977636012,-0.4026091194820991,-0.4050859592309022,-5.065999309748803,-0.0024768397488035276,0.0024768397488035276,-0.0024768397488030836,0.0024768397488030836,45,346000,945,backbone_ridge
low_to_high_transfer,,,beta-TiV,700.0,-5.06352247,-4.4537398294833945,-0.2070171977636012,-0.4027654427530039,-0.4050512753527498,-5.065808302599746,-0.0022858325997461293,0.0022858325997461293,-0.0022858325997459072,0.0022858325997459072,46,347000,946,backbone_ridge
low_to_high_transfer,,,beta-TiV,700.0,-5.06352247,-4.45415068795102,-0.2070171977636012,-0.4023545842853784,-0.4051119309001138,-5.066279816614736,-0.0027573466147359227,0.0027573466147359227,-0.002757346614735423,0.002757346614735423,47,348000,947,backbone_ridge
low_to_high_transfer,,,beta-TiV,700.0,-5.06352247,-4.454075838932506,-0.2070171977636012,-0.4024294333038923,-0.40513811479353923,-5.066231151489647,-0.002708681489647091,0.002708681489647091,-0.0027086814896469247,0.0027086814896469247,48,349000,948,backbone_ridge
low_to_high_transfer,,,beta-TiV,700.0,-5.06352247,-4.45345887960969,-0.2070171977636012,-0.4030463926267081,-0.4051528066091613,-5.065628883982453,-0.002106413982453148,0.002106413982453148,-0.0021064139824532035,0.0021064139824532035,49,350000,949,backbone_ridge
low_to_high_transfer,,,beta-TiV,700.0,-5.06352247,-4.453764683681372,-0.2070171977636012,-0.4027405885550268,-0.40507277533774305,-5.065854656782716,-0.0023321867827164056,0.0023321867827164056,-0.002332186782716239,0.002332186782716239,50,351000,950,backbone_ridge
low_to_high_transfer,,,beta-TiV,700.0,-5.06352247,-4.453846935653166,-0.2070171977636012,-0.4026583365832324,-0.40526969326062695,-5.066133826677395,-0.0026113566773950936,0.0026113566773950936,-0.0026113566773945385,0.0026113566773945385,51,352000,951,backbone_ridge
low_to_high_transfer,,,beta-TiV,700.0,-5.06352247,-4.45339838753543,-0.2070171977636012,-0.403106884700968,-0.4052274657910603,-5.065643051090092,-0.0021205810900921662,0.0021205810900921662,-0.0021205810900922772,0.0021205810900922772,52,353000,952,backbone_ridge
low_to_high_transfer,,,beta-TiV,700.0,-5.06352247,-4.453240998263498,-0.2070171977636012,-0.4032642739729007,-0.4050397559282282,-5.065297951955327,-0.001775481955327507,0.001775481955327507,-0.001775481955327507,0.001775481955327507,53,354000,953,backbone_ridge
low_to_high_transfer,,,beta-TiV,700.0,-5.06352247,-4.454040375561052,-0.2070171977636012,-0.4024648966753468,-0.4050809557860759,-5.066138529110729,-0.002616059110729374,0.002616059110729374,-0.0026160591107290965,0.0026160591107290965,54,355000,954,backbone_ridge
low_to_high_transfer,,,beta-TiV,700.0,-5.06352247,-4.454184600110838,-0.2070171977636012,-0.4023206721255604,-0.40530503563491904,-5.066506833509359,-0.002984363509359156,0.002984363509359156,-0.0029843635093586562,0.0029843635093586562,55,356000,955,backbone_ridge
low_to_high_transfer,,,beta-TiV,700.0,-5.06352247,-4.453322496376629,-0.2070171977636012,-0.4031827758597697,-0.40513756731051803,-5.065477261450749,-0.0019547914507489494,0.0019547914507489494,-0.001954791450748339,0.001954791450748339,56,357000,956,backbone_ridge
low_to_high_transfer,,,beta-TiV,700.0,-5.06352247,-4.453790510095347,-0.2070171977636012,-0.4027147621410514,-0.4051166379001676,-5.065924345759116,-0.002401875759116656,0.002401875759116656,-0.002401875759116212,0.002401875759116212,57,358000,957,backbone_ridge
low_to_high_transfer,,,beta-TiV,700.0,-5.06352247,-4.453564347399239,-0.2070171977636012,-0.4029409248371592,-0.4051716862421594,-5.065753231405,-0.0022307614050003366,0.0022307614050003366,-0.00223076140500017,0.00223076140500017,58,359000,958,backbone_ridge
low_to_high_transfer,,,beta-TiV,700.0,-5.06352247,-4.454231449003392,-0.2070171977636012,-0.4022738232330066,-0.4051476894047195,-5.066396336171713,-0.0028738661717131464,0.0028738661717131464,-0.0028738661717129244,0.0028738661717129244,59,360000,959,backbone_ridge
low_to_high_transfer,,,beta-TiV,700.0,-5.06352247,-4.453800600351736,-0.2070171977636012,-0.4027046718846628,-0.405037076704845,-5.065854874820182,-0.0023324048201827097,0.0023324048201827097,-0.00233240482018221,0.00233240482018221,60,361000,960,backbone_ridge
low_to_high_transfer,,,beta-TiV,700.0,-5.06352247,-4.453534195181986,-0.2070171977636012,-0.4029710770544129,-0.40513813479017075,-5.065689527735758,-0.0021670577357584264,0.0021670577357584264,-0.0021670577357578713,0.0021670577357578713,61,362000,961,backbone_ridge
low_to_high_transfer,,,beta-TiV,700.0,-5.06352247,-4.454077329205923,-0.2070171977636012,-0.4024279430304756,-0.4051473784396644,-5.066241905409189,-0.002719435409189508,0.002719435409189508,-0.0027194354091888417,0.0027194354091888417,62,363000,962,backbone_ridge
low_to_high_transfer,,,beta-TiV,700.0,-5.06352247,-4.454042403219083,-0.2070171977636012,-0.4024628690173151,-0.4051768714448229,-5.066236472427508,-0.0027140024275080776,0.0027140024275080776,-0.0027140024275078,0.0027140024275078,63,364000,963,backbone_ridge
low_to_high_transfer,,,beta-TiV,700.0,-5.06352247,-4.453658179380524,-0.2070171977636012,-0.4028470928558748,-0.40503158061193345,-5.065706957756059,-0.0021844877560592835,0.0021844877560592835,-0.002184487756058673,0.002184487756058673,64,365000,964,backbone_ridge
low_to_high_transfer,,,beta-TiV,700.0,-5.06352247,-4.453371668124334,-0.2070171977636012,-0.4031336041120641,-0.4048905248016387,-5.065279390689574,-0.0017569206895746703,0.0017569206895746703,-0.0017569206895745593,0.0017569206895745593,65,366000,965,backbone_ridge
low_to_high_transfer,,,beta-TiV,700.0,-5.06352247,-4.453483699880507,-0.2070171977636012,-0.4030215723558917,-0.4051637593553063,-5.065664656999415,-0.002142186999415152,0.002142186999415152,-0.002142186999414597,0.002142186999414597,66,367000,966,backbone_ridge
low_to_high_transfer,,,beta-TiV,700.0,-5.06352247,-4.4534601176306055,-0.2070171977636012,-0.403045154605793,-0.4051695069004756,-5.065646822294682,-0.002124352294682552,0.002124352294682552,-0.0021243522946826077,0.0021243522946826077,67,368000,967,backbone_ridge
low_to_high_transfer,,,beta-TiV,700.0,-5.06352247,-4.453905645864742,-0.2070171977636012,-0.4025996263716565,-0.40507547617629003,-5.065998319804633,-0.0024758498046333344,0.0024758498046333344,-0.002475849804633501,0.002475849804633501,68,369000,968,backbone_ridge
low_to_high_transfer,,,beta-TiV,700.0,-5.06352247,-4.453617205077384,-0.2070171977636012,-0.4028880671590145,-0.4051334437670404,-5.065767846608026,-0.0022453766080259285,0.0022453766080259285,-0.0022453766080259285,0.0022453766080259285,69,370000,969,backbone_ridge
low_to_high_transfer,,,beta-TiV,700.0,-5.06352247,-4.453976545282504,-0.2070171977636012,-0.402528726953894,-0.4051773722144377,-5.066171115260544,-0.0026486452605443134,0.0026486452605443134,-0.0026486452605437028,0.0026486452605437028,70,371000,970,backbone_ridge
low_to_high_transfer,,,beta-TiV,700.0,-5.06352247,-4.453630942674004,-0.2070171977636012,-0.4028743295623943,-0.40524314370708625,-5.065891284144692,-0.002368814144692699,0.002368814144692699,-0.0023688141446919775,0.0023688141446919775,71,372000,971,backbone_ridge
low_to_high_transfer,,,beta-TiV,700.0,-5.06352247,-4.45369984313288,-0.2070171977636012,-0.4028054291035182,-0.4051550357226761,-5.065872076619158,-0.0023496066191581733,0.0023496066191581733,-0.0023496066191578957,0.0023496066191578957,72,373000,972,backbone_ridge
low_to_high_transfer,,,beta-TiV,700.0,-5.06352247,-4.453581572239363,-0.2070171977636012,-0.4029236999970352,-0.4052531380416028,-5.065851908044568,-0.0023294380445681995,0.0023294380445681995,-0.002329438044567589,0.002329438044567589,73,374000,973,backbone_ridge
low_to_high_transfer,,,beta-TiV,700.0,-5.06352247,-4.45405085367578,-0.2070171977636012,-0.4024544185606181,-0.40521880277918454,-5.066286854218566,-0.002764384218566285,0.002764384218566285,-0.0027643842185664513,0.0027643842185664513,74,375000,974,backbone_ridge
low_to_high_transfer,,,beta-TiV,700.0,-5.06352247,-4.453491704271859,-0.2070171977636012,-0.4030135679645393,-0.4053600276344973,-5.065868929669958,-0.0023464596699582785,0.0023464596699582785,-0.002346459669958001,0.002346459669958001,75,376000,975,backbone_ridge
low_to_high_transfer,,,beta-TiV,700.0,-5.06352247,-4.453919409225228,-0.2070171977636012,-0.4025858630111705,-0.4050958804574204,-5.0660324874462495,-0.0025100174462497904,0.0025100174462497904,-0.0025100174462499014,0.0025100174462499014,76,377000,976,backbone_ridge
low_to_high_transfer,,,beta-TiV,700.0,-5.06352247,-4.453744313052451,-0.2070171977636012,-0.4027609591839474,-0.4052492720695759,-5.066010782885629,-0.002488312885629007,0.002488312885629007,-0.0024883128856285075,0.0024883128856285075,77,378000,977,backbone_ridge
low_to_high_transfer,,,beta-TiV,700.0,-5.06352247,-4.454035990332992,-0.2070171977636012,-0.4024692819034066,-0.40509391692372976,-5.066147105020323,-0.002624635020323396,0.002624635020323396,-0.002624635020323174,0.002624635020323174,78,379000,978,backbone_ridge
low_to_high_transfer,,,beta-TiV,700.0,-5.06352247,-4.454062025661705,-0.2070171977636012,-0.4024432465746932,-0.40541554132088337,-5.06649476474619,-0.0029722947461907623,0.0029722947461907623,-0.0029722947461901517,0.0029722947461901517,79,380000,979,backbone_ridge
low_to_high_transfer,,,beta-TiV,700.0,-5.06352247,-4.453225895225308,-0.2070171977636012,-0.4032793770110905,-0.40491614882139665,-5.065159241810306,-0.0016367718103067475,0.0016367718103067475,-0.0016367718103061368,0.0016367718103061368,80,381000,980,backbone_ridge
low_to_high_transfer,,,beta-TiV,700.0,-5.06352247,-4.453314560302689,-0.2070171977636012,-0.4031907119337091,-0.40508237123021723,-5.065414129296508,-0.0018916592965085854,0.0018916592965085854,-0.0018916592965081414,0.0018916592965081414,81,382000,981,backbone_ridge
low_to_high_transfer,,,beta-TiV,700.0,-5.06352247,-4.454192283198673,-0.2070171977636012,-0.4023129890377251,-0.4050890419428341,-5.066298522905109,-0.002776052905109516,0.002776052905109516,-0.0027760529051090166,0.0027760529051090166,82,383000,982,backbone_ridge
low_to_high_transfer,,,beta-TiV,700.0,-5.06352247,-4.45330073784917,-0.2070171977636012,-0.4032045343872286,-0.405261719517862,-5.065579655130633,-0.0020571851306332434,0.0020571851306332434,-0.00205718513063341,0.00205718513063341,83,384000,983,backbone_ridge
low_to_high_transfer,,,beta-TiV,700.0,-5.06352247,-4.4537719107628675,-0.2070171977636012,-0.4027333614735309,-0.40520278197814147,-5.065991890504611,-0.002469420504611186,0.002469420504611186,-0.0024694205046105755,0.0024694205046105755,84,385000,984,backbone_ridge
low_to_high_transfer,,,beta-TiV,700.0,-5.06352247,-4.45371254956725,-0.2070171977636012,-0.4027927226691486,-0.40522145759531075,-5.065951204926162,-0.00242873492616269,0.00242873492616269,-0.002428734926162135,0.002428734926162135,85,386000,985,backbone_ridge
low_to_high_transfer,,,beta-TiV,700.0,-5.06352247,-4.4535230105052905,-0.2070171977636012,-0.4029822617311079,-0.40522896327551117,-5.065769171544403,-0.002246701544403429,0.002246701544403429,-0.0022467015444032623,0.0022467015444032623,86,387000,986,backbone_ridge
low_to_high_transfer,,,beta-TiV,700.0,-5.06352247,-4.454155735263534,-0.2070171977636012,-0.4023495369728647,-0.40514560785389825,-5.066318540881033,-0.0027960708810335078,0.0027960708810335078,-0.0027960708810335633,0.0027960708810335633,87,388000,987,backbone_ridge
low_to_high_transfer,,,beta-TiV,700.0,-5.06352247,-4.454020241728649,-0.2070171977636012,-0.402485030507749,-0.4048908903743474,-5.0659283298665985,-0.002405859866598803,0.002405859866598803,-0.0024058598665984143,0.0024058598665984143,88,389000,988,backbone_ridge
low_to_high_transfer,,,beta-TiV,700.0,-5.06352247,-4.4537952465517385,-0.2070171977636012,-0.4027100256846599,-0.4049702465886354,-5.065782690903975,-0.002260220903975707,0.002260220903975707,-0.002260220903975485,0.002260220903975485,89,390000,989,backbone_ridge
low_to_high_transfer,,,beta-TiV,700.0,-5.06352247,-4.453334640119602,-0.2070171977636012,-0.4031706321167967,-0.40525064614912565,-5.065602484032329,-0.0020800140323293803,0.0020800140323293803,-0.0020800140323289362,0.0020800140323289362,90,391000,990,backbone_ridge
low_to_high_transfer,,,beta-TiV,700.0,-5.06352247,-4.452968945395611,-0.2070171977636012,-0.4035363268407875,-0.4051895719776086,-5.065175715136821,-0.001653245136821191,0.001653245136821191,-0.0016532451368210799,0.0016532451368210799,91,392000,991,backbone_ridge
low_to_high_transfer,,,beta-TiV,700.0,-5.06352247,-4.453725995974832,-0.2070171977636012,-0.4027792762615665,-0.4052457180370593,-5.065988911775492,-0.0024664417754927115,0.0024664417754927115,-0.002466441775492767,0.002466441775492767,92,393000,992,backbone_ridge
low_to_high_transfer,,,beta-TiV,700.0,-5.06352247,-4.453350695710444,-0.2070171977636012,-0.4031545765259541,-0.40516800144855075,-5.065535894922596,-0.002013424922596485,0.002013424922596485,-0.0020134249225966516,0.0020134249225966516,93,394000,993,backbone_ridge
low_to_high_transfer,,,beta-TiV,700.0,-5.06352247,-4.453289589706232,-0.2070171977636012,-0.4032156825301663,-0.40512014803467944,-5.065426935504513,-0.0019044655045137304,0.0019044655045137304,-0.0019044655045131198,0.0019044655045131198,94,395000,994,backbone_ridge
low_to_high_transfer,,,beta-TiV,700.0,-5.06352247,-4.453633264844862,-0.2070171977636012,-0.402872007391536,-0.40537462305928157,-5.066025085667746,-0.0025026156677459,0.0025026156677459,-0.002502615667745567,0.002502615667745567,95,396000,995,backbone_ridge
low_to_high_transfer,,,beta-TiV,700.0,-5.06352247,-4.453988123010835,-0.2070171977636012,-0.4025171492255633,-0.40511013230252924,-5.066115453076966,-0.0025929830769664264,0.0025929830769664264,-0.0025929830769659268,0.0025929830769659268,96,397000,996,backbone_ridge
low_to_high_transfer,,,beta-TiV,700.0,-5.06352247,-4.453387387106296,-0.2070171977636012,-0.4031178851301027,-0.40511307909060185,-5.065517663960499,-0.0019951939604991864,0.0019951939604991864,-0.001995193960499131,0.001995193960499131,97,398000,997,backbone_ridge
low_to_high_transfer,,,beta-TiV,700.0,-5.06352247,-4.454016458466363,-0.2070171977636012,-0.4024888137700356,-0.4050593717991701,-5.066093028029134,-0.0025705580291344177,0.0025705580291344177,-0.0025705580291345287,0.0025705580291345287,98,399000,998,backbone_ridge
low_to_high_transfer,,,beta-TiV,700.0,-5.06352247,-4.453613925623614,-0.2070171977636012,-0.4028913466127844,-0.4049769908020742,-5.06560811418929,-0.00208564418929047,0.00208564418929047,-0.0020856441892898037,0.0020856441892898037,99,400000,999,backbone_ridge
low_to_high_transfer,,,Ti64,600.0,-4.92132028,-4.397159047044234,-0.2175700860176496,-0.3065911469381165,-0.30727418506880794,-4.922003318130691,-0.0006830381306910382,0.0006830381306910382,-0.0006830381306914268,0.0006830381306914268,0,301000,1300,backbone_ridge
low_to_high_transfer,,,Ti64,600.0,-4.92132028,-4.396534575372807,-0.2175700860176496,-0.307215618609543,-0.30737893062302474,-4.921483592013481,-0.00016331201348140922,0.00016331201348140922,-0.0001633120134817423,0.0001633120134817423,1,302000,1301,backbone_ridge
low_to_high_transfer,,,Ti64,600.0,-4.92132028,-4.396735557011429,-0.2175700860176496,-0.3070146369709216,-0.30730628095737333,-4.921611923986451,-0.00029164398645153966,0.00029164398645153966,-0.0002916439864517617,0.0002916439864517617,2,303000,1302,backbone_ridge
low_to_high_transfer,,,Ti64,600.0,-4.92132028,-4.39630309752735,-0.2175700860176496,-0.3074470964549999,-0.3074208602096788,-4.921294043754679,2.6236245321165086e-05,2.6236245321165086e-05,2.6236245321109575e-05,2.6236245321109575e-05,3,304000,1303,backbone_ridge
low_to_high_transfer,,,Ti64,600.0,-4.92132028,-4.396845931103607,-0.2175700860176496,-0.3069042628787427,-0.3073557436877396,-4.921771760808996,-0.00045148080899615195,0.00045148080899615195,-0.0004514808089969291,0.0004514808089969291,4,305000,1304,backbone_ridge
low_to_high_transfer,,,Ti64,600.0,-4.92132028,-4.396534911696251,-0.2175700860176496,-0.3072152822860993,-0.3073363955503751,-4.921441393264275,-0.00012111326427532987,0.00012111326427532987,-0.00012111326427582947,0.00012111326427582947,5,306000,1305,backbone_ridge
low_to_high_transfer,,,Ti64,600.0,-4.92132028,-4.39641422033816,-0.2175700860176496,-0.3073359736441899,-0.3072957461890394,-4.921280052544849,4.0227455150976255e-05,4.0227455150976255e-05,4.0227455150532165e-05,4.0227455150532165e-05,6,307000,1306,backbone_ridge
low_to_high_transfer,,,Ti64,600.0,-4.92132028,-4.396303277718204,-0.2175700860176496,-0.3074469162641465,-0.3073180368323832,-4.921191400568236,0.0001288794317639841,0.0001288794317639841,0.00012887943176331795,0.00012887943176331795,7,308000,1307,backbone_ridge
low_to_high_transfer,,,Ti64,600.0,-4.92132028,-4.396331437800162,-0.2175700860176496,-0.3074187561821878,-0.30724651215737475,-4.921148035975186,0.00017224402481375023,0.00017224402481375023,0.00017224402481302858,0.00017224402481302858,8,309000,1308,backbone_ridge
low_to_high_transfer,,,Ti64,600.0,-4.92132028,-4.3966386342926365,-0.2175700860176496,-0.3071115596897137,-0.3073499498664307,-4.921558670176717,-0.00023839017671711815,0.00023839017671711815,-0.00023839017671700713,0.00023839017671700713,9,310000,1309,backbone_ridge
low_to_high_transfer,,,Ti64,600.0,-4.92132028,-4.396636436196414,-0.2175700860176496,-0.3071137577859361,-0.3073435369242597,-4.921550059138323,-0.00022977913832367136,0.00022977913832367136,-0.00022977913832361585,0.00022977913832361585,10,311000,1310,backbone_ridge
low_to_high_transfer,,,Ti64,600.0,-4.92132028,-4.396378926239754,-0.2175700860176496,-0.3073712677425965,-0.3074304249180635,-4.921379437175466,-5.9157175466673095e-05,5.9157175466673095e-05,-5.915717546700616e-05,5.915717546700616e-05,11,312000,1311,backbone_ridge
low_to_high_transfer,,,Ti64,600.0,-4.92132028,-4.39656420449696,-0.2175700860176496,-0.3071859894853898,-0.30746375979855173,-4.921598050313161,-0.0002777703131613407,0.0002777703131613407,-0.00027777031316195133,0.00027777031316195133,12,313000,1312,backbone_ridge
low_to_high_transfer,,,Ti64,600.0,-4.92132028,-4.396657457865845,-0.2175700860176496,-0.3070927361165051,-0.3074594498065949,-4.9216869936900896,-0.0003667136900897816,0.0003667136900897816,-0.0003667136900897816,0.0003667136900897816,13,314000,1313,backbone_ridge
low_to_high_transfer,,,Ti64,600.0,-4.92132028,-4.396563831449209,-0.2175700860176496,-0.3071863625331416,-0.30750885088978075,-4.921642768356639,-0.0003224883566392833,0.0003224883566392833,-0.0003224883566391723,0.0003224883566391723,14,315000,1314,backbone_ridge
low_to_high_transfer,,,Ti64,600.0,-4.92132028,-4.396499253526868,-0.2175700860176496,-0.3072509404554818,-0.3073741050299779,-4.9214434445744955,-0.0001231645744956822,0.0001231645744956822,-0.00012316457449612628,0.00012316457449612628,15,316000,1315,backbone_ridge
low_to_high_transfer,,,Ti64,600.0,-4.92132028,-4.3964516928259405,-0.2175700860176496,-0.3072985011564096,-0.3073919803521907,-4.92141375919578,-9.347919578051034e-05,9.347919578051034e-05,-9.347919578106545e-05,9.347919578106545e-05,16,317000,1316,backbone_ridge
low_to_high_transfer,,,Ti64,600.0,-4.92132028,-4.396687338534446,-0.2175700860176496,-0.3070628554479043,-0.3073671354649053,-4.921624560017,-0.00030428001700055773,0.00030428001700055773,-0.0003042800170010018,0.0003042800170010018,17,318000,1317,backbone_ridge
low_to_high_transfer,,,Ti64,600.0,-4.92132028,-4.396404218625199,-0.2175700860176496,-0.3073459753571509,-0.30733917249364,-4.921313477136488,6.802863511623514e-06,6.802863511623514e-06,6.802863510901869e-06,6.802863510901869e-06,18,319000,1318,backbone_ridge
low_to_high_transfer,,,Ti64,600.0,-4.92132028,-4.396237187151453,-0.2175700860176496,-0.3075130068308974,-0.30727648452775125,-4.921083757696853,0.0002365223031466357,0.0002365223031466357,0.0002365223031461361,0.0002365223031461361,19,320000,1319,backbone_ridge
low_to_high_transfer,,,Ti64,600.0,-4.92132028,-4.396337503600823,-0.2175700860176496,-0.3074126903815269,-0.30723751014493006,-4.921145099763402,0.0001751802365976829,0.0001751802365976829,0.00017518023659685023,0.00017518023659685023,20,321000,1320,backbone_ridge
low_to_high_transfer,,,Ti64,600.0,-4.92132028,-4.396355451010638,-0.2175700860176496,-0.3073947429717117,-0.30738102733810996,-4.921306564366398,1.3715633602195965e-05,1.3715633602195965e-05,1.3715633601751875e-05,1.3715633601751875e-05,21,322000,1321,backbone_ridge
low_to_high_transfer,,,Ti64,600.0,-4.92132028,-4.396766923652509,-0.2175700860176496,-0.3069832703298415,-0.3074017345352982,-4.921738744205456,-0.00041846420545610385,0.00041846420545610385,-0.00041846420545665897,0.00041846420545665897,22,323000,1322,backbone_ridge
low_to_high_transfer,,,Ti64,600.0,-4.92132028,-4.396985706382081,-0.2175700860176496,-0.3067644876002694,-0.3074102331686822,-4.921966025568413,-0.0006457455684127922,0.0006457455684127922,-0.0006457455684127922,0.0006457455684127922,23,324000,1323,backbone_ridge
low_to_high_transfer,,,Ti64,600.0,-4.92132028,-4.396033564953684,-0.2175700860176496,-0.3077166290286662,-0.30745400684021346,-4.921057657811547,0.0002626221884529656,0.0002626221884529656,0.00026262218845274354,0.00026262218845274354,24,325000,1324,backbone_ridge
low_to_high_transfer,,,Ti64,600.0,-4.92132028,-4.3965576495280025,-0.2175700860176496,-0.3071925444543476,-0.3074269666858947,-4.921554702231546,-0.00023442223154646058,0.00023442223154646058,-0.0002344222315470712,0.0002344222315470712,25,326000,1325,backbone_ridge
low_to_high_transfer,,,Ti64,600.0,-4.92132028,-4.396905891155695,-0.2175700860176496,-0.3068443028266548,-0.3073473805093125,-4.921823357682657,-0.0005030776826568939,0.0005030776826568939,-0.0005030776826576711,0.0005030776826576711,26,327000,1326,backbone_ridge
low_to_high_transfer,,,Ti64,600.0,-4.92132028,-4.396283735495888,-0.2175700860176496,-0.3074664584864625,-0.3073066519358907,-4.921160473449428,0.000159806550572128,0.000159806550572128,0.00015980655057179494,0.00015980655057179494,27,328000,1327,backbone_ridge
low_to_high_transfer,,,Ti64,600.0,-4.92132028,-4.396547411526276,-0.2175700860176496,-0.307202782456074,-0.3072483379757743,-4.921365835519699,-4.555551969964711e-05,4.555551969964711e-05,-4.555551970025773e-05,4.555551970025773e-05,28,329000,1328,backbone_ridge
low_to_high_transfer,,,Ti64,600.0,-4.92132028,-4.396246047708897,-0.2175700860176496,-0.3075041462734532,-0.30734594699217466,-4.921162080718721,0.0001581992812784705,0.0001581992812784705,0.000158199281278526,0.000158199281278526,29,330000,1329,backbone_ridge
low_to_high_transfer,,,Ti64,600.0,-4.92132028,-4.3968480532723975,-0.2175700860176496,-0.3069021407099527,-0.3074803575534916,-4.921898496843538,-0.0005782168435386481,0.0005782168435386481,-0.0005782168435389257,0.0005782168435389257,30,331000,1330,backbone_ridge
low_to_high_transfer,,,Ti64,600.0,-4.92132028,-4.396720183689396,-0.2175700860176496,-0.3070300102929538,-0.30728139067993954,-4.921571660386985,-0.00025138038698546694,0.00025138038698546694,-0.0002513803869857445,0.0002513803869857445,31,332000,1331,backbone_ridge
low_to_high_transfer,,,Ti64,600.0,-4.92132028,-4.396312695910439,-0.2175700860176496,-0.3074374980719115,-0.30745801830565295,-4.92134080023374,-2.052023374066181e-05,2.052023374066181e-05,-2.0520233741438965e-05,2.0520233741438965e-05,32,333000,1332,backbone_ridge
low_to_high_transfer,,,Ti64,600.0,-4.92132028,-4.3963732619310845,-0.2175700860176496,-0.3073769320512657,-0.3071429295239971,-4.921086277472731,0.00023400252726890614,0.00023400252726890614,0.00023400252726862858,0.00023400252726862858,33,334000,1333,backbone_ridge
low_to_high_transfer,,,Ti64,600.0,-4.92132028,-4.396342886121305,-0.2175700860176496,-0.3074073078610452,-0.3073808291647537,-4.921293801303708,2.6478696291576398e-05,2.6478696291576398e-05,2.6478696291520887e-05,2.6478696291520887e-05,34,335000,1334,backbone_ridge
low_to_high_transfer,,,Ti64,600.0,-4.92132028,-4.3963657854848,-0.2175700860176496,-0.30738440849755,-0.30735066589332666,-4.921286537395776,3.3742604223618855e-05,3.3742604223618855e-05,3.37426042233413e-05,3.37426042233413e-05,35,336000,1335,backbone_ridge
low_to_high_transfer,,,Ti64,600.0,-4.92132028,-4.396725391792172,-0.2175700860176496,-0.3070248021901781,-0.3073052326050454,-4.921600710414866,-0.0002804304148664727,0.0002804304148664727,-0.00028043041486730536,0.00028043041486730536,36,337000,1336,backbone_ridge
low_to_high_transfer,,,Ti64,600.0,-4.92132028,-4.396580019225318,-0.2175700860176496,-0.3071701747570318,-0.3072302361269411,-4.921380341369908,-6.00613699086594e-05,6.00613699086594e-05,-6.0061369909325535e-05,6.0061369909325535e-05,37,338000,1337,backbone_ridge
low_to_high_transfer,,,Ti64,600.0,-4.92132028,-4.396612374176283,-0.2175700860176496,-0.3071378198060671,-0.307313232915631,-4.921495693109564,-0.00017541310956392664,0.00017541310956392664,-0.00017541310956392664,0.00017541310956392664,38,339000,1338,backbone_ridge
low_to_high_transfer,,,Ti64,600.0,-4.92132028,-4.396071833726044,-0.2175700860176496,-0.3076783602563063,-0.3073552659396797,-4.9209971856833725,0.0003230943166272482,0.0003230943166272482,0.00032309431662658206,0.00032309431662658206,39,340000,1339,backbone_ridge
low_to_high_transfer,,,Ti64,600.0,-4.92132028,-4.396482356555367,-0.2175700860176496,-0.3072678374269829,-0.30728727487201835,-4.921339717445035,-1.943744503485334e-05,1.943744503485334e-05,-1.9437445035463963e-05,1.9437445035463963e-05,40,341000,1340,backbone_ridge
low_to_high_transfer,,,Ti64,600.0,-4.92132028,-4.396704376510781,-0.2175700860176496,-0.3070458174715688,-0.307249748135311,-4.921524210663741,-0.00020393066374158053,0.00020393066374158053,-0.00020393066374219115,0.00020393066374219115,41,342000,1341,backbone_ridge
low_to_high_transfer,,,Ti64,600.0,-4.92132028,-4.3962858696405425,-0.2175700860176496,-0.3074643243418077,-0.30737267660573114,-4.921228632263923,9.164773607661658e-05,9.164773607661658e-05,9.164773607656107e-05,9.164773607656107e-05,42,343000,1342,backbone_ridge
low_to_high_transfer,,,Ti64,600.0,-4.92132028,-4.396661045309883,-0.2175700860176496,-0.3070891486724673,-0.30718113087771587,-4.921412262205248,-9.198220524808676e-05,9.198220524808676e-05,-9.198220524858636e-05,9.198220524858636e-05,43,344000,1343,backbone_ridge
low_to_high_transfer,,,Ti64,600.0,-4.92132028,-4.3966710806028875,-0.2175700860176496,-0.3070791133794627,-0.30731399945226534,-4.921555166072802,-0.0002348860728025315,0.0002348860728025315,-0.0002348860728026425,0.0002348860728026425,44,345000,1344,backbone_ridge
low_to_high_transfer,,,Ti64,600.0,-4.92132028,-4.396512462989472,-0.2175700860176496,-0.3072377309928781,-0.30721550837740647,-4.9212980573845275,2.222261547224491e-05,2.222261547224491e-05,2.2222615471634288e-05,2.2222615471634288e-05,45,346000,1345,backbone_ridge
low_to_high_transfer,,,Ti64,600.0,-4.92132028,-4.3964068135347425,-0.2175700860176496,-0.3073433804476077,-0.3072005469865256,-4.921177446538917,0.0001428334610826809,0.0001428334610826809,0.0001428334610820703,0.0001428334610820703,46,347000,1346,backbone_ridge
low_to_high_transfer,,,Ti64,600.0,-4.92132028,-4.396572813841773,-0.2175700860176496,-0.3071773801405776,-0.30731109107749804,-4.92145399093692,-0.00013371093691993963,0.00013371093691993963,-0.00013371093692043923,0.00013371093692043923,47,348000,1347,backbone_ridge
low_to_high_transfer,,,Ti64,600.0,-4.92132028,-4.396251048706532,-0.2175700860176496,-0.3074991452758185,-0.3074254464639779,-4.921246581188159,7.369881184082772e-05,7.369881184082772e-05,7.369881184060567e-05,7.369881184060567e-05,48,349000,1348,backbone_ridge
low_to_high_transfer,,,Ti64,600.0,-4.92132028,-4.39649648840932,-0.2175700860176496,-0.3072537055730301,-0.3074825309881206,-4.92154910541509,-0.00022882541508995047,0.00022882541508995047,-0.00022882541509050558,0.00022882541509050558,49,350000,1349,backbone_ridge
low_to_high_transfer,,,Ti64,600.0,-4.92132028,-4.396275365777739,-0.2175700860176496,-0.3074748282046112,-0.3072167474833991,-4.921062199278787,0.0002580807212124725,0.0002580807212124725,0.0002580807212120839,0.0002580807212120839,50,351000,1350,backbone_ridge
low_to_high_transfer,,,Ti64,600.0,-4.92132028,-4.396825281557622,-0.2175700860176496,-0.3069249124247278,-0.30721949794663195,-4.921614865521904,-0.0002945855219040894,0.0002945855219040894,-0.0002945855219041449,0.0002945855219041449,51,352000,1351,backbone_ridge
low_to_high_transfer,,,Ti64,600.0,-4.92132028,-4.396890010276826,-0.2175700860176496,-0.3068601837055246,-0.30735980729875345,-4.921819903593228,-0.0004996235932281934,0.0004996235932281934,-0.0004996235932288595,0.0004996235932288595,52,353000,1352,backbone_ridge
low_to_high_transfer,,,Ti64,600.0,-4.92132028,-4.396510778357522,-0.2175700860176496,-0.3072394156248285,-0.30724032268908963,-4.921321187064261,-9.07064261035373e-07,9.07064261035373e-07,-9.070642611463953e-07,9.070642611463953e-07,53,354000,1353,backbone_ridge
low_to_high_transfer,,,Ti64,600.0,-4.92132028,-4.396563761126488,-0.2175700860176496,-0.3071864328558625,-0.30730244183230293,-4.92143628897644,-0.00011600897644026276,0.00011600897644026276,-0.00011600897644042929,0.00011600897644042929,54,355000,1354,backbone_ridge
low_to_high_transfer,,,Ti64,600.0,-4.92132028,-4.396503251942728,-0.2175700860176496,-0.3072469420396221,-0.3073062798987446,-4.921379617859122,-5.933785912226597e-05,5.933785912226597e-05,-5.933785912248801e-05,5.933785912248801e-05,55,356000,1355,backbone_ridge
low_to_high_transfer,,,Ti64,600.0,-4.92132028,-4.396582774824191,-0.2175700860176496,-0.3071674191581591,-0.30735674142563535,-4.921509602267475,-0.000189322267475589,0.000189322267475589,-0.00018932226747625513,0.00018932226747625513,56,357000,1356,backbone_ridge
low_to_high_transfer,,,Ti64,600.0,-4.92132028,-4.396526753949474,-0.2175700860176496,-0.307223440032876,-0.3072201947135848,-4.921317034680708,3.245319291522719e-06,3.245319291522719e-06,3.2453192911896522e-06,3.2453192911896522e-06,57,358000,1357,backbone_ridge
low_to_high_transfer,,,Ti64,600.0,-4.92132028,-4.396331464767262,-0.2175700860176496,-0.3074187292150881,-0.30724363223459433,-4.921145183019505,0.00017509698049433808,0.00017509698049433808,0.00017509698049378297,0.00017509698049378297,58,359000,1358,backbone_ridge
low_to_high_transfer,,,Ti64,600.0,-4.92132028,-4.396218920866851,-0.2175700860176496,-0.3075312731154987,-0.30744179650730474,-4.921230803391805,8.947660819469405e-05,8.947660819469405e-05,8.94766081939724e-05,8.94766081939724e-05,59,360000,1359,backbone_ridge
low_to_high_transfer,,,Ti64,600.0,-4.92132028,-4.3965075584837185,-0.2175700860176496,-0.3072426354986316,-0.307309074419456,-4.921386718920823,-6.643892082358605e-05,6.643892082358605e-05,-6.64389208243632e-05,6.64389208243632e-05,60,361000,1360,backbone_ridge
low_to_high_transfer,,,Ti64,600.0,-4.92132028,-4.396750626121908,-0.2175700860176496,-0.3069995678604421,-0.30739625629395195,-4.921716968433509,-0.0003966884335095955,0.0003966884335095955,-0.00039668843350987304,0.00039668843350987304,61,362000,1361,backbone_ridge
low_to_high_transfer,,,Ti64,600.0,-4.92132028,-4.396637777420344,-0.2175700860176496,-0.3071124165620059,-0.30753145460948444,-4.921739318047478,-0.0004190380474780042,0.0004190380474780042,-0.00041903804747855933,0.00041903804747855933,62,363000,1362,backbone_ridge
low_to_high_transfer,,,Ti64,600.0,-4.92132028,-4.396407255619325,-0.2175700860176496,-0.3073429383630254,-0.3072633635499299,-4.921240705186904,7.957481309617265e-05,7.957481309617265e-05,7.957481309550651e-05,7.957481309550651e-05,63,364000,1363,backbone_ridge
low_to_high_transfer,,,Ti64,600.0,-4.92132028,-4.3964498730243955,-0.2175700860176496,-0.3073003209579547,-0.30726288338963254,-4.921282842431677,3.743756832275125e-05,3.743756832275125e-05,3.7437568322140624e-05,3.7437568322140624e-05,64,365000,1364,backbone_ridge
low_to_high_transfer,,,Ti64,600.0,-4.92132028,-4.396632507777909,-0.2175700860176496,-0.3071176862044412,-0.3073012275173433,-4.921503821312902,-0.00018354131290188036,0.00018354131290188036,-0.0001835413129021024,0.0001835413129021024,65,366000,1365,backbone_ridge
low_to_high_transfer,,,Ti64,600.0,-4.92132028,-4.39656625994318,-0.2175700860176496,-0.3071839340391703,-0.3072656365207345,-4.921401982481564,-8.170248156424975e-05,8.170248156424975e-05,-8.170248156419424e-05,8.170248156419424e-05,66,367000,1366,backbone_ridge
low_to_high_transfer,,,Ti64,600.0,-4.92132028,-4.396625004349811,-0.2175700860176496,-0.3071251896325387,-0.3073392294481655,-4.921534319815626,-0.0002140398156260659,0.0002140398156260659,-0.00021403981562678753,0.00021403981562678753,67,368000,1367,backbone_ridge
low_to_high_transfer,,,Ti64,600.0,-4.92132028,-4.3967307196588425,-0.2175700860176496,-0.3070194743235076,-0.3072918694680142,-4.921592675144506,-0.00027239514450627667,0.00027239514450627667,-0.0002723951445065542,0.0002723951445065542,68,369000,1368,backbone_ridge
low_to_high_transfer,,,Ti64,600.0,-4.92132028,-4.396189117768091,-0.2175700860176496,-0.3075610762142592,-0.30731561972975535,-4.921074823515496,0.00024545648450402524,0.00024545648450402524,0.0002454564845038587,0.0002454564845038587,69,370000,1369,backbone_ridge
low_to_high_transfer,,,Ti64,600.0,-4.92132028,-4.396846564604384,-0.2175700860176496,-0.3069036293779664,-0.30732802946829185,-4.921744680090325,-0.0004244000903250722,0.0004244000903250722,-0.0004244000903254608,0.0004244000903254608,70,371000,1370,backbone_ridge
low_to_high_transfer,,,Ti64,600.0,-4.92132028,-4.396726695214844,-0.2175700860176496,-0.3070234987675061,-0.3073922865765289,-4.921689067809022,-0.00036878780902238617,0.00036878780902238617,-0.00036878780902277475,0.00036878780902277475,71,372000,1371,backbone_ridge
low_to_high_transfer,,,Ti64,600.0,-4.92132028,-4.396286152355601,-0.2175700860176496,-0.3074640416267492,-0.3073502698262995,-4.92120650819955,0.00011377180045002433,0.00011377180045002433,0.00011377180044969126,0.00011377180044969126,72,373000,1372,backbone_ridge
low_to_high_transfer,,,Ti64,600.0,-4.92132028,-4.396792983389799,-0.2175700860176496,-0.3069572105925507,-0.3073959782900479,-4.921759047697496,-0.0004387676974966226,0.0004387676974966226,-0.0004387676974971777,0.0004387676974971777,73,374000,1373,backbone_ridge
low_to_high_transfer,,,Ti64,600.0,-4.92132028,-4.396927029528792,-0.2175700860176496,-0.3068231644535585,-0.30740579670585594,-4.921902912252297,-0.000582632252297266,0.000582632252297266,-0.0005826322522974325,0.0005826322522974325,74,375000,1374,backbone_ridge
low_to_high_transfer,,,Ti64,600.0,-4.92132028,-4.396443545029094,-0.2175700860176496,-0.3073066489532557,-0.307458077044207,-4.921471708090951,-0.00015142809095092247,0.00015142809095092247,-0.00015142809095131105,0.00015142809095131105,75,376000,1375,backbone_ridge
low_to_high_transfer,,,Ti64,600.0,-4.92132028,-4.396431938861765,-0.2175700860176496,-0.3073182551205852,-0.30742511505728254,-4.9214271399366964,-0.00010685993669667937,0.00010685993669667937,-0.0001068599366973455,0.0001068599366973455,76,377000,1376,backbone_ridge
low_to_high_transfer,,,Ti64,600.0,-4.92132028,-4.396561727343805,-0.2175700860176496,-0.3071884666385452,-0.3074201060290108,-4.921551919390465,-0.00023163939046533244,0.00023163939046533244,-0.00023163939046561,0.00023163939046561,77,378000,1377,backbone_ridge
low_to_high_transfer,,,Ti64,600.0,-4.92132028,-4.396567968071927,-0.2175700860176496,-0.3071822259104234,-0.30728348881734147,-4.921421542906917,-0.00010126290691747641,0.00010126290691747641,-0.00010126290691808704,0.00010126290691808704,78,379000,1378,backbone_ridge
low_to_high_transfer,,,Ti64,600.0,-4.92132028,-4.396820468135546,-0.2175700860176496,-0.3069297258468039,-0.3072626400074352,-4.921653194160631,-0.00033291416063097046,0.00033291416063097046,-0.0003329141606313035,0.0003329141606313035,79,380000,1379,backbone_ridge
low_to_high_transfer,,,Ti64,600.0,-4.92132028,-4.396397932537566,-0.2175700860176496,-0.3073522614447844,-0.3073768066832483,-4.921344825238464,-2.454523846395773e-05,2.454523846395773e-05,-2.454523846390222e-05,2.454523846390222e-05,80,381000,1380,backbone_ridge
low_to_high_transfer,,,Ti64,600.0,-4.92132028,-4.396893510844265,-0.2175700860176496,-0.3068566831380851,-0.30733339893196177,-4.921796995793876,-0.0004767157938765365,0.0004767157938765365,-0.00047671579387664753,0.00047671579387664753,81,382000,1381,backbone_ridge
low_to_high_transfer,,,Ti64,600.0,-4.92132028,-4.396204144532286,-0.2175700860176496,-0.3075460494500645,-0.3073388551428225,-4.921113085692758,0.00020719430724192023,0.00020719430724192023,0.00020719430724197574,0.00020719430724197574,82,383000,1382,backbone_ridge
low_to_high_transfer,,,Ti64,600.0,-4.92132028,-4.396236917216804,-0.2175700860176496,-0.3075132767655463,-0.3072713804322181,-4.921078383666671,0.00024189633332838412,0.00024189633332838412,0.00024189633332821758,0.00024189633332821758,83,384000,1383,backbone_ridge
low_to_high_transfer,,,Ti64,600.0,-4.92132028,-4.39675858816306,-0.2175700860176496,-0.3069916058192904,-0.30740436354821515,-4.921733037728925,-0.00041275772892479523,0.00041275772892479523,-0.0004127577289247397,0.0004127577289247397,84,385000,1384,backbone_ridge
low_to_high_transfer,,,Ti64,600.0,-4.92132028,-4.396302732618048,-0.2175700860176496,-0.3074474613643018,-0.3072922827038176,-4.921165101339515,0.00015517866048497808,0.00015517866048497808,0.00015517866048420093,0.00015517866048420093,85,386000,1385,backbone_ridge
low_to_high_transfer,,,Ti64,600.0,-4.92132028,-4.396666405498531,-0.2175700860176496,-0.3070837884838188,-0.30736692478901234,-4.921603416305193,-0.00028313630519338773,0.00028313630519338773,-0.00028313630519355426,0.00028313630519355426,86,387000,1386,backbone_ridge
low_to_high_transfer,,,Ti64,600.0,-4.92132028,-4.39670155040626,-0.2175700860176496,-0.3070486435760898,-0.30741503883530485,-4.921686675259214,-0.000366395259214336,0.000366395259214336,-0.00036639525921505767,0.00036639525921505767,87,388000,1387,backbone_ridge
low_to_high_transfer,,,Ti64,600.0,-4.92132028,-4.396266050380085,-0.2175700860176496,-0.3074841436022654,-0.30737513728169735,-4.921211273679432,0.0001090063205682057,0.0001090063205682057,0.00010900632056803916,0.00010900632056803916,88,389000,1388,backbone_ridge
low_to_high_transfer,,,Ti64,600.0,-4.92132028,-4.396340887759132,-0.2175700860176496,-0.3074093062232178,-0.30738472876157524,-4.921295702538357,2.4577461642749654e-05,2.4577461642749654e-05,2.457746164258312e-05,2.457746164258312e-05,89,390000,1389,backbone_ridge
low_to_high_transfer,,,Ti64,600.0,-4.92132028,-4.396749567123821,-0.2175700860176496,-0.3070006268585296,-0.3074537969206352,-4.921773450062105,-0.0004531700621051016,0.0004531700621051016,-0.0004531700621056012,0.0004531700621056012,90,391000,1390,backbone_ridge
low_to_high_transfer,,,Ti64,600.0,-4.92132028,-4.396531460571076,-0.2175700860176496,-0.3072187334112742,-0.3073450827463947,-4.92144662933512,-0.00012634933511979085,0.00012634933511979085,-0.0001263493351205125,0.0001263493351205125,91,392000,1391,backbone_ridge
low_to_high_transfer,,,Ti64,600.0,-4.92132028,-4.396424528633526,-0.2175700860176496,-0.3073256653488242,-0.3073646737612591,-4.921359288412434,-3.900841243442699e-05,3.900841243442699e-05,-3.9008412434871076e-05,3.9008412434871076e-05,92,393000,1392,backbone_ridge
low_to_high_transfer,,,Ti64,600.0,-4.92132028,-4.396674870259222,-0.2175700860176496,-0.3070753237231282,-0.30722114808776235,-4.921466104364634,-0.0001458243646341728,0.0001458243646341728,-0.0001458243646341728,0.0001458243646341728,93,394000,1393,backbone_ridge
low_to_high_transfer,,,Ti64,600.0,-4.92132028,-4.396431154504208,-0.2175700860176496,-0.3073190394781419,-0.307480975771301,-4.921482216293159,-0.0001619362931588597,0.0001619362931588597,-0.00016193629315913727,0.00016193629315913727,94,395000,1394,backbone_ridge
low_to_high_transfer,,,Ti64,600.0,-4.92132028,-4.396183397018176,-0.2175700860176496,-0.3075667969641739,-0.30721924805771683,-4.920972731093542,0.0003475489064577175,0.0003475489064577175,0.0003475489064570514,0.0003475489064570514,95,396000,1395,backbone_ridge
low_to_high_transfer,,,Ti64,600.0,-4.92132028,-4.396751441965343,-0.2175700860176496,-0.3069987520170075,-0.307294982925097,-4.9216165109080885,-0.00029623090808872377,0.00029623090808872377,-0.0002962309080895009,0.0002962309080895009,96,397000,1396,backbone_ridge
low_to_high_transfer,,,Ti64,600.0,-4.92132028,-4.396435421606608,-0.2175700860176496,-0.3073147723757424,-0.307367099692858,-4.921372607317115,-5.232731711490857e-05,5.232731711490857e-05,-5.232731711563021e-05,5.232731711563021e-05,97,398000,1397,backbone_ridge
low_to_high_transfer,,,Ti64,600.0,-4.92132028,-4.396485819833284,-0.2175700860176496,-0.307264374149066,-0.30733900707442785,-4.921394912925361,-7.463292536158406e-05,7.463292536158406e-05,-7.463292536186161e-05,7.463292536186161e-05,98,399000,1398,backbone_ridge
low_to_high_transfer,,,Ti64,600.0,-4.92132028,-4.396379298043823,-0.2175700860176496,-0.3073708959385272,-0.3072723041854463,-4.921221688246918,9.85917530815783e-05,9.85917530815783e-05,9.859175308085666e-05,9.859175308085666e-05,99,400000,1399,backbone_ridge
low_to_high_transfer,,,Ti64,700.0,-4.97995281,-4.339720950285658,-0.2175700860176496,-0.4226617736966928,-0.41954286639116045,-4.976833902694468,0.003118907305532659,0.003118907305532659,0.0031189073055323258,0.0031189073055323258,0,301000,1400,backbone_ridge
low_to_high_transfer,,,Ti64,700.0,-4.97995281,-4.339147931224085,-0.2175700860176496,-0.4232347927582657,-0.4194264301714587,-4.976144447413193,0.003808362586807057,0.003808362586807057,0.0038083625868070015,0.0038083625868070015,1,302000,1401,backbone_ridge
low_to_high_transfer,,,Ti64,700.0,-4.97995281,-4.33933811263017,-0.2175700860176496,-0.4230446113521809,-0.4194583370846895,-4.976366535732509,0.003586274267491696,0.003586274267491696,0.0035862742674914183,0.0035862742674914183,2,303000,1402,backbone_ridge
low_to_high_transfer,,,Ti64,700.0,-4.97995281,-4.339416710333467,-0.2175700860176496,-0.4229660136488841,-0.41937601038203404,-4.97636280673315,0.003590003266850772,0.003590003266850772,0.0035900032668500503,0.0035900032668500503,3,304000,1403,backbone_ridge
low_to_high_transfer,,,Ti64,700.0,-4.97995281,-4.339146998765803,-0.2175700860176496,-0.4232357252165478,-0.4194624986994254,-4.976179583482877,0.003773226517123085,0.003773226517123085,0.0037732265171223633,0.0037732265171223633,4,305000,1404,backbone_ridge
low_to_high_transfer,,,Ti64,700.0,-4.97995281,-4.339194732834444,-0.2175700860176496,-0.4231879911479069,-0.41941865954709245,-4.976183478399186,0.003769331600814496,0.003769331600814496,0.0037693316008144406,0.0037693316008144406,5,306000,1405,backbone_ridge
low_to_high_transfer,,,Ti64,700.0,-4.97995281,-4.339172012707532,-0.2175700860176496,-0.4232107112748183,-0.41949671113579234,-4.976238809860974,0.003714000139026119,0.003714000139026119,0.0037140001390259525,0.0037140001390259525,6,307000,1406,backbone_ridge
low_to_high_transfer,,,Ti64,700.0,-4.97995281,-4.339110394326153,-0.2175700860176496,-0.4232723296561979,-0.41953420054118623,-4.976214680884988,0.0037381291150122564,0.0037381291150122564,0.003738129115011646,0.003738129115011646,7,308000,1407,backbone_ridge
low_to_high_transfer,,,Ti64,700.0,-4.97995281,-4.339286540929347,-0.2175700860176496,-0.4230961830530036,-0.41950084440875485,-4.976357471355751,0.003595338644249324,0.003595338644249324,0.003595338644248769,0.003595338644248769,8,309000,1408,backbone_ridge
low_to_high_transfer,,,Ti64,700.0,-4.97995281,-4.338806326332684,-0.2175700860176496,-0.4235763976496663,-0.4194932590349287,-4.975869671385262,0.004083138614737969,0.004083138614737969,0.004083138614737636,0.004083138614737636,9,310000,1409,backbone_ridge
low_to_high_transfer,,,Ti64,700.0,-4.97995281,-4.339200396060606,-0.2175700860176496,-0.4231823279217451,-0.419489176638171,-4.976259658716426,0.003693151283574281,0.003693151283574281,0.0036931512835741143,0.0036931512835741143,10,311000,1410,backbone_ridge
low_to_high_transfer,,,Ti64,700.0,-4.97995281,-4.339700412211651,-0.2175700860176496,-0.4226823117706996,-0.4194665478348718,-4.976737046064172,0.003215763935828342,0.003215763935828342,0.0032157639358277867,0.0032157639358277867,11,312000,1411,backbone_ridge
low_to_high_transfer,,,Ti64,700.0,-4.97995281,-4.33947135749021,-0.2175700860176496,-0.4229113664921403,-0.41951378840141557,-4.976555231909275,0.003397578090725162,0.003397578090725162,0.0033975780907247177,0.0033975780907247177,12,313000,1412,backbone_ridge
low_to_high_transfer,,,Ti64,700.0,-4.97995281,-4.339016744066072,-0.2175700860176496,-0.4233659799162789,-0.4194445123798517,-4.976031342463573,0.003921467536427414,0.003921467536427414,0.003921467536427192,0.003921467536427192,13,314000,1413,backbone_ridge
low_to_high_transfer,,,Ti64,700.0,-4.97995281,-4.339145795844645,-0.2175700860176496,-0.4232369281377061,-0.41933163058903916,-4.976047512451333,0.003905297548667086,0.003905297548667086,0.0039052975486669195,0.0039052975486669195,14,315000,1414,backbone_ridge
low_to_high_transfer,,,Ti64,700.0,-4.97995281,-4.339064072661072,-0.2175700860176496,-0.4233186513212784,-0.4193526636765092,-4.975986822355231,0.00396598764476952,0.00396598764476952,0.003965987644769187,0.003965987644769187,15,316000,1415,backbone_ridge
low_to_high_transfer,,,Ti64,700.0,-4.97995281,-4.3392885216541615,-0.2175700860176496,-0.4230942023281893,-0.41926552245238724,-4.976124130124198,0.0038286798758022655,0.0038286798758022655,0.0038286798758020435,0.0038286798758020435,16,317000,1416,backbone_ridge
low_to_high_transfer,,,Ti64,700.0,-4.97995281,-4.339312736839765,-0.2175700860176496,-0.4230699871425859,-0.41946566381256917,-4.976348486669983,0.003604323330017145,0.003604323330017145,0.0036043233300167565,0.0036043233300167565,17,318000,1417,backbone_ridge
low_to_high_transfer,,,Ti64,700.0,-4.97995281,-4.3393184463340155,-0.2175700860176496,-0.4230642776483352,-0.41929158902510366,-4.9761801213767685,0.003772688623231879,0.003772688623231879,0.003772688623231546,0.003772688623231546,18,319000,1418,backbone_ridge
low_to_high_transfer,,,Ti64,700.0,-4.97995281,-4.339348207230386,-0.2175700860176496,-0.4230345167519648,-0.4194338837945192,-4.976352177042554,0.0036006329574460594,0.0036006329574460594,0.0036006329574456153,0.0036006329574456153,19,320000,1419,backbone_ridge
low_to_high_transfer,,,Ti64,700.0,-4.97995281,-4.33904474662533,-0.2175700860176496,-0.4233379773570208,-0.41949712788789106,-4.97611196053087,0.003840849469129992,0.003840849469129992,0.0038408494691297146,0.0038408494691297146,20,321000,1420,backbone_ridge
low_to_high_transfer,,,Ti64,700.0,-4.97995281,-4.339348345651789,-0.2175700860176496,-0.4230343783305615,-0.41948903506625806,-4.976407466735696,0.0035453432643040017,0.0035453432643040017,0.0035453432643034466,0.0035453432643034466,21,322000,1421,backbone_ridge
low_to_high_transfer,,,Ti64,700.0,-4.97995281,-4.338828696890795,-0.2175700860176496,-0.4235540270915555,-0.4193615742837541,-4.975760357192199,0.004192452807801672,0.004192452807801672,0.0041924528078013945,0.0041924528078013945,22,323000,1422,backbone_ridge
low_to_high_transfer,,,Ti64,700.0,-4.97995281,-4.339426484519019,-0.2175700860176496,-0.4229562394633316,-0.4195004896640385,-4.976497060200707,0.003455749799293528,0.003455749799293528,0.003455749799293084,0.003455749799293084,23,324000,1423,backbone_ridge
low_to_high_transfer,,,Ti64,700.0,-4.97995281,-4.339383218226662,-0.2175700860176496,-0.4229995057556884,-0.41951616066317804,-4.976469464907489,0.0034833450925111364,0.0034833450925111364,0.0034833450925103593,0.0034833450925103593,24,325000,1424,backbone_ridge
low_to_high_transfer,,,Ti64,700.0,-4.97995281,-4.33886596268985,-0.2175700860176496,-0.4235167612925009,-0.4194343421214374,-4.975870390828937,0.004082419171063556,0.004082419171063556,0.0040824191710635005,0.0040824191710635005,25,326000,1425,backbone_ridge
low_to_high_transfer,,,Ti64,700.0,-4.97995281,-4.338892873964819,-0.2175700860176496,-0.4234898500175316,-0.4194278471199986,-4.975890807102467,0.004062002897533112,0.004062002897533112,0.004062002897533001,0.004062002897533001,26,327000,1426,backbone_ridge
low_to_high_transfer,,,Ti64,700.0,-4.97995281,-4.339012430657616,-0.2175700860176496,-0.4233702933247351,-0.41936585641363305,-4.975948373088898,0.004004436911102083,0.004004436911102083,0.004004436911102027,0.004004436911102027,27,328000,1427,backbone_ridge
low_to_high_transfer,,,Ti64,700.0,-4.97995281,-4.33897077881316,-0.2175700860176496,-0.4234119451691903,-0.41956504291574126,-4.976105907746551,0.0038469022534490804,0.0038469022534490804,0.003846902253449025,0.003846902253449025,28,329000,1428,backbone_ridge
low_to_high_transfer,,,Ti64,700.0,-4.97995281,-4.339322399227592,-0.2175700860176496,-0.4230603247547583,-0.41948110323714183,-4.976373588482383,0.003579221517616915,0.003579221517616915,0.003579221517616471,0.003579221517616471,29,330000,1429,backbone_ridge
low_to_high_transfer,,,Ti64,700.0,-4.97995281,-4.339065364833571,-0.2175700860176496,-0.4233173591487796,-0.4195377383425949,-4.9761731891938155,0.00377962080618488,0.00377962080618488,0.0037796208061847136,0.0037796208061847136,30,331000,1430,backbone_ridge
low_to_high_transfer,,,Ti64,700.0,-4.97995281,-4.339089384291732,-0.2175700860176496,-0.4232933396906185,-0.4194224658633681,-4.97608193617275,0.0038708738272505983,0.0038708738272505983,0.003870873827250376,0.003870873827250376,31,332000,1431,backbone_ridge
low_to_high_transfer,,,Ti64,700.0,-4.97995281,-4.339117295724277,-0.2175700860176496,-0.4232654282580738,-0.41937299438677783,-4.976060376128704,0.0038924338712966744,0.0038924338712966744,0.0038924338712959528,0.0038924338712959528,32,333000,1432,backbone_ridge
low_to_high_transfer,,,Ti64,700.0,-4.97995281,-4.339316915215111,-0.2175700860176496,-0.4230658087672397,-0.4193254769214472,-4.976212478154207,0.0037403318457931434,0.0037403318457931434,0.0037403318457924772,0.0037403318457924772,33,334000,1433,backbone_ridge
low_to_high_transfer,,,Ti64,700.0,-4.97995281,-4.338830912451924,-0.2175700860176496,-0.4235518115304263,-0.4194041595256433,-4.975805157995217,0.0041476520047831755,0.0041476520047831755,0.004147652004783009,0.004147652004783009,34,335000,1434,backbone_ridge
low_to_high_transfer,,,Ti64,700.0,-4.97995281,-4.338645318630563,-0.2175700860176496,-0.4237374053517874,-0.4192923536456991,-4.975507758293912,0.004445051706088776,0.004445051706088776,0.004445051706088277,0.004445051706088277,35,336000,1435,backbone_ridge
low_to_high_transfer,,,Ti64,700.0,-4.97995281,-4.339201711513192,-0.2175700860176496,-0.4231810124691592,-0.4193800364883455,-4.976151834019186,0.003800975980814414,0.003800975980814414,0.0038009759808136923,0.0038009759808136923,36,337000,1436,backbone_ridge
low_to_high_transfer,,,Ti64,700.0,-4.97995281,-4.339652961772605,-0.2175700860176496,-0.422729762209746,-0.41950721549587716,-4.976730263286131,0.0032225467138689012,0.0032225467138689012,0.0032225467138688457,0.0032225467138688457,37,338000,1437,backbone_ridge
low_to_high_transfer,,,Ti64,700.0,-4.97995281,-4.339478699465538,-0.2175700860176496,-0.4229040245168131,-0.41936239295585126,-4.976411178439038,0.0035416315609619886,0.0035416315609619886,0.003541631560961822,0.003541631560961822,38,339000,1438,backbone_ridge
low_to_high_transfer,,,Ti64,700.0,-4.97995281,-4.338924675500242,-0.2175700860176496,-0.4234580484821088,-0.4193586752563335,-4.975853436774225,0.004099373225775693,0.004099373225775693,0.004099373225775249,0.004099373225775249,39,340000,1439,backbone_ridge
low_to_high_transfer,,,Ti64,700.0,-4.97995281,-4.33959043053692,-0.2175700860176496,-0.4227922934454305,-0.4193637104594703,-4.97652422701404,0.0034285829859603822,0.0034285829859603822,0.0034285829859602157,0.0034285829859602157,40,341000,1440,backbone_ridge
low_to_high_transfer,,,Ti64,700.0,-4.97995281,-4.339365867917274,-0.2175700860176496,-0.4230168560650768,-0.41946911503173673,-4.97640506896666,0.0035477410333406567,0.0035477410333406567,0.003547741033340046,0.003547741033340046,41,342000,1441,backbone_ridge
low_to_high_transfer,,,Ti64,700.0,-4.97995281,-4.339090168361218,-0.2175700860176496,-0.4232925556211327,-0.41937412039660843,-4.976034374775476,0.003918435224524508,0.003918435224524508,0.003918435224524286,0.003918435224524286,42,343000,1442,backbone_ridge
low_to_high_transfer,,,Ti64,700.0,-4.97995281,-4.339665369815821,-0.2175700860176496,-0.42271735416653,-0.4193766246489535,-4.976612080482424,0.0033407295175766905,0.0033407295175766905,0.003340729517576524,0.003340729517576524,43,344000,1443,backbone_ridge
low_to_high_transfer,,,Ti64,700.0,-4.97995281,-4.339206401425805,-0.2175700860176496,-0.4231763225565453,-0.41937448286558043,-4.976150970309035,0.0038018396909649255,0.0038018396909649255,0.00380183969096487,0.00380183969096487,44,345000,1444,backbone_ridge
low_to_high_transfer,,,Ti64,700.0,-4.97995281,-4.339224393864507,-0.2175700860176496,-0.4231583301178437,-0.4194479627672021,-4.976242442649358,0.0037103673506422297,0.0037103673506422297,0.003710367350641619,0.003710367350641619,45,346000,1445,backbone_ridge
low_to_high_transfer,,,Ti64,700.0,-4.97995281,-4.339519451117138,-0.2175700860176496,-0.4228632728652123,-0.419410301083084,-4.976499838217872,0.0034529717821287775,0.0034529717821287775,0.003452971782128278,0.003452971782128278,46,347000,1446,backbone_ridge
low_to_high_transfer,,,Ti64,700.0,-4.97995281,-4.3394337555805045,-0.2175700860176496,-0.4229489684018462,-0.419294935640097,-4.9762987772382505,0.0036540327617498036,0.0036540327617498036,0.003654032761749193,0.003654032761749193,47,348000,1447,backbone_ridge
low_to_high_transfer,,,Ti64,700.0,-4.97995281,-4.338975071278561,-0.2175700860176496,-0.4234076527037894,-0.41926689967836145,-4.975812056974572,0.004140753025428268,0.004140753025428268,0.0041407530254279346,0.0041407530254279346,48,349000,1448,backbone_ridge
low_to_high_transfer,,,Ti64,700.0,-4.97995281,-4.3390155476904955,-0.2175700860176496,-0.4233671762918553,-0.4194784354436627,-4.976064069151807,0.0038887408481933505,0.0038887408481933505,0.0038887408481925734,0.0038887408481925734,49,350000,1449,backbone_ridge
low_to_high_transfer,,,Ti64,700.0,-4.97995281,-4.339400691184977,-0.2175700860176496,-0.4229820327973735,-0.41940266243776464,-4.976373439640391,0.00357937035960898,0.00357937035960898,0.003579370359608869,0.003579370359608869,50,351000,1450,backbone_ridge
low_to_high_transfer,,,Ti64,700.0,-4.97995281,-4.339143315672992,-0.2175700860176496,-0.423239408309359,-0.41934559676775257,-4.976058998458393,0.0038938115416069508,0.0038938115416069508,0.003893811541606451,0.003893811541606451,51,352000,1451,backbone_ridge
low_to_high_transfer,,,Ti64,700.0,-4.97995281,-4.339029822313802,-0.2175700860176496,-0.4233529016685488,-0.4194062883889937,-4.976006196720445,0.0039466132795551445,0.0039466132795551445,0.003946613279555089,0.003946613279555089,52,353000,1452,backbone_ridge
low_to_high_transfer,,,Ti64,700.0,-4.97995281,-4.3393265863134705,-0.2175700860176496,-0.4230561376688803,-0.41929147855654664,-4.976188150887666,0.0037646591123339235,0.0037646591123339235,0.003764659112333646,0.003764659112333646,53,354000,1453,backbone_ridge
low_to_high_transfer,,,Ti64,700.0,-4.97995281,-4.3385440011774055,-0.2175700860176496,-0.4238387228049453,-0.41948936919763413,-4.9756034563926885,0.004349353607311812,0.004349353607311812,0.004349353607311146,0.004349353607311146,54,355000,1454,backbone_ridge
low_to_high_transfer,,,Ti64,700.0,-4.97995281,-4.339516283360008,-0.2175700860176496,-0.4228664406223427,-0.41945417269351015,-4.9765405420711675,0.0034122679288328683,0.0034122679288328683,0.0034122679288325353,0.0034122679288325353,55,356000,1455,backbone_ridge
low_to_high_transfer,,,Ti64,700.0,-4.97995281,-4.339175334519682,-0.2175700860176496,-0.4232073894626685,-0.4194035065609117,-4.976148927098243,0.0038038829017574827,0.0038038829017574827,0.0038038829017568165,0.0038038829017568165,56,357000,1456,backbone_ridge
low_to_high_transfer,,,Ti64,700.0,-4.97995281,-4.338510028805302,-0.2175700860176496,-0.4238726951770492,-0.41928776296727205,-4.975367877790223,0.004584932209777293,0.004584932209777293,0.004584932209777126,0.004584932209777126,57,358000,1457,backbone_ridge
low_to_high_transfer,,,Ti64,700.0,-4.97995281,-4.33937865879452,-0.2175700860176496,-0.4230040651878305,-0.41941216214071314,-4.976360906952882,0.0035919030471180946,0.0035919030471180946,0.003591903047117373,0.003591903047117373,58,359000,1458,backbone_ridge
low_to_high_transfer,,,Ti64,700.0,-4.97995281,-4.339276322263739,-0.2175700860176496,-0.4231064017186116,-0.41938138116616247,-4.976227789447551,0.0037250205524497204,0.0037250205524497204,0.00372502055244911,0.00372502055244911,59,360000,1459,backbone_ridge
low_to_high_transfer,,,Ti64,700.0,-4.97995281,-4.339392058811598,-0.2175700860176496,-0.4229906651707523,-0.41947396581791024,-4.976436110647158,0.0035166993528426005,0.0035166993528426005,0.0035166993528420454,0.0035166993528420454,60,361000,1460,backbone_ridge
low_to_high_transfer,,,Ti64,700.0,-4.97995281,-4.338540302801595,-0.2175700860176496,-0.4238424211807553,-0.4195038031702804,-4.975614191989525,0.004338618010475415,0.004338618010475415,0.004338618010474915,0.004338618010474915,61,362000,1461,backbone_ridge
low_to_high_transfer,,,Ti64,700.0,-4.97995281,-4.3390632768573365,-0.2175700860176496,-0.4233194471250142,-0.4194743138249198,-4.976107676699906,0.0038451333000946164,0.0038451333000946164,0.0038451333000943944,0.0038451333000943944,62,363000,1462,backbone_ridge
low_to_high_transfer,,,Ti64,700.0,-4.97995281,-4.339258914408344,-0.2175700860176496,-0.4231238095740069,-0.41949629453100273,-4.976325294956996,0.0036275150430045144,0.0036275150430045144,0.0036275150430041814,0.0036275150430041814,63,364000,1463,backbone_ridge
low_to_high_transfer,,,Ti64,700.0,-4.97995281,-4.339322359937309,-0.2175700860176496,-0.4230603640450413,-0.4195278050427051,-4.976420250997664,0.0035325590023367326,0.0035325590023367326,0.003532559002336233,0.003532559002336233,64,365000,1464,backbone_ridge
low_to_high_transfer,,,Ti64,700.0,-4.97995281,-4.339269544335799,-0.2175700860176496,-0.4231131796465514,-0.4194328010566239,-4.976272431410073,0.0036803785899275354,0.0036803785899275354,0.00368037858992748,0.00368037858992748,65,366000,1465,backbone_ridge
low_to_high_transfer,,,Ti64,700.0,-4.97995281,-4.339585486078816,-0.2175700860176496,-0.4227972379035348,-0.4194574798769408,-4.9766130519734055,0.003339758026594808,0.003339758026594808,0.0033397580265939752,0.0033397580265939752,66,367000,1466,backbone_ridge
low_to_high_transfer,,,Ti64,700.0,-4.97995281,-4.33957842711682,-0.2175700860176496,-0.4228042968655311,-0.4193693340498624,-4.976517847184331,0.0034349628156693512,0.0034349628156693512,0.0034349628156687406,0.0034349628156687406,67,368000,1467,backbone_ridge
low_to_high_transfer,,,Ti64,700.0,-4.97995281,-4.339212595899013,-0.2175700860176496,-0.4231701280833381,-0.41945005486067666,-4.976232736777338,0.0037200732226621014,0.0037200732226621014,0.0037200732226614353,0.0037200732226614353,68,369000,1468,backbone_ridge
low_to_high_transfer,,,Ti64,700.0,-4.97995281,-4.338987239497784,-0.2175700860176496,-0.423395484484567,-0.419400148407762,-4.975957473923195,0.003995336076805245,0.003995336076805245,0.003995336076804967,0.003995336076804967,69,370000,1469,backbone_ridge
low_to_high_transfer,,,Ti64,700.0,-4.97995281,-4.338792349539193,-0.2175700860176496,-0.4235903744431578,-0.4194229871548215,-4.975785422711664,0.004167387288336322,0.004167387288336322,0.004167387288336266,0.004167387288336266,70,371000,1470,backbone_ridge
low_to_high_transfer,,,Ti64,700.0,-4.97995281,-4.339145112948382,-0.2175700860176496,-0.4232376110339692,-0.4192498244662332,-4.975965023432264,0.003987786567736684,0.003987786567736684,0.0039877865677359625,0.0039877865677359625,71,372000,1471,backbone_ridge
low_to_high_transfer,,,Ti64,700.0,-4.97995281,-4.339318837837609,-0.2175700860176496,-0.4230638861447421,-0.41939571870915093,-4.9762846425644085,0.0036681674355918403,0.0036681674355918403,0.003668167435591174,0.003668167435591174,72,373000,1472,backbone_ridge
low_to_high_transfer,,,Ti64,700.0,-4.97995281,-4.339311952954381,-0.2175700860176496,-0.4230707710279701,-0.4194244781692819,-4.976306517141312,0.003646292858688227,0.003646292858688227,0.0036462928586881715,0.0036462928586881715,73,374000,1473,backbone_ridge
low_to_high_transfer,,,Ti64,700.0,-4.97995281,-4.3392534746906275,-0.2175700860176496,-0.4231292492917232,-0.41947439580615614,-4.976297956514433,0.0036548534855675996,0.0036548534855675996,0.0036548534855670445,0.0036548534855670445,74,375000,1474,backbone_ridge
low_to_high_transfer,,,Ti64,700.0,-4.97995281,-4.338903690321199,-0.2175700860176496,-0.4234790336611521,-0.41941578443124905,-4.975889560770097,0.004063249229903754,0.004063249229903754,0.004063249229903032,0.004063249229903032,75,376000,1475,backbone_ridge
low_to_high_transfer,,,Ti64,700.0,-4.97995281,-4.3390457029335545,-0.2175700860176496,-0.4233370210487962,-0.4194596120545564,-4.97607540100576,0.0038774089942403833,0.0038774089942403833,0.003877408994239828,0.003877408994239828,76,377000,1476,backbone_ridge
low_to_high_transfer,,,Ti64,700.0,-4.97995281,-4.339363176058205,-0.2175700860176496,-0.4230195479241457,-0.41947638378364976,-4.976409645859504,0.00354316414049638,0.00354316414049638,0.0035431641404959358,0.0035431641404959358,77,378000,1477,backbone_ridge
low_to_high_transfer,,,Ti64,700.0,-4.97995281,-4.3393618578306095,-0.2175700860176496,-0.4230208661517413,-0.41953438479417954,-4.976466328642438,0.0034864813575623543,0.0034864813575623543,0.0034864813575617437,0.0034864813575617437,78,379000,1478,backbone_ridge
low_to_high_transfer,,,Ti64,700.0,-4.97995281,-4.33944287727689,-0.2175700860176496,-0.4229398467054605,-0.41943729685627246,-4.976450260150812,0.0035025498491885187,0.0035025498491885187,0.003502549849188019,0.003502549849188019,79,380000,1479,backbone_ridge
low_to_high_transfer,,,Ti64,700.0,-4.97995281,-4.339100290653134,-0.2175700860176496,-0.423282433329217,-0.41932272993923514,-4.9759931066100185,0.003959703389981861,0.003959703389981861,0.003959703389981861,0.003959703389981861,80,381000,1480,backbone_ridge
low_to_high_transfer,,,Ti64,700.0,-4.97995281,-4.339025274849377,-0.2175700860176496,-0.4233574491329733,-0.4194468569837542,-4.976042217850781,0.003910592149219738,0.003910592149219738,0.003910592149219072,0.003910592149219072,81,382000,1481,backbone_ridge
low_to_high_transfer,,,Ti64,700.0,-4.97995281,-4.33909891538465,-0.2175700860176496,-0.423283808597701,-0.41946859956295185,-4.9761376009652505,0.0038152090347498557,0.0038152090347498557,0.003815209034749134,0.003815209034749134,82,383000,1482,backbone_ridge
low_to_high_transfer,,,Ti64,700.0,-4.97995281,-4.339615224164644,-0.2175700860176496,-0.4227674998177063,-0.41947335190736634,-4.97665866208966,0.003294147910340328,0.003294147910340328,0.0032941479103399396,0.0032941479103399396,83,384000,1483,backbone_ridge
low_to_high_transfer,,,Ti64,700.0,-4.97995281,-4.339234271571302,-0.2175700860176496,-0.423148452411049,-0.41954437352449564,-4.976348731113447,0.0036040788865534523,0.0036040788865534523,0.0036040788865533413,0.0036040788865533413,84,385000,1484,backbone_ridge
low_to_high_transfer,,,Ti64,700.0,-4.97995281,-4.339050293462229,-0.2175700860176496,-0.4233324305201217,-0.4193257821282287,-4.975946161608107,0.004006648391893464,0.004006648391893464,0.00400664839189302,0.00400664839189302,85,386000,1485,backbone_ridge
low_to_high_transfer,,,Ti64,700.0,-4.97995281,-4.339585527714917,-0.2175700860176496,-0.422797196267434,-0.41934222485877376,-4.97649783859134,0.0034549714086606897,0.0034549714086606897,0.0034549714086602457,0.0034549714086602457,86,387000,1486,backbone_ridge
low_to_high_transfer,,,Ti64,700.0,-4.97995281,-4.339263021614718,-0.2175700860176496,-0.4231197023676328,-0.4194600248178494,-4.976293132450216,0.003659677549784135,0.003659677549784135,0.0036596775497834133,0.0036596775497834133,87,388000,1487,backbone_ridge
low_to_high_transfer,,,Ti64,700.0,-4.97995281,-4.339427081125133,-0.2175700860176496,-0.4229556428572177,-0.4193409425333476,-4.97633810967613,0.0036147003238706787,0.0036147003238706787,0.0036147003238701236,0.0036147003238701236,88,389000,1488,backbone_ridge
low_to_high_transfer,,,Ti64,700.0,-4.97995281,-4.339136051827855,-0.2175700860176496,-0.4232466721544959,-0.41944065736689357,-4.976146795212397,0.003806014787603118,0.003806014787603118,0.003806014787602341,0.003806014787602341,89,390000,1489,backbone_ridge
low_to_high_transfer,,,Ti64,700.0,-4.97995281,-4.339092533489974,-0.2175700860176496,-0.4232901904923768,-0.41940301988316026,-4.976065639390783,0.003887170609217172,0.003887170609217172,0.0038871706092165614,0.0038871706092165614,90,391000,1490,backbone_ridge
low_to_high_transfer,,,Ti64,700.0,-4.97995281,-4.339746109915792,-0.2175700860176496,-0.4226366140665588,-0.41944526969847246,-4.976761465631913,0.003191344368087101,0.003191344368087101,0.003191344368086324,0.003191344368086324,91,392000,1491,backbone_ridge
low_to_high_transfer,,,Ti64,700.0,-4.97995281,-4.339453824347157,-0.2175700860176496,-0.4229288996351933,-0.41944516157739725,-4.976469071942204,0.0034837380577963373,0.0034837380577963373,0.0034837380577960597,0.0034837380577960597,92,393000,1492,backbone_ridge
low_to_high_transfer,,,Ti64,700.0,-4.97995281,-4.339066348892513,-0.2175700860176496,-0.4233163750898377,-0.4192170511359295,-4.975853486046092,0.004099323953908218,0.004099323953908218,0.004099323953908218,0.004099323953908218,93,394000,1493,backbone_ridge
low_to_high_transfer,,,Ti64,700.0,-4.97995281,-4.339432523838973,-0.2175700860176496,-0.4229502001433781,-0.4192295993885989,-4.976232209245221,0.003720600754779646,0.003720600754779646,0.003720600754779202,0.003720600754779202,94,395000,1494,backbone_ridge
low_to_high_transfer,,,Ti64,700.0,-4.97995281,-4.339388337774061,-0.2175700860176496,-0.42299438620829,-0.4193272206286315,-4.976285644420342,0.0036671655796585156,0.0036671655796585156,0.0036671655796585156,0.0036671655796585156,95,396000,1495,backbone_ridge
low_to_high_transfer,,,Ti64,700.0,-4.97995281,-4.339077994516817,-0.2175700860176496,-0.4233047294655337,-0.4193414497364799,-4.9759895302709465,0.003963279729053859,0.003963279729053859,0.0039632797290538035,0.0039632797290538035,96,397000,1496,backbone_ridge
low_to_high_transfer,,,Ti64,700.0,-4.97995281,-4.339383016144334,-0.2175700860176496,-0.4229997078380171,-0.4194705833650354,-4.976423685527019,0.003529124472981593,0.003529124472981593,0.003529124472981704,0.003529124472981704,97,398000,1497,backbone_ridge
low_to_high_transfer,,,Ti64,700.0,-4.97995281,-4.339079516539501,-0.2175700860176496,-0.4233032074428499,-0.4193936053966133,-4.976043207953763,0.003909602046237026,0.003909602046237026,0.003909602046236582,0.003909602046236582,98,399000,1498,backbone_ridge
low_to_high_transfer,,,Ti64,700.0,-4.97995281,-4.33930868718616,-0.2175700860176496,-0.4230740367961904,-0.4194968199894037,-4.976375593193214,0.003577216806786687,0.003577216806786687,0.003577216806786687,0.003577216806786687,99,400000,1499,backbone_ridge
