split_type,held_out_system,held_out_temperature,system,T,FANC_eVatom,F0_eVatom,dFraw_T0_mean,dFres_eVatom,dFres_pred,Fhat_pred,signed_error_absF,absolute_error_absF,signed_error_dFres,absolute_error_dFres,snap,timestep,source_row_position,selected_model
bulk_to_interface,Ti64,,Ti64,300.0,-4.79827426,-4.5807798526238015,-0.2175700860176496,7.567864145074932e-05,0.0002327397384946803,-4.798117198902956,0.00015706109704449744,0.00015706109704449744,0.00015706109704393098,0.00015706109704393098,0,301000,1000,backbone_ridge
bulk_to_interface,Ti64,,Ti64,300.0,-4.79827426,-4.580735675352546,-0.2175700860176496,3.15013701953637e-05,-0.00017815616693348942,-4.798483917537129,-0.0002096575371286491,0.0002096575371286491,-0.00020965753712885312,0.00020965753712885312,1,302000,1001,backbone_ridge
bulk_to_interface,Ti64,,Ti64,300.0,-4.79827426,-4.580926882165384,-0.2175700860176496,0.0002227081830333,0.00038618516235712096,-4.798110783020676,0.00016347697932417304,0.00016347697932417304,0.00016347697932382095,0.00016347697932382095,2,303000,1002,backbone_ridge
bulk_to_interface,Ti64,,Ti64,300.0,-4.79827426,-4.580604597961115,-0.2175700860176496,-9.957602123533692e-05,-0.0003051329815120862,-4.798479816960277,-0.00020555696027635406,0.00020555696027635406,-0.00020555696027674925,0.00020555696027674925,3,304000,1003,backbone_ridge
bulk_to_interface,Ti64,,Ti64,300.0,-4.79827426,-4.580709170304021,-0.2175700860176496,4.996321670502901e-06,5.282290772943543e-05,-4.798226433413941,4.782658605950729e-05,4.782658605950729e-05,4.782658605893253e-05,4.782658605893253e-05,4,305000,1004,backbone_ridge
bulk_to_interface,Ti64,,Ti64,300.0,-4.79827426,-4.580634272735374,-0.2175700860176496,-6.990124697703326e-05,-7.088385942043921e-05,-4.798275242612443,-9.82612442967934e-07,9.82612442967934e-07,-9.826124434059516e-07,9.826124434059516e-07,5,306000,1005,backbone_ridge
bulk_to_interface,Ti64,,Ti64,300.0,-4.79827426,-4.580669041924355,-0.2175700860176496,-3.513205799576813e-05,-0.00012647388103072303,-4.798365601823035,-9.134182303505156e-05,9.134182303505156e-05,-9.13418230349549e-05,9.13418230349549e-05,6,307000,1006,backbone_ridge
bulk_to_interface,Ti64,,Ti64,300.0,-4.79827426,-4.580746641522654,-0.2175700860176496,4.2467540303348095e-05,5.3772462851029665e-05,-4.798262955077452,1.1304922548305285e-05,1.1304922548305285e-05,1.130492254768157e-05,1.130492254768157e-05,7,308000,1007,backbone_ridge
bulk_to_interface,Ti64,,Ti64,300.0,-4.79827426,-4.580747104326384,-0.2175700860176496,4.293034403290985e-05,-0.0004921559539183348,-4.7988093462979515,-0.0005350862979511817,0.0005350862979511817,-0.0005350862979512447,0.0005350862979512447,8,309000,1008,backbone_ridge
bulk_to_interface,Ti64,,Ti64,300.0,-4.79827426,-4.580883214600636,-0.2175700860176496,0.0001790406182852,3.6314557409962986e-05,-4.798416986060875,-0.00014272606087484263,0.00014272606087484263,-0.000142726060875237,0.000142726060875237,9,310000,1009,backbone_ridge
bulk_to_interface,Ti64,,Ti64,300.0,-4.79827426,-4.580717285400466,-0.2175700860176496,1.3111418115108188e-05,8.766685280708544e-05,-4.798199704565308,7.45554346925914e-05,7.45554346925914e-05,7.455543469197726e-05,7.455543469197726e-05,10,311000,1010,backbone_ridge
bulk_to_interface,Ti64,,Ti64,300.0,-4.79827426,-4.580757492249568,-0.2175700860176496,5.331826721766131e-05,8.9377924039381e-05,-4.798238200343178,3.605965682229595e-05,3.605965682229595e-05,3.6059656821719696e-05,3.6059656821719696e-05,11,312000,1011,backbone_ridge
bulk_to_interface,Ti64,,Ti64,300.0,-4.79827426,-4.580880773283026,-0.2175700860176496,0.0001765993006749,0.00014924339606080996,-4.798301615904614,-2.7355904613557414e-05,2.7355904613557414e-05,-2.7355904614090055e-05,2.7355904614090055e-05,12,313000,1012,backbone_ridge
bulk_to_interface,Ti64,,Ti64,300.0,-4.79827426,-4.580688652434084,-0.2175700860176496,-1.5521548266783647e-05,-0.00035851783290891776,-4.7986172562846425,-0.000342996284642183,0.000342996284642183,-0.0003429962846421341,0.0003429962846421341,13,314000,1013,backbone_ridge
bulk_to_interface,Ti64,,Ti64,300.0,-4.79827426,-4.580754345501699,-0.2175700860176496,5.017151934827435e-05,0.0002539089736302224,-4.798070522545718,0.00020373745428248213,0.00020373745428248213,0.00020373745428194806,0.00020373745428194806,14,315000,1014,backbone_ridge
bulk_to_interface,Ti64,,Ti64,300.0,-4.79827426,-4.580855130805365,-0.2175700860176496,0.0001509568230145,0.00024907404329014345,-4.798176142779725,9.811722027563974e-05,9.811722027563974e-05,9.811722027564345e-05,9.811722027564345e-05,15,316000,1015,backbone_ridge
bulk_to_interface,Ti64,,Ti64,300.0,-4.79827426,-4.5808217081007205,-0.2175700860176496,0.0001175341183697,0.0004047756253878534,-4.797987018492982,0.0002872415070180878,0.0002872415070180878,0.0002872415070181534,0.0002872415070181534,16,317000,1016,backbone_ridge
bulk_to_interface,Ti64,,Ti64,300.0,-4.79827426,-4.580760628304146,-0.2175700860176496,5.6454321795462725e-05,0.00013708469939726175,-4.798193629622398,8.063037760219771e-05,8.063037760219771e-05,8.063037760179902e-05,8.063037760179902e-05,17,318000,1017,backbone_ridge
bulk_to_interface,Ti64,,Ti64,300.0,-4.79827426,-4.580700253999836,-0.2175700860176496,-3.919982515143694e-06,-0.00016812215314809345,-4.798438462170633,-0.0001642021706329544,0.0001642021706329544,-0.00016420217063294976,0.00016420217063294976,18,319000,1018,backbone_ridge
bulk_to_interface,Ti64,,Ti64,300.0,-4.79827426,-4.580756404918523,-0.2175700860176496,5.223093617201524e-05,7.166068898658965e-05,-4.798254830247186,1.9429752814659196e-05,1.9429752814659196e-05,1.942975281457441e-05,1.942975281457441e-05,19,320000,1019,backbone_ridge
bulk_to_interface,Ti64,,Ti64,300.0,-4.79827426,-4.580637735549552,-0.2175700860176496,-6.643843279852124e-05,0.0001928185645214081,-4.79801500300268,0.0002592569973201009,0.0002592569973201009,0.00025925699731992936,0.00025925699731992936,20,321000,1020,backbone_ridge
bulk_to_interface,Ti64,,Ti64,300.0,-4.79827426,-4.580704216677638,-0.2175700860176496,4.269528763867214e-08,-3.3453759760967836e-05,-4.798307756455048,-3.349645504790999e-05,3.349645504790999e-05,-3.349645504860651e-05,3.349645504860651e-05,21,322000,1021,backbone_ridge
bulk_to_interface,Ti64,,Ti64,300.0,-4.79827426,-4.580832296804344,-0.2175700860176496,0.000128122821993,-0.00021498000164534147,-4.798617362823639,-0.0003431028236384748,0.0003431028236384748,-0.00034310282363834147,0.00034310282363834147,22,323000,1022,backbone_ridge
bulk_to_interface,Ti64,,Ti64,300.0,-4.79827426,-4.580627220394482,-0.2175700860176496,-7.69535878687444e-05,-1.1982368807525015e-05,-4.798209288780939,6.497121906168246e-05,6.497121906168246e-05,6.497121906121939e-05,6.497121906121939e-05,23,324000,1023,backbone_ridge
bulk_to_interface,Ti64,,Ti64,300.0,-4.79827426,-4.5807696546583925,-0.2175700860176496,6.548067604172925e-05,-0.00014318877164875492,-4.79848292944769,-0.00020866944768993534,0.00020866944768993534,-0.00020866944769048416,0.00020866944769048416,24,325000,1024,backbone_ridge
bulk_to_interface,Ti64,,Ti64,300.0,-4.79827426,-4.580675080542513,-0.2175700860176496,-2.9093439837368784e-05,-2.4608724396766576e-05,-4.79826977528456,4.484715440788989e-06,4.484715440788989e-06,4.484715440602208e-06,4.484715440602208e-06,25,326000,1025,backbone_ridge
bulk_to_interface,Ti64,,Ti64,300.0,-4.79827426,-4.580576915938579,-0.2175700860176496,-0.0001272580437717,-0.0002704352577727522,-4.798417437214001,-0.00014317721400036731,0.00014317721400036731,-0.00014317721400105223,0.00014317721400105223,26,327000,1026,backbone_ridge
bulk_to_interface,Ti64,,Ti64,300.0,-4.79827426,-4.580747300676452,-0.2175700860176496,4.312669410155845e-05,-0.00020324723368184613,-4.798520633927783,-0.00024637392778270595,0.00024637392778270595,-0.0002463739277834046,0.0002463739277834046,27,328000,1027,backbone_ridge
bulk_to_interface,Ti64,,Ti64,300.0,-4.79827426,-4.580725830451603,-0.2175700860176496,2.165646925200715e-05,-0.0003154933945006865,-4.798611409863753,-0.0003371498637525505,0.0003371498637525505,-0.00033714986375269363,0.00033714986375269363,28,329000,1028,backbone_ridge
bulk_to_interface,Ti64,,Ti64,300.0,-4.79827426,-4.580593100473803,-0.2175700860176496,-0.0001110735085477,-0.00016675516069952922,-4.798329941652152,-5.568165215130705e-05,5.568165215130705e-05,-5.5681652151829214e-05,5.5681652151829214e-05,29,330000,1029,backbone_ridge
bulk_to_interface,Ti64,,Ti64,300.0,-4.79827426,-4.580636587667068,-0.2175700860176496,-6.758631528269721e-05,0.00010644605656985837,-4.798100227628147,0.0001740323718530945,0.0001740323718530945,0.00017403237185255557,0.00017403237185255557,30,331000,1030,backbone_ridge
bulk_to_interface,Ti64,,Ti64,300.0,-4.79827426,-4.580821865005838,-0.2175700860176496,0.0001176910234871,0.0002328145412327884,-4.798159136482254,0.00011512351774634055,0.00011512351774634055,0.0001151235177456884,0.0001151235177456884,31,332000,1031,backbone_ridge
bulk_to_interface,Ti64,,Ti64,300.0,-4.79827426,-4.580683755136554,-0.2175700860176496,-2.041884579695452e-05,-1.6882754520378257e-05,-4.798270723908724,3.5360912766790875e-06,3.5360912766790875e-06,3.5360912765762645e-06,3.5360912765762645e-06,32,333000,1032,backbone_ridge
bulk_to_interface,Ti64,,Ti64,300.0,-4.79827426,-4.580631992255259,-0.2175700860176496,-7.218172709200221e-05,-0.00019509486866917328,-4.798397173141577,-0.0001229131415767526,0.0001229131415767526,-0.00012291314157717107,0.00012291314157717107,33,334000,1033,backbone_ridge
bulk_to_interface,Ti64,,Ti64,300.0,-4.79827426,-4.580702432411183,-0.2175700860176496,-1.741571167834799e-06,0.00043849544533279203,-4.7978340229834995,0.0004402370165008662,0.0004402370165008662,0.0004402370165006268,0.0004402370165006268,34,335000,1034,backbone_ridge
bulk_to_interface,Ti64,,Ti64,300.0,-4.79827426,-4.58078213044338,-0.2175700860176496,7.795646102903842e-05,0.0006114785546548265,-4.797740737906374,0.0005335220936260043,0.0005335220936260043,0.000533522093625788,0.000533522093625788,35,336000,1035,backbone_ridge
bulk_to_interface,Ti64,,Ti64,300.0,-4.79827426,-4.58070780702136,-0.2175700860176496,3.633039009520722e-06,0.00014465565077518094,-4.798133237388234,0.00014102261176596187,0.00014102261176596187,0.00014102261176566022,0.00014102261176566022,36,337000,1036,backbone_ridge
bulk_to_interface,Ti64,,Ti64,300.0,-4.79827426,-4.580739513550768,-0.2175700860176496,3.533956841683672e-05,0.0003241547150655585,-4.797985444853351,0.0002888151466491351,0.0002888151466491351,0.0002888151466487218,0.0002888151466487218,37,338000,1037,backbone_ridge
bulk_to_interface,Ti64,,Ti64,300.0,-4.79827426,-4.580765392242391,-0.2175700860176496,6.121826004024111e-05,0.00016112418698790984,-4.798174354073052,9.990592694819611e-05,9.990592694819611e-05,9.990592694766873e-05,9.990592694766873e-05,38,339000,1038,backbone_ridge
bulk_to_interface,Ti64,,Ti64,300.0,-4.79827426,-4.58074039552841,-0.2175700860176496,3.622154605886774e-05,0.0002103897167753519,-4.7981000918292835,0.00017416817071680413,0.00017416817071680413,0.00017416817071648415,0.00017416817071648415,39,340000,1039,backbone_ridge
bulk_to_interface,Ti64,,Ti64,300.0,-4.79827426,-4.580772953882247,-0.2175700860176496,6.877989989584332e-05,0.0003579647266065086,-4.7979850751732895,0.0002891848267108088,0.0002891848267108088,0.00028918482671066526,0.00028918482671066526,40,341000,1040,backbone_ridge
bulk_to_interface,Ti64,,Ti64,300.0,-4.79827426,-4.580595819023825,-0.2175700860176496,-0.0001083549585253,-0.00021872474884562763,-4.79838462979032,-0.00011036979031953109,0.00011036979031953109,-0.00011036979032032763,0.00011036979032032763,41,342000,1041,backbone_ridge
bulk_to_interface,Ti64,,Ti64,300.0,-4.79827426,-4.58056892395996,-0.2175700860176496,-0.0001352500223911,-0.0003286513177972177,-4.7984676612954065,-0.00019340129540612594,0.00019340129540612594,-0.0001934012954061177,0.0001934012954061177,42,343000,1042,backbone_ridge
bulk_to_interface,Ti64,,Ti64,300.0,-4.79827426,-4.580648958238676,-0.2175700860176496,-5.5215743674730255e-05,0.00017735111730919138,-4.798041693139016,0.0002325668609843845,0.0002325668609843845,0.00023256686098392163,0.00023256686098392163,43,344000,1043,backbone_ridge
bulk_to_interface,Ti64,,Ti64,300.0,-4.79827426,-4.5805573373192265,-0.2175700860176496,-0.0001468366631242,0.00010889434222949998,-4.798018528994646,0.00025573100535414284,0.00025573100535414284,0.00025573100535369994,0.00025573100535369994,44,345000,1044,backbone_ridge
bulk_to_interface,Ti64,,Ti64,300.0,-4.79827426,-4.580682964544718,-0.2175700860176496,-2.120943763250782e-05,0.00017155992671458054,-4.798081490635653,0.00019276936434753367,0.00019276936434753367,0.00019276936434708836,0.00019276936434708836,45,346000,1045,backbone_ridge
bulk_to_interface,Ti64,,Ti64,300.0,-4.79827426,-4.580489744197921,-0.2175700860176496,-0.0002144297844296,-0.00023281723112053882,-4.798292647446691,-1.838744669058201e-05,1.838744669058201e-05,-1.838744669093882e-05,1.838744669093882e-05,46,347000,1046,backbone_ridge
bulk_to_interface,Ti64,,Ti64,300.0,-4.79827426,-4.5807484025243825,-0.2175700860176496,4.422854203178783e-05,0.00023308901944345053,-4.798085399522589,0.00018886047741162315,0.00018886047741162315,0.0001888604774116627,0.0001888604774116627,47,348000,1047,backbone_ridge
bulk_to_interface,Ti64,,Ti64,300.0,-4.79827426,-4.580678812960495,-0.2175700860176496,-2.5361021855574428e-05,5.506702126404828e-05,-4.798193831956881,8.042804311969576e-05,8.042804311969576e-05,8.042804311962271e-05,8.042804311962271e-05,48,349000,1048,backbone_ridge
bulk_to_interface,Ti64,,Ti64,300.0,-4.79827426,-4.580752601491293,-0.2175700860176496,4.842750894196168e-05,-0.00010124341731031593,-4.798423930926252,-0.00014967092625184364,0.00014967092625184364,-0.00014967092625227762,0.00014967092625227762,49,350000,1049,backbone_ridge
bulk_to_interface,Ti64,,Ti64,300.0,-4.79827426,-4.580728891983628,-0.2175700860176496,2.4718001277235224e-05,0.00026147130366167295,-4.798037506697615,0.0002367533023850399,0.0002367533023850399,0.00023675330238443772,0.00023675330238443772,50,351000,1050,backbone_ridge
bulk_to_interface,Ti64,,Ti64,300.0,-4.79827426,-4.580681242598478,-0.2175700860176496,-2.2931383872326627e-05,6.890941394087344e-05,-4.7981824192021865,9.184079781388022e-05,9.184079781388022e-05,9.184079781320007e-05,9.184079781320007e-05,51,352000,1051,backbone_ridge
bulk_to_interface,Ti64,,Ti64,300.0,-4.79827426,-4.580877402640547,-0.2175700860176496,0.000173228658196,-0.00012570652237875498,-4.798573195180575,-0.0002989351805746665,0.0002989351805746665,-0.000298935180574755,0.000298935180574755,52,353000,1052,backbone_ridge
bulk_to_interface,Ti64,,Ti64,300.0,-4.79827426,-4.580661350329687,-0.2175700860176496,-4.2823652663614986e-05,2.9658128415298556e-05,-4.798201778218921,7.248178107932546e-05,7.248178107932546e-05,7.248178107891354e-05,7.248178107891354e-05,53,354000,1053,backbone_ridge
bulk_to_interface,Ti64,,Ti64,300.0,-4.79827426,-4.5807706700870465,-0.2175700860176496,6.649610469577905e-05,0.00031805832476829155,-4.798022697779928,0.0002515622200727208,0.0002515622200727208,0.0002515622200725125,0.0002515622200725125,54,355000,1054,backbone_ridge
bulk_to_interface,Ti64,,Ti64,300.0,-4.79827426,-4.580642789942595,-0.2175700860176496,-6.138403975575191e-05,-0.00025341787372931517,-4.7984662938339735,-0.00019203383397314866,0.00019203383397314866,-0.00019203383397356326,0.00019203383397356326,55,356000,1055,backbone_ridge
bulk_to_interface,Ti64,,Ti64,300.0,-4.79827426,-4.580909423588326,-0.2175700860176496,0.0002052496059755,1.1232325497074718e-05,-4.798468277280478,-0.00019401728047796496,0.00019401728047796496,-0.00019401728047842526,0.00019401728047842526,56,357000,1056,backbone_ridge
bulk_to_interface,Ti64,,Ti64,300.0,-4.79827426,-4.580727176432096,-0.2175700860176496,2.300244974529075e-05,0.00026270416790772516,-4.798034558281838,0.00023970171816234398,0.00023970171816234398,0.0002397017181624344,0.0002397017181624344,57,358000,1057,backbone_ridge
bulk_to_interface,Ti64,,Ti64,300.0,-4.79827426,-4.580841574085029,-0.2175700860176496,0.000137400102678,0.0002903863579245315,-4.798121273744753,0.00015298625524717835,0.00015298625524717835,0.0001529862552465315,0.0001529862552465315,58,359000,1058,backbone_ridge
bulk_to_interface,Ti64,,Ti64,300.0,-4.79827426,-4.5806716074936435,-0.2175700860176496,-3.256648870719747e-05,5.6208984896084964e-05,-4.798185484526397,8.877547360341964e-05,8.877547360341964e-05,8.877547360328244e-05,8.877547360328244e-05,59,360000,1059,backbone_ridge
bulk_to_interface,Ti64,,Ti64,300.0,-4.79827426,-4.580475680500232,-0.2175700860176496,-0.0002284934821187,-0.00023410202471645485,-4.798279868542598,-5.6085425974572445e-06,5.6085425974572445e-06,-5.608542597754858e-06,5.608542597754858e-06,60,361000,1060,backbone_ridge
bulk_to_interface,Ti64,,Ti64,300.0,-4.79827426,-4.580563835102292,-0.2175700860176496,-0.0001403388800588,-0.00014351177626208397,-4.798277432896203,-3.1728962026633667e-06,3.1728962026633667e-06,-3.172896203283964e-06,3.172896203283964e-06,61,362000,1061,backbone_ridge
bulk_to_interface,Ti64,,Ti64,300.0,-4.79827426,-4.580602544663888,-0.2175700860176496,-0.0001016293184626,6.774160540151601e-05,-4.798104889076136,0.00016937092386459796,0.00016937092386459796,0.00016937092386411603,0.00016937092386411603,62,363000,1062,backbone_ridge
bulk_to_interface,Ti64,,Ti64,300.0,-4.79827426,-4.580679657414636,-0.2175700860176496,-2.4516567715182624e-05,0.00014868209545788313,-4.798101061336827,0.00017319866317322408,0.00017319866317322408,0.00017319866317306576,0.00017319866317306576,63,364000,1063,backbone_ridge
bulk_to_interface,Ti64,,Ti64,300.0,-4.79827426,-4.580846982100691,-0.2175700860176496,0.0001428081183399,-0.0001499322896683703,-4.798567000408008,-0.00029274040800775225,0.00029274040800775225,-0.0002927404080082703,0.0002927404080082703,64,365000,1064,backbone_ridge
bulk_to_interface,Ti64,,Ti64,300.0,-4.79827426,-4.580612459418928,-0.2175700860176496,-9.171456342260688e-05,-0.0002486481496986044,-4.798431193586276,-0.00015693358627544285,0.00015693358627544285,-0.00015693358627599753,0.00015693358627599753,65,366000,1065,backbone_ridge
bulk_to_interface,Ti64,,Ti64,300.0,-4.79827426,-4.580622781257659,-0.2175700860176496,-8.139272469132042e-05,-0.00020151568086158566,-4.79839438295617,-0.00012012295616958824,0.00012012295616958824,-0.00012012295617026524,0.00012012295617026524,66,367000,1066,backbone_ridge
bulk_to_interface,Ti64,,Ti64,300.0,-4.79827426,-4.580732422557208,-0.2175700860176496,2.824857485739241e-05,0.00025017030363096485,-4.798052338271226,0.0002219217287739994,0.0002219217287739994,0.00022192172877357245,0.00022192172877357245,67,368000,1067,backbone_ridge
bulk_to_interface,Ti64,,Ti64,300.0,-4.79827426,-4.580855632550843,-0.2175700860176496,0.0001514585684926,0.0003221817280191304,-4.798103536840474,0.0001707231595267089,0.0001707231595267089,0.00017072315952653037,0.00017072315952653037,68,369000,1068,backbone_ridge
bulk_to_interface,Ti64,,Ti64,300.0,-4.79827426,-4.580806526361437,-0.2175700860176496,0.0001023523790862,6.46442345000213e-05,-4.798311968144587,-3.7708144586368064e-05,3.7708144586368064e-05,-3.7708144586178695e-05,3.7708144586178695e-05,69,370000,1069,backbone_ridge
bulk_to_interface,Ti64,,Ti64,300.0,-4.79827426,-4.580650480211539,-0.2175700860176496,-5.3693770811436e-05,-3.07608946299092e-05,-4.798251327123818,2.293287618204687e-05,2.293287618204687e-05,2.2932876181526797e-05,2.2932876181526797e-05,70,371000,1070,backbone_ridge
bulk_to_interface,Ti64,,Ti64,300.0,-4.79827426,-4.580559720926236,-0.2175700860176496,-0.0001444530561146,-0.0001975079386500139,-4.798327314882536,-5.3054882535263914e-05,5.3054882535263914e-05,-5.3054882535413886e-05,5.3054882535413886e-05,71,372000,1071,backbone_ridge
bulk_to_interface,Ti64,,Ti64,300.0,-4.79827426,-4.580575492795599,-0.2175700860176496,-0.0001286811867521,0.00023827767349754542,-4.79790730113975,0.00036695886025039925,0.00036695886025039925,0.0003669588602496454,0.0003669588602496454,72,373000,1072,backbone_ridge
bulk_to_interface,Ti64,,Ti64,300.0,-4.79827426,-4.580736461800233,-0.2175700860176496,3.2287817881893055e-05,5.2843273422506514e-05,-4.798253704544459,2.0555455541249046e-05,2.0555455541249046e-05,2.055545554061346e-05,2.055545554061346e-05,73,374000,1073,backbone_ridge
bulk_to_interface,Ti64,,Ti64,300.0,-4.79827426,-4.580717433635733,-0.2175700860176496,1.3259653381836324e-05,-0.00038923412955047443,-4.7986767537829325,-0.0004024937829321118,0.0004024937829321118,-0.00040249378293231075,0.00040249378293231075,74,375000,1074,backbone_ridge
bulk_to_interface,Ti64,,Ti64,300.0,-4.79827426,-4.580666173777982,-0.2175700860176496,-3.800020436861562e-05,-0.00010700835745582215,-4.798343268153087,-6.900815308696906e-05,6.900815308696906e-05,-6.900815308720653e-05,6.900815308720653e-05,75,376000,1075,backbone_ridge
bulk_to_interface,Ti64,,Ti64,300.0,-4.79827426,-4.580640383962542,-0.2175700860176496,-6.379001980916232e-05,-0.00013605800691652577,-4.798346527987108,-7.226798710746607e-05,7.226798710746607e-05,-7.226798710736345e-05,7.226798710736345e-05,76,377000,1076,backbone_ridge
bulk_to_interface,Ti64,,Ti64,300.0,-4.79827426,-4.580576113467358,-0.2175700860176496,-0.0001280605149928,5.032635547502472e-05,-4.798095873129532,0.00017838687046811685,0.00017838687046811685,0.00017838687046782472,0.00017838687046782472,77,378000,1077,backbone_ridge
bulk_to_interface,Ti64,,Ti64,300.0,-4.79827426,-4.580759490124691,-0.2175700860176496,5.5316142339889574e-05,-0.00015501651973641616,-4.798484592662076,-0.00021033266207570733,0.00021033266207570733,-0.00021033266207630573,0.00021033266207630573,78,379000,1078,backbone_ridge
bulk_to_interface,Ti64,,Ti64,300.0,-4.79827426,-4.580719843328785,-0.2175700860176496,1.566934643404405e-05,-4.762704478749482e-05,-4.798337556391221,-6.329639122082398e-05,6.329639122082398e-05,-6.329639122153887e-05,6.329639122153887e-05,79,380000,1079,backbone_ridge
bulk_to_interface,Ti64,,Ti64,300.0,-4.79827426,-4.58074008345534,-0.2175700860176496,3.5909472989259505e-05,-0.0003472032480554959,-4.798657372721045,-0.0003831127210442986,0.0003831127210442986,-0.0003831127210447554,0.0003831127210447554,80,381000,1080,backbone_ridge
bulk_to_interface,Ti64,,Ti64,300.0,-4.79827426,-4.580679086499757,-0.2175700860176496,-2.5087482594110533e-05,0.000166214864160686,-4.7980829576532456,0.00019130234675479585,0.00019130234675479585,0.00019130234675479653,0.00019130234675479653,81,382000,1081,backbone_ridge
bulk_to_interface,Ti64,,Ti64,300.0,-4.79827426,-4.580685994529652,-0.2175700860176496,-1.8179452698441345e-05,2.250172945169506e-05,-4.79823357881785,4.068118215005967e-05,4.068118215005967e-05,4.0681182150136404e-05,4.0681182150136404e-05,82,383000,1082,backbone_ridge
bulk_to_interface,Ti64,,Ti64,300.0,-4.79827426,-4.580457292855577,-0.2175700860176496,-0.0002468811267736,-0.00041882524652547435,-4.7984462041197515,-0.0001719441197511884,0.0001719441197511884,-0.00017194411975187437,0.00017194411975187437,83,384000,1083,backbone_ridge
bulk_to_interface,Ti64,,Ti64,300.0,-4.79827426,-4.580675186715079,-0.2175700860176496,-2.898726727151857e-05,-0.00032875776385569294,-4.798574030496584,-0.00029977049658391763,0.00029977049658391763,-0.0002997704965841744,0.0002997704965841744,84,385000,1084,backbone_ridge
bulk_to_interface,Ti64,,Ti64,300.0,-4.79827426,-4.58076543095591,-0.2175700860176496,6.125697355885418e-05,-0.00013545810753129575,-4.7984709750810906,-0.00019671508109020408,0.00019671508109020408,-0.00019671508109014992,0.00019671508109014992,85,386000,1085,backbone_ridge
bulk_to_interface,Ti64,,Ti64,300.0,-4.79827426,-4.580701270451583,-0.2175700860176496,-2.903530767484064e-06,4.171404611960964e-05,-4.798229642423113,4.461757688734025e-05,4.461757688734025e-05,4.46175768870937e-05,4.46175768870937e-05,86,387000,1086,backbone_ridge
bulk_to_interface,Ti64,,Ti64,300.0,-4.79827426,-4.580805319215426,-0.2175700860176496,0.0001011452330755,0.00015671583575062502,-4.798218689397325,5.557060267502578e-05,5.557060267502578e-05,5.5570602675125014e-05,5.5570602675125014e-05,87,388000,1087,backbone_ridge
bulk_to_interface,Ti64,,Ti64,300.0,-4.79827426,-4.580651340367342,-0.2175700860176496,-5.283361500885153e-05,0.00024064072111050567,-4.7979807856638805,0.00029347433611981444,0.00029347433611981444,0.00029347433611935723,0.00029347433611935723,88,389000,1088,backbone_ridge
bulk_to_interface,Ti64,,Ti64,300.0,-4.79827426,-4.580775572040833,-0.2175700860176496,7.139805848266345e-05,0.00012812031520023097,-4.798217537743282,5.6722256718266806e-05,5.6722256718266806e-05,5.672225671756752e-05,5.672225671756752e-05,89,390000,1089,backbone_ridge
bulk_to_interface,Ti64,,Ti64,300.0,-4.79827426,-4.580781714544993,-0.2175700860176496,7.754056264219766e-05,8.879268950847709e-05,-4.798263007873134,1.1252126866700962e-05,1.1252126866700962e-05,1.1252126866279424e-05,1.1252126866279424e-05,90,391000,1090,backbone_ridge
bulk_to_interface,Ti64,,Ti64,300.0,-4.79827426,-4.580607681854985,-0.2175700860176496,-9.649212736617674e-05,0.00016618258295766873,-4.798011585289676,0.00026267471032426215,0.00026267471032426215,0.0002626747103238455,0.0002626747103238455,91,392000,1091,backbone_ridge
bulk_to_interface,Ti64,,Ti64,300.0,-4.79827426,-4.580671390216507,-0.2175700860176496,-3.2783765843924506e-05,9.584362547784755e-05,-4.798145632608678,0.00012862739132213363,0.00012862739132213363,0.00012862739132177205,0.00012862739132177205,92,393000,1092,backbone_ridge
bulk_to_interface,Ti64,,Ti64,300.0,-4.79827426,-4.580597957022349,-0.2175700860176496,-0.0001062169600013,5.154236299920821e-05,-4.798116500677,0.0001577593230006613,0.0001577593230006613,0.00015775932300050822,0.00015775932300050822,93,394000,1093,backbone_ridge
bulk_to_interface,Ti64,,Ti64,300.0,-4.79827426,-4.580753979969859,-0.2175700860176496,4.980598750792264e-05,0.00022574054139390157,-4.798098325446114,0.0001759345538863144,0.0001759345538863144,0.00017593455388597893,0.00017593455388597893,94,395000,1094,backbone_ridge
bulk_to_interface,Ti64,,Ti64,300.0,-4.79827426,-4.580665932916008,-0.2175700860176496,-3.824106634253699e-05,1.3975598212877076e-05,-4.7982220433354446,5.22166645557931e-05,5.22166645557931e-05,5.2216664555414065e-05,5.2216664555414065e-05,95,396000,1095,backbone_ridge
bulk_to_interface,Ti64,,Ti64,300.0,-4.79827426,-4.580729654618395,-0.2175700860176496,2.5480636044128424e-05,-0.00021830514159924106,-4.7985180457776435,-0.00024378577764316844,0.00024378577764316844,-0.00024378577764336948,0.00024378577764336948,96,397000,1096,backbone_ridge
bulk_to_interface,Ti64,,Ti64,300.0,-4.79827426,-4.580509711049679,-0.2175700860176496,-0.0001944629326718,-0.0006063835812626423,-4.798686180648591,-0.00041192064859085775,0.00041192064859085775,-0.00041192064859084236,0.00041192064859084236,97,398000,1097,backbone_ridge
bulk_to_interface,Ti64,,Ti64,300.0,-4.79827426,-4.580744564302232,-0.2175700860176496,4.039031988101183e-05,-0.0003222370366609302,-4.798636887356542,-0.00036262735654180034,0.00036262735654180034,-0.00036262735654194204,0.00036262735654194204,98,399000,1098,backbone_ridge
bulk_to_interface,Ti64,,Ti64,300.0,-4.79827426,-4.580779119427969,-0.2175700860176496,7.494544561781336e-05,-0.0006481926321019062,-4.79899739807772,-0.0007231380777197316,0.0007231380777197316,-0.0007231380777197196,0.0007231380777197196,99,400000,1099,backbone_ridge
bulk_to_interface,Ti64,,Ti64,400.0,-4.83216935,-4.517025674993572,-0.2175700860176496,-0.0975735889887779,-0.08888823741517968,-4.8234839984264015,0.00868535157359851,0.00868535157359851,0.008685351573598218,0.008685351573598218,0,301000,1100,backbone_ridge
bulk_to_interface,Ti64,,Ti64,400.0,-4.83216935,-4.517272849666091,-0.2175700860176496,-0.0973264143162589,-0.08888319267332674,-4.823726128357068,0.008443221642932208,0.008443221642932208,0.008443221642932153,0.008443221642932153,1,302000,1101,backbone_ridge
bulk_to_interface,Ti64,,Ti64,400.0,-4.83216935,-4.517355787816868,-0.2175700860176496,-0.0972434761654824,-0.08862705007621571,-4.823552923910733,0.008616426089266938,0.008616426089266938,0.008616426089266688,0.008616426089266688,2,303000,1102,backbone_ridge
bulk_to_interface,Ti64,,Ti64,400.0,-4.83216935,-4.517016146687023,-0.2175700860176496,-0.0975831172953271,-0.08926847215053733,-4.82385470485521,0.008314645144790411,0.008314645144790411,0.008314645144789759,0.008314645144789759,3,304000,1103,backbone_ridge
bulk_to_interface,Ti64,,Ti64,400.0,-4.83216935,-4.517033482947223,-0.2175700860176496,-0.0975657810351272,-0.08887506905223004,-4.823478638017103,0.00869071198289717,0.00869071198289717,0.008690711982897156,0.008690711982897156,4,305000,1104,backbone_ridge
bulk_to_interface,Ti64,,Ti64,400.0,-4.83216935,-4.5171314472814705,-0.2175700860176496,-0.0974678167008799,-0.08888193009367554,-4.823583463392795,0.008585886607204607,0.008585886607204607,0.008585886607204357,0.008585886607204357,5,306000,1105,backbone_ridge
bulk_to_interface,Ti64,,Ti64,400.0,-4.83216935,-4.517187098464225,-0.2175700860176496,-0.0974121655181253,-0.0892637427957435,-4.824020927277618,0.00814842272238181,0.00814842272238181,0.008148422722381796,0.008148422722381796,6,307000,1106,backbone_ridge
bulk_to_interface,Ti64,,Ti64,400.0,-4.83216935,-4.517111606322654,-0.2175700860176496,-0.0974876576596962,-0.0894085132306624,-4.824090205570966,0.008079144429034457,0.008079144429034457,0.008079144429033805,0.008079144429033805,7,308000,1107,backbone_ridge
bulk_to_interface,Ti64,,Ti64,400.0,-4.83216935,-4.517196487979875,-0.2175700860176496,-0.097402776002475,-0.08942807349525912,-4.824194647492784,0.00797470250721588,0.00797470250721588,0.00797470250721588,0.00797470250721588,8,309000,1108,backbone_ridge
bulk_to_interface,Ti64,,Ti64,400.0,-4.83216935,-4.5172397590039415,-0.2175700860176496,-0.0973595049784089,-0.08927346261179954,-4.824083307633391,0.00808604236660937,0.00808604236660937,0.008086042366609356,0.008086042366609356,9,310000,1109,backbone_ridge
bulk_to_interface,Ti64,,Ti64,400.0,-4.83216935,-4.5171378365022195,-0.2175700860176496,-0.0974614274801309,-0.08948275888773773,-4.8241906814076065,0.00797866859239349,0.00797866859239349,0.00797866859239317,0.00797866859239317,10,311000,1110,backbone_ridge
bulk_to_interface,Ti64,,Ti64,400.0,-4.83216935,-4.517101545154919,-0.2175700860176496,-0.0974977188274316,-0.08909550588254804,-4.823767137055116,0.008402212944884191,0.008402212944884191,0.008402212944883566,0.008402212944883566,11,312000,1111,backbone_ridge
bulk_to_interface,Ti64,,Ti64,400.0,-4.83216935,-4.517198958205464,-0.2175700860176496,-0.0974003057768865,-0.08874833407375636,-4.823517378296869,0.008651971703130812,0.008651971703130812,0.008651971703130146,0.008651971703130146,12,313000,1112,backbone_ridge
bulk_to_interface,Ti64,,Ti64,400.0,-4.83216935,-4.516831631650412,-0.2175700860176496,-0.0977676323319386,-0.08957688652377345,-4.823978604191835,0.008190745808165367,0.008190745808165367,0.008190745808165145,0.008190745808165145,13,314000,1113,backbone_ridge
bulk_to_interface,Ti64,,Ti64,400.0,-4.83216935,-4.517274359120908,-0.2175700860176496,-0.0973249048614427,-0.08926963428732107,-4.824114079425878,0.00805527057412192,0.00805527057412192,0.008055270574121629,0.008055270574121629,14,315000,1114,backbone_ridge
bulk_to_interface,Ti64,,Ti64,400.0,-4.83216935,-4.516917423806927,-0.2175700860176496,-0.0976818401754237,-0.08919057642687986,-4.823678086251456,0.008491263748544142,0.008491263748544142,0.008491263748543837,0.008491263748543837,15,316000,1115,backbone_ridge
bulk_to_interface,Ti64,,Ti64,400.0,-4.83216935,-4.517238664071174,-0.2175700860176496,-0.0973605999111765,-0.08894452331923633,-4.82375327340806,0.008416076591940325,0.008416076591940325,0.008416076591940172,0.008416076591940172,16,317000,1116,backbone_ridge
bulk_to_interface,Ti64,,Ti64,400.0,-4.83216935,-4.517348862552608,-0.2175700860176496,-0.0972504014297422,-0.08897671646733778,-4.823895665037595,0.008273684962404992,0.008273684962404992,0.008273684962404423,0.008273684962404423,17,318000,1117,backbone_ridge
bulk_to_interface,Ti64,,Ti64,400.0,-4.83216935,-4.51728791028813,-0.2175700860176496,-0.0973113536942206,-0.08921014564611965,-4.824068141951899,0.008101208048101327,0.008101208048101327,0.008101208048100952,0.008101208048100952,18,319000,1118,backbone_ridge
bulk_to_interface,Ti64,,Ti64,400.0,-4.83216935,-4.517143591751575,-0.2175700860176496,-0.0974556722307756,-0.08922867739746343,-4.823942355166688,0.00822699483331224,0.00822699483331224,0.00822699483331217,0.00822699483331217,19,320000,1119,backbone_ridge
bulk_to_interface,Ti64,,Ti64,400.0,-4.83216935,-4.517192231480506,-0.2175700860176496,-0.097407032501844,-0.08875057811372412,-4.82351289561188,0.008656454388120238,0.008656454388120238,0.008656454388119877,0.008656454388119877,20,321000,1120,backbone_ridge
bulk_to_interface,Ti64,,Ti64,400.0,-4.83216935,-4.517352844227188,-0.2175700860176496,-0.097246419755162,-0.08929447210475809,-4.824217402349595,0.007951947650404634,0.007951947650404634,0.007951947650403912,0.007951947650403912,21,322000,1121,backbone_ridge
bulk_to_interface,Ti64,,Ti64,400.0,-4.83216935,-4.517101355599365,-0.2175700860176496,-0.0974979083829851,-0.08946501970098816,-4.824136461318003,0.008032888681997363,0.008032888681997363,0.008032888681996933,0.008032888681996933,22,323000,1122,backbone_ridge
bulk_to_interface,Ti64,,Ti64,400.0,-4.83216935,-4.5170817927128235,-0.2175700860176496,-0.0975174712695269,-0.08935663147558873,-4.8240085102060615,0.008160839793938557,0.008160839793938557,0.008160839793938168,0.008160839793938168,23,324000,1123,backbone_ridge
bulk_to_interface,Ti64,,Ti64,400.0,-4.83216935,-4.517222829308743,-0.2175700860176496,-0.0973764346736075,-0.08883894727330749,-4.8236318625997,0.008537487400300137,0.008537487400300137,0.008537487400300012,0.008537487400300012,24,325000,1124,backbone_ridge
bulk_to_interface,Ti64,,Ti64,400.0,-4.83216935,-4.517182288903265,-0.2175700860176496,-0.0974169750790855,-0.08916374676503133,-4.823916121685945,0.008253228314054617,0.008253228314054617,0.008253228314054173,0.008253228314054173,25,326000,1125,backbone_ridge
bulk_to_interface,Ti64,,Ti64,400.0,-4.83216935,-4.517169655922797,-0.2175700860176496,-0.0974296080595534,-0.0886326681305707,-4.823372410071017,0.008796939928982894,0.008796939928982894,0.0087969399289827,0.0087969399289827,26,327000,1126,backbone_ridge
bulk_to_interface,Ti64,,Ti64,400.0,-4.83216935,-4.517334724621161,-0.2175700860176496,-0.0972645393611891,-0.08894921955294242,-4.823854030191753,0.008315319808247068,0.008315319808247068,0.00831531980824668,0.00831531980824668,27,328000,1127,backbone_ridge
bulk_to_interface,Ti64,,Ti64,400.0,-4.83216935,-4.517061798483667,-0.2175700860176496,-0.0975374654986837,-0.08936418017239162,-4.8239960646737075,0.008173285326292579,0.008173285326292579,0.008173285326292079,0.008173285326292079,28,329000,1128,backbone_ridge
bulk_to_interface,Ti64,,Ti64,400.0,-4.83216935,-4.517258910588954,-0.2175700860176496,-0.0973403533933968,-0.08922487073529965,-4.8240538673419024,0.008115482658097584,0.008115482658097584,0.008115482658097153,0.008115482658097153,29,330000,1129,backbone_ridge
bulk_to_interface,Ti64,,Ti64,400.0,-4.83216935,-4.517198175910514,-0.2175700860176496,-0.0974010880718362,-0.08891512928569655,-4.82368339121386,0.008485958786139669,0.008485958786139669,0.008485958786139655,0.008485958786139655,30,331000,1130,backbone_ridge
bulk_to_interface,Ti64,,Ti64,400.0,-4.83216935,-4.517101372876311,-0.2175700860176496,-0.097497891106039,-0.08897380773710274,-4.823645266631064,0.008524083368936175,0.008524083368936175,0.008524083368936258,0.008524083368936258,31,332000,1131,backbone_ridge
bulk_to_interface,Ti64,,Ti64,400.0,-4.83216935,-4.517205861163246,-0.2175700860176496,-0.0973934028191042,-0.08911781185726388,-4.823893759038159,0.008275590961840606,0.008275590961840606,0.008275590961840329,0.008275590961840329,32,333000,1132,backbone_ridge
bulk_to_interface,Ti64,,Ti64,400.0,-4.83216935,-4.517167039723954,-0.2175700860176496,-0.0974322242583968,-0.08904757094371979,-4.823784696685323,0.008384653314677415,0.008384653314677415,0.008384653314677012,0.008384653314677012,33,334000,1133,backbone_ridge
bulk_to_interface,Ti64,,Ti64,400.0,-4.83216935,-4.517115218906072,-0.2175700860176496,-0.097484045076278,-0.08912478811535243,-4.823810093039074,0.008359256960925876,0.008359256960925876,0.00835925696092557,0.00835925696092557,34,335000,1134,backbone_ridge
bulk_to_interface,Ti64,,Ti64,400.0,-4.83216935,-4.516926451172027,-0.2175700860176496,-0.0976728128103238,-0.08910868941366809,-4.823605226603344,0.008564123396656242,0.008564123396656242,0.008564123396655715,0.008564123396655715,35,336000,1135,backbone_ridge
bulk_to_interface,Ti64,,Ti64,400.0,-4.83216935,-4.517253011555943,-0.2175700860176496,-0.0973462524264073,-0.08825988661971064,-4.823082984193303,0.009086365806696861,0.009086365806696861,0.009086365806696667,0.009086365806696667,36,337000,1136,backbone_ridge
bulk_to_interface,Ti64,,Ti64,400.0,-4.83216935,-4.5173425367850575,-0.2175700860176496,-0.0972567271972929,-0.08867350027050866,-4.823586123073215,0.008583226926784704,0.008583226926784704,0.008583226926784246,0.008583226926784246,37,338000,1137,backbone_ridge
bulk_to_interface,Ti64,,Ti64,400.0,-4.83216935,-4.51708404606407,-0.2175700860176496,-0.09751521791828,-0.0887366673703926,-4.823390799452112,0.008778550547887676,0.008778550547887676,0.008778550547887398,0.008778550547887398,38,339000,1138,backbone_ridge
bulk_to_interface,Ti64,,Ti64,400.0,-4.83216935,-4.517116772408336,-0.2175700860176496,-0.0974824915740143,-0.0890516390341661,-4.823738497460152,0.00843085253984821,0.00843085253984821,0.008430852539848196,0.008430852539848196,39,340000,1139,backbone_ridge
bulk_to_interface,Ti64,,Ti64,400.0,-4.83216935,-4.517070781802328,-0.2175700860176496,-0.0975284821800223,-0.08906826086923654,-4.823709128689214,0.008460221310786054,0.008460221310786054,0.008460221310785762,0.008460221310785762,40,341000,1140,backbone_ridge
bulk_to_interface,Ti64,,Ti64,400.0,-4.83216935,-4.517074312831503,-0.2175700860176496,-0.0975249511508474,-0.088848502116033,-4.823492900965185,0.008676449034815015,0.008676449034815015,0.008676449034814404,0.008676449034814404,41,342000,1141,backbone_ridge
bulk_to_interface,Ti64,,Ti64,400.0,-4.83216935,-4.517249570098611,-0.2175700860176496,-0.0973496938837398,-0.08879144632345204,-4.8236111024397115,0.008558247560288557,0.008558247560288557,0.008558247560287766,0.008558247560287766,42,343000,1142,backbone_ridge
bulk_to_interface,Ti64,,Ti64,400.0,-4.83216935,-4.516954873304522,-0.2175700860176496,-0.0976443906778282,-0.08915549024848196,-4.823680449570653,0.008488900429346913,0.008488900429346913,0.008488900429346233,0.008488900429346233,43,344000,1143,backbone_ridge
bulk_to_interface,Ti64,,Ti64,400.0,-4.83216935,-4.517148718325079,-0.2175700860176496,-0.0974505456572712,-0.08898291168235409,-4.823701716025083,0.008467633974917455,0.008467633974917455,0.008467633974917108,0.008467633974917108,44,345000,1144,backbone_ridge
bulk_to_interface,Ti64,,Ti64,400.0,-4.83216935,-4.517072591784405,-0.2175700860176496,-0.0975266721979452,-0.08942256595184417,-4.824065243753899,0.00810410624610114,0.00810410624610114,0.008104106246101028,0.008104106246101028,45,346000,1145,backbone_ridge
bulk_to_interface,Ti64,,Ti64,400.0,-4.83216935,-4.517334539980743,-0.2175700860176496,-0.0972647240016076,-0.08867952176258447,-4.823584147760976,0.008585202239023815,0.008585202239023815,0.008585202239023135,0.008585202239023135,46,347000,1146,backbone_ridge
bulk_to_interface,Ti64,,Ti64,400.0,-4.83216935,-4.516982610029527,-0.2175700860176496,-0.0976166539528234,-0.08914174070604065,-4.823694436753217,0.008474913246782734,0.008474913246782734,0.008474913246782748,0.008474913246782748,47,348000,1147,backbone_ridge
bulk_to_interface,Ti64,,Ti64,400.0,-4.83216935,-4.517315310619122,-0.2175700860176496,-0.097283953363228,-0.08868539502382976,-4.823570791660601,0.00859855833939882,0.00859855833939882,0.008598558339398238,0.008598558339398238,48,349000,1148,backbone_ridge
bulk_to_interface,Ti64,,Ti64,400.0,-4.83216935,-4.517338464930552,-0.2175700860176496,-0.097260799051798,-0.08863313422985761,-4.823541685178059,0.008627664821941217,0.008627664821941217,0.008627664821940398,0.008627664821940398,49,350000,1149,backbone_ridge
bulk_to_interface,Ti64,,Ti64,400.0,-4.83216935,-4.517098907608489,-0.2175700860176496,-0.0975003563738617,-0.08890525030937002,-4.823574243935508,0.008595106064491986,0.008595106064491986,0.008595106064491681,0.008595106064491681,50,351000,1150,backbone_ridge
bulk_to_interface,Ti64,,Ti64,400.0,-4.83216935,-4.516859553266303,-0.2175700860176496,-0.0977397107160472,-0.08865074505541051,-4.823080384339363,0.009088965660636994,0.009088965660636994,0.009088965660636689,0.009088965660636689,51,352000,1151,backbone_ridge
bulk_to_interface,Ti64,,Ti64,400.0,-4.83216935,-4.517105196098485,-0.2175700860176496,-0.0974940678838655,-0.08881480755459109,-4.823490089670726,0.008679260329274463,0.008679260329274463,0.008679260329274407,0.008679260329274407,52,353000,1152,backbone_ridge
bulk_to_interface,Ti64,,Ti64,400.0,-4.83216935,-4.517152257332313,-0.2175700860176496,-0.0974470066500373,-0.08929717222925014,-4.824019515579212,0.008149834420787982,0.008149834420787982,0.008149834420787164,0.008149834420787164,53,354000,1153,backbone_ridge
bulk_to_interface,Ti64,,Ti64,400.0,-4.83216935,-4.517203514612882,-0.2175700860176496,-0.097395749369468,-0.08922047710445127,-4.823994077734983,0.008175272265017242,0.008175272265017242,0.008175272265016728,0.008175272265016728,54,355000,1154,backbone_ridge
bulk_to_interface,Ti64,,Ti64,400.0,-4.83216935,-4.516961709161897,-0.2175700860176496,-0.097637554820453,-0.08904212821838817,-4.823573923397935,0.00859542660206536,0.00859542660206536,0.008595426602064832,0.008595426602064832,55,356000,1155,backbone_ridge
bulk_to_interface,Ti64,,Ti64,400.0,-4.83216935,-4.517027498624945,-0.2175700860176496,-0.0975717653574058,-0.08912228224663483,-4.8237198668892285,0.008449483110771538,0.008449483110771538,0.00844948311077097,0.00844948311077097,56,357000,1156,backbone_ridge
bulk_to_interface,Ti64,,Ti64,400.0,-4.83216935,-4.5172484275977265,-0.2175700860176496,-0.0973508363846239,-0.0890216204887455,-4.823840134104121,0.008329215895878761,0.008329215895878761,0.0083292158958784,0.0083292158958784,57,358000,1157,backbone_ridge
bulk_to_interface,Ti64,,Ti64,400.0,-4.83216935,-4.517088457632413,-0.2175700860176496,-0.0975108063499373,-0.08885750096284054,-4.823516044612903,0.008653305387096744,0.008653305387096744,0.008653305387096771,0.008653305387096771,58,359000,1158,backbone_ridge
bulk_to_interface,Ti64,,Ti64,400.0,-4.83216935,-4.51711134024459,-0.2175700860176496,-0.0974879237377607,-0.08930349591278572,-4.823984922175025,0.008184427824975415,0.008184427824975415,0.008184427824974985,0.008184427824974985,59,360000,1159,backbone_ridge
bulk_to_interface,Ti64,,Ti64,400.0,-4.83216935,-4.517261093712478,-0.2175700860176496,-0.0973381702698722,-0.08927943101528087,-4.824110610745408,0.008058739254591885,0.008058739254591885,0.00805873925459133,0.00805873925459133,60,361000,1160,backbone_ridge
bulk_to_interface,Ti64,,Ti64,400.0,-4.83216935,-4.516976838906223,-0.2175700860176496,-0.0976224250761271,-0.08925692155829433,-4.823803846482167,0.008365503517833162,0.008365503517833162,0.008365503517832773,0.008365503517832773,61,362000,1161,backbone_ridge
bulk_to_interface,Ti64,,Ti64,400.0,-4.83216935,-4.517154922610284,-0.2175700860176496,-0.0974443413720665,-0.08893290327353319,-4.823657911901466,0.00851143809853383,0.00851143809853383,0.008511438098533317,0.008511438098533317,62,363000,1162,backbone_ridge
bulk_to_interface,Ti64,,Ti64,400.0,-4.83216935,-4.516943644123508,-0.2175700860176496,-0.0976556198588426,-0.08888550401040837,-4.823399234151565,0.008770115848435012,0.008770115848435012,0.00877011584843422,0.00877011584843422,63,364000,1163,backbone_ridge
bulk_to_interface,Ti64,,Ti64,400.0,-4.83216935,-4.517042509989023,-0.2175700860176496,-0.0975567539933278,-0.08905084349563683,-4.823663439502309,0.008505910497691005,0.008505910497691005,0.008505910497690977,0.008505910497690977,64,365000,1164,backbone_ridge
bulk_to_interface,Ti64,,Ti64,400.0,-4.83216935,-4.516973295361964,-0.2175700860176496,-0.097625968620386,-0.08955381257104787,-4.824097193950662,0.008072156049338197,0.008072156049338197,0.008072156049338128,0.008072156049338128,65,366000,1165,backbone_ridge
bulk_to_interface,Ti64,,Ti64,400.0,-4.83216935,-4.51700831305105,-0.2175700860176496,-0.0975909509313007,-0.08962684865684249,-4.8242052477255415,0.00796410227445854,0.00796410227445854,0.007964102274458207,0.007964102274458207,66,367000,1166,backbone_ridge
bulk_to_interface,Ti64,,Ti64,400.0,-4.83216935,-4.517253912467822,-0.2175700860176496,-0.097345351514528,-0.08913560730706079,-4.823959605792532,0.008209744207468006,0.008209744207468006,0.008209744207467215,0.008209744207467215,67,368000,1167,backbone_ridge
bulk_to_interface,Ti64,,Ti64,400.0,-4.83216935,-4.517236429233418,-0.2175700860176496,-0.0973628347489322,-0.08925080873535986,-4.824057323986428,0.008112026013572304,0.008112026013572304,0.008112026013572346,0.008112026013572346,68,369000,1168,backbone_ridge
bulk_to_interface,Ti64,,Ti64,400.0,-4.83216935,-4.516907850911688,-0.2175700860176496,-0.0976914130706628,-0.08968791005909951,-4.8241658469884365,0.008003503011563495,0.008003503011563495,0.008003503011563287,0.008003503011563287,69,370000,1169,backbone_ridge
bulk_to_interface,Ti64,,Ti64,400.0,-4.83216935,-4.517035622325685,-0.2175700860176496,-0.0975636416566653,-0.08937962494888174,-4.8239853332922165,0.00818401670778357,0.00818401670778357,0.008184016707783556,0.008184016707783556,70,371000,1170,backbone_ridge
bulk_to_interface,Ti64,,Ti64,400.0,-4.83216935,-4.517243376267374,-0.2175700860176496,-0.0973558877149761,-0.08895202062378312,-4.823765482908807,0.008403867091193007,0.008403867091193007,0.00840386709119298,0.00840386709119298,71,372000,1171,backbone_ridge
bulk_to_interface,Ti64,,Ti64,400.0,-4.83216935,-4.5169657672768935,-0.2175700860176496,-0.0976334967054569,-0.08990259312483315,-4.824438446419376,0.0077309035806241155,0.0077309035806241155,0.007730903580623755,0.007730903580623755,72,373000,1172,backbone_ridge
bulk_to_interface,Ti64,,Ti64,400.0,-4.83216935,-4.517055583327447,-0.2175700860176496,-0.0975436806549036,-0.08911719313597992,-4.823742862481076,0.008426487518923942,0.008426487518923942,0.008426487518923678,0.008426487518923678,73,374000,1173,backbone_ridge
bulk_to_interface,Ti64,,Ti64,400.0,-4.83216935,-4.517112916743554,-0.2175700860176496,-0.0974863472387964,-0.08912424213664193,-4.8238072448978455,0.008362105102154516,0.008362105102154516,0.008362105102154474,0.008362105102154474,74,375000,1174,backbone_ridge
bulk_to_interface,Ti64,,Ti64,400.0,-4.83216935,-4.517130124765546,-0.2175700860176496,-0.0974691392168042,-0.08955412545398109,-4.824254336237177,0.007915013762823442,0.007915013762823442,0.007915013762823109,0.007915013762823109,75,376000,1175,backbone_ridge
bulk_to_interface,Ti64,,Ti64,400.0,-4.83216935,-4.517148270303737,-0.2175700860176496,-0.0974509936786131,-0.08945378327746253,-4.824172139598849,0.0079972104011512,0.0079972104011512,0.007997210401150562,0.007997210401150562,76,377000,1176,backbone_ridge
bulk_to_interface,Ti64,,Ti64,400.0,-4.83216935,-4.5172425046505715,-0.2175700860176496,-0.0973567593317789,-0.08861255787126801,-4.823425148539489,0.00874420146051147,0.00874420146051147,0.008744201460510886,0.008744201460510886,77,378000,1177,backbone_ridge
bulk_to_interface,Ti64,,Ti64,400.0,-4.83216935,-4.51722386890169,-0.2175700860176496,-0.0973753950806607,-0.0887663081069056,-4.823560263026245,0.008609086973755176,0.008609086973755176,0.008609086973755106,0.008609086973755106,78,379000,1178,backbone_ridge
bulk_to_interface,Ti64,,Ti64,400.0,-4.83216935,-4.5169704577827545,-0.2175700860176496,-0.0976288061995959,-0.08878719156889607,-4.8233277353693,0.008841614630700434,0.008841614630700434,0.008841614630699823,0.008841614630699823,79,380000,1179,backbone_ridge
bulk_to_interface,Ti64,,Ti64,400.0,-4.83216935,-4.517000063687618,-0.2175700860176496,-0.0975992002947322,-0.08870574280287528,-4.823275892508143,0.008893457491857326,0.008893457491857326,0.00889345749185691,0.00889345749185691,80,381000,1180,backbone_ridge
bulk_to_interface,Ti64,,Ti64,400.0,-4.83216935,-4.517198052172158,-0.2175700860176496,-0.0974012118101926,-0.0890971737017936,-4.8238653118916,0.008304038108399858,0.008304038108399858,0.008304038108398998,0.008304038108398998,81,382000,1181,backbone_ridge
bulk_to_interface,Ti64,,Ti64,400.0,-4.83216935,-4.517288675199828,-0.2175700860176496,-0.0973105887825221,-0.08904124421150278,-4.82390000542898,0.00826934457102002,0.00826934457102002,0.008269344571019327,0.008269344571019327,82,383000,1182,backbone_ridge
bulk_to_interface,Ti64,,Ti64,400.0,-4.83216935,-4.517172409633688,-0.2175700860176496,-0.0974268543486621,-0.08890393217611561,-4.823646427827454,0.008522922172546465,0.008522922172546465,0.008522922172546493,0.008522922172546493,83,384000,1183,backbone_ridge
bulk_to_interface,Ti64,,Ti64,400.0,-4.83216935,-4.517237501566196,-0.2175700860176496,-0.0973617624161541,-0.08905506670852442,-4.82386265429237,0.008306695707630318,0.008306695707630318,0.00830669570762968,0.00830669570762968,84,385000,1184,backbone_ridge
bulk_to_interface,Ti64,,Ti64,400.0,-4.83216935,-4.516799106647463,-0.2175700860176496,-0.0978001573348873,-0.08906673014469117,-4.823435922809804,0.00873342719019643,0.00873342719019643,0.008733427190196125,0.008733427190196125,85,386000,1185,backbone_ridge
bulk_to_interface,Ti64,,Ti64,400.0,-4.83216935,-4.517073721483074,-0.2175700860176496,-0.0975255424992763,-0.08911334128034619,-4.82375714878107,0.00841220121893027,0.00841220121893027,0.008412201218930104,0.008412201218930104,86,387000,1186,backbone_ridge
bulk_to_interface,Ti64,,Ti64,400.0,-4.83216935,-4.517009817717486,-0.2175700860176496,-0.0975894462648639,-0.08929039601705419,-4.82387029975219,0.008299050247810413,0.008299050247810413,0.00829905024780972,0.00829905024780972,87,388000,1187,backbone_ridge
bulk_to_interface,Ti64,,Ti64,400.0,-4.83216935,-4.516910582910134,-0.2175700860176496,-0.0976886810722167,-0.08930777230050294,-4.823788441228286,0.008380908771713713,0.008380908771713713,0.008380908771713769,0.008380908771713769,88,389000,1188,backbone_ridge
bulk_to_interface,Ti64,,Ti64,400.0,-4.83216935,-4.517262520648084,-0.2175700860176496,-0.0973367433342661,-0.08895806413293583,-4.82379067079867,0.008378679201330286,0.008378679201330286,0.008378679201330272,0.008378679201330272,89,390000,1189,backbone_ridge
bulk_to_interface,Ti64,,Ti64,400.0,-4.83216935,-4.517142453482664,-0.2175700860176496,-0.0974568104996868,-0.08893340878126148,-4.823645948281574,0.008523401718425916,0.008523401718425916,0.008523401718425319,0.008523401718425319,90,391000,1190,backbone_ridge
bulk_to_interface,Ti64,,Ti64,400.0,-4.83216935,-4.5172418388544475,-0.2175700860176496,-0.0973574251279029,-0.08892455454171658,-4.823736479413814,0.008432870586186247,0.008432870586186247,0.008432870586186317,0.008432870586186317,91,392000,1191,backbone_ridge
bulk_to_interface,Ti64,,Ti64,400.0,-4.83216935,-4.517219378241164,-0.2175700860176496,-0.0973798857411868,-0.08872953370767803,-4.823518997966491,0.008650352033509279,0.008650352033509279,0.008650352033508779,0.008650352033508779,92,393000,1192,backbone_ridge
bulk_to_interface,Ti64,,Ti64,400.0,-4.83216935,-4.5172458681261665,-0.2175700860176496,-0.0973533958561839,-0.08840161289845684,-4.823217567042272,0.008951782957727694,0.008951782957727694,0.008951782957727056,0.008951782957727056,93,394000,1193,backbone_ridge
bulk_to_interface,Ti64,,Ti64,400.0,-4.83216935,-4.517427195153643,-0.2175700860176496,-0.0971720688287073,-0.08896218121291519,-4.823959462384208,0.008209887615792333,0.008209887615792333,0.00820988761579211,0.00820988761579211,94,395000,1194,backbone_ridge
bulk_to_interface,Ti64,,Ti64,400.0,-4.83216935,-4.517239529104813,-0.2175700860176496,-0.0973597348775371,-0.08929030005663557,-4.824099915179098,0.008069434820901833,0.008069434820901833,0.008069434820901528,0.008069434820901528,95,396000,1195,backbone_ridge
bulk_to_interface,Ti64,,Ti64,400.0,-4.83216935,-4.517250309812386,-0.2175700860176496,-0.0973489541699642,-0.08951609696146155,-4.824336492791497,0.007832857208502908,0.007832857208502908,0.007832857208502644,0.007832857208502644,96,397000,1196,backbone_ridge
bulk_to_interface,Ti64,,Ti64,400.0,-4.83216935,-4.51744722115006,-0.2175700860176496,-0.0971520428322906,-0.08924761035665661,-4.824264917524365,0.00790443247563477,0.00790443247563477,0.007904432475633993,0.007904432475633993,97,398000,1197,backbone_ridge
bulk_to_interface,Ti64,,Ti64,400.0,-4.83216935,-4.517075824669363,-0.2175700860176496,-0.0975234393129872,-0.08917364009769378,-4.823819550784706,0.008349799215293885,0.008349799215293885,0.008349799215293413,0.008349799215293413,98,399000,1198,backbone_ridge
bulk_to_interface,Ti64,,Ti64,400.0,-4.83216935,-4.517184042748385,-0.2175700860176496,-0.0974152212339657,-0.08921999918815432,-4.823974127954188,0.00819522204581169,0.00819522204581169,0.008195222045811384,0.008195222045811384,99,400000,1199,backbone_ridge
bulk_to_interface,Ti64,,Ti64,500.0,-4.87341393,-4.455851308941744,-0.2175700860176496,-0.1999925350406061,-0.18217195543091566,-4.8555933503903095,0.017820579609690412,0.017820579609690412,0.01782057960969044,0.01782057960969044,0,301000,1200,backbone_ridge
bulk_to_interface,Ti64,,Ti64,500.0,-4.87341393,-4.455933482149978,-0.2175700860176496,-0.1999103618323726,-0.1825042416995534,-4.85600780986718,0.017406120132819503,0.017406120132819503,0.017406120132819197,0.017406120132819197,1,302000,1201,backbone_ridge
bulk_to_interface,Ti64,,Ti64,500.0,-4.87341393,-4.455557132449817,-0.2175700860176496,-0.2002867115325332,-0.18230144106781235,-4.855428659535279,0.017985270464721204,0.017985270464721204,0.017985270464720843,0.017985270464720843,2,303000,1202,backbone_ridge
bulk_to_interface,Ti64,,Ti64,500.0,-4.87341393,-4.455577847759414,-0.2175700860176496,-0.2002659962229366,-0.1828320058730484,-4.855979939650111,0.017433990349888795,0.017433990349888795,0.017433990349888184,0.017433990349888184,3,304000,1203,backbone_ridge
bulk_to_interface,Ti64,,Ti64,500.0,-4.87341393,-4.455728645821455,-0.2175700860176496,-0.2001151981608956,-0.1822215638123152,-4.855520295651419,0.01789363434858071,0.01789363434858071,0.017893634348580406,0.017893634348580406,4,305000,1204,backbone_ridge
bulk_to_interface,Ti64,,Ti64,500.0,-4.87341393,-4.455595530078304,-0.2175700860176496,-0.2002483139040466,-0.18307456584183115,-4.8562401819377845,0.017173748062215388,0.017173748062215388,0.017173748062215444,0.017173748062215444,5,306000,1205,backbone_ridge
bulk_to_interface,Ti64,,Ti64,500.0,-4.87341393,-4.455424497721268,-0.2175700860176496,-0.2004193462610827,-0.18248172691233777,-4.855476310651254,0.017937619348745493,0.017937619348745493,0.017937619348744938,0.017937619348744938,6,307000,1206,backbone_ridge
bulk_to_interface,Ti64,,Ti64,500.0,-4.87341393,-4.455919408022259,-0.2175700860176496,-0.199924435960091,-0.18208851716965077,-4.855578011209559,0.017835918790440886,0.017835918790440886,0.01783591879044022,0.01783591879044022,7,308000,1207,backbone_ridge
bulk_to_interface,Ti64,,Ti64,500.0,-4.87341393,-4.455912289278178,-0.2175700860176496,-0.1999315547041723,-0.18230883307820928,-4.855791208374036,0.017622721625963678,0.017622721625963678,0.01762272162596301,0.01762272162596301,8,309000,1208,backbone_ridge
bulk_to_interface,Ti64,,Ti64,500.0,-4.87341393,-4.455838765224476,-0.2175700860176496,-0.2000050787578745,-0.18201606584313243,-4.855424917085258,0.017989012914742197,0.017989012914742197,0.01798901291474206,0.01798901291474206,9,310000,1209,backbone_ridge
bulk_to_interface,Ti64,,Ti64,500.0,-4.87341393,-4.456039493189652,-0.2175700860176496,-0.1998043507926979,-0.1819519432386958,-4.855561522445997,0.017852407554002525,0.017852407554002525,0.01785240755400211,0.01785240755400211,10,311000,1210,backbone_ridge
bulk_to_interface,Ti64,,Ti64,500.0,-4.87341393,-4.455784239693556,-0.2175700860176496,-0.2000596042887942,-0.18175071604306559,-4.855105041754271,0.01830888824572874,0.01830888824572874,0.018308888245728627,0.018308888245728627,11,312000,1211,backbone_ridge
bulk_to_interface,Ti64,,Ti64,500.0,-4.87341393,-4.455580091731042,-0.2175700860176496,-0.2002637522513085,-0.1820699049115187,-4.855220082660209,0.01819384733979046,0.01819384733979046,0.018193847339789793,0.018193847339789793,12,313000,1212,backbone_ridge
bulk_to_interface,Ti64,,Ti64,500.0,-4.87341393,-4.455620758796351,-0.2175700860176496,-0.2002230851859995,-0.18201873871769045,-4.855209583531691,0.01820434646830904,0.01820434646830904,0.01820434646830904,0.01820434646830904,13,314000,1213,backbone_ridge
bulk_to_interface,Ti64,,Ti64,500.0,-4.87341393,-4.455790641739687,-0.2175700860176496,-0.2000532022426636,-0.18225267023632383,-4.855613397993659,0.017800532006340575,0.017800532006340575,0.01780053200633977,0.01780053200633977,14,315000,1214,backbone_ridge
bulk_to_interface,Ti64,,Ti64,500.0,-4.87341393,-4.455956286532106,-0.2175700860176496,-0.1998875574502442,-0.18262285896014602,-4.856149231509901,0.017264698490098596,0.017264698490098596,0.01726469849009818,0.01726469849009818,15,316000,1215,backbone_ridge
bulk_to_interface,Ti64,,Ti64,500.0,-4.87341393,-4.456141829064061,-0.2175700860176496,-0.1997020149182896,-0.18209796291990588,-4.855809878001616,0.017604051998383774,0.017604051998383774,0.01760405199838372,0.01760405199838372,16,317000,1216,backbone_ridge
bulk_to_interface,Ti64,,Ti64,500.0,-4.87341393,-4.456081650368294,-0.2175700860176496,-0.1997621936140566,-0.1820124639305151,-4.855664200316458,0.01774972968354227,0.01774972968354227,0.017749729683541493,0.017749729683541493,17,318000,1217,backbone_ridge
bulk_to_interface,Ti64,,Ti64,500.0,-4.87341393,-4.4560045880287635,-0.2175700860176496,-0.1998392559535867,-0.1822487286008095,-4.855823402647222,0.017590527352777663,0.017590527352777663,0.01759052735277719,0.01759052735277719,18,319000,1218,backbone_ridge
bulk_to_interface,Ti64,,Ti64,500.0,-4.87341393,-4.455697379375127,-0.2175700860176496,-0.2001464646072236,-0.18272878498963144,-4.8559962503824075,0.01741767961759244,0.01741767961759244,0.017417679617592163,0.017417679617592163,19,320000,1219,backbone_ridge
bulk_to_interface,Ti64,,Ti64,500.0,-4.87341393,-4.455538726263313,-0.2175700860176496,-0.200305117719037,-0.18249746361967858,-4.855606275900641,0.017807654099359027,0.017807654099359027,0.017807654099358416,0.017807654099358416,20,321000,1220,backbone_ridge
bulk_to_interface,Ti64,,Ti64,500.0,-4.87341393,-4.455645466180262,-0.2175700860176496,-0.2001983778020882,-0.18239004050121158,-4.855605592699123,0.01780833730087661,0.01780833730087661,0.017808337300876637,0.017808337300876637,21,322000,1221,backbone_ridge
bulk_to_interface,Ti64,,Ti64,500.0,-4.87341393,-4.455852620911471,-0.2175700860176496,-0.1999912230708794,-0.18299774267863864,-4.856420449607759,0.01699348039224091,0.01699348039224091,0.016993480392240773,0.016993480392240773,22,323000,1222,backbone_ridge
bulk_to_interface,Ti64,,Ti64,500.0,-4.87341393,-4.455788518720345,-0.2175700860176496,-0.2000553252620053,-0.1830381086839143,-4.856396713421908,0.01701721657809152,0.01701721657809152,0.01701721657809102,0.01701721657809102,23,324000,1223,backbone_ridge
bulk_to_interface,Ti64,,Ti64,500.0,-4.87341393,-4.455781331338746,-0.2175700860176496,-0.2000625126436045,-0.18260420254156665,-4.855955619897962,0.0174583101020378,0.0174583101020378,0.017458310102037855,0.017458310102037855,24,325000,1224,backbone_ridge
bulk_to_interface,Ti64,,Ti64,500.0,-4.87341393,-4.4557262592158775,-0.2175700860176496,-0.2001175847664728,-0.18272202254237582,-4.856018367775903,0.017395562224097105,0.017395562224097105,0.017395562224096967,0.017395562224096967,25,326000,1225,backbone_ridge
bulk_to_interface,Ti64,,Ti64,500.0,-4.87341393,-4.455724412310402,-0.2175700860176496,-0.2001194316719484,-0.18226605751994068,-4.855560555847992,0.017853374152007717,0.017853374152007717,0.017853374152007717,0.017853374152007717,26,327000,1226,backbone_ridge
bulk_to_interface,Ti64,,Ti64,500.0,-4.87341393,-4.456004170871184,-0.2175700860176496,-0.1998396731111663,-0.1816617179099934,-4.855235974798827,0.018177955201172935,0.018177955201172935,0.018177955201172907,0.018177955201172907,27,328000,1227,backbone_ridge
bulk_to_interface,Ti64,,Ti64,500.0,-4.87341393,-4.455718613400749,-0.2175700860176496,-0.2001252305816013,-0.18223628436429223,-4.855524983782691,0.017888946217309076,0.017888946217309076,0.017888946217309076,0.017888946217309076,28,329000,1228,backbone_ridge
bulk_to_interface,Ti64,,Ti64,500.0,-4.87341393,-4.456003470499389,-0.2175700860176496,-0.1998403734829615,-0.1823926540887596,-4.855966210605797,0.017447719394202643,0.017447719394202643,0.017447719394201894,0.017447719394201894,29,330000,1229,backbone_ridge
bulk_to_interface,Ti64,,Ti64,500.0,-4.87341393,-4.455778217287905,-0.2175700860176496,-0.2000656266944457,-0.18246307310552826,-4.855811376411082,0.017602553588917935,0.017602553588917935,0.017602553588917436,0.017602553588917436,30,331000,1230,backbone_ridge
bulk_to_interface,Ti64,,Ti64,500.0,-4.87341393,-4.455859175735309,-0.2175700860176496,-0.1999846682470411,-0.18239773912752744,-4.855827000880486,0.017586929119514316,0.017586929119514316,0.01758692911951365,0.01758692911951365,31,332000,1231,backbone_ridge
bulk_to_interface,Ti64,,Ti64,500.0,-4.87341393,-4.455898992869629,-0.2175700860176496,-0.1999448511127216,-0.1825514767140384,-4.856020555601316,0.017393374398683825,0.017393374398683825,0.017393374398683187,0.017393374398683187,32,333000,1232,backbone_ridge
bulk_to_interface,Ti64,,Ti64,500.0,-4.87341393,-4.455672131778098,-0.2175700860176496,-0.2001717122042526,-0.182268301850205,-4.855510519645952,0.017903410354048077,0.017903410354048077,0.017903410354047578,0.017903410354047578,33,334000,1233,backbone_ridge
bulk_to_interface,Ti64,,Ti64,500.0,-4.87341393,-4.455863414275192,-0.2175700860176496,-0.1999804297071584,-0.18230028162513098,-4.855733781917972,0.01768014808202789,0.01768014808202789,0.01768014808202742,0.01768014808202742,34,335000,1234,backbone_ridge
bulk_to_interface,Ti64,,Ti64,500.0,-4.87341393,-4.456138095748362,-0.2175700860176496,-0.199705748233988,-0.18188457023017207,-4.855592751996183,0.017821178003816662,0.017821178003816662,0.01782117800381594,0.01782117800381594,35,336000,1235,backbone_ridge
bulk_to_interface,Ti64,,Ti64,500.0,-4.87341393,-4.455859362921668,-0.2175700860176496,-0.1999844810606822,-0.18185419368513497,-4.855283642624452,0.01813028737554756,0.01813028737554756,0.018130287375547227,0.018130287375547227,36,337000,1236,backbone_ridge
bulk_to_interface,Ti64,,Ti64,500.0,-4.87341393,-4.455664817742629,-0.2175700860176496,-0.2001790262397215,-0.1821440996203767,-4.855379003380655,0.018034926619344915,0.018034926619344915,0.018034926619344804,0.018034926619344804,37,338000,1237,backbone_ridge
bulk_to_interface,Ti64,,Ti64,500.0,-4.87341393,-4.45589604982642,-0.2175700860176496,-0.1999477941559299,-0.18228606615236442,-4.8557522019964345,0.017661728003565358,0.017661728003565358,0.01766172800356547,0.01766172800356547,38,339000,1238,backbone_ridge
bulk_to_interface,Ti64,,Ti64,500.0,-4.87341393,-4.45593164660695,-0.2175700860176496,-0.1999121973754004,-0.1827256727015883,-4.856227405326187,0.017186524673812542,0.017186524673812542,0.017186524673812098,0.017186524673812098,39,340000,1239,backbone_ridge
bulk_to_interface,Ti64,,Ti64,500.0,-4.87341393,-4.455882847650408,-0.2175700860176496,-0.1999609963319418,-0.18248611450907393,-4.855939048177132,0.01747488182286805,0.01747488182286805,0.017474881822867883,0.017474881822867883,40,341000,1240,backbone_ridge
bulk_to_interface,Ti64,,Ti64,500.0,-4.87341393,-4.456033733248135,-0.2175700860176496,-0.1998101107342155,-0.1821323007299456,-4.85573611999573,0.017677810004269823,0.017677810004269823,0.017677810004269906,0.017677810004269906,41,342000,1241,backbone_ridge
bulk_to_interface,Ti64,,Ti64,500.0,-4.87341393,-4.455715732095016,-0.2175700860176496,-0.200128111887334,-0.18208790141413442,-4.8553737195268,0.018040210473199814,0.018040210473199814,0.01804021047319959,0.01804021047319959,42,343000,1242,backbone_ridge
bulk_to_interface,Ti64,,Ti64,500.0,-4.87341393,-4.455993696737068,-0.2175700860176496,-0.1998501472452819,-0.1821828165370646,-4.855746599291782,0.017667330708217577,0.017667330708217577,0.0176673307082173,0.0176673307082173,43,344000,1243,backbone_ridge
bulk_to_interface,Ti64,,Ti64,500.0,-4.87341393,-4.455984511166166,-0.2175700860176496,-0.199859332816184,-0.18223373189199837,-4.855788329075814,0.017625600924185747,0.017625600924185747,0.017625600924185636,0.017625600924185636,44,345000,1244,backbone_ridge
bulk_to_interface,Ti64,,Ti64,500.0,-4.87341393,-4.4557509199694945,-0.2175700860176496,-0.2000929240128558,-0.18168698851237813,-4.8550079944995215,0.01840593550047842,0.01840593550047842,0.01840593550047767,0.01840593550047767,45,346000,1245,backbone_ridge
bulk_to_interface,Ti64,,Ti64,500.0,-4.87341393,-4.455858074534393,-0.2175700860176496,-0.1999857694479573,-0.1815403303244239,-4.854968490876466,0.018445439123533802,0.018445439123533802,0.018445439123533386,0.018445439123533386,46,347000,1246,backbone_ridge
bulk_to_interface,Ti64,,Ti64,500.0,-4.87341393,-4.456190874147348,-0.2175700860176496,-0.1996529698350025,-0.18195270144342263,-4.855713661608419,0.017700268391580565,0.017700268391580565,0.01770026839157987,0.01770026839157987,47,348000,1247,backbone_ridge
bulk_to_interface,Ti64,,Ti64,500.0,-4.87341393,-4.455930366551279,-0.2175700860176496,-0.1999134774310716,-0.18167488634272988,-4.855175338911658,0.018238591088342027,0.018238591088342027,0.01823859108834172,0.01823859108834172,48,349000,1248,backbone_ridge
bulk_to_interface,Ti64,,Ti64,500.0,-4.87341393,-4.455701389916521,-0.2175700860176496,-0.2001424540658295,-0.18208674616494538,-4.855358222099116,0.018055707900884066,0.018055707900884066,0.01805570790088412,0.01805570790088412,49,350000,1249,backbone_ridge
bulk_to_interface,Ti64,,Ti64,500.0,-4.87341393,-4.455668764950654,-0.2175700860176496,-0.2001750790316961,-0.18210475744651214,-4.855343608414816,0.018070321585184068,0.018070321585184068,0.018070321585183957,0.018070321585183957,50,351000,1250,backbone_ridge
bulk_to_interface,Ti64,,Ti64,500.0,-4.87341393,-4.455962805821879,-0.2175700860176496,-0.1998810381604713,-0.18220084367254127,-4.85573373551207,0.017680194487930123,0.017680194487930123,0.01768019448793004,0.01768019448793004,51,352000,1251,backbone_ridge
bulk_to_interface,Ti64,,Ti64,500.0,-4.87341393,-4.455874873529752,-0.2175700860176496,-0.1999689704525981,-0.18240672660144042,-4.855851686148842,0.01756224385115779,0.01756224385115779,0.017562243851157677,0.017562243851157677,52,353000,1252,backbone_ridge
bulk_to_interface,Ti64,,Ti64,500.0,-4.87341393,-4.455814472250848,-0.2175700860176496,-0.2000293717315019,-0.1819772807636185,-4.855361839032116,0.01805209096788385,0.01805209096788385,0.018052090967883405,0.018052090967883405,53,354000,1253,backbone_ridge
bulk_to_interface,Ti64,,Ti64,500.0,-4.87341393,-4.455769596632002,-0.2175700860176496,-0.2000742473503486,-0.18258606024713558,-4.855925742896787,0.017488187103213093,0.017488187103213093,0.01748818710321301,0.01748818710321301,54,355000,1254,backbone_ridge
bulk_to_interface,Ti64,,Ti64,500.0,-4.87341393,-4.455849918551228,-0.2175700860176496,-0.1999939254311226,-0.18260313272479192,-4.856023137293669,0.017390792706330593,0.017390792706330593,0.017390792706330677,0.017390792706330677,55,356000,1255,backbone_ridge
bulk_to_interface,Ti64,,Ti64,500.0,-4.87341393,-4.456000787204304,-0.2175700860176496,-0.1998430567780463,-0.18268827889362274,-4.856259152115576,0.0171547778844241,0.0171547778844241,0.017154777884423572,0.017154777884423572,56,357000,1256,backbone_ridge
bulk_to_interface,Ti64,,Ti64,500.0,-4.87341393,-4.455808520165743,-0.2175700860176496,-0.2000353238166076,-0.18244093898246427,-4.855819545165856,0.017594384834143995,0.017594384834143995,0.01759438483414333,0.01759438483414333,57,358000,1257,backbone_ridge
bulk_to_interface,Ti64,,Ti64,500.0,-4.87341393,-4.455764669594047,-0.2175700860176496,-0.2000791743883031,-0.18229728540112217,-4.855632041012819,0.017781888987181027,0.017781888987181027,0.017781888987180944,0.017781888987180944,58,359000,1258,backbone_ridge
bulk_to_interface,Ti64,,Ti64,500.0,-4.87341393,-4.4556260020820995,-0.2175700860176496,-0.2002178419002508,-0.18236373508348475,-4.855559823183233,0.0178541068167668,0.0178541068167668,0.017854106816766052,0.017854106816766052,59,360000,1259,backbone_ridge
bulk_to_interface,Ti64,,Ti64,500.0,-4.87341393,-4.45559550831395,-0.2175700860176496,-0.2002483356684005,-0.18239149380918404,-4.855557088140783,0.0178568418592171,0.0178568418592171,0.01785684185921646,0.01785684185921646,60,361000,1260,backbone_ridge
bulk_to_interface,Ti64,,Ti64,500.0,-4.87341393,-4.456152666107339,-0.2175700860176496,-0.1996911778750109,-0.18269385498800494,-4.856416607112994,0.01699732288700595,0.01699732288700595,0.01699732288700595,0.01699732288700595,61,362000,1261,backbone_ridge
bulk_to_interface,Ti64,,Ti64,500.0,-4.87341393,-4.455683755764871,-0.2175700860176496,-0.2001600882174795,-0.1819276063884885,-4.855181448171009,0.018232481828991176,0.018232481828991176,0.018232481828990982,0.018232481828990982,62,363000,1262,backbone_ridge
bulk_to_interface,Ti64,,Ti64,500.0,-4.87341393,-4.455843367480989,-0.2175700860176496,-0.2000004765013608,-0.18260371335903788,-4.856017166857677,0.0173967631423233,0.0173967631423233,0.017396763142322913,0.017396763142322913,63,364000,1263,backbone_ridge
bulk_to_interface,Ti64,,Ti64,500.0,-4.87341393,-4.455854610117993,-0.2175700860176496,-0.1999892338643573,-0.18198157850548666,-4.855406274641129,0.018007655358871055,0.018007655358871055,0.01800765535887064,0.01800765535887064,64,365000,1264,backbone_ridge
bulk_to_interface,Ti64,,Ti64,500.0,-4.87341393,-4.455878537701411,-0.2175700860176496,-0.1999653062809395,-0.18243179954230007,-4.85588042326136,0.017533506738639737,0.017533506738639737,0.01753350673863943,0.01753350673863943,65,366000,1265,backbone_ridge
bulk_to_interface,Ti64,,Ti64,500.0,-4.87341393,-4.455691571218396,-0.2175700860176496,-0.2001522727639543,-0.1828144319896052,-4.856076089225651,0.01733784077434919,0.01733784077434919,0.017337840774349106,0.017337840774349106,66,367000,1266,backbone_ridge
bulk_to_interface,Ti64,,Ti64,500.0,-4.87341393,-4.455774208649558,-0.2175700860176496,-0.2000696353327923,-0.18202062825738238,-4.85536492292459,0.018049007075410017,0.018049007075410017,0.018049007075409906,0.018049007075409906,67,368000,1267,backbone_ridge
bulk_to_interface,Ti64,,Ti64,500.0,-4.87341393,-4.45613401961806,-0.2175700860176496,-0.1997098243642906,-0.18191035957855334,-4.855614465214262,0.017799464785738017,0.017799464785738017,0.017799464785737268,0.017799464785737268,68,369000,1268,backbone_ridge
bulk_to_interface,Ti64,,Ti64,500.0,-4.87341393,-4.4559708895632735,-0.2175700860176496,-0.1998729544190768,-0.18191842174897013,-4.855459397329893,0.017954532670106715,0.017954532670106715,0.01795453267010666,0.01795453267010666,69,370000,1269,backbone_ridge
bulk_to_interface,Ti64,,Ti64,500.0,-4.87341393,-4.455900152705693,-0.2175700860176496,-0.1999436912766571,-0.182395421685136,-4.855865660408479,0.017548269591521226,0.017548269591521226,0.017548269591521087,0.017548269591521087,70,371000,1270,backbone_ridge
bulk_to_interface,Ti64,,Ti64,500.0,-4.87341393,-4.455674150687557,-0.2175700860176496,-0.2001696932947935,-0.1821404170574042,-4.85538465376261,0.018029276237389702,0.018029276237389702,0.018029276237389313,0.018029276237389313,71,372000,1271,backbone_ridge
bulk_to_interface,Ti64,,Ti64,500.0,-4.87341393,-4.455681758436161,-0.2175700860176496,-0.200162085546189,-0.18237721041237995,-4.85562905486619,0.017784875133809663,0.017784875133809663,0.017784875133809053,0.017784875133809053,72,373000,1272,backbone_ridge
bulk_to_interface,Ti64,,Ti64,500.0,-4.87341393,-4.455814316498836,-0.2175700860176496,-0.2000295274835141,-0.1826941137157307,-4.856078516232216,0.01733541376778369,0.01733541376778369,0.017335413767783414,0.017335413767783414,73,374000,1273,backbone_ridge
bulk_to_interface,Ti64,,Ti64,500.0,-4.87341393,-4.455961983325671,-0.2175700860176496,-0.1998818606566793,-0.18226092991314147,-4.855792999256462,0.01762093074353821,0.01762093074353821,0.01762093074353782,0.01762093074353782,74,375000,1274,backbone_ridge
bulk_to_interface,Ti64,,Ti64,500.0,-4.87341393,-4.455546389761432,-0.2175700860176496,-0.2002974542209182,-0.18227128840306164,-4.855387764182143,0.018026165817857098,0.018026165817857098,0.018026165817856543,0.018026165817856543,75,376000,1275,backbone_ridge
bulk_to_interface,Ti64,,Ti64,500.0,-4.87341393,-4.455678910227329,-0.2175700860176496,-0.2001649337550214,-0.18239265404747998,-4.855641650292458,0.017772279707541472,0.017772279707541472,0.017772279707541416,0.017772279707541416,76,377000,1276,backbone_ridge
bulk_to_interface,Ti64,,Ti64,500.0,-4.87341393,-4.455767564467112,-0.2175700860176496,-0.2000762795152383,-0.1821014632263284,-4.85543911371109,0.017974816288909956,0.017974816288909956,0.0179748162889099,0.0179748162889099,77,378000,1277,backbone_ridge
bulk_to_interface,Ti64,,Ti64,500.0,-4.87341393,-4.455835401810653,-0.2175700860176496,-0.2000084421716975,-0.18232246865321874,-4.855727956481521,0.017685973518479337,0.017685973518479337,0.017685973518478754,0.017685973518478754,78,379000,1278,backbone_ridge
bulk_to_interface,Ti64,,Ti64,500.0,-4.87341393,-4.456050979871477,-0.2175700860176496,-0.1997928641108736,-0.18238602135017595,-4.856007087239302,0.017406842760697927,0.017406842760697927,0.01740684276069765,0.01740684276069765,79,380000,1279,backbone_ridge
bulk_to_interface,Ti64,,Ti64,500.0,-4.87341393,-4.4559231924655345,-0.2175700860176496,-0.1999206515168158,-0.18219229670387732,-4.855685575187061,0.017728354812938996,0.017728354812938996,0.01772835481293847,0.01772835481293847,80,381000,1280,backbone_ridge
bulk_to_interface,Ti64,,Ti64,500.0,-4.87341393,-4.455743708912882,-0.2175700860176496,-0.2001001350694681,-0.18278587118886028,-4.856099666119392,0.01731426388060786,0.01731426388060786,0.017314263880607833,0.017314263880607833,81,382000,1281,backbone_ridge
bulk_to_interface,Ti64,,Ti64,500.0,-4.87341393,-4.455350543014908,-0.2175700860176496,-0.2004933009674424,-0.18260375151238645,-4.855524380544944,0.017889549455055942,0.017889549455055942,0.017889549455055942,0.017889549455055942,82,383000,1282,backbone_ridge
bulk_to_interface,Ti64,,Ti64,500.0,-4.87341393,-4.45630215215391,-0.2175700860176496,-0.1995416918284404,-0.1817240160430252,-4.855596254214585,0.017817675785415155,0.017817675785415155,0.017817675785415182,0.017817675785415182,83,384000,1283,backbone_ridge
bulk_to_interface,Ti64,,Ti64,500.0,-4.87341393,-4.456057552898884,-0.2175700860176496,-0.1997862910834659,-0.18241748533486848,-4.856045124251402,0.017368805748597893,0.017368805748597893,0.01736880574859742,0.01736880574859742,84,385000,1284,backbone_ridge
bulk_to_interface,Ti64,,Ti64,500.0,-4.87341393,-4.455898527101985,-0.2175700860176496,-0.1999453168803656,-0.18279270254545033,-4.856261315665084,0.01715261433491566,0.01715261433491566,0.017152614334915273,0.017152614334915273,85,386000,1285,backbone_ridge
bulk_to_interface,Ti64,,Ti64,500.0,-4.87341393,-4.455899820206831,-0.2175700860176496,-0.1999440237755193,-0.18229885240811758,-4.855768758632598,0.017645171367401957,0.017645171367401957,0.017645171367401707,0.017645171367401707,86,387000,1286,backbone_ridge
bulk_to_interface,Ti64,,Ti64,500.0,-4.87341393,-4.456010253317997,-0.2175700860176496,-0.1998335906643534,-0.18154881132749318,-4.8551291506631395,0.018284779336860346,0.018284779336860346,0.018284779336860235,0.018284779336860235,87,388000,1287,backbone_ridge
bulk_to_interface,Ti64,,Ti64,500.0,-4.87341393,-4.455911176046622,-0.2175700860176496,-0.1999326679357281,-0.18227503958007343,-4.855756301644345,0.01765762835565532,0.01765762835565532,0.017657628355654653,0.017657628355654653,88,389000,1288,backbone_ridge
bulk_to_interface,Ti64,,Ti64,500.0,-4.87341393,-4.455762421133315,-0.2175700860176496,-0.2000814228490354,-0.18200200421056617,-4.85533451136153,0.018079418638469846,0.018079418638469846,0.018079418638469236,0.018079418638469236,89,390000,1289,backbone_ridge
bulk_to_interface,Ti64,,Ti64,500.0,-4.87341393,-4.455998436097383,-0.2175700860176496,-0.199845407884967,-0.1821892325357881,-4.855757754650821,0.017656175349179293,0.017656175349179293,0.017656175349178904,0.017656175349178904,90,391000,1290,backbone_ridge
bulk_to_interface,Ti64,,Ti64,500.0,-4.87341393,-4.456041464224376,-0.2175700860176496,-0.1998023797579741,-0.18161988690193873,-4.855231437143964,0.01818249285603546,0.01818249285603546,0.018182492856035376,0.018182492856035376,91,392000,1291,backbone_ridge
bulk_to_interface,Ti64,,Ti64,500.0,-4.87341393,-4.455688952988542,-0.2175700860176496,-0.2001548909938085,-0.1819326939150515,-4.855191732921242,0.018222197078757496,0.018222197078757496,0.018222197078756996,0.018222197078756996,92,393000,1292,backbone_ridge
bulk_to_interface,Ti64,,Ti64,500.0,-4.87341393,-4.455562865849616,-0.2175700860176496,-0.2002809781327347,-0.18254581535034012,-4.855678767217605,0.01773516278239473,0.01773516278239473,0.017735162782394592,0.017735162782394592,93,394000,1293,backbone_ridge
bulk_to_interface,Ti64,,Ti64,500.0,-4.87341393,-4.455610066789462,-0.2175700860176496,-0.2002337771928882,-0.18231325537495308,-4.855493408182064,0.017920521817935686,0.017920521817935686,0.01792052181793513,0.01792052181793513,94,395000,1294,backbone_ridge
bulk_to_interface,Ti64,,Ti64,500.0,-4.87341393,-4.4558443565830625,-0.2175700860176496,-0.1999994873992877,-0.1823351859041112,-4.855749628504823,0.01766430149517717,0.01766430149517717,0.017664301495176477,0.017664301495176477,95,396000,1295,backbone_ridge
bulk_to_interface,Ti64,,Ti64,500.0,-4.87341393,-4.4555629015848215,-0.2175700860176496,-0.2002809423975288,-0.18237680809307746,-4.855509795695548,0.017904134304451702,0.017904134304451702,0.01790413430445134,0.01790413430445134,96,397000,1296,backbone_ridge
bulk_to_interface,Ti64,,Ti64,500.0,-4.87341393,-4.455875773338079,-0.2175700860176496,-0.1999680706442715,-0.1827384733362802,-4.856184332692008,0.017229597307991895,0.017229597307991895,0.017229597307991285,0.017229597307991285,97,398000,1297,backbone_ridge
bulk_to_interface,Ti64,,Ti64,500.0,-4.87341393,-4.456115028897171,-0.2175700860176496,-0.1997288150851789,-0.18269672017778002,-4.8563818350926,0.017032094907399653,0.017032094907399653,0.017032094907398876,0.017032094907398876,98,399000,1298,backbone_ridge
bulk_to_interface,Ti64,,Ti64,500.0,-4.87341393,-4.455629066895181,-0.2175700860176496,-0.2002147770871692,-0.1826251737809239,-4.855824326693754,0.017589603306245927,0.017589603306245927,0.01758960330624529,0.01758960330624529,99,400000,1299,backbone_ridge
bulk_to_interface,Ti64,,Ti64,600.0,-4.92132028,-4.397159047044234,-0.2175700860176496,-0.3065911469381165,-0.2795906801993419,-4.894319813261225,0.027000466738774875,0.027000466738774875,0.027000466738774598,0.027000466738774598,0,301000,1300,backbone_ridge
bulk_to_interface,Ti64,,Ti64,600.0,-4.92132028,-4.396534575372807,-0.2175700860176496,-0.307215618609543,-0.27985105963665785,-4.8939557210271145,0.027364558972885256,0.027364558972885256,0.027364558972885145,0.027364558972885145,1,302000,1301,backbone_ridge
bulk_to_interface,Ti64,,Ti64,600.0,-4.92132028,-4.396735557011429,-0.2175700860176496,-0.3070146369709216,-0.2803342761258365,-4.894639919154915,0.026680360845085183,0.026680360845085183,0.02668036084508507,0.02668036084508507,2,303000,1302,backbone_ridge
bulk_to_interface,Ti64,,Ti64,600.0,-4.92132028,-4.39630309752735,-0.2175700860176496,-0.3074470964549999,-0.2799012353299195,-4.893774418874919,0.027545861125080506,0.027545861125080506,0.027545861125080395,0.027545861125080395,3,304000,1303,backbone_ridge
bulk_to_interface,Ti64,,Ti64,600.0,-4.92132028,-4.396845931103607,-0.2175700860176496,-0.3069042628787427,-0.2799562575761995,-4.8943722746974565,0.026948005302543265,0.026948005302543265,0.026948005302543154,0.026948005302543154,4,305000,1304,backbone_ridge
bulk_to_interface,Ti64,,Ti64,600.0,-4.92132028,-4.396534911696251,-0.2175700860176496,-0.3072152822860993,-0.2804011949670507,-4.894506192680951,0.026814087319048774,0.026814087319048774,0.026814087319048607,0.026814087319048607,5,306000,1305,backbone_ridge
bulk_to_interface,Ti64,,Ti64,600.0,-4.92132028,-4.39641422033816,-0.2175700860176496,-0.3073359736441899,-0.2804362383500751,-4.894420544705884,0.0268997352941156,0.0268997352941156,0.026899735294114824,0.026899735294114824,6,307000,1306,backbone_ridge
bulk_to_interface,Ti64,,Ti64,600.0,-4.92132028,-4.396303277718204,-0.2175700860176496,-0.3074469162641465,-0.280174169672813,-4.894047533408666,0.027272746591333608,0.027272746591333608,0.027272746591333497,0.027272746591333497,7,308000,1307,backbone_ridge
bulk_to_interface,Ti64,,Ti64,600.0,-4.92132028,-4.396331437800162,-0.2175700860176496,-0.3074187561821878,-0.2803925371630089,-4.894294060980821,0.02702621901917901,0.02702621901917901,0.0270262190191789,0.0270262190191789,8,309000,1308,backbone_ridge
bulk_to_interface,Ti64,,Ti64,600.0,-4.92132028,-4.3966386342926365,-0.2175700860176496,-0.3071115596897137,-0.28005071642402146,-4.894259436734307,0.02706084326569247,0.02706084326569247,0.027060843265692247,0.027060843265692247,9,310000,1309,backbone_ridge
bulk_to_interface,Ti64,,Ti64,600.0,-4.92132028,-4.396636436196414,-0.2175700860176496,-0.3071137577859361,-0.2799359883607345,-4.894142510574798,0.02717776942520178,0.02717776942520178,0.02717776942520156,0.02717776942520156,10,311000,1310,backbone_ridge
bulk_to_interface,Ti64,,Ti64,600.0,-4.92132028,-4.396378926239754,-0.2175700860176496,-0.3073712677425965,-0.2804125077591928,-4.894361520016596,0.0269587599834038,0.0269587599834038,0.02695875998340369,0.02695875998340369,11,312000,1311,backbone_ridge
bulk_to_interface,Ti64,,Ti64,600.0,-4.92132028,-4.39656420449696,-0.2175700860176496,-0.3071859894853898,-0.27985326981780817,-4.893987560332418,0.027332719667581884,0.027332719667581884,0.027332719667581606,0.027332719667581606,12,313000,1312,backbone_ridge
bulk_to_interface,Ti64,,Ti64,600.0,-4.92132028,-4.396657457865845,-0.2175700860176496,-0.3070927361165051,-0.28002050544321483,-4.894248049326709,0.027072230673290676,0.027072230673290676,0.027072230673290287,0.027072230673290287,13,314000,1313,backbone_ridge
bulk_to_interface,Ti64,,Ti64,600.0,-4.92132028,-4.396563831449209,-0.2175700860176496,-0.3071863625331416,-0.28026427884889543,-4.894398196315754,0.02692208368424609,0.02692208368424609,0.026922083684246145,0.026922083684246145,14,315000,1314,backbone_ridge
bulk_to_interface,Ti64,,Ti64,600.0,-4.92132028,-4.396499253526868,-0.2175700860176496,-0.3072509404554818,-0.28016477145818636,-4.894234111002704,0.02708616899729588,0.02708616899729588,0.027086168997295434,0.027086168997295434,15,316000,1315,backbone_ridge
bulk_to_interface,Ti64,,Ti64,600.0,-4.92132028,-4.3964516928259405,-0.2175700860176496,-0.3072985011564096,-0.2798790687642035,-4.893900847607793,0.027419432392206566,0.027419432392206566,0.027419432392206122,0.027419432392206122,16,317000,1316,backbone_ridge
bulk_to_interface,Ti64,,Ti64,600.0,-4.92132028,-4.396687338534446,-0.2175700860176496,-0.3070628554479043,-0.27963387910484927,-4.893891303656944,0.027428976343055744,0.027428976343055744,0.027428976343055023,0.027428976343055023,17,318000,1317,backbone_ridge
bulk_to_interface,Ti64,,Ti64,600.0,-4.92132028,-4.396404218625199,-0.2175700860176496,-0.3073459753571509,-0.2800844464188584,-4.894058751061707,0.02726152893829248,0.02726152893829248,0.027261528938292534,0.027261528938292534,18,319000,1318,backbone_ridge
bulk_to_interface,Ti64,,Ti64,600.0,-4.92132028,-4.396237187151453,-0.2175700860176496,-0.3075130068308974,-0.2803403602072561,-4.894147633376358,0.02717264662364194,0.02717264662364194,0.027172646623641272,0.027172646623641272,19,320000,1319,backbone_ridge
bulk_to_interface,Ti64,,Ti64,600.0,-4.92132028,-4.396337503600823,-0.2175700860176496,-0.3074126903815269,-0.2801917188593569,-4.89409930847783,0.027220971522170068,0.027220971522170068,0.027220971522170012,0.027220971522170012,20,321000,1320,backbone_ridge
bulk_to_interface,Ti64,,Ti64,600.0,-4.92132028,-4.396355451010638,-0.2175700860176496,-0.3073947429717117,-0.2804055951222072,-4.894331132150495,0.02698914784950457,0.02698914784950457,0.026989147849504513,0.026989147849504513,21,322000,1321,backbone_ridge
bulk_to_interface,Ti64,,Ti64,600.0,-4.92132028,-4.396766923652509,-0.2175700860176496,-0.3069832703298415,-0.2797179480427668,-4.894054957712925,0.027265322287075122,0.027265322287075122,0.027265322287074734,0.027265322287074734,22,323000,1322,backbone_ridge
bulk_to_interface,Ti64,,Ti64,600.0,-4.92132028,-4.396985706382081,-0.2175700860176496,-0.3067644876002694,-0.279827013652747,-4.8943828060524766,0.026937473947523216,0.026937473947523216,0.02693747394752244,0.02693747394752244,23,324000,1323,backbone_ridge
bulk_to_interface,Ti64,,Ti64,600.0,-4.92132028,-4.396033564953684,-0.2175700860176496,-0.3077166290286662,-0.28025029958817643,-4.893853950559509,0.027466329440490433,0.027466329440490433,0.027466329440489767,0.027466329440489767,24,325000,1324,backbone_ridge
bulk_to_interface,Ti64,,Ti64,600.0,-4.92132028,-4.3965576495280025,-0.2175700860176496,-0.3071925444543476,-0.2801277668462667,-4.8942555023919185,0.027064777608081236,0.027064777608081236,0.027064777608080903,0.027064777608080903,25,326000,1325,backbone_ridge
bulk_to_interface,Ti64,,Ti64,600.0,-4.92132028,-4.396905891155695,-0.2175700860176496,-0.3068443028266548,-0.2801929376740185,-4.894668914847363,0.02665136515263633,0.02665136515263633,0.02665136515263633,0.02665136515263633,26,327000,1326,backbone_ridge
bulk_to_interface,Ti64,,Ti64,600.0,-4.92132028,-4.396283735495888,-0.2175700860176496,-0.3074664584864625,-0.27983135917376245,-4.893685180687299,0.027635099312700362,0.027635099312700362,0.02763509931270003,0.02763509931270003,27,328000,1327,backbone_ridge
bulk_to_interface,Ti64,,Ti64,600.0,-4.92132028,-4.396547411526276,-0.2175700860176496,-0.307202782456074,-0.2808075258569499,-4.894925023400876,0.026395256599124117,0.026395256599124117,0.026395256599124117,0.026395256599124117,28,329000,1328,backbone_ridge
bulk_to_interface,Ti64,,Ti64,600.0,-4.92132028,-4.396246047708897,-0.2175700860176496,-0.3075041462734532,-0.28059111336158865,-4.894407247088135,0.026913032911864754,0.026913032911864754,0.02691303291186453,0.02691303291186453,29,330000,1329,backbone_ridge
bulk_to_interface,Ti64,,Ti64,600.0,-4.92132028,-4.3968480532723975,-0.2175700860176496,-0.3069021407099527,-0.280035992170899,-4.894454131460946,0.026866148539054002,0.026866148539054002,0.026866148539053725,0.026866148539053725,30,331000,1330,backbone_ridge
bulk_to_interface,Ti64,,Ti64,600.0,-4.92132028,-4.396720183689396,-0.2175700860176496,-0.3070300102929538,-0.27989276360236237,-4.894183033309408,0.027137246690592143,0.027137246690592143,0.02713724669059142,0.02713724669059142,31,332000,1331,backbone_ridge
bulk_to_interface,Ti64,,Ti64,600.0,-4.92132028,-4.396312695910439,-0.2175700860176496,-0.3074374980719115,-0.28029945502625414,-4.894182236954342,0.02713804304565759,0.02713804304565759,0.027138043045657367,0.027138043045657367,32,333000,1332,backbone_ridge
bulk_to_interface,Ti64,,Ti64,600.0,-4.92132028,-4.3963732619310845,-0.2175700860176496,-0.3073769320512657,-0.2804093169084229,-4.8943526648571565,0.026967615142843293,0.026967615142843293,0.026967615142842793,0.026967615142842793,33,334000,1333,backbone_ridge
bulk_to_interface,Ti64,,Ti64,600.0,-4.92132028,-4.396342886121305,-0.2175700860176496,-0.3074073078610452,-0.28055924713241087,-4.894472219271365,0.02684806072863477,0.02684806072863477,0.026848060728634326,0.026848060728634326,34,335000,1334,backbone_ridge
bulk_to_interface,Ti64,,Ti64,600.0,-4.92132028,-4.3963657854848,-0.2175700860176496,-0.30738440849755,-0.2804213721730839,-4.894357243675533,0.026963036324466394,0.026963036324466394,0.026963036324466116,0.026963036324466116,35,336000,1335,backbone_ridge
bulk_to_interface,Ti64,,Ti64,600.0,-4.92132028,-4.396725391792172,-0.2175700860176496,-0.3070248021901781,-0.2797410958494056,-4.894036573659227,0.02728370634077315,0.02728370634077315,0.027283706340772484,0.027283706340772484,36,337000,1336,backbone_ridge
bulk_to_interface,Ti64,,Ti64,600.0,-4.92132028,-4.396580019225318,-0.2175700860176496,-0.3071701747570318,-0.27975376606704677,-4.893903871310014,0.027416408689985516,0.027416408689985516,0.027416408689985017,0.027416408689985017,37,338000,1337,backbone_ridge
bulk_to_interface,Ti64,,Ti64,600.0,-4.92132028,-4.396612374176283,-0.2175700860176496,-0.3071378198060671,-0.2796373494685346,-4.8938198096624665,0.027500470337533223,0.027500470337533223,0.0275004703375325,0.0275004703375325,38,339000,1338,backbone_ridge
bulk_to_interface,Ti64,,Ti64,600.0,-4.92132028,-4.396071833726044,-0.2175700860176496,-0.3076783602563063,-0.28045868221363696,-4.89410060195733,0.02721967804266967,0.02721967804266967,0.027219678042669337,0.027219678042669337,39,340000,1339,backbone_ridge
bulk_to_interface,Ti64,,Ti64,600.0,-4.92132028,-4.396482356555367,-0.2175700860176496,-0.3072678374269829,-0.2803098386652222,-4.894362281238239,0.02695799876176075,0.02695799876176075,0.026957998761760693,0.026957998761760693,40,341000,1340,backbone_ridge
bulk_to_interface,Ti64,,Ti64,600.0,-4.92132028,-4.396704376510781,-0.2175700860176496,-0.3070458174715688,-0.28000596864490584,-4.894280431173336,0.027039848826663437,0.027039848826663437,0.027039848826662938,0.027039848826662938,41,342000,1341,backbone_ridge
bulk_to_interface,Ti64,,Ti64,600.0,-4.92132028,-4.3962858696405425,-0.2175700860176496,-0.3074643243418077,-0.2799559371088282,-4.89381189276702,0.02750838723297999,0.02750838723297999,0.027508387232979492,0.027508387232979492,42,343000,1342,backbone_ridge
bulk_to_interface,Ti64,,Ti64,600.0,-4.92132028,-4.396661045309883,-0.2175700860176496,-0.3070891486724673,-0.279695356824473,-4.8939264881520055,0.027393791847994287,0.027393791847994287,0.027393791847994287,0.027393791847994287,43,344000,1343,backbone_ridge
bulk_to_interface,Ti64,,Ti64,600.0,-4.92132028,-4.3966710806028875,-0.2175700860176496,-0.3070791133794627,-0.2796899538974335,-4.89393112051797,0.02738915948202969,0.02738915948202969,0.02738915948202919,0.02738915948202919,44,345000,1344,backbone_ridge
bulk_to_interface,Ti64,,Ti64,600.0,-4.92132028,-4.396512462989472,-0.2175700860176496,-0.3072377309928781,-0.28004470303832424,-4.894127252045446,0.027193027954553806,0.027193027954553806,0.02719302795455386,0.02719302795455386,45,346000,1345,backbone_ridge
bulk_to_interface,Ti64,,Ti64,600.0,-4.92132028,-4.3964068135347425,-0.2175700860176496,-0.3073433804476077,-0.280332771969864,-4.894309671522255,0.02701060847774439,0.02701060847774439,0.02701060847774367,0.02701060847774367,46,347000,1346,backbone_ridge
bulk_to_interface,Ti64,,Ti64,600.0,-4.92132028,-4.396572813841773,-0.2175700860176496,-0.3071773801405776,-0.2802449401434243,-4.894387840002846,0.02693243999715378,0.02693243999715378,0.02693243999715328,0.02693243999715328,47,348000,1347,backbone_ridge
bulk_to_interface,Ti64,,Ti64,600.0,-4.92132028,-4.396251048706532,-0.2175700860176496,-0.3074991452758185,-0.2794924468024754,-4.893313581526656,0.028006698473343583,0.028006698473343583,0.028006698473343083,0.028006698473343083,48,349000,1348,backbone_ridge
bulk_to_interface,Ti64,,Ti64,600.0,-4.92132028,-4.39649648840932,-0.2175700860176496,-0.3072537055730301,-0.2800074835125356,-4.894074057939505,0.027246222060495207,0.027246222060495207,0.027246222060494485,0.027246222060494485,49,350000,1349,backbone_ridge
bulk_to_interface,Ti64,,Ti64,600.0,-4.92132028,-4.396275365777739,-0.2175700860176496,-0.3074748282046112,-0.27992554890559473,-4.893771000700983,0.027549279299016405,0.027549279299016405,0.02754927929901646,0.02754927929901646,50,351000,1350,backbone_ridge
bulk_to_interface,Ti64,,Ti64,600.0,-4.92132028,-4.396825281557622,-0.2175700860176496,-0.3069249124247278,-0.2799126977286979,-4.89430806530397,0.02701221469602988,0.02701221469602988,0.02701221469602988,0.02701221469602988,51,352000,1351,backbone_ridge
bulk_to_interface,Ti64,,Ti64,600.0,-4.92132028,-4.396890010276826,-0.2175700860176496,-0.3068601837055246,-0.2798315834345313,-4.894291679729006,0.027028600270993408,0.027028600270993408,0.027028600270993297,0.027028600270993297,52,353000,1352,backbone_ridge
bulk_to_interface,Ti64,,Ti64,600.0,-4.92132028,-4.396510778357522,-0.2175700860176496,-0.3072394156248285,-0.27990647332477037,-4.893987337699941,0.027332942300058782,0.027332942300058782,0.027332942300058116,0.027332942300058116,53,354000,1353,backbone_ridge
bulk_to_interface,Ti64,,Ti64,600.0,-4.92132028,-4.396563761126488,-0.2175700860176496,-0.3071864328558625,-0.28047928829241847,-4.894613135436555,0.026707144563444807,0.026707144563444807,0.02670714456344403,0.02670714456344403,54,355000,1354,backbone_ridge
bulk_to_interface,Ti64,,Ti64,600.0,-4.92132028,-4.396503251942728,-0.2175700860176496,-0.3072469420396221,-0.2802419849363944,-4.894315322896771,0.027004957103228477,0.027004957103228477,0.0270049571032277,0.0270049571032277,55,356000,1355,backbone_ridge
bulk_to_interface,Ti64,,Ti64,600.0,-4.92132028,-4.396582774824191,-0.2175700860176496,-0.3071674191581591,-0.28029927625396356,-4.894452137095804,0.02686814290419548,0.02686814290419548,0.026868142904195536,0.026868142904195536,56,357000,1356,backbone_ridge
bulk_to_interface,Ti64,,Ti64,600.0,-4.92132028,-4.396526753949474,-0.2175700860176496,-0.307223440032876,-0.28034549451562435,-4.894442334482748,0.026877945517251867,0.026877945517251867,0.026877945517251645,0.026877945517251645,57,358000,1357,backbone_ridge
bulk_to_interface,Ti64,,Ti64,600.0,-4.92132028,-4.396331464767262,-0.2175700860176496,-0.3074187292150881,-0.28061932753894436,-4.894520878323855,0.026799401676144363,0.026799401676144363,0.026799401676143753,0.026799401676143753,58,359000,1358,backbone_ridge
bulk_to_interface,Ti64,,Ti64,600.0,-4.92132028,-4.396218920866851,-0.2175700860176496,-0.3075312731154987,-0.2804755905867085,-4.894264597471209,0.027055682528790648,0.027055682528790648,0.027055682528790204,0.027055682528790204,59,360000,1359,backbone_ridge
bulk_to_interface,Ti64,,Ti64,600.0,-4.92132028,-4.3965075584837185,-0.2175700860176496,-0.3072426354986316,-0.28053084944755036,-4.894608493948918,0.02671178605108171,0.02671178605108171,0.026711786051081265,0.026711786051081265,60,361000,1360,backbone_ridge
bulk_to_interface,Ti64,,Ti64,600.0,-4.92132028,-4.396750626121908,-0.2175700860176496,-0.3069995678604421,-0.27990803664296204,-4.89422874878252,0.027091531217480203,0.027091531217480203,0.027091531217480036,0.027091531217480036,61,362000,1361,backbone_ridge
bulk_to_interface,Ti64,,Ti64,600.0,-4.92132028,-4.396637777420344,-0.2175700860176496,-0.3071124165620059,-0.2799745534859515,-4.894182416923945,0.027137863076054813,0.027137863076054813,0.02713786307605437,0.02713786307605437,62,363000,1362,backbone_ridge
bulk_to_interface,Ti64,,Ti64,600.0,-4.92132028,-4.396407255619325,-0.2175700860176496,-0.3073429383630254,-0.2804219016359757,-4.89439924327295,0.026921036727049596,0.026921036727049596,0.026921036727049708,0.026921036727049708,63,364000,1363,backbone_ridge
bulk_to_interface,Ti64,,Ti64,600.0,-4.92132028,-4.3964498730243955,-0.2175700860176496,-0.3073003209579547,-0.2800398135736719,-4.894059772615717,0.027260507384283095,0.027260507384283095,0.02726050738428276,0.02726050738428276,64,365000,1364,backbone_ridge
bulk_to_interface,Ti64,,Ti64,600.0,-4.92132028,-4.396632507777909,-0.2175700860176496,-0.3071176862044412,-0.2801092785256374,-4.894311872321196,0.02700840767880397,0.02700840767880397,0.027008407678803803,0.027008407678803803,65,366000,1365,backbone_ridge
bulk_to_interface,Ti64,,Ti64,600.0,-4.92132028,-4.39656625994318,-0.2175700860176496,-0.3071839340391703,-0.2801315758695315,-4.894267921830361,0.027052358169639135,0.027052358169639135,0.0270523581696388,0.0270523581696388,66,367000,1366,backbone_ridge
bulk_to_interface,Ti64,,Ti64,600.0,-4.92132028,-4.396625004349811,-0.2175700860176496,-0.3071251896325387,-0.2800182114117098,-4.89421330177917,0.027106978220829525,0.027106978220829525,0.027106978220828915,0.027106978220828915,67,368000,1367,backbone_ridge
bulk_to_interface,Ti64,,Ti64,600.0,-4.92132028,-4.3967307196588425,-0.2175700860176496,-0.3070194743235076,-0.28025220800781014,-4.894553013684302,0.026767266315697924,0.026767266315697924,0.02676726631569748,0.02676726631569748,68,369000,1368,backbone_ridge
bulk_to_interface,Ti64,,Ti64,600.0,-4.92132028,-4.396189117768091,-0.2175700860176496,-0.3075610762142592,-0.28033283995990893,-4.894092043745649,0.027228236254350335,0.027228236254350335,0.02722823625435028,0.02722823625435028,69,370000,1369,backbone_ridge
bulk_to_interface,Ti64,,Ti64,600.0,-4.92132028,-4.396846564604384,-0.2175700860176496,-0.3069036293779664,-0.2800759698362091,-4.894492620458242,0.02682765954175803,0.02682765954175803,0.02682765954175731,0.02682765954175731,70,371000,1370,backbone_ridge
bulk_to_interface,Ti64,,Ti64,600.0,-4.92132028,-4.396726695214844,-0.2175700860176496,-0.3070234987675061,-0.28044152765004776,-4.894738308882541,0.026581971117458636,0.026581971117458636,0.02658197111745836,0.02658197111745836,71,372000,1371,backbone_ridge
bulk_to_interface,Ti64,,Ti64,600.0,-4.92132028,-4.396286152355601,-0.2175700860176496,-0.3074640416267492,-0.2800839335498909,-4.893940171923141,0.027380108076858534,0.027380108076858534,0.027380108076858256,0.027380108076858256,72,373000,1372,backbone_ridge
bulk_to_interface,Ti64,,Ti64,600.0,-4.92132028,-4.396792983389799,-0.2175700860176496,-0.3069572105925507,-0.2801560301215433,-4.894519099528992,0.02680118047100777,0.02680118047100777,0.026801180471007435,0.026801180471007435,73,374000,1373,backbone_ridge
bulk_to_interface,Ti64,,Ti64,600.0,-4.92132028,-4.396927029528792,-0.2175700860176496,-0.3068231644535585,-0.27985952335913206,-4.894356638905573,0.026963641094426727,0.026963641094426727,0.02696364109442645,0.02696364109442645,74,375000,1374,backbone_ridge
bulk_to_interface,Ti64,,Ti64,600.0,-4.92132028,-4.396443545029094,-0.2175700860176496,-0.3073066489532557,-0.28024809665934586,-4.894261727706089,0.02705855229391041,0.02705855229391041,0.027058552293909854,0.027058552293909854,75,376000,1375,backbone_ridge
bulk_to_interface,Ti64,,Ti64,600.0,-4.92132028,-4.396431938861765,-0.2175700860176496,-0.3073182551205852,-0.2804709864854549,-4.89447301136487,0.026847268635130206,0.026847268635130206,0.026847268635130317,0.026847268635130317,76,377000,1376,backbone_ridge
bulk_to_interface,Ti64,,Ti64,600.0,-4.92132028,-4.396561727343805,-0.2175700860176496,-0.3071884666385452,-0.2794481079072734,-4.893579921268728,0.027740358731271897,0.027740358731271897,0.027740358731271786,0.027740358731271786,77,378000,1377,backbone_ridge
bulk_to_interface,Ti64,,Ti64,600.0,-4.92132028,-4.396567968071927,-0.2175700860176496,-0.3071822259104234,-0.27969234906370805,-4.893830403153284,0.027489876846715333,0.027489876846715333,0.027489876846715333,0.027489876846715333,78,379000,1378,backbone_ridge
bulk_to_interface,Ti64,,Ti64,600.0,-4.92132028,-4.396820468135546,-0.2175700860176496,-0.3069297258468039,-0.2798020312184184,-4.894192585371614,0.027127694628386045,0.027127694628386045,0.02712769462838549,0.02712769462838549,79,380000,1379,backbone_ridge
bulk_to_interface,Ti64,,Ti64,600.0,-4.92132028,-4.396397932537566,-0.2175700860176496,-0.3073522614447844,-0.2796318927563326,-4.893599911311547,0.027720368688452623,0.027720368688452623,0.02772036868845179,0.02772036868845179,80,381000,1380,backbone_ridge
bulk_to_interface,Ti64,,Ti64,600.0,-4.92132028,-4.396893510844265,-0.2175700860176496,-0.3068566831380851,-0.2799913112157591,-4.894454908077673,0.02686537192232663,0.02686537192232663,0.02686537192232602,0.02686537192232602,81,382000,1381,backbone_ridge
bulk_to_interface,Ti64,,Ti64,600.0,-4.92132028,-4.396204144532286,-0.2175700860176496,-0.3075460494500645,-0.2801665993298632,-4.893940829879798,0.027379450120201376,0.027379450120201376,0.027379450120201265,0.027379450120201265,82,383000,1382,backbone_ridge
bulk_to_interface,Ti64,,Ti64,600.0,-4.92132028,-4.396236917216804,-0.2175700860176496,-0.3075132767655463,-0.28046257550938447,-4.894269578743837,0.02705070125616249,0.02705070125616249,0.027050701256161824,0.027050701256161824,83,384000,1383,backbone_ridge
bulk_to_interface,Ti64,,Ti64,600.0,-4.92132028,-4.39675858816306,-0.2175700860176496,-0.3069916058192904,-0.2803110706724196,-4.894639744853128,0.02668053514687152,0.02668053514687152,0.0266805351468708,0.0266805351468708,84,385000,1384,backbone_ridge
bulk_to_interface,Ti64,,Ti64,600.0,-4.92132028,-4.396302732618048,-0.2175700860176496,-0.3074474613643018,-0.28010898041260535,-4.893981799048303,0.027338480951696553,0.027338480951696553,0.027338480951696442,0.027338480951696442,85,386000,1385,backbone_ridge
bulk_to_interface,Ti64,,Ti64,600.0,-4.92132028,-4.396666405498531,-0.2175700860176496,-0.3070837884838188,-0.28035208548095947,-4.8945885769971404,0.02673170300285932,0.02673170300285932,0.02673170300285932,0.02673170300285932,86,387000,1386,backbone_ridge
bulk_to_interface,Ti64,,Ti64,600.0,-4.92132028,-4.39670155040626,-0.2175700860176496,-0.3070486435760898,-0.28005456764061576,-4.894326204064526,0.026994075935474093,0.026994075935474093,0.026994075935474038,0.026994075935474038,87,388000,1387,backbone_ridge
bulk_to_interface,Ti64,,Ti64,600.0,-4.92132028,-4.396266050380085,-0.2175700860176496,-0.3074841436022654,-0.2805172006594452,-4.894353337057179,0.026966942942820538,0.026966942942820538,0.026966942942820205,0.026966942942820205,88,389000,1388,backbone_ridge
bulk_to_interface,Ti64,,Ti64,600.0,-4.92132028,-4.396340887759132,-0.2175700860176496,-0.3074093062232178,-0.28031514566193333,-4.894226119438715,0.027094160561285108,0.027094160561285108,0.027094160561284497,0.027094160561284497,89,390000,1389,backbone_ridge
bulk_to_interface,Ti64,,Ti64,600.0,-4.92132028,-4.396749567123821,-0.2175700860176496,-0.3070006268585296,-0.28025789741874463,-4.894577550560214,0.026742729439785506,0.026742729439785506,0.02674272943978495,0.02674272943978495,90,391000,1390,backbone_ridge
bulk_to_interface,Ti64,,Ti64,600.0,-4.92132028,-4.396531460571076,-0.2175700860176496,-0.3072187334112742,-0.2802431575590322,-4.894344704147757,0.026975575852242528,0.026975575852242528,0.02697557585224203,0.02697557585224203,91,392000,1391,backbone_ridge
bulk_to_interface,Ti64,,Ti64,600.0,-4.92132028,-4.396424528633526,-0.2175700860176496,-0.3073256653488242,-0.2801345312742724,-4.894129145925447,0.027191134074552537,0.027191134074552537,0.027191134074551815,0.027191134074551815,92,393000,1392,backbone_ridge
bulk_to_interface,Ti64,,Ti64,600.0,-4.92132028,-4.396674870259222,-0.2175700860176496,-0.3070753237231282,-0.28012340563938654,-4.894368361916258,0.026951918083741866,0.026951918083741866,0.026951918083741644,0.026951918083741644,93,394000,1393,backbone_ridge
bulk_to_interface,Ti64,,Ti64,600.0,-4.92132028,-4.396431154504208,-0.2175700860176496,-0.3073190394781419,-0.28020113913462064,-4.894202379656479,0.02711790034352113,0.02711790034352113,0.02711790034352124,0.02711790034352124,94,395000,1394,backbone_ridge
bulk_to_interface,Ti64,,Ti64,600.0,-4.92132028,-4.396183397018176,-0.2175700860176496,-0.3075667969641739,-0.28006964219677555,-4.893823125232601,0.027497154767398335,0.027497154767398335,0.027497154767398335,0.027497154767398335,95,396000,1395,backbone_ridge
bulk_to_interface,Ti64,,Ti64,600.0,-4.92132028,-4.396751441965343,-0.2175700860176496,-0.3069987520170075,-0.28026232909480264,-4.894583857077794,0.02673642292220535,0.02673642292220535,0.02673642292220485,0.02673642292220485,96,397000,1396,backbone_ridge
bulk_to_interface,Ti64,,Ti64,600.0,-4.92132028,-4.396435421606608,-0.2175700860176496,-0.3073147723757424,-0.2807082872368018,-4.894713794861059,0.026606485138940705,0.026606485138940705,0.026606485138940594,0.026606485138940594,97,398000,1397,backbone_ridge
bulk_to_interface,Ti64,,Ti64,600.0,-4.92132028,-4.396485819833284,-0.2175700860176496,-0.307264374149066,-0.2803107772201476,-4.894366683071081,0.026953596928918522,0.026953596928918522,0.02695359692891841,0.02695359692891841,98,399000,1398,backbone_ridge
bulk_to_interface,Ti64,,Ti64,600.0,-4.92132028,-4.396379298043823,-0.2175700860176496,-0.3073708959385272,-0.280408470718425,-4.894357854779897,0.026962425220102837,0.026962425220102837,0.02696242522010217,0.02696242522010217,99,400000,1399,backbone_ridge
bulk_to_interface,Ti64,,Ti64,700.0,-4.97995281,-4.339720950285658,-0.2175700860176496,-0.4226617736966928,-0.3818764171815199,-4.939167453484827,0.040785356515173454,0.040785356515173454,0.0407853565151729,0.0407853565151729,0,301000,1400,backbone_ridge
bulk_to_interface,Ti64,,Ti64,700.0,-4.97995281,-4.339147931224085,-0.2175700860176496,-0.4232347927582657,-0.38249411321411764,-4.939212130455852,0.040740679544148506,0.040740679544148506,0.04074067954414806,0.04074067954414806,1,302000,1401,backbone_ridge
bulk_to_interface,Ti64,,Ti64,700.0,-4.97995281,-4.33933811263017,-0.2175700860176496,-0.4230446113521809,-0.3828974272993228,-4.939805625947142,0.04014718405285844,0.04014718405285844,0.04014718405285811,0.04014718405285811,2,303000,1402,backbone_ridge
bulk_to_interface,Ti64,,Ti64,700.0,-4.97995281,-4.339416710333467,-0.2175700860176496,-0.4229660136488841,-0.3826444163721689,-4.939631212723285,0.04032159727671569,0.04032159727671569,0.04032159727671519,0.04032159727671519,3,304000,1403,backbone_ridge
bulk_to_interface,Ti64,,Ti64,700.0,-4.97995281,-4.339146998765803,-0.2175700860176496,-0.4232357252165478,-0.38280067788717315,-4.939517762670626,0.04043504732937464,0.04043504732937464,0.04043504732937464,0.04043504732937464,4,305000,1404,backbone_ridge
bulk_to_interface,Ti64,,Ti64,700.0,-4.97995281,-4.339194732834444,-0.2175700860176496,-0.4231879911479069,-0.3826120485536628,-4.939376867405755,0.04057594259424491,0.04057594259424491,0.040575942594244074,0.040575942594244074,5,306000,1405,backbone_ridge
bulk_to_interface,Ti64,,Ti64,700.0,-4.97995281,-4.339172012707532,-0.2175700860176496,-0.4232107112748183,-0.382997828122205,-4.939739926847387,0.04021288315261362,0.04021288315261362,0.04021288315261329,0.04021288315261329,6,307000,1406,backbone_ridge
bulk_to_interface,Ti64,,Ti64,700.0,-4.97995281,-4.339110394326153,-0.2175700860176496,-0.4232723296561979,-0.383043818843997,-4.939724299187799,0.04022851081220136,0.04022851081220136,0.04022851081220086,0.04022851081220086,7,308000,1407,backbone_ridge
bulk_to_interface,Ti64,,Ti64,700.0,-4.97995281,-4.339286540929347,-0.2175700860176496,-0.4230961830530036,-0.38281501884596414,-4.93967164579296,0.0402811642070402,0.0402811642070402,0.04028116420703948,0.04028116420703948,8,309000,1408,backbone_ridge
bulk_to_interface,Ti64,,Ti64,700.0,-4.97995281,-4.338806326332684,-0.2175700860176496,-0.4235763976496663,-0.38285461892943684,-4.93923103127977,0.040721778720230084,0.040721778720230084,0.04072177872022947,0.04072177872022947,9,310000,1409,backbone_ridge
bulk_to_interface,Ti64,,Ti64,700.0,-4.97995281,-4.339200396060606,-0.2175700860176496,-0.4231823279217451,-0.38255195541941156,-4.939322437497666,0.04063037250233403,0.04063037250233403,0.040630372502333534,0.040630372502333534,10,311000,1410,backbone_ridge
bulk_to_interface,Ti64,,Ti64,700.0,-4.97995281,-4.339700412211651,-0.2175700860176496,-0.4226823117706996,-0.38235854782861506,-4.939629046057916,0.04032376394208459,0.04032376394208459,0.040323763942084534,0.040323763942084534,11,312000,1411,backbone_ridge
bulk_to_interface,Ti64,,Ti64,700.0,-4.97995281,-4.33947135749021,-0.2175700860176496,-0.4229113664921403,-0.3823911234433005,-4.93943256695116,0.0405202430488405,0.0405202430488405,0.04052024304883978,0.04052024304883978,12,313000,1412,backbone_ridge
bulk_to_interface,Ti64,,Ti64,700.0,-4.97995281,-4.339016744066072,-0.2175700860176496,-0.4233659799162789,-0.3829485986080612,-4.939535428691782,0.04041738130821848,0.04041738130821848,0.040417381308217704,0.040417381308217704,13,314000,1413,backbone_ridge
bulk_to_interface,Ti64,,Ti64,700.0,-4.97995281,-4.339145795844645,-0.2175700860176496,-0.4232369281377061,-0.382367531457796,-4.93908341332009,0.040869396679910075,0.040869396679910075,0.040869396679910075,0.040869396679910075,14,315000,1414,backbone_ridge
bulk_to_interface,Ti64,,Ti64,700.0,-4.97995281,-4.339064072661072,-0.2175700860176496,-0.4233186513212784,-0.3824978414016893,-4.939132000080411,0.04082080991958925,0.04082080991958925,0.040820809919589085,0.040820809919589085,15,316000,1415,backbone_ridge
bulk_to_interface,Ti64,,Ti64,700.0,-4.97995281,-4.3392885216541615,-0.2175700860176496,-0.4230942023281893,-0.38240911557871704,-4.939267723250528,0.040685086749472354,0.040685086749472354,0.04068508674947224,0.04068508674947224,16,317000,1416,backbone_ridge
bulk_to_interface,Ti64,,Ti64,700.0,-4.97995281,-4.339312736839765,-0.2175700860176496,-0.4230699871425859,-0.3827494509035531,-4.939632273760967,0.04032053623903309,0.04032053623903309,0.04032053623903281,0.04032053623903281,17,318000,1417,backbone_ridge
bulk_to_interface,Ti64,,Ti64,700.0,-4.97995281,-4.3393184463340155,-0.2175700860176496,-0.4230642776483352,-0.3825696678758661,-4.939458200227531,0.04049460977246966,0.04049460977246966,0.0404946097724691,0.0404946097724691,18,319000,1418,backbone_ridge
bulk_to_interface,Ti64,,Ti64,700.0,-4.97995281,-4.339348207230386,-0.2175700860176496,-0.4230345167519648,-0.3825755798251274,-4.939493873073163,0.04045893692683755,0.04045893692683755,0.040458936926837386,0.040458936926837386,19,320000,1419,backbone_ridge
bulk_to_interface,Ti64,,Ti64,700.0,-4.97995281,-4.33904474662533,-0.2175700860176496,-0.4233379773570208,-0.3821271892631946,-4.938742021906174,0.04121078809382617,0.04121078809382617,0.04121078809382617,0.04121078809382617,20,321000,1420,backbone_ridge
bulk_to_interface,Ti64,,Ti64,700.0,-4.97995281,-4.339348345651789,-0.2175700860176496,-0.4230343783305615,-0.3822581768119236,-4.939176608481362,0.040776201518638366,0.040776201518638366,0.04077620151863792,0.04077620151863792,21,322000,1421,backbone_ridge
bulk_to_interface,Ti64,,Ti64,700.0,-4.97995281,-4.338828696890795,-0.2175700860176496,-0.4235540270915555,-0.38286394939196106,-4.9392627323004055,0.04069007769959487,0.04069007769959487,0.04069007769959443,0.04069007769959443,22,323000,1422,backbone_ridge
bulk_to_interface,Ti64,,Ti64,700.0,-4.97995281,-4.339426484519019,-0.2175700860176496,-0.4229562394633316,-0.382710833620054,-4.939707404156723,0.04024540584327774,0.04024540584327774,0.040245405843277626,0.040245405843277626,23,324000,1423,backbone_ridge
bulk_to_interface,Ti64,,Ti64,700.0,-4.97995281,-4.339383218226662,-0.2175700860176496,-0.4229995057556884,-0.38292456661243834,-4.9398778708567495,0.04007493914325089,0.04007493914325089,0.040074939143250055,0.040074939143250055,24,325000,1424,backbone_ridge
bulk_to_interface,Ti64,,Ti64,700.0,-4.97995281,-4.33886596268985,-0.2175700860176496,-0.4235167612925009,-0.38306471407790904,-4.939500762785408,0.04045204721459239,0.04045204721459239,0.040452047214591835,0.040452047214591835,25,326000,1425,backbone_ridge
bulk_to_interface,Ti64,,Ti64,700.0,-4.97995281,-4.338892873964819,-0.2175700860176496,-0.4234898500175316,-0.3828172229382355,-4.939280182920704,0.04067262707929675,0.04067262707929675,0.040672627079296086,0.040672627079296086,26,327000,1426,backbone_ridge
bulk_to_interface,Ti64,,Ti64,700.0,-4.97995281,-4.339012430657616,-0.2175700860176496,-0.4233702933247351,-0.3824638669939225,-4.939046383669187,0.040906426330812984,0.040906426330812984,0.040906426330812595,0.040906426330812595,27,328000,1427,backbone_ridge
bulk_to_interface,Ti64,,Ti64,700.0,-4.97995281,-4.33897077881316,-0.2175700860176496,-0.4234119451691903,-0.38220360994235325,-4.938744474773163,0.041208335226837534,0.041208335226837534,0.041208335226837034,0.041208335226837034,28,329000,1428,backbone_ridge
bulk_to_interface,Ti64,,Ti64,700.0,-4.97995281,-4.339322399227592,-0.2175700860176496,-0.4230603247547583,-0.3825926629638731,-4.939485148209115,0.04046766179088568,0.04046766179088568,0.04046766179088518,0.04046766179088518,29,330000,1429,backbone_ridge
bulk_to_interface,Ti64,,Ti64,700.0,-4.97995281,-4.339065364833571,-0.2175700860176496,-0.4233173591487796,-0.38231583858541424,-4.938951289436635,0.04100152056336537,0.04100152056336537,0.04100152056336537,0.04100152056336537,30,331000,1430,backbone_ridge
bulk_to_interface,Ti64,,Ti64,700.0,-4.97995281,-4.339089384291732,-0.2175700860176496,-0.4232933396906185,-0.38256484356686205,-4.9392243138762435,0.04072849612375684,0.04072849612375684,0.04072849612375645,0.04072849612375645,31,332000,1431,backbone_ridge
bulk_to_interface,Ti64,,Ti64,700.0,-4.97995281,-4.339117295724277,-0.2175700860176496,-0.4232654282580738,-0.38255762644020197,-4.939245008182128,0.040707801817871925,0.040707801817871925,0.040707801817871814,0.040707801817871814,32,333000,1432,backbone_ridge
bulk_to_interface,Ti64,,Ti64,700.0,-4.97995281,-4.339316915215111,-0.2175700860176496,-0.4230658087672397,-0.3823626161436554,-4.939249617376416,0.04070319262358435,0.04070319262358435,0.040703192623584294,0.040703192623584294,33,334000,1433,backbone_ridge
bulk_to_interface,Ti64,,Ti64,700.0,-4.97995281,-4.338830912451924,-0.2175700860176496,-0.4235518115304263,-0.3823248315122179,-4.9387258299817915,0.04122698001820879,0.04122698001820879,0.0412269800182084,0.0412269800182084,34,335000,1434,backbone_ridge
bulk_to_interface,Ti64,,Ti64,700.0,-4.97995281,-4.338645318630563,-0.2175700860176496,-0.4237374053517874,-0.38284093979707035,-4.939056344445283,0.04089646555471749,0.04089646555471749,0.04089646555471704,0.04089646555471704,35,336000,1435,backbone_ridge
bulk_to_interface,Ti64,,Ti64,700.0,-4.97995281,-4.339201711513192,-0.2175700860176496,-0.4231810124691592,-0.3828666304630182,-4.939638427993859,0.0403143820061409,0.0403143820061409,0.04031438200614096,0.04031438200614096,36,337000,1436,backbone_ridge
bulk_to_interface,Ti64,,Ti64,700.0,-4.97995281,-4.339652961772605,-0.2175700860176496,-0.422729762209746,-0.3826335071163114,-4.939856554906566,0.04009625509343451,0.04009625509343451,0.04009625509343462,0.04009625509343462,37,338000,1437,backbone_ridge
bulk_to_interface,Ti64,,Ti64,700.0,-4.97995281,-4.339478699465538,-0.2175700860176496,-0.4229040245168131,-0.38249002195591253,-4.939538807439099,0.040414002560901,0.040414002560901,0.04041400256090055,0.04041400256090055,38,339000,1438,backbone_ridge
bulk_to_interface,Ti64,,Ti64,700.0,-4.97995281,-4.338924675500242,-0.2175700860176496,-0.4234580484821088,-0.38292962785877827,-4.939424389376669,0.04052842062333095,0.04052842062333095,0.04052842062333051,0.04052842062333051,39,340000,1439,backbone_ridge
bulk_to_interface,Ti64,,Ti64,700.0,-4.97995281,-4.33959043053692,-0.2175700860176496,-0.4227922934454305,-0.38183741681575833,-4.938997933370327,0.04095487662967301,0.04095487662967301,0.04095487662967218,0.04095487662967218,40,341000,1440,backbone_ridge
bulk_to_interface,Ti64,,Ti64,700.0,-4.97995281,-4.339365867917274,-0.2175700860176496,-0.4230168560650768,-0.3822189907106888,-4.939154944645612,0.04079786535438856,0.04079786535438856,0.04079786535438795,0.04079786535438795,41,342000,1441,backbone_ridge
bulk_to_interface,Ti64,,Ti64,700.0,-4.97995281,-4.339090168361218,-0.2175700860176496,-0.4232925556211327,-0.38261526942826063,-4.939275523807128,0.040677286192872586,0.040677286192872586,0.040677286192872086,0.040677286192872086,42,343000,1442,backbone_ridge
bulk_to_interface,Ti64,,Ti64,700.0,-4.97995281,-4.339665369815821,-0.2175700860176496,-0.42271735416653,-0.38226267594582747,-4.939498131779297,0.040454678220703144,0.040454678220703144,0.040454678220702533,0.040454678220702533,43,344000,1443,backbone_ridge
bulk_to_interface,Ti64,,Ti64,700.0,-4.97995281,-4.339206401425805,-0.2175700860176496,-0.4231763225565453,-0.3823427065432648,-4.93911919398672,0.040833616013280505,0.040833616013280505,0.040833616013280505,0.040833616013280505,44,345000,1444,backbone_ridge
bulk_to_interface,Ti64,,Ti64,700.0,-4.97995281,-4.339224393864507,-0.2175700860176496,-0.4231583301178437,-0.38210052299495645,-4.938895002877112,0.04105780712288798,0.04105780712288798,0.04105780712288726,0.04105780712288726,45,346000,1445,backbone_ridge
bulk_to_interface,Ti64,,Ti64,700.0,-4.97995281,-4.339519451117138,-0.2175700860176496,-0.4228632728652123,-0.38218290459394094,-4.939272441728729,0.040680368271271306,0.040680368271271306,0.04068036827127136,0.04068036827127136,46,347000,1446,backbone_ridge
bulk_to_interface,Ti64,,Ti64,700.0,-4.97995281,-4.3394337555805045,-0.2175700860176496,-0.4229489684018462,-0.38197013881785286,-4.938973980416007,0.04097882958399346,0.04097882958399346,0.04097882958399335,0.04097882958399335,47,348000,1447,backbone_ridge
bulk_to_interface,Ti64,,Ti64,700.0,-4.97995281,-4.338975071278561,-0.2175700860176496,-0.4234076527037894,-0.38224395527578714,-4.938789112571998,0.04116369742800252,0.04116369742800252,0.041163697428002244,0.041163697428002244,48,349000,1448,backbone_ridge
bulk_to_interface,Ti64,,Ti64,700.0,-4.97995281,-4.3390155476904955,-0.2175700860176496,-0.4233671762918553,-0.38222456138591915,-4.938810195094064,0.041142614905936625,0.041142614905936625,0.041142614905936126,0.041142614905936126,49,350000,1449,backbone_ridge
bulk_to_interface,Ti64,,Ti64,700.0,-4.97995281,-4.339400691184977,-0.2175700860176496,-0.4229820327973735,-0.38230451378045516,-4.9392752909830815,0.04067751901691885,0.04067751901691885,0.04067751901691835,0.04067751901691835,50,351000,1450,backbone_ridge
bulk_to_interface,Ti64,,Ti64,700.0,-4.97995281,-4.339143315672992,-0.2175700860176496,-0.423239408309359,-0.38252426195542744,-4.939237663646068,0.04071514635393214,0.04071514635393214,0.040715146353931586,0.040715146353931586,51,352000,1451,backbone_ridge
bulk_to_interface,Ti64,,Ti64,700.0,-4.97995281,-4.339029822313802,-0.2175700860176496,-0.4233529016685488,-0.38231167419037765,-4.938911582521829,0.041041227478171294,0.041041227478171294,0.04104122747817113,0.04104122747817113,52,353000,1452,backbone_ridge
bulk_to_interface,Ti64,,Ti64,700.0,-4.97995281,-4.3393265863134705,-0.2175700860176496,-0.4230561376688803,-0.38236592642761436,-4.939262598758734,0.04069021124126593,0.04069021124126593,0.04069021124126593,0.04069021124126593,53,354000,1453,backbone_ridge
bulk_to_interface,Ti64,,Ti64,700.0,-4.97995281,-4.3385440011774055,-0.2175700860176496,-0.4238387228049453,-0.38263546023801714,-4.938749547433072,0.04120326256692852,0.04120326256692852,0.041203262566928134,0.041203262566928134,54,355000,1454,backbone_ridge
bulk_to_interface,Ti64,,Ti64,700.0,-4.97995281,-4.339516283360008,-0.2175700860176496,-0.4228664406223427,-0.38288649414304426,-4.939972863520701,0.039979946479299144,0.039979946479299144,0.03997994647929842,0.03997994647929842,55,356000,1455,backbone_ridge
bulk_to_interface,Ti64,,Ti64,700.0,-4.97995281,-4.339175334519682,-0.2175700860176496,-0.4232073894626685,-0.3827959020039944,-4.939541322541325,0.040411487458674955,0.040411487458674955,0.04041148745867412,0.04041148745867412,56,357000,1456,backbone_ridge
bulk_to_interface,Ti64,,Ti64,700.0,-4.97995281,-4.338510028805302,-0.2175700860176496,-0.4238726951770492,-0.382870829463561,-4.938950944286512,0.04100186571348807,0.04100186571348807,0.041001865713488184,0.041001865713488184,57,358000,1457,backbone_ridge
bulk_to_interface,Ti64,,Ti64,700.0,-4.97995281,-4.33937865879452,-0.2175700860176496,-0.4230040651878305,-0.3825859800982161,-4.939534724910386,0.04041808508961431,0.04041808508961431,0.04041808508961442,0.04041808508961442,58,359000,1458,backbone_ridge
bulk_to_interface,Ti64,,Ti64,700.0,-4.97995281,-4.339276322263739,-0.2175700860176496,-0.4231064017186116,-0.38249684186322025,-4.939343250144609,0.040609559855391275,0.040609559855391275,0.04060955985539133,0.04060955985539133,59,360000,1459,backbone_ridge
bulk_to_interface,Ti64,,Ti64,700.0,-4.97995281,-4.339392058811598,-0.2175700860176496,-0.4229906651707523,-0.38292668254276097,-4.939888827372009,0.04006398262799138,0.04006398262799138,0.040063982627991324,0.040063982627991324,60,361000,1460,backbone_ridge
bulk_to_interface,Ti64,,Ti64,700.0,-4.97995281,-4.338540302801595,-0.2175700860176496,-0.4238424211807553,-0.3825278035135993,-4.938638192332844,0.041314617667156384,0.041314617667156384,0.04131461766715605,0.04131461766715605,61,362000,1461,backbone_ridge
bulk_to_interface,Ti64,,Ti64,700.0,-4.97995281,-4.3390632768573365,-0.2175700860176496,-0.4233194471250142,-0.38283112770041605,-4.939464490575402,0.04048831942459863,0.04048831942459863,0.04048831942459813,0.04048831942459813,62,363000,1462,backbone_ridge
bulk_to_interface,Ti64,,Ti64,700.0,-4.97995281,-4.339258914408344,-0.2175700860176496,-0.4231238095740069,-0.3824172763034304,-4.939246276729423,0.04070653327057716,0.04070653327057716,0.040706533270576495,0.040706533270576495,63,364000,1463,backbone_ridge
bulk_to_interface,Ti64,,Ti64,700.0,-4.97995281,-4.339322359937309,-0.2175700860176496,-0.4230603640450413,-0.38252898089769355,-4.939421426852652,0.040531383147348166,0.040531383147348166,0.04053138314734778,0.04053138314734778,64,365000,1464,backbone_ridge
bulk_to_interface,Ti64,,Ti64,700.0,-4.97995281,-4.339269544335799,-0.2175700860176496,-0.4231131796465514,-0.38251264617687425,-4.939352276530323,0.040600533469677735,0.040600533469677735,0.040600533469677125,0.040600533469677125,65,366000,1465,backbone_ridge
bulk_to_interface,Ti64,,Ti64,700.0,-4.97995281,-4.339585486078816,-0.2175700860176496,-0.4227972379035348,-0.3823744085095332,-4.9395299806059985,0.04042282939400188,0.04042282939400188,0.0404228293940016,0.0404228293940016,66,367000,1466,backbone_ridge
bulk_to_interface,Ti64,,Ti64,700.0,-4.97995281,-4.33957842711682,-0.2175700860176496,-0.4228042968655311,-0.38275587907321257,-4.939904392207682,0.0400484177923186,0.0400484177923186,0.04004841779231855,0.04004841779231855,67,368000,1467,backbone_ridge
bulk_to_interface,Ti64,,Ti64,700.0,-4.97995281,-4.339212595899013,-0.2175700860176496,-0.4231701280833381,-0.38311753567232254,-4.939900217588985,0.04005259241101555,0.04005259241101555,0.04005259241101555,0.04005259241101555,68,369000,1468,backbone_ridge
bulk_to_interface,Ti64,,Ti64,700.0,-4.97995281,-4.338987239497784,-0.2175700860176496,-0.423395484484567,-0.38255001988166476,-4.9391073453970975,0.04084546460290284,0.04084546460290284,0.040845464602902226,0.040845464602902226,69,370000,1469,backbone_ridge
bulk_to_interface,Ti64,,Ti64,700.0,-4.97995281,-4.338792349539193,-0.2175700860176496,-0.4235903744431578,-0.382890815434915,-4.939253250991757,0.04069955900824329,0.04069955900824329,0.04069955900824279,0.04069955900824279,70,371000,1470,backbone_ridge
bulk_to_interface,Ti64,,Ti64,700.0,-4.97995281,-4.339145112948382,-0.2175700860176496,-0.4232376110339692,-0.38272217416557247,-4.939437373131604,0.04051543686839665,0.04051543686839665,0.040515436868396704,0.040515436868396704,71,372000,1471,backbone_ridge
bulk_to_interface,Ti64,,Ti64,700.0,-4.97995281,-4.339318837837609,-0.2175700860176496,-0.4230638861447421,-0.38218531909868986,-4.939074242953947,0.04087856704605297,0.04087856704605297,0.04087856704605225,0.04087856704605225,72,373000,1472,backbone_ridge
bulk_to_interface,Ti64,,Ti64,700.0,-4.97995281,-4.339311952954381,-0.2175700860176496,-0.4230707710279701,-0.3823772908906347,-4.939259329862665,0.040693480137335314,0.040693480137335314,0.04069348013733537,0.04069348013733537,73,374000,1473,backbone_ridge
bulk_to_interface,Ti64,,Ti64,700.0,-4.97995281,-4.3392534746906275,-0.2175700860176496,-0.4231292492917232,-0.3820876033870724,-4.938911164095349,0.041041645904651425,0.041041645904651425,0.04104164590465076,0.04104164590465076,74,375000,1474,backbone_ridge
bulk_to_interface,Ti64,,Ti64,700.0,-4.97995281,-4.338903690321199,-0.2175700860176496,-0.4234790336611521,-0.3826256841894351,-4.939099460528283,0.04085334947171759,0.04085334947171759,0.04085334947171698,0.04085334947171698,75,376000,1475,backbone_ridge
bulk_to_interface,Ti64,,Ti64,700.0,-4.97995281,-4.3390457029335545,-0.2175700860176496,-0.4233370210487962,-0.38239518098263797,-4.939010969933841,0.040941840066158974,0.040941840066158974,0.04094184006615825,0.04094184006615825,76,377000,1476,backbone_ridge
bulk_to_interface,Ti64,,Ti64,700.0,-4.97995281,-4.339363176058205,-0.2175700860176496,-0.4230195479241457,-0.382282665653773,-4.939215927729627,0.04073688227037309,0.04073688227037309,0.0407368822703727,0.0407368822703727,77,378000,1477,backbone_ridge
bulk_to_interface,Ti64,,Ti64,700.0,-4.97995281,-4.3393618578306095,-0.2175700860176496,-0.4230208661517413,-0.38275046486537007,-4.939682408713629,0.040270401286371715,0.040270401286371715,0.040270401286371216,0.040270401286371216,78,379000,1478,backbone_ridge
bulk_to_interface,Ti64,,Ti64,700.0,-4.97995281,-4.33944287727689,-0.2175700860176496,-0.4229398467054605,-0.3825667502582972,-4.9395797135528365,0.0403730964471638,0.0403730964471638,0.040373096447163304,0.040373096447163304,79,380000,1479,backbone_ridge
bulk_to_interface,Ti64,,Ti64,700.0,-4.97995281,-4.339100290653134,-0.2175700860176496,-0.423282433329217,-0.38294379774991766,-4.939614174420701,0.04033863557929962,0.04033863557929962,0.04033863557929934,0.04033863557929934,80,381000,1480,backbone_ridge
bulk_to_interface,Ti64,,Ti64,700.0,-4.97995281,-4.339025274849377,-0.2175700860176496,-0.4233574491329733,-0.38316537408169893,-4.939760734948726,0.040192075051274756,0.040192075051274756,0.04019207505127437,0.04019207505127437,81,382000,1481,backbone_ridge
bulk_to_interface,Ti64,,Ti64,700.0,-4.97995281,-4.33909891538465,-0.2175700860176496,-0.423283808597701,-0.382555330521636,-4.939224331923935,0.0407284780760655,0.0407284780760655,0.040728478076065,0.040728478076065,82,383000,1482,backbone_ridge
bulk_to_interface,Ti64,,Ti64,700.0,-4.97995281,-4.339615224164644,-0.2175700860176496,-0.4227674998177063,-0.382458354482276,-4.93964366466457,0.04030914533543051,0.04030914533543051,0.040309145335430285,0.040309145335430285,83,384000,1483,backbone_ridge
bulk_to_interface,Ti64,,Ti64,700.0,-4.97995281,-4.339234271571302,-0.2175700860176496,-0.423148452411049,-0.3824904917576025,-4.939294849346553,0.040657960653446956,0.040657960653446956,0.04065796065344646,0.04065796065344646,84,385000,1484,backbone_ridge
bulk_to_interface,Ti64,,Ti64,700.0,-4.97995281,-4.339050293462229,-0.2175700860176496,-0.4233324305201217,-0.3827390526662917,-4.93935943214617,0.040593377853830326,0.040593377853830326,0.04059337785382999,0.04059337785382999,85,386000,1485,backbone_ridge
bulk_to_interface,Ti64,,Ti64,700.0,-4.97995281,-4.339585527714917,-0.2175700860176496,-0.422797196267434,-0.38241594149977387,-4.93957155523234,0.0403812547676603,0.0403812547676603,0.040381254767660135,0.040381254767660135,86,387000,1486,backbone_ridge
bulk_to_interface,Ti64,,Ti64,700.0,-4.97995281,-4.339263021614718,-0.2175700860176496,-0.4231197023676328,-0.38292522155854486,-4.939758329190912,0.04019448080908816,0.04019448080908816,0.04019448080908794,0.04019448080908794,87,388000,1487,backbone_ridge
bulk_to_interface,Ti64,,Ti64,700.0,-4.97995281,-4.339427081125133,-0.2175700860176496,-0.4229556428572177,-0.38232896379112014,-4.939326130933902,0.04062667906609807,0.04062667906609807,0.04062667906609757,0.04062667906609757,88,389000,1488,backbone_ridge
bulk_to_interface,Ti64,,Ti64,700.0,-4.97995281,-4.339136051827855,-0.2175700860176496,-0.4232466721544959,-0.3824768003886871,-4.939182938234191,0.04076987176580893,0.04076987176580893,0.04076987176580882,0.04076987176580882,89,390000,1489,backbone_ridge
bulk_to_interface,Ti64,,Ti64,700.0,-4.97995281,-4.339092533489974,-0.2175700860176496,-0.4232901904923768,-0.38256394367377583,-4.939226563181399,0.040726246818601375,0.040726246818601375,0.040726246818600986,0.040726246818600986,90,391000,1490,backbone_ridge
bulk_to_interface,Ti64,,Ti64,700.0,-4.97995281,-4.339746109915792,-0.2175700860176496,-0.4226366140665588,-0.382584095269708,-4.939900291203149,0.04005251879685101,0.04005251879685101,0.04005251879685079,0.04005251879685079,91,392000,1491,backbone_ridge
bulk_to_interface,Ti64,,Ti64,700.0,-4.97995281,-4.339453824347157,-0.2175700860176496,-0.4229288996351933,-0.38261042818177554,-4.939634338546583,0.040318471453417715,0.040318471453417715,0.04031847145341777,0.04031847145341777,92,393000,1492,backbone_ridge
bulk_to_interface,Ti64,,Ti64,700.0,-4.97995281,-4.339066348892513,-0.2175700860176496,-0.4233163750898377,-0.38288650458724793,-4.93952293949741,0.040429870502590504,0.040429870502590504,0.04042987050258978,0.04042987050258978,93,394000,1493,backbone_ridge
bulk_to_interface,Ti64,,Ti64,700.0,-4.97995281,-4.339432523838973,-0.2175700860176496,-0.4229502001433781,-0.3826663242991654,-4.939668934155788,0.04028387584421278,0.04028387584421278,0.04028387584421267,0.04028387584421267,94,395000,1494,backbone_ridge
bulk_to_interface,Ti64,,Ti64,700.0,-4.97995281,-4.339388337774061,-0.2175700860176496,-0.42299438620829,-0.38229504629472627,-4.939253470086436,0.040699339913564,0.040699339913564,0.040699339913563726,0.040699339913563726,95,396000,1495,backbone_ridge
bulk_to_interface,Ti64,,Ti64,700.0,-4.97995281,-4.339077994516817,-0.2175700860176496,-0.4233047294655337,-0.3825663027936179,-4.939214383328084,0.04073842667191663,0.04073842667191663,0.040738426671915795,0.040738426671915795,96,397000,1496,backbone_ridge
bulk_to_interface,Ti64,,Ti64,700.0,-4.97995281,-4.339383016144334,-0.2175700860176496,-0.4229997078380171,-0.38276990976100167,-4.939723011922984,0.0402297980770161,0.0402297980770161,0.04022979807701543,0.04022979807701543,97,398000,1497,backbone_ridge
bulk_to_interface,Ti64,,Ti64,700.0,-4.97995281,-4.339079516539501,-0.2175700860176496,-0.4233032074428499,-0.38300400895087533,-4.939653611508025,0.04029919849197494,0.04029919849197494,0.04029919849197455,0.04029919849197455,98,399000,1498,backbone_ridge
bulk_to_interface,Ti64,,Ti64,700.0,-4.97995281,-4.33930868718616,-0.2175700860176496,-0.4230740367961904,-0.3827623575244381,-4.939641130728248,0.04031167927175261,0.04031167927175261,0.040311679271752276,0.040311679271752276,99,400000,1499,backbone_ridge
